drug_name,form,indication,prescription_raw,method
乙肝扶正胶囊,胶囊剂,补肝肾，益气活血。用于乙型肝炎，辨证属于肝肾两虚证候，临床表现为：肝区隐痛不适，全身乏力，腰膝酸软，气短心悸，自汗，头晕，纳少，舌淡，脉弱,何首乌15g、虎杖25g、贯众50g、肉桂5g、明矾10g、石榴皮6g、当归10g、丹参15g、沙苑子10g、人参10g、麻黄6g,以上十一味，当归、肉桂、丹参、明矾粉碎为细粉，其余何首乌等 6 味，加水煎煮 2 次，第一次 3 小时，第二次 2 小时，合并煎液，滤过，滤液浓缩成稠膏，加入上述粉末，混匀，于 70～80℃干燥，粉碎成细粉，过筛，装胶囊，即得
乙肝解毒胶囊,胶囊剂,清热解毒，疏肝利胆。用于乙型肝炎，辨证属于肝胆湿热内蕴者。临床表现为：肝区热痛，全身乏力，口苦咽干，头晕耳鸣或面红耳赤，心烦易怒，大便干结，小便少而黄，舌苔黄腻，脉滑数或弦数,黄柏10g、草河车10g、黄芩10g、大黄10g、胡黄连10g、土茯苓15g、黑矾10g、贯众50g,以上八味，土茯苓、黑矾粉碎成细粉，其余黄柏等六味，加水煎煮两次，第一次 3 小时，第二次 2 小时，合并煎液，滤过，滤液浓缩成稠膏，加入上述粉末，混匀，于 80℃干燥，粉碎成细粉，过筛，装胶囊，即得
二母宁嗽丸,丸剂,清肺润燥，化痰止咳。用于燥热蕴肺，痰黄而粘不易咳出，胸闷气促，久咳不止，声哑喉痛,川贝母225g、知母225g、石膏300g、栀子(炒)180g、黄芩180g、桑白皮(蜜炙)150g、茯苓150g、瓜萎子(炒)150g、陈皮150g、枳实(麸炒)150g、甘草(蜜炙)30g、五味子(蒸)30g,以上十二味，粉碎成细粉，过筛，混匀。每 100g 粉末加炼蜜 115～135g 制成大蜜丸，即得
二益丸,丸剂,调经止带，温暖子宫。用于经脉不调，行经腹痛，瘀血痨症，下元虚寒，腰膝酸痛，赤白带下,肉豆蔻(煨)100g、山奈100g、砂仁(盐水炒)100g、海螵蛸100g、附子(黑顺片)100g、橘红100g、蛇床子(盐水炒)100g、木香100g、甘草(蜜制)100g、白芷500g、龙骨(煅)100g、肉桂150g、吴茱萸(盐水炒)100g、当归(酒浸)300g、花椒(微炒)100g、丁香50g、细辛100g、母丁香50g、檀香100g、豆蔻50g、枯矾100g、朱砂100g,以上二十二味，除朱砂外，其余二十一味粉碎成细粉，过筛，混匀。朱砂水飞或粉碎成极细粉与上述粉末配研，过筛。每 100g 药粉加炼蜜 120～130g，制成蜜丸，即得
十二温经丸,丸剂,温经散寒，养血祛瘀。用于冲任虚寒，瘀血阻滞，月经不调，或先或后、或多或少，小腹冷痛以及宫寒不孕,吴茱萸90g、当归60g、川芎(酒制)60g、白芍60g、阿胶珠60g、肉桂60g、牡丹皮60g、生姜15g、党参60g、半夏(制)90g、麦冬120g、甘草(蜜炙)60g,以上十二味，粉碎成细粉，过筛，混匀。每 100g 粉末加炼蜜 50g 与适量的水，泛丸，低温干燥，即得
十珍香附丸,丸剂,补气养血，和营调经。用于血虚气滞，月经不调,香附(醋炒)215g、艾叶(炭)40g、党参30g、甘草(蜜炙)20g、当归60g、川芎60g、白芍(炒)60g、熟地黄60g、黄芪(蜜炙)60g、白术(麸炒)60g,以上十味，粉碎成细粉，过筛，混匀。每 100g 粉末加炼蜜 105～120g，制成大蜜丸，即得
丁蔻理中丸,丸剂,温中散寒，补脾健胃。用于脾胃虚寒，脘腹挛痛，呕吐泄泻，消化不良,丁香 100g 豆蔻 100g 党参 300g 白术(炒) 300g 干姜 300g 甘草(蜜炙) 300g,以上六味，粉碎成细粉，过筛，混匀，用水泛丸，干燥，即得
七宝美髯丸,丸剂,补肝肾，益精血。用于肝肾两虚，须发早白，牙齿摇动，遗精盗汗，腰酸带下，筋骨痿弱，腰腿酸软，带下清稀,制何首乌 512g 当归 128g 补骨脂（盐水炙） 64g 构杞子 128g 菟丝子 128g 茯苓 128g 牛膝 128g,以上七味，粉碎成细粉，过筛，混匀。每 100g 粉末加炼蜜 100～120g，制成大蜜丸，即得
七味都气丸,丸剂,补肾纳气，涩精止遗。用于虚不能纳气之喘促，或久咳而咽干气短，遗精盗汗，小便频数,五味子(制) 150g 山茱萸(制) 200g 茯苓 150g 牡丹皮 150g 熟地黄 400g 山药 200g 泽泻 150g,以上七味，粉碎成细粉，过筛，混匀。每 100g 粉末加炼蜜 30g 与适量的水，泛丸，干燥，即得
人参固本丸,丸剂,滋阴益气，固本培元。用于阴虚气弱，虚劳，咳嗽，心悸气短，骨蒸潮热，腰酸耳鸣，遗精盗汗，大便干燥,人参75g、地黄150g、熟地黄150g、山茱萸(酒炙)150g、山药300g、泽泻150g、牡丹皮150g、茯苓150g、麦冬150g、天冬150g,以上十味，粉碎成细粉，过筛，混匀。每 100g 粉末加炼蜜 80～100g，制成大蜜丸，即得
人参健脾丸,丸剂,健脾益气，消食和胃。用于脾胃虚弱，消化不良，食欲不振，脘胀呕恶，腹痛便溏，小儿疳积,人参25g、白术(麸炒)50g、甘草25g、山药75g、莲子50g、白扁豆50g、木香18.8g、草豆蔻25g、陈皮50g、青皮(醋炙)50g、六神曲(麸炒)50g、谷芽(炒)50g、山楂(炒)50g、芡实(麸炒)50g、薏苡仁(麸炒)100g、当归50g、枳壳(麸炒)25g,以上十七味，粉碎成细粉，过筛，混匀。每 100g 粉末加炼蜜 110～130g，制成大蜜丸，即得
儿童清肺丸,丸剂,清肺，化痰，止嗽。用于小儿肺经痰热，外感风寒引起的面赤身热，咳嗽气促，痰多粘稠，咽痛声哑,麻黄10g、苦杏仁(炒)20g、石膏40g、甘草10g、桑白皮(蜜炙)30g、瓜萎皮30g、黄芩40g、板蓝根40g、橘红30g、法半夏30g、紫苏子(炒)20g、葶苈子10g、浙贝母40g、紫苏叶20g、细辛8g、薄荷30g、枇杷叶(蜜炙)40g、白前30g、前胡20g、石菖蒲30g、天花粉30g、青磁石(煅)10g,以上二十二味，粉碎成细粉，过筛，混匀。每 100g 药粉末加炼蜜 170～180g，制成蜜丸，即得
儿童清热导滞丸,丸剂,健胃导滞，消积化虫。用于小儿蓄乳宿食引起：胸膈满闷，积聚痞块，虫积腹痛，面黄肌瘦，消化不良，燥烦口渴，不思饮食,鸡内金(醋制)120g、莪术(醋制)90g、厚朴(姜制)90g、枳实90g、山楂(焦)60g、青皮(醋制)90g、半夏(制)60g、六神曲(焦)60g、麦芽(焦)60g、槟榔(焦)120g、栀子90g、使君子(仁)120g、胡黄连60g、苦栋皮90g、知母120g、青蒿60g、黄芩(酒制)120g、薄荷60g、钩藤90g、车前子(盐制)120g,以上二十味，粉碎成细粉，过筛，混匀。每 100g 粉末加炼蜜 115～125g，制成大蜜丸，即得
三黄膏,膏剂,清热解毒，消肿止痛。用于痈疡肿毒，红热掀痛，烫火烧伤,黄柏 300g 栀子 150g 黄芩 300g 黄连 120g,以上四味，碎断，与食用植物油 4800g 同置锅内炸枯，去渣，滤过，油液炼至滴水成珠。另取红丹 180g，加入油内，搅匀，再加蜂蜡 600g 与松香 150g 熔化，搅匀，即得
三蛇药酒,酒剂,祛风除湿，通经活络。用于风寒湿痹，手足麻木，筋骨疼痛，腰膝无力等症,乌梢蛇（鲜，去头、内脏及皮）1000g、银环蛇（鲜，去头、内脏及皮）500g、眼镜蛇（鲜，去头、内脏及皮）500g、大血藤 75g、杜仲 100g、山木通 50g、草乌（制）50g、威灵仙 200g、川乌（制）50g、南沙参100g、陈皮50g、寻风骨100g、独活100g、川木香50g、牛膝 50g、香加皮 100g、当归100g、石南藤 100g、黄精（制）200g、南蛇藤 200g、乌药50g、石菖蒲100g、白芷50g、伸筋草140g、川穹50g、桑寄生50g、桂枝 100g、锁阳 150g、甘草 80g、大枣200g,以上三十味，将三种蛇置容器内，加白酒 10kg，密封，浸泡半年以上，每月搅拌一次。其余大血藤等二十七味碎断，加白酒 10kg，密封，浸泡一个月以上，上述二浸液分别滤过，合并滤液。另取蔗糖、蜂蜜各 3.5kg，红糖 2kg 制成糖浆，待温，加入滤液内，搅匀，静置，滤过，再加白酒适量，制成约 50kg，即得
万灵筋骨膏,膏剂,散风活血、舒筋定痛。用于风寒湿邪，伤于筋骨，关节疼痛，四肢麻木，行动艰难,生川乌35g、生草乌35g、独活27g、羌活24g、麻黄27g、防风24g、当归51g、莪术35g、三棱35g、香附24g、土鳖虫24g、木鳖子35g、蓖麻子35g、大黄24g、五倍子24g、牵牛子24g、红大戟27g、芫花24g、甘遂24g、巴豆27g、猪牙皂27g、柳枝543g、肉桂120g,以上二十三味，除肉桂粉碎成细粉外，生川乌等二十二味，酌予碎断，用芝麻油 7300g 同置锅内炸枯，去渣，滤过，油液炼至滴水成珠。每 150g 炼油加入红丹 500g，收膏，将膏浸泡于水中。取膏 8000g 用文火熔化，将肉桂粉加入搅匀，分摊于布上，即得
口腔溃疡散,散剂,消溃止痛。用于复发性口腔溃疡，疱疹性口腔溃疡,青黛 240g 白矾 240g 冰片 24g,以上三味，分别研成细粉，过筛，混匀，即得
山药丸,丸剂,祛风通络，强筋壮骨。用于痹症，筋骨痿软，关节不利，跌打损伤，瘀血作痛,山药45g、杜仲(炒炭)21g、牛膝30g、甘草105g、木香9g、乳香(醋炙)12g、没药(醋炙)12g、千年健9g、自然铜(煅醋淬)30g、羌活9g、地枫皮9g、红花9g、防风9g、续断21g、柴胡12g、狗脊(沙烫)30g、麻黄60g、马钱子粉120g,以上十八味，除马钱子粉外，山药等十七味，粉碎成细粉，过筛，混匀，与马钱子粉配研，过筛，混匀。每 100g 粉末加炼蜜 150～170g，制成大蜜丸，即得
千金化痰丸,丸剂,清化痰热，行气。用于痰热内结，咳痰黄稠或眩晕，痰核流注，便秘,枳实30g、白术(麸炒)75g、陈皮87g、法半夏120g、茯苓75g、甘草9g、胆南星(酒炙)120g、白附子(矾炙)75g、浮海石(煅)75g、防风75g、当归30g、天麻75g、知母30g、天花粉30g、黄芩75g、黄柏30g、熟大黄150g,以上十七味，粉碎成细粉，过筛，混匀，用水泛丸，干燥，即得
川芎茶调丸,丸剂,疏风止痛。用于风寒头痛，恶寒发热,川芎 120g 白芷 60g 羌活 60g 细辛 30g 防风 45g 荆芥 120g 薄荷 240g 甘草 60g,以上八味，粉碎成细粉，过筛，混匀。用水泛丸，低温干燥，即得
小儿牛黄散,散剂,清热镇惊，散风化痰。用于小儿食滞内热引起咳嗽身烧，呕吐痰涎，烦躁起急，睡卧不安，惊风抽搐，神志昏迷，大便燥结,钩藤120g、僵蚕（麸炒）30g、天麻120g、全蝎30g、黄连30g、大黄30g、胆南星（酒炙）30g、浙贝母30g、天竺黄30g、半夏（制）30g、橘红120g、滑石120g、人工牛黄6g、朱砂10g、麝香1.5g、冰片6g,以上十六味，除朱砂外，人工牛黄、麝香、冰片分别研成细粉；其余钩藤等十二味碎粉成细粉，过筛，混匀，与上述朱砂等四味细粉配研，过筛，混匀，即得
小儿百寿丸,丸剂,疏风化痰，清热镇惊。用于小儿外感风热，内停痰食，发热头痛，厌食嗳气，咳嗽痰多，以及痰热惊风,钩藤45g、僵蚕（麸炒）45g、胆南星（酒炙）75g、天竺黄75g、桔梗30g、木香75g、砂仁45g、陈皮75g、苍术（米泔炙）75g、茯苓30g、山楂（炒）150g、六神曲（麸炒）45g、麦芽（炒）45g、薄荷45g、滑石150g、甘草30g、朱砂10g、人工牛黄10g,以上十八味，除将人工牛黄研细、朱砂水飞或粉碎成极细粉外；钩藤等十六味粉碎成细粉与上述粉末配研，过筛，混匀。每 100g 粉末加炼蜜 100～120g，制成大蜜丸，即得
小儿回春丸,丸剂,熄风镇惊，化痰开窍。用于小儿急惊抽搐，痰涎壅盛，神昏气喘，烦躁发热等症,全蝎30g、朱砂30g、蛇含石(醋煅)80g、天竺黄100g、川贝母100g、胆南星200g、人工牛黄10g、白附子(制)30g、天麻30g、僵蚕(麸炒)30g、雄黄30g、防风30g、羌活30g、麝香15g、冰片15g、甘草100g、钩藤200g,以上十七味，除人工牛黄、冰片、麝香、朱砂外，将甘草、钩藤加水煎煮二次，合并煎液，滤过。其余全蝎等十一味粉碎成细粉，过筛，混匀，除留部分粉末包内衣用外，其余粉末用上述煎液，泛丸，阴干至适度；人工牛黄、冰片、麝香分别研成细粉，与上述剩余的粉末配研后，包内衣；朱砂水飞成极细粉，包外衣，打光，即得
小儿金丹片,片剂,祛风化痰，清热解毒。用于感冒发热，头痛，咳嗽，气喘，咽喉肿痛，呕吐，急热惊风,朱砂400g、橘红200g、平贝母200g、胆南星150g、前胡150g、玄参150g、清半夏150g、大青叶150g、关木通150g、桔梗150g、荆芥穗150g、羌活150g、西河柳150g、地黄150g、枳壳(炒)150g、赤芍150g、钩藤150g、葛根100g、牛蒡子100g、天麻100g、甘草100g、防风100g、冰片50g、水牛角浓缩粉25g、羚羊角粉25g、薄荷脑0.5g,以上二十六味，除薄荷脑外冰片粉碎成细粉，朱砂水飞或粉碎成极细粉；平贝母、天麻、胆南星粉碎成细粉，与羚羊角粉、水牛角浓缩粉、朱砂粉末配研，过筛，混匀；荆芥穗、橘红、羌活、前胡提取挥发油，药渣与其余甘草等十四味，加水煎煮二次，第一次 3 小时，第二次 2 小时，合并煎液，滤过，滤液浓缩成膏。将上述混合粉末及适量辅料加入浓缩膏中，混合，干燥，粉碎成细粉，过筛，制粒，干燥。再加入冰片、薄荷脑及荆芥穗等挥发油，混匀，压片，即得
小儿保安丸,丸剂,祛风，镇惊，除痰。用于呕吐泄泻，消化不良，感冒初起，小儿惊风，咳嗽痰多,半夏(制)225g、木香141g、薄荷225g、细辛141g、天麻(制)225g、苦杏仁(去油)282g、茯苓225g、桂枝141g、苍术(泡)225g、桔梗282g、厚朴(姜汁炒)225g、前胡422g、广藿香225g、钩藤282g、僵蚕(制)225g、柴胡563g、羌活225g、珍珠150g、黄连225g、琥珀300g、麦芽(炒)225g、朱砂600g、陈皮225g、冰片375g、大腹皮225g、防风225g、六神曲225g、甘草141g,以上二十八味，除珍珠、琥珀、朱砂分别水飞成细粉；冰片磨成细粉，其余半夏等二十四味粉碎成细粉，与上述粉末配研，过筛，混匀。每 100g 粉末加炼蜜 130～140g，制成大蜜丸，即得
小儿香橘丸,丸剂,健脾和胃，消食止泻。用于小儿饮食不节引起的呕吐便泻，脾胃不和，身烧腹胀，面黄肌瘦，不思饮食,木香9g、陈皮54g、苍术（米泔炒）54g、白术（麸炒）54g、茯苓54g、甘草18g、白扁豆（去皮）36g、山药36g、莲子36g、薏苡仁（麸炒）36g、山楂（炒）36g、麦芽（炒）36g、六神曲（麸炒）36g、厚朴（姜炙）36g、枳实36g、香附（醋炙）54g、砂仁18g、半夏（制）36g、泽泻18g,以上十九味，粉碎成细粉，过筛，混匀；每 100g 粉末加炼蜜 140～160g 制成大蜜丸，即得
小儿急惊散,散剂,清热镇惊，祛风化痰。用于小儿脏腑积热，清浊不分引起急热惊风，手足抽搐，目直天吊，痰涎壅盛，身热咳嗽，气促作喘，烦躁口渴,天麻60g、钩藤80g、全蝎60g、僵蚕(麸炒)80g、天竺黄60g、半夏（制）60g、猪牙皂40g、防风60g、羌活60g、薄荷40g、蓼大青叶50g、连翘60g、天花粉80g、板蓝根50g、甘草60g、冰片40g、朱砂120g、珍珠10g、羚羊角20g、麝香16g、人工牛黄40g、琥珀40g、雄黄60g,以上二十三味，将朱砂、珍珠、羚羊角、琥珀、雄黄、冰片、麝香、人工牛黄分别研成细粉；其余天麻等十五味粉碎成细粉，过筛、混匀，与上述冰片等八味细粉配研，过筛，混匀，即得
小儿镇惊丸,丸剂,镇惊解热。用于小儿急热惊风，痰涎壅盛,甘草399g、胆南星159.7g、枳壳399g、朱砂399g、天竺黄558.7g、茯苓399g、全蝎(制)159.7g、蝉蜕399g、僵蚕(制)399g、琥珀399g、硝石79.7g、白附子(制)159.7g,以上十二味，除硝石、朱砂、琥珀外，其余甘草等九味粉碎成细粉，过筛。硝石研细，朱砂、琥珀分别水飞成极细粉，与上述粉末配研，过筛，混匀。每 100g 粉末加炼蜜 130～140g，制成大蜜丸，即得
小儿琥珀丸,丸剂,镇惊安神，清热化痰。用于四时感冒，风寒时疫，烦躁不宁，痰喘气急，关窍不利，惊痫不安,山药1600g、甘草300g、枳壳(麸炒)200g、琥珀150g、天竺黄150g、木香150g、人参150g、茯苓150g、胆南星100g、朱砂150g,以上十味，朱砂水飞或粉碎成极细粉，山药等九味粉碎成细粉，与上述粉末配研，过筛，混匀。每 100g 粉末加炼蜜 100～120g，制成大蜜丸，即得
子宫锭,丹剂,活血化瘀，化腐生肌，消肿止痛，燥湿收敛，解毒杀虫。用于治疗妇女带下，阴痒及不孕症,乳香(制)9.9g、儿茶10.8g、钟乳石13.2g、硼砂1.2g、硼砂1.05g、蛇床子4.2g、没药(制)9g、雄黄13.2g、血竭7.5g、红丹46.5g、冰片1.2g、麝香1.2g、白矾585g,以上十三味，除红丹，冰片、麝香，白矾外，其余乳香等九味分别粉碎成细粉，过筛，将白矾加水 7500g，熬炼至适度，加入上述粉末（血竭粉末除外），搅匀，再加入血竭、红丹，搅匀。将冰片、麝香研成细粉加入，搅匀，制成钮扣状大小锭，晾干，即得
久痢丸（久痢丹）,丹剂,健脾益气，除湿化滞。用于湿热久痢，休息痢,椿皮（醋制） 320g 黄连 16g 厚朴（姜制） 32g 鸦胆子(仁) 2g 枳壳(麸炒） 16g 木香 16g 党参 16g 茯苓 16g 白术(麸炒) 16g 甘草 16g 当归 32g,以上十一味，粉碎成细粉，过筛，混匀，用水泛丸，干燥。每 500g 干丸，另用滑石粉 90g，桃胶 9g 化水包衣打光，干燥，即得
开郁顺气丸,丸剂,开郁理气，健胃消食。用于胸膈胀满，两胁攻痛，胃脘痞闷，消化不良,柴胡100g、乌药25g、枳壳(麸炒)25g、茯苓25g、白芍(酒炒)25g、甘草25g、半夏(姜制)25g、木香25g、厚朴(姜制)25g、香附(醋制)50g、苍术(炒)25g、黄芩25g、莱菔子(炒)15g、六神曲(炒)25g、青皮(炒)75g、陈皮25g、槟榔50g、桔梗40g、栀子25g、沉香25g、川芎25g、当归25g、砂仁25g,以上二十三味，粉碎成细粉，过筛，混匀，每 100g 粉末加炼蜜 170～190g，制成大蜜丸，即得
木香顺气丸,丸剂,行气化湿，健脾和胃。用于湿浊阻滞气机，胸膈痞闷，脘腹胀痛，呕吐恶心，嗳气纳呆,木香100g、砂仁100g、香附(醋制)100g、槟榔100g、甘草50g、陈皮100g、厚朴(制)100g、枳壳(炒)100g、苍术(炒)100g、青皮(炒)100g,以上十味，粉碎成细粉，过筛，混匀。另取生姜 200g，分次加水煎煮，合并煎液，滤过。用滤液泛丸，干燥，即得
五加皮酒,酒剂,舒筋活血，除湿祛风。用于风湿痹痛，手足痉挛，四肢麻木，腰膝酸痛,五加皮50g、青风藤13g、当归13g、川芎13g、海风藤13g、木瓜13g、威灵仙13g、白芷19g、白术(麸炒)19g、红花25g、牛膝25g、菊花25g、党参75g、姜黄75g、独活6g、川乌(制)6g、草乌(制)6g、玉竹200g、豆蔻(去壳)9g、檀香13g、肉豆蔻(煨)9g、丁香6g、砂仁6g、木香6g、陈皮50g、肉桂6g,以上二十六味，粉碎成粗粉；另取白酒（55 度）20kg，照流浸膏剂与浸膏剂项下渗漉法（附录 11 页）渗漉，收集渗漉液；另取蔗糖 2000g 制备成糖浆，加入渗漉液中，混匀，静置，滤过，即得
五味子丸,丸剂,滋阴补气，填精益髓。用于肾气不足，腰膝疼痛，记忆衰退，头晕耳鸣，四肢无力,五味子(酒制) 200g 肉苁蓉(酒制) 200g 茯苓 100g 菟丝子(酒炒) 200g 车前子(盐制) 250g 巴戟天(制) 300g,以上六味，粉碎成细粉，过筛，混匀。每 100g 粉末加炼蜜 100～120g，制成大蜜丸，即得
五海瘿瘤丸,丸剂,软坚消肿。用于痰核瘿瘤，瘰疬，乳核,海带100g、海藻100g、海螵蛸100g、蛤壳100g、昆布100g、白芷50g、木香10g、海螺(煅)100g、夏枯草100g、川芎75g,以上十味，粉碎成细粉，过筛，混匀。每 100g 粉末加炼蜜 120～130g，制成大蜜丸，即得
不换金正气散,散剂,燥湿化痰，理气和中。用于脾胃不和，痰湿中阻，胸膈痞闷，寒热往来，霍乱吐泻，山岚瘴气,厚朴（姜制） 100g 广藿香 100g 半夏（制） 100g 苍术(米泔水漂） 100g 陈皮(制) 100g 甘草(蜜炙) 100g,以上六味，粉碎成最粗粉，过筛，混匀，即得
牛黄清胃丸,丸剂,清胃泻火，润燥通便。用于心胃火盛，头晕目眩，口舌生疮，牙龈肿痛，乳蛾咽痛，便秘尿赤,牛黄2g、大黄100g、菊花150g、麦冬50g、薄荷50g、石膏150g、栀子100g、玄参100g、番泻叶200g、黄芩100g、甘草100g、桔梗100g、黄柏100g、连翘100g、牵牛子(炒)50g、枳实(沙烫)100g、冰片25g,以上十七味，除牛黄、冰片外，大黄等十五味粉碎成细粉，过筛。将牛黄、冰片研细，与上述粉末配研，过筛，混匀。每 100g 粉末加炼蜜 130～160g，制成大蜜丸，即得
止嗽丸,丸剂,止嗽祛痰，疏风理肺。用于风邪犯肺咳嗽咽痒，痰不易咯出者,紫菀（制） 100g 白前 100g 荆芥 100g 甘草 50g 百部（制） 50g 桔梗 100g 陈皮 50g,以上七味，荆芥、桔梗、陈皮、甘草粉碎成细粉，过筛，混匀；其余紫菀等三味，加水煎煮二次，第一次 3 小时，第二次 2 小时，合并煎液，滤过，静置，取上清液浓缩至相对密度为 1.15～1.20（50℃）的清膏，与上述粉末混合制丸，低温干燥，打光，即得
水牛角解毒丸,丸剂,清热解毒，消肿止痛。用于小儿热毒、疮疖痈疡、红肿热痛，发热恶寒，或目赤口疮，咽喉肿痛，或痘疹余毒，烦热口渴,水牛角浓缩粉300g、地黄150g、防风150g、黄连150g、当归150g、荆芥150g、连翘105g、赤芍105g、桔梗105g、牛蒡子105g、黄芩105g、薄荷75g、甘草75g,以上十三味，除水牛角浓缩粉外，其余地黄等十二味粉碎成细粉，过筛，加水牛角浓缩粉混匀。每 100g 粉末加炼蜜 50～60g 与适量的水，泛丸，干燥，即得
水陆二味丸,丸剂,涩精，止带。用于肾虚，精关不固，男子滑精，妇女白带,荚实 500g 金樱子 500g,以上二味，金樱子加水煎煮二次，第一次 3 小时，第二次 2 小时，合并煎液，滤过，滤液浓缩；芡实粉碎成细粉，过筛，用上述浓缩液泛丸，干燥，即得
少阳感冒冲剂,颗粒剂,扶正解表，清热和中。用于寒热往来，口苦咽干，头晕目眩，不思饮食，心烦恶心,柴胡 100g 黄芩 149.4g 生晒参 50g 甘草 100g 半夏 149.4g 干姜 100g 大枣100g 青蒿 149.4g,以上八味，将柴胡、半夏提取挥发油，药渣与其余黄芩等六味，加水煎煮三次，第一次 3 小时，第二次 2 小时，第三次 1 小时，合并煎液，滤过，滤液浓缩至相对密度为 1.40 的清膏，喷雾干燥，加白糖 446g，糊精 150g，混匀，以 70% 乙醇制粒，干燥，喷入挥发油，混匀，即得
风湿酒,酒剂,祛风燥湿，通经活络。用于四肢麻木，腰膝酸软，风湿关节疼痛,桑皮80g、川乌(制)12g、熟地黄80g、细辛8g、马尾松子树根(鲜)80g、活血藤32g、淫羊藿80g、石南藤32g、侧柏叶(鲜)48g、麻黄32g、皮子药48g、续断32g、桂枝32g、苍术(麸炒)24g、茄根32g、独活16g、称钩风32g、川牛膝16g、白术(麸炒)32g、秦艽16g、附子(制)24g、干姜16g、杜仲(盐水炒)16g、甘草16g、防风16g、地枫皮16g、枳壳(麸炒)16g、狗脊(去毛)16g、木瓜8g,以上二十九味，除鲜马尾松子树根、鲜侧柏叶切断，用白酒浸渍 30 天外；其余桑皮等二十七味粉碎成粗粉，混匀，照流浸膏剂与浸膏剂项下的渗漉法（附录 11 页），用白酒作溶剂，浸渍 10～15 天后，缓缓渗漉，收集漉液。两次白酒用量共 8000g。另取蔗糖 600g 制成糖浆，待温，加入漉液内，再加鲜马尾松子树根等的浸渍液，搅匀，静置，滤过，灌装，即得
风热感冒冲剂,颗粒剂,清温解毒，宣肺利咽。用于感冒身热，鼻塞，头痛，咳嗽，多痰,板蓝根194g、连翘145.3g、薄荷145.3g、荆芥穗97g、桑叶145.3g、芦根145.3g、牛蒡子145.3g、菊花145.3g、苦杏仁145.3g、桑枝145.3g、六神曲145.3g,以上十一味，薄荷、荆芥穗提取挥发油，药渣与其余板蓝根等九味，加水煎煮三次，第一次 3 小时，第二次 2 小时，第三次 1 小时，合并煎液，滤过，滤液浓缩至相对密度为 1.40 的清膏，喷雾干燥，加白糖 566g，糊精 151g，混匀，以 70% 的乙醇制粒，干燥，喷入挥发油，混匀，即得
风寒感冒冲剂,颗粒剂,解表发汗，疏风散寒。用于感冒身热，头痛，咳嗽，鼻塞，流涕,麻黄 100g葛根 150g、紫苏叶 150g、防风 150g桂枝 100g、白芷 100g、陈皮 100g苦杏仁 150g、桔梗 100g、甘草 100g干姜 100g,以上十一味，紫苏叶、防风、白芷提取挥发油，药渣与其余桔梗等八味加水煎煮三次，第一次 3 小时，第二次 2 小时，第三次 1 小时，合并煎液，滤过，滤液浓缩至相对密度为 1.40 的清膏，喷雾干燥，加白糖 444.5g，糊精 150g，混匀，以 70% 乙醇制粒，干燥，喷入挥发油，混匀，即得
风湿骨痛丸,丸剂,祛风湿，通活络。用于风湿性关节炎,川乌（制）30g、草乌（制）30g、红花30g、甘草30g、木瓜30g、乌梅肉30g、麻黄30g,以上十三味，川乌、草乌、甘草粉碎成细粉，过筛，混匀。其余麻黄等十味加水煎煮二次，第一次 3 小时，第二次 2 小时，合并煎液，滤过，滤液浓缩成稠膏，与上述粉末泛丸，干燥，以活性炭、滑石粉包衣，打光，即得
丹七片,片剂,活血化瘀。用于血瘀气滞，心胸痹痛，眩晕头痛，经期腹痛,丹参 150g 三七 150g,以上二味，三七粉碎成细粉；丹参加水煎煮三次，合并煎液，滤过，滤液减压浓缩至相对密度 1.35～1.40（50℃）的稠膏。取稠膏 1 份，加三七细粉 1 份，混匀，干燥，压制成 600 片，或再包糖衣，即得
丹栀逍遥丸,丹剂,舒肝解郁，清热调经。用于肝郁化火，胸胁胀痛，烦闷急躁，颊赤口干，食欲不振或有潮热，以及妇女月经先期，经行不畅，胸乳与少腹胀痛,牡丹皮 100g 栀子（炒焦） 100g 柴胡（酒制） 150g 白芍(酒炒） 150g 当归 150g 茯苓 150g 白术（土炒） 150g 薄荷 30g 甘草（蜜炙） 120g,以上九味，粉碎成细粉，过筛，混匀；另取生姜 20g，加水煎煮，用煎液泛丸，低温干燥，即得
乌梅丸,丸剂,温脏安蛔。用于治疗蛔厥，久痢，厥阴头痛，或脾胃虚寒引起之胃脘痛，肢体瘦弱,乌梅肉120g、青椒（去目）12g、细辛18g、黄连48g、黄柏18g、干姜30g、附子（炙）18g、桂枝18g、人参18g、当归12g,以上十味，粉碎成细粉，过筛，混匀。每 100g 粉末加炼蜜 125g，制成大蜜丸，即得
正骨紫金丸,丸剂,活血散瘀，消肿止痛。用于跌打损伤，经络不通，瘀血肿痛,丁香50g、莲子100g、熟大黄50g、儿茶50g、白芍(炒)100g、血竭50g、牡丹皮25g、当归100g、木香50g、茯苓100g、红花50g、甘草15g,以上十二味，粉碎成细粉，过筛，混匀。每 100g 粉末加炼蜜 100～110g，制成大蜜丸，即得
玉屏风丸,丸剂,益气，固表，止汗。用于表虚不固，自汗恶风，面色㿠白，或体虚易感风邪者,黄芪 360g 白术(炒) 120g 防风 120g,以上三味，粉碎成细粉，过筛，混匀，用水泛丸，干燥，即得
玉液丸,丸剂,益气养血。用于妇女气血不调，经期不准，产后血虚,人参60g、山楂25g、沉香48g、甘草96g、阿胶78g、莲子192g、大腹皮25g、山药126g、川芎72g、枳壳36g、麦冬75g、砂仁87g、紫苏叶75g、艾叶（炒）19g、地黄36g、香附（制）78g、黄芪（制）39g、琥珀25g、黄芩（炒）45g、羌活25g、陈皮（炒）48g、丹参126g、白芍（炒）48g、木香25g、厚朴（制）45g、续断19g、浙贝母66g、肉苁蓉36g、茯苓192g、杜仲（制）78g、菟丝子96g、白术（炒）25g、血余炭25g、沙苑子66g、当归（炒）66g、益母草清膏19g,以上三十六味，除大腹皮、艾叶、益母草清膏、朱砂、琥珀外，其余人参等三十一味粉碎成粗粉；朱砂、琥珀分别水飞或粉碎成细粉；大腹皮、艾叶煎汁，滤过，煎液加黄酒 800g 与益母草清膏混匀，与上述粗粉拌和，蒸半小时，干燥，再与朱砂、琥珀细粉混合后，粉碎成细粉，过筛，混匀，每 100g 粉末加炼蜜 85～100g，制成大蜜丸，即得
左归丸,丸剂,滋肾补阴。用于真阴不足，腰酸膝软，盗汗遗精，神疲口燥,熟地黄 200g 菟丝子 100g 牛膝 75g 龟板胶 100g 鹿角胶 100g 山药 100g 山茱萸 100g 枸杞子 100g,以上八味，除鹿角胶、龟板胶外，其余熟地黄等六味粉碎成细粉，过筛，混匀。取鹿角胶、龟板胶烊化，与上述细粉混匀。每 100g 粉末加炼蜜 10g 与适量的水，泛丸，干燥，即得
右归丸,丸剂,温补肾阳，填精止遗。用于肾阳不足，命门火衰，腰膝酸冷，精神不振，怯寒畏冷，阳痿遗精，大便溏薄，尿频而清,熟地黄240g、附子(炮附片)60g、肉桂60g、山药120g、山茱萸(酒炙)90g、菟丝子120g、鹿角胶120g、枸杞子120g、当归90g、杜仲(盐炒)120g,以上十味，除鹿角胶外，熟地黄等九味粉碎成细粉，过筛，混匀。鹿角胶加白酒炖化。每 100g 粉末加炼蜜 60～80g 与炖化的鹿角胶制成大蜜丸，即得
生化丸,丸剂,养血祛瘀。用于产后受寒恶露不行或行而不畅，夹有血块，小腹冷痛,当归 800g 川芎 300g 桃仁 100g 干姜（炒炭） 50g 甘草 50g,以上五味，除桃仁外，当归等四味粉碎成细粉，混匀，将桃仁捣烂，与上述粉末配研，过筛，混匀。每 100g 粉末加炼蜜 120～130g，制成大蜜丸，即得
生肌玉红膏,膏剂,解毒消肿，生肌止痛。用于疮疡肿痛，乳痈发背，溃烂流脓，浸淫黄水,甘草 60g 白芷 60g 当归 60g 紫草 60g 虫白蜡 210g 血竭 24g 轻粉 24g,以上七味，除血竭、轻粉分别研细，混匀外。甘草、白芷、当归等三味，酌予碎断，用芝麻油 960g 同置锅内炸枯，去渣；将紫草用水湿润，置锅内炸至油呈紫红色，去渣，滤过。另加虫白蜡搅匀，放冷，加入上述粉末搅匀，即得
宁坤养血丸,丸剂,补气和营，养血调经。用于气虚血少，月经不调，经期后延，行经小腹冷痛或经后小腹空痛,人参10g、茯苓28g、白术（麸炒）16g、甘草22g、当归100g、白芍87g、地黄16g、川芎70g、丹参100g、红花69g、柴胡60g、香附（醋炙）100g、厚朴（姜炙）8g、陈皮22g、肉桂8g,以上十五味，粉碎成细粉，过筛，混匀。每 100g 粉末加炼蜜 160～180g，制成大蜜丸，即得
半夏天麻丸,丸剂,健脾祛湿，化痰熄风。用于脾虚聚湿生痰，眩晕，头痛，如蒙如裹，胸脘满闷,法半夏360g、天麻180g、黄芪(蜜炙)360g、人参30g、苍术（米泔炙）36g、白术(麸炒)180g、茯苓126g、陈皮360g、泽泻36g、六神曲（麸炒）69g、麦芽（炒）39g、黄柏54g,以上十二味，粉碎成细粉，过筛，混匀。取生姜压榨取汁（每 100g 粉末用生姜 3g），其残渣煎水与汁合并，泛丸，干燥，即得
加味益母草膏,膏剂,养血调经。用于月经不调，血色不正，经水短少及产后瘀血腹痛,益母草清膏 400g 当归 50g 熟地黄 50g 白芍 50g 川芎 50g,以上五味，当归、熟地黄、白芍、川芎加水煎煮二次，每次 3 小时，合并煎液，滤过，滤液浓缩至适量，加入益母草清膏，混匀；另取红糖 1600g，制成转化糖，加入上述浓缩液中，混匀，浓缩至规定的相对密度，即得
孕妇金花丸,丸剂,清热，安胎。用于孕妇头痛，眩晕，口鼻生疮，咽喉肿痛，双目赤肿，牙龈疼痛，或胎动下坠，小腹作痛，心烦不安，口干咽燥，渴喜冷饮，小便短黄等症,栀子(姜制)60g、金银花60g、当归60g、白芍60g、川芎60g、地黄60g、黄芩60g、黄柏60g、黄连30g,以上九味，粉碎成细粉，过筛，混匀，用水泛丸，干燥，即得
孕妇清火丸,丸剂,清火安胎。用于孕妇胎热口干，胸腹灼热，或口舌生疮，咽喉燥痛，或大便秘结，小便黄赤,黄芩80g、知母60g、石斛60g、柴胡60g、地黄80g、薄荷60g、白芍60g、白术(麸炒)60g、甘草30g,以上九味，粉碎成细粉，过筛，混匀。另取竹茹 60g 加水煎煮，滤过，用煎出液泛丸，干燥，即得
百花定喘丸,丸剂,清热化痰，止嗽定喘。用于痰热咳喘，呼吸困难，胸满不畅，咽干口渴,款冬花44g、陈皮88g、麦冬88g、天花粉88g、北沙参44g、石膏44g、五味子44g、桔梗88g、牡丹皮88g、薄荷88g、天冬88g、苦杏仁88g、前胡88g、黄芩88g、百合88g、麻黄88g、紫菀88g,以上十七味，粉碎成细粉，过筛，混匀。每 100g 粉末加炼蜜 120～130g 制成大蜜丸，即得
百补增力丸,丸剂,开胃健脾，益气养血。用于肾水不足，脾胃失和引起的自汗盗汗，腰腿疼痛，精神疲倦，劳伤过度，咳嗽咯血，食欲不振，消化不良,六神曲 (麸炒) 160g、麦芽 (炒) 40g、山楂 (炒) 80g、川芎 20g、茯苓 3g、泽泻 3g、棕板 (炭) 10g、荷叶 320g、山茱萸 (酒制) 4g、小蓟 5g、白术 (麸炒) 4g、紫河车 40g、党参 20g、陈皮 160g、苍术 (米泔水炒) 80g、枳壳 (麸炒) 40g、厚朴 (姜制) 40g、甘草 40g、人参 3g、山药 40g、栀子 (姜制) 3g、当归 5g、白茅根 4g、肉桂 3g、黄芪 (蜜炙) 40g、白芍 20g、谷芽 (炒) 40g、法半夏 40g、香附 (醋炒) 40g、鹿角霜 3g、大黄 (炭) 4g、附子 (制) 2g、侧柏叶 (炭) 3g、大蓟 5g、牡丹皮 4g、茜草 4g、黄芩 40g,以上三十七味，粉碎成细粉，过筛，混匀。每 100g 粉末加炼蜜 140～160g，制成大蜜丸，即得
地榆槐角丸,丸剂,疏风凉血，泻热润燥。用于脏腑实热，大肠火盛，肠风便血，痔疮漏疮，湿热便秘，肛门肿痛,地榆(炭)72g、槐角(蜜炙)108g、槐花(炒)72g、大黄36g、黄芩72g、地黄72g、当归36g、赤芍36g、红花9g、防风36g、荆芥穗36g、枳壳(麸炒)36g,以上十二味，粉碎成细粉，过筛，混匀。每 100g 粉末加炼蜜 140～160g，制成大蜜丸，即得。
至圣保元丸,丸剂,祛风化痰，解热镇惊。用于小儿痰热内闭，外感风寒，身热面赤，咳嗽痰盛，气粗喘促以及风热急惊,胆南星(酒炙)105g、僵蚕(麸炒)30g、全蝎120g、蜈蚣15g、猪牙皂75g、天麻90g、天竺黄60g、青礫石(煅)75g、钩藤75g、羌活105g、防风105g、麻黄75g、薄荷75g、陈皮60g、茯苓60g、甘草60g、琥珀粉47.4g、牛黄47.4g、冰片59.3g、珍珠47.4g、朱砂47.4g,以上二十一味，除牛黄、冰片外，朱砂、珍珠分别水飞或粉碎成极细粉；其余胆南星等十七味粉碎成细粉；将牛黄、冰片研细，与上述粉末配研，过筛，混匀。每 100g 粉末加炼蜜 110 - 130g，制成大蜜丸，即得
当归拈痛丸,丸剂,清热利湿，祛风止痛。用于风湿阻络，骨节疼痛，胸膈不利，或湿热下注，足胫红肿热痛，或溃破流脓水者，疮疡,当归40g、葛根40g、党参40g、苍术(炒)40g、升麻40g、苦参40g、泽泻60g、白术(炒)60g、知母60g、防风60g、羌活100g、黄芩100g、猪苓100g、茵陈100g、甘草100g,以上十五味，粉碎成细粉，过筛，混匀，用水泛丸，干燥，即得
当归补血丸,丸剂,补养气血。用于身体虚弱，气血两亏,当归 160g 黄芪 400g,以上二味，粉碎成细粉，过筛，混匀。每 100g 粉末加炼蜜 100 - 130g，制成大蜜丸，或加炼蜜 30 - 40g 与适量水，泛丸，干燥，即得
当归养血丸,丸剂,养血调经。用于气血两虚，月经不调,当归150g、白芍(炒)150g、地黄400g、黄芪(蜜炙)150g、阿胶150g、牡丹皮100g、香附(制)150g、茯苓150g、杜仲(炒)200g、白术(炒)200g,以上十味，除阿胶外，粉碎成细粉，过筛，混匀。每 100g 粉末加炼蜜 35 - 45g，阿胶加水适量溶化与蜜和匀泛丸，干燥；或全部粉碎成细粉，过筛，混匀，每 100g 粉末加炼蜜 80 - 100g，制成大蜜丸，即得
芎菊上清丸,丸剂,清热，散风，止痛。用于外感风热，头痛鼻塞,川芎10g、菊花120g、黄芩60g、白芷40g、桔梗15g、栀子15g、连翘15g、防风15g、蔓荆子(炒)15g、荆芥穗15g、黄连10g、甘草10g、羌活10g、薄荷10g、藁木10g,以上十五味，粉碎成细粉，过筛，混匀，用水泛丸，干燥；或再用滑石粉包衣，打光，干燥，即得
竹沥达痰丸,丸剂,豁除顽痰，清火顺气。用于痰热上壅，咳喘痰多，大便干燥，顽痰胶结，烦闷癫狂,黄芩 200g 半夏(制) 150g 大黄（酒制） 200g 橘红 200g 甘草 100g 沉香 50g,以上六味，粉碎成细粉，过筛，混匀。另取生姜 200g，捣碎，压榨取汁，加鲜竹沥 800ml 混匀，与上述粉末泛丸。用青礞石 100g 加硝石 30g 后水飞成极细粉包衣，干燥，即得
血府逐瘀丸,丸剂,活血祛瘀，行气止痛。用于瘀血内阻，头痛或胸痛，内热瞀闷，失眠多梦，心悸怔忡，急躁善怒,柴胡50g、当归150g、地黄150g、赤芍100g、红花150g、桃仁200g、枳壳(麸炒)100g、甘草50g、川芎75g、牛膝150g、桔梗75g,以上十一味，粉碎成细粉，过筛，混匀。每 100g 粉末加炼蜜 110 - 130g，制成大蜜丸，即得
全鹿丸,丸剂,补肾填精，益气培元。用于老年阳虚，腰膝酸软，畏寒肢冷，肾虚尿频，妇女血亏，崩漏带下,全鹿干80g、锁阳(酒炒)40g、党参40g、地黄40g、牛膝40g、熟地黄40g、楮实子40g、菟丝子40g、山药40g、补骨脂(盐水炒)40g、枸杞子(盐水炒)40g、川芎(酒炒)40g、肉苁蓉40g、当归(酒炒)40g、巴戟天40g、甘草(炙)40g、天冬40g、五味子(蒸)40g、麦冬40g、白术(炒)40g、覆盆子40g、杜仲(盐水炒)40g、芡实40g、花椒20g、茯苓40g、陈皮40g、黄芪(炙)40g、小茴香(酒炒)20g、续断(盐水炒)40g、大青盐20g、胡芦巴(酒炒)40g、沉香20g,以上三十二味，粉碎成细粉，过筛，混匀。每 100g 粉末加炼蜜 40 - 55g，与适量的水，泛丸，干燥，即得
安坤赞育丸,丸剂,补气养血，调经止带。用于气血两亏和肝肾不足所致之形瘦虚赢，神倦体疲，面黄浮肿，心悸失眠，腰酸腿软，午后低烧，骨蒸潮热，月经不调，崩漏带下，产后虚弱，瘀血腹疼，大便溏薄,香附(醋制)96g、鹿茸24g、阿胶24g、紫河车20g、白芍16g、当归16g、牛膝14g、川牛膝14g、北沙参12g、没药(醋制)12g、天冬11.5g、补骨脂(盐制)11g、龙眼肉10g、茯苓8g、黄柏8g、龟甲8g、锁阳8g、杜仲(盐制)8g、秦艽8g、鳖甲8g、艾叶(炭)8g、白薇8g、延胡索(醋制)8g、山茱萸(酒制)8g、鹿尾7.5g、枸杞子6g、鸡冠花6g、黄芪6g、乳香(醋制)6g、赤石脂(煅)6g、鹿角胶6g、菟丝子4g、肉苁蓉(酒制)6g、鸡血藤4g、寄生4g、琥珀4g、甘草4g、人参2g、乌药3g、丝棉(炭)2g、血余炭2g、白术(麸炒)24g、番红花0.8g、地黄16g、砂仁24g、沉香13g、酸枣仁(炒)16g、续断10g、陈皮14g、橘红8g、川芎12g、泽泻8g、黄芩10g、青蒿6g、远志(制)8g、肉豆蔻(煨)6g、薰本6g、红花4g、柴胡6g、术香2g、紫苏叶5g、熟地黄16g、丹参2g,以上六十三味，除白术、砂仁、地黄、酸枣仁、沉香、陈皮、续断、川芎、橘红、黄芩、泽泻、远志、青蒿、藁本、肉豆蔻、柴胡、红花、紫苏叶、木香、丹参、熟地黄粉碎成粗粉外，其余香附等四十二味，置罐中，加入黄酒 400g，加盖密闭，放高压罐内加热或隔水加热炖至黄酒基本蒸尽，与上述粉末拌匀，干燥，粉碎成细粉，过筛，混匀，每 100g 粉末加炼蜜 110 - 130g，制成大蜜丸，即得
安胎丸,丸剂,养血安胎。用于妊娠血虚，胎动不安，面色淡黄，不思饮食，神疲乏力,当归 200g 川芎（制） 200g 黄芩 200g 白芍（炒） 200g 白术 100g,以上五味，粉碎成细粉，过筛，混匀。每 100g 粉末加炼蜜 120 - 130g，制成大蜜丸，即得
妇女痛经丸,丸剂,活血，调经，止痛。用于血瘀凝滞，小腹胀痛，经期腹痛,延胡索(醋制) 300g 五灵脂(醋炒) 300g 丹参 300g 蒲黄(炭) 300g,以上四味，取五灵脂 100g，用水热浸，丹参加水煎煮二次，合并浸液及煎液，滤过，滤液浓缩；将剩余的五灵脂与延胡索、蒲黄粉碎成细粉，过筛，混匀。用上述浓缩液泛丸，干燥，包糖衣，即得
妇宁丸,丸剂,养血调经，顺气通郁。用于月经不调，腰腹疼痛，赤白带下，精神倦怠，饮食减少,益母草600g、党参400g、地黄100g、当归100g、熟地黄100g、陈皮100g、乌药100g、白芍100g、川芎100g、白术(麸炒)100g、香附(醋制)100g、茯苓100g、木香50g、紫苏叶50g、阿胶50g、砂仁50g、黄芩50g、琥珀50g、甘草50g、沉香10g、川牛膝40g,以上二十一味，粉碎成细粉，过筛，混匀。每 100g 粉末加炼蜜 120 - 140g，制成大蜜丸，干燥，即得
妇科止带片,片剂,清热燥湿，收敛止带。用于慢性子宫颈炎，子宫内膜炎，阴道粘膜炎等引起的湿热型赤白带症,椿皮 363g 五味子 64g 黄柏 363g 龟板 242g 茯苓 363g 阿胶 120g 山药 363g,以上七味，椿皮加水煎煮二次，每次 2 小时，合并煎液，滤过，滤液浓缩至适量，加乙醇使含醇量约为 50%，静置，滤过。黄柏用 85% 乙醇回流提取三次，每次 1.5 小时，合并提取液，滤过。茯苓用 60% 乙醇、五味子、山药，用 45% 乙醇照流浸膏与浸膏剂项下的渗漉法（附录 11 页）进行渗漉。以上各液分别回收乙醇并浓缩成稠膏。龟板用水浸洗除去肉屑，加水煎煮二次，每次 6 小时，合并煎液，滤过，滤液浓缩成胶状稠膏；滤渣晾干，粉碎成粗粉，用 10% 醋酸浸渍，滤过，滤液蒸干。阿胶用蛤粉炒后粉碎成细粉，过筛，与上述各稠膏及醋酸浸出物混匀，加辅料适量，制成颗粒，干燥，压制成 1000 片，即得
妇科白带膏,膏剂,健脾舒肝，除湿止带。用于脾虚湿盛，白带连绵，腰腿酸痛,白术(炒)200g、苍术65g、党参45g、陈皮100g、山药400g、甘草20g、荆芥100g、车前子60g、柴胡12g、白芍100g,以上十味，加水煎煮三次，每次 3 小时，合并煎液，滤过，滤液浓缩成清膏；取蔗糖 1600g，加枸橼酸 4.8g、水约 2300ml，120℃加热 3 小时，制成转化糖，加碳酸氢钠（约为转化糖量的 0.36%）中和后，加入上述清膏中，混匀，浓缩至相对密度为 1.35 -
妇科回生丸,丸剂,通经化瘀，止痛。用于气虚血亏，瘀血凝滞引起的经期不准，经闭，癥瘕痞块，产后血晕，恶露不尽等症,人参7.5g、白术(麸炒)4.5g、苍术15g、茯苓15g、甘草7.5g、青皮(醋炙)4.5g、陈皮7.5g、熟地黄15g、当归15g、白芍7.5g、川芎15g、桃仁(去皮)15g、红花45g、木香7.5g、香附(醋炙)15g、乌药15g、延胡索(醋炙)15g、三棱(麸炒)7.5g、蒲黄15g、五灵脂(醋炙)7.5g、苏木14.4g、乳香(醋炙)1.5g、没药(醋炙)1.5g、牛膝15g、大黄240g、地榆(炭)7.5g、米醋720g、山茱萸(酒炙)7.5g、黑豆240g、高良姜:1.5g、羌活7.5g、木瓜4.5g,以上三十二味，大黄粉碎成粗粉，红花、苏木、黑豆加水煎煮为浓汁，与米醋、大黄共煎煮成稠膏状，其余人参等二十七味粉碎成粗粉，与上述煎煮的大黄搅匀，干燥，粉碎成细粉，过筛，混匀。每 100g 药粉加炼蜜 125g，制成大蜜丸，即得
妇科金丹,丹剂,调经活血。用于腰酸背痛，肚腹疼痛，饮食不化，呕逆恶心，自汗盗汗,延胡索(醋制)40g、黄芪40g、赤石脂(煅)40g、人参40g、阿胶40g、白薇40g、白芍40g、甘草40g、茯苓40g、没药(制)40g、当归40g、鹿角40g、黄柏40g、松香(制)20g、杜仲(盐制)20g、益母草清膏20g、鸡冠花20g、补骨脂(盐制)10g、乳香(制)10g、锁阳10g、菟丝子10g、小茴香(盐制)5g、血余炭5g、艾叶(炭)5g、益母草150g、陈皮60g、牡丹皮40g、山药40g、川芎40g、熟地黄40g、白芷40g、白术(麸炒)40g、藁本40g、黄芩40g、砂仁40g、红花10g、木香10g、续断10g、青蒿10g、肉桂10g、紫苏叶10g,以上四十一味，将延胡索、黄芪、赤石脂、人参、阿胶、白薇、白芍
妇科养坤丸,丸剂,疏肝理气，养血活血。用于血虚肝郁而致月经不调，闭经，痛经，经期头痛等,熟地黄119g、甘草80g、地黄119g、川芎(酒制)60g、当归(酒蒸)119g、延胡索(酒醋制)60g、黄芩(酒制)119g、郁金60g、木香119g、杜仲(盐制)80g、香附(酒醋制)80g、白芍(酒炒)80g、蔓荆子(酒蒸)119g、砂仁60g,以上十四味，粉碎成细粉，过筛。每 100g 粉末加炼蜜 30 - 40g 与适量的水泛丸，干燥，制成水蜜丸；或加炼蜜 95 - 105g，制成大蜜丸，即得
妇康宁片,片剂,调经养血，理气止痛。用于气血两亏，经期腹痛,白芍 200g 香附 30g 当归 25g 三七 20g 艾叶（炭） 4g 麦冬，50g 党参 30g 益母草 150g,以上八味，取白芍 80g 及香附、当归、三七、艾叶粉碎成细粉，过筛，混匀。其余白芍 120g 及麦冬、党参、益母草加水煎煮二次，合并煎液，滤过，滤液浓缩成膏，加入上述粉末及辅料，混匀，用 70% 乙醇制粒，干燥，压制成 1018 片，包糖衣，即得
红绵散,散剂,除湿止痒，消肿定痛。用于耳内生疮，破流脓水，痛痒浸淫,炉甘石（煅） 450g 胀脂粉 225g 枯矾 45g 冰片 6g,以上四味，分别粉碎成细粉，配研，过筛，混匀，即得
抗骨质增生丸,丸剂,补腰肾，强筋骨，活血，利气，止痛。用于增生性脊椎炎（肥大性胸椎、腰椎炎），颈椎综合症，骨刺等骨质增生症,熟地黄208g、鸡血藤140g、淫羊藿140g、骨碎补140g、狗脊(盐制)140g、女贞子(盐制)70g、肉苁蓉(蒸)140g、牛膝70g、莱菔子(炒)70g,以上九味，取狗脊、三分之二熟地黄，二分之一淫羊藿粉碎成细粉，过筛，其余的熟地黄，淫羊藿与莱菔子等六味加水煎煮二次，合并煎液，滤过，滤液浓缩成稠膏状，与上述细粉拌匀，干燥，粉碎成细粉，过筛，混匀，每 100g 粉末加炼蜜 55 - 65g 制成小蜜丸或大蜜丸，即得
时疫救急丸,丸剂,祛暑散寒，定痛止泻。用于暑湿霍乱，头晕发热，脘腹胀痛，恶心呕吐，肠鸣泄泻,广藿香叶240g、香薷120g、檀香60g、木香45g、沉香30g、丁香30g、白芷30g、厚朴(姜炙)60g、木瓜90g、茯苓120g、红大戟(醋制)30g、薄荷30g、山慈菇30g、甘草120g、六神曲(麸炒)180g、冰片9g、薄荷脑4.5g、雄黄15g、千金子霜30g,以上十九味，除冰片、薄荷脑、千金子霜外，雄黄水飞或粉碎成极细粉，广藿香叶等十五味粉碎成细粉；将冰片、薄荷脑、千金子霜分别研细，与上述粉末配研，过筛，混匀，用水泛丸，干燥。每 1000g 用朱砂 31.25g、滑石粉 218.75g 粉碎成极细粉包衣，打光，即得
利胆片,片剂,清热止痛。用于胆道疾患，胁肋及胃腹部疼痛，按之痛剧，大便不通，小便短黄，身热头痛，呕吐不食等症,大黄58g、金银花58g、金钱草58g、木香96.5g、知母58g、大青叶58g、柴胡58g、白芍58g、黄芩29g、芒硝19g、茵陈58g,以上十一味，大黄、金银花、金钱草、木香粉碎成细粉，过筛，剩余的药渣与知母、大青叶、柴胡、白芍、黄芩、茵陈加水煎煮二次，滤过，合并滤液，静置 12 小时，取上清液备用。芒硝加 2 倍水，加热溶解，滤过，滤液加入上清液中，混匀，浓缩成稠膏状，加入上述细粉制粒，压制成 1000 片，包糖衣，即得
龟鹿二胶丸,丸剂,温补肾阳，填精益髓。用于肾阳不足，精血亏虚，阳痿早泄，梦遗滑精，腰痛酸软，筋骨无力，眩晕耳鸣，眼目昏花，消渴尿多，神疲赢瘦，肢冷畏寒,龟板胶20g、鹿角胶30g、巴戟天(盐炒)80g、补骨脂(盐炒)40g、续断80g、杜仲(盐炒)80g、熟地黄140g、当归80g、白芍80g、枸杞子40g、五味子10g、山药165g、山茱萸103.8g、麦冬40g、芡实120g、肉桂20g、附子(炮附片)40g、牡丹皮103.8g,以上二十味，除龟板胶和鹿角胶外，其余巴戟天等十八味粉碎成细粉，过筛，混匀。取龟板胶和鹿角胶加白酒 10mL 蒸化，与炼蜜混匀。每 100g 粉末加炼蜜 20～30g 与适量的水，泛丸，干燥；或加炼蜜 90～100g，制成大蜜丸和小蜜丸，即得
龟鹿补肾丸,丸剂,补肾壮阳。用于身体虚弱、肾亏精冷，夜多小便，健忘失眠,菟丝子(炒)510g、淫羊藿(蒸)425g、续断(蒸)425g、锁阳(蒸)510g、狗脊(蒸)638g、酸枣仁(炒)425g、何首乌(制)638g、甘草(蜜炙)213g、陈皮(蒸)213g、鹿角胶(炒)90g、熟地黄638g、龟板胶(炒)134g、金樱子(蒸)510g、黄芪(蜜炙)425g、山药(炒)425g、覆盆子(蒸)850g,以上十六味，粉碎成细粉，过筛，混匀。每 100g 药粉加炼蜜 90～100g，制成大蜜丸；或加炼蜜 40g 与适量的水泛丸，制成水蜜丸，干燥，即得
补肺丸,丸剂,补肺益气，止咳平喘。用于肺气不足，气短喘咳，咳声低弱，干咳痰粘，咽干舌燥,熟地黄 200g 党参 100g 黄芪(蜜炙) 100g 桑白皮(蜜炙） 200g 紫菀 100g 五味子 80g,以上六味，粉碎成细粉，过筛，混匀。每 100g 粉末加炼蜜 100～110g，制成大蜜丸，即得
补益蒺藜丸,丸剂,健脾补肾，益气明目。用于脾肾不足，眼目昏花，视物不清，腰酸气短,黄芪(蜜炙)150g、白术(麸炒)150g、山药100g、茯苓50g、白扁豆50g、芡实(麸炒)50g、当归100g、沙苑子500g、菟丝子100g、陈皮50g,以上十味，粉碎成细粉，过筛，混匀。每 100g 粉末加炼蜜 130～150g，制成大蜜丸，即得
鸡苏丸,丸剂,清肺平喘，润燥止咳，化痰除痞。用于肺热喘咳，气急鼻煽，咳痰粘稠，咽干鼻燥，劳嗽咳血，颧红盗汗，痰粘难咯，胸膈满闷,陈皮 20g 橘红 20g 法半夏 20g 尊劳子 20g 瓜萎子(蜜炙) 20g 紫苏子(炒) 40g 紫苏叶 40g 桑白皮(蜜炙) 20g 苦杏仁(炒) 80g 桔梗 20g 前胡 20g 马兜铃（蜜炙） 20g 款冬花 20g 紫苑 20g 远志(制） 40g 百合 20g 天冬 20g 麦冬 20g 北沙参 20g 知母 20g 五味子（醋蒸） 20g 麻黄 80g 黄芩 20g 白芍 20g 石膏 40g 甘草 20g,以上二十六味，粉碎成细粉，过筛，混匀。另取鲜姜 20g 榨汁，大枣 20g 水煎，滤过，用煎液与姜汁合并液（约为药粉量的 75%）泛丸，60℃以下干燥，滑石粉包衣，即得
青果丸,丸剂,清热利咽，消肿止痛。用于咽喉肿痛，失音声哑，口干舌燥，肺燥咳嗽,青果 100g 金银花 100g 黄芩 100g 北豆根 100g 麦冬 100g 玄参 100g 白芍 100g 桔梗 100g,以上八味，粉碎成细粉，过筛，混匀。每 100g 粉末加炼蜜 110～130g，制成大蜜丸，即得
青黛散,散剂,清热解毒、消肿止痛。用于治疗口疮，咽喉肿痛，牙疳出血等症,青黛 20g 甘草 10g 硼砂（煅） 30g 冰片 5g 薄荷 30g 黄连 20g 儿茶 20g 人中白（煅） 20g,以上八味，除青黛、人中白分别干飞外，其余薄荷等六味分别粉碎成细粉，将薄荷、人中白、黄连、儿茶、甘草、硼砂依次加入青黛内，配研至呈靛灰色，加入冰片，混匀，过筛，即得
苦参栓,栓剂,抗菌消炎。用于宫颈糜烂，赤白带下，滴虫性阴道炎及阴道霉菌感染等妇科慢性炎症,苦参总碱 200g 羊毛脂 64g 半合成脂肪酸酯 1283g 共制成栓剂1000粒,以上三味，苦参总碱与羊毛脂混合，研匀，边研磨边加入微温熔化的半合成脂肪酸酯，研匀，待凝时，迅速倾入涂有润滑剂的栓模内，待凝后出模，即得
虎骨追风酒,酒剂,祛风除湿，活血止痛。用于风寒湿痹，四肢麻木，筋骨疼痛，腰膝无力,虎骨10g、独活15g、麻黄5g、补骨脂30g、草乌（制）15g、苍术15g、肉桂15g、川芎15g、秦艽15g、草薢15g、羌活15g、桂枝10g、杜仲30g、川乌（制）15g、木瓜30g、五加皮30g、当归30g、威灵仙30g、茜草30g、茯苓15g、甘草5g、红花30g、陈皮15g、续断15g、茄根15g、何首乌15g、鹿角40g、川牛膝15g,以上三十味，除鹿角、虎骨外，其余独活等二十六味，混合粉碎成粗粉；另取白酒（50 度）8000g，照流浸膏剂与浸膏剂项下渗漉法（附录 11 页），用白酒作溶媒渗漉，收集渗漉液，药渣压榨，榨出液与渗漉液合并；鹿角、虎骨熬成膏；另取蔗糖 960g 制成糖浆，一并加入上述合并液中，混匀，静置，滤过，即得
金鸡虎补丸,丸剂,补气补血，舒筋活络，健肾固精。用于水气凝滞，四肢麻痹，腰膝酸痛，夜尿频数、梦遗滑精,狗脊 1278g 牛大力 204g 黑老虎根 1022g 骨碎补 205g 大枣 153g 鸡血藤 767g 桑寄生(盐酒制) 256g 金樱子(盐制)256g 干斤拔 204g,以上九味，将黑老虎根皮部粉碎成粗粉，狗脊、金樱子、鸡血藤、骨碎补、牛大力、千斤拔、桑寄生水煎 4 小时，滤过，滤渣加黑老虎根木部及大枣再水煎 4 小时，滤过，合并滤液，浓缩至稠膏，加入黑老虎根皮部粗粉，混匀，干燥，粉碎成细粉，过筛，每 100g 药粉加入炼蜜 100～110g，制成大蜜丸；或加蔗糖 42g，炼蜜 5.3g 与适量水，泛丸，包衣，打光，干燥，制成水蜜丸，即得
金锁固精丸,丸剂,固肾涩精。用于肾虚不固，遗精滑泄，神疲乏力，四肢酸软，腰痛耳鸣,沙苑子（炒） 60g 荚实（蒸） 60g 莲须 60g 龙骨（煅） 30g 牡蛎（煅） 30g 莲子：120g,以上六味，粉碎成细粉，过筛，混匀，用水泛丸，干燥，即得
金樱子膏,膏剂,补肾固精。用于肾虚所致之遗精、遗尿、白带过多,金樱子 1000g,将金樱子加水煎煮三次，第一次 3 小时，第二、三次各 2 小时，合并煎液，滤过，滤液浓缩成清膏；取蔗糖 1000g，制成转化糖，加入上述清膏中，混匀，浓缩至规定的相对密度，即得
鱼鳔丸,丸剂,补肝肾、益精血。用于肝肾不足，气血两虚，症见腰膝酸软无力，头晕耳鸣，失眠健忘，梦遗滑精，阳痿早泄，骨蒸潮热,鱼鰓(滑石烫)360g、熟地黄45g、泽泻45g、山药45g、茯茯45g、山茱萸(酒炙)45g、鹿角胶180g、鹿角霜180g、巴戟天(去心甘草炙)45g、肉苁蓉(酒炙)45g、枸杞子90g、菟丝子90g、沙苑子180g、五味子(醋炙)45g、覆盆子45g、车前子(盐炙)45g、莲须45g、赤石脂(煅醋淬)45g、地黄45g、地骨皮45g、石斛45g、天冬45g、麦冬45g、杜仲炭45g、牛膝45g、石菖蒲45g、远志(甘草炙)45g、柏子仁45g、酸枣仁(炒)45g、白术(麸炒)45g、当归45g、木香45g、花椒(去目)45g,以上三十三味，粉碎成细粉，过筛，混匀，每 100g 粉末加炼蜜 100g，制成大蜜丸，即得
追风丸,丸剂,舒筋活血，祛风化痰。用于筋骨软弱，手足麻木，腰背疼痛，行走艰难,荆芥200g、防风200g、白芷100g、桂枝80g、川乌(制)100g、草乌(制)100g、续断200g、白芍200g、白附子(制)50g、僵蚕(炒)200g、胆南星60g、法半夏150g、地龙(肉)100g、雄黄50g、石膏100g、甘草50g、川芎200g、当归200g,以上十八味，雄黄粉碎成极细粉，其余荆芥等十七味粉碎成细粉，与雄黄粉末配研，混匀、过筛。每 100g 粉末加炼蜜 130～150g，制成大蜜丸，即得
治伤散,散剂,祛风散结，消肿止痛。用于跌打损伤所致之外伤红肿，内伤胁痛等,生关白附 1200g 防风 100g 羌活 100g 南星天（姜矾制） 200g 白芷 100g,以上五味，取生关白附、防风、羌活、白芷粉碎成细粉，加入天南星炮制品，共研制成细粉，过筛，混匀，即得（注：天南星炮制法：取干姜 30g，煎汁去渣，白矾 150g 化水，二液混合；将生天南星 1000g 切片或打碎，放入姜矾混合液中浸 12 小时，以吸尽为度，干燥，即得）
治带片,片剂,清利湿热，止带。用于湿热下注，赤带、白带、黄带,墓头回 195g 苦参 195g 金樱子 260g 知母（盐炒） 130g 苍术（炒） 130g,以上五味，除苍术粉碎成细粉，过筛外，墓头回等四味加水煎煮二次，每次 2～3 小时，合并煎液，滤过，浓缩成稠膏，加入苍术细粉及辅料，制粒，干燥，压制成 1000 片，包糖衣，即得
定坤丸,丸剂,补气养血，舒郁调经。用于冲任虚损，气血两亏，身体瘦弱，月经不调，经期紊乱，行经腹痛，崩漏不止，腰酸腿软,西洋参60g、白术18g、茯苓30g、熟地黄30g、当归24g、白芍18g、川芎18g、黄芪24g、阿胶18g、五味子(醋炙)18g、鹿茸(去毛)30g、肉桂12g、艾叶(炒炭)60g、杜仲(炒炭)24g、续断18g、佛手12g、陈皮18g、厚朴(姜炙)6g、柴胡18g、香附(醋炙)12g、延胡索(醋炙)18g、牡丹皮18g、琥珀12g、龟板(沙烫醋淬)18g、地黄30g、麦冬18g、黄芩18g,以上二十七味，粉碎成细粉，过筛，混匀。每 100g 粉末加炼蜜 130～150g，制成大蜜丸或小蜜丸，即得
定搐化风丸,丸剂,清热镇惊，散风化痰。用于小儿脏腑积热，关窍闭塞引起急热惊风，痰涎壅盛，昏睡，神志不清，牙关紧闭，四肢抽搐，颈项强直，二目直视,全蝎 300g僵蚕(麸炒)、150g蝉蜕、150g、防风 150g羌活、150g麻黄、150g、桔梗 90g半夏(制)、150g黄连、90g、大黄 150g甘草、90g人工牛黄、10g、朱砂 50g麝香、1.5g冰片、10g,以上十五味，除朱砂水飞或粉碎成极细粉，人工牛黄、麝香、冰片分别研成细粉外，其余全蝎等十一味粉碎成细粉，过筛，混匀，每 300g 粉末与上述朱砂等四味细粉配研，过筛，混匀。每 100g 粉末加炼蜜 100g，制成大蜜丸，即得
驻车丸,丸剂,滋阴，止痢。用于久痢伤阴，赤痢腹痛，里急后重，休息痢疾,黄连 360g 阿胶 180g 干姜（炮） 120g 当归 180g,以上四味，粉碎成细粉，过筛，混匀，加醋 60mL 与适量的水，泛丸，干燥，即得
阿胶补血膏,膏剂,滋阴补血，补中益气，健脾润肺。用于久病体弱，血亏目昏，虚痨咳嗽,阿胶 150g 熟地黄 300g 党参 300g 黄芪 150g 枸杞子 150g 白术 150g,以上六味，除阿胶外，将熟地黄加水煎煮二次，合并煎液，滤过，静置，取上清液备用；其余白术、枸杞子用 60% 乙醇；党参、黄芪用 25% 乙醇照流浸膏与浸膏剂项下的渗漉法（附录 11 页）进行渗漉，合并渗漉液，静置，滤过；加入阿胶、熟地黄上清液和单糖浆等，混匀，减压浓缩至规定的相对密度，滤过，放冷，即得
参茸白凤丸,丸剂,补血强身，调经安胎。用于月经不调，经期腹痛，气血不足，经漏早产,人参8.2g、鹿茸(酒制)9.4g、黄芪(酒制)39g、党参(炙)40g、当归(酒蒸)39g、川芎(酒制)30g、熟地黄77.5g、白芍(酒制)39g、延胡索(酒醋制)23g、胡芦巴(盐制)30g、续断(酒制)30g、白术(米汁制)30g、香附(酒醋制)31g、砂仁23g、益母草(酒制)39g、黄芩(酒制)30g、桑寄生(蒸)21g、甘草(炙)30g,以上十八味，除人参、鹿茸分别粉碎成细粉外，其余黄芪等十六味粉碎成细粉，过筛，与人参、鹿茸细粉混匀。每 100g 粉末加炼蜜 35～45g 与适量的水，泛丸，干燥；或加炼蜜 85～105g 制成大蜜丸，即得
参茸多鞭酒,酒剂,补血生精，健脑增髓，滋阴壮阳。用于体质虚弱，神经衰弱，贫血头晕，腰酸背痛，阳虚气弱，阳痿早泄，肾亏等症,鹿茸(片)1850g、天冬300g、红参1500g、淫羊藿(制)150g、巴戟夫300g、海马(制)150g、补骨脂(盐炒)250g、锁阳225g、菟丝子(炒)1350g、川牛膝300g、枸杞子750g、大青盐600g、阳起石(煅)1350g、硫黄(制)25g、肉桂1350g、韭菜子225g、附子(制)1350g、驴鞭(烫制)13.3g、熟地黄750g、狗鞭(烫制)83.5g、砂仁160g、貂鞭(烫制)6.3g、牛鞭(烫制)26.6g、石燕(煅)750g、刺猬皮(烫制)300g、地骨皮300g、肉苁蓉(制)300g、杜仲(炭)150g、甘草75g、丁香200g、麻雀225g,以上三十一味，将麻雀去净羽毛及内脏，用硫黄蒸熟，烘干，其余药材酌予碎断，与麻雀共投入加热罐中，加入 60 度以上高粱酒至淹没药材为度，密封，加热回流（80℃），在罐内保持 12 小时，待自然降温后，取上清液，再加入适量白酒，按上述方法连续操作，至白酒无色。取白糖 500kg 溶解后加入上述溶液中，再加高粱酒至总量为 500kg，充分混合搅拌，静置，于零下 8～12℃冷却，滤过，分装，即得
珍珠散,散剂,祛腐生肌，收湿敛疮。用于痈疡溃烂，流脓溢水，新肉不生，久不收口,石决明(煅） 750g 龙骨（煅） 150g 白石脂（煅） 90g 石膏（煅） 60g 珍珠 7.5g 麝香 7.5g 冰片 30g,以上七味，除麝香、冰片外，珍珠水飞或粉碎成极细粉，石决明等四味粉碎成细粉，过筛，混匀。麝香、冰片研细，与上述粉末配研，过筛，混匀，即得
荆防败毒丸,丸剂,清热散风，解毒消肿。用于时行性感冒，恶寒发热，头痛咳嗽，瘟毒发颐,荆芥126g、防风78g、党参78g、甘草63g、桔梗78g、川芎78g、薄荷78g、前胡126g、柴胡126g、枳壳63g、独活78g、羌活78g、土茯苓126g,以上十三味，粉碎成细粉，过筛，混匀，用水泛丸，低温干燥，即得
茸坤丸,丸剂,调经养血，理气止带。用于月经不调，月经过多，赤白带下，产后腹痛,鹿茸56g、白术(土炒)100g、香附(制)100g、白芍(酒炒)100g、黄芩(酒制)50g、熟地黄100g、紫苏50g、地黄100g、阿胶(炒)50g、沉香10g、化橘红100g、益母草(酒制)600g、琥珀50g、川牛膝40g、木香50g、党参80g、乌药(制)100g、川芎(制)100g、当归(制)100g、茯苓100g、砂仁50g、甘草(蜜炙)30g,以上二十二味，除琥珀水飞或粉碎成极细粉，鹿茸、砂仁、沉香分别研成细粉外，其余白术等十八味粉碎成细粉，过筛，与上述粉末配研，过筛，混匀。每 100g 粉末加炼蜜 145～155g，制成大蜜丸，即得
卧龙散,散剂,开窍、通关。用于中暑中恶，突然昏厥以及小儿惊厥,麝香 10g 蟾酥 50g 冰片 75g 闹羊花 80g 猪牙皂 50g 荆芥穗 50g 灯心草（炭） 300g,以上七味，除麝香、冰片外，蟾酥等五味粉碎成细粉；将麝香、冰片研细，与上述粉末配研，过筛，混匀，即得
复方紫参冲剂,颗粒剂,舒肝理气，活血散结。用于晚期血吸虫病引起的肝脾肿大,石见穿 250g 当归 150g 丹参 250g 香附 150g 鸡血藤 250g 郁金 150g 红花 100g 鳖甲 150g,以上八味，鳖甲加水煎煮二次，每次 4 小时，合并煎液，滤过，滤液浓缩。其余石见穿等七味加水煎煮二次，每次 1.5 小时，合并煎液，滤过，滤液适当浓缩后，加乙醇使沉淀，滤过，滤液回收乙醇后，加入鳖甲浓缩液中，浓缩至相对密度为 1.38～1.40（80～85℃）的清膏。取清膏 1 份，加糖 3 份、糊精 1 份与乙醇适量，制成颗粒，干燥，即得
香砂枳术丸,丸剂,健脾开胃，行气消痞。用于脾虚气滞，脘腹痞闷，食欲不振，大便溏软,木香 150g 枳实(麸炒) 150g 砂仁 150g 白术(麸炒) 150g,以上四味，粉碎成细粉，过筛，混匀，用水泛丸，干燥，即得
脉安冲剂,颗粒剂,治疗高脂蛋白血症。用于降低血清胆固醇，防止动脉粥样硬化，对降低甘油三脂、β- 脂蛋白也有一定作用,北山楂 100g 麦芽 100g,以上二味，北山楂捣碎与麦芽加水煎煮二次，每次 1 小时，合并煎液，滤过，滤液浓缩至相对密度为 1.30（80℃）的清膏，加乙醇适量，搅匀，取清膏一份，蔗糖粉 2 份，糊精 1.2 份，制成颗粒，干燥，过筛，即得
养血安神丸,丸剂,滋阴养血，宁心安神。用于阴虚血少，心悸、头晕，失眠多梦，手足心热,首乌藤 150g 地黄 150g 鸡血藤 150g 合欢皮 150g 熟地黄 150g 墨旱莲 150g 仙鹤草 250g,以上七味，各取出一半粉碎成细粉；其余加水煎煮二次，合并煎液，滤过，滤液浓缩至相对密度为 1.20～1.25（50℃）的稠膏；取上述粉末 2 份用稠膏 1 份加适量水泛丸，干燥，每 100g 用滑石粉 7.5g 包衣，打光，即得
养血荣筋丸,丸剂,养血荣筋，祛风通络。用于跌打损伤日久引起的筋骨疼痛，肢体麻木，肌肉痿缩，关节不利，肿胀等陈旧性疾患,当归45g、鸡血藤75g、何首乌(黑豆酒炙)150g、赤芍75g、续断75g、桑寄生75g、铁丝威灵仙(酒炙)45g、伸筋草75g、透骨草45g、油松节45g、补骨脂(盐炒)60g、党参75g、白术(麸炒)60g、陈皮45g、木香45g、赤小豆75g,以上十六味，粉碎成细粉，过筛，混匀。每 100g 粉末加炼蜜 110～130g，制成大蜜丸，即得
济坤丸,丸剂,调经养血，和胃安神。用于月经不调，痛经，经前不寐，肝胃不和，乳房生结节,香附（醋制）40g、熟地黄40g、莲子40g、当归30g、泽兰30g、地黄20g、茯苓20g、天冬20g、麦冬20g、延胡索（醋制）20g、红花20g、白芍20g、龙胆20g、厚朴（姜制）20g、青皮（醋制）15g、丹参10g、牡丹皮10g、蝉蜕10g、桔梗10g、枳壳（麸炒）10g、稻芽（炒）10g、关木通10g、益智（盐制）10g、乌药8g、陈皮8g、木香8g、白术（麸炒）8g、阿胶5g、酸枣仁（炒）5g、远志（制）5g、草豆蔻5g、川楝子4g,以上三十二味，粉碎成细粉，过筛，混匀。每 100g 粉末加炼蜜 130～150g，制成大蜜丸，即得
活络丸,丸剂,祛风，舒筋，活络，除湿。用于风寒湿痹引起：肢体疼痛，手足麻木，筋脉拘挛，中风瘫痪，口眼歪斜，半身不遂，言语不清,蕲蛇(酒炙)420g、麻黄900g、羌活900g、竹节香附900g、天麻900g、乌梢蛇(酒炙)225g、细辛450g、虎骨(油炙)450g、僵蚕(麸炒)450g、铁丝威灵仙(酒炙)525g、防风1125g、全蝎225g、肉桂(去粗皮)900g、附子(炙)450g、丁香450g、地龙225g、没药(醋炙)450g、乳香(醋炙)450g、赤芍450g、血竭337.5g、何首乌(黑豆酒炙)900g、玄参900g、甘草900g、熟地黄900g、白术(麸炒)450g、茯苓250g、人参450g、龟板(沙烫醋淬)450g、骨碎补450g、当归525g、广藿香900g、熟大黄900g、白芷900g、川芎900g、草豆蔻900g、黄芩900g、沉香900g、黄连900g、青皮(醋炙)450g、香附(醋炙)450g、天竺黄450g、木香450g、乌药450g、松香450g、葛根525g、豆蔻450g、麝香27g、水牛角浓缩粉66g、冰片9g、人工牛黄15g、朱砂90g、安息香30g,以上五十二味，除水牛角浓缩粉外，朱砂、麝香、冰片、人工牛黄、安息香分别研成细粉；其余蕲蛇等四十六味粉碎成细粉，过筛，混匀，每 4320g 粉末与上述麝香等六味粉末配研，过筛，混匀。每 100g 粉末加炼蜜 130～140g，制成大蜜丸，即得
祛风止痛片,片剂,祛风止痛、散寒除湿、强壮筋骨。用于风寒湿痹，关节疼痛、四肢麻木、腰膝酸软,老鹳草 334g 槲寄生 167g 红花 83g 威灵仙 83g 制草乌 83g 续断 167g 独活 83g,以上七味，威灵仙、独活粉碎成细粉，过筛；其余槲寄生等五味碎断加水煎煮二次，每次 2～3 小时，合并煎液，滤过，滤液浓缩至相对密度为 1.20（80℃）的清膏，与上述细粉及适量辅料混匀，制成颗粒，干燥，压制成 1000 片，包糖衣，即得
通经甘露丸,丸剂,活血祛瘀，通经止痛。用于血瘀阻滞所致的经闭不通，小腹疼痛；或经血量少，小腹疼痛拒按以及癥瘕积块,当归120g、桃仁(去皮)120g、红花120g、牡丹皮120g、干漆(煅)120g、牛膝120g、三棱(麸炒)15g、莪术(醋炙)30g、大黄(酒炒)120g、肉桂(去粗皮)120g,以上十味，粉碎成细粉，过筛，混匀，用水泛丸，干燥，即得
通窍耳聋丸,丸剂,清肝泻火，通窍润便。用于肝经热盛，头目眩晕，耳聋蝉鸣，耳底肿痛，目赤口苦，胸膈满闷，大便燥结,柴胡60g、龙胆48g、芦荟48g、熟大黄48g、黄芩120g、青黛48g、天南星(矾炙)48g、木香60g、青皮(醋炙)90g、陈皮48g、当归90g、栀子(姜炙)60g,以上十二味，粉碎成细粉，过筛，混匀，用水泛丸，干燥，将滑石粉碎成极细粉，包衣，打光，即得
通窍镇痛散,散剂,行气活血，通窍止痛。用于痰瘀痹阻，心胸憋闷疼痛，或中恶气闭，霍乱吐泻,石菖蒲125g、郁金125g、葶苈125g、香附(醋炙)125g、木香125g、丁香125g、檀香125g、沉香125g、苏合香125g、安息香125g、冰片37.5g、乳香125g,以上十二味，乳香、安息香、冰片分别研细，苏合香用乙醇溶解，滤过，石菖蒲等八味粉碎成细粉，加苏合香乙醇液，搅匀，阴干，粉碎成细粉，过筛，与上述乳香等三味细粉配研，过筛，混匀，即得
桂枝茯苓丸,丸剂,活血化瘀，缓消瘀块。用于妇人宿有癥块，妊娠后漏下不止，胎动不安，或血瘀经闭，行经腹痛，产后恶露不尽，血色紫暗，而有腹痛拒按,桂枝 100g 茯苓 100g 牡丹皮 100g 白芍 100g 桃仁 100g,以上五味，粉碎成细粉，过筛，混匀，每 100g 粉末加炼蜜 90～110g，制成大蜜丸，即得
都梁丸,丸剂,祛风散寒，活血通络。用于风寒之邪引起的鼻塞不通，偏正头痛，或伴寒热,白芷（黄酒100g浸蒸） 500g 川芎 125g,以上二味，粉碎成细粉，过筛，混匀。每 100g 粉末加炼蜜 112.5g，制成大蜜丸，即得
换骨丸,丸剂,散风祛湿，活络止痛。用于风湿阻络，四肢麻木，周身疼痛，筋骨无力，行步艰难,麻黄 120g 铁丝威灵仙(酒炙)60g 防风 60g 白芷 60g 苍术(米泔炙) 60g 蔓荆子(微炒) 60g 川芎 60g 桑白皮(蜜炙) 60g 苦参 60g 槐角（蜜炙） 60g 人参 60g 何首乌（黑豆酒炙） 60g 五味子（醋炙） 60g 木香 60g,以上十四味，粉碎成细粉，过筛，混匀。每 100g 粉末加炼蜜 130～150g，制成大蜜丸，即得
脑立清丸,丸剂,平肝潜阳，醒脑安神。用于肝阳上亢引起的头晕目眩，耳鸣口苦，心烦难寐及高血压等症,磁石200g、赭石350g、珍珠母100g、清半夏200g、酒曲200g、酒曲(炒)200g、牛膝200g、薄荷脑50g、冰片50g,以上十味，先将磁石、赭石、珍珠母、清半夏、牛膝、酒曲、炒酒曲七味，分别粉碎成细粉，过筛，取出赭石粉 100g 留作包衣用。薄荷脑、冰片研成细粉，与上述粉末配研，过筛。猪胆汁（或猪胆膏）加适量水，煮沸，滤过，用胆汁水泛丸，用剩余的赭石粉包衣，40℃低温干燥，即得
铁笛丸,丸剂,润肺利咽，生津止渴。用于肺热津伤，咽干口燥，声音嘶哑，咽喉疼痛,麦冬150g、玄参150g、瓜萎皮150g、诃子肉150g、青果60g、凤凰衣15g、桔梗30g、浙贝母300g、茯苓150g、甘草300g,以上十味，粉碎成细粉，过筛，混匀。每 100g 粉末加炼蜜 110～130g，制成大蜜丸，即得
铁箍散,散剂,解毒消肿，软坚止痛。用于疔疖痈疡，红肿疼痛，坚硬未溃,生川乌 30g 生草乌 30g 生半夏 30g 赤小豆 30g 芙蓉叶 30g 五倍子 30g 白及 30g,以上七味，粉碎成细粉，过筛，混匀，即得
豹骨木瓜酒,酒剂,祛风定痛，除湿散寒。用于筋脉拘挛，四肢麻木，骨节疫痛，历节风痛,豹骨(制)30g、防风15g、秦艽15g、天麻30g、当归30g、红花30g、川芎30g、茄根30g、续断30g、玉竹60g、五加皮30g、木瓜90g、川牛膝30g、桑枝120g,以上十五味，粉碎成粗粉，按流浸膏剂与浸膏剂项下渗漉法（附录 11 页），用白酒 10kg 作溶剂，浸渍 48 小时后，缓缓渗漉，收集漉液，静置沉淀，滤过，加砂糖 1kg 搅拌溶化，滤过，即得
调经止带丸,丸剂,补血调经，清热，利湿。用于血虚气滞，月经不调，湿热下注，赤白带下,熟地黄120g、香附(制)120g、远志(甘草制)60g、川芎(酒炒)60g、海螵蛸60g、赤石脂(煅)90g、当归60g、白芍(酒炒)60g、椿皮60g、牡蛎(煅)90g、黄柏(盐炒)60g,以上十一味，粉碎成细粉，过筛，混匀。每 100g 粉末加炼蜜 30～50g 与适量的水，泛丸，低温干燥，即得
调经化瘀丸,丸剂,调经行血，理气化瘀。用于气滞血瘀引起的经血不调，行经腹痛或经闭不通,香附(醋制)1000g、艾叶(炭)200g、当归200g、地黄200g、川芎100g、赤芍100g、桃仁100g、红花100g、三棱(醋制)100g、莪术(醋制)100g、干漆(炭)100g,以上十一味，除艾叶炭外，取香附 50g，与当归、川芎、赤芍、干漆（炭）粉碎成细粉；其余的香附与地黄等五味用水煎煮二次，合并煎液，滤过，浓缩成稠膏。将上述粉末加入浓缩膏内，搅匀，干燥，粉碎成细粉，过筛，泛丸，干燥。艾叶炭粉碎成细粉，另用明胶 20g 化水，包衣，打光，干燥，即得
调经姊妹丸,丸剂,活血调经，逐瘀生新。用于瘀滞性经血不调，行经腹痛,五灵脂71g、桃仁霜95g、香附(醋炙)48g、肉桂60g、大黄83g、当归59g、青皮95g、莪术95g、丹参59g、红花95g,以上十味，粉碎成细粉，过筛，混匀，用水泛丸，60℃以下干燥，即得
烧烫伤膏,膏剂,清热解毒，消肿止痛。用于水火烫伤,獐油 192g 地榆 28.8g 大黄 28.8g 冰片 6g 虫白蜡 7.2g 无水羊毛脂 2.4g 蜂蜡 7.2g 茉莉香精 0.18g 白凡士林 12g,以上九味，地榆、大黄粉碎成细粉，过筛；冰片研细，獾油加热至 100℃以上，滤过，置容器内。蜂蜡、虫白蜡加热至 100℃，加入白凡士林和无水羊毛脂，熔化后，滤过，制成基质。取基质 28.8g 加热熔融，加入獾油搅匀，放冷至 70℃，加入上述大黄和地榆粉，搅拌混匀，冷却至 50℃加入冰片和茉莉香精，搅匀，即得
黄连上清丸,丸剂,清热通便，散风止痛。用于上焦风热，头晕脑胀，牙龈肿痛，口舌生疮，咽喉红肿，耳痛耳鸣，暴发火眼，大便干燥，小便黄赤,黄连10g、栀子(姜制)80g、连翘80g、蔓荆子(炒)80g、防风40g、荆芥穗80g、白芷80g、黄芩80g、菊花160g、薄荷40g、大黄(酒炒)320g、黄柏(酒炒)40g、桔梗80g、川芎40g、石膏40g、旋覆花20g、甘草40g,以上十七味，粉碎成细粉，过筛，混匀。每 100g 粉末加炼蜜 150～170g，制成大蜜丸，即得
黄精丸,丸剂,补气养血。用于气血两亏，身体虚弱，腰腿无力，倦怠少食,黄精 250g 当归，250g,以上二味，黄精用黄酒 100g 蒸 48 小时，取出，低温干燥。另取黑豆 25g，加水煎煮二次，每次 3～4 小时，合并煎液，滤过，滤液浓缩至适量，浓缩液用当归吸尽，取出，低温干燥，加入黄精，粉碎成细粉，过筛，混匀。每 100g 粉末加炼蜜 60～70g，制成大蜜丸，即得
萆薢分清丸,丸剂,分清化浊，温肾利湿。用于肾不化气，清浊不分，小便频数，时下白浊,粉草藓 320g 石菖蒲 60g 甘草 160g 乌药 80g 益智仁（炒） 40g,以上五味，粉碎成细粉，过筛，混匀，用水泛丸，干燥。将滑石粉碎成极细粉包衣，打光，干燥，即得
接骨丸,丸剂,活血散瘀，消肿止痛。用于跌打损伤，青紫肿痛，闪腰岔气，筋断骨折，瘀血作痛,甜瓜子100g、土鳖虫100g、地龙(广地龙)100g、桂枝(炒)100g、郁金100g、骨碎补100g、续断100g、自然铜(煅醋淬)100g、马钱子粉100g,以上九味，除马钱子粉外，甜瓜子等八味粉碎成细粉，过筛，混匀，与马钱子粉配研，过筛，混匀。用水泛丸，干燥，包衣，打光，即得
蛇咬丸,丸剂,解毒祛风，消肿止痛。用于毒蛇咬伤肿痛，蜈蚣、鼠咬及蜂螫伤等症,半边旗188g、五灵脂281g、半边莲188g、两面针281g、枯矾46.9g、全蝎(泡)234g、半夏(制)234g、三七141g、防风281g、木香188g、桔梗281g、硼砂46.9g、夜明砂234g、雄黄125g、南蛇胆汁46.8g、羌活281g、前胡281g、白芍188g、木通281g、细辛188g、吴茱萸(泡)234g、石菖蒲281g、白芷281g、牛蒡子281g、五倍子234g、秦艽281g、威灵仙281g,以上二十七味，除雄黄水飞成细粉外，其余半边旗等二十五味粉碎成细粉，过筛，与雄黄粉末、南蛇胆汁混匀，每 100g 粉末加炼蜜 120～130g，制成大蜜丸，即得
得生丸,丸剂,养血化瘀，调经止痛。用于血瘀气滞，月经不调，经期腹痛，癥瘕痞块,益母草 600g 当归 200g 白芍 200g 柴胡 100g 木香 50g 川芎 50g,以上六味，粉碎成细粉，过筛，混匀。每 100g 粉末加炼蜜 190～210g，制成大蜜丸，即得
清音丸,丸剂,清音、利咽。用于肺热、胃热，口干舌燥，声哑失音,桔梗 100g 寒水石 100g 薄荷 100g 河子肉 100g 甘草 100g 乌梅肉 100g 青黛 20g 硼砂（煅） 20g 冰片 20g,以上九味，除青黛、冰片分别研成细粉外，桔梗等七味粉碎成细粉，与上述粉末配研，过筛，混匀。每 100g 粉末加炼蜜 110～130g，制成大蜜丸，即得
清咽利膈丸,丸剂,清热利咽，消肿止痛。用于外感时毒，脏腑积热，咽喉肿痛，面红腮肿，痰涎壅盛，胸膈不利，口苦舌干，大便秘结，小便黄赤,射干100g、连翘100g、栀子100g、黄芩100g、熟大黄25g、牛蒡子(炒)100g、薄荷100g、天花粉100g、玄参100g、荆芥穗100g、防风100g、桔梗200g、甘草150g,以上十三味，粉碎成细粉，过筛，混匀，用水泛丸，干燥，即得
清咽润喉丸,丸剂,清热利咽、消肿止痛。用于风热内壅，肺胃热盛，胸膈不利，口渴心烦，咳嗽痰多，咽喉肿痛，失音声哑,射干30g、山豆根30g、桔梗30g、僵蚕（麸炒）15g、栀子（姜炙）15g、牡丹皮30g、青果30g、金果榄15g、麦冬45g、玄参45g、知母30g、地黄45g、白芍60g、浙贝母30g、甘草60g、冰片6g、水牛角缩粉3g,以上十七味，除水牛角浓缩粉外，冰片研成细粉，其余射干等十五味粉碎成细粉，过筛，混匀，与上述粉末配研，过筛，混匀。每 100g 粉末加炼蜜 100～120g，制成大蜜丸，即得
清凉油,搽剂,清凉散热，醒脑提神，止痒止痛。用于感冒头痛，中暑，晕车，蚊虫蜇咬等,薄荷脑 160g 薄荷油 100g 桥脑油 30g 榈脑 160g 桉油 100g 丁香油 12g 桂皮油 12g 氨水 6ml,以上八味，取薄荷脑、樟脑，研磨混融，加薄荷油、樟脑油、桉油、丁香油、桂皮油搅匀。另取适量石蜡、地蜡、黄凡士林，加热熔融，放至 65～70℃，加入薄荷脑等的混合液中，搅匀，再与氨水混合，制成 1000g。趁热滤过，保持 45～60℃，灌装，即得
羚羊清肺丸,丸剂,清肺利咽，除瘟止嗽。用于肺胃热盛，感受时邪，身热头晕，四肢酸懒，咳嗽痰盛，咽喉肿痛，鼻衄咳血，口干舌燥,浙贝母40g、桑白皮（蜜炙）25g、前胡25g、麦冬25g、天冬25g、天花粉50g、生地黄50g、玄参50g、石斛100g、桔梗50g、枇杷叶（蜜炙）50g、苦杏仁（炒）25g、金果榄25g、金银花50g、大青叶25g、栀子50g、黄芩25g、板蓝根25g、牡丹皮25g、薄荷25g、甘草15g、熟大黄25g、陈皮30g、羚羊角粉6g,以上二十四味，除羚羊角粉外，其余浙贝母等二十三味，粉碎成细粉，过筛。将羚羊角粉与浙贝母等细粉配研，过筛，混匀。每 100g 粉末加炼蜜 140～160g，制成大蜜丸，即得
羚翘解毒丸,丸剂,疏风清热，解毒。用于风热感冒，恶寒发热，头晕目眩，咳嗽，咽痛，两腮赤肿等症,羚羊角3.75g、金银花180g、连翘180g、薄荷120g、荆芥穗90g、淡豆豉75g、牛蒡子(炒)120g、桔梗120g、淡竹叶90g、甘草75g,以上十味，除羚羊角粉碎成细粉外；其余金银花等九味粉碎成细粉，与上述粉末配研，过筛，混匀。每 100g 粉末加炼蜜 120～150g，制成大蜜丸，即得
犀角地黄丸,丸剂,清肝肺热，凉血止咳。用于肺胃积热，肺经火旺，引起咳嗽吐血，鼻孔衄血，咽干口渴，烦躁心跳，肠热便血，大便秘结,地黄15g、白芍15g、牡丹皮30g、侧柏叶60g、荷叶(炭)60g、白茅根30g、栀子(姜炙)30g、大黄(炭)60g、犀角(粉)1.5g、水牛角浓缩粉27g,以上十味，除犀角粉、水牛角浓缩粉外，其余地黄等八味粉碎成细粉，过筛，混匀，与上述犀角粉等二味细粉配研，过筛，混匀。每 100g 粉末加炼蜜 110～120g，制成大蜜丸，即得
提毒散,散剂,化腐解毒，生肌止痛。用于疔疖痈肿，疮疡溃烂，流脓血水，疮口不敛,石膏（煅）60g 炉甘石（煅黄、水飞）30g 轻粉 15g 红粉 3g 红丹 3g 冰片 3g,以上六味，分别粉碎成细粉，过筛，混匀，即得
紫花地丁软膏,膏剂,抗菌消炎。用于一切疖肿，乳腺炎,紫花地丁稠膏 8334g,取蜂蜡 555g 加热熔化，滤过，与滤过后的麻油 1111g 加热搅匀，保温 110～120℃，再与保温 40～45℃的紫花地丁稠膏充分搅匀，即得（注：紫花地丁稠膏制法：将紫花地丁洗净，加水煎煮二次，第一次加 10 倍量水（1.5 小时），第二次加 5 倍量水（1 小时），合并二次煎液，静置沉淀。取上清液浓缩至稠膏（44°Be），加 0.5% 苯甲酸钠或 0.05% 对羟基苯甲酸乙酯，搅匀，即得）
暑湿感冒冲剂,颗粒剂,清暑去湿，芳香化浊。用于外感风寒引起的感冒，胸闷呕吐，腹泻便溏，发热不畅,藿香 155.5g、防风103.7g、紫苏叶 155.5g、白芷 103.7g、佩兰 155.5g、苦杏仁 103.7g、大腹皮 103.7g、香薷103.7g、陈皮 103.7g、半夏155.5g、茯苓 155.5g、,以上十一味，藿香、紫苏叶、白芷、佩兰提取挥发油，药渣与其余杏仁等七味，加水煎煮三次，第一次 3 小时，第二次 2 小时，第三次 1 小时，合并煎液，滤过，滤液浓缩至相对密度为 1.40 的清膏，喷雾干燥，加白糖 440g、糊精 180g，混匀，以 70% 乙醇制粒，干燥，喷入挥发油，混匀，即得
舒肝保坤丸,丸剂,舒肝调经，益气养血。用于血虚肝郁，寒湿凝滞所致的月经不调，痛经，闭经，产后腹痛，产后腰腿痛,香附(醋炙)96g、沉香12g、木香12g、砂仁12g、厚朴(姜炙)18g、枳实12g、山楂(炒)18g、莱菔子(炒)18g、陈皮18g、半夏(制)18g、草果(仁)18g、槟榔18g、桃仁(去皮)12g、红花6g、当归24g、川芎18g、益母草30g、白芍18g、五灵脂(醋炙)18g、官桂12g、干姜6g、蒲黄(炭)18g、艾叶(炭)18g、黄芪(蜜炙)24g、白术(麸炒)18g、茯苓24g、山药18g、防风18g、山茱萸(酒炙)18g、阿胶18g、黄芩18g、木瓜18g、石菖蒲12g,以上三十三味，粉碎成细粉，过筛，混匀。每 100g 药粉加炼蜜 130g，制成大蜜丸，即得
舒筋丸（剧）,丸剂,祛风除湿，舒筋活血。用于受风受寒，四肢麻木，筋骨疼痛，行步艰难,马钱子(调制)80g、麻黄80g、独活6g、羌活6g、桂枝6g、甘草6g、千年健6g、牛膝6g、乳香(醋制)6g、木瓜6g、没药(醋制)6g、防风6g、杜仲(盐制)3g、地枫皮6g、续断3g,以上十五味，除马钱子粉外，其余麻黄等十四味粉碎成细粉，取上述混合粉末 152g 与马钱子粉配研，混匀，过筛。每 100g 粉末加炼蜜 150～170g，制成大蜜丸，即得（附注：马钱子粉：取马钱子用砂烫法炮制，闯去毛茸，粉碎成细粉。按《中国药典》1985 年版马钱子含量测定法测定士的宁含量后，以淀粉为稀释剂，调整其含量为 1.15%，即得）
舒筋活血丸,丸剂,舒筋通络，活血止痛。用于跌打损伤，闪腰岔气，筋断骨折，瘀血作痛,土鳖虫150g、红花150g、桃仁150g、牛膝150g、骨碎补150g、续断150g、熟地黄150g、白芷150g、栀子150g、赤芍150g、桂枝150g、三七100g、乳香(制)100g、苏木100g、自然铜(醋煅)100g、大黄100g、儿茶50g、马钱子(制)50g、当归250g、冰片25g,以上二十味，除冰片外，土鳖虫等十九味粉碎成细粉；将冰片研细，与上述粉末配研，过筛，混匀。每 100g 粉末加炼蜜 130～150g，制成大蜜丸，即得
舒筋活络丸,丸剂,驱风祛湿，舒筋活络。用于一般骨节风痛，腰膝酸痛,五加皮36g、威灵仙24g、羌活24g、稀茎草24g、胆南星12g、川芎12g、独活24g、桂枝36g、木瓜24g、当归24g、牛膝24g、地枫皮12g,以上十二味，粉碎成细粉，过筛，混匀。每 100g 粉末加炼蜜 140～170g，制成大蜜丸，即得
痫症镇心丸,丸剂,镇心安神，豁痰开窍。用于痰迷心窍，癫痫痴呆,水牛角浓缩粉100g、珍珠20g、石菖蒲20g、黄连30g、麦冬(炒)70g、远志(制)20g、胆南星50g、牛黄7g、朱砂30g、酸枣仁(炒)100g、茯苓70g、甘草10g,以上十二味，珍珠、朱砂分别水飞或粉碎成极细粉；牛黄、水牛角浓缩粉研细；其余石菖蒲等八味粉碎成细粉，与上述粉末配研，过筛，混匀。每 100g 粉末加炼蜜 25～35g 与适量的水，泛丸，干燥，即得
普济回春丸,丸剂,清热解毒，散风泻火。用于小儿风热疫毒，发热头痛，头面红肿，咽喉肿痛，痄腮，颜面丹毒,黄连6g、牛蒡子(炒)80g、黄芩10g、僵蚕(麸炒)80g、陈皮20g、板蓝根160g、甘草20g、桔梗20g、连翘80g、马勃80g、玄参20g、薄荷80g、朱砂24g、柴胡80g、升麻80g,以上十五味，除朱砂水飞或粉碎成极细粉外，黄连等十四味粉碎成细粉，与上述粉末配研，过筛，混匀。每 100g 粉末加炼蜜 130～150g，制成大蜜丸，即得
温经丸,丸剂,养血温经，散寒止痛。用于妇女血寒，经期腹痛，腰膝无力，湿寒白带，血色暗淡，子宫虚冷,党参500g、黄芪200g、茯苓300g、白术(麸炒)500g、附子(制)100g、肉桂300g、干姜200g、吴茱萸(制)200g、沉香100g、郁金200g、厚朴(姜制)100g,以上十一味，粉碎成细粉，过筛，混匀。每 100g 粉末加炼蜜 120～140g，制成大蜜丸，即得
滋肾丸,丸剂,滋肾清热，化气通关。用于热蕴膀胱，小腹胀满，尿闭不通,黄柏（盐炒）400g 知母（盐炒）400g 肉桂 40g,以上三味，粉碎成细粉，过筛，混匀。每 100g 粉末加炼蜜 35～55g 与适量的水泛丸，晒干或低温干燥，打光；或加炼蜜 80～110g 制成大蜜丸，即得
滋补肝肾丸,丸剂,滋补肝肾，养血柔肝。用于肝肾阴虚，头晕失眠，心悸乏力，胁痛腰痛，午后低烧，以及慢性肝炎，慢性肾炎而见阴虚证者,"当归 90g 熟地黄, 90g 何首乌（黑豆、酒炙）150g 女贞子(酒炙） 150g墨旱莲 150g五味子（醋炙） 90g 北沙参 120g 麦冬 120g 续断 150g 陈皮 90g 浮小麦 150g",以上十一味，粉碎成细粉，过筛，混匀。每 100g 粉末加炼蜜 90～110g，制成大蜜丸，即得
疏风定痛丸,丸剂,祛风散寒，活血止痛。用于风寒湿痹，筋脉不舒，四肢麻木，腰腿疼痛，跌打损伤，瘀血作痛,马钱子(制)100g、麻黄300g、乳香(醋炙)100g、没药(醋炙)100g、千年健30g、自然铜(煅)30g、地枫皮30g、桂枝30g、牛膝30g、木瓜30g、甘草30g、杜仲(盐水炙)30g、防风30g、羌活30g、独活50g,以上十五味，除马钱子单独粉碎成细粉外，麻黄等十四味粉碎成细粉，过筛，与马钱子粉配研，过筛，混匀。每 100g 粉末加炼蜜 140～160g，制成大蜜丸，即得
催乳丸,丸剂,助气补血，活络下乳。用于产后气血亏损，乳汁不通，乳汁稀少,当归 40g 通草 10g 麦芽 80g 川芎 20g 穿山甲（醋制） 20g 漏芦 40g 地黄 40g 黄芪 40g 鹿角霜 40g 白芍 40g 木香 20g 王不留行(炒） 20g,以上十二味，粉碎成细粉，过筛，混匀。每 100g 粉末加炼蜜 110～130g，制成大蜜丸，即得
愈风宁心片,片剂,解痉止痛，增强脑及冠脉血流量。用于高血压头晕，头痛，颈项疼痛，冠心病，心绞痛，神经性头痛，早期突发性耳聋等症,葛根 500g,取葛根 75g，粉碎成细粉，另取葛根 425g，用 80～90% 的乙醇加热回流三次，滤过，合并滤液，回收乙醇，减压浓缩至比重为 1.40（50℃热测）的稠膏，取定量稠膏与葛根细粉搅匀，干燥，粉碎，制粒，压片、包糖衣，即得
鼻通丸,丸剂,清风热，通鼻窍。用于外感风热或风寒化热，鼻塞流涕，头痛流泪，慢性鼻炎,苍耳子（炒）187.5g 辛夷 62.5g 白芷 125g 鹅不食草 62.5g 薄荷 187.5g 黄芩 187.5g 甘草 62.5g,以上七味，粉碎成细粉，过筛，混匀。每 100g 粉末加炼蜜 150～170g，制成大蜜丸，即得
慈航丸,丸剂,逐瘀生新。用于妇女经血不调，癥瘕痞块，产后血晕，恶露不尽,益母草 600g 当归 400g 川芎 300g,以上三味，粉碎成细粉，过筛，混匀。每 100g 粉末加炼蜜 170～180g，制成大蜜丸，即得
滴耳油,搽剂,清热解毒，消肿止痛。用于肝经湿热上攻，耳鸣耳聋，耳内生疮，肿痛刺痒，破流脓水，久不收敛,核桃油 600g 黄柏 45g 五倍子 45g 薄荷油，4.5g 冰片 75g,以上五味，冰片研成细粉，黄柏、五倍子用核桃油炸至焦黄时，去渣、滤过，药油冷却后，加入冰片细粉及薄荷油搅匀，即得
缩泉丸,丸剂,补肾缩尿。用于肾虚之小便频数，夜卧遗尿,山药 300g 益智仁（盐炒） 300g 乌药 300g,以上三味，粉碎成细粉，过筛，混匀，用水泛丸，干燥，即得
薯蓣丸,丸剂,调理脾胃，益气和营。用于气血两虚，脾肺不足所致之虚劳，胃脘痛、痹症、闭经、月经不调,山药90g、人参21g、白术(麸炒)18g、茯苓15g、甘草60g、地黄30g、当归30g、白芍18g、川芎18g、阿胶21g、六神曲(麸炒)30g、大豆黄卷30g、大枣(去核)240g、苦杏仁(去皮、炒)18g、桂枝30g、柴胡15g、防风18g、干姜9g、桔梗15g、白薇6g、麦冬18g,以上二十一味，粉碎成细粉，过筛，混匀。每 100g 粉末加炼蜜 125g，制成大蜜丸，即得
黛蛤散,散剂,清热利肺，降逆除烦。用于肝肺实热，头晕耳鸣，咳嗽吐衄，肺痿肺痈，咽喉不利，口渴心烦,青黛 30g 蛤壳 300g,以上二味，粉碎成细粉，过筛，混匀，即得
蟾酥锭,丹剂,活血解毒，消肿止痛。用于疔毒恶疮，痈疽发背，初起红肿坚硬，麻木疼痛，乳痈肿痛，蝎螫虫咬伤，热疼痛等症,蟾酥（酒炙） 60g 麝香 1.5g 冰片 3g 雄黄 240g 朱砂 240g 蜗牛 120g,以上六味，麝香、冰片、雄黄、朱砂分别研成细粉，雄黄、朱砂细粉与蜗牛共粉碎成细粉，与上述麝香、冰片粉末配研，混匀。蟾酥用白酒溶化，与上述细粉搅匀，制成锭，阴干，即得
獾油,搽剂,清热解毒，消肿止痛。用于烧伤、烫伤，皮肤肿痛,獾油 320g、冰片 10g,将獾油切成小块，置锅内熬炼，除去水分，滤过，冷却后，加入冰片细粉，混匀，即得
一把抓,丸剂,温中理气，消食导滞。用于过食伤胃，脘腹寒痛，食后痞满等症。,党参 50g、山楂 75g、香附 (醋炙) 120g、干姜 (炮) 200g、丁香 40g、木香 40g、槟榔 75g、巴豆霜 120g、大黄 125g、陈皮 200g、枳实 (麸炒) 75g,以上十一味，粉碎成细粉，过筛，混匀，用水泛丸，干燥，即得
一粒珠,丸剂,活血，消肿，解毒。用于痈疽疮疖，乳痈乳岩，红肿疼痛。,穿山甲 (制) 480g、乳香 (醋制) 40g、没药 (醋制) 40g、蟾酥 (酒制) 7g、牛黄 3g、珍珠 10g、冰片 10g、雄黄 10g、朱砂 10g、麝香 7g,以上十味，除麝香、冰片、牛黄、蟾酥外，朱砂、雄黄、珍珠分别水飞或粉碎成极细粉；另取糯米 240g 蒸熟，干燥，与其余穿山甲等三味粉碎成细粉；将麝香、冰片、牛黄、蟾酥分别研细，与上述粉末配研，过筛，混匀，用水泛丸，低温干燥，即得
七香止痛丸,丸剂,温中散寒，行气止痛。用于脘腹气滞疼痛。,"川木香160g, 木香20g, 沉香20g, 降香80g, 小茴香(盐水炙)80g, 八角茴香80g, 丁香80g, 乳香（炒）80g, 广藿香80g",以上九味，粉碎成细粉，每 100g 粉末加淀粉 7g，过筛，混匀，用水泛丸，低温干燥，即得
八宝治红丸,丸剂,清热泻火，凉血止血。用于吐血，衄血，咳血。,荷叶 40g、石斛 40g、大蓟 40g、陈皮 15g、棕板 (炭) 40g,以上十八味，粉碎成细粉，过筛，混匀，每 100g 粉末加炼蜜 120~140g 制成大蜜丸，即得
八宝瑞生丸,丸剂,散寒化湿，理气消食。用于脾胃寒湿，脘腹胀满，食积气滞，寒疝腹痛等。,茯苓 66g、草果仁 (炒) 66g、草豆蔻 66g、郁金 45g、香附 (醋制) 108g、甘草 45g、六神曲 66g,以上十三味，粉碎成细粉，过筛，混匀，每 100g 粉末加炼蜜 140~160g 制成大蜜丸，即得
人参首乌精,口服液,补肝肾，益气血。用于气血虚弱，须发早白，神经衰弱，健忘失眠，食欲不振，疲劳过度等。,红参 400g、制何首乌 600g,以上二味，粉碎成粗粉，照流浸膏剂与浸膏剂项下的渗漉法 (附录 11 页)，用 30% 乙醇作溶剂，浸渍 24 小时，以每分钟 1~3ml 的速度进行渗漉，收集初漉液 830ml，另器保存，继续渗至无色，回收乙醇后，于 70℃浓缩至约 170ml，放冷，与初漉液合并，加水至 1000ml，静置 3 天，取上清液，即得
人参益母丸,丸剂,补养气血，化瘀调经。用于妇女气血两虚，月经不调，赤白带下，恶露不尽，体弱倦怠等。,"益母草1500g, 当归100g, 人参（糖参）100g, 川芎100g, 白术（麸炒）100g, 白芍100g, 甘草100g, 熟地黄100g, 茯苓100g",以上九味，益母草加水煎煮二次，每次 2 小时，合并煎液，滤过，滤液浓缩成稠膏，低温干燥，粉碎成细粉；其余当归等八味粉碎成细粉与上述粉末混匀，每 100g 粉末加蜜 90~110g 制成大蜜丸，即得
九制大黄丸,丸剂,通便润燥，消食化滞。用于胃肠积滞，湿热下痢，口渴不休，停食停水，胸热心烦，大便燥结，小便赤黄。,大黄500g,取大黄 500g 酌予碎断，加入黄酒 250g 和水适量，加盖密闭，高压或隔水加热炖至黄酒基本蒸尽，取出，干燥，粉碎成细粉，过筛，混匀，用水泛丸，干燥，即得
三七花冲剂,颗粒剂,清热平肝，利咽。用于肝阳偏亢，风热痰盛引起的咽喉肿痛，头晕目眩，耳鸣，高血压等症。,三七花 1000g,取三七花 1000g，加水煎煮三次，每次 1 小时，合并煎液，滤过，滤液浓缩成稠膏状，加蔗糖粉，制成颗粒或压块，干燥，即得
三两半药酒,酒剂,益气活血，祛风通络。用于气血不和，四肢疼痛，感受风湿，筋脉拘挛。,"当归10g, 黄芪（蜜灸）10g, 牛膝10g, 防风5g",以上四味，粉碎成粗粉，照流浸膏剂与浸膏剂项下的渗漉法 (附录 11 页)，用白酒 240ml 与黄酒 800ml 的混合液作溶剂，浸渍 48 小时后，每分钟以 3~5ml 的速度缓缓渗滤，在滤液中加入蔗糖 84g 搅拌溶解后，静置，滤过，即得
万应宝珍膏,膏剂,舒筋活血，解毒。用于跌打损伤，风湿痹痛，痈疽肿痛。,荆芥 18g、柴胡 18g、防风 18g、独活 18g、三棱 18g、何首乌 18g、当归 18g、白芷 18g、海风藤 18g、莪术 18g、细辛 18g、乳香 (制) 18g、樟脑 18g、冰片 18g、阿魏 18g、续断 18g、生草乌 18g、大黄 18g、桃仁 18g、五加皮 18g、猪牙皂 18g、附子 (制) 18g、没药 (制) 18g、小茴香 18g、苍术 18g、羌活 18g、山柰 18g、麻黄 18g、藁本 18g、生川乌 18g、川芎 18g、威灵仙 18g、赤芍 18g、生天南星 18g、香附 18g、枳壳 18g、连翘 18g、肉桂 18g、木香 18g,以上四十一味，除冰片、樟脑、阿魏外；乳香、没药、附子、细辛、肉桂、木香、小茴香粉碎成细粉，过筛，混匀；其余荆芥等三十一味酌予碎断，与食用植物油 5000g 同置锅内，炸枯，去渣，滤过，炼至滴水成珠，取红丹 1800g，加入油内搅匀，收膏，将膏浸泡于水中。取膏用文火溶化后，加冰片、樟脑、阿魏及上述粉末搅匀，分摊于布上，即得
山龙药酒,酒剂,追风祛湿，舒筋活血，滋补强身。用于风湿劳伤，筋骨疼痛，四肢无力，腰膝酸软，活动不利等症。,"称钩风171g, 徐长卿64g, 大血藤107g, 麻口皮子药64g, 川芎214g, 当归42.7g, 白芍64g, 熟地黄64g",以上八味，粉碎成粗粉，照流浸膏剂与浸膏剂项下的渗漉法 (附录 11 页)，用白酒适量浸渍 10~15 天，缓缓渗漉，收集漉液；另取蔗糖 926g 制成糖浆，加入上述漉液中，搅匀，静置，滤过，制成 5000g，即得
千金保孕丸,丸剂,养血安胎。用于胎动漏血，妊娠腰痛，预防流产。,"杜仲100g, 白术（炒焦）100g, 菟丝子100g, 熟地黄70g, 当归50g, 续断50g, 黄芩（酒制）50g, 厚朴50g, 黄芪（制）25g, 川芎25g, 陈皮25g, 阿胶25g, 艾叶（炭）25g, 白芍（酒炒）20g, 枳壳15g, 砂仁15g, 川贝母15g, 甘草（制）15g",以上十八味，粉碎成细粉，每 100g 粉末加炼蜜 110~130g，制成大蜜丸，即得
川贝清肺糖浆,糖浆剂,清肺润燥，止咳化痰。用于风热感冒引起的燥咳，咽干，咽痛。,"枇杷叶250g, 苦杏仁50g, 川贝母5g, 麦冬50g, 地黄50g, 甘草50g, 桔梗30g, 薄荷15g",以上八味，苦杏仁加温水浸泡 24 小时，加热蒸馏，蒸馏液导入盛有 90% 乙醇的容器中，馏液量到达 40ml 时，停止蒸馏，蒸馏液测定苦杏仁甙含量 (照苦杏仁项下含量测定方法测定 (173 页)，并稀释至每 100ml 含苦杏仁甙 1.7g；薄荷加热蒸馏，收集蒸馏液 100ml，另器保存；其余枇杷叶等六味与上述两种药渣加水煎煮二次，每次 2 小时，合并煎液，滤过，滤液静置，取上清液浓缩至适量。另取蔗糖 600g 加水煮沸溶解，滤过，制成单糖浆，加入防腐剂适量与上述浓缩液，混匀，滤过，加入上述杏仁水 40ml 和薄荷蒸馏液，加水至 1000ml，混匀，即得
广东凉茶,茶剂,清热解暑，去湿生津。用于四时感冒，发热喉痛，湿热积滞，口干尿赤。,"岗梅根38500g, 木蝴蝶125g, 淡竹叶2250g, 金沙藤13000g, 火炭母5750g, 五指柑7375g, 金樱根13250g, 布渣叶2250g, 山芝麻5375g, 广金钱草3375g",以上十味，除木蝴蝶外，其余各药分别切碎成片、段，与木蝴蝶混匀，包装成 1000 包；或取布渣叶或适量五指柑粉碎成粗粉，余下的五指柑与其余各药加水煎煮二次，滤过，滤液浓缩至适量，加入布渣叶及五指柑粗粉，混匀，干燥，分装成 4000 袋，即得
小儿止嗽金丹 ,丹剂,解热润肺，化痰止嗽。用于外感风热引起的咳嗽痰盛，口干舌燥，腹满便秘。,"玄参120g, 知母60g, 麦冬120g, 杏仁（炒）120g, 竹茹90g, 紫苏子（炒）60g, 槟榔（炒）90g, 桔梗90g, 胆南星(酒蒸)120g, 桑白皮90g, 川贝母90g, 天花粉90g, 瓜萎子90g, 甘草90g, 紫苏叶60g",以上十五味，取紫苏叶、胆南星、川贝母及桔梗和天花粉的三分之二粉碎成细粉；其余玄参等十味及桔梗和天花粉的剩余部分加水煎煮两次，合并煎液，滤过，浓缩成稠膏；将上述药粉与稠膏混匀，干燥，粉碎成细粉，分装，即得
小儿太极丸,丸剂,镇惊清热，涤痰消积。用于小儿急惊，手足抽搐，角弓反张，食积痞满，内热咳嗽等症。,"胆南星400g, 天竺黄200g, 偃蚕（炒）120g, 大黄120g, 冰片12g, 麻香12g, 朱砂40g",以上七味，除麝香、冰片外，朱砂水飞或粉碎成极细粉；其余胆南星等四味粉碎成细粉；将麝香、冰片分别研细，与上述药粉配研，过筛，混匀。每 100g 粉末加炼蜜 100~120g 制成大蜜丸，即得
小儿牛黄清心散,散剂,清热化痰，镇惊止痉。用于小儿内热，急惊痰喘，四肢抽搐，神志昏迷。,"天麻80g, 胆南星64g, 黄连120g, 赤芍64g, 大黄120g, 全蝎64g, 水牛角浓缩粉80g, 僵蚕（麸炒）80g, 牛黄8g, 琥珀20g, 雄黄60g, 冰片20g, 朱砂80g, 金碳石（煅）80g",以上十四味，除牛黄、冰片、水牛角浓缩粉外，朱砂、琥珀分别水飞或粉碎成极细粉；其余天麻等九味粉碎成细粉，将牛黄、冰片、水牛角浓缩粉研细，与上述粉末配研，过筛，混匀，即得
小儿化滞散,散剂,健脾和胃，消食化滞。用于脾胃不和，伤食伤乳，呕吐腹痛，腹胀便秘。,"山楂（炒）96g, 麦芽（炒）96g, 六神曲（麸炒）96g, 槟榔（炒）96g, 鸡内金（醋炙）96g, 牵牛子（炒）48g, 木香24g, 砂仁24g, 陈皮24g, 熟大黄48g",以上十味，粉碎成细粉，过筛，混匀，即得
小儿良友散,散剂,镇惊，祛风，化痰。用于急热惊风，痰喘咳嗽，痰涎壅盛。,"薄荷75g, 天麻75g, 钩藤75g, 全蝎75g, 僵蚕（麸炒）75g, 蝉蜕75g, 天竺黄100g, 朱砂100g, 牛黄10g, 雄黄75g, 琥珀100g",以上十一味，除牛黄外，朱砂、雄黄、琥珀分别水飞或粉碎成极细粉，其余薄荷等七味粉碎成细粉；将牛黄研细，与上述粉末配研，混匀，即得
小儿明目丸,丸剂,清热明目，散风止痒。用于上焦热盛，两眼红肿，疼痛不安，二便不利。,"赤芍60g, 黄芩60g, 栀子60g, 天花粉60g, 大黄60g, 金根花60g, 菊花60g, 车前子（盐制）60g, 黄连60g, 薄荷40g, 甘草40g",以上十一味，粉碎成细粉，过筛，混匀，每 100g 粉末加炼蜜 150~170g 制成大蜜丸，即得
小儿疳积糖,颗粒剂,健胃消食，去积驱虫。用于小儿疳积，消瘦烦燥，食欲不振，夜睡不宁，腹胀呕吐。,"葫芦茶781g, 独脚金234g, 槟榔469g, 苦楝皮156g",以上四味，槟榔照流浸膏及浸膏剂项下渗漉法 (附录 11 页) 用 80% 乙醇作溶剂，进行渗漉，收集漉液，其余葫芦茶等三味，加水煎煮二次，合并煎液，滤过，滤液浓缩至适量，与上述漉液合并，加乙醇使含醇量为 60%，放置，滤过，滤液回收乙醇，静置，滤过，低温浓缩成稠膏状，加入蔗糖适量，混匀，制成颗粒，低温干燥，制成 1000g，即得
小儿消积丸,丸剂,消食导滞，理气和胃，止痛。用于小儿各种停食积滞，脘腹胀痛，面色萎黄，身体瘦弱。,"枳壳（麸炒）50g, 三棱（醋炒）50g, 黄芩30g, 莪术（醋煮）50g, 厚朴（姜制）50g, 槟榔200g, 青皮（醋炒）50g, 陈皮50g, 大黄100g, 牵牛子（炒）200g, 香附（醋炒）200g, 木香50g, 巴豆霜100g, 朱砂40g",以上十四味，除巴豆霜外，朱砂水飞或粉碎成极细粉，其余枳壳等十二味粉碎成细粉，将巴豆霜研细，与上述粉末配研，过筛，混匀。用水泛丸，干燥，用朱砂包衣，打光，干燥，即得
小儿羚羊散,散剂,清热解毒，透疹止咳。用于麻疹隐伏，肺炎高热，嗜睡，咳嗽喘促，咽喉肿痛。,"羚羊角200g, 天竺黄250g, 朱砂100g, 甘草75g, 冰片125g, 金银花250g, 紫草1500g, 连翘250g, 牛蒡子125g, 浮萍125g, 赤芍75g, 西河柳250g, 牛黄125g, 黄连125g, 葛根125g, 川贝母125g, 水牛角浓缩粉150g",以上十七味，除水牛角浓缩粉、牛黄、冰片外，羚羊角研成细粉；朱砂水飞或粉碎成细粉；天竺黄粉碎成细粉；其余赤芍等十一味粉碎成最细粉。将牛黄、冰片研细，与上述粉末配研，过筛，混匀，即得
小儿清肺散,散剂,清热，化痰。用于咳嗽喘促，痰涎壅盛。,"茯苓20g, 清半夏15g, 川贝母15g, 百部15g, 黄芩15g, 胆南星10g, 石膏15g, 沉香10g, 白前15g, 冰片3g",以上十味，除冰片外，其余石膏等九味粉碎成最细粉，将冰片研细，与上述粉末配研，过筛，混匀，即得
小儿清感灵片,片剂,发汗解肌，清热透表。用于外感风寒引起的发热怕冷，肌表无汗，头痛口渴，咽痛鼻塞，咳嗽痰多，体倦。,"羌活64g, 荆芥穗43g, 防风64g, 苍术（炒）64g, 白芷16g, 葛根43g, 川芎64g, 地黄43g, 苦杏仁（炒）3.2g, 黄芩43g, 甘草43g, 牛黄7g",以上十二味，白芷、黄芩、川芎粉碎成细粉；将牛黄研细，与上述粉末配研，过筛，混匀；荆芥穗提取挥发油，蒸馏后的水溶液，滤过，滤液另器收集；葛根、防风、羌活、地黄、甘草加水煎煮三次，第一次 3 小时，第二次 1 小时，第三次 1 小时，合并煎液，滤过，与上述荆芥穗蒸馏后水溶液合并，浓缩成膏；苍术、苦杏仁用 80% 乙醇回流提取二次，第一次 3 小时，第二次 2 小时，合并提取液，滤过，回收乙醇至稠膏状，与上述粉末及浓缩膏混合，干燥，粉碎，制成颗粒。喷入荆芥穗挥发油，混匀，压制成 1000 片，即得
小儿喜食片,片剂,健脾，消食，化积。用于治疗小儿单纯性消化不良，食欲不振及消化不良引起的腹泻。,"六神曲（炒）77g, 枳壳（炒）39g, 白术（炒）39g, 山楂59g, 稻芽（炒）192g, 麦芽（炒）192g",以上六味，麦芽与稻芽加水煎煮二次，每次 30 分钟，合并煎液，滤过，滤液浓缩成稠膏状；其余六神曲等四味粉碎成细粉，与上述稠膏混匀，加入炼蜜 115g，制成颗粒，压制成 1000 片，包糖衣，即得
小儿暖脐膏,膏剂,散寒止痛。用于小儿胎寒，肚腹疼痛，积聚痞块，疝气偏坠，虚寒泻痢，胃寒腹胀。,"橘核200g, 小茴香600g, 官桂600g, 炮姜400g, 白胡椒200g, 川楝子200g, 吴茱萸200g, 荔枝核200g, 麝香3g",以上九味，麝香研成细粉；川楝子、荔枝核、橘核酌予粉碎，与食用植物油 20000g 同置锅内炸约 20 分钟后，再投入酌予碎断的小茴香等五味，炸枯、去渣、滤过，炼至滴水成珠。另取红丹 9000g，加入油内搅匀，收膏，将膏浸泡于水中。取膏用文火熔化，待温，加入麝香搅匀，摊于布或纸上，即得
天麻追风膏,膏剂,追风去湿，活血通络，散寒止痛。用于风寒湿痹，风湿麻木。,"天麻25g, 乌梢蛇25g, 桂枝25g, 油松节50g, 桑枝50g, 麻黄50g, 威灵仙50g, 白附子50g, 生川乌50g, 生草乌50g, 防风50g, 粉草薢24g, 薄荷24g, 独活24g, 当归24g, 川牛膝24g, 钩藤24g, 荆芥24g, 秦艽24g, 川芎24g, 续断24g, 防己24g, 干姜12g, 红花12g, 细辛12g, 薰本12g, 补骨脂12g, 羌活12g, 乳香6g, 没药6g, 丁香6g, 冰片3.5g",以上三十二味，乳香、没药、丁香、冰片等四味研成细粉，过筛，混匀，其余天麻等二十八味，酌予碎断，用生菜油 6000g 浸泡 24-48 小时，置锅内炸枯，去渣，滤过，炼至滴水成珠；另取黄丹 2400g 加入油中，搅拌，收膏，将膏浸泡于水中。取膏用文火熔化后，加入冰片等细粉，搅匀，分摊于布上，即得
开郁老蔻丸,丸剂,祛寒顺气，消食化湿。用于肝郁气滞，脾胃虚寒，胸脘胀痛，呕吐泄泻，寒疝等。,"豆蔻40g, 肉桂60g, 丁香20g, 山楂40g, 当归30g, 白术(麸炒)40g, 大黄(酒制)40g, 乌药30g, 甘草20g, 青皮30g, 陈皮30g, 菜菔子(炒)40g, 木香20g, 厚朴(姜制)40g, 牵牛子(炒)60g, 砂仁20g, 莪术(醋制)40g, 法半复30g, 三棱(醋制)40g, 枳壳(麸炒)30g, 槟榔40g, 草果(炒)30g, 川芎20g, 六神曲(麸炒)40g",以上二十四味，粉碎成细粉，过筛，混匀，每 100g 粉末加炼蜜 130~150g，制成大蜜丸，即得
开郁舒肝丸,丸剂,开郁舒肝，顺气止痛。用于肝郁气滞，胸胁胀满，腹痛，嗳气吞酸。,"五灵脂(醋制)100g, 莪术(醋制)100g, 香附(醋制)75g, 木香63g, 槟榔63g, 当归50g, 陈皮50g, 青皮(醋制)50g, 草果仁(炒)50g, 乌药50g, 枳壳(麸炒)50g, 甘草50g, 大黄50g, 肉桂50g, 郁金38g, 延胡索(醋制)38g, 砂仁25g",以上十七味，粉碎成细粉，过筛，混匀。每 100g 粉末加炼蜜 130~150g 制成大蜜丸，即得
木耳舒筋丸,丸剂,舒筋活血，祛风湿，补肝肾。用于腰膝酸痛无力，肢体麻木，抽筋。,"木耳200g, 当归100g, 川芎50g, 枸杞子100g, 苍术（炒）100g, 杜仲（盐炒）50g, 牛膝50g, 白巨胜子100g",以上八味，粉碎成细粉，过筛，混匀，每 100g 粉末加炼蜜 120~140g 制成大蜜丸，即得
木瓜酒,酒剂,祛风活血。用于风湿痹痛，筋脉拘挛，四肢麻木，关节不利。,"木瓜80g, 玉竹80g, 五加皮60g, 羌活60g, 独活60g, 当归60g, 陈皮60g, 秦艽40g, 川芎40g, 红花40g, 千年健40g, 川牛膝40g, 桑寄生40g",以上十三味，粉碎成粗粉；另取蔗糖 850g，用白酒 8500g 使溶解，照流浸膏剂与浸膏剂项下的渗漉法 (附录 11 页) 用蔗糖酒作溶剂，浸渍 40 小时后，以每分钟 1~3ml 的速度缓缓渗漉，收集漉液，静置，滤过，即得
五加参归芪精,口服液,扶正固本，补气固表，补血养血。用于久病衰弱，失眠自汗，腰膝酸软，气短心悸。,"刺五加200g, 当归100g, 黄芪200g",以上三味，刺五加加水煎煮四次，每次 1 小时，合并煎液，滤过，滤液浓缩至稠膏状，加入乙醇三倍量，混匀，放置，滤过，回收乙醇，加明胶液至无沉淀产生，再加入乙醇五倍量，放置 2 小时滤过，回收乙醇，浓缩至稠膏状。黄芪、当归加水煎煮三次，每次 1 小时，合并煎液，滤过，滤液浓缩至稠膏状，加乙醇三倍量，混匀，放置，滤过，回收乙醇，再进行两次醇处理，浓缩至稠膏状；取蜂蜜 500g 加热溶化，将上述稠膏加水适量溶解，滤过，滤液加入蜂蜜 500g 中，搅匀，加入防腐剂、香料适量，枸橼酸钠 6g，再加水至 1000ml，静置三天，滤过，即得
五加参蛤蚧精,口服液,补肺气，益精血。用于元气亏损，肺虚咳嗽，病后衰弱。,"刺五加130g, 蛤蚧（去鳞、头足）2.4g, 肉苁蓉50g, 人参5g, 人参露350ml",以上五味，刺五加制成刺五加浸膏 (一部 172 页)；蛤蚧粉碎成粗粉，加稀乙醇 30ml，浸渍 7 天，滤过，滤液回收乙醇，浓缩至 6ml，加 3 倍量乙醇，搅拌，静置 24 小时，滤过，滤液回收乙醇，浓缩至 6ml；肉苁蓉粉碎成粗粉，加热回流提取二次，每次 2 小时，合并提取液，滤过，浓缩至 5ml，加乙醇，静置 24 小时，滤过，滤液浓缩至无醇味，加蒸馏水适量溶解，滤过；人参酌予碎断，加 3 倍量稀乙醇回流提取 5 次，合并提取液，浓缩，加 3 倍量乙醇，搅拌，静置 24 小时，取上清液另置，沉淀用 3 倍量 65% 乙醇洗脱，合并上清液与洗脱液，回收乙醇，浓缩至适量；蔗糖制成单糖浆，加入人参浓缩液中，搅拌，混匀，加水制成 500ml；将上述刺五加浸膏、蛤蚧、肉苁蓉提取物加蒸馏水稀释后加入人参糖浆、人参露 (加工红参或人参的蒸馏液) 350ml 及山梨酸 1.14g (醇溶)，搅拌，混匀，加水至 1000ml，低温静置，滤过，滤液加香精适量，混匀，分装，即得
五芝地仙金髓膏,膏剂,健脾开胃，滋肾清肝，益气生津，清利头目。用于胁胀脘痞，消化不良，耳鸣目眩，记忆衰退，口干津少，四肢无力等。,"人参50g, 白术100g, 茯苓150g, 菊花100g, 枸杞子100g, 地黄200g, 麦冬150g, 陈皮100g, 葛根100g, 蔓荆子50g, 六神曲150g",以上十一味，加水煎煮三次，第一次 4 小时，第二、三次各 3 小时，合并煎液，滤过，静置，取上清液浓缩至相对密度为 1.20 的清膏，另取清膏 4 倍量的蔗糖，加热溶解，滤过，与清膏合并，混匀，浓缩至相对密度为 1.343 (热测) 的清膏，即得
五味子糖浆,糖浆剂,益气补肾，镇静安神。用于神经衰弱，头晕，失眠等症。,五味子 100g,取五味子粗粉 100g，照流浸膏剂与浸膏剂项下渗漉法 (附录 11 页)，用 30% 的乙醇适量作溶剂，浸渍 72 小时后，缓缓渗漉，至漉液相当于原药材的二倍，滤过，另取蔗糖 600g，制成单糖浆，加入上述滤液中，再加入防腐剂及香精适量，混匀，加水至 1000ml，即得
五瘕丸,丸剂,消积开郁，舒肝调气，活血通经。用于各种积聚，痞块，胸膈满闷，两胁攻心作痛，妇女月经不调，闭经。,"三棱（醋炒）8g, 莪术（醋煮）8g, 当归8g, 赤芍8g, 延胡索（醋炒）8g, 槟榔8g, 陈皮8g, 青皮8g, 枳壳（麸炒）8g, 枳实（麸炒）12g, 五灵脂（醋炒）8g, 山楂8g, 干漆（炭）8g, 干姜8g, 木香8g, 吴茱萸（甘草炙）4g, 使君子（去壳）6g, 雷丸8g, 牵牛子（炒）32g, 莱菔子（炒）16g, 牛膝12g, 六神曲（麸炒）16g, 红曲32g, 大黄336g, 磁砂（醋制）1.2g, 芒硝16g, 大腹皮13.5g",以上二十七味，除芒硝、大腹皮外，其余三棱等二十五味粉碎成细粉，过筛，混匀，用大腹皮、芒硝加水煎煮，滤过，滤液加醋 32g，泛丸，干燥，即得
牙痛药水,酊剂,止痛杀菌，防蛀。用于风火牙痛，牙龈红肿，虫蛀牙痛及一切神经牙痛。,"荜茞250g, 丁香91g, 高良姜250g, 冰片8g, 细辛250g",以上五味，荜茇、高良姜、细辛用 60% 乙醇加热回流提取，提取液全量为 5232ml，丁香用乙醇提取，提取液全量为 1540ml。将上述两种乙醇提取液与甘油 800ml 混合，冰片用乙醇适量使溶解，加入上述溶液中，搅匀，用乙醇与水调整含乙醇量使全量成 8000ml，静置三天，滤过，即得
太极升降丸,丸剂,祛风泄热，化痰镇惊。用于小儿时疫，发热抽搐，腮肿发颐，乳食停滞，痰热便秘等。,"僵蚕(炒)100g, 蝉蜕50g, 姜黄15g, 大黄200g, 天竺黄50g, 冰片5g, 胆南星50g",以上七味，除冰片外，其余僵蚕等六味粉碎成细粉；将冰片研细，与上述药粉配研，过筛，混匀，每 100g 粉末加炼蜜 110~130g，制成小蜜丸，即得
止红肠辟丸,丸剂,清热，凉血，止血，养血。用于肠风便血，痔疮下血。,"地黄（炭）96g, 当归96g, 黄芩96g, 地榆（炭）84g, 栀子84g, 白芍72g, 槐花64g, 阿胶64g, 荆芥穗64g, 侧柏叶（炭）64g, 黄连24g, 乌梅10g, 升麻5g",以上十三味，粉碎成细粉，过筛，混匀，每 100g 粉末加炼蜜 125~135g 制成大蜜丸，即得
止咳枇杷冲剂,颗粒剂,清肺，止咳，化痰。用于咳嗽多痰，支气管炎。,"枇杷叶391g, 白前125g, 枯梗78g, 桑白皮234g, 百部94g, 薄荷脑2.5g",以上六味，除薄荷脑外，其余五味，加水煎煮三次，合并煎液，滤过，滤液浓缩至相对密度为 1.32 (70~75℃) 的清膏。取清膏 1 份，加蔗糖 5 份，混匀，制成颗粒，干燥，加入薄荷脑，混匀，即得
止咳梨浆,糖浆剂,润肺，化痰，止咳。用于肺燥咳嗽，干咳痰少，咯痰不爽。,"梨清膏440g, 陈皮10g, 半夏（制）10g, 浙贝母10g, 橘红10g",以上五味，陈皮、半夏、浙贝母、橘红，加水煎煮二次，每次 2 小时，合并煎液，滤过，滤液浓缩至适量，加入梨清膏、蔗糖 440g 及防腐剂适量，浓缩至 1000ml，即得。（注：梨清膏取鲜梨洗净，酌予切碎，压榨取汁，滤过，药渣加水煎煮 2 小时，滤过，与上述滤液合并，静置 24 小时，取上清液，浓缩至相对密度为 1.23~1.25 (80~85℃) 的清膏，即得）
止咳橘红丸,丸剂,清肺润燥，止嗽化痰。用于肺热燥咳，痰多气促，口苦咽干。,"化橘红396g, 陈皮264g, 法半夏198g, 茯苓264g, 甘草132g, 紫苏子(炒)198g, 苦杏仁(去皮炒)264g, 紫菀198g, 款冬花132g, 麦冬264g, 瓜萎皮264g, 知母132g, 桔梗198g, 地黄264g, 石膏264g",以上十五味，粉碎成细粉，过筛，混匀，每 100g 粉末加炼蜜 90~110g 制成大蜜丸，即得
止痢宁片,片剂,清热祛湿，行气止痛。用于肠炎，痢疾，表现为腹痛泻泄，下痢脓血，肛门灼热，里急后重者。,"穿心莲1000g, 苦参250g, 木香250g",以上三味，木香粉碎成细粉；其余苦参等二味加水煎煮二次，每次 2 小时，合并煎液，静置，滤过，滤液浓缩成稠膏，待冷至室温，加乙醇两倍量使沉淀，取上清液，沉淀加乙醇适量，搅拌，静置 24 小时，取上清液，合并上清液，减压浓缩成稠膏，加入木香粉，制成颗粒，压制成 900 片，即得
止痛水,酊剂,镇静止痛。用于头痛，牙痛，关节痛，痛经及各种神经痛。,"闹羊花300g, 防己300g, 延胡索150g, 细辛150g",以上四味，羊踯躅、防己、延胡索用 60% 乙醇加热回流提取，提取液回收乙醇，浓缩至适量；细辛用 60% 乙醇加热回流提取，滤过，与上述浓缩液合并，静置三天，滤过，用乙醇与水调整含乙醇量，使全量成 1800ml，再静置三天，灌装，即得
少林风湿跌打膏,膏剂,散瘀活血，舒筋止痛，祛风散寒。用于跌打损伤，腹内积聚，腰肢酸麻，风湿痛。,"生川乌16g, 生萝乌16g, 乌药16g, 白及16g, 白芷16g, 白芨16g, 土鳖虫16g, 木瓜16g, 三棱16g, 莪术16g, 当归16g, 赤芍16g, 肉桂16g, 大黄32g, 连翘32g, 血竭10g, 乳香(炒)6g, 没药(炒)6g, 三七6g, 儿茶6g, 薄荷脑8g, 水杨酸甲酯8g, 冰片8g, 麝香0.16g",以上二十四味，血竭、乳香、没药、三七、儿茶粉碎成粗粉，照流浸膏剂及浸膏剂项下的渗漉法 (附录 11 页)，用 90% 乙醇为溶剂进行渗漉，收集漉液 400ml，回收乙醇，浓缩至相对密度为 1.10~1.25 的清膏，待冷后加入薄荷脑、水杨酸甲酯、冰片、麝香、香精 4g，混匀。其余生川乌等十五味酌予碎断，加水煎煮三次，第一、二次各 3 小时，第三次 2 小时，合并煎液，滤过，浓缩成稠膏 (膏量约为原药材量的 1/8)。将橡胶 256g 切成碎块，用汽油 800g 浸泡 12 小时，充分搅拌使溶解，依次加入熔融的松香 288g 和氧化锌 336g 的混合物、凡士林 112g、液体石蜡 8g，与上述清膏及稠膏搅匀，制成涂料，进行涂膏，切段，盖衬，切成小块，即得
内消瘰疬片,片剂,软坚散结。用于瘰疬痰核或肿或痛。,"夏枯草400g, 浙贝母50g, 海藻50g, 白蔹50g, 天花粉50g, 连翘50g, 熟大黄50g, 玄明粉50g, 蛤壳(煅)50g, 大青盐50g, 枳壳50g, 桔梗50g, 薄荷脑0.25g, 地黄50g, 当归50g, 玄参250g, 甘草50g",以上十七味，除大青盐、浙贝母、蛤壳、熟大黄、玄明粉、天花粉粉碎成细粉外；薄荷脑用适量乙醇溶解，连翘、海藻、白蔹、地黄、甘草、玄参加水煎煮二次，夏枯草加水煎煮 5 小时，合并以上煎液，浓缩成稠膏，当归用 95% 乙醇和 60% 乙醇各加热回流提取一次；桔梗、枳壳用 60% 乙醇加热回流提取。合并以上乙醇提取液，回收乙醇，浓缩成稠膏。将上述浓缩膏合并，加入大青盐等粉末及辅料，混匀，制成颗粒，干燥，加入薄荷脑乙醇溶液，混匀，应出颗粒数 853g，压制成片，即得
贝母梨膏,膏剂,润肺，止咳，化痰。用于咳嗽痰多，咯痰不爽，咽喉干痛。,"川贝母40g, 梨膏1000g",以上二味，川贝母粉碎成细粉；梨膏用适量水加热溶化，静置，滤过，滤液浓缩成相对密度为 1.21~1.25 (80℃) 的清膏。另取白糖 300g 制成单糖浆，加入清膏中，浓缩至稠膏状，加入川贝母细粉，混匀，即得。（注：梨膏制法取梨洗净，捣碎，加水煎煮二次，每次 1 小时，合并煎液，滤过，滤液浓缩成相对密度为 1.38 (80℃) 以上的清膏，即得）
化积散,散剂,消食化积。用于小儿脾胃不和，停食停乳，积聚痞块，肚腹膨胀，四肢倦怠，面色萎黄，不思饮食。,"山楂（炒焦）100g, 麦芽（炒）100g, 六神曲（麸炒）100g, 槟榔（炒）100g, 鸡内金（炒）100g, 牟牛子（炒）100g",以上六味，粉碎成细粉，过筛，混匀，即得
气管炎橡胶膏,膏剂,温肺化痰，平喘止咳。用于受寒引起的气管炎，并有预防气管炎的作用。,"赤芍650g, 乌药485g, 白芷650g, 桂枝650g, 生草乌485g, 紫苏子485g, 白附子485g, 荜澄茄400g, 生天南星400g, 罂粟壳400g, 白芥子242.5g, 皂荚400g, 冰片242.5g, 樟脑202.5g, 薄荷脑67.5g, 松节油230g, 水杨酸甲酯",以上 17 味，除冰片、樟脑、薄荷脑、水杨酸甲酯、松节油外，其余赤芍等 12 味粉碎成粗粉，用乙醇为溶剂，照流浸膏剂与浸膏剂项下的渗漉法 (附录 11 页)，进行渗漉，漉液回收乙醇，约得浸膏 750g；将冰片、樟脑、薄荷脑溶于水杨酸甲酯、松节油的混合液中；另加 7.5~8.0 倍重量由橡胶、松香等制成的基质，制成涂料，进行涂膏，切段，盖衬，切成小块，即得
毛鸡药酒,酒剂,温经祛风，活血化瘀。用于产后眩晕，四肢酸痛无力，痛经。,"干毛鸡160g（或鲜毛鸡320g，均除去毛、内脏）, 当归160g, 川芎160g, 白芷160g, 红花160g, 赤芍15g, 桃仁15g, 千年健160g, 茯苓20g",以上九味，干毛鸡用蒸气蒸 15 分钟 (鲜毛鸡不蒸制)，放冷，用白酒适量浸泡 25 天后，与当归等八味置容器内，加白酒 (前后两次共 16960ml) 密闭浸泡 45~55 天，滤过，即得
牛黄八宝丸,丸剂,清热解毒，凉血活血。用于热毒内闭，烦躁不宁，瘟病发斑，疹后余毒疮疡。,"牛黄20g, 羚羊角30g, 水牛角浓缩粉60g, 珍珠4g, 冰片20g, 朱砂4g, 玄参30g, 浙贝母30g, 黄连30g, 羌活30g, 雄黄50g, 乳香（醋炒）30g, 没药（醋炒）30g, 青黛20g, 紫花地丁200g, 金银花200g, 菊花200g, 甘草50g, 紫草50g",以上十九味，紫花地丁、金银花、菊花、甘草加水煎煮二次，第一次 1.5 小时，第二次 1 小时，合并煎液，滤过，滤液浓缩成稠膏状；珍珠、朱砂水飞或粉碎成极细粉，羚羊角研成细粉；冰片、牛黄、水牛角浓缩粉分别研细，其余玄参等九味粉碎成细粉，过筛，与上述粉末配研，混匀，再与上述稠膏混匀，每 100g 粉末加炼蜜 90~110g，制成大蜜丸，即得
牛黄安心丸,丸剂,清热解毒，镇静安神。用于神昏谵语，惊厥抽搐，心悸失眠。,"牛黄20g, 黄连190g, 朱砂120g, 黄芩190g, 胆南星50g, 郁金190g, 栀子190g, 雄黄80g, 冰片56g, 甘草50g, 珍珠5g, 琥珀50g",以上十二味，除牛黄外，朱砂、雄黄分别水飞或粉碎成极细粉；珍珠、琥珀分别粉碎成极细粉；其余黄连等七味粉碎成细粉，牛黄研细，与上述各粉末配研，混匀。每 100g 粉末加炼蜜 90~110g 制成大蜜丸，即得
牛黄清肺散,散剂,清肺化痰，消炎止咳。用于肺热咳嗽，痰涎壅盛，胸满喘促。,"牛黄8g, 茯苓80g, 川贝母60g, 白前20g, 沉香40g, 黄芩60g, 胆南星40g, 水牛角浓缩粉160g, 百部（制）60g, 清半夏60g, 石膏40g, 冰片12g",以上十二味，除水牛角浓缩粉外，牛黄、冰片研成极细粉；其余茯苓等九味粉碎成细粉，与上述粉末及水牛角浓缩粉配研，过筛，混匀，即得
乌发丸,丸剂,滋阴健脑，凉血乌发。用于青少年白发症。,"地黄100g, 墨旱莲50g, 制何首乌100g, 黑豆（微炒）50g, 女贞子（酒蒸）50g, 黑芝麻50g",以上六味，粉碎成细粉，过筛，混匀，每 100g 粉末加炼蜜 65~85g，制成大蜜丸，即得
风伤止痛膏,膏剂,舒筋活络，行血止痛。用于新、久风湿痹痛，跌打损伤。,"桂皮45g, 八角茴香24g, 丁香12g, 苍耳子30g, 桂子17g, 蓖麻子90g, 甘松17g, 生天南星90g, 白芷30g, 海风藤90g, 大黄30g, 生半夏90g, 羌活60g, 生川乌90g, 独活60g, 生草乌90g, 细辛30g, 豨莶草90g, 桂枝90g, 当归30g, 麻黄90g",以上二十一味，取桂皮、丁香、桂子、甘松、八角茴香粉碎成细粉，过筛，混匀，其余苍耳子等十六味，酌予碎断，与食用植物油 4800g 同置锅内炸枯，去渣，滤过，炼至滴水成珠；另取红丹 2400g，加入油内搅匀，再加松香 480g 熔化，搅匀，收膏，将膏浸泡于水中。取膏用文火熔化，将上述粉末加入，搅匀，分摊于布上，即得
风茄平喘膏 ,膏剂,止咳，祛痰，平喘。用于防止单纯性、喘息型慢性气管炎和支气管哮喘。,"洋金花50g, 吴茱萸30g, 干姜150g, 白芥子30g, 生川乌30g, 生半夏30g, 花椒30g, 麻黄30g, 丁香20g, 樟脑60g, 冰片30g, 桂皮醛10g, 二甲基亚砜10g",以上十三味，洋金花、吴茱萸、干姜、白芥子、生川乌、生半夏、花椒、麻黄、丁香，粉碎成粗粉，用 90% 乙醇制成相对密度为 1.05 的流浸膏，加入樟脑，冰片、桂皮醛，二甲基亚砜，混匀，另加 3~3.5 倍重量由橡胶、松香等制成的基质，制成涂料，进行涂膏，切段，盖衬，切片，即得
风寒双离拐片,片剂,祛风散寒。用于风寒腰腿疼痛，四肢麻木，筋骨拘挛。,"地枫皮41g, 红花20g, 千年健41g, 制川鸟12g, 防风40g, 制草乌12g, 乳香（制）20g, 制马钱子4g, 木耳40g, 没药（制）20g",以上十味，粉碎成细粉，过筛，混匀，加入辅料适量，制成颗粒，干燥，压制成 1000 片，包糖衣，即得
风湿痛药酒 ,酒剂,祛风除湿，活络止痛。用于风湿骨痛，手足麻木，腰痛腿痛，跌打损伤。,"石南藤2812g, 麻黄94g, 枳壳75g, 桂枝75g, 蚕砂24g, 黄精30g, 陈皮50g, 厚朴11g, 苦杏仁11g, 泽泻11g, 山药11g, 苍术11g, 牡丹皮11g, 川芎11g, 白术11g, 白芷11g, 木香11g, 石耳11g, 羌活11g, 小茴香11g, 猪牙皂11g, 补骨脂11g, 香附11g, 菟丝子11g, 没药11g, 当归11g, 乳香11g",以上二十七味，石南藤加水煎煮二次，每次 2 小时，合并煎液，滤过，滤液浓缩至相对密度为 1.10~1.20 (80℃) 的清膏，其余麻黄等二十六味粉碎成粗粉，照流浸膏剂与浸膏剂项下渗漉法 (附录 11 页) 用白酒 (50 度) 22500g 作溶剂，进行渗漉，漉液与上述浓缩液合并，加红糖 2250g 搅拌溶解，静置，滤过，即得
风湿稀桐片,片剂,祛风通络。用于风湿性关节炎或半身不遂，原发性高血压。,"豨莶草400g, 臭梧桐400g",以上二味，取臭梧桐 35g 加水，于 60℃温浸二次，每次 4 小时，合并浸液，滤过，滤液浓缩至稠膏状；豨签草加水煎煮二次，第一次 2 小时，第二次 1 小时，合并煎液，滤过，滤液浓缩至稠膏状；将剩余的臭梧桐粉碎成细粉，过筛，与上述稠膏混匀，制成颗粒，压片，包糖衣，即得
六味丸,丸剂,滋补肝肾。用于神经衰弱，头晕心悸，耳鸣目眩，夜尿频数。,"熟地黄160g, 五味子80g, 山药80g, 泽泻60g, 牡丹皮60g, 茯苓60g",以上六味，粉碎成细粉，过筛，混匀，每 100g 粉末加炼蜜 80~100g，制成大蜜丸，即得
心宁片,片剂,理气止痛，活血化瘀。用于冠心病，心绞痛。,"丹参300g, 槐花150g, 川芎150g, 三七54g, 红花150g, 降香150g, 赤芍150g",以上七味，三七、川芎粉碎成细粉，过筛；其余丹参等五味，加水煎煮三次，第一次 3 小时，第二次 2 小时，第三次 1 小时，合并煎液，滤过，滤液浓缩成膏，与上述粉末混匀，干燥，粉碎，过筛，加辅料适量，混匀，制成颗粒，干燥，压制成 1000 片，包糖衣，即得
心脑静片,片剂,清心清脑，镇惊安神。降低血压，疏通经络，防治中风。用于头晕目眩，烦躁不宁，风痰壅盛，言语不清，手足不遂。,"莲子心15g, 珍珠母65g, 槐米90g, 黄柏90g, 木香10g, 黄芩400g, 夏枯草300g, 钩藤300g, 龙胆100g, 淡竹叶50g, 铁丝威灵仙250g, 天南星(制)80g, 甘草20g, 牛黄10g, 朱砂10g, 冰片27g",以上十六味，朱砂水飞或粉碎成极细粉；莲子心、珍珠母、槐米、黄柏、木香粉碎成细粉，过筛；牛黄、冰片分别研细，过筛；其余黄芩等八味加水煎煮二次，每次 2 小时，合并煎液，滤过，滤液浓缩至相对密度为 1.30 (50℃) 的清膏。加入莲子心等粉末及辅料，混匀，与朱砂配研，制成颗粒，干燥放冷。加入牛黄、冰片粉末，混匀，应出颗粒 1506g，压片，包糖衣，即得
双黄消炎片,片剂,消炎。用于咽喉疼，腹泄，痢疾，慢性痢疾。,"三颗针450g, 黄芩150g",以上二味，取黄芩 90g 粉碎成细粉；其余黄芩加水煎煮三次，第一次 3 小时，第二次 1 小时，第三次 0.5 小时，合并煎液，滤过。三颗针用 45% 乙醇加热回流提取二次，合并提取液，滤过，滤液回收乙醇，与上述滤液合并，浓缩至相对密度为 1.35~1.40 (50℃) 的清膏，与上述黄芩粉混匀，干燥，粉碎成细粉，制成颗粒，干燥，压制成 350 片，即得
玉竹冲剂,颗粒剂,补中益气，润肺生津。用于热病伤津，咽干口渴，肺痿干咳，气虚食少。,玉竹500g,取玉竹 500g 加水煎煮二次，每次 2 小时，合并煎液，滤过，滤液浓缩至相对密度约 1.30 (热测) 的清膏，加入蔗糖 500g，混匀，制成颗粒，干燥，约制成 600g，即得
玉竹膏,膏剂,补中益气，润肺生津。用于热病伤津，咽干口渴，肺痿干咳，气虚食少。,玉竹500g,取玉竹 500g 加水煎煮三次，第一次 3 小时，第二、三次各 2 小时，合并煎液，滤过，滤液浓缩至稠膏状。另取蔗糖 500g 制成单糖浆，加入上述稠膏，混匀，浓缩至适量，约制成 1100g，即得
玉露保肺丸,丸剂,滋阴清热，润肺止嗽。用于阴虚咳嗽，失音声哑，口渴咽干，痰中带血。,"天冬120g, 麦冬120g, 石斛80g, 地黄80g, 熟地黄80g, 知母40g, 黄柏40g",以上七味，粉碎成细粉，过筛，混匀，每 100g 粉末加炼蜜 70~90g 制成大蜜丸，即得
甘露茶,茶剂,消暑散热，行气消食。用于感冒头痛，发热，食滞。,"麦芽(炒)70g, 紫苏叶35g, 青皮44g, 广藿香70g, 神曲(炒)70g, 防风35g, 青蒿70g, 鸭脚木叶470g, 山楂(炒)70g",以上九味，分别粉碎成粗粉，过筛，混匀，分装成 100 包；或取鸭脚木叶适量，粉碎成粗粉，紫苏叶、广藿香、防风、青皮、青蒿提取挥发油后，药渣与其余各药及余下的鸭脚木叶加水煎煮二次，滤过，合并滤液浓缩，加入鸭脚木叶粗粉混匀，干燥，喷入上述挥发油，混匀，分装成 100 袋，即得
石歧外感茶,茶剂,疏风清热，解暑消食。用于外感引起的发热头痛，咳嗽，骨痛，食滞饱胀，喉干舌燥，预防流行性感冒。,"岗梅150g, 铁包金150g, 蒲桃150g, 臭屎茉莉60g, 露兜筋150g",以上五味，分别切成片或段，筛除碎末，即得
石膏散 ,膏剂,清热祛火，消肿止痛。用于胃火上升引起的牙齿疼痛，口舌糜烂，牙龈出血。,"石膏60g, 冰片3g",以上二味，石膏粉碎成细粉；将冰片研细，与上述粉末配研，过筛，混匀，即得
归芍六君丸,丸剂,益气养血。用于肝脾不和，脘胀腹痛，食少体倦，呕吐。,"当归100g, 白术（炒）100g, 党参100g, 白芍100g, 茯苓100g, 甘草（炙）50g, 陈皮50g, 姜半夏50g",以上八味，粉碎成细粉，过筛，混匀。另取生姜 30g 与大枣 30g 捣碎、煎汁，泛丸，干燥，即得
归羊冲剂,颗粒剂,补养气血，温中散寒。用于久病体虚，产后虚寒腹痛，气血亏损。,"当归18g, 生姜30g, 羊肉250g",以上三味，当归粉碎成粗粉，照流浸膏剂及浸膏剂项下的渗漉法 (附录 11 页)，用 70% 乙醇作溶剂，浸渍 48 小时，缓缓渗漉，收集漉液，漉液浓缩至相对密度约 1.12 的清膏；另取生姜榨汁，姜汁加等量乙醇混合；羊肉加水煎煮二次，第一次 4 小时，第二次加姜渣煎煮 2 小时，合并煎液，滤过，滤液放置，除去凝固的羊脂，滤液浓缩至相对密度约 1.12 的清膏，加入当归清膏、姜汁、蔗糖 320g，混匀，制成颗粒，干燥，约制成 360g，即得
归红跌打丸,丸剂,活血散瘀。用于跌打损伤，血瘀作痛。,"当归175g, 防风175g, 红花175g, 制天南星175g, 白芷120g, 三七50g, 黄瓜子100g",以上七味，粉碎成细粉，过筛，混匀；每 100g 粉末加炼蜜 130~150g 制成大蜜丸，即得
四正丸,丸剂,祛暑解表，化湿止泻。用于内伤湿滞，外感风寒引起的头晕身重，恶寒发热，恶心呕吐，饮食无味，腹胀泄泻。,"广藿香90g, 香薷90g, 紫苏叶90g, 白芷90g, 檀香30g, 木瓜90g, 法半夏90g, 厚朴（姜炙）90g, 大腹皮90g, 陈皮90g, 白术（麸炒）90g, 桔梗90g, 茯苓90g, 槟榔30g, 枳壳(麸炒)90g, 山楂(炒)30g, 六神曲(麸炒)90g, 麦芽（炒）30g, 白扁豆(去皮)90g, 甘草90g",以上二十味，粉碎成细粉，过筛，混匀。每 100g 粉末加炼蜜 170~180g 制成大蜜丸，即得
四季三黄丸,丸剂,消炎退热，通便利水。用于口鼻生疮，咽疼齿痛，口干舌燥，目眩头晕，大便秘结，小便赤黄。,"大黄240g, 黄柏240g, 黄芩240g, 桔子75g",以上四味，粉碎成细粉，过筛，混匀，用水泛丸，干燥，即得
四季青片,片剂,清热解毒，凉血止血。用于咽喉肿痛，腹痛泻滞，下痢脓血，肛门灼热，小便淋沥涩痛，矩赤灼热。,四季青4000g,取四季青 4000g，除部分烘干后粉碎成细粉外，其余加水煎煮二次，每次 2 小时。合并煎液，滤过，滤液浓缩至约 2000ml，加乙醇 4000ml，搅匀，静置，取上清液浓缩成膏，再加 4 倍量水搅匀，浸渍，滤过，滤液浓缩至稠膏状，加入四季青细粉，混匀，烘干，粉碎，制成颗粒，压制成 1000 片，包糖衣，即得
四消丸,丸剂,消水、消痰、消食、消气，导滞通便。用于一切气食痰水，停积不化，胸脘饱闷，腹胀疼痛，大便秘结。,"大黄（酒炒）120g, 猪牙皂（炒）20g, 牵牛子80g, 牵牛子（炒）80g, 香附（醋炒）80g, 槟榔80g, 五灵脂（醋炒）80g",以上七味，粉碎成细粉，过筛，混匀，用醋泛丸，干燥，即得
仙茸壮阳口服液,口服液,补肾壮阳。用于体虚，阳萎肾寒。,"鹿茸（去毛）12.5g, 仙茅25g, 淫羊藿50g, 巴戟天（盐制）25g, 肉苁蓉25g, 枸杞子50g, 刺五加浸膏10g, 何首乌（制）50g",以上八味，取何首乌、淫羊藿、巴戟天、枸杞子、肉苁蓉、仙茅用 35% 乙醇回流提取二次，第一次 6 小时，第二次 4 小时，合并提取液，滤过，滤液浓缩至适量，加乙醇适量，搅拌，静置，滤过，滤液回收乙醇至稠膏状；将鹿茸置锅内蒸 30~40 分钟，取出切片，用 40% 乙醇适量温浸 12 小时以上，再回流提取 4 次，依次为 3、3、2、2 小时，合并提取液，滤过，滤液浓缩至适量，加乙醇适量，搅拌，静置，滤过，滤液回收乙醇，沉淀用 60% 乙醇洗至无色，洗液静置，回收乙醇，浓缩至适量，合并两次回收乙醇的浓缩液，加稀乙醇至 50ml，使含醇量为 20~30%；另取炼制蜂蜜 250g，蔗糖 250g 制成单糖浆，加入上述鹿茸液、刺五加浸膏、何首乌等稠膏，混匀，加入防腐剂适量及枸橼酸钠 6g，搅拌均匀，加水至 1000ml，静置，滤过，即得
仙桃草膏,膏剂,活血止血，消肿止痛。用于跌打损伤及各种出血。,仙桃草1000g,取仙桃草 1000g，加水煎煮二次，每次 2 小时，合并煎液，静置，滤过，滤液浓缩成相对密度为 1.33~1.35 (热测) 的清膏。取蔗糖 400g 加水溶化，滤过，与清膏混匀，浓缩成 660g，即得
白带片,片剂,健脾燥湿。用于白浊带下，大便溏泻。,"白术（麸炒）182g, 泽泻121g, 茯苓121g, 车前子121g, 椿皮121g",以上五味，取白术 120g 粉碎成细粉，过筛；茯苓、车前子、椿皮加水煎煮二次，第一次 3 小时，第二次 2 小时，合并煎液，滤过。其余白术及泽泻照流浸膏剂与浸膏剂项下的渗漉法 (附录 11 页) 以 85% 乙醇作溶剂，进行渗漉，漉液回收乙醇，合并以上各药液，减压浓缩成膏。加入白术细粉及辅料适量，混匀，制成颗粒，60℃以下干燥，压制成 1000 片，包糖衣，即得
白清胃散,散剂,清热，消肿，止痛。用于胃火上升引起的牙龈疼痛，口舌生疮。,"石膏360g, 玄明粉90g, 硼砂90g, 冰片18g",以上四味，分别粉碎成细粉，过筛，混匀，即得
白蒲黄片,片剂,清热凉血，解毒消炎。用于肠炎，痢疾等。,"白头翁830g, 蒲公英830g, 黄芩83g, 黄柏83g",以上四味，酌予碎断，加 80% 乙醇 7 倍量，在 80℃浸渍 4 小时，滤过，回收乙醇。残渣加水煎煮二次，每次 1 小时，合并煎液，滤过，与上述乙醇提取液混合，浓缩成稠膏，加适量淀粉，混匀，干燥，粉碎，过筛，制成颗粒，干燥，压制成 1000 片，包糖衣，即得
白蔻调中丸,丸剂,调理脾胃，促进消化。用于脾胃不和，气郁不舒，胸胃胀满，呕吐嘈杂。,"豆蔻30g, 草豆蔻40g, 党参160g, 沉香40g, 白术(麸炒)80g, 甘草(密制)20g, 乌药40g, 山楂(焦)80g, 六神曲(炒)80g, 肉桂(去粗皮)30g, 麦芽(炒)80g, 白扁豆(炒)80g, 干姜60g, 紫苏梗40g",以上十四味，粉碎成细粉，过筛，混匀。每 100g 粉末加炼蜜 145~165g，制成大蜜丸，即得
白避瘟散,散剂,清凉解热。用于受暑受热，头目眩晕，呕吐恶心，晕车晕船。,"绿豆粉800g, 石膏800g, 白芷80g, 滑石80g, 甘油352g, 冰片176g, 薄荷脑147g",以上七味，冰片、薄荷脑共研液化后加甘油；其余绿豆粉等四味粉碎成细粉与上述冰片等稠液配研，混匀。置缸中密封闷润，贮存六个月后取出。每 100g 粉末另加入甘油 6g，混匀，过筛，即得
宁嗽丸,丸剂,清热化痰，健脾益气，止咳平喘。用于咳嗽气喘，痰黄而多，胸闷、口干、舌燥、乏力等症。,"川贝母60g, 桔梗60g, 茯苓60g, 姜半夏60g, 橘红30g, 谷芽（炒）30g, 紫苏子60g, 苦杏仁45g, 桑白皮45g, 石斛60g, 薄荷45g, 甘草15g",以上十二味，取茯苓、桑白皮、石斛用 45% 乙醇，苦杏仁、姜半夏、橘红、薄荷用 70% 乙醇，紫苏子用 55% 乙醇，照流浸膏剂与浸膏剂项下的渗漉法 (附录 11 页) 分别进行渗漉，合并漉液，回收乙醇，制成浸膏。取川贝母、谷芽、桔梗、甘草粉碎成细粉，与上述浸膏混匀，加适量饴糖，混匀，制丸，烘干，打光，即得
加味天麻胶囊,胶囊剂,强筋骨，祛风湿，舒筋通络，活血止痛。用于风中经络引起的风湿痹痛，肢体拘挛，手足麻木，腰腿酸痛等症。,"天麻60g, 玄参60g, 羌活100g, 木瓜30g, 独活50g, 地黄160g, 牛膝60g, 穿山龙50g, 杜仲（盐炒）70g, 千年健20g, 当归100g, 鹿骨（制）50g, 草薢60g, 地枫皮30g, 附子（制）10g",以上十五味，将地黄、玄参、草薢、独活、地枫皮、千年健等六味，加水煎煮二次，每次 2 小时，合并煎液，滤过，滤液浓缩成稠膏；牛膝、杜仲、穿山龙、木瓜等四味酌予碎断，与上述稠膏拌匀，干燥，再与天麻、羌活、当归、附子、鹿骨等五味粉碎成细粉，过筛，混匀，分装于胶囊，即得
加味香连丸,丸剂,祛湿清热，化滞止痢。用于湿热凝结引起：红白痢疾，腹痛下坠。,"木香120g, 黄连(姜炙)180g, 黄芩120g, 黄柏(酒炙)60g, 白芍120g, 当归60g, 厚朴(姜炙)120g, 枳壳(去瓢麸炒)120g, 槟榔60g, 延胡索(醋炙)60g, 吴茱萸(甘草炙)60g, 甘草(蜜炙)30g",以上十二味，粉碎成细粉，过筛，混匀，用水泛丸，干燥，即得
加味烂积丸,丸剂,消积化滞。用于饮食积聚，胸满痞闷，腹胀坚结，消化不良。,"大黄80g, 牟牛子(炒)60g, 陈皮60g, 木香40g, 川木香80g, 香附(醋炙)60g, 莱菔子(炒)60g, 山楂(炒)80g, 槟榔80g, 芜荽40g, 阿魏60g, 三棱80g, 莪术80g, 白术80g, 当归80g, 吴茱萸(炒)30g, 厚朴(姜汁炙)40g, 法半夏40g, 砂仁40g, 草果(姜汁炙)40g, 甘草40g",以上二十一味，除阿魏外，其余大黄等二十味粉碎成细粉，过筛，混匀，用阿魏加水溶化的滤液泛丸，干燥，即得
加味逍遥丸,丸剂,舒肝清热，健脾养血。用于肝郁血虚、肝脾不和引起的两胁胀痛，头晕目眩，倦怠食少，月经不调，脐腹胀痛。,"柴胡300g, 当归300g, 白芍300g, 白术（麸炒）300g, 茯苓300g, 甘草240g, 牡丹皮450g, 栀子（姜炙）450g, 薄荷60g",以上九味，粉碎成细粉，过筛，混匀。另取生姜 100g 煎液泛丸，干燥，即得
西汉古酒,酒剂,补肾益精，强筋补髓。用于肾阳虚衰，阳萎，滑精，早泄，腰膝酸软，肢冷乏力，健忘，动则气喘等症。,"鹿茸2g, 蛤蚧（酒炙）19.5g, 狗鞭（酒炙）9.6g, 柏子仁(去油)65g, 枸杞子100g, 松子仁50g, 黄精200g",以上七味，粉碎成粗粉，照流浸膏剂与浸膏剂项下的渗漉法 (附录 11 页)，用白酒适量浸渍七天后，缓缓渗漉，收集漉液；另取蜂蜜 250g 炼至嫩蜜，待温，加入上述漉液中，搅匀，静置，滤过，制成 2500g，即得
百补酒,酒剂,补气血，益肝肾，填精髓。用于身体虚弱，腰膝无力，头昏目眩，遗精多汗。,"鹿角（镑）120g, 知母40g, 党参30g, 山药（炒）24g, 黄芪（炙）24g, 茯苓24g, 芡实24g, 枸杞子24g, 菟丝子24g, 金樱子肉24g, 熟地黄24g, 牛膝18g, 天冬24g, 麦冬12g, 楮实子24g, 黄柏12g, 山茱萸（去核）6g, 五味子6g, 龙眼肉6g",以上十九味，置容器内，取白酒 6000g，分二次浸泡，第一次 30 天，第二次 15 天，倾取上清液，滤过；另取蔗糖 630g 制成单糖浆，待温，缓缓加入上述滤液中，搅匀，静置，滤过，制成 7000g，即得
百咳静糖浆,糖浆剂,清热化痰，平喘止咳。用于百日咳，感冒及急慢性气管炎引起的咳嗽。,"陈皮96g, 麦冬48g, 前胡48g, 苦杏仁（炒）48g, 清半夏48g, 黄芩96g, 百部(蜜炙)72g, 黄柏96g, 桑白皮48g, 甘草48g, 麻黄（蜜炙）48g, 葶苈子（炒）48g, 紫苏子（炒）48g, 天南星（炒）32g, 桔梗48g, 瓜萎仁（炒）48g",以上十六味，紫苏子、瓜蒌仁粉碎成粗粉，装入药袋内，与陈皮等十四味加水煎煮二次，第一次 2 小时，第二次 1 小时，合并煎液，滤过，静置，取上清液浓缩成相对密度为 1.20 的清膏 (60℃)，另取蔗糖 650g 制成单糖浆，与上述清膏混匀，加入防腐剂、香精适量，搅匀，加水至 1000ml，混匀，即得
百效丸,丸剂,消积理滞，镇惊化痰。用于寒热凝结，停食宿水，腹疼腹胀，痰喘气促，慢惊风症。,"川贝母100g, 厚朴（姜制）100g, 柴胡100g, 玄参100g, 知母100g, 肉豆蔻（煨）75g, 朱砂100g, 巴豆霜100g, 肉桂75g, 血竭75g, 麝香5g, 冰片5g",以上十二味，除巴豆霜、麝香、冰片外，朱砂水飞或粉碎成极细粉；其余川贝母等八味粉碎成细粉；将麝香、冰片分别研细，与上述粉末配研，加入巴豆霜混匀，过筛，每 100g 粉末加炼蜜 65~85g 制成小蜜丸，即得
回春丹,丹剂,清热定惊，驱风祛痰。用于小儿惊风，感冒发热，呕吐腹泻，咳嗽气喘。,"麝香16g, 牛黄16g, 天麻(制)50g, 全蝎(制)50g, 僵蚕(制)50g, 川贝母50g, 半夏(制)50g, 钩藤320g, 胆南星80g, 木香50g, 豆蔻50g, 檀香50g, 陈皮50g, 沉香50g, 枳壳50g, 甘草35g, 天竺黄50g, 清宁80g, 朱砂50g",以上十九味，除麝香、牛黄外，朱砂水飞或粉碎成极细粉，其余天麻等十六味粉碎成细粉；将麝香、牛黄研细，与上述粉末配研，过筛，混匀，用水泛丸，再用朱砂粉末包衣，干燥，打光，即得
回春酒,酒剂,滋阴补阳，培元固本，调养气血。用于肾阳不足，气血虚损引起的精神倦怠，阳痿精冷，腰膝酸软，食欲不振及病后体弱。,"淫羊藿500g, 当归120g, 五加皮120g, 茯苓120g, 地骨皮120g, 苍术120g, 熟地黄60g, 杜仲60g, 生地黄60g, 天冬60g, 西红花60g, 牛膝60g, 肉苁蓉30g, 附片30g, 甘草30g, 花椒30g, 丁香15g, 木香15g",以上十八味，丁香、木香粉碎成细粉，过筛；其余淫羊藿等十六味粉碎成粗粉，取糯米 180g，小麦粉 2000g 混匀，加水适量蒸熟；另取白酒 20000g、蔗糖 2400g 与上述粉末及蒸熟的糯米、小麦粉共置缸内，密封，静置 6 个月以上，加热炖至酒沸，密封，静置 10 天，取上清液，约制成 20000g，即得
肉蔻四神丸,丸剂,温中散寒，补脾止泻。用于大便失调，黎明泻泄，肠泻腹痛，不思饮食，面黄体瘦，腰酸腿软。,"补骨脂(盐水制)80g, 木香40g, 肉豆蔻(面粉煨)80g, 罂粟壳160g, 诃子肉80g, 白芍160g, 干姜40g, 白术(麸炒)320g, 吴茱萸(甘草水制)20g",以上九味，粉碎成细粉，过筛，混匀；另取生姜、大枣各 8g，分次水煎，滤过，取滤液泛丸，低温干燥，即得
延寿片,片剂,补益肝肾，强壮筋骨。用于肝肾不足，头昏目花，耳鸣重听，四肢酸麻，腰酸无力，夜尿频数，须发早白。,"何首乌72g, 豨莶草16g, 菟丝子16g, 杜仲8g, 女贞子8g, 桑叶8g, 忍冬藤4g, 桑椹16g, 黑芝麻16g, 地黄4g, 金樱子16g, 墨旱莲16g, 黑豆16g, 牛膝8g",以上十四味，何首乌 50g 粉碎成细粉；其余何首乌碎断成小块，与金樱子、桑椹、地黄、忍冬藤、牛膝、墨旱莲、黑豆加水煎煮，滤过，滤液浓缩成稠膏。杜仲、桑叶、豨签草、菟丝子、女贞子、黑芝麻用 70% 乙醇加热回流提取，提取液浓缩成稠膏，两种稠膏与上述何首乌粉末制成颗粒，干燥，应出颗粒重 90g，压片，包糖衣，即得
伤湿镇痛膏,膏剂,祛风除湿，活血镇痛。用于筋骨、肌肉、关节酸痛。,"大血藤100g, 续断80g, 生草乌60g, 苍术100g, 生川乌60g, 白芷80g, 虎杖100g, 独活60g, 生天南星60g, 牛膝80g, 五加皮60g, 寻骨风60g, 川芎80g, 吴茱萸60g, 干姜60g, 防风60g, 当归80g, 延胡索80g, 樟脑80g, 颠茄浓浸膏60g, 薄荷脑60g, 水杨酸甲酯60g",以上二十二味，除樟脑、薄荷脑、水杨酸甲酯、颠茄浓浸膏外，其余大血藤等十八味粉碎成粗粉，用 90% 乙醇制成相对密度约为 1.05 的流浸膏，加入上述药味混匀；另加 4.5~5 倍重量由橡胶、松香等制成的基质，制成涂料，进行涂膏，切段，盖衬，切片，即得
全龟片,片剂,滋阴补肾。用于肺肾不足，骨蒸劳热，腰膝疫软，流注，流痰。,活乌龟312.5g,取活乌龟 312.5g，洗净，置铁锅内，密闭，焖存性，粉碎，过筛，用糯米粉 15.6g 打浆，过筛制粒，干燥后，每 100g 颗粒拌加滑石粉 2g 压制成 1000 片，用石炭黑为色素包糖衣，即得
全鹿大补丸,丸剂,补血填精，益气固本。用于头眩耳鸣，阳痿不举，神志恍惚，身体衰弱，气血双亏，崩漏带下。,"全鹿干350g (或鲜全鹿肉100g), 红参40g, 熟地黄100g, 地黄80g, 山茱萸80g, 枸杞子60g, 菟丝子(炒)60g, 杜仲(炭)60g, 茯实(炒)60g, 黄芪60g, 山药50g, 女贞子40g, 巴戟天(盐制)40g, 白术(炒)40g, 补骨脂(盐制)40g, 制何首乌40g, 当归40g, 莲子(炒)40g, 牛膝30g, 陈皮30g, 沙苑子25g, 菊花25g, 龟板(制)25g, 天冬25g, 锁阳25g, 花椒25g, 五味子8g, 胡芦巴(炒)10g, 沉香4g, 川芎50g, 肉苁蓉(制)40g, 茯苓40g, 白芍(酒炒)40g, 麦冬30g, 大青盐25g, 砂仁25g, 酸枣仁(炒)25g, 甘草(制)15g, 小茴香(盐制)8g",以上三十九味，粉碎成细粉，过筛，混匀，每 100g 粉末加炼蜜 35~45g，用水泛丸，干燥；或加炼蜜 120~140g 制成大蜜丸，即得。（注：如用鲜全鹿肉，煮熟、捣碎，其他药味粉碎成细粉加入上述鹿肉中，混匀，干燥，粉碎成细粉，其余同用全鹿干的制法）
壮元补身酒,酒剂,养阴助阳，益肾填精。用于肾精不足，遗精，阳痿，早泄，妇女白带，月经量少。,"地黄80g, 枸杞子80g, 肉苁蓉80g, 白芍20g, 山茱萸40g, 菟丝子40g, 续断(盐炒)40g, 山药40g, 贝子40g, 狗肾10g",以上十味，粉碎成粗粉；另取蔗糖 700g，加入含乙醇量为 30% 的白酒 10667g 中，照流浸膏剂与浸膏剂项下的渗漉法 (附录 11 页) 用蔗糖酒作溶剂，浸渍 5~7 天后，以每分钟 1~3ml 的速度，缓缓渗漉，收集漉液，静置，滤过，即得
壮腰补肾丸,丸剂,壮腰补肾，益气养血。用于心悸少寐，健忘怔忡，腰膝酸痛，肢体羸弱。,"熟地黄400g, 山药200g, 泽泻150g, 茯苓150g, 肉苁蓉(制)100g, 红参100g, 麦冬50g, 菟丝子(炒)100g, 车前子(炒)50g, 菊花100g, 远志(制)50g, 白术(炒)100g, 龙骨(煅)100g, 牡蛎(煅)100g, 续断100g, 当归150g, 黄芪150g, 首乌藤50g, 藤合欢50g, 五味子(制)50g",以上二十味，粉碎成细粉，过筛，混匀，每 100g 粉末加炼蜜 110~130g，制成大蜜丸，即得
安乐片,片剂,舒肝解郁，定惊安神。用于精神抑郁，惊恐失眠，胸闷不适，纳少神疲，对神经官能症、更年期综合症及小儿夜啼、磨牙等症状者亦可使用。,"柴胡90g, 当归135g, 川芎90g, 茯苓180g, 钩廉180g, 首乌廉180g, 白术（炒）180g, 甘草68g",以上八味，取钩藤、柴胡各半量，粉碎成细粉，过筛；另一半与其余茯苓等六味加水煎煮二次，每次 2 小时，合并煎液，滤过，滤液浓缩至相对密度约为 1.28 的清膏，加入上述粉末混匀，制成颗粒，干燥，压制成 1000 片，包糖衣，即得
安肾丸,丸剂,补肾散寒。用于肾不纳气，湿寒侵袭引起的梦遗滑精，肾衰湿冷，遗淋白浊，脐腹作痛，精神倦怠，健忘失眠，腰腿酸痛，头晕耳鸣，二便不利。,"巴戟天(甘草炙)96g, 肉苁蓉(酒炙)96g, 补骨脂(盐炙)96g, 川乌(甘草银花炙)48g, 肉桂48g, 白术（麸炒）96g, 山药96g, 茯苓96g, 菟膝(盐炙)96g, 粉草薢96g, 石斛96g, 桃仁96g",以上十二味，粉碎成细粉，过筛，混匀，用水泛丸，干燥，即得
安神宁,口服液,扶正固本，益气健脾，补肾安神。用于神经衰弱，食欲不振，全身无力等。,"刺五加浸膏20g, 灵芝50g, 五味子25g",以上三味，灵芝、五味子粉碎成粗粉，加 60% 乙醇浸渍二次，每次 170~200ml，每次一周，每天搅拌一次，分次滤过，药渣压榨，榨出液与滤液合并，加刺五加浸膏，搅匀，静置 24 小时，分取上清液；取蔗糖 300g 制成单糖浆，与上述溶液合并，加防腐剂适量，加水至 1000ml，搅匀，即得
安脑牛黄片,片剂,清热解毒，安神熄风，开窍镇静。用于神昏谵语，高热惊厥，烦燥不安。,"牛黄15g, 朱砂50g, 冰片45g, 石膏150g, 金银花150g, 连翘150g, 栀子100g, 黄芩100g, 知母100g, 郁金100g, 钩藤100g, 雄黄25g, 黄连100g, 珍珠15g, 辛荧50g, 大青叶150g, 石菖蒲100g, 水牛角浓缩粉30g",以上十八味，牛黄粉碎成最细粉；冰片研细，过筛；朱砂、珍珠、雄黄分别粉碎成极细粉；石菖蒲、郁金、辛夷、黄连和石膏 50g 粉碎成细粉。取石膏 100g、钩藤、栀子、黄芩、知母和连翘酌予碎断，加水煎煮三次，第一次 3 小时，第二次 2 小时，第三次 1 小时，合并煎液，滤过；金银花与大青叶加水煎煮二次，第一次 1 小时，第二次半小时，合并煎液，滤过，滤液与上述石膏等滤液混合，浓缩至相对密度为 1.24 (60℃) 的清膏，与上述石菖蒲等五味粉末混匀，制成颗粒，干燥，粉碎成细粉，加入牛黄、朱砂、珍珠、雄黄、水牛角浓缩粉与赋形剂适量，混匀，制成颗粒，干燥，加入冰片，混匀，压制成 2000 片，包糖衣，即得
苏子降气丸,丸剂,降气化痰，温肾纳气。用于气逆痰壅，咳嗽喘息，胸膈痞塞。,"紫苏子（炒）160g, 厚朴160g, 前胡160g, 甘草160g, 姜半夏160g, 陈皮160g, 沉香112g, 当归112g",以上八味，除紫苏子外，其余厚朴等七味粉碎成细粉，再与紫苏子串研，过筛，混匀；用生姜 40g、大枣 80g 煎汁泛丸，低温干燥得 1100g，即得
更衣片,片剂,润肠通便。用于病后津液不足，肝火内积，便秘腹胀。,"芦荟420g, 朱砂300g",以上二味，朱砂水飞或粉碎成极细粉，芦荟粉碎成细粉，与朱砂配研，混匀，制成颗粒，过筛，压制成 1800 片，即得
抗饥消渴片,片剂,养阴益气，润燥生津，抗饥止渴。用于非胰岛素依赖型糖尿病，对慢性萎缩性胃炎，胃阴虚者也有一定作用。,"红参50g, 黄连30g, 黄柏100g, 地黄50g, 熟地黄50g, 枸杞子100g, 玉竹100g, 麦冬100g, 五味子60g",以上九味，玉竹、麦冬、五味子加水煎煮二次，第一次 3 小时，第二次 2 小时，合并煎液，滤过，滤液减压浓缩成相对密度为 1.28~1.30 (45℃) 的清膏，其余红参等六味粉碎成细粉，加入上述清膏中，搅匀，干燥，粉碎成细粉，制成颗粒，加入辅料适量，压制成 1500 片，即得
利肝隆片,片剂,疏肝解郁，清热解毒。用于急、慢性肝炎，迁延性肝炎，慢性活动性肝炎，对血清谷丙转氨酶，麝香草酚浊度，黄疸指数均有显著的降低作用，对乙型肝炎表面抗原转阴有较好的效果。,"板蓝根800g, 茵陈166g, 郁金266g, 五味子266g, 甘草266g, 当归133g, 黄芪400g, 刺五加浸膏20g",以上八味，取板蓝根 130g 粉碎成细粉；另取五味子，干燥，粉碎成粗粉，加 75% 乙醇加热回流提取三次，第一次 3 小时，第二次 2 小时，第三次 1 小时，合并提取液，滤过，滤液回收乙醇并浓缩至相对密度为 1.30~1.32 (80℃) 的清膏；另取茵陈、当归、郁金酌予粉碎，提取挥发油，药渣与蒸馏后的水溶液加入酌予碎断的黄芪、甘草及剩余的板蓝根，加水煎煮二次，第一次 2 小时，第二次 1.5 小时，合并煎液，滤过，滤液浓缩至相对密度为 1.30~1.32 (80℃) 的清膏，将上述各清膏与刺五加浸膏混合均匀，加板蓝根细粉及淀粉适量，混匀，70~80℃干燥，粉碎成细粉，制成颗粒，低温干燥，喷入挥发油，混匀，密闭约 2 小时，压制成 1000 片，包糖衣，即得
利肝隆冲剂,颗粒剂,疏肝解郁，清热解毒。用于急、慢性肝炎，迁延性肝炎，慢性活动性肝炎，对血清谷丙转氨酶，麝香草酚浊度，黄疸指数均有显著的降低作用，对乙型肝炎表面抗原转阴有较好的效果。,"板蓝根800g, 茵陈166g, 郁金266g, 五味子266g, 甘草266g, 当归133g, 黄芪400g, 刺五加浸膏20g",以上八味，五味子粉碎成粗粉，用 75% 乙醇加热回流提取三次，第一次 3 小时，第二次 2 小时，第三次 1 小时，合并提取液，滤过，滤液回收乙醇，并浓缩至相对密度为 1.30~1.32 (80℃) 的清膏；另取茵陈、当归、郁金酌予粉碎，提取挥发油，药渣与蒸馏后的水溶液加入酌予碎断的黄芪、甘草、板蓝根，加水煎煮二次，第一次 2 小时，第二次 1.5 小时，合并煎液，滤过，滤液浓缩至适量，加乙醇，使含乙醇量达 77%，静置 24 小时，滤过，回收乙醇并浓缩至相对密度为 1.30~1.32 (80℃) 的清膏，将上述各膏与温热的刺五加浸膏混合，加蔗糖粉适量及矫味剂，混匀，制成颗粒，低温干燥，喷入挥发油，密闭 2 小时，制成 200 袋，即得
利膈丸,丸剂,宽胸利膈，消积止痛。用于气滞不舒，胸膈胀满，脘腹疼痛，停饮。,"莱菔子（炒）100g, 槟榔100g, 大黄（酒炙）100g, 厚朴（姜制）50g, 山楂50g, 六神曲（炒）50g, 砂仁25g, 桔梗50g, 青皮（醋炙）50g, 枳壳（炒）50g, 麦芽（炒）50g, 木香50g, 陈皮50g, 苍术（炒）50g, 广藿香50g, 草果仁50g, 甘草50g",以上十七味，粉碎成细粉，过筛，混匀，每 100g 粉末加炼蜜 150~170g，制成大蜜丸，即得
余甘子喉片,片剂,清热润燥，利咽止痛。用于燥热伤津引起的咽喉干燥疼痛。,"余甘子1600g, 冰片0.5g, 薄荷脑1g",以上三味，余甘子加水煎煮三次，每次 1.5 小时，合并煎液，滤过，浓缩成含 18~25% 水分的稠膏，干燥，粉碎，加蔗糖粉及辅料适量，制成颗粒，低温干燥，放冷，加入冰片、薄荷脑，混匀，压制成 1000 片，即得
肝肾滋,口服液,益肝明目，滋阴补肾。用于肾阴不足，气血两亏，目眩昏暗，心烦失眠，肢倦乏力，腰腿酸软。,"枸杞子800g, 黄芪20g, 党参100g, 麦冬50g, 阿胶90g",以上五味，除阿胶外，其余枸杞子等四味加水煎煮三次，第一次 3 小时，第二、三次各 2 小时，合并煎液，滤过，滤液浓缩至适量，加入阿胶小块，烊化后，继续浓缩至相对密度为 1.20~1.24 的清膏。加入蔗糖 800g，防腐剂适量，煮沸使溶解（约出膏 1900g），即得
肝泰冲剂,颗粒剂,舒肝养血，化瘀理气。用于急慢性无黄疸型肝炎及肝炎综合症。,"当归62.5g, 郁金78g, 白芍94g, 桃仁78g, 香附78g, 地黄78g, 五灵脂78g, 柏子仁73g, 陈皮78g, 竹叶柴胡47g",以上十味，加水煎煮二次，第一次 2 小时，第二次 1.5 小时，合并煎液，滤过，滤液浓缩至相对密度为 1.33~1.35 (80℃) 的清膏；取清膏 1 份，加蔗糖粉 2.5 份，糊精 1 份及适量的乙醇制成颗粒，干燥，即得
龟鹿二仙膏,膏剂,温肾益精，补气养血。用于久病肾虚，腰酸膝软，精血不足，遗精阳萎。,"龟板250g, 鹿角250g, 党参47g, 枸杞子94g",以上四味，龟板加水煎煮三次，每次 24 小时，合并煎液，滤过，滤液静置；鹿角锯成长 6~10cm 的段，漂泡至水清，取出，加水煎煮三次，第一、二次各 30 小时，第三次 20 小时，合并煎液，滤过，滤液静置；党参、枸杞子加水煎煮三次，第一、二次各 2 小时，第三次 1.5 小时，合并煎液，滤过，滤液静置；合并上述三种滤液，滤过，滤液浓缩成清膏；取蔗糖 2200g，制成转化糖，加入上述清膏中，混匀，浓缩至规定的相对密度，即得
补中益气片,片剂,补中益气，升阳举陷。用于脾胃虚弱，中气下陷，休倦乏力，食少腹胀，久泻，脱肛，子宫脱垂。,"黄芪(蜜炙)200g, 党参60g, 甘草(蜜炙)100g, 白术(炒)60g, 当归60g, 升麻60g, 柴胡60g, 陈皮60g, 生姜20g, 大枣40g",以上十味，党参 20g 与甘草粉碎成细粉，过筛，称取 96g 备用；白术、陈皮、当归提取挥发油，药渣与生姜用白术等蒸馏后的水溶液配成的 50% 乙醇溶液作溶剂，照流浸膏剂与浸膏剂项下的渗漉法 (附录 11 页)，进行渗漉，收集漉液，回收乙醇；取上述剩余的党参和甘草混合粉、党参 40g 和黄芪、升麻、柴胡、大枣加水煎煮三次，第一次 2 小时，第二、三次各 1 小时，合并煎液，静置，滤过，滤液浓缩至适量，加入漉液，浓缩成稠膏，加入党参、甘草粉末，混匀，干燥，制成颗粒，喷入挥发油，混匀，压制成 1000 片，即得
补中益气合剂,口服液,补中益气，升阳举陷。用于脾胃虚弱，中气下陷，体倦乏力，食少腹胀，久泻，脱肛，子宫脱垂。,"黄芪(蜜炙)280g, 党参84g, 甘草(蜜炙)140g, 白术84g, 当归84g, 升麻84g, 柴胡84g, 陈皮84g, 生姜28g, 大枣56g",以上十味，白术、陈皮、当归提取挥发油，蒸馏后的水溶液另器收集；药渣和生姜照流浸膏剂与浸膏剂项下的渗漉法 (附录 11 页)，用 50% 乙醇作溶剂，浸渍 24 小时，进行渗漉，漉液回收乙醇；其余黄芪等六味加水煎煮三次，每次 2 小时，合并煎液，滤过，滤液浓缩至 100ml，与上述水溶液、漉液合并，静置，滤过，浓缩至约 1000ml，加入苯甲酸钠 3g，放冷，加入上述挥发油，调整总量至 1000ml，搅匀，即得
补中益气膏,膏剂,补中益气，升阳举陷。用于脾胃虚弱，中气下陷，体倦乏力，食少腹胀，久泻，脱肛，子宫脱垂。,"黄芪(蜜炙)200g, 升麻60g, 甘草(蜜炙)100g, 柴胡60g, 党参60g, 白术(土炒)60g, 当归60g, 生姜20g, 陈皮60g, 大枣40g",以上十味，加水煎煮三次，第一、二次各 2 小时，第三次 1 小时，合并煎液，滤过，滤液静置 24 小时，上清液减压浓缩至相对密度为 1.28~1.32 (85~90℃) 的清膏，每 100g 清膏加炼蜜 700g，混匀，加热至沸，滤过，即得
补肾丸,丸剂,锁阳固精，滋阴补肾。用于肾水不足，阴虚阳亢，头晕咳嗽，腰膝酸痛，梦遗滑精。,"锁阳60g, 龟板60g, 熟地黄150g, 枸杞子90g, 天冬（烫）60g, 知母60g, 白芍60g, 干姜15g, 黄柏60g, 五味子30g",以上十味，粉碎成细粉，过筛，混匀。每 100g 粉末加炼蜜 90~110g，制成大蜜丸，即得
补益活络丸,丸剂,益气补肾，舒筋通络，祛风胜湿，活血。用于气血不足，风湿血滞，筋骨酸疼，行动不利，以及跌打损伤等。,"黄芪50g, 桑枝50g, 何首乌(酒蒸)40g, 熟地黄30g, 茯苓30g, 独活30g, 当归30g, 防己30g, 白芍30g, 党参30g, 牡丹皮30g, 威灵仙30g, 木瓜30g, 地龙30g, 红花20g, 赤芍20g, 杜仲(炒炭)20g, 甘草20g, 香附(醋制)20g, 川芎15g, 桃仁10g",以上二十一味，粉碎成细粉，过筛，混匀，每 100g 粉末加炼蜜 140~160g，制成大蜜丸，即得
灵芝桂圆酒,酒剂,滋补强壮，温补气血，健脾益肺，保肝护肾。用于身体瘦弱，产后虚弱，贫血，须发早白等症的辅助治疗。,"灵芝100g, 桂圆肉50g, 黄精（制）100g, 党参50g, 枸杞子50g, 黄芪（蜜炙）50g, 制何首乌100g, 山药25g, 当归50g, 熟地黄50g, 茯苓25g, 陈皮25g, 大枣25g",以上十三味，粉碎成细粉，照流浸膏剂与浸膏剂项下的渗漉法 (附录 11 页)，用白酒作溶剂，进行渗漉，收集漉液，加冰糖 700g 使溶解，加适量浓度的白酒调整总量至 7000g，静置，滤过，即得
陆英冲剂,颗粒剂,疏肝健脾，活血化瘀，利尿消肿。用于急性病毒性肝炎。,陆英1000g,取陆英 1000g，切碎，加水煎煮二次，每次 2 小时，合并煎液，滤过，滤液浓缩至相对密度为 1.35~1.40 (60~65℃) 的清膏。取清膏 1 份，蔗糖粉 3 份，糊精 1 份，混匀，制成颗粒，干燥，过筛，即得
陆英糖浆,糖浆剂,疏肝健脾，活血化瘀，利尿消肿。用于急性病毒性肝炎。,陆英1550g,取陆英 1550g 酌予碎断，加水煎煮二次，每次 2 小时，合并煎液，静置，滤过，滤液浓缩至适量，加入蔗糖 500g、防腐剂适量，搅拌使溶解，继续煮沸 15 分钟，滤过，加水至 1000ml，即得
阿胶三宝膏,膏剂,补气血，健脾胃。用于气短心悸，崩漏下血，脾虚食少，体虚浮肿。,"阿胶90g, 大枣300g, 黄芪300g",以上三味，黄芪、大枣酌予碎断，加水煎煮三次，第一次 3 小时，第二次 2 小时，第三次 1 小时，合并煎液，滤过，滤液浓缩至稠膏状；另取蔗糖 240g 和饴糖 90g 加水适量，加热使溶化，滤过，阿胶加水适量化开，与上述稠膏、糖水混合，浓缩至适量，即得
阿魏麝香化积膏,膏剂,化痞消积，追风散寒，活血祛瘀。用于虚寒痞块，肚腹饱胀，腰腿疼痛，筋骨麻木，脾湿胃寒，妇女血寒，行经腹痛。,"阿魏250g, 麝香10g, 透骨草125g, 千年健60g, 钻地风60g, 川牛膝60g, 杜仲60g, 附子60g, 当归60g, 防风60g, 高良姜60g, 甘草30g, 川乌30g, 草乌30g, 白芷60g, 穿山甲100g, 细辛60g, 肉桂60g",以上十八味，除麝香研细，阿魏、肉桂粉碎成细粉，与上述粉末配研，过筛，混匀。将透骨草等十五味酌予碎断，与食用植物油 10000g 同置锅内炸枯（透骨草、细辛后下），去渣，滤过，炼至滴水成珠，另取红丹 4500g，加入油内搅匀，收膏，将膏浸泡于水中。取膏用文火熔化后，将阿魏等细粉加入搅匀，分摊于布上，即得
附桂紫金膏,膏剂,温经散寒，补气养血。用于经血不调，血海虚寒，行经腹痛，经色黑紫，肚腹胀疼，以及体亏气弱，腰腿无力，周身酸疼。,"附子40g, 防风40g, 杜仲40g, 白芷40g, 五灵脂40g, 独活40g, 当归40g, 川芎40g, 木瓜40g, 羌活40g, 乳香40g, 没药40g, 木香40g, 肉桂40g",以上十四味，除乳香、没药、木香、肉桂粉碎成细粉，过筛，混匀外；其余附子等十味酌予碎断，与食用植物油 4800g 同置锅内炸枯，去渣，滤过。油炼至滴水成珠；另取红丹 1800g，加入油内，搅匀，收膏，将膏浸泡于水中。取膏用文火熔化，将上述粉末加入搅匀，分摊于布或纸上，即得
驱风药酒,酒剂,舒筋活络，祛瘀生新。用于筋骨疼痛，寒结肚痛，产后瘀血不净。,"当归37g, 川芎37g, 续断37g, 防风37g, 独活28g, 陈皮37g, 羌活28g, 虎杖99g, 木香28g, 葡萄干19g, 甘草28g",以上十一味，切片或粉碎成粗粉，置容器内，分两次加 50 度白酒共 10000~11000ml，密闭加热，浸泡，保持在 70~75℃。合并两次提取液，加蔗糖适量，搅拌，澄清后滤过，滤液密封，静置半年以上，取清液，即得
驱风蛇酒,酒剂,驱风祛湿，活络强筋骨。用于风湿关节痛，手足麻木不舒。,"蛇肉1500g, 当归10g, 宽筋藤13g, 秦艽13g, 走马胎13g, 黄芪(炙)10g, 川芎10g, 白芍13g, 白芷10g, 党参(炙)19g, 续断10g, 远志12g, 菟丝子19g, 杜仲19g, 枸杞子25g, 菊花10g, 熟地黄13g, 干姜13g, 威灵仙25g, 独活6.2g, 五加皮13g, 牛膝13g, 桂圆肉200g, 陈皮5g, 酸枣仁(炒)10g, 大枣400g",以上二十六味，蛇肉用白酒适量润透，蒸熟，冷却后，置容器中，加 50 度白酒 3000ml，密闭浸泡 90 天；其余各药置容器中，加 40 度白酒 7640ml，密闭浸泡 45~55 天；合并浸液，加入香精适量，搅匀，滤过，即得
青大将丸,丸剂,祛风湿，通经络。用于风湿痹痛，湿疹顽癣。,乌梢蛇（去头尾，炒）500g,取乌梢蛇 (去头尾，炒) 500g，粉碎成细粉，过筛，加炼蜜 120g，黄酒 60g，混匀；用水泛丸，干燥，即得
拨云散眼药,散剂,清热消炎，明目退翳。用于暴发火眼，眼边赤烂，云翳遮睛。,"牛黄5g, 麝香5g, 冰片4.68g, 朱砂16g, 瑰珀24g, 础砂4.8g, 硼砂48g, 炉甘石（煅）625g",以上八味，除牛黄、麝香、冰片外，朱砂水飞或粉碎成极细粉；其余琥珀等分别粉碎成极细粉；将牛黄、麝香、冰片研成极细粉，与上述粉末配研，过筛，混匀，即得
肾石通冲剂,颗粒剂,清热利湿，活血止痛，化石，排石。用于肾结石，肾盂结石，膀胱结石，输尿管结石。,"金钱草100g, 王不留行（炒）100g, 蒿蓄60g, 延胡索(醋制)30g, 鸡内金（烫）40g, 丹参40g, 木香20g, 瞿麦50g, 牛膝30g, 海金沙40g",以上十味，海金沙、王不留行装入布袋内，与其余金钱草等八味加水煎煮二次，第一次 2.5 小时，第二次 1.5 小时，合并煎液，滤过，减压浓缩至相对密度为 1.20~1.25 (75~80℃) 的清膏；取清膏 1 份，加糖粉 2 份，糊精 1 份混匀，制成颗粒，在 80℃以下干燥，即得
齿痛宁,口服液,清热解毒，消肿止痛，化腐生肌，收敛止血。用于各种牙痛。,"升麻30g, 石膏30g, 草芨30g, 皂角刺0.5g, 川芎30g, 白芷30g, 雄黄30g, 地骨皮30g, 藻本10g, 细辛30g, 乳香30g, 高良姜30g, 冰片30g",以上十三味，除冰片外，雄黄水飞或粉碎成极细粉，其余升麻等十一味粉碎成细粉；将冰片研细，与上述粉末配研，过筛，混匀，即得
齿痛冰硼散,散剂,散郁火，止牙痛。用于火热内闭引起的牙龈肿痛，口舌生疮。,"硼砂288g, 硝石432g, 冰片18g",以上三味，硼砂、硝石粉碎成细粉；将冰片研细，与上述粉末配研，过筛，混匀，即得
固本丸,丸剂,滋阴补气，清肺降火。用于气阴两虚，症见潮热，咳嗽咳血，形体瘦弱，自汗盗汗，乏力或病后津伤等。,"熟地黄100g, 党参50g, 地黄100g, 天冬100g, 麦冬100g",以上五味，党参、麦冬粉碎成细粉，熟地黄、地黄、天冬加水煎煮二次，第一次 3 小时，第二次 2 小时，合并煎液，滤过，滤液浓缩成相对密度大于 1.30 (20℃) 的清膏，加入上述粉末及适量淀粉，混匀，制丸，干燥，打光，即得
罗汉果玉竹冲剂,颗粒剂,养阴润肺，止咳生津。用于肺燥咳嗽，咽喉干痛。,"罗汉果200g, 玉竹400g",以上二味，玉竹加水煎煮三次，第一次 2 小时，第二次 1.5 小时，第三次 1 小时，合并煎液，滤过，滤液浓缩至相对密度为 1.30 (20℃) 的清膏；罗汉果加水煎煮三次；合并煎液，滤过，滤液浓缩至相对密度为 1.20 (20℃) 的清膏，加乙醇等量，静置，取上清液，回收乙醇，浓缩至相对密度为 1.30 (20℃) 的清膏，加入玉竹清膏及蔗糖适量，制成颗粒或压块，干燥，制成 2400g，即得
和络舒肝片,片剂,疏肝理气，清化湿热，活血化瘀，滋养肝肾。用于慢性迁延性肝炎，慢性活动性肝炎及早期肝硬化。,"白术（炒）60g, 白芍80g, 三棱60g, 香附（制）100g, 莪术80g, 当归60g, 木瓜20g, 大黄20g, 红花40g, 鳖甲（炙）15g, 桃仁20g, 郁金20g, 菌陈60g, 海藻65g, 昆布80g, 玄参60g, 地黄100g, 熟地黄80g, 虎杖100g, 土鳖虫100g, 柴胡40g, 制何首乌100g, 凌霄花20g, 蜣螂20g, 五灵脂60g, 黑豆100g, 半边莲60g",以上二十七味，白术、白芍、香附、三棱、莪术、当归、木瓜粉碎成细粉，过筛，混匀；其余大黄等二十味加水煎煮二次，每次 1.5 小时，合并煎液，滤过，滤液浓缩成稠膏，与上述粉末混匀，制成颗粒，干燥，压制成 1700 片，即得
和络舒肝胶囊,胶囊剂,疏肝理气，清化湿热，活血化瘀，滋养肝肾。用于慢性迁延性肝炎，慢性活动性肝炎及早期肝硬化。,"白术（炒）60g, 白芍80g, 三棱60g, 香附（制）100g, 莪术80g, 当归60g, 木瓜20g, 大黄20g, 红花40g, 鳖甲（炙）15g, 桃仁20g, 郁金20g, 茵陈60g, 海藻65g, 昆布80g, 玄参60g, 地黄100g, 熟地黄80g, 虎杖100g, 土鳖虫100g, 柴胡40g, 制何首乌100g, 凌霄花20g, 蜣螂20g, 五灵脂60g, 黑豆100g, 半边莲60g",以上二十七味，白术、白芍、香附、三棱、莪术、当归、木瓜粉碎成细粉，过筛，混匀；其余大黄等二十味加水煎煮二次，每次 1.5 小时，合并煎液，滤过，滤液浓缩至稠膏状，与上述粉末混匀，制成颗粒，干燥，装胶囊，即得
金砂五淋丸,丸剂,清热，通淋。用于膀胱湿热，小便浑浊，淋沥作痛。,"海金砂40g, 猪苓40g, 瞿麦40g, 大黄40g, 赤芍40g, 萹蓄40g, 茯苓40g, 关木通40g, 黄柏40g, 地黄40g, 车前子40g, 黄芩40g, 当归40g",以上十三味，粉碎成细粉，过筛，混匀，用水泛丸，干燥，即得
育婴丸,丸剂,清热镇惊。用于小儿急热惊风，痰喘咳嗽，发热头痛，恶心吐乳。,"天竺黄50g, 朱砂25g, 僵蚕10g, 薄荷60g, 黄连100g, 血竭10g, 雄黄35g, 山药100g, 全蝎10g, 牛黄20g, 麝香20g, 胆南星100g, 钩藤20g",以上十三味，除牛黄、麝香外，朱砂水飞或粉碎成极细粉；其余天竺黄等十味粉碎成细粉；将牛黄、麝香研细，与朱砂及上述粉末配研，过筛，混匀，用水泛丸，低温干燥，即得
泻白丸,丸剂,宣肺解热，化痰止咳。用于伤风咳嗽，痰多胸满，口渴舌干，鼻塞不通。,"紫苏叶75g, 紫菀75g, 桑白皮50g, 款冬花50g, 淳芳子25g, 前胡75g, 石膏75g, 薄荷50g, 甘草50g, 苦杏仁（炒）75g, 麻黄50g, 川贝母50g, 瓜萎子50g",以上十三味，粉碎成细粉，过筛，混匀，每 100g 粉末加炼蜜 100~120g 制成大蜜丸，即得
治伤跌打丸,丸剂,散瘀止痛。用于跌打损伤，伤筋动骨。,"红花500g, 大黄200g, 乳香（炒）300g, 没药（炒）200g, 当归300g, 续断300g, 自然铜（煅）300g, 赤芍300g, 麻黄150g, 香瓜子300g, 骨碎补（制）200g, 穿山甲300g, 硼砂150g, 三七200g",以上十四味，除自然铜粉碎成细粉外，其余红花等十三味粉碎成最细粉，过筛，混匀，与上述粉末混匀，每 100g 粉末加炼蜜 90~110g，制成大蜜丸，即得
治红丸,丸剂,清热，凉血，止血。用于吐血，便血，咳嗽痰中带血。,"鲜荷叶100g, 侧柏叶（炭）40g, 地黄（炭）40g, 荷叶（炭）40g, 陈皮40g, 牡丹皮40g, 黄芩40g, 百合40g, 石斛30g, 橘络25g, 地黄25g, 甘草20g, 关木通20g, 大蓟20g, 铁树叶20g, 京墨20g, 浙具母15g, 棕板（炭）10g",以上十八味，粉碎成细粉，过筛，混匀。每 100g 粉末加炼蜜 150~170g，制成大蜜丸，即得
定喘疗肺丸,丸剂,止咳定喘，祛痰。用于痰喘咳嗽，夜不能眠，胸满肋痛。,"石膏50g, 麻黄（制）25g, 桔梗25g, 苦杏仁（炒）25g, 前胡25g, 姜半夏25g, 黄芩20g, 款冬花（蜜制）25g, 白果仁50g, 葶苈子（炒）25g, 橘红25g, 桑白皮15g, 紫苏子（炒）15g, 甘草15g",以上十四味，粉碎成细粉，过筛，混匀，每 100g 粉末加炼蜜 100~120g，制成大蜜丸，即得
参苏感冒片,片剂,祛风解表，化痰止咳。用于伤风感冒，寒热往来，鼻塞声重，咳嗽。,"党参260g, 紫苏叶130g, 桔梗50g, 姜半夏65g, 葛根65g, 茯苓65g, 陈皮50g, 前胡130g, 枳壳50g, 甘草50g, 麦冬50g, 桑白皮50g",以上十二味，前胡、姜半夏、茯苓粉碎成细粉；紫苏叶、陈皮提取挥发油；药渣与党参等七味加水煎煮二次，第一次 3 小时，第二次 2 小时，合并煎液，滤过，滤液减压浓缩成稠膏状，加入上述粉末及辅料适量，混匀，制成颗粒，干燥，放冷，喷加紫苏叶、陈皮挥发油，混匀，压制成 1000 片，即得
参麦止嗽糖浆,糖浆剂,清热化痰，润肺止咳。用于肺燥咳嗽，急、慢性支气管炎。,"北沙参90g, 麦冬180g, 买麻藤240g, 枇杷叶270g, 鱼腥草150g",以上五味，加水煎煮二次，每次 2 小时，合并煎液，滤过，滤液浓缩至适量，加乙醇使含醇量达 60%，静置沉淀，滤过，滤液回收乙醇并浓缩至适量；另取蔗糖 500g 加水煮沸溶解，放冷，滤过，滤液与上述浓缩液合并，加入防腐剂及水适量，制成 1000ml，即得
参麦地黄丸,丸剂,养阴润肺。用于肺肾两虚，咳嗽气喘，咽干口燥，潮热咯血。,"北沙参200g, 熟地黄400g, 麦冬150g, 牡丹皮150g, 山药200g, 山茱萸（蒸）200g, 茯苓150g, 泽泻150g",以上八味，粉碎成细粉，过筛，混匀。每 100g 粉末加炼蜜 35g 与适量的水，泛丸，干燥，即得
参芪五味子片,片剂,健脾益气，宁心安神。用于心悸气短，动则气喘易汗，少寐多梦，倦怠乏力，健忘等症。,"五味子180g, 党参60g, 黄芪120g, 酸枣仁（炒）30g",以上四味，黄芪、酸枣仁、五味子 120g 分别照流浸膏剂与浸膏剂项下的渗漉法 (附录 11 页) 各用 45%、70%、60% 的乙醇作溶剂，进行渗漉；漉液回收乙醇后合并，浓缩成相对密度为 1.30 (20℃) 的清膏；其余党参、五味子 60g 粉碎成细粉，加入上述清膏中，混匀，制成颗粒，干燥，压制成 1000 片，或包糖衣，即得
参茸大补膏,膏剂,滋阴补肾，益气养血，强壮筋骨。用于成人体虚，腰膝酸软；食减肌瘦，气短心悸。,"红参1g, 鹿茸0.4g, 白术48g, 五味子24g, 当归48g, 陈皮48g, 白芍48g, 熟地黄42g, 甘草（蜜炙）48g, 党参60g, 肉桂10g, 远志24g, 黄芪（蜜炙）48g, 茯苓42g",以上十四味，红参、鹿茸、肉桂切片，用 50% 乙醇加热回流提取 4 小时，滤过，滤液回收乙醇；残渣与其余白术等十一味加水煎煮三次，每次 2 小时，合并煎液，滤过，滤液浓缩成清膏；取蔗糖 700g，制成转化糖，加入上述清膏及提取液中，混匀，浓缩至规定的相对密度，即得
参茸丸,丸剂,滋阴补肾，益精壮阳。用于肾虚肾寒，阳痿早泄，梦遗滑精，腰腿酸痛，形体瘦弱，气血两亏。,"红参150g, 熟地黄300g, 巴戟天150g, 陈皮75g, 菟丝子（炒）150g, 白术（炒）75g, 山药150g, 黄芪（制）100g, 茯苓150g, 牛膝100g, 肉苁蓉（制）150g, 肉桂100g, 当归150g, 枸杞子100g, 鹿茸75g, 小茴香（盐制）75g, 白芍（酒炒）75g, 甘草（制）50g",以上十八味，粉碎成细粉，过筛，混匀，每 100g 粉末加炼蜜 120~140g，制成大蜜丸，即得
参茸追风酒,酒剂,搜风散寒，舒筋活络，止痛。用于四肢麻木，屈伸困难，筋骨疼痛，风寒湿痹。,"制川乌100g, 制草乌100g, 红花100g, 当归100g, 陈皮100g, 生晒参20g, 薄荷100g, 鹿茸5g, 淡竹叶100g, 炮姜100g, 甘草100g",以上十一味，粉碎成粗粉；取 60 度白酒 10kg、食醋 1.2kg、水 4kg 配成混合液，先用少量混合液将药粉湿润，放置约 6 小时后，加入剩余的混合液，放置 48 小时，照流浸膏剂与浸膏剂项下的渗漉法 (附录 11 页) 以每分钟 3ml 的速度渗漉，至漉液无色，收集滤液，残渣压榨，榨出液与漉液合并，加入蔗糖 2kg，搅拌使溶解，静置，滤过，即得
参鹿补膏,膏剂,益气养血，补肾壮阳。用于精神疲乏，气血不足，腰膝酸软。,"鸡血藤160g, 女贞子120g, 墨旱莲80g, 仙鹤草80g, 熟地黄80g, 淫羊藿60g, 狗脊(砂烫去毛)60g, 白术(麸炒)60g, 锁阳40g, 党参40g, 续断40g, 干鹿肉20g(或鲜鹿肉60g), 玉竹20g, 人参16g",以上十四味，先将人参与鹿肉加水煎煮二次，分取煎液后，残渣再与鸡血藤等十二味药加水煎煮二次，分取煎液，残渣压榨，榨出液与上述煎液合并，滤过，静置，取上清液浓缩成膏，每 100g 浓缩膏加白糖 129g，先将白糖用适量水溶化，滤过，再与浓缩膏混合浓缩至相对密度为 1.40~1.41 (25℃) 的清膏，加入苯甲酸钠适量，混匀，即得
枸杞药酒,酒剂,滋肾益肝。用于肝肾不足，虚劳赢瘦，腰膝酸软，失眠。,"枸杞子250g, 熟地黄50g, 黄精（蒸）50g, 百合25g, 远志（制）25g",以上五味，粉碎成粗粉，装入布袋与白酒 5000ml 置容器内，加盖隔水加热至沸腾时，倾入缸中密封，浸泡 30~40 天，每日搅拌一次，取出布袋得浸液，再将布袋压榨，榨出液与浸液合并，加入蔗糖 500g，搅拌溶解，静置数天，滤过，即得
枸杞膏,膏剂,滋补肝肾，润肺明目。用于头目眩晕，虚损久咳等症。,枸杞子5000g,取枸杞子 5000g，加水煎煮三次，第一次 3 小时，第二、三次各 2 小时，合并煎液，滤过，滤液浓缩成相对密度为 1.30~1.38 (热测) 的清膏。每 100g 清膏加蔗糖 200g，加热熔化，混匀，浓缩至规定的相对密度，即得
荆防冲剂,颗粒剂,发汗解表，散风祛湿。用于感冒风寒，头痛身痛，恶寒无汗，鼻塞流涕，咳嗽。,"荆芥75g, 防风75g, 羌活75g, 独活75g, 柴胡75g, 前胡75g, 川芎75g, 枫壳75g, 茯苓75g, 桔梗75g, 甘草25g",以上十一味，荆芥、防风、羌活、独活、前胡、川芎和枳壳分别提取挥发油，川芎、枳壳蒸馏后的水溶液另器收集；川芎、枳壳的药渣与茯苓照流浸膏剂与浸膏剂项下的渗漉法 (附录 11 页)，用上述水溶液配成 25% 的乙醇溶液作溶剂，进行渗漉；荆芥、防风、羌活、独活和前胡的药渣与其余柴胡、桔梗、甘草等三味加水煎煮二次，每次 1.5 小时，合并煎液，滤过，滤液浓缩成稠膏；合并漉液和稠膏，混匀，静置，滤过，滤液浓缩成相对密度为 1.30 (80~85℃) 的清膏，取清膏 1 份，加蔗糖粉 6 份，混匀，制成颗粒，干燥，加入上述荆芥等挥发油，混匀，即得
茵陈酒,酒剂,清热燥湿，舒筋活络。用于湿热内蕴引起：关节酸痛，脚气渗湿，皮肤刺痒，脘腹痞闷，小便不利。,"茵陈母子酒2000g, 白术343.75g, 法半夏343.75g, 冰糖1000g, 白酒（65度）35000ml",以上五味，置铜锅中，加盖封闭。隔水加热至沸，煮 7~10 分钟，待糖溶化，取出，倾入缸内密封，静置六个月，滤过，即得
荡涤灵 ,颗粒剂,清热利湿。用于由湿热引起的尿频、尿急、尿痛等尿路感染症。,"黄连50g, 地黄200g, 甘草100g, 虎杖100g, 赤芍150g, 石韦250g, 琥珀10g, 黄芪300g, 知母200g, 猪苓300g, 车前子(炒)150g, 当归150g, 地龙200g",以上十三味，琥珀加水煎煮 2 小时后，与其余黄连等十二味加水煎煮二次，第一次 2 小时，第二次 1 小时，合并煎液，滤过，滤液浓缩成干膏，加糖粉二倍量，混匀，制成颗粒，干燥，即得
咽炎片,片剂,养阴润肺，清热解毒，清利咽喉，镇咳止痒。用于慢性咽炎引起的咽干，咽痒，刺激性咳嗽等症。,"玄参120g, 百部（制）90g, 天冬90g, 牡丹皮90g, 麦冬90g, 款冬花（制）90g, 木蝴蝶30g, 地黄90g, 板蓝根150g, 青果90g, 蝉蜕30g, 滑荷油0.3g",以上十二味，除薄荷油外，款冬花粉碎成细粉，过筛；其余玄参等十味加水煎煮二次，第一次 3 小时，第二次 2 小时，合并煎液，静置 24 小时，取上清液，浓缩成稠膏，与款冬花粉末混合，干燥，制成颗粒，喷加薄荷油，混匀，压制成 1000 片，包糖衣，即得
咳喘丸,丸剂,止咳平喘。用于伤风感冒，鼻塞，流涕，咳嗽，气喘，痰多。,"麻黄(蜜炙)200g, 苦杏仁200g, 甘草200g, 荆芥200g, 桑白皮(蜜炙)100g, 紫苏子(炒)100g",以上六味，除甘草、荆芥、紫苏子粉碎成细粉外，其余苦杏仁等三味药加水煎煮三次，第一次 3 小时，第二、三次各 2 小时，合并煎液，静置，滤过，滤液浓缩成相对密度为 1.33~1.35 的清膏，留少量清膏和少量上述粉末备用，其余清膏与粉末拌匀，烘干，粉碎成细粉，用水泛丸，用备用药材粉末少量起模，低温干燥，用备用清膏打光，即得
咳喘宁,口服液,宣通肺气，止咳平喘。用于支气管哮喘，咳嗽，老年痰喘。,"桔梗200g, 石膏200g, 糖粟壳200g, 甘草400g, 麻黄400g, 百部200g, 苦杏仁400g",以上七味，桔梗、石膏分别粉碎成细粉。罂粟壳、甘草、麻黄加水煎煮二次，每次 3 小时，合并煎液，滤过，滤液浓缩成膏。百部用 60% 乙醇加热回流提取，苦杏仁 (去油) 用 85% 以上乙醇加热回流提取二次，合并以上乙醇提取液，回收乙醇浓缩成膏，与上述水浓缩膏合并，加入桔梗等细粉及辅料适量混匀，制成颗粒，干燥，压制成 1330 片，即得
咳喘静糖浆,糖浆剂,镇咳平喘，祛痰消炎。用于慢性支气管炎，支气管哮喘，急性咽炎，小儿肺炎等。,"桔梗100g, 紫菀100g, 地龙120g, 知母150g, 蒲公英150g, 黄芩150g, 瓜萎200g, 麦冬100g, 苦杏仁100g, 款冬花100g, 百部100g, 甘草100g, 赤芍120g, 丹参120g",以上十四味，加水煎煮 2 次 (水沸后加苦杏仁)，第一次 2 小时，第二次 1 小时，合并煎液，滤过，滤液浓缩至 2000ml，静置 24 小时，倾取上清液，浓缩至适量，加入蔗糖 360g，搅匀使溶解，加入苯甲酸钠 3g 及水至 1200ml，静置 48 小时，取上清液加入香精适量，搅匀，即得
胃肠宁片,片剂,清热祛湿，健胃止泻。用于急性胃肠炎，小儿消化不良。,"布渣叶1300g, 辣蓼780g, 番石榴叶780g, 火炭母780g, 功劳木520g",以上五味，取火炭母 100g，粉碎成细粉，其余布渣叶等四味及剩余的火炭母加水煎煮二次，每次 2 小时，合并煎液，滤过，滤液浓缩至相对密度为 1.09 (热测) 的清膏，放冷，加乙醇二倍量，搅匀，静置 24 小时，滤过，滤液浓缩至稠膏状，加入火炭母细粉，混匀，制成颗粒，干燥，压制成 1000 片，包糖衣，即得
胃肠宁冲剂,颗粒剂,清热祛湿，健胃止泻。用于急性胃肠炎，小儿消化不良。,"布渣叶500g, 辣蓼300g, 番石榴叶300g, 火炭母300g, 功劳木200g",以上五味，加水煎煮二次，第一次 2 小时，第二次 1 小时，合并煎液，滤过，滤液浓缩至适量，加乙醇 2 倍量，搅匀，静置 24 小时，滤过，滤液浓缩至稠膏状，加蔗糖 451g，混匀，制成颗粒，干燥，即得
胃复宁胶囊,胶囊剂,消食化积，止痛，制酸。用于胸腹胀满，食欲不振，胃及十二指肠溃疡。,"麦芽（炒）160g, 六神曲（炒）120g, 颠茄浸膏5g, 鸡蛋壳15g",以上四味，鸡蛋壳洗净，低温干燥，与其余麦芽等三味粉碎成细粉，过筛，混匀，制成颗粒，低温干燥，装胶囊，即得
骨痛丸,丸剂,追风散寒，活血止痛。用于受风受寒，腰腿疼痛，四肢麻木，周身串痛。,"木瓜113g, 牛膝113g, 杜仲(炭)113g, 甘草113g, 红花113g, 地枫皮113g, 防风113g, 蒺藜(盐制)113g, 乳香(醋制)100g, 没药(醋制)100g, 麻黄85g, 桂枝75g, 独活75g, 当归75g, 羌活75g, 千年健75g, 浙贝母75g, 川贝母75g, 鹿角胶60g, 三七60g, 虎骨(制)50g",以上二十一味，粉碎成细粉，过筛，混匀，用水泛丸，干燥，每 500g 干丸，取血竭粉末 20g，桃胶 6g 化水包衣，打光，干燥，即得
复方丹茵膏,膏剂,清热利湿，解毒退黄。用于急性传染性肝炎。,"茵陈240g, 丹参240g, 柴胡120g, 白茅根120g, 板蓝根120g, 甘草60g, 大枣60g",以上七味，加水煎煮三次，合并煎液，静置，滤过，滤液浓缩至相对密度为 1.30 (热测) 以上，加蔗糖 240g，加热熔化，混匀，浓缩至规定的相对密度，即得
复方红根草片,片剂,清热解毒。用于急性咽喉炎、扁桃体炎、肠炎、痢疾等。,"红根草210g, 鱼腥草120g, 金银花60g, 野菊花90g, 穿心莲90g",以上五味，取穿心莲 14g 粉碎成细粉，剩余的穿心莲与红根草等四味，加水煎煮二次，第一次 3 小时，第二次 2 小时，合并煎液，滤过，滤液浓缩至每 ml 相当于原药材 2g，冷至室温，加入乙醇，使含乙醇量为 50%，静置 48 小时，滤过，滤液另器保存，残渣加 60% 的乙醇 4 倍量，搅拌，静置 24 小时，滤过，与上述滤液合并，浓缩至适量，加入穿心莲叶粉，混匀，干燥，制成颗粒，压片，包糖衣，即得
复方灵芝冲剂,颗粒剂,有保护肝脏降低谷丙转氨酶和退黄作用。用于急性传染性黄疸肝炎，迁延性肝炎，慢性肝炎，单项谷丙转氨酶升高等症。,"灵芝240g, 柴胡100g, 五味子100g, 郁金100g",以上四味，灵芝破碎成直径约 0.5cm 的小块，用 80% 乙醇适量温浸 16 小时，滤过，滤液回收乙醇，浓缩成稠膏，再将灵芝残渣与郁金加水煎煮二次，合并煎液，滤过，滤液浓缩成稠膏；五味子、柴胡、蔗糖 200g 粉碎成细粉，与上述两种稠膏混匀，制大颗粒，干燥，粉碎成细粉，过筛，制成颗粒，干燥，过筛，即得
复方满山红糖浆,糖浆剂,止咳，祛痰，平喘。用于支气管炎及咳嗽、哮喘等。,"满山红200g, 百部100g, 罂粟壳50g, 桔梗100g, 远志100g",以上五味，粉碎成粗粉，照流浸膏剂与浸膏剂项下的渗漉法 (附录 11 页)，用 18% 乙醇作溶剂，浸渍 24 小时后，以每分钟 1~3ml 的速度，缓缓渗漉，收集初漉液 700ml，另器保存，继续渗漉至达 4000ml 时，停止渗漉并浓缩至 80ml，与初漉液合并，加入蔗糖 400g，煮沸溶解，加防腐剂适量，加水至 1000ml，静置，滤过，即得
香砂和中丸,丸剂,健脾燥湿，和中消食。用于脾胃不和，不思饮食，胸满腹胀，恶心呕吐，噫气吞酸。,"陈皮60g, 厚朴（姜炙）60g, 苍术（土炒）60g, 枳壳（麸炒）60g, 青皮（醋炙）90g, 山楂（焦）90g, 砂仁15g, 甘草（蜜炙）12g, 广藿香60g, 清半夏90g, 白术（土炒）90g, 茯苓90g, 六神曲（炒）60g",以上十三味，粉碎成细粉，过筛，混匀，用水泛丸，干燥，即得
香橘丸,丸剂,健脾开胃，燥湿止泻。用于小儿脾胃虚弱，脘腹胀满，消化不良，呕吐泄泻。,"茯苓90g, 山楂（炒）60g, 陈皮90g, 麦芽（炒）60g, 法半夏90g, 砂仁30g, 薏苡仁（麸炒）90g, 白术（麸炒）90g, 枳实（麸炒）90g, 山药60g, 厚朴（姜制）90g, 莲子60g, 六神曲（麸炒）90g, 泽泻30g, 苍术（米泔水制）90g, 木香15g, 香附（醋炒）90g, 甘草30g, 白扁豆（炒）60g",以上十九味，粉碎成细粉，过筛，混匀，每 100g 粉末加炼蜜 115~135g 制成大蜜丸，即得
保心宁片,片剂,活血化瘀，行气止痛。用于心绞痛，心律失常，改善冠心病症状等。,"丹参干浸膏111g, 当归干浸膏55g, 枳壳干浸膏55g, 三七67g",以上四味，三七粉碎成细粉，过筛；另取生姜 417g 加水煎煮二次，每次 2 小时，合并煎液，滤过，滤液浓缩至适量，加入丹参干浸膏等三味及上述细粉，混匀，低温干燥，制成颗粒，压制成 1000 片，包糖衣，即得
保胎无忧散,散剂,安胎，养血。用于闪挫伤胎，习惯性小产，难产。,"艾叶（炭）35g, 荆芥（炭）40g, 川芎75g, 甘草25g, 菟丝子（酒泡）50g, 厚朴（姜制）35g, 羌活25g, 川贝母50g, 当归（酒制）75g, 黄芪40g, 白芍（酒制）60g, 枳壳（麸炒）30g",以上十二味，粉碎成细粉，过筛，混匀，即得
追风活血膏,膏剂,追风祛寒，活血散瘀，消肿止痛。用于腰腿痛，关节痛，筋骨麻木等。,"骨碎补50g, 川乌50g, 牛膝50g, 肉桂50g, 海龙30g, 秦艽50g, 乳香(制)100g, 没药(制)100g, 香附50g, 马钱子300g, 防风50g, 当归50g, 红花50g, 赤芍50g, 草乌50g, 木香50g, 桃仁50g",以上十七味，乳香、没药、海龙、肉桂粉碎成细粉；骨碎补、川乌、牛膝、秦艽、香附、马钱子、赤芍、草乌、木香、桃仁酌予碎断，与食用植物油 10000g 同置锅内浸泡 2~3 日后炸枯，再投入防风、当归、红花炸枯，去渣，滤过，炼至滴水成珠；另取红丹 500g，加入油内搅匀，收膏，将膏浸泡于水中。取膏用文火熔化后，加入上述粉末，搅匀，分摊于布或纸上，即得
独角膏,膏剂,化毒消肿，活血止痛。用于疗毒恶疮，瘀疯鼠疮等。,"白附子250g, 乳香50g, 没药50g, 附子100g, 红花75g, 阿魏50g, 白及75g, 五倍子50g, 樟脑50g, 木鳖子100g, 血竭50g, 紫草50g, 穿山甲(烫制)100g, 当归50g",以上十四味，除樟脑外，乳香、没药、阿魏、血竭粉碎成细粉，过筛，混匀；其余白附子等九味，酌予碎断，与食用植物油 5000g 同置锅内 (或浸泡 3~10 日) 炸枯，去渣，滤过，炼至滴水成珠；另取红丹 2500g 及黄蜡 150g，加入油内搅匀，收膏，将膏浸泡于水中。取膏用文火熔化，加入樟脑及上述粉末，搅匀，分摊于布或纸上，即得
独活寄生丸,丸剂,养血舒筋，祛风除湿。用于风寒湿痹，腰膝冷痛，屈伸不利。,"独活54g, 桑寄生54g, 熟地黄36g, 牛膝54g, 细辛54g, 秦艽54g, 茯苓54g, 肉桂54g, 防风54g, 川芎54g, 党参54g, 甘草36g, 当归(酒制)36g, 白芍36g, 杜仲(盐水制)54g",以上十五味，粉碎成细粉，过筛，混匀，每 100g 粉末加炼蜜 110~130g，制成大蜜丸，即得
脉络通,片剂,通脉活络，行气化瘀。用于冠状动脉性心脏病引起的心绞痛，防治高血压及脑血管意外。,"郁金360g, 人参80g, 黄连48g, 三七280g, 安息香64g, 檀香24g, 琥珀80g, 降香160g, 甘松80g, 木香176g, 石菖蒲40g, 丹参400g, 麦冬400g, 钩藤192g, 黄芩192g, 夏枯草192g, 槐米128g, 甘草24g, 珍珠2.5g, 冰片16g, 朱砂16g, 牛黄32g",以上二十二味，取郁金 200g，人参、黄连、三七粉碎成细粉，过筛；朱砂、珍珠分别粉碎成极细粉，过筛；冰片、牛黄研成细粉，过筛；降香、甘松、木香提取挥发油，加乙醇适量使溶解，药渣用水煎煮一次，滤过；丹参、麦冬、钩藤、黄芩、夏枯草、槐米、甘草、郁金 160g、石菖蒲加水煎煮二次，第一次 4 小时，第二次 3 小时，合并煎液，滤过。滤液与上述滤液合并，浓缩至相对密度为 1.30 的清膏 (50℃)，加入人参等粉末，混匀，制成块状，干燥后，加入安息香、檀香、琥珀，粉碎成细粉，过筛，与朱砂、珍珠配研，混匀，制成颗粒，干燥，放冷，加入冰片、牛黄、降香等挥发油的乙醇溶液及辅料适量，混匀，制成颗粒 1227g，干燥，用赭石粉末 80g 与桃胶水包衣，即得
急肝退黄胶囊,胶囊剂,清肝利胆，退黄除湿。用于急性黄疸型肝炎，身目俱黄，发热或无热，食欲不振，胸脘痞满，小便短少而黄，舌苔黄腻。,"茴陈250g, 黄柏94g, 板蓝根94g, 白茅根94g, 苍术94g, 郁金94g, 秦艽94g, 蒲公英94g, 车前草94g, 黄芩94g, 麦芽313g, 大黄63g, 栀子63g",以上十三味，苍术、郁金粉碎成细粉，过筛；其余茵陈等十一味加水煎煮二次，第一次 3 小时，第二次 2 小时，合并煎液，滤过，滤液浓缩成膏，与上述粉末混匀，干燥，粉碎，过筛，制成 1000 粒，即得
活血丸,丸剂,活血通经。用于血瘀经闭，行经腹痛。,"当归100g, 红花25g, 大黄450g, 猪牙皂150g, 牵牛子275g",以上五味，粉碎成细粉，过筛，混匀，用水泛丸，干燥，每 160g 干丸用红衣粉 20g 包衣，打光，即得
活血止痛膏,膏剂,活血止痛，舒筋通络。用于筋骨疼痛，肌肉麻痹，痰核流注，关节酸痛。,"白芷45g, 牡丹皮10g, 荆芥20g, 干姜80g, 细辛20g, 山奈45g, 生天南星25g, 辣椒10g, 川芎15g, 独活15g, 没药10g, 香加皮20g, 丁香25g, 生半夏40g, 甘松40g, 当归25g, 冰片20g, 乳香10g, 桂枝20g, 胡椒25g, 苍术10g, 陈皮45g, 辛夷1-5g, 薄荷脑20g, 大黄40g, 樟脑20g, 颠茄流浸膏30g, 水杨酸甲酯30g",以上二十八味，除薄荷脑、冰片、水杨酸甲酯、颠茄流浸膏、樟脑外；其余白芷等二十三味粉碎成粗粉，照流浸膏剂与浸膏剂项下的渗漉法 (附录 11 页) 用 90% 乙醇作溶剂，进行渗漉，收集漉液，漉液浓缩成相对密度约为 1.05 的清膏，加入上述薄荷脑等五味，搅匀，另加 4.5~5 倍重量由橡胶、松香等制成的基质，制成涂料，进行涂膏，切段，盖衬，切片，即得
活血调经丸,丸剂,活血理气，行瘀调经。用于血瘀气滞，月经不调。,"熟地黄80g, 当归（酒制）80g, 五灵脂（醋制）10g, 延胡索（醋制）40g, 黄芩（酒制）40g, 炮姜10g, 地黄80g, 青皮（醋制）40g, 陈皮20g, 川芎40g, 枳壳（麸炒）40g, 香附（醋制）20g, 赤芍40g, 苏木10g, 阿胶（蛤粉烫）40g, 红花10g, 茯苓40g, 砂仁10g, 牡丹皮40g",以上十九味，粉碎成细粉，过筛，混匀，每 100g 粉末加炼蜜 145~165g 制成大蜜丸，即得
活络消痛片,片剂,通经活络，舒筋止痛。用于风寒湿痹，经络闭塞，筋骨疼痛，四肢麻木。,"刺五加浸膏100g, 威灵仙100g, 当归150g, 制川乌40g, 制草乌40g, 竹节香附20g, 丹参150g, 乳香（制）15g, 没药（制）15g, 麻黄30g",以上十味，取当归 120g，丹参 120g，威灵仙及麻黄，加水煎煮二次，每次 4 小时，合并煎液，滤过，滤液浓缩至相对密度为 1.28~1.30 (80℃) 的清膏，另取制川乌、制草乌、乳香、没药、竹节香附及剩余的当归、丹参粉碎成细粉，过筛，与上述清膏、刺五加浸膏和辅料适量充分混匀，制粒，干燥，压制成 1000 片，包糖衣，即得
济生橘核丸,丸剂,行气软坚，散寒止痛。用于疝气偏坠，睾丸胀痛。,"橘核60g, 肉桂15g, 川楝子（炒）60g, 桃仁60g, 厚朴（制）15g, 海藻60g, 昆布120g, 关木通15g, 延胡索15g, 枳实（炒）15g, 木香15g",以上十一味，取海藻 1/2 量、木通、昆布、川楝子照流浸膏剂与浸膏剂项下的渗漉法 (附录 11 页) 用 45% 乙醇作溶剂，进行渗漉，制成浸膏；取厚朴、橘核、桃仁、枳实照流浸膏剂与浸膏剂项下的渗漉法 (附录 11 页) 用 70% 乙醇作溶剂，进行渗漉，制成浸膏；延胡索、木香、肉桂及剩余的海藻粉碎成细粉，与上述浸膏混匀，加饴糖、淀粉适量，混匀，制丸，烘干，打光，即得
浓缩养荣丸,丸剂,补气养血，健脾安神。用于脾肺虚损，气血不足，食欲不振，惊悸盗汗，健忘。,"党参35g, 白术（炒）35g, 甘草（蜜炙）35g, 茯苓24.5g, 当归35g, 白芍52.5g, 黄芪（蜜炙）35g, 熟地黄24.5g, 肉桂35g, 陈皮35g, 远志17.5g, 五味子24.5g, 生姜17.5g, 大枣(去核)17.5g",以上十四味，茯苓、白芍、肉桂和当归 9g 粉碎成细粉，过筛，混匀，其余党参等十味和当归 26g 加水煎煮三次，每次 2 小时，合并煎液，滤过，滤液浓缩成稠膏状，加入上述茯苓等细粉及淀粉适量，混匀，低温干燥，粉碎成细粉，过筛。用炼蜜、水适量，泛制成 1000 丸，低温干燥，打光，即得
养血当归糖浆 ,糖浆剂,补气血，调经。用于贫血虚弱，产后体虚，萎黄肌瘦，月经不调，行经腹痛，产后血虚。,"当归266.7g, 白芍16.7g, 熟地黄16.7g, 茯苓16.7g, 甘草（蜜炙）8.33g, 党参16.7g, 黄芪16.7g, 川芎8.33g",以上八味，当归、川芎用水蒸气蒸馏，收集蒸馏液；药渣与其余白芍等六味加水煎煮二次，每次 2 小时，合并煎液，滤过，滤液浓缩至适量，加乙醇使含醇量为 50%，搅匀，静置，滤过，滤液回收乙醇，与上述蒸馏液合并，混匀，冷藏，滤过，滤液加单糖浆 500ml，加入防腐剂适量，搅匀，用水稀释至 1000ml，滤过，即得
养血退热丸,丸剂,滋阴养血，退虚热。用于阴血亏虚，骨蒸潮热，盗汗，眩晕，咳嗽痰少。,"熟地黄80g, 鳖甲（醋制）80g, 地骨皮60g, 牡蛎（煅）60g, 六神曲40g, 谷芽（炒）60g, 茯苓40g, 山药60g, 丹参40g, 牡丹皮60g, 陈皮40g, 酸枣仁60g, 党参60g, 麦冬60g, 山楂60g",以上十五味，粉碎成细粉，过筛，混匀，每 100g 粉末加炼蜜 95~115g 制成大蜜丸，即得
养阴镇静片,片剂,滋阴养血，镇惊安神。用于心血不足，怔神健忘，心烦不安，心悸失眠。,"当归75g, 麦冬57g, 五味子48g, 首乌藤39g, 地黄39g, 茯苓75g, 柏子仁18g, 党参75g, 珍珠母93g, 玄参57g, 丹参57g, 远志39g, 桔梗39g, 朱砂10.2g",以上十四味，朱砂水飞或粉碎成极细粉，茯苓、桔梗、珍珠母粉碎成细粉，与朱砂粉末配研，过筛，混匀；其余五味子等十味加水煎煮二次，第一次 3 小时，第二次 2 小时，合并煎液，滤过，滤液浓缩成膏，与上述粉末混匀，干燥，粉碎，过筛，制成颗粒，干燥，压制成 1000 片，包糖衣，即得
姜枣祛寒冲剂,颗粒剂,发散祛寒，和胃温中。用于风寒感冒，胃寒疼痛。,"干姜83g, 大枣310g",以上二味，取大枣加水煎煮二次，每次 2 小时 (第二次煎煮时把枣压碎)，合并煎液，静置沉淀，滤过，滤液浓缩至相对密度为 1.31 (60~70℃) 的清膏。取干姜，粉碎成粗粉，按姜流浸膏项下 (中国药典 1985 年版一部 9 页) 制法，制成流浸膏。加入上述清膏，混合均匀，加甜菊糖 2g，白糖 580g，糊精适量，制成颗粒 1000g，过筛，即得
祛风湿膏,膏剂,祛风除湿，散寒止痛。用于风湿肢体、筋骨痹痛。,"生附子125g, 生草乌50g, 桂枝50g, 白芷50g, 水菖蒲50g, 生半夏50g, 姜黄5g, 紫荆皮90g, 续断25g, 苍术25g, 骨碎补25g, 生天南星50g, 丁香40g, 松香125g, 冰片30g",以上十五味，冰片研细，生天南星、丁香、松香分别粉碎成细粉；其余生附子等十一味，酌予碎断，与食用植物油 4800g 同置锅内炸枯，去渣，滤过，炼至滴水成珠，另取红丹 1600g，加入油内搅匀，收膏。将膏浸泡于水中。取膏用文火熔化后，加入上述粉末，搅匀，分摊于布上 (或纸上)，即得
神曲茶,茶剂,解表祛风，健胃消食。用于风寒感冒、头痛、咳嗽、伤食腹痛、呕吐泄泻。,"六神曲（炒）3250g, 麦芽250g, 山楂（炒）188g, 广藿香125g, 香附（醋制）125g, 陈皮125g, 苍术（炒）125g, 紫苏叶125g, 槟榔94g, 桔梗94g, 厚朴（姜制）63g, 白芷63g, 姜半夏63g, 茯苓63g, 砂仁47g, 豆蔻31.5g, 甘草32g",以上十七味，粉碎成细粉，过筛，混匀；另取蔗糖适量制成单糖浆，加入上述药粉中搅匀，制成颗粒，除留湿粒适量外，其余颗粒低温干燥。加剩余湿粒和辅料适量，混匀，压制成 970 块，低温烘干，即得
冠心丸,丸剂,活血化瘀，理气止痛。主治冠状动脉供血不足引起的胸闷气短，心绞痛。,"丹参300g, 三七150g, 郁金200g, 山楂200g, 香附（醋制）150g, 人参100g, 川芎100g",以上七味，三七、郁金、川芎、人参粉碎成细粉；其余丹参等三味加水煎煮二次，第一次 3 小时，第二次 2 小时，合并煎液，滤过，滤液浓缩成稠膏，与三七等粉末混匀，干燥，粉碎成最细粉，用水泛丸，用赤芍 100g 粉碎成最细粉包内衣，干燥；用糖包外衣，即得
除痰止嗽丸,丸剂,清肺降火，除痰止嗽。用于肺热痰盛引起的咳嗽气逆，痰黄粘稠，咽喉疼痛，大便干燥。,"枳实30g, 白术（麸炒）30g, 陈皮30g, 法半夏60g, 桔梗60g, 浮海石（煅）30g, 前胡60g, 六神曲（麸炒）30g, 防风30g, 黄芩60g, 桔子（姜炙）30g, 黄柏30g, 熟大黄30g, 知母30g, 天花粉60g, 甘草30g, 冰片3g, 薄荷脑1.2g",以上十八味，冰片、薄荷脑分别研成细粉；其余枳实等十六味粉碎成细粉，与上述粉末配研，过筛，混匀，每 100g 粉末加炼蜜 140~160g，制成大蜜丸，即得
娃娃宁,口服液,解热镇惊，祛风止搐。用于感冒发热，惊风痉挛，呕吐，绿便，脾胃虚弱等。,"白术90g, 天竺黄60g, 茯苓90g, 僵蚕（炒）45g, 钩藤60g, 甘草15g, 薄荷60g, 朱砂1.5g, 党参60g, 琥珀105g",以上十味，朱砂水飞或粉碎成极细粉，白术等九味粉碎成细粉；与上述粉末配研，过筛，混匀，即得
珠珀惊风散,散剂,息风化痰，镇惊安神。用于小儿夜啼，惊跳痰多，高烧惊厥。,"珍珠22.3g, 琥珀83.3g, 牛黄83.3g, 天竺黄91.6g, 胆南星16.6g, 僵蚕(姜制)110.4g, 全蝎(甘草制)110.4g, 钩藤200g, 人中白(漂飞)200g, 蝉蜕110.4g, 麝香13.96g, 山药(麸炒)200g, 朱砂100g, 冰片22.3g",以上十四味，除牛黄、人中白、麝香、冰片外，珍珠、朱砂水飞或粉碎成极细粉，其余琥珀等八味粉碎成最细粉；另取牛黄、冰片、麝香研成最细粉，与上述最细粉及珍珠、朱砂、人中白配研，混匀，即得
桂灵丸,丸剂,收敛肺气，止咳定喘。用于肾虚作喘，肺虚久咳。,"麻黄200g, 碾粟壳150g, 苦杏仁（炒）100g, 核桃仁100g, 五味子100g, 豆蔻12.5g",以上六味，粉碎成细粉，过筛，混匀，每 100g 粉末加炼蜜 90~100g 制成大蜜丸，即得
桔贝合剂,口服液,润肺止咳。用于肺热咳嗽，痰稠色黄，咯痰不爽。,"桔梗177g, 浙贝母177g, 苦杏仁177g, 麦冬177g, 黄芩118g, 枇杷叶118g, 甘草59g",以上七味，浙贝母照流浸膏剂与浸膏剂项下的渗漉法 (附录 11 页)，用 70% 乙醇作溶剂，浸渍 24 小时后进行渗漉，漉液回收乙醇，浓缩至约 200ml，苦杏仁压去脂肪油后，加水蒸馏制取苦杏仁水 177ml。药渣与其余桔梗等五味加水煎煮三次，每次 2 小时，合并煎液，滤过，滤液浓缩至约 800ml，与浓缩液合并，静置，滤过；取蔗糖 200g，加水煮沸，滤过，与上述滤液合并，浓缩至约 800ml，加入苯甲酸钠 3g，放冷，加入苦杏仁水，调整总量至 1000ml，搅匀，即得
柴胡舒肝丸,丸剂,舒肝理气，消胀止痛。用于肝气不舒，胸胁痞闷；食滞不清，呕吐酸水。,"茯苓40g, 枳壳（炒）20g, 豆蔻16g, 白芍（酒炒）20g, 甘草20g, 香附（醋制）30g, 陈皮20g, 桔梗20g, 厚朴（姜制）20g, 山楂（炒）20g, 防风20g, 六神曲（炒）20g, 柴胡30g, 黄芩20g, 薄荷20g, 紫苏梗30g, 木香10g, 槟榔（炒）30g, 三棱（醋制）20g, 大黄（酒炒）20g, 青皮（炒）20g, 当归20g, 姜半夏30g, 乌药20g, 莪术（制）20g",以上二十五味，粉碎成细粉，过筛，混匀，每 100g 粉末加炼蜜 180~200g，制成大蜜丸，即得
晕可平冲剂,颗粒剂,潜阳镇肝。用于内耳晕症，头晕，目眩症。,"赭石750g, 夏枯草300g, 法半夏300g, 车前草300g",以上四味，赭石粉碎，加水煎煮 2 小时，再加入夏枯草、车前草煎煮二次，每次 2 小时，合并煎液，滤过；法半夏加水煎煮二次，每次 1 小时，合并煎液，滤过，与上述滤液合并，浓缩至相对密度为 1.28~1.30 (60~65℃) 的清膏。取清膏 1 份，加蔗糖 5 份，混匀，制成颗粒，干燥，即得
晕可平糖浆,糖浆剂,潜阳镇肝。用于内耳眩晕症，头晕，目眩症。,"赭石750g, 夏枯草300g, 法半夏300g, 车前草300g",以上四味，赭石粉碎，加水煎煮 2 小时，再加入夏枯草、车前草煎煮二次，每次 2 小时，合并煎液，滤过；法半夏加水煎煮二次，每次 1 小时，合并煎液，滤过，与上述滤液合并，浓缩，加蔗糖 350g，煮沸，稍冷，加防腐剂适量与枸橼酸 3g，搅匀，使成 960ml，放冷后，即得
健心片,片剂,活血，止痛。用于心肌劳损、心绞痛、动脉硬化等症。,"毛冬膏1430g, 三七72g, 红花54g, 丹参54g, 冰片3.6g, 降香18g, 豨莶草286g",以上七味，红花、三七、降香粉碎成细粉，过筛；冰片研成极细粉，过筛；其余毛冬青等三味加水煎煮二次，每次 3 小时，合并煎液，滤过，滤液浓缩成稠膏状，与上述红花等粉末混匀，制成颗粒，再加入冰片及辅料适量，压制成 1000 片，包糖衣，即得
健身宁片,片剂,滋补肝肾，养血健身。用于肝肾不足引起的腰酸腿软，神疲体倦，头晕耳鸣，心悸气短，须发早白。,"何首乌200g, 黄精(酒炙)100g, 熟地黄50g, 当归100g, 党参25g, 女贞子(酒炙)50g, 桑椹100g, 墨旱莲50g, 乌梅6.25g, 鹿茸（去毛）6.25g",以上十味，何首乌、当归、墨旱莲、鹿茸粉碎成细粉；黄精、熟地黄、党参、女贞子、桑椹、乌梅加水煎煮三次，合并煎液，滤过，滤液浓缩至相对密度为 1.35~1.40 (50℃) 的清膏，与上述细粉混匀，干燥，粉碎成细粉，制成颗粒，干燥，压制成 1652 片，包糖衣，即得
健身药酒,酒剂,提神补气，壮腰固肾。用于身体虚弱，头晕目眩，健忘疲倦，夜多小便，贫血萎黄，食欲不振。,"女贞子29.4g, 菟丝子29.4g, 金樱子29.4g, 肉苁蓉29.4g, 黄精29.4g, 熟地黄73.5g, 当归147g, 锁阳58.8g, 淫羊藿58.8g, 远志58.8g, 甘草(炙)14.7g, 附子(制)44.1g, 黄芪88.2g, 蚕蛾5.9g, 鸡睾丸23.5g",以上十五味，鸡睾丸、蚕蛾置容器中，用 50 度酒 3300g，浸渍 70 天，取上清液；其余各药加酒 1000g 置容器中，密封，浸渍 45~55 天，取上清液，与上述酒液合并，混匀，滤过，即得
健肝片,片剂,清热利湿。用于急性肝炎。,"萱草根100g, 板蓝根150g, 茵陈250g, 丹参150g, 大枣100g",以上五味，板蓝根粉碎成细粉，过筛；茵陈提取挥发油；其余萱草根等三味加水煎煮二次，每次 2 小时，合并煎液，滤过，浓缩至稠膏状；与上述粉末混匀，制成颗粒，加入茵陈油，混匀，压片，或包糖衣，即得
健肾生发丸,丸剂,补肾益肝，健肾生发。用于肾虚脱发，肾虚腰痛，慢性肾炎，神经衰弱。,"制何首乌200g, 熟地黄80g, 枸杞子45g, 黄精25g, 五味子15g, 大枣10g, 女贞子(酒制)30g, 菟丝子35g, 苣胜子50g, 桑椹30g, 当归120g, 柏子仁50g, 山药20g, 山茱萸(酒蒸)20g, 茯苓32g, 泽泻(盐水炒)32g, 桑叶23g, 地黄40g, 牡丹皮32g, 黄连10g, 黄柏10g, 杜仲(盐水炒)25g, 牛膝30g, 续断20g, 木瓜20g, 羌活20g, 川芎15g, 白芍15g, 甘草25g",以上二十九味，粉碎成细粉，过筛，混匀，每 100g 粉末加炼蜜 115~135g 制成大蜜丸，即得
健胃止痛片,片剂,温胃散寒，顺气止痛。用于胃寒，脘腹胀痛。,"曼陀罗浸膏2g, 草豆蔻192g, 干姜128g, 乌药192g",以上四味，草豆蔻粉碎成细粉，过筛；乌药以 60% 乙醇，干姜以 90% 乙醇照流浸膏剂与浸膏剂项下的渗漉法 (附录 11 页) 分别进行渗漉，漉液回收乙醇，减压浓缩成膏；加入曼陀罗浸膏、草豆蔻细粉及辅料，混匀，制成颗粒，60℃以下干燥，压制成 1000 片，包糖衣，即得
健胃消食片,片剂,健胃消食。用于脾胃虚弱，消化不良。,"太子参100g, 陈皮10g, 山药75g, 麦芽（炒）75g, 山楂50g",以上五味，太子参 50g 与山药粉碎成细粉，其余太子参及陈皮等三味加水煎煮二次，每次 2 小时，合并煎液，滤过，滤液低温浓缩至稠膏状，加入上述细粉和蔗糖 200g，制成颗粒，干燥，压制成 700 片，即得
健神片,片剂,固肾涩精。用于带下遗精，四肢酸软。,"墨旱莲72g, 鸡血藤108g, 金樱子72g, 艾叶72g, 桑椹54g, 菟丝子36g, 仙鹤草72g, 牡蛎（煅）108g, 狗脊（制）54g, 女贞子（制）108g, 甘草18g, 合欢皮36g, 首乌藤54g, 五味子（制）54g",以上十四味，女贞子、五味子、狗脊、牡蛎粉碎成细粉，过筛，混匀；其余墨旱莲等十味加水煎煮二次，第一次 5 小时，第二次 3 小时，合并煎液，滤过，滤液浓缩至相对密度为 1.31 (热测) 的清膏，与上述细粉混匀，制成颗粒，低温干燥，压制成 1000 片，包糖衣，即得
健脾冲剂,颗粒剂,健脾开胃。用于脾胃虚弱，脘腹胀满，食少便溏。,"党参200g, 白术（炒）300g, 陈皮200g, 枳实（炒）200g, 山楂（炒）150g, 麦芽200g",以上六味，加水煎煮二次，第一次 2 小时，第二次 1 小时，合并煎液，滤过，滤液减压浓缩成稠膏，加入糖粉及乙醇适量制成颗粒或压块，干燥，即得
健脾糕片,片剂,开胃健脾。用于脾胃虚弱，身体赢瘦，食欲不振，大便稀溏。,"党参48g, 白术（炒）32g, 陈皮24g, 白扁豆（炒）96g, 茯苓96g, 莲子96g, 山药96g, 慈苡仁（炒）96g, 茂实（炒）96g, 冬瓜子（炒）64g, 鸡内金48g, 甘草(蜜炙)32g",以上十二味，粉碎成细粉；另取大米 (炒) 650g、糯米 (炒) 1300g 粉碎成细粉；与上述粉末混合，加入蔗糖粉 230g，混匀，制成颗粒，干燥，压制成 10000 片，即得
豹骨追风膏,膏剂,散风活血，活络止痛。用于风寒湿痹，筋骨疼痛，手足麻木，关节酸痛。,"豹骨80g, 海风藤60g, 青风藤60g, 骨碎补60g, 五加皮60g, 防风60g, 当归60g, 老鹳草60g, 木瓜60g, 麻黄60g, 牛膝40g, 红花40g, 功劳叶40g, 乳香60g, 没药60g, 冰片10g, 丁香10g",以上十七味，除豹骨外，乳香、没药、冰片、丁香研为细粉，过筛，混匀；其余海风藤等十二味，酌予碎断，取食用植物油 4800g 置锅内，加热至约 180℃，先将豹骨炸枯，再将海风藤等十二味放入，炸枯，去渣，炼至滴水成珠，滤过，再将炼油加热至 170~190℃，加入红丹 1500~2100g，继续加热至 320℃左右，停止加热，并向锅内喷淋清水，搅匀，收膏，将膏浸泡于水中。取膏加热熔化，待温，加入上述乳香等四味细粉，搅匀，分摊于布或纸上，即得
脑得生片,片剂,活血化瘀，疏通经络，醒脑开窍。用于脑动脉硬化，缺血性脑中风及脑出血后遗症。,"三七78g, 红花91g, 葛根261g, 川芎78g, 山楂157g",以上五味，取三七、葛根各半量分别粉碎成细粉；其余红花、川芎、山楂及葛根半量加水煎煮二次，第一次 1.5 小时，第二次 1 小时，合并煎液，滤过，滤液浓缩成相对密度为 1.25 (80℃) 的清膏，加入上述粉末，混匀，制成颗粒，干燥，压制成 1000 片，包糖衣，即得
凉膈丸,丸剂,消炎解热，消火凉膈。用于上焦热盛，咽喉不利，牙齿疼痛，大便秘结，小便赤黄。,"大黄200g, 石膏200g, 连翘100g, 黄芩100g, 芒硝100g, 桔子（姜汁制）80g, 薄荷70g, 甘草60g, 淡竹叶30g",以上九味，粉碎成细粉，过筛，混匀，用水泛丸，干燥，即得
消炎止痢丸,丸剂,清热，解毒，止痢。用于痢疾，肠炎腹泻，消化不良。,"翻白草200g, 山楂（焦）100g, 白头翁100g, 地榆（炭）100g, 委陵菜200g, 火炭母200g",以上六味，除火炭母外，其余翻白草等五味粉碎成细粉，过筛，混匀；用火炭母煎汁泛丸，滑石粉包衣，干燥，即得
消风散,散剂,消肿，止痛，解毒。用于痈疽未溃，红肿疼痛。,"生天南星100g, 羌活100g, 独活100g, 陈皮100g, 五加皮100g, 甘草70g, 白芷150g, 大黄60g, 防风60g, 赤芍60g, 天花粉60g, 黄柏60g, 桂枝60g",以上十三味，粉碎成细粉，过筛，混匀，即得
消积肥儿丸,丸剂,健脾消积。用于脾胃虚弱，发热肚胀，二便不利。,"茯苓80g, 白术（麸炒）80g, 白芍80g, 陈皮80g, 香附（醋炒）80g, 麦芽（炒）80g, 六神曲（炒）80g, 山药40g, 白扁豆（炒）70g, 甘草40g, 党参10g, 使君子仁20g, 鸡内金（炒）10g, 山楂50g, 胡黄连5.3g, 木香15g, 砂仁40g, 芦荟12g",以上十八味，粉碎成细粉，过筛，混匀，用水泛丸，干燥，即得
消瘦五海丸,丸剂,消瘿软坚，破瘀散结。用于淋巴腺结核，地方性甲状腺肿大。,"夏枯草500g, 海藻150g, 海带150g, 海螺（煅）150g, 昆布150g, 蛤壳（煅）150g, 木香25g, 川芎25g",以上八味，除夏枯草外，其余七味粉碎成细粉，混匀；夏枯草加水煎煮，滤过，浓缩成稠膏状，与上述细粉混匀，干燥，粉碎成细粉，每 100g 粉末加炼蜜 110g 制成大蜜丸，即得
涤痰丸,丸剂,清热化痰，开郁化痞。用于痰火郁结，气急疯痫，湿热咳嗽，胸满作喘，痰涎壅盛，大便燥结。,"牵牛子（炒）150g, 大黄500g, 黄芩150g",以上三味，粉碎成细粉，过筛，混匀，用水泛丸，干燥。每 500g 干丸，用百草霜 30g、金礞石粉末 60g，配研，过筛，桃胶 9g 熔化，包衣，打光，干燥，即可
益肾灵冲剂,颗粒剂,益肾壮阳。用于肾亏阳痿，早泄、遗精、少精、死精等症。,"枸杞子20g, 女贞子30g, 附子(制)2g, 芡实(炒)30g, 车前子(炒)10g, 补骨脂(炒)20g, 覆盆子20g, 五味子5g, 桑椹20g, 沙苑子25g, 韭菜子(炒)i0g, 淫羊藿15g, 金樱子20g",以上十三味，加水煎煮二次，每次 2 小时，合并煎液，滤过，滤液静置 12 小时，滤取上清液，滤液浓缩至相对密度为 1.18 (80℃) 的清膏；每 1 份清膏加 6 倍量的糖粉，搅匀，制成颗粒，低温干燥，即得
烫伤油,搽剂,消炎，止痛，去腐生肌。用于Ⅰ°、Ⅱ°烧烫伤和酸碱灼伤。,"马尾连93g, 紫草62.4g, 黄芩93g, 冰片5g, 地榆62.4g, 大黄62.4g",以上六味，取马尾连、大黄、紫草、地榆、黄芩用香油 1300g 浸泡 24 小时后炸至枯黄，滤过，立即加入蜂蜡 20g，当液温降至 60℃左右时，加入冰片，搅拌使溶解，降至常温时，加入苯酚 4.5ml，搅匀，即得
调中四消丸,丸剂,消食化滞，利水止痛。用于停食腹胀脘痛，二便不利,牵牛子 (炒) 180g、熟大黄 90g、香附 (醋炙) 90g、五灵脂 (醋炙) 90g、猪牙皂 90g,以上五味，粉碎成细粉，过筛，混匀。用水泛丸，干燥，即得
调气丸,丸剂,调气止痛，健胃消食。用于胃脘胀闷，胃口疼痛，呃逆，嗳腐吞酸，腹满滞下，便泻痢疾。,苍术 (米泔水炒) 50g、木香 50g、香附 (醋炒) 50g、陈皮 50g、枳实 (麸炒) 50g、甘草 50g、白术 (麸炒) 100g、槟榔 50g、厚朴 (姜制) 100g、砂仁 100g、莱菔子 (炒) 20g、茯苓 100g、山楂 (炒) 400g、山楂 (炭) 100g,以上十四味，粉碎成细粉，过筛，混匀，用水泛丸或包糖衣，干燥，即得
调胃丹,丹剂,健胃宽中，舒肝顺气。用于胃酸胃寒，胸中胀满，倒饱嘈杂，胃口疼痛。,木香 75g、砂仁 75g、甘草 75g、槟榔 75g、枳实 (麸炒) 75g、厚朴 (姜制) 75g、香附 (醋制) 75g、豆蔻 75g、五灵脂 (醋制) 50g、肉桂 25g、丁香 25g、高良姜 25g,以上十二味，粉碎成细粉，过筛，混匀，用水泛丸，干燥，每 500g 干丸，用朱砂粉末 16g，桃胶 3g 化水包衣，打光，干燥，即得
桑菊感冒片,片剂,疏风清热，宣肺止咳。用于风热感冒初起，头痛，咳嗽，口干，咽痛。,"桑叶465g, 菊花185g, 连翅280g, 薄荷油1ml, 苦杏仁370g, 桔梗370g, 甘草150g, 芦根370g",以上八味，除薄荷油外，桔梗粉碎成细粉，过筛；连翘提取挥发油后，再与其余桑叶等五味加水煎煮二次 (苦杏仁在水沸时加入)，每次 2 小时，合并煎液，滤过，滤液浓缩成稠膏，加桔梗粉末及辅料，混匀，制成颗粒，干燥，放冷，喷加薄荷油等挥发油，混匀，压制成 1000 片，即得
桑菊感冒冲剂,颗粒剂,疏风清热，宣肺止咳。用于风热感冒初起，头痛，咳嗽，口干，咽痛。,"桑叶465g, 菊花185g, 连翘280g, 薄荷150g, 苦杏仁370g, 桔梗370g, 甘草150g, 芦根370g",以上八味，取连翘、薄荷提取挥发油，蒸馏后的水溶液另器收集；药渣与其余桑叶等六味，加水煎煮二次 (苦杏仁在水沸时加入)，每次 2 小时，合并煎液，滤过，滤液与上述水溶液合并，浓缩至相对密度为 1.38~1.40 (80~85℃) 的清膏。取清膏 1 份，蔗糖 3.5 份，糊精 1 份及乙醇适量制成颗粒，干燥，加入上述连翘等挥发油，混匀，即得
桑椹冲剂,颗粒剂,滋阴益肾，补血润燥。用于阴亏血燥引起的腰膝酸软，眩晕失眠，目昏耳鸣，肠燥便秘，口干舌燥，须发早白。,桑椹 500g,取桑椹 500g，加水煎煮二次，每次 2 小时，合并煎液，滤过，滤液浓缩成稠膏，加蔗糖适量，混匀，制成颗粒或压块，干燥，即得
菊明降压片,片剂,降压。用于原发性高血压，慢性肾炎性高血压。,野菊花 2400g、决明子 600g,以上二味，野菊花粉碎，过筛，取 200g 备用，其余部分和决明子合并，加水煎煮二次，每次 2 小时，合并煎液，滤过，滤液浓缩至稠膏状，加上述粉末制成颗粒，干燥，压制成 1000 片，即得
黄芪健胃膏,膏剂,补气温中，缓急止痛。用于脾胃虚寒，腹痛拘急，心悸自汗，并用于胃、十二指肠溃疡，胃肠功能紊乱。,黄芪 350g、白芍 210g、桂枝 105g、生姜 105g、甘草 105g、大枣 105g,以上六味，生姜、桂枝提取挥发油，残渣与其余黄芪等四味加水煎煮二次，每次 2 小时，合并煎液，滤过，滤液静置，倾取上清液浓缩至稠膏；另取饴糖 700g 制成糖浆，加入稠膏，搅匀，继续浓缩至规定的相对密度，待冷，加入上述挥发油，搅匀，制成 860g，即得
黄芩片,片剂,消炎解毒。用于上呼吸道感染，细菌性痢疾等。,黄芩 3340g,取黄芩 3340g，酌予碎断，加水煎煮二次，每次 2 小时，合并煎液，滤过，静置 4 小时，上清液加明矾饱和水溶液，俟沉淀完全，滤过；沉淀物用适量水洗涤 2~3 次 (至无明矾反应为止)，于 60℃以下干燥，粉碎成细粉，加辅料适量，制成颗粒，干燥，压制成 1000 片，包糖衣，即得
接骨片,片剂,散，活血，止痛。用于跌打损伤，筋伤骨折，瘀血肿痛。,"四号铜粉2.34g, 当归39g, 川芎39g, 制川乌39g, 乳香（醋炙）39g, 没药（醋炙）39g, 自然铜（煅）39g",以上七味，四号铜粉、制川乌、乳香、没药、自然铜粉碎成细粉，过筛，混匀；川芎、当归照流浸膏剂与浸膏剂项下的渗漉法 (附录 11 页) 用 70% 乙醇作溶剂，进行渗漉，漉液回收乙醇，减压浓缩成膏。加入上述细粉及辅料，混匀，制成颗粒，60℃以下干燥，压制成 1000 片，包糖衣，即得
蛇伤解毒片,片剂,清解蛇毒，散瘀消肿。用于各种毒蛇咬伤。,"光慈姑44g, 山豆根44g, 拳参44g, 黄连22g, 白芷22g, 红大戟22g, 冰片3.3g, 雄黄6.5g, 朱砂10g, 大黄145g, 硫酸镁145g",以上十一味，冰片研细，朱砂、雄黄水飞或粉碎成极细粉，其余光慈姑等八味粉碎成细粉；再与上述朱砂、雄黄粉末配研，混匀，加淀粉浆适量，制成颗粒，低温干燥；将冰片细粉与颗粒混匀，压制成 1000 片，即得
婴儿平 ,胶囊剂,消食化积，健脾止泻。用于发热咳嗽，口臭舌干，消化不良，呕吐腹泻，腹胀腹痛，大便秘结。,"甘草200g, 天花粉100g, 苦杏仁(炒)100g, 天南星(制)100g, 薄荷叶50g, 黄芩40g, 山楂30g, 茯苓30g, 六神曲(麸炒)30g, 麦芽(炒)30g, 陈皮30g, 藿香20g, 厚朴(姜制)20g, 猪苓20g, 槟榔20g, 防风20g, 天竺黄20g, 琥珀30g, 朱砂20g, 巴豆霜4g",以上二十味，除巴豆霜外，朱砂水飞或粉碎成极细粉，其余甘草等十八味粉碎成细粉与上述巴豆霜、朱砂等粉末配研，过筛，混匀，装胶囊，即得
银杏露,露剂,镇咳，化痰，定喘。用于急慢性支气管炎，排痰不爽，久咳气喘。,"白果仁476.2g, 莳菜714.3g",以上二味，先将白果仁打碎，照流浸膏剂及浸膏剂项下的渗漉法 (附录 11 页) 用 60% 乙醇作溶剂，进行渗漉，漉液回收乙醇；葎草加水煎煮二次，每次 2 小时，合并煎液，滤过，滤液浓缩成清膏（每 1ml 相当于总药材量 2g），冷后加乙醇等量混匀，放置 24 小时，滤过，滤液回收乙醇，与白果仁提取液合并，混匀，静置 3 天，滤过；取蔗糖 314.3g 制成单糖浆，与薄荷脑、杏仁香精、防腐剂适量加入上述滤液，搅匀，加水至 1000ml，即得
银花感冒冲剂,颗粒剂,清热，解表，利咽。用于感冒发热、头痛、咽喉肿痛。,"金银花200g, 连翘200g, 防风200g, 桔梗200g, 甘草100g",以上五味，加水煎煮二次，第一次 3 小时，第二次 2 小时，合并煎液，滤过，滤液浓缩至约 1000ml，加入与浓缩液等体积的乙醇，搅匀，静置 12 小时，滤过，滤液回收乙醇，浓缩至适量，稍冷，加糖粉 1000g 及淀粉适量，混匀，制成颗粒，即得
银柴合剂,口服液,清热，解表，止咳。用于风热感冒，发热咳嗽。,"忍冬藤250g, 柴胡250g, 芦根250g, 枇杷叶167g, 薄荷83g",以上五味，薄荷提取挥发油，蒸馏后的水溶液另器收集；药渣与其余忍冬藤等四味加水煎煮二次，每次 2 小时，合并煎液，滤过，滤液与蒸馏后的水溶液合并，浓缩至适量，加入苯甲酸钠 3g，放冷，加入薄荷挥发油，调整总量至 1000ml，搅匀，即得
银屑灵,颗粒剂,祛风燥湿、清热解毒、活血化瘀。用于银屑病。,"苦参60g, 甘草60g, 白藓皮80g, 防风60g, 土茯苓120g, 蝉蜕80g, 黄柏40g, 生地黄80g, 金银花80g, 赤芍40g, 连翘60g, 当归60g",以上十二味，将金银花、连翘、防风、蝉蜕加水煎煮二次，每次 1 小时，合并煎液，滤过；其余苦参等八味，加水煎煮三次，每次 1 小时，合并煎液，滤过，合并两次滤液，减压浓缩至相对密度为 1.23 的清膏；每 100g 清膏加蔗糖 200g（蔗糖加水适量，加热溶解，滤过），混匀，浓缩至相对密度为 1.34 (热测)，加防腐剂适量，即得
银翘散,散剂,辛凉透表，清热解毒。用于外感风寒，发热头痛，口干咳嗽，咽喉疼痛，小便短赤。,"金银花100g, 连翘100g, 桔梗60g, 薄荷60g, 淡豆豉50g, 淡竹叶40g, 牛蒡子60g, 荆芥40g, 芦根100g, 甘草40g",以上十味，粉碎成细粉，过筛，混匀，即得
脚气散,散剂,祛风燥湿，杀虫止痒。用于脚癣趾间糜烂，或流黄水，刺痒难忍。,"荆芥穗480g, 白芷480g, 枯矾480g",以上三味，粉碎成细粉，过筛，混匀，即得
麻杏甘石合剂,口服液,辛凉宣肺，平喘止咳。用于外感身热，咳逆气急，鼻煽，口渴，有汗或无汗。,"麻黄236g, 苦杏仁177g, 石膏472g, 甘草(蜜炙)118g",以上四味，苦杏仁压榨脂肪油，取油 17.7g 加热至 160℃备用；药渣加水蒸馏制取苦杏仁水 177ml；药渣与其余麻黄等三味加水煎煮三次，每次 2 小时，合并煎液，滤过，滤液浓缩至约 800ml，加入苯甲酸钠 3g，放冷，加入苦杏仁水和苦杏仁油，调整总量至 1000ml，搅匀，即得
清心丸,丸剂,清心，化痰，祛风。用于心宫内热，痰火壅盛，神志昏乱，语言不清，烦燥不安。,"水牛角浓缩粉15g, 冰片20g, 人参50g, 茯苓25g, 白术（麸炒）30g, 甘草100g, 当归30g, 川芎25g, 白芍30g, 山药140g, 黄芩30g, 黄柏16g, 栀子（炒）20g, 柴胡25g, 苦杏仁（炒）35g, 桔梗25g, 大豆黄卷35g, 防风30g, 麦冬30g, 白薇15g, 蒲黄（炭）50g, 六神曲50g, 炮姜15g, 阿胶35g, 肉桂35g, 大枣100g, 朱砂15g, 雄黄16g",以上二十八味，除水牛角浓缩粉、冰片外，朱砂、雄黄分别水飞或粉碎成极细粉，其余人参等二十四味粉碎成细粉；将水牛角浓缩粉、冰片研细，与上述粉末配研，过筛，混匀。每 100g 粉末加炼蜜 110~115g，制成大蜜丸，即得
清心滚痰丸,丸剂,清心涤痰，泻火通便。用于顽痰蒙蔽心窍引起：神志错乱，语无伦次，哭笑无常，疯狂打闹，羊痫风症。,"金碳石（煅）30g, 大黄180g, 沉香60g, 黄芩180g, 甘遂（醋炙）120g, 牵牛子60g, 猪牙皂60g, 马舌子15g, 人参15g, 肉桂15g, 金钱白花蛇(去头晒实)6g, 朱砂粉150g, 牛黄21g, 冰片36g, 羚羊角粉24g, 水牛角浓缩粉96g, 珍珠粉15g",以上十七味，除朱砂粉、羚羊角粉、水牛角浓缩粉、珍珠粉外，牛黄、冰片分别研成细粉；其余金礞石等十一味粉碎成细粉，过筛，混匀，与上述朱砂粉等六味细粉配研，过筛，混匀。每 100g 粉末加炼蜜 120~130g，制成大蜜丸，即得
清火片,片剂,清热泻火，通便。用于咽喉肿痛，牙痛，头目眩晕，口鼻生疮，风火目赤，大便不通。,"大青叶400g, 大黄100g, 石膏50g, 薄荷脑0.65g",以上四味，大黄、石膏粉碎成细粉，过筛；大青叶加水煎煮二次，第一次 2 小时，第二次 1 小时，合并煎液，滤过，浓缩至稠膏，加入大黄、石膏细粉及辅料，混匀，制成颗粒，干燥；将薄荷脑用少量乙醇溶解，喷加颗粒内，混匀，压制成 1000 片，包糖衣，即得
清血解毒丸,丸剂,清热解毒，散风消肿。用于疮疗溃烂初期，灼热发烧及咽喉肿痛，目赤，口疮；牙痛。,"大黄100g, 荆芥50g, 蒲公英50g, 防风50g, 苦地丁50g, 黄芩50g, 连翘50g, 甘草50g, 关木通50g, 地黄50g",以上十味，粉碎成细粉，过筛，混匀。用水泛丸，干燥，即得
清金止嗽西瓜膏,膏剂,润肺止嗽，化痰定喘。用于肺经燥热引起：咳嗽痰少，久嗽不止，喘息胸闷，口干舌燥，咽喉痒痛。,"西瓜72000g, 紫苏叶60g, 苦杏仁(炒)60g, 桔梗60g, 麦冬60g, 麻黄60g, 罂粟壳（蜜炙）60g, 桑白皮（蜜炙）60g, 瓜萎皮60g, 茯苓60g, 枳壳（麸炒）60g, 生姜60g, 枇杷叶（蜜炙）30g, 五味子（醋炙）30g, 薄荷30g, 清半夏30g, 川贝母30g, 款冬花30g, 甘草30g, 化橘红30g, 地黄30g, 卞萝卜240g",以上二十二味，西瓜切块，搅拌取汁，滤过，残渣加水煎煮，滤过，滤液与西瓜汁合并，浓缩至相对密度为 1.45 (50℃测) 的清膏；其余紫苏叶等二十一味加水煎煮三次，合并煎液，滤过，浓缩至相对密度为 1.45 (50℃测) 的清膏，加入上述清膏混匀。每 100g 清膏加炼蜜 200g 及冰糖 100g，加热，混匀，即得
清肺止咳丸,丸剂,清肺止咳。用于肺热咳嗽，痰多。,"前胡60g, 苦杏仁60g, 天花粉60g, 浙贝母60g, 桔梗60g, 枳壳（炒）60g, 茯苓90g, 桑白皮(制)90g, 莱菔子(炒)90g, 瓜萎霜90g, 紫苏子(炒)120g, 陈皮45g",以上十二味，除桑白皮外，其余前胡等十一味粉碎成细粉，过筛，混匀，将桑白皮煎汁泛丸，干燥，即得
清肺抑火片,片剂,清肺止嗽，降火生津。用于肺热咳嗽，痰延壅盛，咽喉肿痛，口鼻生疮，牙齿疼痛，牙根出血，大便干燥，小便赤黄。,"黄芩245g, 栀子140g, 黄柏70g, 大黄210g, 苦参105g, 天花粉140g, 知母105g, 桔梗140g, 前胡70g",以上九味，桔梗、大黄粉碎成细粉；栀子、知母加水煎煮二次，合并煎液，滤过，滤液浓缩成膏；前胡、苦参、黄柏、黄芩用 60% 乙醇加热回流提取 6 小时，天花粉用 25% 乙醇加热回流提取 6 小时，合并醇液，回收乙醇，浓缩成膏，与上述浓缩膏合并，加入桔梗等粉末及辅料，混匀，制成颗粒，干燥，压制成 1088 片，即得
清涎快膈丸,丸剂,宽中解郁，理气化痰。用于噎膈反胃，胸胁胀闷，痰涎多，咽喉不利。,"陈皮100g, 茯苓50g, 清半夏100g, 桔梗100g, 枳实（麸炒）100g, 苍术（米泔水炒）100g, 栀子100g, 沉香50g, 香附（醋炒）100g, 川芎100g, 六神曲（炒）100g, 木香50g",以上十二味，粉碎成细粉，过筛，混匀，将生姜 50g 捣烂榨汁，加水适量泛丸，干燥，即得
清热导滞散,散剂,清热镇惊，导滞通便。用于小儿食积腹胀，大便秘结，五心烦热，睡眠不宁。,"大黄60g, 牟牛子（炒）60g, 黄连15g, 天竺黄15g, 琥珀15g, 人参15g",以上六味，粉碎成细粉，过筛，混匀，即得
清热养阴丸,丸剂,养阴清热，消肿止痛。用于肺胃积热，火热上攻引起的口舌生疮，牙龈出血，烦躁口渴，咽喉疼痛，肺热咳嗽，失音声哑，头晕耳鸣，大便秘结。,"石膏60g, 栀子（姜炙）60g, 黄连45g, 牡丹皮60g, 白芍60g, 地黄150g, 麦冬75g, 玄参120g, 浙贝母75g, 薄荷45g, 山豆根75g, 甘草45g",以上十二味，粉碎成细粉，过筛，混匀，每 100g 粉末加炼蜜 90~110g 制成大蜜丸，即得
清热银花糖浆,糖浆剂,清热解毒，通利小便。用于温邪头痛，目赤口渴，湿热郁滞，小便不利等。,"金银花100g, 菊花100g, 白茅根100g, 通草20g, 大枣50g, 甘草20g, 绿茶叶8g",以上七味，加水煎煮二次，第一次 4 小时，第二次 3 小时，合并煎液，滤过，滤液浓缩至适量，加入蔗糖 650g，煮沸使溶解，滤过，加入防腐剂适量使溶解，加水至 1000ml，混匀，即得
清热镇咳糖浆,糖浆剂,镇咳祛痰。用于感冒咽炎，肺热咳嗽。,"葶苈子52g, 矮地茶52g, 鱼腥草88g, 荆芥70g, 知母52g, 前胡70g, 板栗壳88g, 浮海石88g",以上八味，加水煎煮二次，第一次 2 小时，第二次 1.5 小时，合并煎液，滤过，滤液浓缩至 650ml，加入蔗糖 400g，煮沸使溶解，滤过，滤液加防腐剂、香精适量，再加水至 1000ml，搅匀，即得
清脑降压片,片剂,清脑降压。用于血压偏高，头昏头晕，失眠健忘，记忆力衰退。,"黄芩100g, 夏枯草60g, 槐米60g, 磁石（煅）60g, 牛膝60g, 当归100g, 地黄40g, 丹参40g, 水蛭20g, 钩藤60g, 决明子100g, 地龙20g, 珍珠母40g",以上十三味，珍珠母、磁石、当归、钩藤粉碎成细粉，其余黄芩等九味加水煎煮二次，第一次 3 小时，第二次 2 小时，合并煎液，滤过，滤液浓缩成稠膏，加入珍珠母等细粉，混匀，制成颗粒，干燥，压制成 1000 片，包糖衣，即得
清喉咽冲剂,颗粒剂,养阴，清咽，解毒。用于局限性咽白喉，轻度中毒型白喉，急性扁桃体炎，咽峡炎。,"地黄180g, 麦冬160g, 玄参260g, 连翘315g, 黄芩315g",以上五味，粉碎成粗粉，照流浸膏剂与浸膏剂项下的渗漉法 (附录 11 页)，用 57% 乙醇作溶剂，浸渍 24 小时后，以每分钟约 1ml 的速度缓缓渗漉，收集漉液约 6000ml，回收乙醇，浓缩至约 1400ml，加水 800ml，煮沸 30 分钟，静置 48 小时，滤过，浓缩至约 1000ml，静置 24 小时，滤过，滤液浓缩至相对密度为 1.38~1.40 (80~85℃) 的清膏。取清膏 1 份，蔗糖 1.5 份，糊精 1.5 份及适量的乙醇制成颗粒，干燥，即得
清瘟解毒片,片剂,清瘟解毒。用于时疫感冒，发热，怕冷，无汗头痛，口渴咽干，四肢酸疼，痄腮肿痛。,"天花粉100g, 葛根100g, 白芷50g, 桔梗75g, 连翘75g, 玄参100g, 甘草75g, 大青叶100g, 柴胡50g, 羌活75g, 川芎50g, 赤芍50g, 防风50g, 黄芩100g, 牛蒡子100g, 淡竹叶100g",以上十六味，天花粉、葛根分别粉碎成细粉，过筛；玄参、柴胡、连翘、大青叶、淡竹叶加水煎煮二次；甘草加水煎煮二次，每次 2 小时，合并煎液，滤过，滤液浓缩成稠膏状，并入上述煎液内，滤过，滤液浓缩成膏；羌活、川芎、赤芍、防风、黄芩、白芷、桔梗、牛蒡子用 60% 乙醇加热提取三次，合并提取液，滤过，回收乙醇，浓缩成稠膏，合并上述稠膏，加入天花粉、葛根细粉及辅料混匀，制成颗粒，干燥，压制成 1600 片，包糖衣，即得
康尔心胶囊,胶囊剂,益气活血，滋阴补肾，增加冠脉血流量，降血脂。用于治疗冠心病，心绞痛，胸闷气短等症。,三七 150g、人参 80g、麦冬 80g、丹参 120g、枸杞子 150g、何首乌 120g、山楂 230g,以上七味，三七粉碎成细粉，其余人参等六味，加水适量浸泡过夜，80℃温浸二次，第一次 1 小时，第二次 2 小时，合并浸液，滤过，滤液浓缩至适量，低温干燥，粉碎成细粉，加入三七粉及辅料适量，混匀，制粒，装胶囊 1000 粒，即得
寄生追风液,口服液,补肝肾，祛风湿，止痹痛。用于肝肾两亏，风寒湿痹，腰膝冷痛，腿足屈伸不利。用于慢性风湿性关节炎，腰肌劳损，跌打损伤后期具有上述症状者。,"独活70g, 白芍60g, 槲寄生70g, 熟地黄60g, 杜仲（炒）70g, 牛膝60g, 秦艽60g, 桂枝50g, 防风60g, 细辛30g, 党参60g, 甘草30g, 当归60g, 川芎30g, 茯苓60g",以上十五味，粉碎成粗粉，照流浸膏剂与浸膏剂项下的渗漉法 (附录 11 页)，用白酒适量作溶剂，浸渍 10~15 天后，缓缓渗漉，收集漉液。另取蔗糖 2520g 制成糖浆，待温，加入上述滤液，搅匀，静置，滤过，制成 6500g，即得
维血宁,口服液,补血活血，清热凉血。用于血小板、白血球减少症，并可作一般性贫血的补血健身剂。,"虎杖115g, 地黄115g, 墨早莲43.2g, 白芍（炒）71.8g, 鸡血藤143.8g, 太子参57.6g, 仙鹤草143.8g, 熟地黄115g",以上八味，加水煎煮二次，每次 2 小时，合并煎液，滤过，滤液浓缩至稠膏状，待冷后加入乙醇二倍量，搅匀，静置 24 小时后，滤过，沉淀加 60% 乙醇二倍量，搅匀，静置，滤过，与上述滤液合并，减压浓缩成相对密度为 1.10 (热测) 的清膏，加入炼蜜 400g、防腐剂及香精适量，搅匀，静置，滤过，制成约 760ml，即得
绿樱膏,膏剂,消肿止痛，祛风散寒。用于各种疮症，外伤肿痛，腰腿疼痛等。,"木鳖子100g, 生川乌125g, 生草乌125g, 乌梢蛇125g, 黄柏50g, 大黄50g, 金银花50g, 红花50g, 肉桂50g, 赤芍50g, 穿山甲50g, 附子50g, 白芷50g, 生马钱子250g, 乳香（制）100g, 没药（制）100g, 血竭100g, 冰片100g, 胆膏（醋制）250g",以上十九味，胆膏系取胆汁（猪或牛）及食醋等量，加热浓缩至稠膏状；乳香、没药、血竭、冰片粉碎成细粉；其余木鳖子等十四味，酌予碎断，与食用植物油 5000g 同置锅内浸泡 2~3 日后炸枯，去渣，滤过，炼至滴水成珠；另取红丹 2500g 及胆膏，加入油内搅匀，收膏，将膏浸泡于水中。取膏用文火熔化后，加入上述粉末，搅匀，分割成块，即得
琥珀利气丸,丸剂,平肝，利气，消食，通便。用于停食，停水，脘腹胀闷作痛，吞酸嘈杂，大便燥结。,"琥珀50g, 牵牛子（炒）300g, 槟榔50g, 香附（醋制）200g, 陈皮50g, 莪术（醋制）50g, 六神曲（麸炒）100g, 山楂100g, 大黄300g, 木香50g, 枳壳（麸炒）50g, 青皮50g, 黄连50g, 黄柏150g, 麦芽（炒）100g",以上十五味，粉碎成细粉，过筛，混匀，每 100g 粉末加炼蜜 150~170g 制成大蜜丸，即得
喜字阿胶,膏剂,滋阴润燥，补血养血，止血安胎。用于久病虚衰，阴血亏虚，胎动不安，产后血虚，崩漏，咯血，衄血，尿血，便血。,"驴皮1000g, 当归4g, 川芎2g, 陈皮2g, 白芍3g, 红花1g, 香附1g, 肉桂1g, 白芷1g, 地黄6g",以上十味，除驴皮外，其余当归等九味，提取挥发油至尽，药渣滤过，滤液另器收集；将驴皮漂泡、去毛、切成小块，再漂洗干净，分次加水煎煮，合并煎液，滤过，滤液用文火浓缩，加入上述滤液，再加冰糖、豆油、黄酒适量，继续浓缩至稠膏状，加入挥发油，冷凝，切块，阴干
紫金锭眼膏,膏剂,清热消炎，除湿止痒。用于风火烂眼，暴发赤肿，眼涩眼痒，视物不清。,"炉甘石（煅）140g, 冰片80g, 石膏（煅）200g, 大青盐10g, 硼砂10g",以上五味，炉甘石水飞；冰片、石膏、大青盐、硼砂分别研成细粉，与炉甘石配研，混匀；另取凡士林 460g 与液状石蜡适量加热至 150℃并保持 1 小时以上，滤过，放冷至 60℃，加入上述粉末，混匀，即得
筋骨止痛膏,膏剂,舒筋活血，搜风散寒。用于筋骨麻木，腰腿臂痛，跌打损伤。,"槐枝500g, 大葱1000g, 徐长卿125g, 樟脑31.25g, 桑枝1500g, 肉桂62.5g, 生草乌125g, 鲜松枝(带叶)2500g, 生姜500g, 丁香62.5g, 冰片31.25g",以上十一味，肉桂、丁香、徐长卿、生草乌、冰片、樟脑粉碎成细粉，过筛，混匀；其余生姜等五味，酌予碎断，与食用植物油 20000g 同置锅内炸枯，去渣，滤过，炼至滴水成珠；另取红丹 7000g，加入油内搅匀，收膏，将膏浸泡于水中；取膏用文火熔化后，将上述粉末加入搅匀，分摊于布或纸上，即得
舒心宁片,片剂,活血，消瘀，行气止痛。用于改善冠状动脉血循环，兼治疗高血压病，胆固醇过高及冠心病，心绞痛。,"丹参100g, 川芎100g, 赤芍100g, 红花80g, 当归80g, 太子参80g, 薤白80g, 瓜萎皮80g, 远志（甘草水制）60g, 降香60g, 石菖蒲60g, 甘草（蜜炙）60g",以上十二味，川芎、赤芍各 50g 粉碎成细粉，过筛，余量酌予碎断；红花用 75℃温水浸渍二次，每次 2 小时，合并浸液，滤过，滤液浓缩至稠膏状；降香粉碎成粗粉，提取挥发油后，残渣与其余丹参等八味以及碎断的川芎、赤芍，加水煎煮二次，每次 3 小时，合并煎液，滤过，滤液浓缩至相对密度为 1.40 (热测) 的清膏，加入上述细粉及稠膏，混匀，干燥，粉碎，过筛，制成颗粒，加入降香挥发油，混匀，压制成 800 片，包糖衣，即得
舒气丸,丸剂,消气破滞，理气止痛。用于胃肠积滞，胸闷脘痛，脘腹胀痛，呕恶便秘等症。,"大黄120g, 青皮（醋炒）10g, 槟榔120g, 苍术（米泔水炒）10g, 陈皮20g, 香附（醋炒）120g, 川芎10g, 厚朴（姜制）20g, 麦芽（炒）20g, 莱菔子（炒）10g, 山楂（炒）80g, 枳实（麸炒）20g, 三棱（醋炒）20g, 六神曲（麸炒）40g, 莪术（醋煮）20g, 牵牛子（炒）240g, 木香20g, 枳壳（麸炒）20g, 五灵脂（醋炒）120g",以上十九味，粉碎成细粉，过筛，混匀。用水泛丸，干燥，即得
舒泰丸,丸剂,舒肝理气。用于膨闷胀饱，食滞不消，呕逆吞酸。,"紫苏40g, 广藿香40g, 桔梗40g, 白芍（酒炒）25g, 豆蔻25g, 厚朴（姜制）25g, 陈皮25g, 青皮（炒）25g, 苍术（炒）25g, 槟榔（炒）25g, 柴胡15g, 川芎15g, 木香15g, 甘草15g, 鸡内金（炒）25g, 六神曲（炒）20g, 山楂（炒）20g, 麦芽（炒）20g",以上十八味，粉碎成细粉，过筛，混匀，每 100g 粉末加炼蜜 160~180g，制成大蜜丸，即得
痢炎宁片,片剂,清热解毒，燥湿止痛。用于细菌性痢疾，肠炎。,"马齿苋120g, 铁苋菜60g, 苦参60g, 陈皮48g, 肉桂12g, 白头翁120g, 山楂90g",以上七味，马齿苋、铁苋菜、苦参加水煎煮二次，每次 2 小时，合并煎液，滤过，滤液浓缩至稠膏状；山楂、白头翁粉碎成粗粉，照流浸膏剂与浸膏剂项下渗漉法 (附录 11 页)，分别用 5 倍量 60% 乙醇和 70% 乙醇作溶剂，进行渗漉，合并漉液，回收乙醇，浓缩成稠膏状；陈皮、肉桂提取挥发油，蒸馏后的水溶液滤过，滤液浓缩成稠膏状；取上述各稠膏，加辅料适量，混匀，制成颗粒，加入陈皮、肉桂挥发油，混匀，压片，包糖衣，即得
痢泻灵片,片剂,清热解毒，止痢，止泻。用于湿热痢疾、热泻。,"拳参140g, 穿心莲100g, 苦参170g",以上三味，拳参、穿心莲粉碎成细粉；取苦参加水煎煮二次，第一次 2 小时，第二次 1.5 小时，滤过，滤液浓缩至稠膏状，再与上述粉末混匀，制成颗粒，压制成 1000 片，或包糖衣，即得
阑尾消炎片,片剂,清热解毒，散瘀消肿。用于急、慢性阑尾炎。,"金银花100g, 大青叶100g, 败酱草100g, 蒲公英100g, 大血藤100g, 川楝子20g, 大黄30g, 木香30g, 冬瓜子30g, 桃仁20g, 赤芍40g, 黄芩30g",以上十二味，金银花、大黄、木香粉碎成细粉，过筛；大青叶等九味加水煎煮二次，第一次 2 小时，第二次 1.5 小时，合并煎液，静置，滤过，滤液浓缩至相对密度为 1.21 (90℃) 的清膏，与上述粉末混匀，制成颗粒，压片，包糖衣，即得
滋补参茸丸,丸剂,补气养血，壮阳添精。用于气血衰弱，体倦乏力，肌肉消瘦，怔忡健忘，失眠惊悸，肾虚滑精，阳痿不举。,"人参15g, 鹿茸（去毛）15g, 熟地黄50g, 龟板(醋淬)40g, 山药40g, 当归40g, 茯苓25g, 朱砂25g, 益智仁(盐制)25g, 补骨脂(盐制)25g, 龙眼肉25g, 枸杞子25g, 苍术25g, 牛膝25g, 栀子(炒焦)15g, 甘草15g, 黄柏(酒炒)15g, 柏子仁15g, 知母(酒炒)15g, 远志(甘草制)15g, 酸枣仁(炒)15g, 肉桂10g, 琥珀10g, 砂仁(盐制)10g",以上二十四味，朱砂水飞或粉碎成极细粉；其余熟地黄等二十三味粉碎成细粉，与上述粉末配研，过筛，混匀，每 100g 粉末加炼蜜 140~160g 制成大蜜丸，即得
强力枇杷露,露剂,养阴敛肺，镇咳祛痰。用于久咳劳嗽，支气管炎等。,"枇杷叶69g, 碧栗壳50g, 百部15g, 白前9g, 桑白皮6g, 枯梗6g, 薄荷脑0.15g",以上七味，除薄荷脑外，其余枇杷叶等六味加水煎煮二次，每次 2 小时，合并煎液，滤过，浓缩至约 750ml，加苯甲酸钠 2.5g，搅拌使溶解，加蔗糖 600g，继续加热至沸，保持 20 分钟，静置，滤过，加入枸橼酸 0.5g、用乙醇溶解的香精适量及薄荷脑，搅拌，混匀，静置，滤过，加水至 1000ml，混匀，即得
强肝糖浆,糖浆剂,清热利湿，补脾养血，益气解郁。用于慢性肝炎，早期肝硬化，脂肪肝，中毒性肝炎等。,"茵陈125g, 板蓝根62.5g, 当归62.5g, 白芍62.5g, 丹参125g, 郁金62.5g, 黄芪125g, 党参62.5g, 泽泻62.5g, 黄精62.5g, 地黄62.5g, 山药62.5g, 山楂50g, 六神曲50g, 秦艽50g, 甘草50g",以上十六味，加水煎煮三次，第一次 2 小时，第二、三次各 1.5 小时，合并煎液，滤过，滤液加氨试液调节 pH 值至 8，搅拌，滤过，滤液浓缩至适量，加蔗糖 600g，溶解后煮沸，放冷，加入防腐剂适量，用水稀释至 1000ml，灭菌，即得
犀角化毒丸,丸剂,清火化毒，消肿止痛。用于小儿身热烦躁，咽喉肿痛，口舌生疮，皮肤疮疖，口臭便秘，疹后余毒未尽。,"连翘300g, 青黛150g, 黄连30g, 黄芩150g, 大黄75g, 菊花300g, 龙胆150g, 天花粉150g, 玄参150g, 茯苓300g, 桔梗300g, 甘草150g, 朱砂45g, 冰片4.5g, 犀角粉0.45g, 水牛角浓缩粉8.1g",以上十六味，除犀角粉、水牛角浓缩粉外，朱砂水飞或粉碎成极细粉，冰片研细；其余连翘等十二味粉碎成细粉，过筛，混匀；与上述犀角粉等四味细粉配研，过筛，混匀；每 100g 粉末加炼蜜 130~140g 制成大蜜丸，即得
感冒丸,丸剂,清热止咳，宣肺平喘。用于感冒，头痛发热、鼻流清涕，咳嗽声重，气逆喘急。,"麻黄50g, 紫苏叶50g, 苦杏仁50g, 薄荷50g, 前胡50g, 金银花50g, 石膏100g, 菊花50g, 黄芩100g, 甘草25g, 桔梗50g, 桑叶50g",以上十二味，粉碎成细粉，过筛，混匀，每 100g 粉末加炼蜜 130~150g，制成大蜜丸，即得
感冒止咳冲剂,颗粒剂,清热解表，止咳化痰。用于感冒发热，头痛鼻塞，伤风咳嗽，咽喉肿痛，四肢怠倦，流行性感冒。,"柴胡100g, 金银花75g, 葛根100g, 青蒿75g, 连翘75g, 黄芩75g, 桔梗50g, 苦杏仁50g, 薄荷脑0.15g",以上九味，除薄荷脑外，其余柴胡等八味，加水煎煮二次，每次 4 小时，合并煎液，滤过，滤液浓缩至相对密度为 1.30~1.41 (50℃) 的清膏，加入糖粉，制成颗粒，干燥，薄荷脑加乙醇适量溶解后，喷入颗粒，混匀，即得
感冒炎咳灵糖浆,糖浆剂,解毒解热，消炎止咳。用于感冒，流感，腮腺炎，咽喉炎，扁桃腺炎，支气管炎。,"一点红400g, 一枝黄花300g, 板蓝根250g, 甘草150g, 生姜25g",以上五味，板蓝根加水煎煮二次，每次 1.5 小时，合并煎液，滤过，滤液浓缩至适量，放冷，加乙醇使含醇量达 60%，搅匀，静置，滤过，滤液回收乙醇并浓缩至适量；其余一点红等四味，加水煎煮二次，每次 1.5 小时，合并煎液，滤过，滤液浓缩至适量，静置，滤过，滤液与上述板蓝根浓缩液合并；加入蔗糖 400g（加水煮沸溶解，滤过），加入防腐剂及水，使全量为 1000ml，即得
感冒退烧片,片剂,清热散风，解表。用于内热外感风寒引起的四肢酸懒，发烧怕冷，鼻流清涕，咳嗽咽痒。,"板蓝根168g, 荆芥穗126g, 拳参126g, 葛根126g, 柴胡126g",以上五味，板蓝根粉碎成细粉，过筛；葛根、拳参、柴胡加水煎煮三次，第一次 3 小时，第二次 2 小时，第三次 0.5 小时，合并煎液，滤过；荆芥穗提取挥发油，药渣加水煎煮一次，滤过，合并上述煎液，浓缩成膏，加入板蓝根细粉及辅料，混匀，制成颗粒，干燥，喷加荆芥穗挥发油，混匀，压制成 1000 片，包糖衣，即得
感冒解热冲剂,颗粒剂,疏风清热。用于伤风感冒所致的发热，头痛，项强，恶风无汗，周身酸紧等症。,"麻黄45g, 菊花45g, 白术45g, 羌活45g, 防风45g, 生姜30g, 石膏150g, 葛根90g, 钩藤60g",以上九味，取菊花加水温浸 1 小时；麻黄、白术、羌活、防风、生姜、钩藤加水煎煮二次，每次 1 小时；石膏、葛根加水煎煮二次，每次 2 小时，合并上述煎液与浸液，滤过，滤液浓缩、放冷，加乙醇一倍量，搅拌，静置 12 小时，滤过，滤液浓缩至相对密度为 1.38~1.40 (50~60℃) 的清膏，取清膏 1 份，加蔗糖 4 份与糊精 1 份混匀，制成颗粒，干燥，即得
暖宫孕子丸,丸剂,滋阴养血，温经散寒，行气止痛。用于血虚气滞，腰酸疼痛，经水不调，赤白带下，子宫寒冷，久不受孕等症。,"熟地黄240g, 香附（醋炙）120g, 当归90g, 川芎90g, 白芍（酒炒）60g, 阿胶60g, 艾叶（炒）90g, 杜仲（炒）120g, 续断90g, 黄芩60g",以上十味，熟地黄、杜仲、香附、续断、艾叶、黄芩加水煎煮二次，第一次 3 小时，第二次 2 小时，合并煎液，滤过，滤液浓缩成稠膏；取阿胶加热烊化，加入上述稠膏中，混匀；取川芎、当归、白芍研成细粉，过筛，加入上述稠膏中，混匀，制丸，烘干，打光，即得
锡类含片,片剂,解毒化腐。用于咽喉糜烂肿痛。,"象牙屑93.8g, 青黛187.5g, 人指甲（滑石粉制）15.6g, 壁钱炭31.3g, 珍珠93.8g, 冰片9.4g, 牛黄15.6g",以上七味，除牛黄、冰片外，珍珠研成极细粉；其余象牙屑等四味，研成细粉，过筛；与上述牛黄等粉末配研，过筛，混匀，加辅料适量，混匀，制成颗粒，低温干燥，加硬脂酸镁适量，压制成 21300 片，即得
锡类散,散剂,解毒化腐。用于咽喉糜烂肿痛。,"象牙屑93.8g, 青黛187.5g, 壁钱炭31.3g, 人指甲（滑石粉制）15.6g, 珍珠93.8g, 冰片9.4g, 牛黄15.6g",以上七味，除牛黄、冰片外，珍珠粉碎成极细粉，其余象牙屑等四味粉碎成细粉，过筛；牛黄、冰片与上述粉末配研，过筛，混匀，即得
解热感冒片,片剂,清热解表。用于外感风寒引起的头痛，鼻塞流涕，发烧怕冷，咳嗽音哑，咽喉干痛。,"荆芥穗50g, 防风75g, 白芷50g, 柴胡50g, 葛根125g, 薄荷75g, 蒲公英100g, 板蓝根125g, 苦地丁100g, 黄芩200g, 芦根100g, 玄参100g, 苦杏仁75g, 甘草50g",以上十四味，黄芩 125g、板蓝根、白芷粉碎成细粉，过筛，其余黄芩、玄参、芦根、防风、柴胡、甘草、葛根加水煎煮三次，第一次 3 小时，第二次 1 小时，第三次 0.5 小时，合并煎液，滤过；蒲公英、苦地丁热浸三次，第一次 2 小时，第二次 1 小时，第三次 0.5 小时，合并浸液，滤过；苦杏仁用 80% 乙醇加热回流提取二次，第一次 3 小时，第二次 2 小时，合并提取液，滤过，回收乙醇；荆芥穗、薄荷提取挥发油后，药渣加水煎煮一次，滤过。合并以上各药液，减压浓缩至相对密度为 1.35~1.40 (50℃测) 的清膏，加入黄芩等细粉及辅料，混匀，制成颗粒，干燥，喷加荆芥、薄荷挥发油，混匀，压片，包糖衣，即得
新碧桃仙片,片剂,镇咳，祛痰，平喘，消炎。用于咳嗽，痰多，气喘。,"淫羊藿50g, 百部50g, 夏枯草50g, 何首乌50g, 马兜铃50g, 知母200g, 粉草薢300g, 土茯苓100g, 鸡胆汁10g, 甘草酸铵25g",以上十味，除鸡胆汁、甘草酸铵外，其余淫羊藿等八味粉碎成粗粉，照流浸膏剂与浸膏剂项下的渗漉法 (附录 11 页)，用 70% 乙醇作溶剂浸渍 24 小时后渗漉，收集漉液，减压回收乙醇，浓缩成浸膏，干燥后，制成颗粒；另取鸡胆汁与淀粉适量，混匀，干燥，制成颗粒；与上述浸膏颗粒及甘草酸铵混匀，加甘油、乙醇 (1:1) 溶液，混匀，压制成 1000 片，包糖衣，即得
豨签片,片剂,祛风除湿。用于风湿痹痛，腰膝酸软，四肢麻木。,豨签草 450g,取豨签草 450g，用 60% 乙醇加热回流提取，提取液回收乙醇浓缩成膏，药渣加水煎煮 1 小时，滤过，滤液浓缩成膏，与上述乙醇浓缩膏合并，加入辅料，混匀，制成颗粒，干燥，压制成 4000 片，即得
豨莶液,口服液,祛风除湿。用于风湿痹痛，腰膝酸软，四肢麻木。,豨莶草 9000g,豨莶草 9000g 用 60% 乙醇加热提取，收集初提液 1242ml，继续提取，续提液回收乙醇浓缩至适量，药渣加水煎煮一次，静置，滤过，滤液浓缩至适量，加入上述乙醇初提液及乙醇续提浓缩液，混匀，调整含醇量，静置三天，滤过，滤液继续静置三天，吸取上清液，灌装，即得
豨桐丸,丸剂,祛风湿，止痛。用于四肢麻痹，骨节疼痛，风湿性关节炎。,"臭梧桐叶500g, 豨莶草250g",以上二味，臭梧桐叶 150g、豨莶草 75g 粉碎成细粉，备用；其余臭梧桐叶、豨莶草加水煎煮二次，合并煎液，滤过，滤液浓缩成相对密度为 1.30 (80℃) 的清膏；将臭梧桐叶等粉末加入膏内，搅匀，干燥，粉碎成细粉，过筛（留出浓膏粉末适量作包衣用），用水泛丸，干燥，包衣，打光，干燥，即得
鼻炎灵片,片剂,透窍消肿，祛风退热。用于慢性鼻窦炎、鼻炎及鼻塞头痛，浊涕臭气，嗅觉失灵等。,"苍耳子（炒黄）200g, 细辛200g, 辛夷150g, 白芷30g, 淡豆豉30g, 黄芩30g, 川贝母40g, 薄荷脑3.2g",以上八味，苍耳子粉碎成粗粉，加 70% 乙醇加热回流 5 小时，滤过，回收乙醇，减压浓缩成稠膏；药渣加水煎煮 2.5 小时，取上清液浓缩成相对密度为 1.20 的清膏 (90℃)；辛夷、细辛分别提取挥发油；黄芩、川贝母、白芷、淡豆豉粉碎成细粉。将上述细粉、清膏与轻质氧化镁 13g 混合均匀，制成颗粒，低温干燥，放冷，加薄荷脑、挥发油，混匀，压片，包糖衣，即得
鼻炎糖浆,糖浆剂,清热解毒，消肿通窍。用于急慢性鼻炎。,"黄芩156g, 白芷156g, 麻黄72g, 苍耳子156g, 辛夷156g, 鹅不食草156g, 薄荷73g",以上七味，辛夷、薄荷、白芷提取挥发油，蒸馏后的水溶液另器收集；药渣与黄芩、苍耳子、鹅不食草、麻黄加上述蒸馏后的水溶液及水煎煮二次，第一次 1.5 小时，第二次 1 小时，合并煎液，滤过，滤液浓缩至适量，加入蔗糖 650g 及防腐剂适量，煮沸使溶解，滤过，放冷，加入辛夷等挥发油，加水至 1000ml，混匀，即得
熊胆丸,丸剂,清热散风，止痛退翳。用于风热或肝经湿热引起的目赤肿痛，羞明多泪。,"龙胆1013g, 泽泻（盐制）608g, 地黄760g, 当归608g, 栀子608g, 菊花608g, 车前子（盐制）608g, 决明子608g, 柴胡608g, 防风608g, 黄芩608g, 木贼608g, 黄连粉608g, 薄荷脑63.29g, 大黄1013g, 冰片76g, 熊胆12.66g",以上十七味，熊胆、薄荷脑、冰片分别研成细粉，与黄连粉末配研，过筛，混匀；其余龙胆等十三味，加水煎煮二次，第一次 2 小时，第二次 1 小时，合并煎液，滤过，滤液浓缩成稠膏，干燥，粉碎，过筛，与上述粉末及适量辅料混合，过筛，混匀，装胶囊，制成 10000 粒，即得
蕲蛇风湿酒,酒剂,祛风除湿，通经活络。用于风湿痹痛，骨节疼痛，四肢麻木，屈伸不利，腰膝酸软，风湿性关节炎，腰肌劳损，跌打损伤后期。,"蕲蛇（去头）100g, 桑枝80g, 熟地黄80g, 淫羊藿80g, 侧柏叶（鲜）80g, 称钩风80g, 马尾松根(鲜、去粗皮)80g, 白芍50g, 当归50g, 大血藤32g, 麻口皮子药50g, 石南藤32g, 桂枝32g, 杜仲(盐水炒)16g, 续断32g, 木瓜16g, 川牛膝16g, 甘草16g, 狗脊（去毛）16g",以上十九味，蕲蛇加白酒 100g 浸泡半年以上，滤过；桂枝提取挥发油；其余桑枝等十七味加白酒 7000g 浸泡二次，第一次 30 天，第二次 15 天，合并浸泡液，滤过，并加入上述滤液及挥发油，混匀；另取蔗糖 425g 制成糖浆，待温，加入上述混合液中，搅匀，静置，滤过，制成约 8500g，即得
橘红化痰丸,丸剂,滋阴清热，敛肺止咳，化痰平喘。用于肺肾阴虚，咳嗽，气促喘急，咽干舌红，胸膈满闷。,"橘红75g, 锦灯笼100g, 川贝母75g, 苦杏仁（炒）75g, 罂粟壳75g, 五味子75g, 白矾75g, 甘草75g",以上八味，粉碎成细粉，过筛，混匀，每 100g 粉末加炼蜜 100~120g 制成大蜜丸，即得
橘核疝气丸,丸剂,散寒止痛。用于疝气疼痛，睾丸肿大，阴囊潮湿。,"川楝子(炒)50g, 小茴香(盐制)50g, 延胡索(醋制)50g, 炮姜50g, 橘核(炒)50g, 荔枝核(炒)50g, 附子(制)50g, 肉桂30g, 泽泻(盐制)50g, 木香50g, 胡芦巴(炒)50g, 苍术(炒)508, 吴茱萸(制)50g",以上十三味，粉碎成细粉，过筛，混匀，用水泛丸，干燥，即得
醒脑降压丸,丸剂,通窍醒脑，清心镇静，抗热消炎。用于高血压病，言语不清，痰涎壅盛。,"黄芩184g, 黄连92g, 郁金92g, 栀子92g, 玄精石92g, 珍珠母69g, 辛夷38g, 零陵香8g, 朱砂92g, 雄黄92g, 冰片46g",以上十一味，朱砂、雄黄分别水飞或粉碎成极细粉；冰片研细；取黄芩 92g 与黄连等七味粉碎成细粉；其余黄芩用 60% 乙醇加热回流提取，提取液回收乙醇后浓缩成膏，干燥，粉碎成细粉，加入黄芩等粉末，混匀，再与朱砂（留出朱砂粉末 46g 包衣）、雄黄、冰片粉末配研，过筛，混匀。用水泛丸，干燥；用朱砂粉末 46g，另用桃胶 5.2g 化水包衣，打光，干燥，即得
黔曲,茶剂,健脾开胃，理气导滞，清暑化湿。用于食积饱胀，胸闷腹痛，不思饮食，暑湿感冒。,"广饶香20g, 莱菔子（炒）20g, 青皮20g, 牵牛子20g, 茯苓20g, 枳实（炒）30g, 甘草20g, 香附（醋炒）30g, 紫苏20g, 山楂(炒)20g, 木香20g, 苍术(麸炒)40g, 香薷30g, 麦芽（炒）40g, 大黄30g, 法半夏(姜汁炒)40g, 陈皮30g, 青蒿30g, 面粉125g, 荆芥30g, 麦麸125g, 白芷30g, 辣蓼40g, 酒曲适量",以上二十四味，除面粉、麦麸、酒曲外，其余广藿香等二十一味粉碎成粗粉，再与面粉、麦麸、酒曲（冬、春季用 1.25g，夏、秋季用 1.56g）混合，用温水（37℃左右）拌匀，装入适当容器中，发酵，至产生香气和酒气为止，取出，压制成块，干燥，包装，即得
赞化鹿茸丸,丸剂,补气养血，扶肾壮阳，调经祛寒。用于诸虚百损，心肾不交，阳痿不举，疀气腹痛，女子带下，胞寒不育，腰腿酸痛。,"鹿茸(去毛)67g, 当归54g, 酸枣仁(炒)67g, 鹿角霜67g, 柏子仁67g, 熟地黄67g, 肉苁蓉67g, 鹿角胶67g, 黄芪67g, 附子(制)14g",以上十味，粉碎成细粉，过筛，混匀，每 100g 粉末加炼蜜 120~140g 制成大蜜丸，即得
臌症丸,丸剂,利水消肿，除湿健脾。用于肢症，胸腹胀满，四肢浮肿，大便秘结，小便短赤。,"皂矾（醋制）200g, 甘遂20g, 大枣（去核炒）200g, 木香20g, 小麦(炒)100g",以上五味，粉碎成细粉，过筛，混匀；用水泛丸，60℃以下干燥，包糖衣，即得
癣药玉红膏,膏剂,杀虫止痒。用于干癣、顽癣、癞癣、桃花癣、头癣、体癣、牛皮癣。,"赤石脂360g, 细辛180g, 全蝎180g, 斑虱180g, 雄黄75g, 轻粉150g",以上六味，雄黄水飞或粉碎成极细粉；轻粉研制成极细粉，其余赤石脂等四味粉碎成细粉，过筛，混匀，与上述雄黄等二味粉末配研均匀。取芝麻油 975g 与虫白蜡 187.5g 加热熔化，滤过，冷却适度，加入上述粉末，混匀，即得
麝香止痛贴膏,膏剂,祛风除湿，活血舒筋，消肿止痛。用于风湿性关节痛，腰背冷痛，跌打损伤等。,"麝香1.1g, 川乌400g, 草乌400g, 皮子药300g, 当归250g, 川芎250g, 白芷250g, 泽兰200g, 干姜200g, 红花150g, 桃仁150g, 乳香100g, 没药100g, 冰片250g, 薄荷脑100g, 水杨酸甲酯200g",以上十六味，除冰片、薄荷脑、水杨酸甲酯、麝香外，其余川乌等十二味粉碎成粗粉，用乙醇加热回流提取二次，每次 4 小时，合并提取液，滤过，滤液回收乙醇，制成浸膏；基质按橡胶膏剂项下的方法 (附录 2 页) 制备后，加入上述浸膏、薄荷脑、冰片、水杨酸甲酯及乙醇溶解的麝香溶液，搅匀，涂膏，切段，盖衬，切成小块，即得
癫痫散,散剂,熄风，豁痰，定痫。用于羊痫风及一切痰迷癫狂之症。,"郁金400g, 巴豆50g, 全蝎（焙）140g, 香附（醋炒）250g, 蜈蚣140g",以上五味，将巴豆破碎，用醋 250g 及水适量煮至稠粥状，取出，烘干，与郁金等四味粉碎成细粉，过筛，混匀，即得
十全大补膏,膏剂,温补气血，用于气血两亏引起：面色苍白，气短心悸，体倦乏力，四肢不温,"党参80g, 白术(炒)80g, 茯苓80g, 甘草(蜜炙)40g, 当归120g, 川芎40g, 白芍(酒炒)80g, 熟地黄120g, 黄芪(蜜炙)80g, 肉桂20g",以上十味，加水煎煮三次，第一、二次各 2 小时，第三次 1 小时，合并煎液，滤过，滤液静置 24 小时，取上清液减压浓缩至相对密度为 1.28~1.32（85~90℃）的清膏。每 100g 清膏加炼蜜 700g，混匀，加热至沸，滤过，即得
十香暖脐膏,膏剂,温中，散寒，止痛，用于脾肾虚寒引起：脘腹冷痛，腹胀腹泻、腰痛寒疝，宫寒带下,"八角茴香120g, 小茴香(盐炙)120g, 乌药120g, 香附120g, 当归120g, 白芷120g, 母丁香30g, 肉桂30g, 沉香30g, 乳香(醋炙)30g, 没药(醋炙)30g, 木香30g",以上十二味，除母丁香、沉香、没药、肉桂、乳香、木香分别粉碎成细粉，过筛，混匀，其余八角茴香等六味，酌予碎断，与麻油 9360g 同置锅内，炸枯，去渣，滤过，炼至滴水成珠，每 1500g 炼油加入红丹 500g，搅匀，将膏浸泡于水中，取膏 8500g 用文火熔化，将上述母丁香等六味细粉加入搅匀，分摊于布上，即得
十滴水,酊剂,健胃，驱风。用于因中暑而引起的头晕、恶心、腹痛、胃肠不适,"樟脑200g, 干姜200g, 大黄160g, 小茴香80g, 肉桂80g, 辣椒40g, 桉油100ml",以上七味，除樟脑和桉油外，其余干姜等五味粉碎成粗粉，混匀，照流浸膏剂与浸膏剂项下的渗漉法（附录 17 页），用 70% 乙醇作溶剂，进行渗漉，收集渗漉液约 6000ml，加入樟脑及桉油，搅拌，使完全溶解，再继续收集渗漉液，使成 8000ml，即得
七制香附丸,丸剂,开郁顺气，调经养血。用于气滞经闭，胸闷气郁，两胁胀痛，饮食减少，四肢无力，腹内作痛、湿寒白带,"香附(醋制)550g, 鲜牛乳35g, 地黄20g, 茯苓20g, 当归20g, 熟地黄20g, 川芎20g, 白术(麸炒)20g, 白芍20g, 益母草20g, 艾叶(炭)10g, 黄芩10g, 山茱萸(酒制)10g, 天冬10g, 阿胶10g, 酸枣仁(炒)10g, 砂仁7.5g, 延胡索(醋制)7.5g, 艾叶5g, 稻米5g, 小茴香(盐制)5g, 人参5g, 甘草5g, 食盐3.5g",以上二十四味，艾叶、稻米、小茴香加水煎煮二次并合并煎液，滤过，滤液浓缩至适量，与鲜牛乳混合；再将食盐加入熔化后，浸拌香附，微炒；其余地黄等十八味，与上述炒香附粉碎成细粉，过筛，混匀。每 100g 粉末用黄酒 50g 泛丸，干燥，即得
八宝玉枢丸,丸剂,清瘟解毒，开窍辟秽。用于时疫传染，伤寒郁热、烦乱狂躁，胸膈滞闷，山岚瘴气,"麝香70g, 冰片50g, 毛慈菇300g, 千金子霜200g, 五倍子200g, 朱砂150g, 雄黄150g, 红大戟(醋制)50g, 牛黄20g, 珍珠20g, 琥珀50g, 寒食菌400g",以上十二味，除麝香、冰片、牛黄外，珍珠、朱砂、雄黄分别水飞或粉碎成极细粉，其余毛慈姑等六味粉碎成细粉，将麝香、冰片、牛黄研细与上述粉末配研，过筛，混匀。用水泛丸，用朱砂细粉包衣，低温干燥，即得
八宝镇惊丸,丸剂,退热安神，祛痰镇惊。用于小儿惊风或感冒发烧，痰涎壅盛，咳嗽气喘，烦躁不安,"薄荷20g, 天南星20g, 猪牙皂10g, 茯苓20g, 木香15g, 雄黄5g, 钩藤20g, 细辛10g, 法半夏20g, 僵蚕20g, 琥珀5g, 白附子20g, 天竺黄10g, 朱砂30g, 防风20g, 山药50g, 胆南星20g, 前胡15g, 牛黄2g, 白术20g, 蝉蜕10g, 天麻20g, 白芍20g, 冰片3g, 广藿香20g, 甘草15g",以上二十六味，除牛黄、冰片外，朱砂、雄黄分别水飞或粉碎成极细粉；其余二十二味粉碎成细粉；将牛黄、冰片研细，与上述各粉末配研，过筛，混匀。每 100g 粉末加炼蜜 120~140g 制成大蜜丸，即得
八厘散,散剂,活血消肿，舒筋接骨，用于跌打损伤，骨折筋伤、瘀血作痛，外用止血,"红花100g, 乳香(炒)100g, 儿茶100g, 自然铜(煅)100g, 没药(炒)100g, 大黄100g, 血竭100g, 硼砂100g, 当归100g, 土鳖虫100g, 续断100g, 骨碎补(烫)100g, 朱砂100g",以上十三味，朱砂水飞或粉碎成极细粉，自然铜粉碎成极细粉；其余红花等十一味粉碎成细粉，与上述粉末配研，过筛，混匀，即得
人参天麻药酒,酒剂,益气活血、舒筋止痛。用于各种关节痛、腰腿痛、四肢麻木,"天麻210g, 川牛膝210g, 黄芪175g, 穿山龙700g, 红花28g, 人参140g",以上六味，酌予碎断，置容器内，加 50 度白酒 10kg，密闭浸泡或隔水加热至沸后密闭浸泡，每天搅拌一次，浸渍 30~40 天，取出浸液，药渣压榨，榨出液澄清后与浸液合并，加蔗糖 850g，搅拌溶解，密闭，静置 15 天以上，滤过，即得
九制香附丸,丸剂,理血调经、行气止痛。用于月经不调，经闭带下，胸闷胀痛、小腹疼痛,"生姜80g, 菜服子(炒)20g, 艾叶20g, 丹参20g, 益智仁20g, 食盐10g, 小茴香(炒)20g, 香附800g, 六神曲80g",取生姜 80g、莱菔子（炒）20g、艾叶 20g、丹参 20g、益智仁 20g、食盐 10g、小茴香（炒）20g 加水煎煮二次，合并煎液，滤过，滤液浓缩至适量，加入香附 800g 浸制，至浸透吸尽，取出烘干，粉碎成细粉，过筛，再取六神曲 80g 煎水，加白酒 40g、米醋 80g 泛丸，干燥，约得 720g，即得
九宝丸,丸剂,解表止嗽，消食化痰。用于小儿肺热宿滞，外感风寒引起：头痛身烧，鼻流清涕，咳嗽痰盛，胸膈不利，呕吐食水，夜卧不安,"麻黄60g, 紫苏叶60g, 葛根60g, 前胡60g, 桔梗60g, 陈皮60g, 枳壳(去瓢麸炒)60g, 枳实60g, 木香30g, 法半夏30g, 六神曲(麸炒)60g, 麦芽60g, 甘草30g",以上十三味，粉碎成细粉，过筛，混匀。每 100g 粉末加炼蜜 145~155g 制成大蜜丸，即得
三七活血丸,丸剂,通络散瘀。用于跌打损伤，骨折初期肿胀严重者,"三七170g, 骨碎补（炒）127.5g, 红花170g, 五灵脂85g, 续断127.5g, 大黄(制)85g, 苏木85g, 木香85g, 蒲黄85g, 没药(制)85g, 赤芍85g, 地龙85g, 当归85g",以上十三味，粉碎成细粉，过筛，混匀，每 100g 粉末加炼蜜 120~140g 制成大蜜丸，即得
三宝胶囊,胶囊剂,填精益肾，养心安神，化瘀生新，益寿延年。用于腰酸腿软，阳痿遗精，头晕眼花，耳鸣耳聋、心悸失眠，食欲不振,"人参20g, 鹿茸20g, 当归40g, 山药60g, 龟甲(醋炙)20g, 砂仁(炒)10g, 山茱萸20g, 灵芝20g, 熟地黄160g, 丹参100g, 五味子20g, 菟丝子(炒)30g, 肉苁蓉30g, 何首乌40g, 菊花20g, 牡丹皮20g, 赤芍20g, 杜仲40g, 麦冬10g, 泽泻20g, 玄参20g",以上二十一味，人参、鹿茸、山药、龟甲、当归、菟丝子和山茱萸等七味粉碎成细粉，其余十四味加水煎煮三次，每次各 1.5 小时，滤过，滤液浓缩成相对密度为 1.20（85℃热测）的清膏，与上述药粉混匀，干燥，粉碎成细粉，装胶囊，即得
三蛇胆川贝糖浆,糖浆剂,清热润肺，化痰止咳。用于痰热咳嗽,"蛇胆汁2g, 川贝母30g, 桑白皮15g, 麻黄15g, 枇杷叶140g, 桔梗12g, 牛白藤90g, 白薇40g, 肿节风100g, 百部30g, 薄荷油0.24g",以上十一味，取川贝母，粉碎成中粉，照流浸膏剂与浸膏剂项下的渗漉法（附录 17 页），用 70% 乙醇作溶剂，浸渍 18 小时后进行渗漉，收集初漉液 20ml 另器保存，继续渗漉，至漉液无生物碱反应为止，收集续漉液，回收乙醇并浓缩至适量，加入初漉液和蛇胆汁，混匀，静置，滤过，从器上加 70% 乙醇，使成 32ml，加入用乙醇适量溶解的薄荷油，混匀，备用；取其余的枇杷叶等八味加水煎煮二次，每次 2 小时，合并煎液，滤过，滤液浓缩至约 400ml，加入枸橼酸 1g 及防腐剂适量，混匀，静置，滤过，备用。另取蔗糖 800g 加水适量煮沸溶解，滤过，放冷，与上述各备用液合并，加水至 2000ml，搅匀，即得
下疳锭,丹剂,解毒，祛湿，止痒。用于肝脾郁结，湿热下注引起：阴门刺痒，溃烂流水，痛痒心烦,"蛇床子150g, 雄黄120g, 青花椒90g, 荆芥穗90g, 枯矾300g, 五倍子90g, 硇砂90g, 樟脑90g",以上八味，雄黄、枯矾、硼砂、樟脑分别研成细粉，其余蛇床子等四味粉碎成细粉，过筛，混匀，与上述雄黄等四味细粉配研，过筛，混匀。每 100g 粉末加炼蜜 50~60g 制成椭圆形锭，即得
大枫子油,搽剂,祛风除湿、润肤止痒，用于血燥风湿，红肿疙瘩，雀斑粉刺，酒渣鼻，风湿癣，热掌风,"大枫子油600g, 硼酸30g, 冰片3g",以上三味，冰片、硼酸分别研成细粉，配研均匀，大枫子油加热，滤过，冷却至适当温度，加入上述冰片等二味细粉，搅匀，即得
山楂化滞丸,丸剂,消食导滞，用于饮食停滞，食少纳呆，大便秘结、脘腹胀满,"山楂(去核炒焦)500g, 麦芽(炒焦)100g, 六神曲(炒焦)100g, 槟榔(炒焦)50g, 莱菔子(清炒)50g, 牵牛子(清炒)50g",以上六味，粉碎成细粉，过筛，混匀，每 100g 粉末加红糖 25g 及炼蜜 90~100g 制成大蜜丸，即得
山楂降压丸,丸剂,降血压，降低胆固醇，用于高血压症，头痛眩晕，耳鸣目胀,"山楂360g, 夏枯草45g, 菊花60g, 小蓟60g, 泽泻(盐制)45g, 决明子(炒)60g",以上六味，除山楂外，其余夏枯草等五味加水煎煮二次，每次 2 小时，合并煎液，滤过，滤液浓缩至稠膏状；山楂粉碎成细粉，与上述稠膏混匀，粉碎成细粉，每 100g 粉末加炼蜜 140~160g 制成大蜜丸，即得
山楂调中丸,丸剂,消食健脾，和胃，用于内积食滞，不思饮食，伤食作泄,"山楂(去核)480g, 山药24g, 白扁豆(土炒)18g, 芡实(麸炒)18g, 薏苡仁(麸炒)18g, 六神曲(麸炒)18g, 麦芽(清炒)18g, 莲子肉(麸炒)18g, 茯苓18g",以上九味，共粉碎成细粉，过筛，混匀，每 100g 粉末加白糖 25g 及炼蜜 90~100g 制成大蜜丸，即得
川贝止嗽合剂,口服液,解表宣肺，止咳化痰。用于外感咳嗽,"紫菀150g, 紫苏叶150g, 川贝母10g, 桔梗150g, 清半夏20g, 甘草50g, 杏仁水40ml, 薄荷水2ml",以上八味，除杏仁水、薄荷水外，其余紫菀等六味加水煎煮二次，第一次 2 小时，第二次 1.5 小时，合并煎液，滤过，滤液浓缩至相对密度为 1.15~1.18（30℃测）的清膏，加入等量的乙醇，待沉淀完全，滤过，滤液回收乙醇，减压浓缩至相对密度为 1.12~1.14（30℃），再加入等重量的水，待沉淀完全，滤过，滤液减压浓缩至相对密度为 1.14~1.16（30℃），另取蔗糖 150g，加水 150ml 加热溶解，煮沸，滤过，与药液合并，加防腐剂适量，加水至适量，滤过，100℃加热 30 分钟，放冷，加入杏仁水、薄荷水后，再加水至 1000ml，混匀，即得
广羚散,散剂,清热解毒，镇惊息风，用于小儿高热惊风，神昏抽搐,"胆南星100g, 黄连100g, 栀子100g, 黄芩100g, 天竺黄60g, 天麻60g, 全蝎60g, 钩藤60g, 琥珀60g, 雄黄40g, 朱砂20g, 牛黄20g, 羚羊角10g, 广角10g, 冰片20g, 麝香2g",以上十六味，除牛黄、麝香、冰片、朱砂、雄黄分别水飞或粉碎成极细粉；广角、羚羊角研成细粉；其余连翘等九味粉碎成细粉；将牛黄、麝香、冰片研细，与上述粉末配研，过筛，混匀，即得
小儿四症丸,丸剂,健脾消导，止泻。用于小儿麦秋泄泻，呕吐腹痛，身热尿少,"紫苏叶60g, 广藿香40g, 白术(麸炒)40g, 茯苓40g, 苍术40g, 麦芽(炒)40g, 陈皮40g, 法半夏30g, 厚朴(姜制)40g, 泽泻30g, 天花粉30g, 六神曲(麸炒)30g, 猪苓30g, 山楂30g, 白芷20g, 砂仁20g, 桔梗20g, 滑石20g, 琥珀20g, 朱砂20g, 木香8g",以上二十一味，朱砂水飞或粉碎成极细粉，紫苏叶等二十味粉碎成细粉，与上述朱砂粉末配研，过筛，混匀，每 100g 粉末加炼蜜 125~145g 制成大蜜丸，即得
小儿肝炎冲剂,颗粒剂,清肝热，利水，止痛。用于小儿肝炎，肝区痛，腹胀身烧、恶心呕吐，食欲减退，身体倦懒或黄疸型肝炎,"茵陈120g, 栀子(姜炙)30g, 黄芩60g, 黄柏60g, 山楂(炒焦)90g, 大豆黄卷90g, 郁金15g, 通草30g",以上八味，栀子、黄芩、黄柏三味粉碎成细粉，其余茵陈等五味加水煎煮二次，合并煎液，滤过，浓缩至相对密度为 1.30~1.35（50℃）的清膏，取清膏 1 份，加蔗糖 3 份、糊精 1 份及上述细粉混匀，制成颗粒，干燥，即得
小儿抽风散,散剂,清热祛风，镇惊安神。用于小儿惊风，四肢抽搐，口眼歪斜,"蜈蚣15g, 全蝎60g, 蝉蜕60g, 僵蚕(麸炒)60g, 半夏(制)60g, 天南星(制)60g, 厚朴(姜制)36g, 橘红60g, 枳壳(麸炒)60g, 川芎30g, 朱砂15g, 土鳖虫60g, 钩藤30g, 薄荷30g",以上十四味，朱砂水飞或粉碎成极细粉，其余蜈蚣等十三味共粉碎成细粉，与朱砂配研，过筛，混匀，即得
小儿肺炎散,散剂,清热解毒，清火祛痰，止咳定喘。用于小儿肺热咳嗽，喘息痰盛,"朱砂117g, 牛黄34g, 冰片28g, 生石膏350g, 天麻22g, 川贝母350g, 黄连224g, 法半夏350g, 胆南星112g, 桑白皮350g, 甘草112g",以上十一味，除牛黄、冰片外，朱砂水飞或粉碎成细粉，其余天麻等八味粉碎成细粉；将牛黄、冰片研细，与上述粉末配研，过筛，混匀，即得
小儿健脾散,散剂,益气健脾，和胃运中，用于脾胃虚弱，脘腹胀满，呕吐泄泻，不思饮食,"党参400g, 石莲子4g, 木香40g, 广藿香40g, 茯苓60g, 黄芪40g, 白扁豆(炒)40g, 六神曲80g, 白芷40g, 甘草(蜜炙)40g",以上十味，粉碎成细粉，过筛，混匀，即得
小儿清肺止咳片,片剂,清热解表，止咳化痰，用于内热肺火，外感风热引起的身热咳嗽，气促痰多，烦躁口渴，大便干燥,"紫苏叶15g, 菊花30g, 葛根45g, 川贝母45g, 苦杏仁(去皮炒)45g, 枇杷叶60g, 紫苏子(炒)15g, 桑白皮(蜜炙)45g, 前胡45g, 射干30g, 栀子(姜炙)45g, 黄芩45g, 知母45g, 板蓝根45g, 牛黄15g, 冰片8g",以上十六味，川贝母、射干、黄芩粉碎成细粉，牛黄与冰片分别研细；桑白皮、葛根、板蓝根、栀子、紫苏子、知母、前胡、枇杷叶加水煎煮三次，第一次 3 小时，第二次 1 小时，第三次 30 分钟，合并煎液，滤过；紫苏叶、菊花加水热浸三次，第一次 2 小时，第二次 1 小时，第三次 30 分钟，合并浸出液，滤过；苦杏仁用 80% 乙醇加热回流二次，第一次 3 小时，第二次 2 小时，合并提取液，滤过，回收乙醇，至相对密度为 1.15~1.20（50℃）；将上述三种药液合并，减压浓缩至相对密度为 1.35~1.40（50℃）的稠膏，加入川贝母等三味细粉，混匀，干燥，粉碎，加入牛黄细粉混匀，制粒，干燥，加入冰片细粉及辅料适量，混匀，压制成 1000 片，即得
卫生散,散剂,辟秽、清热解毒，解痉镇静，用于高热神昏、项强抽搐；中风痰壅引起的牙关紧闭，痰涎壅盛；小儿惊风，急性胃肠炎、吐泻、痈疽、疔疮等症,"琥珀25g, 天竺黄30g, 钩藤30g, 毛慈姑50g, 朱砂25g, 僵蚕(炒)25g, 红参25g, 千金子霜25g, 重楼75g, 牛黄15g, 大戟100g, 五倍子100g, 雄黄25g, 麝香12g, 珍珠25g",以上十五味，雄黄、珍珠、朱砂分别水飞或粉碎成极细粉，琥珀、牛黄、千金子霜、麝香分别研成极细粉，其余红参等八味粉碎成最细粉，与上述粉末配研，过筛，混匀，即得
飞龙夺命丸,丸剂,活血败毒，消肿止痛。用于血瘀化腐成毒引起：痈疽疔毒，脑疽对口，搭背恶疮，乳痈乳癌，溃烂不愈,"乳香(醋炙)180g, 没药(醋炙)180g, 血竭30g, 蜈蚣3g, 铜绿60g, 胆矾30g, 寒水石(煅)30g, 蜗牛(煅)12g, 轻粉30g, 雄黄60g, 麝香15g, 蟾酥(乳炙)60g, 冰片15g, 朱砂24g",以上十四味，雄黄、朱砂分别水飞或粉碎成极细粉，轻粉、麝香、蟾酥、冰片分别研成细粉；其余乳香等八味粉碎成细粉，过筛，混匀，与上述轻粉等六味细粉配研，过筛，混匀，用水泛丸，干燥，每 1000g 丸药用朱砂粉 50g 包衣，打光，即得
马钱子散,散剂,祛风湿，通经络。用于因风、寒、湿引起的臂痛腰痛，周身疼痛及肢体萎缩,"马钱子(沙烫)适量（含士的宁8.0g）, 地龙（去土焙黄）93.5g",以上二味，将制马钱子、地龙分别粉碎成细粉，配研，过筛，即得
天麻胶囊,胶囊剂,祛风除湿，舒筋通络，活血止痛，用于肢体拘挛、手足麻木，腰腿酸痛,"天麻60g, 羌活100g, 独活50g, 杜仲(盐炒)70g, 牛膝60g, 粉萆薢60g, 附子(制)10g, 当归100g, 地黄160g, 玄参60g",以上十味，羌活的半量、天麻、附子粉碎成细粉，过筛；剩余的羌活、独活、当归提取挥发油，药渣与其余五味加水煎煮二次，第一次 3 小时，第二次 2 小时，合并煎液，滤过，滤液浓缩成膏，加上述药粉，混匀，干燥，粉碎，制粒，干燥，喷入羌活等挥发油，混匀，装入胶囊，制成 1066 粒，即得
开光复明丸,丸剂,清热散风，退翳明目。用于肝胆热盛引起：暴发火眼，红肿痛痒，眼睑赤烂，云翳气蒙，羞明多眵,"栀子(姜炙)60g, 黄芩60g, 黄连120g, 黄柏60g, 大黄60g, 龙胆30g, 蒺藜(去刺盐炒)60g, 菊花60g, 防风30g, 石决明60g, 玄参30g, 红花30g, 当归尾36g, 赤芍36g, 地黄36g, 泽泻30g, 羚羊角粉3g, 冰片15g",以上十八味，除羚羊角粉外，冰片研成细粉；其余栀子等十六味粉碎成细粉，过筛，混匀，与上述羚羊角等二味细粉配研，过筛，混匀。每 100g 粉末加炼蜜 130~140g 制成大蜜丸，即得
开胃山楂丸,丸剂,健脾胃、助消化。用于饮食积滞、脘腹胀满，食后疼痛、消化不良,"山楂600g, 六神曲(炒)100g, 槟榔50g, 山药50g, 白扁豆(炒)50g, 鸡内金(炒)50g, 枳壳(麸炒)50g, 麦芽(炒)50g, 砂仁25g",以上九味，粉碎成细粉，过筛，混匀，每 100g 粉末加炼蜜 130~150g 制成大蜜丸，即得
木香分气丸,丸剂,宽胸消胀止呕。用于肝郁气滞，脾胃不和引起：胸膈痞闷，两胁胀满，胃脘疼痛，倒饱嘈杂，呕吐恶心，嗳气吞酸，气走旁络（岔气疼痛）,"木香192g, 砂仁48g, 丁香48g, 檀香48g, 香附(醋炙)384g, 广藿香48g, 陈皮192g, 厚朴(姜炙)384g, 枳实192g, 豆蔻48g, 莪术(醋炙)384g, 山楂(炒)192g, 白术(麸炒)192g, 甘松192g, 槟榔96g, 甘草192g",以上十六味，粉碎成细粉，过筛，混匀，用水泛丸，干燥，即得
长春红药片,片剂,活血化瘀，消肿止痛。用于跌打损伤、瘀血作痛,"三七1212g, 草乌1212g, 制川乌1212g, 莲子心1212g, 当归202g, 骨碎补(烫)404g, 石菖蒲81g, 蒲公英606g, 小蓟67g, 乳香(炒)202g, 没药(炒)202g, 仙鹤草606g, 冰片242g, 红花404g, 菊花404g, 栀子404g, 重楼135g, 朱砂121g, 延胡索(醋制)202g",以上十九味，朱砂水飞或粉碎成极细粉；冰片研成细粉；制川乌、三七、乳香、没药、当归、地龙粉碎成细粉，与朱砂粉末配研，过筛，混匀。其余栀子等十二味加水煎煮二次，每次 2 小时，合并煎液，滤过，浓缩成膏，与上述粉末（除冰片）混合，干燥，粉碎，加辅料适量，混匀，制成颗粒，干燥，加入冰片，混匀，压制成 10000 片，包糖衣，即得
五子衍宗片,片剂,补肾益精，用于肾虚腰痛，尿后余沥，遗精早泄，阳痿不育,"五味子(蒸)100g, 覆盆子25g, 车前子(盐水炙)100g, 菟丝子(炒)200g, 枸杞子200g",以上五味，取菟丝子 107g，粉碎成细粉，过筛。其余菟丝子与覆盆子加水煎煮二次，每次 2 小时，合并煎液，滤过；取五味子、车前子、枸杞子照流浸膏剂与浸膏剂项下的渗漉法（附录 17 页），用 70% 乙醇作溶剂，进行渗漉，收集漉液，回收乙醇，加入上述滤液，减压浓缩成膏，加入菟丝子细粉及辅料，混匀，制成颗粒，干燥，压制成 730 片，包糖衣，即得
五更太平丸,丸剂,清热养阴，润肺止咳。用于肺热痰喘，痨嗽久咳,"天冬80g, 麦冬80g, 知母80g, 川贝母80g, 款冬花(蜜炙)80g, 苦杏仁(炒)80g, 当归60g, 黄连60g, 阿胶(蛤粉烫)60g, 地黄30g, 熟地黄30g, 蒲黄40g, 京墨40g, 桔梗40g, 薄荷40g",以上十五味，熟地黄烘干，与天冬等十四味粉碎成细粉，过筛，混匀，每 100g 粉末加炼蜜 70~90g 制成大蜜丸，即得
五香丸,丸剂,消积化痞，宽胸止痛。用于气郁结滞，宿食停水引起：胸胁胀满，胃寒腹痛，嗳气嘈杂，积聚痞块，大便不畅,"香附(醋炙)480g, 丁香30g, 木香30g, 五灵脂(醋炙)240g, 牵牛子(炒)60g",以上五味，粉碎成细粉，过筛，混匀，用水泛丸，干燥，即得
止血定痛片,片剂,散瘀，止血，止痛，用于十二指肠溃疡疼痛，出血，胃酸过多,"三七258g, 花蕊石(煅)258g, 海螵蛸172g, 甘草172g",以上四味，粉碎成细粉，加辅料适量，制成颗粒，压片，即得
止咳定喘丸,丸剂,清热宣肺，止咳平喘，用于咳嗽气喘，久咳不止,"苦杏仁(炒)60g, 麻黄60g, 石膏60g, 紫苏子(炒)60g, 厚朴(制)60g, 陈皮60g, 甘草60g, 罂粟壳(蜜炙)60g, 茶叶200g",以上九味，粉碎成细粉，过筛，混匀。每 100g 粉末加炼蜜 110~120g 制成大蜜丸，即得
止痫散,散剂,镇惊安神，清热化痰，平肝熄风，用于各种类型癫痫,"寒水石100g, 紫石英100g, 赤石脂100g, 白石脂100g, 石膏100g, 龙骨100g, 牡蛎100g, 赭石100g, 钩藤100g, 桂枝100g, 大黄100g, 干姜50g, 滑石100g, 甘草100g",以上十四味，粉碎成细粉，过筛，混匀，即得
中满分消丸,丸剂,健脾行气，利湿清热，用于脾虚气滞，湿热郁结引起：宿食蓄水，脘腹胀痛、烦热口苦，倒饱嘈杂，二便不利,"党参24g, 白术(麸炒)24g, 茯苓96g, 甘草24g, 陈皮96g, 半夏(制)24g, 砂仁24g, 枳实96g, 厚朴(姜炙)48g, 猪苓96g, 泽泻24g, 黄芩96g, 黄连12g, 知母48g, 姜黄96g",以上十五味，粉碎成细粉，过筛，混匀，用水泛丸，干燥，即得
牛黄至宝丸,丸剂,清热解毒、泻火通便，用于胃肠积热引起：头痛眩晕，目赤耳鸣，口燥咽干，大便燥结,"连翘120g, 栀子120g, 大黄60g, 芒硝60g, 石膏60g, 青蒿60g, 陈皮60g, 木香45g, 广藿香75g, 牛黄5g, 冰片10g, 雄黄15g",以上十二味，雄黄水飞或粉碎成极细粉，牛黄、冰片分别研细，其余连翘等九味粉碎成细粉，与上述雄黄等三味细粉配研，过筛，混匀。每 100g 粉末加炼蜜 145~150g 制成大蜜丸，即得
牛黄消炎丸,丸剂,清热解毒，消肿止痛。用于咽喉肿痛、疔、痈、疮疖,"牛黄50g, 珍珠母100g, 蟾酥30g, 青黛40g, 天花粉100g, 大黄100g, 雄黄100g",以上七味，雄黄、珍珠母分别水飞或粉碎成极细粉；大黄、天花粉粉碎成细粉；将牛黄研细，与雄黄、珍珠母及大黄等粉末配研，过筛；蟾酥加白酒研成糊状，与上述粉末混匀，干燥，研细，过筛。用白酒泛丸至一半时，加入研细的青黛泛至成丸，另取百草霜粉末适量包衣，打光，晒干或低温干燥，即得
风火眼药,洗剂,清热解毒，退翳明目，用于暴发火眼，翳膜遮睛，沙眼等症,"炉甘石(煅)800g, 黄连40g, 硼砂(煅)16g, 琥珀30g, 珍珠3g, 牛黄3g, 冰片300g, 熊胆3g, 麝香2g",以上九味，炉甘石水飞或粉碎成极细粉，其余黄连等八味分别粉碎成极细粉，配研，过筛，混匀，即得
风湿片,片剂,祛风除湿，用于风湿性关节炎，腰腿疼痛,"威灵仙250g, 豨莶草250g, 桑寄生200g, 苍术200g, 马钱子(制)15g",以上五味，取苍术 80g 粉碎成细粉，过筛，其余苍术提取挥发油后，药渣加水煎煮一次，滤过；威灵仙、豨莶草、桑寄生加水煎煮二次，每次 3 小时，滤过，合并以上各药液，浓缩成膏，加入马钱子膏、苍术细粉及辅料，混匀，制成颗粒，干燥，再喷加苍术挥发油，混匀，压制成 1000 片，包糖衣，即得
风湿关节炎丸,丸剂,祛风燥湿，活血止痛，用于风痹痛、腰腿疼痛、风湿关节炎等症,"马钱子(调制粉)160g, 麻黄160g, 当归32g, 苍术20g, 续断20g, 桃仁20g, 红花20g, 乳香(制)14g, 没药(制)14g, 千年健14g, 地枫皮14g, 羌活14g, 地龙14g, 桂枝14g, 穿山甲(制)14g, 木瓜14g, 牛膝14g",以上十七味，除马钱子调制粉外，麻黄等十六味粉碎成细粉，取上述混合粉末与马钱子调制粉配研，混匀，过筛。每 100g 粉末加炼蜜 135~145g 制成大蜜丸，即得
风湿关节炎片,片剂,祛风燥湿，活血止痛，用于风湿痹痛，腰腿疼痛，风湿性关节炎等症,"马钱子(调制粉)160g, 麻黄160g, 当归32g, 苍术20g, 续断20g, 桃仁20g, 红花20g, 乳香(制)14g, 没药(制)14g, 千年健14g, 地枫皮14g, 羌活14g, 地龙14g, 桂枝14g, 穿山甲(制)14g, 木瓜14g, 牛膝14g",以上十七味，除马钱子调制粉外，麻黄等十六味粉碎成细粉，过筛，将马钱子（调制粉）与上述粉末配研，加辅料混匀，制成颗粒，干燥，压制成 2860 片，包糖衣，即得
风湿灵片,片剂,祛风散寒，舒筋活络。用于风寒湿痹，关节疼痛、手足麻木，腰腿酸痛,"制川乌68g, 制草乌102g, 防己136g, 防风68g, 续断68g, 牛膝68g, 桂枝68g, 威灵仙68g, 老鹳草136g",以上九味，加水煎煮二次，第一次 3 小时，第二次 2 小时，合并煎液，滤过，滤液浓缩成稠膏，加淀粉适量，混匀，制成颗粒，干燥，压制成 1000 片，包糖衣，即得
风湿药酒料,酒剂,舒筋活血，祛湿散寒。用于四肢麻木，周身疼痛,"当归100g, 红花100g, 桔梗100g, 独活100g, 牛膝100g, 甘草100g, 茜草200g, 老鹳草200g, 制川乌100g, 制草乌100g",以上十味，粉碎成粗粉，混匀，即得
风湿镇痛丸,丸剂,祛风除湿，散寒止痛。用于风寒邪所致四肢麻木、疼痛,"马钱子(调制粉)200g, 麻黄200g, 黄芪50g, 木瓜40g, 秦艽30g, 伸筋草30g, 杜仲(炒)30g, 铁丝威灵仙30g, 海风藤30g, 当归30g, 鸡血藤30g, 地枫皮20g, 乳香(醋制)20g, 没药(醋制)20g, 忍冬藤20g, 牛膝20g, 千年健20g, 自然铜(醋煅)15g, 防风15g, 桂枝15g, 羌活15g, 甘草15g",以上二十三味，麻黄、自然铜、杜仲、乳香、没药粉碎成细粉，与马钱子粉混匀，过筛；当归用 70% 乙醇提取，提取液回收乙醇浓缩至相对密度为 1.30 的稠膏（50℃热测）；黄芪等十六味加水煎煮二次，合并煎液，滤过，滤液浓缩至相对密度为 1.30 的稠膏（50℃），与上述稠膏合并，搅匀，将麻黄等粉末加入膏内，搅拌，制成大颗粒，干燥，粉碎成细粉，过筛，混匀，用水泛丸，干燥，即得
引阳索,颗粒剂,补肾壮阳，生津。用于阳痿早泄，腰膝酸软，津亏自汗，头目眩晕等症,"淫羊藿浸膏100g, 五味子浸膏50g",将淫羊藿浸膏与五味子浸膏混合，用 50% 乙醇适量稀释，充分混合后，加入糖粉内，混匀，制粒，干燥，制成 1000g，即得
可利肝冲剂,颗粒剂,理气化瘀，柔肝通络，用于慢性肝炎,"穿山甲(烫)150g, 泽兰200g, 白薇150g, 枳实200g, 五味子200g, 北豆根250g",以上六味，取经 60℃干燥的五味子，粉碎，用乙醇回流提取 12 小时，滤过；另取北豆根、白薇、枳实、泽兰，加水煎煮二次，每次 30 分钟，合并煎液，趁热滤过，滤液浓缩至相对密度为 1.16，放冷，加乙醇 4000g，混匀，静置 24 小时，滤过，滤液与五味子提取液合并，回收乙醇，浓缩至相对密度为 1.12，加经粉碎的穿山甲细粉及淀粉、蔗糖适量，混匀，制粒，干燥，制成 2500g，即得
龙脑安神丸,丸剂,清热解毒，镇惊开窍，用于高热惊风，中风昏迷，狂症,"人参40g, 麦冬40g, 胆南星40g, 地骨皮40g, 甘草40g, 郁金60g, 钩藤60g, 全蝎40g, 茯苓60g, 桑白皮20g, 朱砂4g, 牛黄10g, 广角20g, 麝香2g, 芒硝4g, 冰片6g",以上十六味，除牛黄、麝香、芒硝、冰片外，朱砂水飞或粉碎成极细粉；广角研成细粉；其余人参等十味粉碎成细粉；将牛黄、麝香、芒硝、冰片研细，与上述粉末配研，过筛，混匀。每 100g 粉末加炼蜜 90~100g 制成大蜜丸，即得
四红丹,丹剂,清热止血。用于吐血、衄血、便血、妇女崩漏下血,"当归160g, 大黄160g, 地榆(炭)160g, 槐花(炭)160g, 当归(炭)100g, 大黄(炭)100g",以上六味，粉碎成细粉，过筛，混匀。每 100g 粉末加炼蜜 140~160g 制成大蜜丸，即得
仙灵脾酒,酒剂,补肾阳，强筋骨，祛风湿。用于阳痿，腰膝痿弱，四肢麻痹，神疲健忘,淫羊藿2000g,取淫羊藿 2000g，切碎，照流浸膏剂与浸膏剂项下的渗漉法（附录 17 页），以白酒作溶剂，浸渍 72 小时，以每分钟 3~5ml 的速度渗漉，至渗漉液无色，加白酒至 10000ml，即得
冬凌草片,片剂,清热消肿，用于急慢性扁桃体炎、咽炎、喉炎、口腔炎，试用于抗癌,冬凌草3000g,取冬凌草 3000g，粉碎成粗粉，置罐内加入乙醇 10 倍量，加热加压（0.15mPa），提取 16 小时，收集提取液，回收乙醇至稠膏状，烘干，加入淀粉适量，制成颗粒，加润滑剂适量，混匀，压制成 1000 片，包衣，即得
生乳汁,口服液,补气养血，滋阴通乳。用于产后阴血亏虚，乳汁稀薄，短少,"当归35g, 地黄25g, 黄芪(蜜炙)5g, 党参5g, 玄参25g, 麦冬5g, 穿山甲(制)15g, 知母10g",以上八味，加水煎煮二次，每次 4 小时，合并煎液，滤过，静置，取上清液浓缩至适量，加入红糖粉 250g 和苯甲酸钠 3g，溶解后，制成 1000ml，滤过，即得
白花蛇膏,膏剂,祛风寒，活血止痛。用于筋骨麻木，腰腿臂痛，跌打损伤，闪腰岔气，腹内积聚，受寒腹痛,"方（一）麻黄210g, 生马钱子300g, 细辛45g, 生川乌45g, 当归150g, 黄芪120g, 甘草120g, 艾叶300g, 鳖甲240g, 白花蛇90g, 地龙15g, 血余30g, 威灵仙60g, 穿山甲60g, 蓖麻子60g, 生草乌60g, 干蟾15g, 生姜120g, 大葱180g, 巴豆45g, 乌梢蛇120g；方（二）冰片17g, 硇砂8g, 生白附子16g, 生天南星8g, 人参10g, 羌活8g, 肉桂10g, 乳香18g, 没药18g, 防风6g, 天麻8g, 母丁香8g, 桂枝8g, 附子18g, 白芥子10g, 川芎8g, 白芷8g",以上三十四味，方（一）二十一味（白花蛇等）酌予碎断，与食用植物油 7200g 同置锅内，炸枯，去渣，滤过，炼至滴水成珠，另取红丹 2320g 加入油内搅匀，收膏，将膏浸泡于水中；方（二）十三味（冰片等），除冰片研细外，其余人参等十二味粉碎成细粉，过筛，混匀。用时取方（一）膏置锅中文火熔化，放冷至 70~80℃时，加入方（二）细粉，微凉，再加入冰片粉，搅匀，分摊于布上，即得
宁神定志丸,丸剂,益气安神，交通心肾，明目，用于神志不宁，惊悸健忘，失眠、倦怠、视力减退,"党参300g, 茯苓300g, 远志200g, 石菖蒲200g",以上四味，粉碎成细粉，过筛，混匀，每 100g 粉末加炼蜜 35~45g 与水适量，泛丸，另取水飞后的朱砂 2g 包衣，低温干燥，即得
加味左金丸,丸剂,平肝降逆，疏郁止痛，用于肝胃不和引起：胸脘痞闷，急躁易怒，嗳气吞酸，胃痛少食,"黄连(姜炙)36g, 吴茱萸(甘草炙)36g, 黄芩18g, 柴胡36g, 木香18g, 香附(醋炙)72g, 郁金36g, 白芍54g, 青皮(醋炙)54g, 枳壳(去瓤麸炒)54g, 陈皮54g, 延胡索(醋炙)54g, 当归54g, 甘草18g",以上十四味，粉碎成细粉，过筛，混匀，用水泛丸，干燥，即得
耳炎药膏,膏剂,消炎、止痛，用于外耳道炎，耳部湿疹,"猪胆膏50g, 盐酸小檗碱1g, 冰片5g, 樟脑1.5g, 枯矾50g",以上五味，将枯矾、盐酸小檗碱分别粉碎成细粉，过筛，樟脑及冰片加入液体石蜡 25g 共研溶化；药用凡士林 150g 加热熔化，滤过，冷却至适当温度，缓缓加入上述溶化液，搅匀，再加入枯矾、盐酸小檗碱、猪胆膏，搅匀，即得
百咳宁片,片剂,清热化痰，止咳定喘。用于小儿百日咳,"白果(去壳)120g, 青黛60g, 平贝母60g",以上三味，白果仁、平贝母粉碎成粗粉，照酊剂项下的浸渍法（附录 17 页），用 70% 乙醇浸渍三次，合并浸出液，回收乙醇，浓缩成膏，干燥，粉碎，过筛；将上述浸膏粉、青黛和辅料适量，混匀，过筛，制成颗粒，压制成 1000 片，包糖衣，即得
百梅止咳冲剂,颗粒剂,祛痰止咳。用于伤风咳嗽，急、慢性支气管炎,"百部60g, 岗梅150g, 东风桔150g, 陈皮30g, 枇杷叶80g, 桑白皮150g, 甘草50g, 薄荷油0.2ml, 氯化铵20g",以上九味，除薄荷油、氯化铵外，陈皮蒸馏收集挥发油；药渣与其余百部等六味加水煎煮二次，第一次 2 小时，第二次 1 小时，合并煎液，滤过，滤液浓缩至适量，加入氯化铵和蔗糖粉适量，混匀，制成干颗粒 1000g，将薄荷油与陈皮挥发油喷入颗粒，混匀，即得
当归丸,丸剂,活血补血，调经止痛。用于月经不调，经来腹痛,"当归150g, 黄芪(蜜炙)500g",以上二味，粉碎成细粉，过筛，混匀，每 100g 粉末加炼蜜 95~105g 制成大蜜丸，即得
当归苦参丸,丸剂,凉血，祛湿，用于血燥湿热引起：头面生疮、粉刺疙瘩，湿疹刺痒，酒精鼻赤,"当归500g, 苦参500g",以上二味，粉碎成细粉，过筛，混匀，每 100g 粉末加炼蜜 120~130g 制成大蜜丸，即得
壮腰健肾丸,丸剂,壮腰健肾，祛风活络。用于肾亏腰痛，风湿骨痛、膝软无力，神经衰弱，小便频数、遗精梦泄,"狗脊(制)205g, 金樱子60g, 黑老虎根115g, 桑寄生(蒸)58g, 鸡血藤115g, 千斤拔31g, 牛大力71g, 菟丝子6g, 女贞子6g",以上九味，取狗脊 100g，黑老虎根皮、牛大力、菟丝子、女贞子粉碎成细粉；剩余狗脊、黑老虎根木质部及其余鸡血藤等四味加水煎煮二次，第一次 4 小时，第二次 2 小时，合并煎液，滤过，滤液浓缩成稠膏，加入上述粉末，混匀，干燥，研细，过筛，混匀。每 100g 粉末加炼蜜 80~100g 制成大蜜丸，即得
伤疖膏,膏剂,清热、解毒、消肿、镇痛，用于各种疖痈脓肿，乳腺炎、静脉炎及其他皮肤创伤,"黄芩300g, 连翘200g, 生天南星100g, 白芷100g, 冰片120g, 薄荷脑60g, 水杨酸甲酯30g",以上七味，除冰片、薄荷脑、水杨酸甲酯外，其余黄芩等四味粉碎成最粗粉，用 90% 乙醇提取，提取液回收乙醇，浓缩成膏；基质按橡胶膏剂项下（附录 18 页）第一法制备，加入上述浸膏、冰片、薄荷脑、水杨酸甲酯，充分搅拌，制成涂料，进行涂膏、切段、盖衬，切成小块，即得
伤科跌打丸,丸剂,活血散瘀，消肿止痛，用于跌打损伤，伤筋动骨，瘀血肿痛，闪腰岔气,"大黄(酒炒)280g, 白芍(酒炒)140g, 地黄210g, 当归140g, 制川乌140g, 香附(醋制)140g, 蒲黄140g, 三棱(醋制)140g, 防风140g, 红花140g, 莪术(醋制)140g, 续断140g, 郁金140g, 五灵脂(醋制)140g, 乌药105g, 牡丹皮140g, 柴胡105g, 三七140g, 木香70g, 枳壳70g, 青皮70g, 延胡索(醋制)35g",以上二十二味，粉碎成细粉，过筛，混匀，每 100g 粉末加炼蜜 130~150g 制成大蜜丸，即得
舟车丸,丸剂,行气利水。用于蓄水腹胀，四肢浮肿，胸腹胀满，停饮喘急、大便秘结，小便短少,"牵牛子(炒)400g, 大黄200g, 甘遂(醋制)100g, 红大戟(醋制)100g, 芫花(醋制)100g, 青皮(醋制)100g, 陈皮100g, 木香50g, 轻粉10g",以上九味，轻粉粉碎成极细粉，牵牛子等八味粉碎成细粉，与上述轻粉粉末配研，过筛，混匀，用水泛丸，干燥，即得
安阳虎骨药酒,酒剂,祛风除湿，活血止痛、强筋壮骨，用于半身不遂，左瘫右痪，周身麻木，腰腿疼痛，肢体拘挛，跌打损伤、风湿诸疼,"制川乌750g, 桑枝375g, 五加皮375g, 威灵仙187.5g, 虎骨(沙烫)375g, 独活281g, 佛手281g, 木瓜375g, 法半夏187.5g, 川芎375g, 甘草187.5g, 杜仲(炒炭)187.5g, 白芷187.5g, 细辛375g, 补骨脂(盐炙)187.5g, 青皮187.5g, 砂仁281g, 八角茴香94g, 枳壳(麸炒)281g, 黄芪281g, 羌活187.5g, 防风187.5g, 红花562.5g, 苍术187.5g, 桔梗281g, 白术(土炒)187.5g, 千年健375g, 鹿茸94g, 桂枝94g, 没药(炙)375g, 茜草187.5g, 山奈375g, 荆芥94g, 木香375g, 制草乌750g, 桃仁(炒)187.5g, 人参281g, 地枫皮281g, 乳香(炙)375g, 天麻94g, 菟丝子(蒸)187.5g, 当归375g, 枸杞子375g, 续断281g, 蚕砂187.5g, 熟地黄750g, 泽泻281g, 地龙187.5g, 秦艽281g, 草果(炒)281g, 花椒281g, 油松节187.5g, 肉桂187.5g, 川牛膝375g",以上五十四味，人参、鹿茸、虎骨、乳香、没药分别粉碎成细粉，用白酒浸泡至药液无色为止；其余补骨脂等四十九味粉碎成粗粉，浸泡三个月。以上共用白酒 150000ml，浸液分别滤过，压榨残渣，合并滤液，两液混合。另取冰糖 1500g 加以炼制，将炼好的冰糖溶液加入混合液中，搅拌，静置，取澄清液，即得
安阳精制膏,膏剂,消积化块，逐瘀止痛，舒筋活血，追风散寒。用于男子气块，妇女血块，腹内积聚、风寒湿痹、腰腿、筋骨、胳背、关节、胃寒诸痛及手足麻木等症,"生川乌24g, 生草乌24g, 乌药24g, 白芨24g, 白芷24g, 白及24g, 木鳖子24g, 关木通24g, 木瓜24g, 三棱24g, 莪术24g, 当归24g, 赤芍24g, 肉桂24g, 大黄48g, 连翘48g, 血竭10g, 阿魏10g, 乳香6g, 没药6g, 儿茶6g",以上二十一味，血竭、阿魏、乳香、没药、儿茶粉碎成粗粉，用 90% 乙醇 1.5 倍量浸渍提取至尽，取上清液备用；其余植物性药料用水煎煮，浓缩成浸膏；取橡胶 256g，轧成网状，用溶剂汽油 800g 浸泡，充分搅拌使溶解，依次加入熔融的松香 288g、氧化锌 336g、凡士林 112g、液体石蜡 8g，制成基质；再将醇溶液和浸膏与基质混匀，制成涂料涂于布上，切条盖衬，切片，即得
安神补脑液,口服液,生精补髓，增强脑力。用于神经衰弱，失眠，健忘，头痛,"鹿茸30g, 制何首乌625g, 淫羊藿500g, 干姜125g, 甘草62.5g, 大枣125g, 维生素B1 5g",以上七味，干姜提取挥发油，药渣与制何首乌、淫羊藿、大枣、甘草加水煎煮三次，第一次 2 小时，第二、三次各 1 小时，合并煎液，滤过，滤液浓缩至流浸膏状，加乙醇除沉淀，滤过，滤液备用；将鹿茸加水煎煮五次，时间依次为 4、4、3、3、2 小时，分次滤过，合并滤液浓缩至原生药的 1/2，加蜂蜡，静置至蜡层完全凝固后，除去蜡层，抽滤至澄明，加 80% 乙醇，室温静置 48 小时，滤过，滤液回收乙醇，浓缩至适量，加乙醇，室温放置 24 小时，滤过，滤液回收乙醇，加水和乙醇调节浓度至 10%（含醇量 20~30%）；将上述药液、鹿茸提取液及单糖浆 5294ml 混匀，加入干姜挥发油、维生素 B₁、苯甲酸 20g，搅拌均匀，静置澄清，滤过，加水至 10000ml，即得
关节止痛膏,膏剂,活血，消炎，镇痛，对局部血管有扩张作用。用于风湿性关节痛，关节扭伤及寒湿引起的其他疼痛,"辣椒流浸膏200g, 颠茄流浸膏120g, 薄荷油40g, 水杨酸甲酯80g, 樟脑200g, 碘28g, 碘化钾16g, 盐酸苯海拉明13g",以上八味，按处方量称取各药，混匀；另加由橡胶 680g、氧化锌 760g、松香 640g、凡士林 240g、羊毛脂 80g 制成的基质，制成涂料，进行涂膏、切条、盖衬、切片，即得
羊痫疯丸,丸剂,熄风止惊，清心安神。用于癫痫,"白矾300g, 郁金120g, 金礞石(煅)300g, 全蝎600g, 黄连300g, 乌梅240g",以上六味，除乌梅外，其余白矾等五味粉碎成细粉，过筛，混匀；乌梅加水煎煮，滤过，用滤液泛丸，干燥。每 1000g 丸药用生赭石粉 125g 包衣，打光，干燥，即得
妇科乌金丸,丸剂,活血祛瘀，行气止痛，用于血瘀经闭、腹痛烦躁,"香附(醋制)80g, 蚕茧(炭)40g, 当归60g, 肉桂10g, 没药(醋制)10g, 红花60g, 益母草40g, 五灵脂(醋制)20g, 大黄80g, 乳香(醋制)10g, 苏木60g, 乌药20g, 木香10g, 莪术(醋制)20g, 桃仁20g, 黑豆480g, 延胡索(醋制)20g",以上十七味，除黑豆、红花、苏木外，其余香附等十四味粉碎成细粉，过筛，混匀；将黑豆、苏木加水煎煮 2 小时，滤过；红花用 8 倍量黄酒煎煮 30 分钟，滤过；合并以上滤液，浓缩后与药粉混匀，烘干，粉碎成细粉。每 100g 粉末加炼蜜 120~130g 制成大蜜丸，即得
苁蓉补肾丸,丸剂,补肾壮阳，用于肾虚腰痛，阳痿遗精,"肉苁蓉500g, 锁阳100g, 莲须150g, 熟地黄250g, 菟丝子(炒)150g, 茯苓100g, 何首乌(酒蒸)100g, 淫羊藿(炙)100g, 酸枣仁(炒)25g, 白术(麸炒)100g, 猪脊髓(蒸熟)1条, 羊鞭100g",以上十二味，除羊鞭、猪脊髓外，其余肉苁蓉等十味粉碎成细粉，过筛，混匀；将猪脊髓与部分药粉混合捣烂，干燥，粉碎成细粉，过筛，混匀；另将羊鞭干燥，粉碎成细粉，与上述药粉混匀，用水泛丸，干燥，用滑石粉及适量食用色素包衣，打光，即得
芩连片,片剂,清热解毒，消肿止痛。用于脏腑蕴热引起：头痛目赤，口鼻生疮，热痢腹痛，湿热带下，疮疖肿痛,"黄芩250g, 连翘250g, 黄连100g, 黄柏400g, 赤芍250g, 甘草100g",以上六味，赤芍、黄连粉碎成细粉；黄芩、连翘、黄柏、甘草加水煎煮三次，合并煎液，滤过，浓缩至相对密度为 1.35~1.40（50℃）的清膏，加入赤芍、黄连细粉，混匀，干燥，粉碎成细粉，制粒，干燥，压制成 1175 片，即得
抑亢丸,丸剂,育阴潜阳，豁痰散结，降逆和中。用于瘿病（甲状腺机能亢进）引起的突眼，多汗心烦，心悸怔忡，口渴，多食，肌体消瘦，四肢震颤等,"羚羊角12.5g, 白芍18.8g, 天竺黄25.1g, 桑椹62.5g, 延胡索(醋炙)25.5g, 青皮(醋炙)38g, 香附12.5g, 玄参12g, 石决明13g, 黄精18g, 黄药子44g, 天冬37g, 女贞子331g, 地黄5g",以上十四味，羚羊角研成细粉；天竺黄、白芍、香附、桑椹、延胡索、青皮、石决明、玄参粉碎成细粉；黄药子、天冬、地黄、女贞子、黄精加水煎煮二次，第一次 2 小时，第二次 1 小时，合并煎液，滤过，滤液浓缩成膏，与上述粉末混合，干燥，粉碎，再与羚羊角粉配研，过筛，混匀。每 100g 粉末加炼蜜 90~100g 制成大蜜丸，即得
抗栓再造丸,栓剂,活血化瘀，舒筋通络，熄风镇痉。用于中风后遗症恢复期的手足麻木，步履艰难，瘫痪，口眼歪斜，言语不清,"红参100g, 黄芪596g, 胆南星199g, 穿山甲(烫)100g, 牛黄100g, 冰片59g, 水蛭(烫)199g, 麝香2.1g, 丹参596g, 三七397g, 大黄199g, 地龙199g, 苏合香40g, 全蝎59g, 葛根397g, 穿山龙397g, 当归199g, 地鳖虫199g, 何首乌397g, 乌梢蛇100g, 桃仁199g, 朱砂199g, 红花199g, 土鳖虫199g, 天麻20g, 细辛199g, 威灵仙199g, 草豆蔻100g, 甘草199g",以上二十九味，除苏合香外，牛黄、麝香、冰片分别研成细粉；朱砂水飞或粉碎成极细粉；红参、水蛭、土鳖虫、穿山甲、三七、全蝎、何首乌、当归、大黄、胆南星、天麻、细辛、草豆蔻、乌梢蛇等十四味粉碎成细粉；其余丹参等十味加水煎煮两次，第一次 2 小时，第二次 1.5 小时，合并煎液，滤过，滤液静置 12 小时，取上清液，浓缩至相对密度为 1.20~1.25（85℃）的清膏，与上述红参等十四味粉末混匀，干燥，粉碎成细粉，再加入苏合香、牛黄、麝香、冰片，混匀，用水泛丸，朱砂包衣，即得
抗痨胶囊,胶囊剂,散瘀止血，祛痰止咳。用于肺虚久咳，痰中带血,"矮地茶300g, 百部120g, 穿破石120g, 五指毛桃120g, 白及120g, 桑白皮60g",以上六味，取白及 72g 粉碎成细粉，剩余的白及与其余矮地茶等五味加水煎煮二次，每次 3 小时，合并煎液，滤过，滤液浓缩成稠膏状，加入白及细粉，混匀，干燥，粉碎成细粉，加入适量淀粉，混匀，装胶囊，即得
肝舒片,片剂,有改善肝功能和增加食欲作用，主要用于慢性和迁延性肝炎,"当药1000g, 党参310g, 黄精310g, 木香310g, 维生素C 10g",以上五味，除维生素 C 外，其余四味加水煎煮三次，合并煎液，滤过，滤液浓缩至适量，喷雾干燥成粉，用 80% 乙醇制粒，干燥后，粉碎成颗粒，与维生素 C 混匀，压制成 1000 片，包糖衣，即得
龟鹿滋肾丸,丸剂,温肾固精。用于心肾衰弱，目眩耳鸣，腰膝酸痛，四肢无力，遗精滑精，阳痿少寐，夜尿过频,"龟甲胶(炒)10g, 鹿角胶(炒)10g, 人参4g, 鹿茸20g, 熟地黄80g, 沉香4g, 天冬20g, 当归30g, 五味子10g, 陈皮10g, 肉桂10g, 茯苓20g, 麦冬20g, 枸杞子20g, 山药20g, 黄芪20g, 巴戟天20g, 芡实20g, 枳实20g, 牛膝20g, 白术20g, 附子(制)20g, 锁阳20g, 小茴香(炒)15g, 杜仲(盐水制)20g, 胡芦巴(盐水炒)20g, 莲须20g, 甘草20g, 补骨脂(盐炒)20g, 白芍20g, 食盐20g, 覆盆子20g, 柏子仁20g, 远志15g, 党参40g, 川芎20g, 菟丝子20g",以上三十七味，粉碎成细粉，过筛，混匀。每 100g 粉末加炼蜜 35~40g 及水适量，泛丸，干燥；或加炼蜜 90~100g 制成大蜜丸，即得
补血催生丸,丸剂,补气养血，用于血亏气虚，临产无力,"当归80g, 熟地黄80g, 泽泻20g, 川芎30g, 黄芪(制)80g, 白芍30g, 茯苓30g, 山药20g, 党参(制)80g, 白术30g, 冬葵子30g, 甘草(蜜炙)20g, 龟甲(炒制)20g, 车前子30g",以上十四味，粉碎成细粉，过筛，混匀，每 100g 粉末加炼蜜 90~110g 制成大蜜丸，即得
补肾斑龙片,片剂,补肾壮阳，填精益髓。用于肾虚，阳痿，早泄，遗精，性欲减退等症,"鹿茸50g, 酸枣仁(炒)50g, 鹿角胶50g, 柏子仁霜50g, 鹿角霜50g, 黄芪50g, 人参30g, 当归(酒制)10g, 淫羊藿(制)50g, 附子(制)10g, 肉苁蓉50g, 熟地黄10g, 韭菜子50g",以上十三味，取鹿茸、人参、鹿角霜、鹿角胶分别粉碎成细粉；其余当归等九味加水煎煮两次，第一次 3 小时，第二次 2 小时，合并煎液，滤过，滤液浓缩至相对密度为 1.35（70℃）的清膏，加入鹿茸等四味细粉，混匀，粉碎成细粉，制成颗粒，加辅料适量，混匀，压制成 600 片，包糖衣，即得
阿胶益寿晶,膏剂,补气养血，用于气血双亏，未老先衰，四肢无力，腰膝酸软，面黄肌瘦，健忘失眠，妇女产后诸虚,"人参30g, 黄芪(蜜炙)300g, 熟地黄150g, 制何首乌150g, 阿胶75g, 陈皮60g, 木香30g, 甘草30g",以上八味，除阿胶外，其余人参等七味加水煎煮二次，第一次 3 小时，第二次 2.5 小时，合并煎液，滤过，滤液静置 24 小时，取上清液，加入阿胶，浓缩至相对密度为 1.33~1.36（热测）的清膏，取清膏 1 份，加蔗糖粉 6 份及适量乙醇，制成颗粒，干燥，即得
鸡骨草肝炎冲剂,颗粒剂,舒肝、清热，利湿，祛黄。用于黄疸型和无黄疸型急性传染性肝炎,"鸡骨草469g, 茵陈469g, 地耳草469g, 桃金娘根469g, 鸭脚艾469g, 鹰不泊781g",以上六味，茵陈提取挥发油后，药渣与其余鸡骨草等五味加水煎煮二次，每次 2 小时，滤过，滤液浓缩至适量，加乙醇使含乙醇量为 60%，放置，滤过，滤液回收乙醇，浓缩成稠膏，加蔗糖适量，混匀，制成颗粒，干燥，再喷入茵陈挥发油，混匀，即得
武红灵散,散剂,开窍解毒、祛暑避瘟，用于暑邪蒙蔽心窍引起：神志昏迷，关窍不通，牙关紧闭，四肢厥逆,"麝香45g, 蟾酥粉25.2g, 冰片45g, 硼砂90g, 金礞石(煅)60g, 雄黄90g, 硝石150g, 朱砂150g",以上八味，分别粉碎成细粉，配研，过筛，混匀，即得
青果止嗽丸,丸剂,清肺化痰，止咳平喘，用于肺经有热，咳嗽痰喘,"西青果100g, 款冬花(蜜炙)160g, 麦冬40g, 桑白皮(蜜炙)160g, 姜半夏160g, 石膏60g, 苦杏仁(炒)30g, 白果仁160g, 麻黄(蜜炙)160g, 川贝母80g, 百合160g, 甘草60g, 马兜铃(蜜炙)40g, 黄芩160g",以上十四味，粉碎成细粉，过筛，混匀，每 100g 粉末加炼蜜 100~120g 制成大蜜丸，即得
板蓝根片,片剂,清热解毒，凉血，利咽，消肿。用于扁桃腺炎，腮腺炎，咽喉肿痛，防治传染性肝炎，小儿麻疹等,板蓝根1000g,取板蓝根 1000g，加水煎煮两次，第一次 1 小时，第二次 45 分钟，滤过，合并滤液，浓缩至 1000ml，放置至室温，加入 95% 乙醇使含醇量达 60%，冷藏，滤过，滤液浓缩至稠膏状，加入淀粉 200g 及辅料适量，制成颗粒，压制成 1000 片，包糖衣，即得
拔毒膏,膏剂,清热解毒，活血消肿，多用于治疗疖疗痈发，有头疽之初期或化脓期等病,"金银花70g, 连翘70g, 大黄70g, 桔梗70g, 地黄70g, 栀子70g, 黄柏70g, 黄芩70g, 赤芍70g, 当归35g, 川芎35g, 白芷35g, 白蔹35g, 木鳖子35g, 蓖麻子35g, 玄参35g, 苍术35g, 蜈蚣5g, 樟脑28g, 穿山甲35g, 没药18g, 儿茶18g, 乳香18g, 红粉18g, 血竭18g, 轻粉18g",以上二十六味，取轻粉、红粉分别粉碎成极细粉，乳香、没药、儿茶、血竭粉碎成细粉，与上述轻粉等粉末配研，过筛，混匀；除樟脑外，其余十九味酌予碎断，与食用植物油 4800g 同置锅内炸枯，炼油至滴水成珠，滤过，去渣，取出约 1/5 的炼油于另器中加入红丹 1500~2100g 搅拌成稀糊状，再与其余 4/5 炼油合并，搅拌均匀，收膏，将膏浸泡于水中；取膏用文火熔化，将樟脑及上述轻粉等粉末加入，搅匀，分摊于布或纸上，即得
罗黄降压片,片剂,清肝降火，活血化瘀，用于肝火上炎引起：头晕目眩，心烦少眠，大便秘结,"罗布麻叶400g, 菊花100g, 决明子200g, 熟大黄100g, 当药100g, 丹参100g, 川芎100g, 槐米100g, 葛根100g, 山楂100g, 牛膝150g, 地黄150g, 牛黄10.5g, 冰片5.25g",以上十四味，罗布麻叶 200g、菊花、决明子、熟大黄、当药粉碎成细粉；牛黄、冰片研成细粉；山楂、牛膝、地黄加水煎煮三次，第一次 3 小时，第二次 1 小时，第三次 0.5 小时，合并煎液，滤过；罗布麻叶 200g 加水热浸三次，合并浸液滤过；丹参、川芎、葛根用 70% 乙醇，槐米用 50% 乙醇各加热回流二次，滤过，合并滤液，回收乙醇；合并以上各药液，浓缩至相对密度为 1.30~1.35（50℃）的清膏，加入上述细粉混匀，干燥，粉碎成细粉，制粒，干燥，加入冰片细粉混匀，压制成 3440 片，包糖衣，即得
固本延龄丸,丸剂,固本培元，滋阴壮阳，补填精髓，强壮筋骨，开心益智，延年益寿，用于虚劳损伤，腰痛体倦，阳痿遗精，心悸失眠，肌肤憔悴，须发早白，经血不调，食欲不振,"人参60g, 麦冬60g, 五味子60g, 天冬60g, 地黄60g, 熟地黄60g, 山药60g, 泽泻30g, 茯苓60g, 牛膝60g, 山茱萸60g, 杜仲60g, 木香60g, 远志30g, 柏子仁60g, 巴戟天(盐制)60g, 花椒30g, 石菖蒲30g, 丹参120g, 肉苁蓉120g, 枸杞子45g, 覆盆子45g, 地骨皮45g, 鹿角胶30g, 菟丝子120g, 鱼鳔珠30g, 珍珠9g, 狗鞭25g",以上二十八味，珍珠研成极细粉，人参、鹿角胶、鱼鳔珠、狗鞭共粉碎为细粉，其余天冬等二十三味共粉碎为细粉，与上述珍珠、人参等粉末配研，过筛，混匀，每 100g 粉末加炼蜜 105~115g 制成大蜜丸，即得
和中理脾丸,丸剂,理脾和胃，用于脾胃不和引起：胸膈痞闷，脘腹胀满，恶心呕吐，不思饮食，大便不调,"党参24g, 白术(麸炒)72g, 苍术(米泔炙)48g, 茯苓48g, 甘草12g, 陈皮96g, 法半夏24g, 木香12g, 砂仁24g, 枳壳(去瓤麸炒)48g, 厚朴(姜炙)48g, 豆蔻12g, 香附(醋炙)48g, 广藿香48g, 南山楂48g, 六神曲(麸炒)48g, 麦芽(炒)48g, 莱菔子(炒)48g",以上十八味，粉碎成细粉，过筛，混匀，每 100g 粉末加炼蜜 160~170g 制成大蜜丸，即得
乳疮丸,丸剂,解毒消肿，消炎止痛。用于乳疮，痈肿初起，灼热作痛、坚硬不消,"金银花250g, 蒲公英250g, 天花粉150g, 穿山甲(制)100g, 没药(醋制)100g, 青皮(醋制)100g, 连翘250g, 当归200g, 赤芍150g, 乳香(醋制)100g, 地黄100g, 川芎100g",以上十二味，粉碎成细粉，混匀，过筛，用水泛丸，干燥，即得
河车补丸,丸剂,滋肾阴，补元气，用于肾阴不足，元气亏损引起：身体消瘦，精神疲倦，腰酸腿软，自汗盗汗,"紫河车45g, 人参15g, 五味子(醋炙)30g, 续断60g, 牛膝78g, 天冬78g, 熟地黄150g, 麦冬78g, 陈皮15g, 牡蛎120g, 干姜15g, 黄柏60g",以上十二味，粉碎成细粉，过筛，混匀，每 100g 粉末加炼蜜 70~80g 制成大蜜丸，即得
泻痢固肠片,片剂,调胃化湿，益气固肠。用于脾胃虚弱，久病脱肛，腹胀腹痛，肢体疲乏,"罂粟壳560g, 甘草70g, 陈皮140g, 肉豆蔻(制)70g, 诃子(去核)70g, 白芍210g, 白术210g, 党参35g, 茯苓210g",以上九味，陈皮提取挥发油，用乙醇适量溶解；残渣加水煎煮 1 小时，滤过；茯苓加水煮沸后温浸二次，第一次 2 小时，第二次 1 小时；罂粟壳、甘草加水煎煮二次，第一次 2 小时，第二次 1 小时；合并煎液及温浸液，浓缩成膏；肉豆蔻、诃子、白芍、白术用 60% 乙醇回流提取，党参用 25% 乙醇回流提取；合并以上乙醇提取液，回收乙醇，浓缩成膏；将水、醇浓缩膏合并，加入辅料混匀，制成颗粒，加入陈皮油乙醇溶液，混匀，压制成 1050 片，即得
宝咳宁冲剂,颗粒剂,清热解表，止嗽化痰。用于小儿感冒风寒内热停食引起：头痛身烧，咳嗽痰盛，气促作喘，咽喉肿痛，烦躁不安,"紫苏叶30g, 桑叶30g, 前胡60g, 浙贝母30g, 麻黄30g, 桔梗30g, 天南星(炙)60g, 陈皮30g, 苦杏仁(去皮炒)60g, 黄芩60g, 青黛21g, 天花粉60g, 枳壳(去瓤麸炒)60g, 山楂(炒)45g, 甘草15g, 牛黄3g",以上十六味，除牛黄外，取紫苏叶、陈皮提取挥发油，蒸馏后的水溶液另器收集；其余桑叶等十三味加水煎煮二次，第一次 2.5 小时，第二次 1.5 小时，合并煎液，滤过，滤液与上述水溶液合并，浓缩至相对密度为 1.32~1.35（50℃）的清膏；取清膏 1 份、蔗糖 3.75 份、糊精 1.25 份与牛黄粉配研均匀，制成颗粒，干燥，加入上述紫苏叶等挥发油，混匀，即得
定喘膏,膏剂,止咳定喘，用于气促喘息，冬季加重、胸膈满闷，咳嗽痰盛等症,"血余炭400g, 洋葱头400g, 附子200g, 生川乌200g, 天南星200g, 干姜200g",以上六味，酌予碎断，另取食用植物油 4800g 同置锅内炸枯，炼至滴水成珠，滤过，去渣；取约 1/5 的炼油置另器中，加入红丹 1500~2100g 搅拌成稀糊状，再与其余 4/5 炼油合并，搅拌均匀，收膏，将膏浸泡于水中；取膏用文火熔化，分摊于布或纸上，即得
参苓健脾丸,丸剂,健脾，开胃，消食。用于脾胃虚弱、消化不良，面色萎黄，脘腹胀满，肠鸣腹泻,"党参50g, 白术(土炒)50g, 薏苡仁(土炒)120g, 白扁豆(土炒)60g, 山楂(去核清炒)60g, 谷芽(清炒)50g, 芡实(麸炒)50g, 陈皮50g, 六神曲(麸炒)60g, 莲子肉(土炒)60g, 麦芽(清炒)60g, 茯苓60g, 山药(麸炒)60g, 枳壳(麸炒)30g, 砂仁40g, 甘草(蜜炙)30g",以上十六味，粉碎成细粉，过筛，混匀，每 100g 粉末加炼蜜 120~130g 制成大蜜丸，即得
参茸天麻酒,酒剂,补气益肾。用于气虚肾亏，神经衰弱，眩晕头痛,"天麻321g, 枸杞子31g, 茯苓35g, 鹿茸16g, 何首乌27.5g, 人参37g, 五味子31g",以上七味，鹿茸制成片，其余天麻等六味粉碎成粗粉，与鹿茸片混合，加入白酒 48kg，密闭浸泡，一周内每天搅拌一次，以后每周搅拌一次，浸渍 30 天以上，滤过，压榨药渣，滤过，合并滤液，取白糖 500g 用 2kg 白酒溶解，滤过，加入浸液内，搅匀，静置 10 天以上，滤过，灌装，即得
参茸蛤蚧保肾丸,丸剂,温肾补虚。用于肾虚腰痛，夜尿多、病后虚弱，头晕眼花，疲倦乏力,"红参6g, 鹿茸13g, 蛤蚧70g, 当归30g, 熟地黄60g, 枸杞子60g, 山茱萸30g, 肉苁蓉130g, 巴戟天30g, 杜仲60g, 远志30g, 山药60g, 茯苓60g, 白术30g, 益智(制)30g, 补骨脂30g",以上十七味，粉碎成细粉，过筛，混匀，每 100g 粉末加炼蜜 40g 及适量水，泛丸，干燥，即得
参桂鹿茸丸,丸剂,补气益肾，养血调经。用于气虚血亏，肝肾不足引起：体质虚弱，腰膝酸软、头晕耳鸣，自汗盗汗，失眠多梦、肾寒精冷，宫寒带下，月经不调,"人参120g, 鹿茸(去毛)240g, 山茱萸(酒炙)120g, 地黄240g, 熟地黄240g, 白芍240g, 龟甲(沙烫醋淬)120g, 鳖甲(沙烫醋淬)120g, 阿胶360g, 杜仲(炒炭)120g, 续断120g, 天冬162g, 茯苓240g, 酸枣仁(炒)120g, 琥珀60g, 艾叶(炒炭)120g, 陈皮120g, 泽泻120g, 没药(醋炙)120g, 乳香(醋炙)90g, 延胡索(醋炙)90g, 红花90g, 西红花60g, 怀牛膝(去头)138g, 川牛膝(去头)120g, 鸡冠花180g, 赤石脂(煅)90g, 香附(醋炙)360g, 甘草60g, 秦艽120g, 黄芩150g, 白术(麸炒)180g, 陈皮360g, 木香30g, 砂仁120g, 沉香30g, 当归240g, 川芎180g, 肉桂120g",以上三十九味，白术、陈皮、木香、砂仁、沉香、当归、川芎、肉桂八味粉碎成粗粉；其余人参等三十一味加等量黄酒装罐蒸 24 小时，与上述粗粉掺匀，干燥，粉碎成细粉，过筛，混匀，每 100g 粉末加炼蜜 130~140g 制成大蜜丸，即得
贴积膏,膏剂,消积化痞。用于脾胃虚弱，宿食停滞引起：食积、乳积，腹大青筋、面黄肌瘦、嗜食异物，二便不调,"鸡内金135g, 牵牛子450g, 阿魏80g",以上三味，阿魏 80g、鸡内金 10g、牵牛子 20g 粉碎成细粉，过筛，混匀；其余鸡内金 125g、牵牛子 430g 用芝麻油 7000g 炸枯，去渣，滤过，炼至滴水成珠，每 1500g 炼油加入红丹 500g，搅匀，收膏，将膏浸泡于水中；取膏用文火熔化，按处方比例加入阿魏等三味细粉搅匀，分摊于布上，即得
复方五仁醇胶囊,胶囊剂,清热利胆，平肝养血，降低血清谷丙转氨酶。用于治疗迁延性、慢性肝炎,"五仁醇浸膏适量（以五味子乙素计10g以上）, 白芍、茵陈干浸膏150g, 碳酸钙150g",以上三味，将白芍、茵陈干浸膏粉末与碳酸钙及适量淀粉混匀，再加入五仁醇浸膏，混匀，过筛，干燥，装胶囊制成 1000 粒，即得
复方贝母散,散剂,清热化痰，止咳平喘。用于肺热咳嗽，喘息,"平贝母300g, 硼砂300g, 化橘红100g, 苦杏仁(炒)100g, 百部(蜜炙)100g, 石膏200g, 麻黄140g, 甘草100g",以上八味，除苦杏仁外，其余平贝母等七味粉碎成细粉；将苦杏仁粉碎，与上述粉末配研，过筛，混匀，即得
复方半夏片,片剂,止咳化痰。用于咳嗽痰多,"姜半夏750g, 麻黄125g, 远志(甘草水制)110g, 桔梗95g, 前胡95g, 陈皮95g, 白前90g, 款冬花80g, 细辛80g",以上九味，粉碎成细粉，过筛，混匀；另取蔗糖 250g 加水溶解，滤过，与药材细粉及淀粉、糊精各 100g 混匀，制成颗粒，压制成片，即得
复方百部止咳冲剂,颗粒剂,清肺止咳。用于肺热咳嗽，痰黄粘稠，百日咳,"百部(蜜炙)100g, 苦杏仁50g, 桔梗50g, 桑白皮50g, 麦冬25g, 知母25g, 黄芩100g, 陈皮100g, 甘草25g, 天南星(制)25g, 枳壳(炒)50g",以上十一味，加水煎煮二次，第一次 3 小时，第二次 2 小时，合并煎液，滤过，滤液浓缩至适量，加入蔗糖粉适量，制成颗粒，干燥，即得
复方罗汉果止咳冲剂,颗粒剂,清热泻肺，镇咳祛痰，用于肺热、肺燥咳嗽,"罗汉果225g, 桑白皮60g, 百部150g, 枇杷叶880g, 白前90g, 桔梗55g",以上六味，罗汉果加水煎煮四次，第一次 1.5 小时，以后每次各 1 小时，合并煎液，滤过，滤液浓缩至适量；其余桑白皮等五味加水煎煮二次，第一次 1.5 小时，第二次 1 小时，合并煎液，滤过，滤液浓缩至 600ml，加四倍量乙醇，搅拌，静置 48 小时，滤过，滤液回收乙醇，并浓缩至适量；合并上述两种浓缩液，并浓缩成膏状，加糖粉适量，制成颗粒，干燥，喷入香精适量，混匀，即得
复方虎杖片,片剂,清热，祛痰、止咳，平喘。用于慢性支气管炎,"虎杖提取物140g, 功劳木提取物35g, 枇杷叶提取物35g",将上述三种提取物混合，粉碎，加滑石粉适量，过筛，混匀，制成颗粒，压制成 1000 片，包糖衣，即得
香苏调胃片,片剂,解表和中、健胃化滞。用于胃肠积滞，外感时邪引起：身热体倦，饮食少进，呕吐乳食，腹胀便泻，小便不利,"广藿香60g, 香薷96g, 木香15g, 紫苏叶120g, 厚朴(姜炙)60g, 砂仁15g, 枳壳(去瓤麸炒)15g, 陈皮30g, 茯苓15g, 山楂(炒)15g, 麦芽(炒)15g, 白扁豆(去皮)48g, 葛根15g, 甘草8g, 六神曲(麸炒)15g, 生姜30g",以上十六味，六神曲、麦芽、枳壳、厚朴、砂仁、白扁豆粉碎成细粉；山楂、葛根、甘草加水煎煮三次，第一次 3 小时，第二次 1 小时，第三次 30 分钟，合并煎液，滤过；紫苏叶、香薷加水热浸三次，第一次 2 小时，第二次 1 小时，第三次 30 分钟，合并浸液，滤过；茯苓、木香、生姜用 70% 乙醇加热回流二次，第一次 3 小时，第二次 2 小时，滤过，合并滤液，回收乙醇至相对密度为 1.15~1.20（50℃）的稠膏；取广藿香、陈皮分别提取挥发油，合并蒸馏后药液；合并以上各药液，减压浓缩至相对密度为 1.35~1.40（50℃）的稠膏，加入六神曲等六味细粉，混匀，干燥，粉碎成细粉，制粒，干燥，加入广藿香油 0.024g、陈皮油 0.36g，混匀，压制成 1000 片，包糖衣，即得
种子三达丸,丸剂,调经止痛。用于月经不调，行经腹痛、头晕目眩、赤白带下，四肢浮肿,"益母草64g, 芦子16g, 丹参24g, 白芍64g, 白眉24g, 茯苓32g, 甘草(蜜炙)14g, 熟地黄96g, 山药32g, 肉桂8g, 香附(醋炙)24g, 黄芪(蜜炙)32g, 当归48g, 延胡索(醋制)24g, 砂仁48g, 川芎32g, 阿胶(烫)6g, 续断24g, 黄芩48g, 白术24g, 木香16g, 党参48g, 鹿角霜8g",以上二十三味，粉碎成细粉，过筛，混匀，每 100g 粉末加炼蜜 90~110g 制成大蜜丸，即得
保幼化风丹,丹剂,清热散风，止嗽化痰。用于惊风里热，痰涎壅盛、咳嗽发烧、头疼身痛、四肢抽动，睡卧不安,"胆南星100g, 薄荷100g, 羌活50g, 独活50g, 天麻50g, 荆芥穗50g, 川芎50g, 全蝎50g, 甘草50g, 人参50g, 防风50g",以上十一味，粉碎成细粉，混匀，过筛，每 100g 粉末加炼蜜 105~115g 制成大蜜丸，即得
保婴夺命散,散剂,化痰，镇惊熄风，清热豁痰。用于小儿急热惊风、肢体抽搐，痰涎壅盛、发热咳嗽,"川贝母60g, 大黄40g, 全蝎60g, 琥珀64g, 僵蚕(麸炒)60g, 牛黄12g, 冰片8g, 天麻50g, 黄连40g, 胆南星40g, 甘草40g",以上十一味，除牛黄、冰片外，琥珀粉碎成细粉，其余川贝母等八味共粉碎成细粉；将牛黄、冰片研细与上述粉末配研，过筛，混匀，即得
追风活络酒,酒剂,追风散寒，舒筋活络。用于受风受寒，四肢麻木，关节疼痛，风湿麻痹，伤筋动骨,"红曲20g, 独活20g, 当归30g, 木瓜10g, 红花20g, 麻黄30g, 杜仲(盐制)10g, 天麻20g, 补骨脂(盐制)20g, 制草乌10g, 血竭20g, 续断20g, 紫草8g, 没药20g, 羌活20g, 牛膝10g, 川芎20g, 防风30g, 北刘寄奴10g, 乳香20g, 秦艽20g, 土鳖虫10g, 白芷10g",以上二十三味，除红曲、紫草外，血竭、乳香、没药粉碎成细粉，过筛，混匀；其余当归等十八味酌予碎断；另取白酒 8000g、白糖 800g 与红曲、紫草及上述各药同置罐内，于水浴中加热煮沸后倾入缸中密封浸泡三十天后，滤取酒液，残渣压榨后，回收残渣中酒液，将滤液、榨出液与回收酒液合并，滤过，即得
洋参保肺丸,丸剂,滋阴补肺、止嗽定喘。用于阴虚肺热引起：咳嗽痰喘、胸闷气短、口干咽干、睡卧不安,"罂粟壳120g, 五味子(醋炙)30g, 川贝母60g, 陈皮60g, 砂仁30g, 枳实60g, 麻黄30g, 苦杏仁60g, 石膏30g, 甘草60g, 玄参60g, 西洋参粉45g",以上十二味，除西洋参粉外，其余罂粟壳等十一味粉碎成细粉，过筛，混匀，与西洋参粉配研均匀，过筛，每 100g 粉末加炼蜜 120~130g 制成大蜜丸，即得
养血祛风丸,丸剂,养血活络、祛风止痛。用于肩背疼痛，手足麻木，筋骨无力，行步艰难,"卷柏30g, 木瓜30g, 乌梢蛇(酒炙)15g, 当归9g, 川芎9g, 白芍9g, 地黄9g, 马钱子粉15g",以上八味，除马钱子粉外，其余卷柏等七味粉碎成细粉，过筛，混匀，与上述马钱子粉配研，过筛，混匀，每 100g 粉末加炼蜜 120~130g 制成大蜜丸，即得
宫糜膏,膏剂,清热燥湿，化腐生肌，消炎解毒，用于宫颈糜烂,"黄柏305g, 冰片14g, 轻粉52g, 雄黄50g, 蜈蚣33g",以上五味，将冰片和轻粉分别研细，其余黄柏等三味分别粉碎成最细粉，与上述冰片、轻粉配研，过筛，混匀，加聚乙二醇 400 适量，使成 1000g，搅匀，即得
祛暑片,片剂,祛暑散寒，止吐止泻。用于中暑感寒引起：憎寒发热，头痛身倦，胸腹胀满，呕吐泄泻,"广藿香500g, 紫苏叶500g, 香薷200g, 檀香76g, 木瓜176g, 茯苓760g, 丁香76g, 甘草360g",以上八味，茯苓粉碎成细粉；甘草、木瓜加水煎煮三次，合并煎液，滤过；香薷、紫苏叶加水热浸三次，合并浸液，滤过；广藿香、丁香、香薷提取挥发油，并滤取药液，挥发油另器保存；合并上述三种滤液，浓缩至相对密度为 1.35~1.40（50℃热测）的稠膏，加入茯苓细粉，用乙醇制粒，干燥，加入广藿香等挥发油，混匀，压制成 2500 片，即得
屏风生脉胶囊,胶囊剂,益气，扶阳，固表。用于气短心悸，表虚自汗，乏力眩晕，易感风邪,"黄芪90g, 白术(土炒)30g, 防风30g, 五味子60g, 人参60g, 麦冬97.5g, 附子(制)45g",以上七味，除人参、附子粉碎成细粉外，其余五味粉碎成粗粉，加水煎煮二次，第一次 2 小时，第二次 1 小时，滤过，合并滤液，浓缩成膏，与上述药粉混匀，干燥，粉碎成细粉，分装胶囊，即得
降压平片,片剂,降压，清头目。用于高血压及高血压引起的头晕、目眩,"夏枯草2182g, 葛根2182g, 珍珠母2182g, 菊花2182g, 淡竹叶2182g, 芦丁55g, 槲寄生2182g, 黄芩2182g, 薄荷脑1.82g, 地龙2182g, 地黄1091g",以上十一味，葛根 400g 粉碎成细粉；夏枯草、槲寄生、地龙、地黄、淡竹叶、菊花、珍珠母及剩余葛根 1782g 加水煎煮二次，第一次 3 小时，第二次 2 小时，合并煎液，滤过，滤液浓缩成膏，干燥，粉碎，过筛；黄芩加水煎煮二次，第一次 3 小时，第二次 2 小时，合并煎液，滤过，滤液用盐酸调 pH 至 1~2，加热至 80℃，保温 30 分钟，放冷，滤过，沉淀用水洗至中性，干燥；将上述浓缩膏粉、葛根粉 200g、黄芩提取物、芦丁和辅料适量混匀，过筛，制粒，干燥；薄荷脑与剩余葛根粉 200g 配研后加入颗粒中，混匀，压制成 10000 片，包糖衣，即得
珠珀保婴散,散剂,镇惊，祛风、化痰。用于小儿惊风气促，手足抽搐，痰涎壅盛,"珍珠30g, 麝香24g, 牛黄32g, 冰片32g, 琥珀40g, 朱砂80g, 天麻45g, 全蝎54g, 僵蚕(麸炒)45g, 胆南星72g, 天竺黄32g, 防风45g, 钩藤45g, 白附子32g, 蝉蜕32g",以上十五味，除牛黄、麝香、冰片外，朱砂水飞或粉碎成极细粉，珍珠研为极细粉，其余琥珀等十味粉碎成细粉；将牛黄、麝香、冰片研细与上述粉末配研，过筛，混匀，分装，即得
蚕茧眼药,洗剂,清热散风，消肿止痛。用于暴发火眼，睑烂痛痒，羞明热泪,"黄连155g, 菊花389g, 花椒155g, 防风78g, 当归78g, 蒺藜78g, 苦杏仁(去皮炒)78g, 郁李仁78g, 铜绿117g, 白矾78g, 大青盐78g, 芒硝78g, 冰片9g",以上十三味，冰片研成细粉，其余黄连等十二味粉碎成粗粉，过筛，混匀，与上述冰片细粉配研均匀，过筛；每 3g 粗粉用棉纸包好，外裹丝棉，制成蚕茧形，即得
唇齿清胃丸,丸剂,清胃火。用于由胃火引起的牙龈肿痛、口干唇裂，咽喉痛,"大黄100g, 黄芩60g, 龙胆60g, 黄柏60g, 栀子60g, 知母40g, 升麻20g, 防风40g, 陈皮40g, 白芷20g, 冰片2g, 薄荷脑2g, 地黄60g, 石膏40g",以上十四味，除冰片、薄荷脑外，其余大黄等十二味粉碎成细粉；将冰片、薄荷脑分别研细，与上述粉末配研，过筛，混匀，每 100g 粉末加炼蜜 130~140g 制成大蜜丸，即得
柴黄片,片剂,清热解表。用于感冒引起的发热，周身不适，头痛目眩，咽喉痛,"柴胡1000g, 黄芩1000g",以上二味，取黄芩 333g 粉碎成细粉，其余黄芩加水煎煮二次，第一次 2 小时，第二次 1 小时，合并煎液，滤过，放置至 80℃时，用盐酸调 pH1.0~2.0，析出沉淀，放置，滤过，沉淀用水洗至中性，干燥，备用；柴胡加水煎煮二次，每次 2 小时，合并煎液，滤过，滤液浓缩成稠膏，与黄芩细粉、黄芩提取物混匀，干燥，制成颗粒，压制成片，包糖衣，即得
哮喘丸,丸剂,定喘，镇咳。用于年久咳嗽，年久痰喘,"白果仁50g, 枳壳(炒)40g, 瓜蒌40g, 麦冬40g, 松花粉25g, 竹茹25g, 橘红25g, 知母25g, 石膏25g, 苦杏仁(炒)25g, 诃子肉25g, 罂粟壳25g, 海浮石25g, 槟榔20g, 川贝母20g, 前胡20g, 乌梅肉20g, 麻黄(制)15g, 五味子15g, 紫苏叶15g",以上二十味，粉碎成细粉，过筛，混匀，每 100g 粉末加炼蜜 90~110g 制成大蜜丸，即得
透表回春丸,丸剂,清热透表。用于小儿内热伤风，头痛发烧、乍寒乍热、鼻流清涕，咽痛红肿，烦躁身倦，隐疹不出,"防风20g, 山豆根10g, 川芎10g, 赤小豆10g, 羌活20g, 牛蒡子(炒)20g, 黄连20g, 天花粉20g, 荆芥40g, 大青叶40g, 赤芍20g, 当归20g, 甘草40g, 栀子(姜汁炙)40g, 连翘40g, 滑石40g, 薄荷10g, 柴胡10g, 玄参40g, 黄芩40g, 升麻10g, 雄黄20g, 朱砂17g",以上二十二味，雄黄、朱砂水飞或粉碎成极细粉，其余防风等二十味粉碎成细粉，过筛，与朱砂、雄黄粉末配研，过筛，混匀，每 100g 粉末加炼蜜 100~120g 制成大蜜丸，即得
健儿疳积散,散剂,驱蛔虫，消积健脾。用于小儿疳积、消化不良，脾胃虚弱,"使君子肉50g, 雷丸25g, 苦楝皮25g, 榧子50g, 海螵蛸50g, 小茴香(炒)10g, 莲子50g, 徐长卿25g, 炉甘石(煅, 水飞)25g, 鸡内金(炒)25g",以上十味，粉碎成细粉，过筛，混匀，即得
健身全鹿丸,丸剂,补精，养血、益气、温阳固肾。用于肾精亏损，气血不足引起：精神衰惫，腰膝无力，阳痿遗精，目暗耳鸣，失眠健忘、妇女血虚宫寒，崩带不孕，滑胎小产,"黄芪(蜜炙)24g, 人参(去芦)24g, 五味子(醋炙)24g, 鹿角12g, 马鹿茸(去毛)6g, 淫羊藿(羊油炙)24g, 鲜鹿肉(带骨)720g, 肉苁蓉(酒炙)24g, 锁阳24g, 菟丝子24g, 胡芦巴(盐炙)24g, 覆盆子24g, 楮实子24g, 花椒(去目)12g, 小茴香(盐炙)12g, 熟地黄24g, 怀牛膝(去头)24g, 桑寄生24g, 当归24g, 天冬24g, 麦冬24g, 秋石24g, 茯苓24g, 甘草24g, 陈皮24g, 大青盐12g, 山药24g, 白术24g, 芡实(麸炒)24g, 补骨脂(盐炙)24g, 续断24g, 枸杞子24g, 川芎24g, 地黄24g, 沉香12g",以上三十五味，山药、白术、芡实、补骨脂、续断、枸杞子、川芎、地黄、沉香九味粉碎成粗粉；其余黄芪等二十六味加黄酒 720g 装罐蒸 24 小时，与上述粗粉掺匀，干燥，粉碎成细粉，过筛，混匀，每 100g 粉末加炼蜜 70~80g 制成小蜜丸或大蜜丸，即得
健胃片,片剂,健胃止痛。用于胃病食滞引起：胃脘胀痛、倒饱嘈杂、嗳气食臭，大便不调,"山楂(炒)30g, 六神曲(炒)30g, 麦芽(炒)30g, 槟榔(炒焦)60g, 鸡内金(醋炒)30g, 苍术(米泔制)150g, 草豆蔻90g, 陈皮90g, 生姜30g, 柴胡90g, 白芍150g, 川楝子90g, 延胡索(醋制)60g, 甘草浸膏18g",以上十四味，鸡内金、白芍、延胡索、甘草浸膏粉碎成细粉，过筛；草豆蔻、陈皮提取挥发油，蒸馏后的水溶液另器收集；山楂、六神曲、麦芽、槟榔、柴胡加水煎煮三次，每次 2 小时，合并煎液，滤过；苍术、生姜、川楝子用 70% 乙醇加热回流二次，滤过，合并滤液，回收乙醇；合并以上各药液，减压浓缩至相对密度为 1.35~1.40（50℃）的清膏，加入鸡内金等四味细粉，混匀，干燥，粉碎成细粉，制成颗粒，干燥，放冷，喷加草豆蔻、陈皮挥发油，混匀，压制成 1900 片，包糖衣，即得
健康补脾丸,丸剂,健脾利湿。用于症瘕后期脾胃虚弱，食欲不振、湿热黄疸，小便不利,"黄芪135g, 龙骨(煅)135g, 党参135g, 牡蛎(煅)135g, 白术(麸炒)135g, 肉豆蔻(煨)135g, 茯苓135g, 黄柏17.2g, 车前子(炒)135g, 茵陈17.2g, 苍术(炒)135g",以上十一味，粉碎成细粉，过筛，混匀，用水泛丸，干燥，即得
健脾康儿片,片剂,健脾养胃，消食止泻。用于脾虚胃肠不和，饮食不节引起：腹胀便泻，面黄肌瘦、食少倦怠、小便短少,"人参6g, 白术(麸炒)64g, 茯苓64g, 甘草64g, 使君子肉(炒)64g, 鸡内金(醋炙)64g, 山楂(炒)64g, 山药(炒)64g, 陈皮64g, 黄连32g, 木香32g",以上十一味，人参、使君子肉、鸡内金、山药、黄连粉碎成细粉；甘草、山楂加水煎煮三次，第一次 3 小时，第二次 1 小时，第三次 30 分钟，滤过，合并滤液；白术、茯苓、木香用 70% 乙醇回流提取二次，第一次 3 小时，第二次 2 小时，滤过，合并滤液，回收乙醇至相对密度为 1.15~1.20（50℃）；陈皮提取挥发油，药液滤过；将上述三种药液合并，减压浓缩至相对密度为 1.35~1.40（50℃）的稠膏，加入使君子肉等五味细粉，混匀，干燥，粉碎成细粉，制成颗粒，干燥，放冷，喷加陈皮挥发油 0.768g，混匀，压制成 1000 片，即得
消瘿气瘰丸,丸剂,消瘿化痰。用于肝郁痰结引起：瘿瘤肿胀，瘰疬结核,"夏枯草96g, 海藻48g, 昆布96g, 海螵蛸48g, 蛤壳(煅)48g, 海胆48g, 陈皮48g, 枳壳(去瓤麸炒)48g, 黄芩48g, 玄参48g",以上十味，粉碎成细粉，过筛，混匀，用水泛丸，干燥，即得
润肺化痰丸,丸剂,润肺止咳，化痰定喘。用于肺经燥热引起：咳嗽痰粘，痰中带血，气喘胸满，口干咽干,"麻黄120g, 陈皮120g, 清半夏36g, 桔梗60g, 厚朴子36g, 旋覆花120g, 马兜铃(蜜炙)120g, 款冬花48g, 五味子(醋炙)48g, 苦杏仁(去皮炒)24g, 党参60g, 甘草120g, 知母480g, 阿胶(蛤粉烫)48g",以上十四味，粉碎成细粉，过筛，混匀，用水泛丸，干燥；每 1000g 药丸用滑石粉 250g、香墨粉 31.25g 包衣，打光，干燥，即得
海龙胶,膏剂,温肾壮阳，活血止痛、培元固本、强壮腰膝。用于腰酸腿软、精神萎靡，面色㿠白、男子阳痿遗精，女子宫冷不孕,"海龙100g, 黄明胶750g, 当归15g, 川芎10g, 肉苁蓉10g, 黄芪10g, 白芍5g, 肉桂15g, 枸杞子5g, 陈皮5g, 甘草50g",以上十一味，除黄明胶外，将海龙浸泡洗净，加入当归等九味，分次加水煎煮，合并煎液，滤过，滤液浓缩，加入黄明胶继续浓缩至稠膏状，冷凝后切块，阴干，即得
海马万应膏,膏剂,追风，活血，止痛。用于一切风寒湿痹，腰腿疼痛，四肢麻木，跌打损伤等症,"海马20g, 桃仁40g, 木香40g, 白芷40g, 肉桂60g, 羌活60g, 防风40g, 附子60g, 莪术60g, 独活60g, 血竭30g, 麻黄60g, 当归40g",以上十三味，肉桂、血竭粉碎成细粉，过筛，混匀；其余木香等十一味酌予碎断，与食用植物油 2000g 同置锅内（或浸泡 3~10 天）炸枯，去渣，滤过，炼至滴水成珠；另取红丹 1000g，加入油内，搅匀，收膏，将膏浸泡于水中；取膏用文火熔化，待温，加入肉桂等细粉，搅匀，分摊于布上，即得
益肝冲剂,颗粒剂,活血化瘀，行气健脾、解毒利胆。用于无黄疸型慢性、迁延性肝炎,"丹参225g, 郁金60g, 当归30g, 牡丹皮45g, 茯苓45g, 板蓝根150g, 白术(炒)45g, 陈皮45g, 鸡内金45g, 厚朴60g, 木香45g, 延胡索40g, 三棱25g, 山楂(焦)25g",以上十四味，加水煎煮二次，第一次 2 小时，第二次 1.5 小时，合并煎液，滤过，滤液浓缩至相对密度为 1.38~1.40（80~85℃）的清膏；取清膏 1 份、蔗糖 2 份、糊精 1.5 份制成颗粒，干燥，即得
拳参片,片剂,清热解毒。用于湿热痢疾，肠炎，热泻,拳参1000g,取拳参 100g 粉碎成细粉，过筛；另取拳参 900g 粉碎成粗粉，照流浸膏剂与浸膏剂项下的渗漉法（附录 17 页），用 70% 乙醇作溶剂，浸渍 48 小时后，进行渗漉，漉液浓缩至稠膏状，与上述细粉混匀，制成颗粒，压制成片，包衣，即得
宽胸舒气化滞丸,丸剂,舒气宽中，消积化滞。用于肝胃不和，气郁结滞引起：两胁胀满，呃逆积滞，胃脘刺痛，积聚痞块，大便秘结,"沉香6g, 木香6g, 香附(醋炙)12g, 陈皮12g, 牵牛子(炒)120g",以上五味，粉碎成细粉，过筛，混匀，每 100g 粉末加炼蜜 130~140g 制成大蜜丸，即得
调经活血片,片剂,调经活血，行气止痛。用于月经不调，行经腹痛,"木香20g, 川芎20g, 延胡索(醋制)20g, 当归60g, 熟地黄40g, 赤芍40g, 红花30g, 乌药30g, 白术30g, 丹参60g, 香附(制)60g, 吴茱萸(甘草水制)10g, 泽兰60g, 鸡血藤60g, 菟丝子80g",以上十五味，将木香、川芎、延胡索及当归 40g 粉碎成细粉；将当归 20g 与熟地黄等十一味加水煎煮两次，第一次 3 小时，第二次 2 小时，合并煎液，滤过，滤液浓缩成稠膏，加入上述细粉及辅料，混匀，制成颗粒，干燥，压制成 600 片，包糖衣，即得
通脉灵片,片剂,活血化瘀，通脉止痛。用于心绞痛及心肌梗塞,"丹参250g, 红花62.5g, 郁金125g, 地黄125g, 降香62.5g, 川芎62.5g, 乳香(制)31.25g, 没药(制)31.25g",以上八味，红花照流浸膏剂与浸膏剂项下的渗漉法（附录 17 页），用 70% 乙醇作溶剂，浸渍 24 小时后进行渗漉，收集漉液，浓缩至稠膏状；降香提取挥发油，药渣及蒸馏后的水溶液与丹参、地黄、川芎加水煎煮三次，第一次 2 小时，第二次 1.5 小时，第三次 1 小时，合并煎液，滤过，滤液浓缩至稠膏状；郁金粉碎成细粉，与上述膏混合，干燥后，与乳香、没药混合粉碎成细粉，制成颗粒，加入降香挥发油，混匀，压制成片，包糖衣，即得
通幽润燥丸,丸剂,清热导滞，润肠通便。用于胃肠积热，幽门失润引起：脘腹胀满，大便不通,"枳壳(去瓤麸炒)80g, 木香10g, 厚朴(姜炙)80g, 桃仁(去皮)20g, 红花20g, 当归20g, 苦杏仁(去皮炒)20g, 火麻仁20g, 郁李仁20g, 熟地黄20g, 地黄20g, 黄芩80g, 槟榔20g, 熟大黄80g, 大黄40g, 甘草10g",以上十六味，粉碎成细粉，过筛，混匀，每 100g 粉末加炼蜜 110~120g 制成大蜜丸，即得
梅苏丸,丸剂,清热解暑，生津止渴。用于中暑风热，头昏目眩，口干舌燥，津液不足,"乌梅肉200g, 紫苏叶30g, 薄荷叶80g, 葛根20g, 檀香5g, 豆蔻5g, 柿霜240g",以上七味，粉碎成细粉，另取蔗糖 4800g 粉碎成细粉，过筛，再与上述粉末配研，过筛，混匀，用水泛丸，低温干燥，即得
菊明降压丸,丸剂,降低血压。用于高血压及其引起的头痛，目眩,"野菊花800g, 决明子(炒)200g",以上二味，取野菊花 252g 粉碎成细粉，其余野菊花、决明子加水煎煮二次，合并煎液，滤过，滤液浓缩至相对密度为 1.40（50℃）的清膏，与上述粉末泛丸，干燥，包胶衣，打光，即得
乾元丸,丸剂,清热化痰，熄风止痉。用于小儿内蓄痰热，外感风邪引起：身热恶风，咳嗽多痰，烦躁口渴，大便秘结,"全蝎45g, 天麻6g, 胆南星(酒炙)3g, 天竺黄24g, 橘红30g, 桔梗6g, 白术(麸炒)24g, 羌活6g, 薄荷3g, 牛蒡子(炒)24g, 连翘24g, 赤芍30g, 天花粉45g, 大黄24g, 牛黄12g, 琥珀9g, 冰片9g, 麝香3g",以上十八味，琥珀粉碎成细粉，牛黄、冰片、麝香分别研成细粉；其余全蝎等十四味粉碎成细粉，过筛，混匀，与上述琥珀等四味细粉配研均匀，过筛，每 100g 粉末加炼蜜 95~105g 制成大蜜丸，即得
接骨七厘片,片剂,活血化瘀，接骨止痛。用于跌打损伤，续筋接骨，血瘀疼痛,"乳香(炒)100g, 没药(炒)100g, 当归150g, 土鳖虫250g, 骨碎补(烫)150g, 硼砂100g, 血竭150g, 自然铜(煅)100g, 大黄(酒炒)100g",以上九味，粉碎成细粉，过筛，混匀，加辅料适量，混匀，制粒，压片，包糖衣，即得
眼药锭,丹剂,清热、消肿，退翳。用于云翳气蒙，暴发火眼，眼睑红烂,"炉甘石2500g, 珍珠(制)1.6g, 熊胆1.5g, 硼砂(煅)160g, 冰片470g, 硇砂(制)10g",以上六味，分别研成极细粉，过筛；炉甘石依次与珍珠、熊胆、硼砂、硇砂、冰片粉末配研，混匀；每 100g 粉末加炼蜜 40g 制成锭，即得
婴儿安片,片剂,祛风镇惊，消食，化痰，退热。用于小儿发热，咳嗽，食水不化，热惊风,"鸡内金(醋炒)150g, 清半夏100g, 川贝母100g, 天竺黄100g, 陈皮100g, 钩藤100g, 天麻100g, 朱砂100g, 琥珀150g",以上九味，朱砂、琥珀分别水飞或粉碎成极细粉；其余鸡内金等七味粉碎成细粉，过筛，与上述粉末配研，过筛，混匀，制成颗粒，压制成片，即得
得生片,片剂,调经养血，理气化瘀。用于月经不调、经期腹痛，血瘀气滞，症瘕痞块,"益母草960g, 柴胡160g, 当归320g, 川芎80g, 白芍320g, 木香80g",以上六味，益母草加水煎煮二次，第一次 2 小时，第二次 1 小时；柴胡煮沸后温浸二次，第一次 2 小时，第二次 1 小时；合并煎液及温浸液浓缩成膏；当归第一次用 95% 乙醇作溶剂，第二次用 60% 乙醇作溶剂，照流浸膏剂与浸膏剂项下渗漉法（附录 17 页）渗漉二次；川芎、白芍、木香用 60% 乙醇作溶剂，进行渗漉；合并以上漉液，回收乙醇，浓缩成稠膏，与上述浓缩膏合并，加入辅料适量，混匀，制成颗粒，干燥，压制成 1700 片，即得
麻杏止咳糖丸,丸剂,清肺平喘。用于风热咳嗽，气管喘息,"麻黄200g, 苦杏仁200g, 石膏200g, 甘草100g",以上四味，除苦杏仁外，其余麻黄等三味粉碎成细粉，过筛，混匀；苦杏仁加水煎煮二次，合并煎液，滤过，滤液浓缩成浓汁；上述药粉用杏仁浓汁泛丸，低温干燥，包糖衣，即得
痔疮外洗药,洗剂,祛毒止痒，消肿止痛。用于痔疮漏疮，肛门痛痒，坚硬肿胀，流脓血,"芒硝180g, 花椒90g, 防风90g, 黄连60g, 鱼腥草60g, 五倍子90g, 甘草150g",以上七味，粉碎成细粉，过筛，混匀，即得
清肝片,片剂,清热解毒，疏肝退黄。用于急、慢性肝炎,"板蓝根500g, 茵陈250g, 甘草100g",以上三味，取板蓝根 250g 粉碎成细粉，过筛；剩余的板蓝根与其余茵陈等二味加水煎煮二次，每次 2 小时，合并煎液，滤过，滤液浓缩至适量，放冷，加乙醇使含乙醇量为 60%，静置 24 小时，取上清液，浓缩成稠膏状，加入上述板蓝根细粉及蔗糖适量，混匀，制成颗粒，干燥，压制成 1000 片，包糖衣，即得
清胃和中丸,丸剂,清胃，导滞。用于胃热气滞引起：脘腹胀满，烦热口苦、恶心呕吐，饮食少进，大便秘结,"黄芩36g, 黄连72g, 黄柏36g, 大黄72g, 石膏144g, 木香18g, 香附(醋炙)36g, 青皮(醋炙)36g, 陈皮36g, 枳壳(去瓤麸炒)36g, 槟榔36g, 当归36g, 莪术(醋炙)36g, 牵牛子(炒)72g",以上十四味，粉碎成细粉，过筛，混匀，每 100g 粉末加炼蜜 130~140g 制成大蜜丸，即得
清暑益气丸,丸剂,祛暑利湿，补气生津。用于体弱受暑引起：头晕身热，四肢倦怠、自汗心烦，咽干口渴,"人参36g, 黄芪(蜜炙)150g, 白术(麸炒)360g, 苍术(米泔炙)144g, 麦冬72g, 泽泻60g, 五味子(醋炙)36g, 当归48g, 黄柏60g, 葛根348g, 青皮(醋炙)72g, 陈皮72g, 六神曲(麸炒)84g, 升麻60g, 甘草120g",以上十五味，粉碎成细粉，过筛，混匀，每 100g 粉末加炼蜜 120~130g 制成大蜜丸，即得
琥珀还睛丸,丸剂,补益肝肾，清热明目。用于肝肾两亏，虚火上炎引起：内外翳障，瞳仁散大，视力减退、夜盲昏花、目涩羞明，迎风流泪,"琥珀30g, 菊花45g, 青葙子45g, 黄连15g, 黄柏45g, 知母45g, 石斛40g, 地黄90g, 麦冬45g, 天冬45g, 党参(去皮)45g, 山药45g, 茯苓45g, 甘草(蜜炙)20g, 枳壳(去瓤麸炒)45g, 苦杏仁(去皮炒)45g, 当归45g, 川芎45g, 熟地黄45g, 枸杞子45g, 沙苑子60g, 菟丝子45g, 肉苁蓉(酒炙)45g, 杜仲(炭)45g, 羚羊角粉15g, 水牛角浓缩粉18g",以上二十六味，除羚羊角粉、水牛角浓缩粉外，其余琥珀等二十四味粉碎成细粉，过筛，混匀，与上述羚羊角粉等二味细粉配研，过筛，混匀，每 100g 粉末加炼蜜 100g 制成大蜜丸，即得
搜风顺气丸,丸剂,搜风顺气，润肠通便。用于肠胃积热，胸膈痞闷，大便燥结，肠红痔漏,"大黄(酒炙)150g, 山药90g, 独活30g, 火麻仁90g, 车前子90g, 菟丝子30g, 槟榔30g, 郁李仁90g, 牛膝90g, 防风30g, 枳壳30g",以上十一味，除火麻仁、郁李仁外，大黄等九味粉碎成细粉，过筛；或将车前子另研细，再共研细粉，过筛；将火麻仁、郁李仁与上述细粉配研，过筛，混匀，每 100g 粉末加炼蜜 100~110g 制成大蜜丸，即得
搜风理肺丸,丸剂,清热解表，宣肺止咳。用于外感风寒，肺失宣降引起：发热恶寒，头痛无汗，四肢酸软，鼻塞流涕，咳嗽痰多，胸闷喘急,"荆芥穗24g, 紫苏梗36g, 薄荷24g, 前胡48g, 陈皮72g, 苦杏仁(去皮炒)72g, 桔梗72g, 枳壳(去瓤麸炒)72g, 旋覆花72g, 竹茹72g, 法半夏48g, 瓜蒌子(蜜炙)96g, 黄芩48g, 甘草24g",以上十四味，粉碎成细粉，过筛，混匀，每 100g 粉末加炼蜜 140~160g 制成大蜜丸，即得
蛤蚧养肺丸,丸剂,补虚润肺，止咳化痰。用于痨伤咳嗽，精神不振，四肢疲倦、肺痨肺炎,"蛤蚧62.5g, 前胡30g, 莲子40g, 天冬40g, 瓜蒌子30g, 麦冬40g, 天花粉30g, 川贝母40g, 白前30g, 化橘红30g, 桔梗30g, 桑白皮30g, 苦杏仁30g, 白芥子30g, 紫苏子(炒)20g, 茯苓40g, 莱菔子(炒)30g, 薏苡仁40g, 山药40g, 百合50g, 白扁豆(炒)40g, 党参50g, 黄芪50g, 北沙参40g, 甘草30g, 白及50g, 半夏(制)15g",以上二十七味，粉碎成细粉，过筛，混匀；每 100g 粉末加炼蜜 75~100g 制成大蜜丸，即得
跌打止痛片,片剂,活血祛瘀，消肿止痛。用于跌打损伤，闪腰岔气,"菊三七(制)150g, 红花100g, 当归100g, 土鳖虫50g, 马钱子(砂烫)10g, 合欢皮100g",以上六味，取菊三七 75g、当归、土鳖虫、马钱子粉碎成细粉，过筛；另取菊三七 75g 及红花、合欢皮加水煎煮二次，第一次 2 小时，第二次 1 小时，合并煎液，滤过，滤液浓缩至糊膏状，与上述细粉混匀，制成颗粒，压制成片，包糖衣，即得
跌打风湿酒,酒剂,祛风除湿。用于风湿骨痛，跌打撞伤，风寒湿痹，积瘀肿痛,"五加皮50g, 红花40g, 骨碎补80g, 细辛30g, 桂枝30g, 地黄40g, 宽筋藤80g, 千斤拔80g, 当归40g, 莪术50g, 怀牛膝40g, 栀子40g, 九里香160g, 过江龙160g, 枫荷桂80g, 陈皮30g, 泽兰40g, 苍术30g, 麻黄20g, 木香30g, 羊耳菊80g, 海风藤80g, 甘草50g",以上二十三味，置容器内，加白酒 16000g，密闭浸泡 30 天以上，滤过，即得
遗尿散,散剂,温肾，涩尿。用于睡中遗尿,"粉萆薢(盐炒)500g, 益智仁(盐炒)25g, 朱砂25g",以上三味，朱砂水飞或粉碎成极细粉；益智仁等二味粉碎成最细粉，与朱砂配研，混匀，即得
喘舒片,片剂,温肾纳气，化痰定喘。用于慢性支气管炎、支气管哮喘，肺气肿，尤适于喘息型气管炎,"升华硫230g, 大黄粉30g, 盐酸双氯醇胺10mg, 黄芩提取物(以黄芩甙计)60g",以上四味，升华硫、大黄粉、黄芩提取物混匀，制成颗粒，干燥，加入盐酸双氯醇胺，混匀，压制成 1000 片，包糖衣，即得
舒郁九宝丸,丸剂,解郁宽胸、理气止痛。用于胸膈满闷，胃脘疼痛，干哕气逆、纳差、腹胀,"木香27g, 砂仁27g, 丁香72g, 沉香27g, 香附(醋炙)72g, 青皮(醋炙)27g, 陈皮27g, 厚朴(姜炙)27g, 豆蔻27g, 当归72g, 白芍54g, 白术(麸炒)36g, 茯苓72g, 白扁豆(去皮)72g, 六神曲(麸炒)36g, 甘草27g",以上十六味，粉碎成细粉，过筛，混匀，每 100g 粉末加炼蜜 150~160g 制成大蜜丸，即得
舒络养肝丸,丸剂,柔肝养血，通络止痛。用于筋脉拘挛、肢体麻木，关节酸楚、疼痛，胁胀胸闷,"白芍24g, 柴胡12g, 香附(醋制)12g, 木香12g, 木瓜12g, 秦艽12g, 防风12g, 独活12g, 羌活12g, 地枫皮12g, 青风藤12g, 海风藤12g, 怀牛膝24g, 续断18g, 麻黄24g, 乳香(醋制)12g, 没药(醋制)12g, 川芎12g, 当归24g, 延胡索(醋制)24g, 苍术(米泔炙)12g, 厚朴(姜制)12g, 杜仲(炭)18g, 甘草48g, 赭石(煅醋淬)48g, 马钱子粉72g",以上二十六味，除马钱子粉外，其余白芍等二十五味粉碎成细粉，过筛，混匀，与上述马钱子粉配研，过筛，混匀，每 100g 粉末加炼蜜 120~130g 制成大蜜丸，即得
痢必灵片,片剂,清热利湿。用于热病痢疾，热泻、腹痛等症,"苦参500g, 白芍250g, 木香150g",以上三味，木香、白芍粉碎成细粉；苦参加水煎煮二次，第一次 2 小时，第二次 1.5 小时，合并煎液，滤过，滤液浓缩至稠膏状，与上述细粉混匀，制成颗粒，低温干燥，压制成片，包糖衣，即得
温脾止泻丸,丸剂,温中散寒，健脾止泻。用于脾寒阳虚、中宫失运，泄泻无度，样如米泔,"人参45g, 白术(麸炒)105g, 茯苓60g, 甘草45g, 木香30g, 青皮(醋炙)30g, 炮姜15g, 黄连15g, 熟地黄120g, 山药60g, 肉桂(去粗皮)30g, 附子(制)45g, 泽泻60g",以上十三味，粉碎成细粉，过筛，混匀，每 100g 粉末加炼蜜 110~120g 制成大蜜丸，即得
温脾固肠散,散剂,健脾止泻。用于脾虚久泻，便溏腹胀，腹痛肠鸣,"白术(土炒)30g, 车前子30g, 肉豆蔻(煨)20g, 诃子肉20g, 白扁豆(土炒)30g, 莲子肉(麸炒)20g, 薏苡仁(麸炒)20g, 山药(麸炒)20g, 甘草(蜜炙)15g, 木香10g, 罂粟壳20g, 党参20g",以上十二味，粉碎成细粉，过筛，混匀，即得
溃平宁冲剂,颗粒剂,止血，止痛，收敛。用于胃溃疡，十二指肠溃疡、合并上消化道出血症,"大黄浸膏250g, 白及250g, 延胡索粗碱20g",以上三味，与淀粉 125g 和蔗糖适量分别粉碎成细粉，并同淀粉、蔗糖按配研法，混匀，用 75% 乙醇制粒，整粒，干燥，制成 2000g，即得
溃疡宁片,片剂,制酸、解痉、止痛、止血，调整胃肠功能，促进溃疡面的愈合。用于胃及十二指肠溃疡,"甘草浸膏166g, 海螵蛸334g, 维生素U66g, 硫酸阿托品0.0334g, 氢氯噻嗪3.34g, 盐酸普鲁卡因100g",以上六味，海螺蛸、维生素 U、氢氯噻嗪、盐酸普鲁卡因及预先干燥的甘草浸膏，分别粉碎成细粉，过筛，混匀，用硫酸阿托品的 60% 乙醇溶液喷雾制成颗粒，压制成 1000 片，包糖衣，即得
寒喘丸,丸剂,止嗽定喘，发散风寒。用于咳嗽痰盛，哮喘不止，咽喉不利，夜卧不宁,"清半夏500g, 大枣(去核)400g, 麻黄400g, 射干300g, 细辛300g, 款冬花300g, 紫菀300g, 五味子(酒制)300g, 干姜200g",以上九味，粉碎成细粉，过筛，混匀，用水泛丸，干燥，即得
寒湿痹丸,丸剂,祛风散寒、除湿止痛。用于风寒湿痹，骨节肿痛、四肢麻木、偏瘫,"苍术(制)240g, 当归30g, 川芎30g, 制何首乌30g, 石斛30g, 全蝎30g, 防风30g, 羌活30g, 麻黄30g, 细辛30g, 制川乌30g, 制草乌30g, 天麻30g, 荆芥30g, 雄黄18g, 甘草30g",以上十六味，除雄黄外，其余苍术等十五味粉碎成细粉；将雄黄水飞或粉碎成极细粉，与上述粉末配研，过筛，混匀，每 100g 粉末加炼蜜 110~120g 制成大蜜丸，即得
强肾镇痛丸,丸剂,温肾散寒。用于肾虚受寒引起的腰腿酸痛，足膝无力,"桑寄生100g, 续断100g, 附子(制)100g, 鹿角30g, 核桃仁100g, 党参100g, 猪脊髓200g",以上七味，鹿角、猪脊髓加黄酒 40g 装罐蒸 24 小时；桑寄生、续断、附子、党参等四味粉碎成粗粉，与上述罐蒸药料掺匀，干燥，粉碎成细粉，过筛；再将核桃仁捣烂，与上述粉末研匀，过筛，混匀，每 100g 粉末加炼蜜 60~70g 制成大蜜丸，即得
蓝花药,丸剂,清热解毒，消疳。用于急慢性扁桃腺炎、齿龈红肿，咽喉疼痛，小儿疳症,"硼砂100g, 冰片45g, 青黛60g, 玄明粉60g, 滑石粉50g, 琥珀50g, 枯矾20g, 石膏150g, 儿茶30g, 胡黄连30g",以上十味，除冰片外，其余硼砂等九味粉碎成细粉；将冰片研细，与上述粉末配研，过筛，混匀，用水泛成极小丸；另取滑石粉、药用炭等适量混合，制成挂衣粉，用蔗糖 10g、桃胶 5g 加水制成 45g 稀胶糖浆作为粘合剂，将水丸包衣（每 300g 干丸用挂衣粉及粘合剂各 27g），打光，低温干燥，即得
蒲地蓝消炎片,片剂,清热解毒，抗炎消肿。用于疖肿、腮腺炎、咽炎，淋巴腺炎，扁桃体炎等,"黄芩450g, 蒲公英1200g, 苦地丁300g, 板蓝根450g",以上四味，黄芩 250g 粉碎成细粉，过筛，备用；其余黄芩用 60% 乙醇提取，回收乙醇，浓缩成膏；蒲公英、苦地丁加水煎煮二次，合并煎液，滤过；板蓝根加水煮沸后温浸二次，滤过，合并滤液，加入上述水液，浓缩成稠膏状，加入上述乙醇浓缩膏、黄芩粉末及辅料适量，混匀，制成颗粒，干燥，压制成 2660 片，包糖衣，即得
感冒止咳糖浆,糖浆剂,解表清热，止咳化痰。用于感冒或流感发热，头痛鼻塞、伤风咳嗽，咽痛、肢痛,"柴胡100g, 金银花75g, 葛根100g, 青蒿75g, 连翘75g, 黄芩75g, 桔梗50g, 苦杏仁50g, 薄荷脑0.15g",以上九味，除薄荷脑用适量乙醇溶解外，其余柴胡等八味加水煎煮二次，每次 4 小时，合并煎液，滤过，滤液浓缩至适量，加入蔗糖 400g，煮沸溶解，滤过，放冷，加入薄荷脑乙醇溶液及防腐剂适量，加水至 1000ml，搅匀，即得
感冒药片,片剂,解表，退热、止痛。用于感冒发烧、头痛、周身酸痛,"防风80g, 前胡80g, 石膏80g, 板蓝根80g, 桔梗80g, 柴胡60g, 大青叶40g, 川芎40g, 羌活40g, 竹茹40g, 甘草40g, 葛根40g, 薄荷油0.2ml, 薄荷脑0.2g",以上十四味，取羌活、防风提取挥发油，蒸馏后的水溶液另器保存；石膏、葛根、川芎粉碎成细粉，过筛，备用；柴胡、甘草、板蓝根、竹茹、大青叶加水煎煮二次，第一次 3 小时，第二次 2 小时，合并煎液，滤过，与上述水溶液合并浓缩成稠膏状；桔梗、前胡粉碎成粗粉，照流浸膏剂及浸膏剂项下的渗漉法（附录 17 页）用 70% 乙醇作溶剂，分别浸渍 24 小时后进行渗漉，漉液回收乙醇并浓缩成稠膏状；合并以上稠膏与上述细粉混匀，制成颗粒，干燥，喷加薄荷油、薄荷脑、羌活等挥发油，混匀，压制成片，即得
感冒咳嗽冲剂,颗粒剂,清热解毒，止咳化痰。用于感冒发热，头痛、咳嗽。,"金银花150g, 枇杷叶360g, 百部110g, 桔梗150g, 天花粉50g, 桉油7ml",以上六味，除桉油外，其余金银花等五味加水煎煮二次，每次2小时，合并煎液、滤过，浓缩成稠膏状。加乙醇3倍量，搅拌、静置24小时，滤过，滤液浓缩至约130ml，加入糖粉适量，混匀，制成颗粒，干燥，喷入桉油、混匀，制成颗粒或压块，干燥，即得。
照山白浸膏片,片剂,祛风、散寒、活血、通络、祛痰、止咳。用于妇女产后风寒身痛、月经不调、痛经、老年慢性气管炎。,照山白1000g,取照山白70g、粉碎成细粉、其余930g破碎成小块，加水煎煮二次，第一次2小时，第二次1小时，合并煎液，滤过，滤液浓缩至稠膏状，加入上述细粉、混匀，制粒，压制成片，包糖衣，即得。
愈风丹,丹剂,祛风散寒，活血止痛。用于半身不遂、腰腿疼痛、手足麻木，偏正头痛、风寒湿痹。,"制川乌80g, 制草乌80g, 苍术80g, 白芷80g, 当归20g, 天麻20g, 防风20g, 荆芥穗20g, 麻黄20g, 石斛20g, 制何首乌20g, 羌活20g, 独活20g, 甘草20g, 川芎10g",以上十五味，粉碎成细粉，过筛、混匀。每100g粉末加炼蜜125～135g制成大蜜丸，即得。
腮腺炎片,片剂,清热解毒，消肿散结。用于腮腺炎。,"蓼大青叶150g, 板蓝根150g, 连翘150g, 蒲公英150g, 夏枯草100g, 牛黄1g",以上六味，除板蓝根100g粉碎成细粉外，牛黄研细，其余板蓝根50g加水煎煮三次，每次2小时，合并煎液，滤过，蓼大青叶、蒲公英、连翘、夏枯草加水热浸三次，每次2小时，合并浸出液，滤过；将上述二种滤液合并，减压浓缩至相对密度为1.35～1.40（50℃）的清膏，加入上述细粉及牛黄，制成颗粒，干燥，压制成600片，即得。
缠喉散,散剂,定惊安神，清咽解毒。用于小儿惊风，痰涎壅盛，咽喉肿痛。,"朱砂500g, 雄黄500g, 巴豆霜250g, 倒爬虫22g",以上四味，朱砂、雄黄水飞或粉碎成极细粉，倒爬虫粉碎成细粉，将巴豆霜粉末与上述粉末配研，过筛，混匀，即得。
嗣育保胎丸,丸剂,补气养血，安胎保产。用于孕妇气血不足引起：恶心呕吐，腹酸腹痛，足膝浮肿，胎动不安，屡经流产。,"黄芪40g, 党参40g, 茯苓40g, 白术(麸炒)40g, 甘草5g, 当归40g, 川芎30g, 白芍40g, 熟地黄40g, 阿胶20g, 桑寄生30g, 菟丝子40g, 艾叶(炭)40g, 荆芥穗10g, 厚朴(姜炙)10g, 枳壳(去皮麸炒)30g, 川贝母20g, 羌活5g, 鹿茸粉3g",以上十九味，除鹿茸粉外，其余黄芪等十八味粉碎成细粉，过筛，混匀，与上述鹿茸粉配研，过筛，混匀，每100g粉末加炼蜜150g制成大蜜丸，即得。
慢惊丸,丸剂,补气养血，温脾止泻。用于小儿吐泻日久，脾胃虚弱引起：面色青白，身体瘦弱，四肢厥冷，睡卧露睛。,"人参90g, 白术(麸炒)90g, 丁香30g, 甘草60g, 附子(制)90g, 肉桂90g, 枸杞子90g, 熟地黄120g, 泽泻120g",以上九味，粉碎成细粉，过筛，混匀。每100g粉末加炼蜜120～130g制成大蜜丸，即得。
膏药咀,膏剂,活血止痛，粘合皮肤。用于手足皲裂症。,"麻油1500g, 红丹500g",以上二味，麻油炼至滴水成珠，取红丹加入油内，搅匀，收膏，将膏浸泡于水中，取膏用文火熔化，冷却至40～45℃时分成小坨，每坨重15g，搓成20cm条，均分十段，撒适量滑石粉，包装，即得。
精制银翘解毒片,片剂,清热散风，解表退烧。用于流行性感冒、发冷发烧、四肢酸懒、头痛咳嗽、咽喉肿痛、温毒发颐、两腮赤肿。,"扑热息痛72g, 桔梗120g, 连翘200g, 淡豆豉100g, 甘草100g, 淡竹叶80g, 金银花200g, 牛蒡子120g, 荆芥穗80g, 薄荷脑0.6g",以上十味，扑热息痛、桔梗分别粉碎成细粉；荆芥穗提取挥发油，将荆芥穗油、薄荷脑用适量乙醇溶解；其余连翘等六味加水煎煮二次，滤过，合并滤液，滤液浓缩成膏，加入桔梗、扑热息痛粉末及辅料适量，混匀，制成颗粒，烘干，放冷，加入荆芥穗油、薄荷脑乙醇溶液，混匀，应出颗粒数为408g，压片，包糖衣，即得。
赛金化毒散,散剂,清热解毒。用于小儿毒火内热，口疮、咽炎、咳嗽、便秘。,"乳香(制)50g, 黄连50g, 没药(制)50g, 甘草35g, 川贝母50g, 赤芍100g, 雄黄25g, 冰片10g, 天花粉50g, 牛黄10g, 大黄37g, 珍珠20g, 大黄(酒炒)37g",以上十三味，除牛黄、冰片外，雄黄、珍珠分别水飞或粉碎成极细粉；其余乳香等九味粉碎成细粉；将牛黄、冰片研细，与上述粉末配研，过筛，混匀，即得。
增力再生丸,丸剂,补气养血，舒筋活络。用于气血虚弱，筋骨疼痛，四肢麻木、中风，半身不遂，遗精失血，再障贫血。,"人参70g, 黄芪(蜜炙)70g, 熟地黄70g, 当归(酒洗)70g, 白芍70g, 川芎70g, 白术70g, 茯苓70g, 薏苡仁50g, 鸡血藤50g, 钩藤50g, 僵蚕50g, 防风50g, 羌活50g, 木瓜50g, 牛膝(酒洗)50g, 乌药50g, 杜仲(盐炒)50g, 附子(制)30g, 肉桂30g, 沉香30g, 甘草30g, 大枣30g",以上二十三味，粉碎成细粉，过筛，混匀，每100g粉末加炼蜜130～140g制成大蜜丸，即得。
醋制香附丸,丸剂,调气和血，逐瘀生新。用于气滞血瘀、症瘕积聚，行经腹痛，月经不调。,"香附(醋制)280g, 益母草10g, 当归20g, 熟地黄20g, 白芍15g, 柴胡15g, 川芎10g, 延胡索(醋制)10g, 乌药10g, 红花9g, 干漆(炭)10g, 三棱(醋制)10g, 莪术(醋制)10g, 艾叶(炭)10g, 牡丹皮5g, 丹参5g, 乌梅5g",以上十七味，粉碎成细粉，过筛，混匀，每100g粉末加炼蜜130～150g制成大蜜丸，即得。
鹤草芽栓,栓剂,杀滴虫，消炎、止痒。用于阴道滴虫感染，滴虫性阴道炎，因阴道滴虫所致白带增多，外阴瘙痒等症。对子宫宫颈糜烂有一定疗效。,"鹤草芽浸膏(45%)111g, 明胶744g, 甘油2066g, 对羟基苯甲酸甲酯0.5g, 对羟基苯甲酸乙酯1.5g",取明胶744g研成粗粉，用水579g浸泡4小时，置水浴中加热至熔融，趁热加入甘油2066g，搅拌均匀，置水浴中备用。取对羟基苯甲酸甲酯0.5g、对羟基苯甲酸乙酯1.5g，用乙醇适量溶解，缓缓加入温热的鹤草芽浸膏（45%）111g中，混匀，加入上述热的甘油明胶基质中，充分搅拌均匀，于水浴上静置。待泡沫消失后，趁热灌注模具中，共制成1000粒，冷却，即得。
镇咳宁糖浆,糖浆剂,镇咳祛痰。用于伤风咳嗽，支气管炎、哮喘等。,"甘草流浸膏40ml, 桔梗酊240ml, 盐酸麻黄碱0.8g, 桑白皮酊60ml, 酒石酸锑钾0.1g",取蔗糖600g制成单糖浆。待糖浆温度降至60℃以下，加入甘草流浸膏、桔梗酊、桑白皮酊、尼泊金乙酯0.1g的醇溶液、盐酸麻黄碱、酒石酸锑钾及香草香精2ml，搅拌混合，加水使成1000ml。搅匀，滤过，即得。
橘红梨膏,膏剂,养阴清肺，止咳化痰。用于肺胃阴虚、口干咽燥；久咳痰少。,"化橘红300g, 梨1500g, 川贝母5g, 天冬150g, 麦冬300g, 苦杏仁150g, 枇杷叶150g, 五味子150g",以上八味，川贝母粉碎成细粉，梨洗净后切成小块，压榨取汁，滤过，梨液与化橘红等六味加水煎煮二次，每次2小时，合并煎液，滤过，静置24小时，取上清液与梨汁混合，浓缩至相对密度为1.20（80℃）的清膏，滤过，另取蔗糖2500g，加水适量溶解，滤过，与上述清膏混合，浓缩至相对密度为1.35（80℃），趁热加入川贝母粉，搅匀，即得。
磨积散,散剂,消疳，磨积。用于小儿宿食积滞引起：停食停乳，不思饮食，面黄肌瘦，腹胀坚硬，虫积腹痛。,"鸡内金(醋炙)240g, 白扁豆(去皮)240g, 木香60g, 砂仁120g, 使君子仁120g, 三棱(麸炒)60g, 莪术(醋炙)60g, 水红花子240g",以上八味，粉碎成细粉，过筛，混匀，即得。
藏青果冲剂,颗粒剂,清热、利咽、生津。用于急、慢性咽炎、慢性喉炎、慢性扁桃体炎。,西青果500g,取西青果500g，加水煎煮二次，每次1.5小时，合并煎液。滤过，滤液浓缩至相对密度为1.23～1.24（75～80℃）的清膏。加乙醇4倍量。搅匀，静置48小时。滤过。滤液浓缩成稠膏状，加入蔗糖粉、混匀，制成颗粒或压块。干燥，即得。
癫狂马宝散,散剂,清热化痰、镇静安神。用于痰热蒙蔽心窍引起：精神错乱，疯狂打闹，躁动不安，羊痫疯症。,"马宝600g, 琥珀30g, 龙涎香30g, 珍珠(豆腐炙)3g, 牛黄15g",以上五味，分别研成细粉，过筛、配研，过筛，混匀，即得。
囊虫丸,丸剂,杀虫驱虫、活血化瘀，软坚消炎、镇静止痛。用于人的猪囊虫病、脑囊虫及脑囊虫引起的偏瘫。,"茯苓500g, 水蛭(烫)87.5g, 干漆(炭)87.5g, 雷丸250g, 大黄125g, 僵蚕(炒)375g, 桃仁375g, 黄连125g, 牡丹皮250g, 生川乌30g, 芫花(醋制)30g, 化橘红150g, 五灵脂流浸膏600g",以上十三味，除五灵脂流浸膏、桃仁外，其余大黄等十一味粉碎成细粉。将桃仁粉碎，与上述粉末配研，过筛，混匀。取粉末，五灵脂流浸膏及炼蜜制成大蜜丸（每100g粉末加炼蜜90～95g），即得。
十全大补酒,酒剂,温补气血，用于气血两虚，面色苍白，气短心悸，头晕自汗，体倦乏力，四肢不温，月经量多,"党参80g, 白术(炒)80g, 茯苓80g, 甘草(蜜炙)40g, 当归120g, 川芎40g, 白芍(炒)80g, 熟地黄120g, 黄芪(蜜炙)80g, 肉桂20g",以上十味，粉碎成粗粉，照流浸膏剂与浸膏剂项下的方法（附录 17 页），用白酒 1720ml 作溶剂，浸渍 48 小时后，以每分钟 1~3ml 的速度缓缓渗漉，收集漉液，加入蔗糖 172g，搅匀，静置，滤过，即得
十灰丸,丸剂,凉血止血，用于吐血、衄血、血崩及一切出血不止诸症,"大蓟(炒炭)80g, 小蓟(炒炭)80g, 茜草(炒炭)80g, 栀子(炒炭)80g, 牡丹皮(炒炭)80g, 棕榈(煅炭)80g, 侧柏叶(炒炭)80g, 白茅根(炒炭)80g, 大黄(炒炭)80g, 荷叶(煅炭)80g",以上十味，粉碎成细粉，过筛，混匀，用水泛丸。用白及 32g 煎浓汁盖面，干燥，即得
丁香风油精,口服液,清凉散热，止痛止痒，用于感冒头痛，蚊虫叮咬，晕船晕车，亦可用于龋齿止痛,"桉油460g, 丁香酚150g, 薄荷油120g, 樟脑10g, 香精油100g, 叶绿素1g",以上六味，取薄荷油、樟脑，加液状石蜡适量溶解后，加入桉油、丁香酚、香精油、叶绿素，再加液状石蜡制成 1000g，混匀，静置，滤过，即得
人参北芪片,片剂,扶正固本，补气升阳，强心固脱，补虚生津，用于体虚欲脱，肢体倦怠，神疲乏力，多梦健忘等症,"人参（生晒参）50g, 黄芪膏粉200g",取人参粉碎成细粉，加入黄芪膏粉及辅料适量，混匀，制粒，干燥，压制成 1000 片，包糖衣，即得
人参五味子冲剂,颗粒剂,益气敛阴，安神镇静，用于病后体虚，神经衰弱,"五味子600g, 生晒参400g",以上二味，生晒参、五味子酌予碎断，加 30% 乙醇适量，浸渍 3 天，滤过，残渣再以同法浸渍 2 天，滤过，合并滤液，静置，取上清液浓缩至稠膏，加入蔗糖粉适量，制成颗粒，干燥，制成 10000g，即得
人参归脾丸,丸剂,益气补血，健脾养心，用于心脾两虚，气血不足所致的心悸、怔忡，失眠健忘，食少体倦，面色萎黄以及脾不统血所致的便血、崩漏，带下诸症,"人参80g, 白术(麸炒)160g, 茯苓160g, 甘草(蜜炙)40g, 黄芪(蜜炙)80g, 当归160g, 木香40g, 远志(去心甘草炙)160g, 龙眼肉160g, 酸枣仁(炒)80g",以上十味，粉碎成细粉，过筛，混匀。每 100g 粉末加炼蜜 130~140g 制成大蜜丸，即得
三层茴香丸,丸剂,温经散寒，行气止痛，用于寒疝及寒湿所致的少腹疼痛,"八角茴香（盐100g拌炒）200g, 川楝子（炒）200g, 木香200g, 茯苓800g, 北沙参200g, 草菱200g, 槟榔100g, 附子（制）100g",以上八味，粉碎成细粉，过筛，混匀，用水泛丸，低温干燥，即得
万年春酒,酒剂,补气健脾，益精滋肾，祛风活血，强壮筋骨，用于气虚脾弱，腰膝酸软，风湿关节痛等,"红参20g, 枸杞子30g, 地枫皮15g, 玉竹100g, 锁阳20g, 川牛膝15g, 淫羊藿20g, 丹参20g, 红花40g, 狗脊(制)20g, 白术(麸炒)20g",以上十一味，酌予碎断，混匀，加入釉酒（52 度）4.8kg 浸泡 1 天后，循环提取 4 天，滤过，滤渣压榨，榨出液滤过，与上述滤液合并；取蔗糖 2.4kg，加水 1.2kg，加热溶解，滤过。将糖液和釉酒 11.2kg，加入上述提取液中，混匀，冷藏 12 小时，滤过，即得
山花晶（冲剂）,颗粒剂,滋补肝肾，清肝明目，用于阴虚阳亢、头痛眩晕，亦用于高血压，高血脂症,"山楂(炒)150g, 菊花75g, 枸杞子75g",以上三味，加水煎煮三次，第一次 4 小时，第二次 3 小时，第三次 2 小时，合并煎液，滤过，滤液浓缩至适量，放冷，加乙醇 3 倍量，搅匀，静置 24 小时，取上清液，回收乙醇，并浓缩成 60ml，加蔗糖粉适量，混匀，制成颗粒，干燥，制成 1000g，即得
千金茶,茶剂,疏风解表，利湿和中，用于四季伤风感冒，中暑发热，腹痛身酸，呕吐泄泻,"香薷25g, 甘草50g, 香附20g, 苍术50g, 石菖蒲15g, 厚朴(制)40g, 羌活25g, 陈皮(制)25g, 贯众25g, 柴胡25g, 紫苏25g, 半夏(制)25g, 川芎(酒制)25g, 薄荷15g, 枳壳25g, 玉叶金花50g, 桔梗25g, 荆芥25g, 广藿香25g, 茶叶50g",以上二十味，分别粉碎成粗粉，混匀，取生姜 50g 切片，煎水，加入上述粗粉中，使湿润均匀，放置发酵一天，以文火炒至微焦，干燥，即得
卫生宝丸 (卫生宝丹),丹剂,疏风解表，润肺化痰，用于外感风寒，内有蕴热而致的怕冷发烧，四肢酸懒，头疼目眩，咳嗽痰多，口渴咽干,"黄芩600g, 玄参600g, 天花粉450g, 麦冬450g, 竹茹600g, 僵蚕(麸炒)450g, 荆芥穗600g, 薄荷450g, 桔梗450g, 柴胡450g, 紫苏叶450g, 苦杏仁(去皮炒)450g, 六神曲(麸炒)900g, 甘草450g, 朱砂粉375g, 羚羊角粉15g, 水牛角浓缩粉30g, 冰片75g, 雄黄粉75g",以上十九味，除朱砂粉、羚羊角粉、水牛角浓缩粉、雄黄粉外，冰片研成细粉；其余玄参等十四味粉碎成细粉，过筛，混匀，与上述朱砂粉等五味细粉配研均匀，过筛。每 100g 粉末加炼蜜 130~140g 制成大蜜丸，即得
卫生培元丸,丸剂,大补元气，用于气血虚弱，四肢无力,"白术40g, 当归40g, 杜仲(盐制)60g, 枸杞子60g, 茯苓60g, 白芍(酒制)40g, 山药80g, 人参80g, 党参(蜜炙)320g, 熟地黄320g, 酸枣仁20g, 砂仁20g, 丹参20g, 甘草(制)20g, 鹿茸8g, 黄芪(制)60g, 肉桂16g, 远志(姜制)12g, 陈皮12g, 川芎20g",以上二十味，粉碎成细粉，过筛，混匀。每 100g 粉末加炼蜜 90~100g 制成大蜜丸，即得
小儿止嗽丸,丸剂,润肺清热，止嗽化痰，用于小儿内热发烧，咳嗽痰盛，腹胀便秘,"玄参64g, 麦冬64g, 苦杏仁(炒)64g, 胆南星64g, 紫苏子(炒)32g, 槟榔(焦)48g, 天花粉48g, 紫苏叶32g, 川贝母48g, 知母32g, 瓜蒌子(蜜炙)48g, 甘草48g, 桔梗48g, 竹茹48g, 桑白皮(蜜炙)48g",以上十五味，粉碎成细粉，过筛，混匀。每 100g 粉末加炼蜜 95~105g 制成大蜜丸，即得
小儿百部止咳糖浆,糖浆剂,清肺、止咳、化痰，用于小儿肺热咳嗽，百日咳，痰多黄稠,"百部(蜜制)100g, 苦杏仁50g, 桔梗50g, 桑白皮50g, 麦冬25g, 知母25g, 黄芩100g, 陈皮100g, 甘草25g, 天南星(制)25g, 枳壳(炒)50g",以上十一味，加水煎煮二次，第一次 3 小时，第二次 2 小时，合并煎液，滤过，滤液静置 6 小时以上，取上清液，浓缩至适量。另取蔗糖 650g，加水煮沸制成糖浆，与上述浓缩液混匀，煮沸，放冷，加入防腐剂与香精适量。加水至 1000ml，搅匀，静置，滤过，即得
小儿吐泻宁 (散),散剂,理气和中，健脾化湿，用于小儿脾胃不和引起的吐泻、腹胀、不思饮食等,"广藿香150g, 姜半夏150g, 陈皮150g, 白术(炒)150g, 茯苓150g, 厚朴(姜制)100g, 甘草50g",以上七味，粉碎成细粉，过筛，混匀，即得
小儿奇应丸,丸剂,解热定惊，化痰止咳，消食杀虫，用于小儿惊风发热，咳嗽多痰，食积，虫积,"雄黄150g, 朱砂120g, 天竺黄120g, 胆南星100g, 天麻100g, 僵蚕(麸炒)120g, 冰片80g, 黄连100g, 雷丸150g, 牛黄20g, 琥珀120g, 桔梗100g, 蟾酥(酒制)30g, 鸡内金(炒)100g",以上十四味，除牛黄、冰片、蟾酥外，朱砂、雄黄粉碎成极细粉；其余天竺黄等十一味粉碎成细粉；将牛黄、冰片分别研细，与上述粉末配研，过筛，混匀。用蟾酥糊加适量水泛丸，干燥，即得
小儿珍贝散,散剂,清热、消炎、止咳、化痰，用于小儿气管炎，支气管炎，哮喘性支气管炎,"牛黄50g, 珍珠50g, 川贝母300g, 天竺黄200g, 沉香100g, 胆南星50g, 煅硼砂50g, 冰片10g",以上八味，珍珠水飞或粉碎成最细粉，与川贝母等共研成细粉，过筛，混匀，即得
小儿咳喘灵冲剂,颗粒剂,宣肺、清热、止咳、祛痰、平喘，用于上呼吸道感染，气管炎，肺炎，咳嗽等,"麻黄25g, 金银花250g, 苦杏仁125g, 板蓝根250g, 石膏375g, 甘草125g, 瓜蒌125g",以上七味，石膏、苦杏仁、甘草、板蓝根、瓜蒌，加水煎煮 1 小时，滤过。药渣与麻黄、金银花加水煎煮 1 小时，滤过，合并滤液，静置，取上清液，浓缩成流浸膏，加乙醇一倍量，搅匀，冷藏 12~48 小时，滤取上清液，回收乙醇，浓缩成稠膏，加入适量的糊精及蔗糖粉制粒，干燥，制成 400g，即得
小儿咳喘灵口服液,口服液,宣肺清热，止咳、祛痰、平喘，用于上呼吸道感染，气管炎、肺炎，咳嗽等,"麻黄25g, 金银花250g, 苦杏仁125g, 板蓝根250g, 石膏375g, 甘草125g, 瓜蒌125g",以上七味，苦杏仁、石膏、板蓝根、甘草、瓜蒌加水煎煮 1 小时，滤过；药渣与麻黄、金银花加水煎煮 1 小时，滤过，合并滤液，静置，取上清液，浓缩至流浸膏，加入乙醇使含醇量为 65%，搅匀，静置冷藏；取上清液，滤过，回收乙醇，浓缩至适量，加入甜菊糖及防腐剂适量，搅拌均匀，滤过，加水至 2000ml，即得
小儿消炎栓,栓剂,清热解毒，抗菌消炎，用于上呼吸道感染、急性扁桃体炎，喉炎等症,"金银花250g, 连翘500g, 黄芩250g",以上三味，连翘、黄芩加水煎煮 30 分钟后，加入金银花继续煎煮二次，每次 45 分钟，合并煎液，滤过，滤液浓缩成稠膏，放冷至 50℃以下，加乙醇使含醇量达 75%，静置 12 小时，取上清液，滤过，滤液回收乙醇，再加乙醇使含醇量达 85%，静置 12 小时，滤取上清液，回收乙醇并浓缩成稠膏，减压干燥，粉碎备用；另取半合成脂肪酸脂 78g，置水浴上加热使熔，保持在 40℃左右，在搅拌下缓缓加入上述干膏粉，混匀，浇模，制成 100 粒，即得
小儿清热镇惊散,散剂,清热镇惊，开窍定搐，用于小儿脏腑积热引起的急热惊风，手足抽搐，咳嗽身热，痰涎壅盛，烦躁口渴，睡卧不安,"黄连12g, 胆南星(酒炙)6g, 天竺黄12g, 全蝎9g, 僵蚕(麸炒)9g, 甘草6g, 牛黄2g, 朱砂12g, 冰片12g",以上九味，除牛黄、冰片外，朱砂水飞或粉碎成极细粉；其余黄连等六味粉碎成细粉，将冰片、牛黄研细，再与上述粉末配研，过筛，混匀，即得
飞扬肠胃炎片,片剂,泻火解毒，除湿止痢，用于细菌性痢疾，急、慢性肠胃炎,"飞扬草2280g, 火炭母1140g, 救必应580g",以上三味，取救必应 124g，粉碎成细粉，过筛。其余救必应与飞扬草、火炭母加水煎煮二次，第一次 2 小时，第二次 1 小时，合并煎液，滤过，浓缩成稠膏，加救必应细粉及辅料适量，混匀，制成颗粒，干燥，压制成 1000 片，包糖衣，即得
云芝菌胶囊,胶囊剂,调整免疫功能，用于慢性病毒性肝炎，也可用于早期肝硬化,云芝菌培养物清膏320g,取云芝菌培养物清膏 320g，加辅料适量，干燥，粉碎，过筛，混匀，装入胶囊，制成 1000 粒，即得
天麻片,片剂,祛风除湿，舒筋通络，活血止痛，用于肢体拘挛，手足麻木，腰腿酸痛,"天麻56.3g, 羌活93.8g, 独活46.9g, 杜仲(盐炒)65.7g, 牛膝56.3g, 粉萆薢56.3g, 附子(制)9.4g, 当归93.8g, 地黄150g, 玄参56.3g",以上十味，天麻、附子及羌活的半量粉碎成细粉，剩余的羌活、独活、当归提取挥发油，药渣与其余杜仲等五味，加水煎煮二次，第一次 3 小时，第二次 2 小时，合并煎液，滤过，滤液浓缩成稠膏，加入上述细粉，制成颗粒，干燥，喷入羌活等挥发油，混匀，压制成 1000 片，包糖衣，即得
五积散酒,散剂,散寒解表，祛风燥湿，消积止痛，用于风寒湿痹，头痛身痛，腰膝冷痛,"茯苓80g, 当归60g, 白芍60g, 桔梗60g, 苍术(麸炒)60g, 白芷60g, 厚朴(姜制)60g, 陈皮60g, 枳壳(麸炒)60g, 麻黄60g, 半夏(制)60g, 桂枝60g, 甘草60g, 川芎30g, 干姜30g",以上十五味，粉碎成粗粉，照流浸膏剂与浸膏剂项下的渗漉法（附录 17 页），用白酒作溶剂，浸渍 10~15 天后，缓缓渗漉，收集漉液；另取蔗糖 2000g 制成糖浆，待温，加入上述漉液中，搅匀，静置，滤过，约制成 17500g，即得
五淋丸,丸剂,清热利湿，分清止淋，用于下焦湿热引起的尿频尿急，小便涩痛，浑浊不清,"海金沙30g, 关木通15g, 桃子(姜制)12g, 黄连3g, 石韦(去毛)6g, 茯苓皮12g, 琥珀6g, 地黄24g, 白芍15g, 川芎24g, 当归24g, 甘草6g",以上十二味，粉碎成细粉，过筛，混匀，用水泛丸，干燥，即得
太阳膏,膏剂,醒脑散热，祛风止痛，用于感冒头痛，头昏目眩,"薄荷油180g, 阿拉伯胶160g, 骨胶640g",以上三味，骨胶溶化，滤过，刷摊于黑面纸上，晾干，压平。取阿拉伯胶加水 800ml，溶化，滤过，放冷，加入薄荷油搅拌至乳液状，均匀的刷于上胶的黑面纸上，晾干，压平，裁片，约制成 3200 张，即得
太和妙灵丸 (太和妙灵丹),丹剂,散寒解表，清热镇惊，化痰止咳，用于小儿肺胃痰热，外感风寒引起的发烧恶寒，头痛鼻塞，咳嗽气促，烦躁不安，内热惊风，四肢抽搐,"钩藤30g, 僵蚕(麸炒)60g, 全蝎30g, 天麻30g, 羌活30g, 荆芥穗60g, 防风60g, 柴胡30g, 薄荷60g, 蓼大青叶60g, 金银花120g, 法半夏30g, 天竺黄30g, 天南星(制)30g, 化橘红60g, 赤芍90g, 栀子(姜炙)60g, 黄芩60g, 关木通60g, 麦冬60g, 玄参60g, 甘草30g, 羚羊角粉15g, 琥珀粉76g, 朱砂76g, 冰片11.4g",以上二十六味，除羚羊角粉、琥珀粉外，朱砂水飞或粉碎成极细粉，冰片研成细粉；其余钩藤等二十二味粉碎成细粉，与上述粉末配研，过筛，混匀。每 100g 粉末加炼蜜 150~160g 制成大蜜丸，即得
止血片,片剂,清热凉血，止血，用于因血热引起的月经过多，鼻衄，咳血，吐血，咯血,"墨旱莲250g, 地锦草125g, 拳参100g, 土大黄125g, 珍珠母（煅）100g",以上五味，拳参、珍珠母粉碎成细粉。墨旱莲、地锦草、土大黄加水煎煮二次，第一次 3 小时，第二次 1 小时，合并煎液，滤过，减压浓缩至相对密度为 1.04~1.10 (50℃) 的清膏，加饱和白矾水 30% 搅匀，静置 24 小时，滤过，减压浓缩至相对密度为 1.35~1.40 (50℃) 的清膏，加入拳参、珍珠母细粉，混匀，干燥，粉碎成细粉，制粒，干燥，压制成 800 片，包糖衣，即得
止咳片,片剂,润肺定喘，祛痰止咳，用于咳嗽，痰多，气喘，小儿百日咳，急慢性气管炎,"百部312.5g, 前胡312.5g, 苦杏仁156.25g",以上三味，百部 (20%) 和前胡 (30%) 粉碎成细粉。其余前胡加水煎煮三次，第一次 3 小时，第二次 1 小时，第三次 0.5 小时，合并煎液，滤过；其余百部用 70% 乙醇、苦杏仁用 80% 乙醇分别回流二次，第一次 3 小时，第二次 2 小时，滤过，合并滤液，回收乙醇至无醇味。将以上二种滤液合并，减压浓缩至相对密度为 1.35~1.40 (50℃) 的清膏，加入百部、前胡细粉，混匀，干燥，粉碎成细粉，制成颗粒，干燥，压制成 1000 片，包糖衣，即得
止咳平喘糖浆,糖浆剂,清热宣肺，止咳平喘，用于风热感冒，急性支气管炎等引起的咳喘，气粗痰多，周身不适，咽痛等,"麻黄45g, 苦杏仁45g, 石膏90g, 水半夏(制)75g, 陈皮45g, 茯苓60g, 桑白皮100g, 罗汉果30g, 鱼腥草60g, 甘草20g, 薄荷油0.1ml",以上十一味，除薄荷油外，其余麻黄等十味加水煎煮二次（同时提取挥发油，将收集的冷凝液，加入 0.5~1% 的氯化钠，静置后分出油层，另器保存），第一次 1.5 小时，第二次 1 小时，合并煎液，滤过，滤液浓缩至相对密度为 1.10~1.15 (80℃测) 的清膏，放冷，加入乙醇 2 倍量，搅拌，静置 24 小时，滤过，滤液浓缩至适量。另取蔗糖 650g，加水煮沸溶解，滤过，滤液与上述浓缩液混匀，放冷，加入薄荷油、收集的挥发油、枸橼酸 0.5g 与香精 0.1ml，再加水至 1000ml，混匀，即得
止咳喘冲剂,颗粒剂,止咳，平喘，祛痰，用于支气管炎，支气管喘息，痰多、痰稠，感冒咳嗽，肺痈吐脓，胸满胁痛等症,"满山红200g, 桔梗60g, 甘草(蜜炙)70g",以上三味，将满山红加水 (50℃) 浸泡 4 小时后，提取挥发油，残渣用 40% 乙醇回流提取 2.5 小时，滤过，滤液浓缩至相对密度为 1.05 (80℃)；另取桔梗、甘草加水煎煮两次，第一次 2 小时，第二次 1 小时，滤过，滤液与满山红浓缩液合并，浓缩至相对密度为 1.32 (80℃) 的稠膏。加入适量蔗糖粉制粒，干燥，喷入上述挥发油，混匀，密闭 2 小时，即得
止痢宁片,片剂,清热祛湿，行气止痛，用于肠炎，痢疾，表现为腹痛泄泻，下痢脓血，肛门灼热，里急后重者,"穿心莲200g, 苦参50g, 木香50g",以上三味，将木香粉碎成细粉，其余穿心莲等二味加水煎煮 2 次，每次 2 小时，合并煎液，静置，滤过，滤液浓缩至清膏，待冷，加乙醇两倍量使沉淀，取上清液；沉淀加乙醇适量，搅拌，静置 24 小时，取上清液，合并醇液，减压回收乙醇并浓缩成浸膏，加入木香粉末，制成颗粒，干燥，压制成约 180 片，即得
止嗽扫痰丸,丸剂,宣肺定喘，止咳祛痰，用于咳嗽气喘，痰多胸闷,"法半夏50g, 款冬花(蜜炙)50g, 白果50g, 川贝母50g, 陈皮50g, 枳壳(炒)20g, 甘草20g, 桑白皮(蜜炙)20g, 瓜蒌子(炒)20g, 紫苏子(炒)20g, 百合30g, 麻黄200g",以上十二味，粉碎成细粉，过筛，混匀，用水泛丸，干燥，即得
化痰平喘片,片剂,清热化痰，止咳平喘，用于急、慢性气管炎，肺气肿，咳嗽痰多，胸满气喘,"南沙参250g, 地龙250g, 暴马子皮740g, 百部150g, 浮海石124g, 黄芩250g, 盐酸异丙嗪1.254g",以上七味，黄芩粉碎成细粉；暴马子皮、地龙、南沙参、百部、浮海石加水煎煮 3 次，第一、二次各 3 小时，第三次 2 小时，合并煎液，滤过，滤液浓缩成稠膏，与上述粉末混合，干燥，粉碎，过筛，加盐酸异丙嗪混匀，制颗粒，干燥，压制成 1200 片，即得
气管炎丸,丸剂,散寒镇咳，祛痰定喘，用于外感风寒引起的气管发炎，肺热咳嗽，气促哮喘，喉中发痒，痰涎壅盛，胸膈满闷，老年痰喘,"麻黄21g, 苦杏仁(去皮炒)45g, 石膏60g, 甘草(蜜炙)15g, 前胡30g, 白前30g, 百部(蜜炙)30g, 紫菀30g, 款冬花(蜜炙)15g, 蛤壳(煅)23.1g, 葶苈子15g, 化橘红(盐水炙)15g, 桔梗30g, 茯苓30g, 半夏曲(炒)30g, 远志(去心炒焦)30g, 旋覆花30g, 浮海石(煅)30g, 紫苏子(炒)30g, 党参120g, 大枣240g, 五味子(醋炙)15g, 桂枝(炒)15g, 薤白30g, 白芍(酒炙)30g, 桑叶60g, 射干15g, 黄芩30g, 青黛6.9g, 蒲公英30g",以上三十味，粉碎成细粉，过筛，混匀，用生姜汁 30g 与枇杷叶膏 120g 加水混匀泛丸，干燥，每 1000g 丸药用滑石粉 250g 包衣，打光，即得
牛黄郁金丸,丸剂,芳香开窍，清心豁痰，通腑降浊，用于癫痫惊狂，痰迷心窍，烦躁不安，大便秘结,"牛黄30g, 郁金150g, 朱砂150g, 清半夏150g, 槟榔150g, 麝香30g, 巴豆霜450g, 雄黄150g",以上八味，除麝香、牛黄、巴豆霜外，朱砂、雄黄分别水飞或粉碎成极细粉；其余郁金等三味，粉碎成细粉，过筛；将麝香、牛黄、巴豆霜研细，与上述粉末配研，过筛，混匀。用水泛丸，45℃以下干燥，即得
牛黄清脑丸,丸剂,清热解毒，通窍镇惊，用于高热不退，窍闭神昏，惊厥抽搐，咽喉肿痛,"牛黄160g, 羚羊角60g, 珍珠60g, 朱砂160g, 冰片160g, 郁金120g, 九节菖蒲216g, 黄芩140g, 栀子160g, 珍珠母84g, 知母160g, 甘草84g, 龙胆140g, 雄黄100g, 葛根160g, 水牛角浓缩粉360g, 黄连200g",以上十七味，除冰片、水牛角浓缩粉、牛黄外，珍珠、朱砂、雄黄分别水飞或粉碎成极细粉，羚羊角锉研成细粉，其余郁金等十味粉碎成细粉，将冰片、牛黄、水牛角浓缩粉研细，与上述粉末配研，过筛、混匀。每 100g 粉末加炼蜜 120~130g 制成大蜜丸，即得
牛黄清热散,散剂,清热镇惊，用于温邪入里引起的高烧痉厥、四肢抽动，烦躁不安，痰浊壅塞,"黄连100g, 黄芩100g, 栀子100g, 郁金100g, 寒水石100g, 牛黄100g, 水牛角浓缩粉40g, 琥珀粉50g, 玳瑁粉100g, 朱砂50g, 冰片30g",以上十一味，除水牛角浓缩粉、琥珀粉，玳瑁粉、牛黄、冰片外，朱砂水飞或粉碎成极细粉；其余黄连等五味粉碎成细粉，将冰片研细，与上述粉末配研，过筛，混匀，即得
牛黄醒消丸,丸剂,清热解毒，消肿止痛，用于痈疽发背，瘰疬流注，乳痈乳岩，无名肿毒,"牛黄6g, 麝香30g, 乳香（制）200g, 没药（制）200g, 雄黄100g",以上五味，雄黄水飞或粉碎成极细粉；另取黄米 80~96g，蒸熟烘干，与乳香、没药粉碎成细粉；将麝香、牛黄研细，与上述粉末配研，过筛，混匀，用水或酒泛丸，低温干燥，即得
丹参膏,膏剂,祛瘀止痛，活血通经，清心除烦，用于月经不调，经闭痛经，癥瘕积聚，腹痛刺痛，热痹疼痛，疮疡肿痛，心烦不眠，肝脾肿大，心绞痛,丹参1000g,取丹参 1000g，加水煎煮三次，第一次 2 小时，第二、三次各 1 小时，合并煎液，滤过，滤液加入红糖 400g，搅拌使溶化，滤过，滤液浓缩至相对密度 1.30 (90℃)，即得
风痛安胶囊,胶囊剂,清热利湿，活血通络，用于急、慢性风湿性关节炎，慢性风湿性关节炎活动期,"防己150g, 通草100g, 桂枝75g, 姜黄100g, 石膏300g, 薏苡仁200g, 木瓜150g, 海桐皮100g, 忍冬藤200g, 黄柏150g, 滑石粉150g, 连翘200g",以上十二味，取滑石粉 100g 量与其余防己等十一味加水煎煮三次，第一次 3 小时，第二次 2 小时，第三次 1 小时，合并煎液，滤过，滤液浓缩成稠膏，加入剩余的滑石粉，混合，干燥，粉碎，过筛，混匀，装入胶囊，制成 600 粒，即得
风湿止痛药酒,酒剂,祛风散寒，除湿通络，用于风寒湿痹，关节疼痛,"豨莶草150g, 制川乌15g, 附子(制)15g, 蜂房45g, 甘草(蜜炙)15g, 红花30g, 青风藤30g, 络石藤60g, 石南藤60g, 穿山龙45g, 乌梢蛇45g, 蜈蚣(去头尾足)9条, 全蝎45g, 土鳖虫45g, 牛膝15g, 桂枝45g, 桑寄生45g",以上十七味，酌予碎断，装入布袋，置容器内，加入白酒 7kg，密闭浸泡 30~40 天，每天搅拌一次。取出布袋压榨，榨出液与浸液合并，滤过，滤液加白糖 1.9kg，搅拌溶解，密闭，静置 15 天，滤过，灌装，即得
风湿伤痛膏,膏剂,祛风湿，活血止痛，用于风湿关节、肌肉痛，扭伤,"风湿伤痛流浸膏17g, 颠茄流浸膏40g, 樟脑40g, 薄荷油60g, 冰片20g, 薄荷脑30g, 水杨酸甲酯30g",以上七味，风湿伤痛流浸膏系红茴香、虎杖、南五味子根、白瑞香 (或了哥王) 各 100g，白芷、干姜、山奈各 60g，积雪草、骨碎补各 40g，生草乌 30g，粉碎成粗粉，照流浸膏剂与浸膏剂项下渗漉法（附录 17 页），用 90% 乙醇为溶剂，制成相对密度约 1.05 的流浸膏；按处方量称取各药，另加 4.0~4.5 倍重量由橡胶、松香等制成的基质，制成涂料。进行涂膏，切段，盖衬，切成 1000 张，即得
风湿灵仙液,颗粒剂,祛风除湿，通经活络，止痛，用于类风湿性关节炎，风湿性关节炎，坐骨神经痛，骨质增生,"土茯苓150g, 蚕砂15g, 地龙25g, 当归20g, 桃仁(炒)15g, 红花15g, 威灵仙15g, 广防己10g, 青风藤15g, 独活15g, 人参15g, 黄柏(盐制)15g, 粉萆薢15g, 玉竹15g, 防风15g, 羌活15g, 桂枝10g, 五味子15g",以上十八味（注：原文处方列十二味，可能存在表述误差），酌予碎断，装入布袋，置容器内，加入白酒 3kg，密闭浸泡 30~40 天，每天搅拌一次，取出布袋压榨，榨出液澄清后与浸液合并，加红糖 100g，蔗糖 100g，搅拌使溶解，密闭静置 15 天以上，滤过，即得
风湿药丸,丸剂,祛风除湿，理气活血，用于筋骨酸痛，四肢麻木，关节不利,"白芷25g, 制川乌50g, 当归25g, 独活25g, 羌活25g, 川芎20g, 豨莶草100g, 防己100g, 威灵仙75g, 防风50g, 鸡血藤50g, 乌梢蛇25g, 熟地黄25g",以上十三味，取白芷、川乌、当归、独活、羌活、川芎六味粉碎成细粉，过筛，混匀。其余豨莶草等七味加水煎煮 2 次，第一次 4 小时，第二次 3 小时，合并煎液，滤过，静置 6~8 小时，取上清液，浓缩至相对密度为 1.20 (70~75℃) 的清膏。取上述细粉和清膏混匀，干燥，粉碎成细粉，过筛，混匀，每 100g 粉末加炼蜜 50~70g 制成大蜜丸，即得
风湿福音丸,丸剂,祛风散寒，消肿止痛，强筋健骨，用于风湿性关节炎及风湿痛,"麻黄15g, 自然铜(煅)15g, 地枫皮15g, 桂枝15g, 乳香15g, 千年健15g, 羌活15g, 没药(制)15g, 防风15g, 独活15g, 杜仲(炭)15g, 木瓜15g, 牛膝15g, 榛蘑1500g, 制马钱子100g, 狗骨胶15g, 蜈蚣15g, 甘草15g, 乌梢蛇50g",以上十九味（注：原文处方列十三味，可能存在表述误差），取自然铜粉碎为极细粉，过筛，制马钱子粉碎为细粉。其余麻黄等十七味，粉碎为细粉，与自然铜、制马钱子粉配研，过筛，混匀。每 100g 粉末加炼蜜 130~150g 制成大蜜丸，即得
心安宁片,片剂,养阴宁心、化瘀通络，降血脂，用于血脂过高，心绞痛以及高血压引起的头痛，头晕，耳鸣，心悸,"葛根213g, 山楂244g, 制何首乌183g, 珍珠粉3g",以上四味，制何首乌加水煎煮 3 次，第一次 4 小时，第二、三次各 3 小时；山楂加水煎煮 2 次，第一次 4 小时，第二次 3 小时；合并以上煎液，静置，滤过，滤液浓缩至稠膏；葛根粉碎成粗粉，与稠膏搅匀，烘干，粉碎成细粉，过筛，与珍珠粉混匀，加辅料适量，制成颗粒，干燥，压制成 1000 片，包糖衣，即得
双虎肿痛宁,口服液,化瘀行气，消肿止痛，舒筋活络，驱风除湿，用于跌打损伤，扭伤，摔伤，风湿关节痛等，并可作骨折及脱臼复位等手术局部麻醉止痛用,"搜山虎95g, 黄杜鹃根190g, 生川乌190g, 生草乌190g, 生天南星190g, 生半夏190g, 樟脑30.4g, 薄荷脑5g",以上八味，除樟脑，薄荷脑外，其余搜山虎等六味粉碎成粗粉，照流浸膏剂与浸膏剂项下的渗漉法（附录 17 页），用 65% 乙醇作溶剂，浸渍 48 小时后进行渗漉，收集初漉液约 2250ml，备用，继续收集续漉液，浓缩至适量后加入初漉液，混合后，加入樟脑，薄荷脑，搅拌使溶解，调整总量至 3000ml，静置，滤过，即得
玉竹高龄酒,酒剂,补脾肾，益气血，用于精神困倦，食欲不振,"玉竹488g, 桑椹488g, 白芍122g, 茯苓122g, 党参122g, 菊花122g, 甘草(蜜炙)31g, 制何首乌183g, 陈皮31g, 当归91g",以上十味，粉碎成粗粉，照流浸膏剂与浸膏剂项下的渗漉法（附录 17 页），用白酒适量浸渍 10~15 天后，缓缓渗漉，收集渗漉液；另取蔗糖 3000g 制成糖浆，待温，加入上述漉液中，另加红曲适量作着色剂，搅匀，静置，滤过，约制成 50000ml，即得
龙蛾酒,酒剂,壮阳补肾，益精髓，用于肾虚阳痿，梦遗滑泄，小便频数，腰酸背痛，足膝无力等症,"雄蚕蛾（干）50g, 刺五加50g, 菟丝子（酒制）35g, 淫羊藿40g, 熟地黄(盐制)20g, 补骨脂(盐制)20g",以上六味，取雄蚕蛾，加白酒适量浸泡 30 天，浸液减压回收乙醇，制成流浸膏。其余五味，加 70% 乙醇提取二次，第一次 4 小时，第二次 2 小时，合并提取液，滤过，滤液回收乙醇至适量，加乙醇调至含醇量为 70%，静置 24 小时，滤过，沉淀用适量 60% 乙醇洗涤，洗液与滤液合并，回收乙醇至无醇味，加蔗糖 50g，使溶解，与雄蚕蛾流浸膏混合，加白酒及适量水至 1000ml，混匀，即得
打虎壮元丸,丸剂,强肾，健脾，益胃，安神，用于腰膝酸痛，倦怠无力，食少便溏，健忘失眠，阳痿早泄,"沙苑子40g, 蒺藜40g, 天冬40g, 蛇床子10g, 木瓜40g, 豹骨(制)40g, 川牛膝(酒炒)34g, 五味子10g, 杜仲(盐炒)40g, 木香20g, 巴戟天40g, 枸杞子20g, 酸枣仁40g, 熟地黄40g, 茯苓40g, 地骨皮10g, 砂仁(盐炒)40g, 麦冬40g, 地黄10g, 远志(制)10g, 肉苁蓉40g, 阿胶(烫)40g, 覆盆子(酒制)10g, 花椒10g, 肉桂10g, 车前子(盐炒)10g, 附子20g, 泽泻10g, 当归20g, 石菖蒲20g, 山药20g, 制川乌20g, 赤石脂(煅)10g, 补骨脂(盐炒)40g, 甘草9g",以上三十五味，粉碎成细粉，过筛，混匀，用水泛丸，干燥，包糖衣，即得
四苓散,散剂,利水渗湿，用于水湿泄泻，小便不利,"茯苓250g, 猪苓250g, 泽泻250g, 白术(炒)250g",以上四味，粉碎成细粉，过筛，混匀，即得
冬白梅片,片剂,敛肺定喘，止咳化痰，用于气管炎咳痰黄白相兼，肺寒化热，寒热错杂者,"天冬83g, 麻黄(蜜制)42g, 乌梅83g, 防风62g, 五味子83g, 黄芩83g, 白果仁83g, 平贝母83g",以上八味，将黄芩的半量、白果仁、平贝母粉碎成细粉，剩余的黄芩和其余天冬等五味加水煎煮三次，第一次 2 小时，第二、三次各 1 小时，合并煎液，滤过，滤液浓缩成稠膏，加入上述粉末，混匀，干燥，制成颗粒，压制成 1000 片，包糖衣，即得
冬青补汁,口服液,温补肝肾，滋阴益精，用于肝肾不足，头昏目眩，小便频繁，腰膝酸软，高血压病，神经衰弱,"女贞子(酒蒸)200g, 金樱子肉200g, 大枣200g, 桑椹100g, 菟丝子50g, 黄精（蒸制）50g, 锁阳35g, 熟地黄30g, 胡芦巴30g, 淫羊藿30g, 五味子15g",以上十一味，加水煎煮二次，每次 2 小时，合并煎液，滤过，滤液浓缩至清膏。另取蔗糖 500g 制成糖浆，加入上述清膏，搅匀，继续浓缩至稠膏，约制成 1100g，即得
白金丸,丸剂,豁痰通窍，清心安神，用于痰气壅塞，癫痫发狂，猝然昏倒，口吐涎沫,"郁金700g, 明矾300g",以上二味，分别粉碎成细粉，过筛，混匀。用薄荷 100g 煎汤泛丸，低温干燥，即得
白敬宇眼药,膏剂,明目止痛，消肿止痒，用于暴发火眼，眼边刺痒，溃烂肿痛，胬肉攀睛，云翳多蒙，视物昏花，迎风流泪,"石决明(煅）300g, 熊胆60g, 珍珠（豆腐炙）15g, 海螵蛸283.5g, 炉甘石(煅黄连水飞)495g, 硃砂(炙)3g, 麝香7.5g, 冰片486g",以上八味，分别研成细粉，过筛，配研，混匀，取凡士林加热熔化，滤过，待温度降至适当，加入药粉。春、冬加适量液体石蜡搅拌混匀，即得
宁神丸,丸剂,安神，用于心神不宁，烦躁梦多，神经衰弱，惊悸失眠,"地黄(酒蒸)556g, 陈皮370g, 川芎(酒制)259g, 当归(酒蒸)370g, 白芍(酒炒)370g, 远志(制)259g, 酸枣(炒)185g, 麦冬370g, 平贝母370g, 甘草185g, 茯苓(炒)370g",以上九味（注：原文处方列九味，表述略有混乱），粉碎成细粉，过筛，混匀。每 100g 粉末加炼蜜 35~45g 与适量的水，泛丸，干燥；或加炼蜜 90~100g 制成大蜜丸，即得
半夏露冲剂,颗粒剂,止咳化痰，用于咳嗽多痰，支气管炎,"生半夏79.2g, 枇杷叶79.2g, 远志(泡)50.7g, 款冬花47.4g, 桔梗31.5g, 麻黄31.5g, 甘草31.5g, 陈皮47.4g, 薄荷油3ml",以上九味，泡远志先另取甘草加水适量，煎汤去渣，乘热倒入远志内（甘草汁须超过药面），待涨透后取出，弃去汁水，干燥，清炒至微焦，远志每 100g，用甘草 6.25g。然后将生半夏润透轧扁，加水煎煮二次，每次 2 小时，滤过，滤液浓缩至 210g，放冷后加入乙醇 100g，沉淀 24 小时，取上清液滤过，回收乙醇后备用；另取陈皮粗粉，照流浸膏剂与浸膏剂项下的渗漉法（附录 17 页），用 80% 乙醇作溶剂，浸渍 24 小时后，以每分钟 3~5ml 的速度进行渗漉，至渗漉液全量成 165g，回收乙醇后备用；再将枇杷叶，远志、款冬花、桔梗、麻黄、甘草等六味加水煎煮 3 小时，滤过，静置沉淀 6~8 小时，取上清液与上述制备好的生半夏及陈皮药汁合并，浓缩至相对密度为 1.16~1.18 (70~75℃) 的清膏，加入薄荷油，拌匀，再加入清膏 10 倍量的蔗糖粉，拌匀，制成颗粒，干燥，过筛，即得
地骨皮露,露剂,凉营血，解肌热，用于体虚骨蒸，虚热口渴,地骨皮125g,取地骨皮 125g，加水蒸馏，收集蒸馏液 1000ml，加防腐剂适量，混匀，灌封，灭菌，即得
达肺草,散剂,止血，化痰，顺气，定喘，止汗，退热，用于吐血，咯血，痰中带血，咳嗽，痰喘，气急，劳伤肺痿等症,"苦杏仁12g, 麻黄12g, 诃子肉(炒)12g, 栀子(炭)12g, 青黛12g, 白及12g, 商陆12g, 浮海石12g, 蛤壳(煅)12g, 仙鹤草90g, 矮地茶150g, 百部12g, 瓜蒌仁12g",以上十三味，仙鹤草、矮地茶切成片、段，混匀，分装；其余苦杏仁等十一味，粉碎成粗粉，混匀，分装，置上述包装内，即得
曲麦枳术丸,丸剂,健脾消食。用于脾虚停滞，脘腹痞满，倒饱嘈杂，不思饮食,"白术(麸炒)500g, 山楂100g, 枳壳(麸炒)100g, 桔梗100g, 枳实(麸炒)100g, 陈皮500g, 麦芽(炒)100g, 六神曲(麸炒)100g",以上八味，粉碎成细粉，过筛，混匀，用水泛丸，干燥，即得
回天再造丸,丸剂,祛风散寒，理气豁痰，通经活络。用于中风，类中风，半身不遂，口眼歪斜，言语不清以及中寒、中气、中痰等症,"蕲蛇300g, 乳香(制)140g, 朱砂140g, 黄连280g, 草豆蔻280g, 片姜黄280g, 何首乌280g, 木香56g, 豆蔻280g, 葛根35g, 细辛140g, 羌活280g, 白芷280g, 藿香280g, 麻黄280g, 松香70g, 山参280g, 牛黄35g, 地龙70g, 桑寄生350g, 母丁香140g, 没药(制)140g, 熟地黄280g, 虎骨(油酥)400g, 厚朴70g, 僵蚕(炒)140g, 麝香70g, 竹节香附280g, 当归280g, 赤芍280g, 茯苓280g, 全蝎35g, 白术(麸炒)140g, 乌药140g, 青皮140g, 肉桂280g, 冰片35g, 犀角110g, 沉香140g, 胆南星140g, 天竺黄140g, 骨碎补(烫、去毛)140g, 琥珀280g, 附子(制)140g, 防风280g, 龟板(醋淬)140g, 甘草280g, 川芎280g, 血竭112g, 玄参280g, 天麻280g, 香附(醋制)140g, 安息香260g, 山羊血140g, 粉萆薢280g, 穿山甲(醋制)280g, 红花112g, 威灵仙35g, 黄芪(蜜制)280g, 大黄(酒制)280g",以上六十味，除麝香、冰片、牛黄外，朱砂水飞或粉碎成极细粉；犀角粉碎成细粉；其余蕲蛇等五十五味粉碎成细粉；将麝香、冰片、牛黄研细，与上述粉末配研，过筛，混匀。每 100g 粉末加炼蜜 160~180g 制成大蜜丸，即得
回生第一散（回生第一丹）,丹剂,活血散瘀，消肿止痛。用于跌打损伤，闪腰岔气，伤筋动骨，皮肤青紫，血瘀疼痛,"土鳖虫30g, 当归尾60g, 乳香(醋炙)12g, 血竭12g, 自然铜（煅醋淬）18g, 麝香6g, 朱砂12g",以上七味，朱砂水飞或粉碎成极细粉；麝香研成细粉；其余土鳖虫等五味粉碎成细粉，与上述朱砂、麝香粉末配研，过筛，混匀，即得
伤科七味片,片剂,祛瘀消肿，活血止痛。用于跌打损伤，骨断血瘀,"马钱子粉50g, 红花25g, 延胡索干浸膏140g, 丁香25g, 大黄50g, 血竭25g, 三七50g",以上七味，除马钱子粉外，其余红花等六味粉碎成细粉，与马钱子粉配研，过筛，混匀，制成颗粒，压制成 1000 片，即得
伤痛宁片,片剂,散瘀止痛。用于跌打损伤，闪腰挫气,"乳香(制)8g, 没药(制)8g, 甘松8g, 延胡索（醋制）16g, 细辛16g, 香附（制）80g, 山奈80g, 白芷128g",以上八味，粉碎成细粉，过筛，混匀。每 100g 粉末加淀粉 10g，饴糖 18g，制成颗粒，干燥，加润滑剂适量，压制成片，即得
血见宁（散）,散剂,止血。用于消化道出血，肺咯血,"大蓟根浸膏260g, 檵木叶浸膏130g, 白及210g",以上三味，分别粉碎成细粉；另取蔗糖 200g，研成细粉，与上述粉末混匀，过筛，即得
壮腰消痛液,口服液,壮腰益肾，疏风祛湿，活络止痛。用于肾虚腰痛，风湿骨质增生引起的疼痛,"枸杞子50g, 淫羊藿(制)50g, 巴戟天10g, 穿山龙25g, 地龙25g, 威灵仙50g, 狗脊25g, 川牛膝25g, 豨莶草50g, 乌梅50g, 鹿角胶5g, 鹿衔草50g, 木瓜50g, 没药(炒)10g, 海龙8g, 杜仲10g",以上十六味，除鹿角胶外，其余枸杞子等十五味酌予碎断，装入布袋，置容器内，加入白酒 8kg，密闭浸泡 30~40 天，每天搅拌一次，取出布袋，压榨，榨出液澄清后与浸液合并，加蔗糖 1.6kg 和鹿角胶（溶化后），搅拌使溶解，密闭静置 15 天以上，滤过，即得
安神温胆丸,丸剂,和胃化痰，安神定志。用于心胆虚怯，触事易惊，心悸不安，虚烦不寐,"制半夏125g, 陈皮125g, 竹茹75g, 酸枣仁(炒)50g, 枳实75g, 远志(制)50g, 五味子50g, 人参50g, 熟地黄50g, 茯苓125g, 朱砂25g, 甘草50g, 大枣50g",以上十三味，朱砂水飞或粉碎成极细粉，其余制半夏等十二味粉碎成细粉，与朱砂粉末配研，混匀，过筛。每 100g 粉末加炼蜜 90~110g 制成大蜜丸，即得
妇科宁坤丸,丸剂,调经养血，理气止痛。用于月经不调，崩漏带下，胸脘胀满，腰腹疼痛,"益母草300g, 黄芩(炒)50g, 地黄50g, 木香25g, 香附(醋)50g, 党参40g, 川芎50g, 砂仁15g, 阿胶25g, 熟地黄50g, 紫苏叶25g, 白术50g, 甘草(炙)15g, 茯苓50g, 柏子仁100g, 陈皮50g, 当归50g, 琥珀25g, 白芍(酒制)50g, 川牛膝20g, 乌药50g, 沉香10g",以上二十二味，柏子仁分次加水煎煮，合并煎液，滤过，滤液浓缩至适量；其余益母草等二十一味粉碎成细粉，过筛，混匀。加炼蜜 315g 与柏子仁煎液泛丸，干燥，即得
杞菊地黄胶囊,胶囊剂,滋肾养肝。用于肝肾阴亏，眩晕耳鸣，羞明畏光，迎风流泪，视物昏花,"枸杞子36.7g, 茯苓55g, 牡丹皮55g, 山药73.4g, 熟地黄146.8g, 山茱萸(制)73.4g, 菊花36.7g, 泽泻（盐制）55g",以上八味，牡丹皮、山药、茯苓、泽泻粉碎成细粉；枸杞子、熟地黄、山茱萸加水煎煮 3 小时，滤过；药渣与菊花加水煎煮二次，第一次 2 小时，第二次 1 小时，合并煎液，滤过，滤液与上述滤液合并，浓缩成稠膏。加入上述药粉，混匀，干燥，粉碎，装入胶囊，制成 1000 粒，即得
更衣胶囊,胶囊剂,润肠通便。用于病后津液不足，肝火内炽，便秘腹胀,"芦荟280g, 朱砂200g",以上二味，芦荟粉碎成细粉，朱砂水飞或粉碎成极细粉，与上述粉末配研，混匀，装入胶囊，制成 1000 粒，即得
抗热镇痉丸,丸剂,清热解毒。用于湿温疫毒，高热不退，痉厥昏迷，谵语发斑,"天花粉400g, 淡豆豉(炒)800g, 玄参700g, 鲜地黄1600g, 板蓝根900g, 金银花1600g, 紫草400g, 连翘1000g, 黄芩600g, 鲜石菖蒲600g, 水牛角浓缩粉1200g",以上十一味，除鲜地黄、鲜石菖蒲、淡豆豉外，其余天花粉等八味粉碎成细粉，过筛，混匀；鲜地黄、鲜石菖蒲压榨取汁，滤过；淡豆豉粉碎成细粉，制成稀糊，加入上述滤汁，混匀，与粉末泛制成丸，低温干燥，即得
利鼻片,片剂,清热解毒，祛风开窍。用于鼻渊，鼻塞流涕,"黄芩100g, 苍耳子150g, 辛夷100g, 薄荷75g, 白芷100g, 细辛25g, 蒲公英500g",以上七味，薄荷、白芷、细辛粉碎成细粉，过筛；其余黄芩等四味加水煎煮三次，第一次 3 小时，第二次 2 小时，第三次 1 小时，合并煎液，滤过，滤液浓缩成稠膏，加入上述粉末，混匀，低温干燥，粉碎，过筛，混匀，制成颗粒，干燥，压制成 1000 片，包糖衣，即得
返魂草冲剂,颗粒剂,清热祛痰，镇咳平喘。用于肺内感染，慢性支气管炎，喘息性支气管炎，急性呼吸道感染等,返魂草1000g,取返魂草 1000g，加水煎煮三次，第一次 2 小时，第二、三次各 1 小时，合并煎液，滤过，滤液浓缩成膏，加入蔗糖粉适量，混匀，制成颗粒，干燥，制成 1000g，即得
沉香利气丸（沉香四宝丸）,丸剂,行气舒郁，健胃导滞。用于气郁不舒，消化不良引起的胸胁痞满，嗳气吞酸，胃脘胀痛，大便秘结,"木香30g, 丁香30g, 沉香60g, 香附(醋炙)120g, 枳壳(麸炒)120g, 青皮(醋炙)240g, 陈皮120g, 厚朴(姜炙)60g, 佛手60g, 广藿香30g, 豆蔻仁45g, 砂仁45g, 柴胡30g, 白芍120g, 川芎30g, 延胡索(醋炙)60g, 片姜黄30g, 郁金60g, 山楂(炒)180g, 甘草30g, 牵牛子(炒焦)150g, 冰片60g",以上二十二味，除冰片外，其余粉碎成细粉，将冰片研细，与上述粉末配研，过筛，混匀。每 100g 粉末加炼蜜 160~170g 制成大蜜丸，即得
补心片,片剂,滋阴养血，补心安神。用于阴虚血少之心悸神疲、失眠健忘，大便干结，口舌生疮，舌红少苔，脉细数,"地黄200g, 麦冬50g, 茯苓25g, 玄参25g, 天冬50g, 党参25g, 五味子50g, 当归50g, 远志(制)25g, 桔梗25g, 酸枣仁(炒)50g, 柏子仁50g, 丹参25g, 甘草(蜜炙)25g, 石菖蒲25g, 朱砂10g",以上十六味，朱砂水飞或粉碎成极细粉；茯苓、桔梗、甘草粉碎成细粉，过筛；地黄、党参、天冬、麦冬加水煎煮二次，第一次 2 小时，第二次 1.5 小时，合并煎液，滤过，滤液浓缩至稠膏状；其余柏子仁等八味，粉碎成粗粉，照流浸膏剂与浸膏剂项下的渗漉法（附录 17 页），用 60% 乙醇作溶剂，浸渍 24 小时后进行渗漉，收集漉液，回收乙醇，并浓缩至稠膏状；取上述细粉与稠膏混匀，制成颗粒，干燥，压制成片，包糖衣，即得
补肾益脑胶囊,胶囊剂,滋肾益气，补血生精。用于气血两亏，阳虚气弱，心跳气短，失眠健忘，遗精盗汗，腰腿酸软，耳聋耳鸣,"人参(红参)50g, 鹿茸(去毛)8g, 酸枣仁(炒)48g, 熟地黄103g, 茯苓48g, 玄参37g, 远志(蜜制)48g, 麦冬48g, 五味子37g, 当归48g, 川芎37g, 牛膝37g, 山药(炒)48g, 补骨脂(盐制)37g, 枸杞子39g, 朱砂13g",以上十六味，五味子（压碎）、补骨脂、川芎、当归提取挥发油，提取后的药液滤过备用；药渣加 60% 乙醇回流提取 3 小时，滤过，药渣再加 80% 乙醇加热回流提取 3 小时，滤过，合并二次提取液，回收乙醇，浓缩，备用；玄参、远志、麦冬、酸枣仁、枸杞子、熟地黄、牛膝加水煎煮三次，每次 1.5 小时，合并煎液，滤过，备用。将上述各提取液合并，浓缩至相对密度为 1.30（80℃）的清膏；将人参、鹿茸、茯苓、山药粉碎成细粉，朱砂水飞或粉碎成极细粉，拌入稠膏内，混匀，低温干燥，粉碎，过筛，用乙醇制粒，干燥，喷入挥发油，混匀，密闭 2 小时，装入胶囊，制成 1000 粒，即得
补肾强身胶囊,胶囊剂,补肾强身。用于腰酸足软，头晕耳鸣，眼花心悸，阳痿遗精,"淫羊藿225g, 金樱子135g, 菟丝子135g, 女贞子（制）135g, 狗脊（制）135g",以上五味，淫羊藿、金樱子、菟丝子加水煎煮二次，第一次 4 小时，第二次 3 小时，合并煎液，滤过，静置 8~12 小时，取上清液，浓缩至相对密度为 1.16~1.18（70~80℃）的清膏。取女贞子、狗脊粉碎成细粉，过筛，与上述清膏拌匀，干燥，粉碎，过筛，装入胶囊，即得
灵芝北芪片,片剂,养心安神，补气益血。用于神经衰弱，失眠健忘，食少体倦，气短多汗等症。亦可用于慢性肝炎、肾炎等的辅助治疗,"灵芝膏粉65g, 黄芪膏粉200g",以上二味，取灵芝膏粉、黄芪膏粉及适量辅料，混匀，制粒，干燥，压制成 1000 片，包糖衣，即得
灵芝胶囊,胶囊剂,宁心安神，健脾和胃。用于失眠健忘，身体虚弱，神经衰弱等症,灵芝1500g,取灵芝 1500g 加水煎煮二次，每次 3 小时，合并煎液，滤过，滤液浓缩成稠膏状，加辅料适量，制成颗粒，装入胶囊制成 1000 粒，即得
泻肝安神丸,丸剂,清肝泻火，重镇安神。用于失眠，心烦，惊悸及神经衰弱,"龙胆9g, 黄芩9g, 栀子（姜炙）9g, 珍珠母60g, 牡蛎15g, 龙骨15g, 柏子仁9g, 酸枣仁(炒)15g, 远志(去心甘草炙)9g, 当归9g, 地黄9g, 麦冬9g, 蒺藜（去刺盐炙）9g, 茯苓9g, 车前子（盐炙）9g, 泽泻(盐炙)9g, 甘草3g",以上十七味，粉碎成细粉，过筛，混匀，用水泛丸，干燥，即得
泻痢固肠丸,丸剂,健脾化湿，益气固肠。用于久痢久泻脱肛，腹胀腹痛,"人参30g, 白术(麸炒)180g, 茯苓180g, 甘草60g, 陈皮120g, 肉豆蔻(煨)60g, 白芍180g, 罂粟壳480g, 诃子肉60g",以上九味，粉碎成细粉，过筛，混匀，用水泛丸，干燥，即得
治痢片,片剂,理气和血，燥湿止痢。用于大肠湿滞、寒热凝结引起的红白痢疾，脓血相杂，里急后重，腹中作痛,"木香96g, 白芍48g, 延胡索（醋炙）96g, 吴茱萸12g, 盐酸小檗碱10g",以上五味，延胡索、盐酸小檗碱分别粉碎成细粉；木香、吴茱萸提取挥发油，并滤取药液。白芍加水煎煮二次，第一次 3 小时，第二次 1 小时，合并煎液，滤过，滤液与上述药液合并，减压浓缩至相对密度为 1.35~1.40（50℃）的稠膏，加入延胡索粉，混匀，干燥，粉碎成细粉，再加入盐酸小檗碱细粉，混匀，用稀乙醇制粒，干燥，喷加木香、吴茱萸挥发油，混匀，压制成 550 片，包糖衣，即得
宝宝牛黄散（牛黄小儿散）,散剂,清热镇惊，祛风，化痰。用于小儿风痰壅盛，腹痛,"僵蚕(制)100g, 胆南星100g, 地龙(制)100g, 钩藤100g, 沉香50g, 鱼腥草130g, 牛黄16.7g, 冰片16.7g, 珍珠10g",以上九味，牛黄、冰片研成细粉，珍珠水飞或粉碎成极细粉，过筛；其余僵蚕等六味粉碎成细粉，与上述各粉末配研，过筛，混匀，即得
降压片,片剂,降压。用于高血压,"黄芩200g, 决明子150g, 山楂150g, 槲寄生300g, 臭梧桐叶150g, 桑白皮100g, 地龙100g",以上七味，黄芩、臭梧桐叶粉碎成细粉，过筛；槲寄生、决明子、山楂加水煎煮二次，第一次 3 小时，第二次 2 小时，合并煎液，滤过，滤液浓缩至稠膏状；桑白皮、地龙粉碎成粗粉，照流浸膏剂与浸膏剂项下的渗漉法（附录 17 页），分别用 40% 乙醇作溶剂，浸渍 24 小时后，进行渗漉，收集漉液，回收乙醇，并浓缩至稠膏状，与上述粉末、稠膏及淀粉适量混匀，制成颗粒，干燥，压制成片，即得
参三七伤药片,片剂,活血祛瘀，通经活络。用于跌打损伤，肋背拘紧作痛，肢体酸软,"三七100g, 乳香(制)100g, 没药(制)100g, 白芷50g, 山奈50g, 制川乌25g, 制草乌25g, 木香100g, 冰片2.5g, 甘松50g, 红花25g, 儿茶15g, 当归100g, 香附(制)100g, 朱砂10g, 自然铜(煅)15g, 血竭100g, 积雪草100g, 陈皮50g, 土鳖虫50g, 细辛25g",以上二十一味，除冰片外，朱砂水飞或粉碎成极细粉，其余三七等十九味粉碎成细粉；将冰片研细，与上述粉末配研，过筛，混匀，制成颗粒，低温干燥，压制成片，即得
参芪首乌补汁,口服液,补气养血，益肝肾。用于气血不足，肝肾亏损所致贫血，神经衰弱，产后血亏,"党参170g, 黄芪100g, 制何首乌170g, 黄精170g",以上四味，加水煎煮三次，每次 2 小时，合并煎液，滤过，滤液浓缩至约 600ml，放冷，加入乙醇使含乙醇量达 75%，静置，滤过，滤液浓缩至 500~600ml，加入单糖浆 280ml，防腐剂适量，加水至 1000ml，搅匀，静置，滤过，即得
参芪蛤蚧补浆,糖浆剂,补肺益肾，益精助阳，益气定喘。用于体弱气虚，精神倦怠，阴虚喘咳，虚痨消渴，阳痿等症,"党参125g, 黄芪125g, 蛤蚧(8万ml1对)",以上三味药，蛤蚧用 25% 乙醇提取两次，第一次 2 小时，第二次 1 小时，回收乙醇，浓缩成膏；其残渣同党参、黄芪加水煎煮两次，第一次 4 小时，第二次 3 小时，合并煎液，滤过，滤液浓缩成膏；另取蔗糖 600g 加适量水加热溶解，再加入苯甲酸钠适量，煮沸 15 分钟，滤过，与上述浸膏混合，搅拌均匀，加 50% 乙醇适量，及水至 1000ml，静置 48 小时，滤过，即得
参苓白术丸,丸剂,补脾胃，益肺气。用于脾胃虚弱，食少便溏，气短咳嗽，肢倦乏力,"人参100g, 茯苓100g, 白术(麸炒)100g, 山药100g, 白扁豆(炒)75g, 莲子50g, 薏苡仁(炒)50g, 砂仁50g, 桔梗50g, 甘草100g",以上十味，粉碎成细粉，过筛，混匀，用水泛丸，干燥，即得
参茸木瓜药酒,酒剂,祛风散寒，舒筋活血。用于腰腿疼痛，肢体麻木，风湿性关节炎,"麻黄50g, 当归50g, 槲寄生50g, 续断50g, 人参40g, 木瓜40g, 狗脊(烫)40g, 五加皮40g, 独活40g, 苍术(炒)40g, 制川乌40g, 制草乌40g, 羌活40g, 威灵仙40g, 桃仁(炒)30g, 乌梢蛇30g, 甘草30g, 青风藤30g, 秦艽30g, 赤芍30g, 鹿茸10g, 防风50g, 老鹳草50g, 红花40g, 地龙40g, 海风藤30g, 桂枝40g, 白芷30g, 川牛膝40g, 川芎30g, 细辛20g",以上三十一味，酌予碎断，装入布袋，置容器内，加入白酒 26000g，密闭浸泡 30~40 天，每天搅拌一次，取出布袋，压榨，榨出液与浸液合并，滤过，加白糖 500g，搅拌使溶解，密闭，静置 15 天以上，滤过，即得
参茸鹿胎膏,膏剂,调经活血，温宫止带，逐瘀生新。用于月经不调，行经腹痛，四肢无力，子宫寒冷，赤白带下，久不受孕，骨蒸劳热，产后腹痛,"杜仲(炭)3000g, 人参2000g, 化橘红2000g, 熟地黄2000g, 丹参2000g, 小茴香(盐制)2000g, 益母草2500g, 桃仁(炒)2000g, 川芎2500g, 荆芥穗(炭)2500g, 白芍2500g, 香附(醋制)2500g, 莱菔子1500g, 白术(麸炒)1500g, 肉桂1500g, 银柴胡1500g, 泽泻(盐制)1500g, 槟榔(焦)1500g, 厚朴(姜制)1500g, 神曲(炒)1500g, 附子(制)1500g, 麦芽(炒)1500g, 赤芍1500g, 山楂(焦)1500g, 延胡索(醋制)1500g, 苍术(炒)1500g, 续断1500g, 吴茱萸(盐制)1000g, 砂仁1500g, 海螵蛸1500g, 茯苓1500g, 乌药1500g, 牡丹皮1500g, 牛膝1500g, 龟甲(醋制)1000g, 豆蔻1500g, 木瓜1000g, 红花5000g, 木香1000g, 山药1500g, 沉香1000g, 当归5000g, 鹿茸5000g, 甘草1000g, 鹿胎1具",以上四十五味，取新鲜的鹿胎，切开胎衣，收集胎水另置；剥离胎鹿的皮另置；将胎鹿剖腹，去净胎粪，切块，胎衣及胎鹿的皮亦切块，加水煎煮三次，第一次 3 小时，第二次 2 小时，第三次 1 小时，至肉化、骨酥为止，趁热滤过，合并滤液，加入胎水，浓缩至粘稠状，低温干燥，粉碎成细粉。将人参、鹿茸、小茴香、化橘红、肉桂、川芎、荆芥穗炭、吴茱萸、豆蔻、红花、当归、砂仁、牡丹皮、龟甲粉碎成细粉，过筛。其余熟地黄等二十九味，加水煎煮三次，第一次 3 小时，第二次 2 小时，第三次 1 小时，合并煎液，滤过，加入红糖 11000g，浓缩至稠膏状，加入鹿胎粉末和人参等粉末，搅匀，用模压制成块，干燥，即得
建参片,片剂,温通心肾，益气和血，能改善窦房结功能。用于心肾阳虚，脉络痹阻，脉迟，窦性心动过缓及病态窦房结综合征,建参清膏300g,将建参清膏 300g 与淀粉 150g 混合均匀，干燥，制成颗粒，加适量润滑剂，压制成 1000 片，包糖衣，即得
珍珠生肌散,散剂,生肌收口。用于疮毒溃疡，腐肉已净，久不收口,"珍珠5g, 冰片5g, 血竭30g, 象皮(砂炒)20g, 朱砂10g, 乳香(制)20g, 龙骨（煅）30g, 儿茶30g, 没药（制）20g, 赤石脂（煅）50g",以上十味，珍珠、朱砂分别水飞或粉碎成极细粉；其余血竭等八味分别粉碎成细粉，各取净粉，混匀，过筛，即得
柳条膏,膏剂,拔毒生肌。用于痈疽，疔毒，疮肿，冻疮,"生马钱子500g, 蜈蚣32条, 木鳖子(去壳)160g, 生川乌100g, 生草乌100g, 乳香40g, 没药20g, 蛇蜕5g, 鲜柳条24g, 鲜国槐条12g, 鲜桑条24g",以上十一味，乳香、没药研成细粉；生马钱子与食用植物油 1600g 同置锅内，炸枯，去渣；再将蜈蚣、桑条等八味，酌予碎断，放入油中炸枯，去渣，滤过，油液炼至滴水成珠，放冷至适宜温度，加入红丹 1040g，搅匀，收膏，将膏浸泡于水中 2~3 天。取用文火熔化后，加入上述粉末，搅匀，置温水中浸泡 3~5 天，取出，制成块，即得
茸血补心丸,丸剂,益气养血，养心安神。用于心悸气虚，神志不安，失眠不寐及神经衰弱,"鹿茸血10g, 川芎10g, 茯苓50g, 首乌藤50g, 酸枣仁(炒)50g, 龙齿50g, 当归25g, 谷芽(炒)25g, 麦冬50g, 九香虫(炒)25g, 人参10g, 石菖蒲50g, 柏子仁50g, 远志(姜制)50g, 龙眼肉50g, 合欢花50g, 地黄50g, 朱砂1g, 肉桂10g",以上十九味，将鹿茸血置于锅内，加入 50 度白酒适量，蒸熟，干燥；除朱砂外，其余茯苓等十七味与酒制鹿茸血粉碎成细粉，朱砂水飞或粉碎成极细粉，与上述粉末配研，过筛，混匀。每 100g 粉末加炼蜜 80~90g 制成大蜜丸，即得
茵陈五苓丸,丸剂,清湿热，利小便。用于肝胆湿热，脾肺郁结引起的湿热黄疸，胆腹胀满，小便不利,"茵陈160g, 泽泻250g, 茯苓210g, 猪苓150g, 白术(炒)150g, 肉桂150g",以上六味，粉碎成细粉，过筛，混匀，用水泛丸，干燥，即得
茯菟丸,丸剂,固肾，涩精，止带。用于遗精尿浊，妇女白带,"茯苓300g, 五味子(制)600g, 山药600g, 菟丝子(炒)1000g, 莲子300g",以上五味，粉碎成细粉，过筛，混匀。用粉末重量的 3~7% 的麦粉及黄酒 300g 打糊为丸，干燥，即得
砂锅丸,丸剂,补血活血，调经消瘀。用于贫血黄肿，月经不调，精神萎靡，消化不良，带下腹痛,"党参120g, 当归120g, 川芎60g, 核桃仁60g, 大枣(去核)120g, 皂矾120g, 苦杏仁（炒）120g, 桃仁（炒）60g, 红花120g",以上九味，置砂锅内，加黄酒 1000ml，热至汁尽，取出，干燥，连砂锅底（取正中薄底约 15g）粉碎成细粉，过筛，混匀。每 100g 粉末加炼蜜 60~70g 制成大蜜丸，即得
胃炎宁冲剂,颗粒剂,温中醒脾，和胃降逆，芳香化浊，消导化食。用于萎缩性胃炎，浅表性胃炎及其他类型胃炎，胃窦炎及伤食湿重引起的消化不良等症,"檀香68g, 木香(煨)136g, 细辛68g, 肉桂68g, 赤小豆136g, 鸡内金34g, 甘草(蜜炙）204g, 山楂900g, 乌梅204g, 薏苡仁(炒)204g",以上十味，鸡内金、薏苡仁粉碎成细粉，檀香、木香、细辛、肉桂提取挥发油后，加入赤小豆、乌梅、山楂，加水煎煮二次，第一次 2 小时，第二次 1 小时，合并煎液，滤过，滤液静置 24 小时，取上清液，浓缩至相对密度为 1.16~1.18（80℃）的清膏，冷却后加等量乙醇，搅匀，静置 24 小时，滤过，滤液回收乙醇，浓缩至相对密度为 1.30（80℃）的清膏，加入上述粉末与砂糖适量，混合，干燥，粉碎，过筛，制成颗粒，干燥，喷入挥发油，制成 1500g，即得
骨仙片,片剂,填精益髓，壮腰健肾，强壮筋骨，舒筋活络，养血止痛。用于因骨质增生引起的疾患,"骨碎补102g, 熟地黄217g, 黑豆135g, 女贞子102g, 牛膝69g, 仙茅69g, 菟丝子135g, 广防己102g, 枸杞子69g",以上九味，菟丝子加 70% 乙醇冷浸三次，第一次 48 小时，第二、三次各 24 小时，合并浸液，滤过，滤液回收乙醇至适量。其余骨碎补等八味，加水煎煮二次，每次 2 小时，合并煎液，滤过，滤液与上述提取液合并，浓缩成稠膏，加入辅料适量，混匀，制成颗粒，干燥，压片，包糖衣，即得
复方川贝母片,片剂,止咳，化痰，平喘。用于咳嗽，痰喘,"川贝母120g, 麻黄132g, 远志(制)170g, 桔梗300g, 甘草240g, 五味子170g, 法半夏160g, 陈皮300g, 紫菀40g, 浮海石40g, 罂粟壳160g",以上十一味，川贝母、法半夏、甘草、浮海石粉碎成细粉，过筛；陈皮提取挥发油，蒸馏后的水溶液，另器收集；罂粟壳、紫菀、麻黄、五味子、远志加水煎煮二次，第一次 3 小时，第二次 2 小时，合并煎液，滤过，滤液与蒸馏后的水溶液合并；桔梗照流浸膏剂与浸膏剂项下渗漉法（附录 17 页），用 70% 乙醇作溶剂，浸渍 24 小时进行渗漉，收集漉液，回收乙醇，并浓缩至稠膏状，将上述细粉与各项稠膏混匀，制成颗粒，干燥，放冷，喷加陈皮油，混匀，压制成片，包糖衣，即得
复方四季青片,片剂,清热解毒。用于风热感冒，咳嗽痰多，咽喉肿痛,"四季青干浸膏400g, 癸酰乙醛（合成鱼腥草素）30g",以上二味，取四季青干叶，加水煎煮 2 次，每次 1 小时，合并煎液，静置，滤过，滤液浓缩成稠膏，低温干燥，粉碎。取四季青干浸膏粉与癸酰乙醛混匀，加辅料适量，压制成 1000 片，包糖衣，即得
复方地锦糖浆,糖浆剂,清热，利湿。用于细菌性痢疾，肠炎,"地锦草312g, 辣蓼312g, 车前草104g",以上三味，加水煎煮二次，每次 1 小时，合并煎液，滤过，滤液浓缩至适量，放冷，加乙醇 2 倍量，搅拌，静置；取上清液浓缩至适量，备用。另取蔗糖 650g 加水适量，煮沸，溶解后，滤过，浓缩制成糖浆，与上述浓缩液混匀，煮沸，放冷，加入防腐剂与香精各适量，搅匀，用水稀释至 1000ml，即得
复方补骨脂冲剂,颗粒剂,温补肝肾，强壮筋骨，活血止痛。用于肾阳虚亏，腰膝酸痛，腰肌劳损及腰椎退行性病变等病,"补骨脂200g, 锁阳248g, 续断248g, 狗脊314g, 赤芍314g, 黄精248g",以上六味，加水煎煮二次，每次 1 小时，合并煎液，滤过，滤液浓缩至相对密度为 1.20（80℃），冷却，加入乙醇 1.5 倍量，搅拌，静置 24 小时，取上清液浓缩至相对密度为 1.30（80℃）的清膏。取清膏 1 份，加蔗糖 2.5 份，白糊精 1.5 份，制成颗粒，干燥，即得
复方刺五加片,片剂,补气养血，益智安神，补肾健脾，扶正固本。用于气血两亏所致全身无力，心悸失眠，食欲不振等,"刺五加浸膏50g, 玉竹200g, 黄芪100g, 当归100g, 维生素B1 5g",以上五味，取黄芪、当归、玉竹加 60% 乙醇 10 倍量回流提取二次，第一次 6 小时，第二次 4 小时。合并提取液，滤过，滤液回收乙醇并浓缩至稠膏，加入刺五加浸膏、维生素 B₁及适量辅料，混匀，制粒，压制成 1000 片，包糖衣，即得
复方消食冲剂,颗粒剂,健脾利湿，开胃导滞。用于食积不化，食欲不振，便溏消瘦,"苍术300g, 白术260g, 神曲茶200g, 广山楂200g, 薏苡仁140g, 饿蚂蝗300g",以上六味，加水煎煮三次，第一次 1.5 小时，第二、第三次各 1 小时，合并煎液，滤过，滤液浓缩至相对密度 1.10（70~80℃）的清膏，放冷，加入乙醇 2 倍半量，搅匀，静置，滤过，滤液浓缩至稠膏状，加入糖粉 1250g，混匀，制成颗粒，压块，干燥，即得
复方桔梗止咳片,片剂,镇咳、祛痰。用于咳嗽痰多,"桔梗146g, 远志(蜜炙)38g, 款冬花(蜜炙)22.5g, 甘草14g",以上四味，桔梗、远志粉碎成细粉，过筛。款冬花、甘草加水煎煮二次，第一次 3 小时，第二次 2 小时，合并煎液，滤过，滤液浓缩成膏。将上述粉末、浓缩膏混合，干燥，粉碎，过筛，加入苯甲酸钠 5g 和辅料适量，混匀，制颗粒，干燥，压制成 1000 片，即得
复方野马追糖浆,糖浆剂,清热解毒，化痰止咳，平喘。用于慢性气管炎，痰多咳喘,"野马追500g, 麻黄（制）40g, 桔梗100g, 半夏（制）150g, 甘草50g",以上五味，加水煎煮二次，每次 2 小时，合并煎液，静置 24 小时，滤过，滤液浓缩至适量；另取蔗糖 600g，加水适量，煮沸，滤过，滤液加入酒石酸 0.6g，与上述药液混匀，浓缩至适量，加入苯甲酸钠 3g，滤过，加水至 1000ml，即得
复方猴头冲剂,颗粒剂,治疗消化道溃疡。用于胃溃疡，十二指肠溃疡，慢性胃炎,"猴头子实体600g, 硫糖铝100g, 次硝酸铋40g, 三硅酸镁50g",以上四味，猴头子实体粉碎成细粉，与硫糖铝、次硝酸铋、三硅酸镁混合均匀，加入糖粉和淀粉浆适量，拌匀，制成颗粒，干燥，使成 1000g，分装，即得
复方鲜竹沥液,口服液,清热，化痰，止咳。用于痰热咳嗽,"鲜竹沥400ml, 鱼腥草150g, 生半夏25g, 生姜25g, 枇杷叶150g, 桔梗75g, 薄荷油1ml",以上七味，生姜压榨取汁，加乙醇使含醇量达 65%，搅拌后，放置 24 小时，取上清液滤过，回收乙醇后备用；鱼腥草蒸馏，收集蒸馏液 150ml，另器收集。上述二种药渣与生半夏、枇杷叶、桔梗加水煎煮二次，第一次 1.5 小时，第二次 1 小时，合并煎液，滤过，滤液浓缩至约 420ml，放冷，加乙醇使含醇量达 65%，搅拌，放置 24 小时，取上清液滤过，滤液回收乙醇至无醇味，加入鲜竹沥及蔗糖 150g，煮沸 20 分钟，趁热滤过，放冷，加入上述生姜汁、鱼腥草蒸馏液、薄荷油和苯甲酸钠 3g，搅匀，加水至 1000ml，即得
复肝宁片,片剂,舒肝健脾，清热利湿。用于乙型肝炎奥抗阳性属于肝旺脾虚，热毒较盛者,"板蓝根114g, 麦芽(炒)45g, 柴胡68g, 牡丹皮68g, 山楂45g, 金银花114g, 六神曲(炒)45g",以上七味，金银花、麦芽、六神曲粉碎成细粉，其余板蓝根等四味加水煎煮三次，第一次 2 小时，第二次 1.5 小时，第三次 1 小时，合并煎液，滤过，滤液浓缩成稠膏，加入上述粉末，混匀，干燥，制成颗粒，压制成 1000 片，包糖衣，即得
香桂活血膏,膏剂,祛风散寒，活血止痛。用于跌扑损伤，风湿性关节痛等,"大黄75g, 片姜黄25g, 白芷25g, 干姜40g, 山奈25g, 徐长卿25g, 甘松25g, 杜衡30g, 猪牙皂15g, 香加皮10g, 独活15g, 川芎10g, 木香10g, 檀香10g, 丁香10g, 冰片15g, 薄荷脑32.5g, 桂皮油10g, 樟脑15g, 芸香浸膏5g, 水杨酸甲酯10g, 二甲基亚砜10g, 颠茄流浸膏15g",以上二十三味，除冰片、薄荷脑、桂皮油、樟脑、芸香浸膏、水杨酸甲酯、二甲基亚砜、颠茄流浸膏外，其余大黄等十五味粉碎成粗粉，照流浸膏剂与浸膏剂项下的渗漉法（附录 17 页），用 4 倍量乙醇作溶剂，浸渍后，进行渗漉，渗漉液浓缩至相对密度为 1.05（20℃）的流浸膏。另取橡胶 175g、氧化锌 200g、凡士林 10g、羊毛脂 25g、液状石蜡 5g、松香 160g、汽油适量，制成基质，加入上述流浸膏及冰片等八味，搅匀，滤过，静置 24~48 小时，涂膏，切段，盖衬，切片，即得
保元丸（保元丹）,丹剂,祛风化痰，解热镇惊。用于痰热内闭，外感风寒引起的身热面赤，咳嗽痰盛，气促作喘，急热惊风,"羌活105g, 防风105g, 麻黄75g, 天麻90g, 薄荷75g, 天竺黄60g, 钩藤75g, 僵蚕(麸炒)60g, 全蝎120g, 胆南星(酒炙)105g, 猪牙皂75g, 茯苓60g, 陈皮60g, 甘草60g, 琥珀60g, 冰片6g, 麝香12g, 牛黄12g, 朱砂48g",以上十九味，除琥珀、冰片、麝香、牛黄外，朱砂水飞或粉碎成极细粉，其余羌活等十四味粉碎成细粉；过筛，混匀。琥珀、冰片、麝香、牛黄研细，与上述粉末配研。每 100g 粉末加炼蜜 140~150g 制成小蜜丸，即得
保赤一粒金散,散剂,解热镇惊，止咳化痰，通便、助消化。用于内热感冒，咳嗽发烧，消化不良，夜啼不眠,"牛黄43.1g, 天竺黄689.7g, 朱砂431g, 山楂(炒焦)574.7g, 麦芽(炒焦)574.7g, 六神曲(炒焦)574.7g, 浙贝母3448.3g, 鸡内金689.7g, 青黛258.6g, 钩藤431g, 冰片258.6g, 天花粉1724.1g, 甘草431.1g, 苦杏仁(榨去油)689.7g, 陈皮1724.1g, 巴豆霜43.1g, 薄荷862.1g, 琥珀689.7g, 使君子仁(炒)431g, 僵蚕431g",以上二十味，除牛黄、青黛、冰片外，朱砂水飞或粉碎成极细粉，陈皮、薄荷分别粉碎成极细粉，其余天竺黄等十四味粉碎成细粉，将牛黄、冰片、青黛研细，与陈皮、薄荷粉末配研后，再与上述粉末配研，混匀，即得
保妇康栓,栓剂,行气破瘀，消炎，生肌，止痛。用于霉菌性阴道炎，宫颈糜烂等妇科疾病,"莪术油82g, 冰片75g",将莪术油于干燥容器内，加入 75g 吐温 80，混匀。冰片加入乙醇中溶解，与上述溶液混合均匀。另取甘油明胶基质 3400g 水浴上加热熔化，加入上述药液，搅拌均匀，灌入栓剂模型中，制成 1000 粒，即得
保和片,片剂,消食积，和脾胃。用于宿食不消，胸膈痞满，噫气吞酸，不思饮食,"山楂(焦)300g, 六神曲(炒)100g, 半夏(制)100g, 茯苓100g, 陈皮50g, 连翘50g, 莱菔子(炒)50g, 麦芽(炒)50g",以上八味，六神曲粉碎成细粉，过筛；山楂温浸 24 小时，浸出液浓缩到每 1ml 相当于 2g 山楂，加 80% 乙醇 4 倍量，静置，取上清液，回收乙醇，并浓缩至稠膏状；另取陈皮提取挥发油，蒸馏后的水溶液另器收集；陈皮药渣与半夏等五味加水煎煮二次，第一次 1.5 小时，第二次 1 小时，合并煎液，静置，滤过，滤液加入上述蒸馏后的水溶液，浓缩成稠膏；将六神曲粉与上述两种稠膏混匀，干燥，粉碎，制成颗粒，干燥，喷加陈皮油，混匀，密闭，压制成 600 片，即得
保胎灵,颗粒剂,补肾，固冲，安胎。用于先兆流产，习惯性流产及因流产引起的不孕症,"熟地黄250g, 牡蛎(煅)250g, 五味子200g, 阿胶100g, 槲寄生200g, 巴戟天(去心)150g, 白术(炒)200g, 山药200g, 白芍250g, 龙骨(煅)250g, 续断200g, 枸杞子200g, 杜仲(炭)200g, 菟丝子(饼)200g",以上十四味，除阿胶外，龙骨、山药粉碎成细粉，其余熟地黄等十一味，加水煎煮二次，第一次 3 小时，第二次 2 小时，合并煎液，滤过，滤液浓缩成稠膏，与上述粉末混合，干燥后再与阿胶混匀，粉碎，过筛，制成颗粒，干燥，压制成 3000 片，包糖衣，即得
追风药酒,酒剂,活血疏风，散寒和脾。用于风寒湿痹引起的筋骨疼痛，四肢麻木，腰膝疼痛，风湿性关节炎,"制川乌375g, 防风375g, 炮姜375g, 陈皮375g, 甘草375g, 当归375g, 制草乌375g",以上七味，酌予碎断，装入布袋，置容器内，加入白酒 38kg，密闭浸泡 30~40 天，每天搅拌一次，取出布袋压榨，榨出液澄清后与浸液合并，加蔗糖 7.5kg，搅拌使溶解，密闭，静置 15 天以上，滤过，即得
追风舒经活血片,片剂,舒筋活血，散风祛寒。用于风寒串入经络引起的腰腿疼痛，四肢麻木,"马钱子粉58.14g, 麻黄膏粉30.0g, 桂枝11.5g, 乳香(炒)11.5g, 木瓜11.5g, 羌活11.5g, 地风皮11.5g, 没药(炒)11.5g, 独活11.5g, 千年健11.5g, 防风11.5g, 自然铜(煅)11.5g, 杜仲(炭)11.5g, 川牛膝7.7g, 甘草7.7g",以上十六味，自然铜粉碎成极细粉；桂枝、千年健、防风、羌活、独活粉碎成细粉，与马钱子粉、自然铜粉配研，过筛，混匀；其余当归等十味加水煎煮三次，第一次 2 小时，第二、三次各 1 小时，合并煎液，滤过，滤液浓缩至稠膏，与上述粉末混匀，制成颗粒，干燥，压制成 1000 片，包糖衣，即得
胆香鼻炎片,片剂,消炎清热，祛风散寒，通窍止痛。用于慢性单纯性鼻炎、过敏性鼻炎、急慢性副鼻窦炎,"猪胆汁膏15g, 广藿香560g, 白芷560g, 苍耳子450g, 鹅不食草375g, 荆芥250g, 金银花250g, 野菊花250g, 薄荷脑1.5g",以上九味，除薄荷脑、猪胆汁膏外，取鹅不食草 50g 粉碎成细粉，过筛，剩余鹅不食草与其余各药照流浸膏剂与浸膏剂项下渗漉法（附录 17 页），用 65% 乙醇为溶剂进行渗漉，收集漉液，回收乙醇，滤过，滤液浓缩成稠膏，与猪胆汁膏合并，干燥，加鹅不食草粉末及辅料适量，制成颗粒，干燥，将薄荷脑研细与上述颗粒混匀，压制成 1000 片，包糖衣，即得
烂积丸,丸剂,消积行滞。用于食积，肉积，水积，气积,"三棱(麸炒)18g, 莪术(醋炙)36g, 山楂(炒)54g, 青皮(醋炙)36g, 陈皮54g, 枳实54g, 槟榔18g, 牵牛子(炒)90g, 大黄90g",以上九味，粉碎成细粉，过筛，混匀，用水泛丸，低温干燥，打光，即得
活血通脉片,片剂,活血通脉，强心镇痛。用于冠状动脉硬化引起的心绞痛，胸闷气短，心气不足，瘀血作痛,"鸡血藤50g, 桃仁10g, 丹参50g, 赤芍25g, 红花20g, 降香20g, 郁金25g, 三七50g, 川芎15g, 陈皮50g, 木香20g, 石菖蒲25g, 枸杞子50g, 黄精(酒炙)100g, 人参25g, 麦冬50g, 冰片5g",以上十七味，丹参、赤芍、石菖蒲、郁金、人参、三七粉碎成细粉；冰片研细；鸡血藤、麦冬、桃仁加水煎煮二次，第一次 3 小时，第二次 1 小时，合并煎液，滤过。黄精、川芎、枸杞子、红花用 70% 乙醇回流二次，第一次 3 小时，第二次 2 小时，合并滤液，回收乙醇。陈皮、木香、降香提取挥发油至油尽，并滤取药液。合并以上各药液，减压浓缩至相对密度为 1.35~1.40（50℃）的稠膏。加入丹参、赤芍、石菖蒲、郁金、人参、三七等细粉，混匀，干燥，粉碎成细粉，制粒，干燥，再加入陈皮、木香、降香挥发油及冰片细粉，混匀，压制成 550 片或包糖衣，即得
养心安神丸,丸剂,补肾益智，养心安神。用于心肾不交引起的少眠多梦，头晕心悸，耳鸣健忘，倦怠无力,"五味子（醋炙）150g, 首乌藤500g, 合欢花250g, 黄精（酒炙）200g, 当归250g, 丹参500g, 酸枣仁(炒)500g, 远志（去心甘草炙）150g, 知母250g, 磁石500g",以上十味，粉碎成细粉，过筛，混匀，用水泛丸，干燥，包胶衣，打光，即得
冠心丹参片,片剂,活血化瘀，理气止痛。用于冠心病所致的胸闷，胸痹，心悸气短,"丹参200g, 三七200g, 降香油1.75ml",以上三味，三七粉碎成细粉；丹参粉碎成中粉，照流浸膏剂与浸膏剂项下的渗漉法（附录 17 页），用 90% 乙醇作溶剂，进行渗漉，漉液浓缩至稠膏状，药渣加水煎煮二次，每次 1 小时，合并煎液，滤过，滤液浓缩至适量，加入上述细粉及稠膏，搅匀，制成颗粒，干燥，喷加降香油，混匀，压制成 1000 片，包糖衣，即得
桃花散,散剂,清肺宁嗽。用于肺热咳嗽，气喘痰鸣，烦渴等症,"朱砂50g, 石膏250g, 川贝母250g",以上三味，除朱砂外，其余二味粉碎成细粉，过筛；朱砂水飞或粉碎成极细粉，与上述粉末配研，过筛，混匀，即得
珠黄散,散剂,清热解毒，祛腐生肌。用于咽喉肿痛糜烂，口腔溃疡久不收敛,"珍珠100g, 牛黄100g",以上二味，珍珠先研成细粉，再照水飞法（附录 7 页）研成最细粉，然后与牛黄配研，过筛，混匀，即得
桂圆琼玉冲剂,颗粒剂,补益心脾，养血安神，补养肝肾，养阴黑发。用于气阴不足，津枯赢瘦，劳伤失血，心悸，头昏眼花，健忘，失眠，须发早白等症,"桂圆100g, 地黄400g, 何首乌200g, 茯苓94g, 党参47g, 女贞子40g, 陈皮15g",以上七味，加水煎煮三次，每次 2 小时，合并煎液，滤过，滤液浓缩至 900ml，加乙醇使含醇量为 50~60%，搅匀，静置 24 小时，滤过，滤液浓缩至约 250ml，加入蔗糖粉适量，混匀，制成颗粒，压块，干燥，即得
哮喘宁片,片剂,镇咳定喘，消炎化痰。用于支气管哮喘，慢性咳嗽，气急,"胆南星150g, 石膏125g, 甘草75g, 洋金花50g, 五味子400g, 远志(制)150g, 太子参400g, 麻黄(蜜炙)200g",以上八味，胆南星、石膏、甘草粉碎成细粉，过筛；太子参加水煎煮二次，每次 2 小时，合并煎液，滤过；其余麻黄等四味粉碎成粗粉，照流浸膏剂与浸膏剂项下的渗漉法（附录 17 页），用 70% 乙醇作溶剂，浸渍 24 小时后进行渗漉，收集漉液，减压浓缩成浸膏，加入上述滤液，继续浓缩至稠膏，加入上述粉末，制成颗粒，干燥，制成 1500 片，即得
健身长春膏,膏剂,补气血，养肝肾。用于气血不足，肝肾阴虚，神疲乏力，头晕眼花，耳鸣心悸，失眠，记忆力减退,"红参5g, 黄芪(蜜炙)20g, 茯苓20g, 白术(麸炒)20g, 白芍(麸炒)20g, 甘草(蜜炙)10g, 熟地黄30g, 当归(酒洗)30g, 川芎10g, 枸杞子30g, 制何首乌30g, 女贞子(制)30g, 桑葚20g, 陈皮20g, 半夏(制)15g",以上十五味，红参加水煎煮二次，每次 3 小时，合并煎液，滤过，滤液备用；参渣与其余黄芪等十四味加水煎煮二次，第一次 4 小时，第二次 3 小时，分别滤过，滤液与上述参液合并，浓缩至相对密度为 1.21（热测）的清膏。将蔗糖 530g 加水适量，加热溶解，滤过；取清膏 1000g 与上述糖浆混合，浓缩至相对密度为 1.35（热测）的稠膏，即得
健身消导冲剂,颗粒剂,健脾理气，和胃化滞。用于小儿消化不良，食欲不振,"六神曲(炒)100g, 陈皮100g, 鸡内金(醋炙)300g, 槟榔(焦)200g, 胡黄连100g, 青皮(醋制)100g, 莪术(醋制)100g, 枳壳(炒)200g, 大黄300g, 厚朴(姜制)100g, 牵牛子(炒)100g, 苍术(炒)200g, 麦芽(焦)300g, 草果仁(炒)200g, 诃子肉200g, 党参200g, 山楂(焦)200g, 使君子仁200g",以上十八味，鸡内金粉碎成细粉，其余六神曲等十七味加水煎煮三次，第一次 3 小时，第二次 2 小时，第三次 1 小时，合并煎液，滤过，滤液浓缩成膏，拌入上述鸡内金末及蔗糖粉适量，混匀，制成颗粒，干燥，分装成 1000 袋，即得
健脾资生丸,丸剂,补益脾胃，消食止泻。用于脾胃虚弱，消化不良，脘腹闷胀，慢性腹泻,"党参150g, 薏苡仁(炒)75g, 茯苓100g, 山楂(炒)75g, 白术(炒)150g, 砂仁75g, 甘草(炙)50g, 芡实(炒)75g, 麦芽(炒)100g, 橘红100g, 六神曲(炒)100g, 广藿香50g, 山药100g, 桔梗50g, 莲子肉(炒)100g, 黄连(姜汁炒)20g, 白扁豆(炒)75g, 豆蔻40g",以上十八味，粉碎成细粉，过筛，混匀。用水泛丸，干燥，即得
消炎片,片剂,抗菌消炎。用于呼吸道感染，发热，肺炎，支气管炎，咳嗽有痰，疖肿等,"蒲公英446g, 紫花地丁446g, 野菊花446g, 黄芩446g",以上四味，除黄芩粉碎成细粉外，其余蒲公英等三味加水煎煮二次，第一次 3 小时，第二次 2 小时，合并煎液，滤过，滤液静置，取上清液，浓缩成稠膏，与黄芩粉末混匀，干燥，粉碎，过筛，用 65% 乙醇制粒，压制成 1000 片，即得
消核膏,膏剂,解毒，消肿，散结。用于无名肿毒，痈疽发背，痰核瘰疬,"玄参75g, 生马钱子150g, 蓖麻子40g, 五倍子40g, 蛇蜕15g, 苦杏仁150g, 木鳖子40g, 穿山甲100g, 蜂房40g, 人发(洗净)50g, 巴豆7.5g, 樟脑25g",以上十二味，除樟脑外，其余玄参等十一味，酌予碎断，与植物油 1600g 同置锅内炸枯，去渣，滤过，炼至滴水成珠；另取红丹 800g 徐徐加入油内搅匀，收膏，将膏浸泡于水中。取膏用文火熔化后，加入樟脑，搅匀，分摊于纸上，即得
消咳喘（糖浆）,糖浆剂,止咳，祛痰，平喘。用于慢性支气管炎及感冒咳嗽等,满山红200g,取满山红叶 200g，加 40% 乙醇约 950ml，密闭，浸渍七日（浸提温度为 30~40℃），每日搅拌 2~3 次，滤过，药渣压榨，榨出液与滤液合并，滤过，加入蔗糖 350g，搅拌溶解，加 40% 乙醇至 1000ml，混匀，静置，滤过，即得
消咳喘片,片剂,止咳，祛痰，平喘。用于慢性支气管炎及感冒咳嗽等,"满山红油2.5ml, 满山红浸膏粉173g",以上二味，满山红浸膏粉加适量淀粉，混匀，用 80% 乙醇制成颗粒，干燥；满山红油加适量的碳酸钙，混匀，与上述颗粒混匀，压制成 1000 片，包糖衣，即得
消积丸,丸剂,消积行滞。用于食积，肉积，水积，气积,"大黄60g, 牵牛子(炒)180g, 山楂180g, 六神曲(炒)180g, 麦芽(炒)120g, 五灵脂(醋炒)30g, 青皮(醋炙)30g, 陈皮30g, 三棱(醋炙)30g, 莪术(醋炙)30g, 香附(醋炙)30g",以上十一味，粉碎成细粉，过筛，混匀，用水泛丸，低温干燥，打光，即得
消痔栓,栓剂,收敛，消肿，止痛，止血。用于内外痔疮,"龙骨(煅)89g, 轻粉40g, 冰片83g, 珍珠(制)41g",以上四味，将珍珠、轻粉水飞或粉碎成极细粉，过筛；龙骨粉碎成细粉，过筛；冰片研成细粉，与珍珠、轻粉、龙骨细粉配研，混匀，过筛。取山苍子油基质适量，加热熔化，稍放冷，加入上述药粉，搅拌均匀，倒入模具内，冷却成形，共制成栓剂 1000 粒，取出，包装，即得
消喘膏,膏剂,止咳祛痰，降气除湿，解痉平喘。用于哮喘，喘息型气管炎，支气管哮喘，肺气肿,"白芥子(炒)210g, 鲜姜汁500g, 延胡索(制)210g, 甘遂(制)120g, 细辛120g",以上五味，白芥子、细辛、甘遂、延胡索粉碎成细粉，过筛；取苯甲酸钠适量溶于姜汁中，与甘油适量一同加入药粉，搅匀，即得
消瘰夏枯草膏,膏剂,清火化痰，调气散结。用于瘰疬，痰核,"夏枯草480g, 玄参10g, 昆布6g, 浙贝母10g, 桔梗6g, 甘草6g, 当归10g, 白芍(炒)10g, 川芎6g, 红花4g, 香附(制)20g, 陈皮6g, 乌药10g, 僵蚕10g",以上十四味，加水煎煮二次，第一次 4 小时，第二次 3 小时，合并煎液，滤过，滤液浓缩成稠膏，加入炼蜜 160g 搅匀，继续浓缩至规定的相对密度，即得
润肌皮肤膏,膏剂,消斑，燥湿，活血。用于皮肤疮癣，粉刺疙瘩，酒糟赤鼻，雀斑，汗斑，白癜风，湿毒脚气,"大枫子仁160g, 红粉160g, 核桃仁160g, 蓖麻子160g, 樟脑160g, 松香10g, 蜂蜡70g",以上七味，大枫子仁、核桃仁、蓖麻子分别研成细泥，混匀；红粉研成极细粉；樟脑研成极细粉；蜂蜡加热熔化，滤过。取麻油 135g，加热至沸，加入松香、蜂蜡熔化，至油面冒烟时撤离火源，待油温降至约 140℃，加入红粉及上述混合细泥，搅匀，于 60~70℃时加入樟脑粉，搅匀，即得
润肺止嗽丸,丸剂,润肺定喘，止嗽化痰。用于肺气虚弱引起的咳嗽喘促，痰涎壅盛，久嗽声哑,"天冬15g, 地黄9g, 天花粉15g, 瓜蒌子(蜜炙)15g, 桑白皮(蜜炙)15g, 紫苏子(炒)9g, 苦杏仁(去皮炒)6g, 紫菀15g, 浙贝母9g, 款冬花15g, 桔梗6g, 五味子(醋炙)15g, 前胡6g, 青皮(醋炙)15g, 陈皮9g, 黄芪(蜜炙)9g, 酸枣仁(炒)9g, 黄芩15g, 知母9g, 淡竹叶9g, 甘草(蜜炙)6g",以上二十一味，粉碎成细粉，过筛，混匀。每 100g 粉末加炼蜜 110~120g 制成大蜜丸，即得
海蛤散,散剂,化痰清肝。用于肝火毒盛所致的咳嗽痰多等症,"浮海石200g, 蛤壳100g",以上二味，粉碎成粗粉，过筛，混匀，即得
益气聪明丸,丸剂,益气升阳，聪耳明目。用于视物昏花，耳聋耳鸣,"升麻60g, 葛根60g, 黄柏(炒)20g, 白芍20g, 蔓荆子30g, 党参100g, 黄芪100g, 甘草（炙）100g",以上八味，粉碎成细粉，过筛，混匀。每 100g 粉末加炼蜜 40~50g 与适量水泛丸，干燥，即得
益肝乐冲剂,颗粒剂,清热利湿，舒肝解郁，扶正固本。用于湿热蕴蒸，身目俱黄，或两胁胀满疼痛，体倦懒食，溲赤便溏，舌苔黄腻等，西医诊断为急性黄疸型和非黄疸型肝炎、慢性迁延型肝炎等症,"云芝提取物适量（相当于葡聚多糖15g）, 垂盆草500g, 柴胡200g, 郁金300g, 板蓝根200g, 五味子60g",以上六味，垂盆草、柴胡、郁金、板蓝根加水煎煮两次，第一次 2 小时，第二次 1 小时，合并煎液，滤过；五味子同法加水煎煮二次，收集滤液，另将五味子仁剥出，干燥，备用；上述各滤液减压浓缩至膏状，干燥，与云芝提取物及五味子仁混合粉碎成细粉，加入蔗糖细粉适量，混匀，制粒，低温干燥，制成 600g，即得
益坤丸,丸剂,补气养血，调经散寒。用于气虚血衰引起的月经不调，行经腹痛，宫寒带下，腰酸体倦,"熟地黄192g, 当归192g, 白芍192g, 阿胶192g, 人参192g, 黄芪(蜜炙)192g, 山药192g, 甘草192g, 益母草膏180g, 血余炭24g, 鸡冠花96g, 延胡索(醋炙)192g, 乳香(醋炙)48g, 没药(醋炙)192g, 小茴香(盐炙)24g, 松香(炙)96g, 鹿角192g, 锁阳48g, 艾叶炭24g, 续断48g, 补骨脂(盐炙)48g, 杜仲炭48g, 菟丝子18g, 白薇192g, 黄柏192g, 茯苓192g, 白术(麸炒)192g, 白芷192g, 陈皮288g, 木香48g, 砂仁192g, 紫苏叶18g, 藁本192g, 川芎192g, 牡丹皮192g, 红花18g, 益母草720g, 赤石脂(煅)192g, 黄芩192g, 青蒿48g, 肉桂18g",以上四十一味，除白术、白芷、陈皮、木香、砂仁、紫苏叶、藁本、川芎、牡丹皮、红花、益母草、赤石脂、黄芩、青蒿、肉桂粉碎成粗粉外，其余熟地黄等二十六味，酌予碎断，加入等量黄酒，加盖密闭，放高压罐内加热或隔水加热炖至黄酒基本蒸尽，与上述粗粉混匀，干燥，粉碎成细粉，过筛，混匀。每 100g 粉末加炼蜜 130~140g 制成大蜜丸，即得
益髓冲剂,颗粒剂,益精填髓，补肾壮阳。用于脊髓空洞症及其它脊髓疾患等症引起的腰酸腿软，肌肉萎缩疼痛，冷热感迟钝，目眩耳鸣等症,"熟地黄55g, 枸杞子55g, 丹参44g, 巴戟天55g, 山茱萸14g, 牡丹皮33g, 黄芪44g, 紫梢花14g, 马钱子粉27.5g, 冬虫夏草11g, 当归55g, 川芎33g, 鹿茸11g, 黄精55g, 山药44g, 鸡血藤14g, 人参55g, 牛脊髓(鲜)55g",以上十八味，除人参、鹿茸、马钱子粉、冬虫夏草、鲜牛脊髓外，其余熟地黄等十三味加水煎煮三次，第一次 3 小时，第二次 2 小时，第三次 1 小时，合并煎液，滤过，滤液浓缩成稠膏，备用。将人参、鹿茸、冬虫夏草粉碎成细粉，与马钱子粉配研，过筛，备用。将牛脊髓除去杂质切成碎块，80℃以下干燥，粉碎成细粉。将上述稠膏与人参等细粉、牛脊髓细粉混匀，干燥，粉碎成细粉，过筛，加入蔗糖粉 330g、糊精适量，混匀，制成颗粒，分装成 100 袋，即得
通脉冲剂,颗粒剂,活血通脉。用于缺血性心脑血管疾病，动脉硬化，脑血栓，脑缺血，冠心病，心绞痛,"丹参500g, 川芎500g, 葛根500g",以上三味，加水煎煮二次，第一次 1.5 小时，第二次 1 小时，合并煎液，滤过，滤液浓缩至相对密度为 1.08，趁热滤过，滤液浓缩至相对密度为 1.38~1.40 的清膏，加入蔗糖粉适量，制成颗粒，低温干燥，制成 1000g，即得
通窍散,散剂,芳香开窍，避秽醒脑。用于中暑中恶引起的关窍不通，气闭昏厥，神志不清，四肢厥冷,"麝香50g, 闹羊花200g, 灯心草（炭）1000g, 蟾酥120g, 硼砂（煅）250g, 细辛130g, 荆芥(炭)250g, 猪牙皂150g, 冰片280g",以上九味，分别研成细粉，灯心草炭过 5 号筛，其余分别过 6 号筛；除灯心草炭外，先将余药混和，然后与灯心草炭和匀，过筛，混匀，即得
培坤丸,丸剂,补气血，滋肝肾。用于妇女血亏，消化不良，月经不调，赤白带下，小腹冷痛，气血衰弱，久不受孕,"黄芪(蜜炙)48g, 陈皮32g, 甘草(蜜炙)8g, 白术(炒)48g, 北沙参16g, 茯苓32g, 当归(酒炒)80g, 麦冬32g, 川芎16g, 酸枣仁(炒)32g, 白芍(酒炒)16g, 砂仁9g, 杜仲(炭)32g, 核桃仁20g, 胡芦巴(盐炒)40g, 艾叶(醋炒)16g, 龙眼肉32g, 山茱萸(制)32g, 远志(制)4g, 熟地黄64g, 五味子(蒸)8g",以上二十一味，粉碎成细粉，过筛，混匀。另取酥油 48g，熔化，加入上述粉末，混匀。每 100g 粉末加炼蜜 90~100g 制成小蜜丸或大蜜丸，即得
理气舒心片,片剂,解肝郁，行气滞，祛胸痹。用于气滞血瘀症冠心病，心绞痛，心律不齐，气短腹胀，胸闷心悸,"当归66.6g, 沉香13.3g, 茯苓66.6g, 木香13.3g, 香附(醋制)66.6g, 姜黄13.3g, 莪术(醋制)66.6g, 蒲黄20g, 佛手80g, 五灵脂20g, 陈皮80g, 枳实(炒)60g, 青皮(醋制)80g, 枳壳(炒)60g, 麦芽(炒)93g, 香橼120g, 三棱(醋制)33.4g, 丹参26.6g",以上十八味，沉香、木香、蒲黄、五灵脂、莪术、姜黄、三棱 6.6g、青皮 13.4g 粉碎成细粉；剩余的三棱、青皮和其余当归等十味，加水煎煮三次（同时收集挥发油），第一次 3 小时，第二次 2 小时，第三次 1 小时，合并煎液，滤过，滤液浓缩成稠膏。加入上述粉末及辅料适量，混合，制成颗粒，喷入三棱等挥发油，混匀，制成 1000 片，包糖衣，即得
黄疸茵陈冲剂,颗粒剂,清热利湿，退黄疸。用于治疗急、慢性黄疸型传染性肝炎,"茵陈332g, 黄芩188g, 大黄（制）125g, 甘草32g",以上四味，茵陈提取挥发油，加乙醇稀释后备用，提取挥发油后的茵陈加入其余黄芩等三味，加水煎煮二次，每次 1 小时，合并煎液，滤过，滤液浓缩至相对密度为 1.18（80℃）的清膏，放冷至室温，加入等量乙醇，搅拌，静置 24 小时，取上清液浓缩至相对密度为 1.20（80℃）的清膏。取清膏 1 份加入蔗糖粉 3.5 份，白糊精 1.5 份，制成颗粒，干燥，加入上述挥发油的醇溶液，混匀，即得
偏瘫复原丸,丸剂,补气活血，祛风化痰。用于气虚血瘀、风痰阻络引起的中风瘫痪，半身不遂，口眼歪斜，痰盛气亏，言语不清，足膝浮肿，行步艰难，筋骨疼痛，手足拘挛,"黄芪960g, 人参120g, 当归720g, 川芎480g, 赤芍240g, 熟地黄360g, 丹参360g, 三七240g, 牛膝720g, 天麻240g, 僵蚕(炒)240g, 全蝎120g, 钩藤240g, 白附子(矾炙)240g, 秦艽280g, 地龙240g, 铁丝威灵仙280g, 防风240g, 杜仲(炭)240g, 补骨脂(盐炙)240g, 骨碎补240g, 香附(醋炙)240g, 沉香90g, 肉桂100g, 豆蔻仁120g, 茯苓360g, 泽泻240g, 桂枝360g, 白术(炒)360g, 枳壳(炒)280g, 麦冬360g, 法半夏240g, 安息香100g, 甘草240g, 冰片30g",以上三十五味，除冰片、安息香外，其余黄芪等三十三味，粉碎成细粉。将冰片、安息香研细，与上述粉末配研，过筛，混匀，每 100g 粉末加炼蜜 140-160g 制成大蜜丸，即得
康复灵药膏,膏剂,清热解毒，燥湿杀虫，收敛止痒。用于外阴瘙痒，外阴溃疡,"大黄248g, 儿茶10g, 紫草100g, 冰片7g",以上四味，将冰片研细，儿茶粉碎成细粉。取大黄酌予碎断，与适量香油同置锅内炸枯，去渣，再加入紫草浸泡 72 小时，滤去紫草，滤液浓缩成 365ml，加入蜂蜡适量，搅匀，稍放冷，加入冰片和儿茶细粉，混匀，即得
鹿尾补肾丸,丸剂,补肾填精，强筋壮骨，益气补血。用于肾虚精亏，气血虚弱，头晕眼花，健忘遗泄，腰酸腿痛等症,"鹿尾(去毛)31g, 牡丹皮15g, 当归(酒蒸)230g, 山药230g, 党参(蒸)460g, 龟甲胶77g, 菟丝子(盐蒸)123g, 锁阳(蒸)153g, 桑螵蛸(盐蒸)123g, 泽泻46g, 黄精(蒸)123g, 冬虫夏草77g, 杜仲(微炒)77g, 鹿角胶77g, 巴戟天(盐蒸)153g, 莲须153g, 蛤蚧(去头、鳞)5.5g, 茯苓309g, 金樱子(去核盐蒸)31g, 枸杞子108g, 鹿茸(酒蒸)31g, 骨碎补46g, 覆盆子(盐蒸)77g, 黄芪309g",以上二十四味，除鹿茸、鹿角胶、龟甲胶外，其余蛤蚧等二十一味加白酒 112g，混匀，蒸透，干燥，粉碎成细粉，过筛。鹿茸研成细粉，与上述细粉配研，过筛，混匀。鹿角胶、龟甲胶加白酒炖化，与炼蜜混匀。每 100g 粉末加炼蜜 20g 与适量的水，泛丸，包衣，打光，干燥，即得
鹿筋壮骨酒,酒剂,祛风除湿，舒筋活血。用于四肢麻木，风湿性关节炎,"鹿筋30g, 鹿骨200g, 当归50g, 木瓜40g, 党参75g, 玉竹200g, 黄芪75g, 重楼100g, 虎杖96g, 桂枝75g, 续断100g, 肉桂50g, 红花100g, 枸杞子75g, 秦艽50g, 制川乌40g, 制草乌40g",以上十七味，酌予碎断，装入布袋，置容器内，加入白酒 15kg，密闭浸泡 30-40 天，每天搅拌一次，取出布袋压榨，榨出液澄清后与浸液合并，加蔗糖 0.6kg，搅拌使溶解，密闭，静置 15 天以上，滤过，即得
痔疮栓,栓剂,清热通便，止血，消肿止痛，收敛固脱。用于各期内痔、混合痔之内痔部分，轻度脱垂等,"柿蒂125g, 大黄75g, 冰片40g, 芒硝46g, 田螺壳(炒)150g, 橄榄核(炒炭)150g",以上六味，分别粉碎成细粉，过筛，混匀，边搅拌边加入微温溶化的混合脂肪酸酯基质，搅匀，待要凝时，迅速倾入涂有润滑剂的栓模内，冷却，凝后出模，制成 1000 粒，即得
惊风丸,丸剂,清热，镇惊，祛风，化痰。用于小儿惊风，四肢抽搐，牙关紧闭，痰盛气促,"僵蚕(麸炒)100g, 天麻200g, 苍术(米泔水制)75g, 大黄75g, 白芷75g, 雄黄25g, 胆南星50g, 天竺黄50g, 蟾酥7.5g, 细辛20g, 全蝎50g, 朱砂35g",以上十二味，除蟾酥外，雄黄、朱砂分别水飞或粉碎成极细粉；其余僵蚕等九味粉碎成细粉，与雄黄粉末配研，过筛，混匀；将蟾酥用白酒溶化，加适量水泛成小丸，低温干燥，朱砂粉末包衣，即得
清血内消丸,丸剂,清热祛湿，消肿败毒。用于脏腑积热，风湿毒热引起的疮疡初起，红肿坚硬，痈疡不休，憎寒发热，大便秘结,"金银花120g, 连翘90g, 栀子(姜炙)60g, 拳参60g, 大黄90g, 蒲公英60g, 黄芩60g, 黄柏60g, 关木通60g, 玄明粉45g, 赤芍60g, 乳香(醋炙)60g, 没药(醋炙)60g, 桔梗60g, 瞿麦60g, 玄参60g, 薄荷30g, 雄黄60g, 甘草60g",以上十九味，玄明粉粉碎成细粉；雄黄水飞或粉碎成极细粉；其余金银花等十七味粉碎成细粉，与上述二细粉配研，过筛，混匀，用水泛丸，干燥，即得
清眩片,片剂,散风解热。用于风热头晕目眩，偏正头痛，鼻塞牙痛,"川芎200g, 白芷200g, 薄荷100g, 荆芥穗100g, 石膏100g",以上五味，石膏 20g、白芷粉碎成细粉，剩余的石膏加水煎煮二次，第一次 3 小时，第二次 1 小时，滤过，合并滤液；川芎用 70% 乙醇回流二次，第一次 3 小时，第二次 2 小时，滤过，合并滤液，回收乙醇；薄荷、荆芥穗提取挥发油至油尽，并滤取药液。合并以上各药液，减压浓缩至相对密度为 1.33~1.40（50℃）的清膏，加入石膏、白芷细粉，混匀，干燥，粉碎成细粉，用 7.5~10% 淀粉糊制成颗粒，干燥，放冷，喷加薄荷、荆芥穗挥发油，混匀，压制成 500 片，即得
清眩治瘫丸,丸剂,活血降压，化痰熄风。用于肝阳上亢，肝炎内炽引起的头目眩晕、项强脑胀，胸中闷热，惊恐虚烦，半身不遂，口眼歪斜，痰涎壅盛，言语不清，血压升高,"天麻24g, 蕲蛇(酒炙)24g, 僵蚕24g, 全蝎12g, 地龙24g, 铁丝威灵仙28g, 白附子(矾炙)24g, 决明子36g, 牛膝36g, 没药(醋炙)24g, 血竭24g, 丹参36g, 川芎36g, 赤芍24g, 玄参24g, 桑寄生36g, 葛根28g, 香附(醋炙)36g, 骨碎补28g, 槐米28g, 郁金24g, 沉香12g, 枳壳(炒)72g, 安息香10g, 人参(去芦)12g, 白术(炒)36g, 麦冬24g, 茯苓36g, 黄连24g, 黄芩24g, 地黄24g, 泽泻36g, 法半夏20g, 黄芪72g, 山楂36g, 水牛角浓缩粉12g, 牛黄10g, 珍珠10g, 冰片3g",以上三十九味，除安息香、水牛角浓缩粉、牛黄、冰片外，珍珠水飞或粉碎成极细粉，其余天麻等三十四味粉碎成细粉；将安息香、水牛角浓缩粉、牛黄、冰片研细，与上述粉末配研，过筛，混匀。每 100g 粉末加炼蜜 140~160g 制成大蜜丸，即得
清胰利胆冲剂,颗粒剂,行气解郁，活血止痛，舒肝利胆，解毒通便。用于急性胰腺炎，急性胃炎等症,"牡蛎472g, 姜黄172g, 金银花283g, 柴胡189g, 大黄28.3g, 延胡索（醋制）283g, 牡丹皮283g, 赤芍283g",以上八味，牡蛎捣碎加水四倍量煎煮 4 小时，滤过，残渣与牡丹皮、姜黄、延胡索、柴胡、赤芍五味水煎煮二次，第一次 3 小时，第二次 2 小时，合并煎液，滤过；大黄、金银花加水四倍量煎煮二次，第一次 1 小时，第二次半小时，滤过，滤液与上述滤液合并，减压浓缩成膏，真空干燥，粉碎成细粉，将蔗糖 600g 粉碎成细粉与干膏粉混匀，制成颗粒，干燥，制成 130 袋，即得
清热利胆冲剂,颗粒剂,清热利湿，消炎利胆。用于胆囊炎，胆结石伴胆囊炎,"连钱草200g, 荷包草200g, 凤尾草200g, 紫花地丁200g",以上四味，加水煎煮二次，每次 1 小时，合并煎液，滤过，滤液浓缩至相对密度为 1.27~1.29（85℃）的清膏，取清膏 1 份，蔗糖 2 份、糊精 1 份制成颗粒，干燥，即得
清热神芎丸,丸剂,通便泻火，消肿止痛。用于牙痛，便秘，目赤鼻肿,"大黄200g, 川芎50g, 黄连50g, 黄芩200g, 薄荷50g, 滑石400g, 牵牛子(炒)400g",以上七味，粉碎成细粉，过筛，混匀，用冷开水泛丸，干燥，即得
清热治痢丸,丸剂,清热止痢。用于湿热痢（菌痢），热泻,"马齿苋260g, 三颗针173g",以上二味，马齿苋 43.5g 与三颗针粉碎成细粉，剩余马齿苋加水煎煮二次，第一次 2 小时，第二次 1 小时，合并煎液，滤过，滤液浓缩至相对密度为 1.35（50℃）的清膏，与上述粉末泛丸，干燥，打光，即得
羚竺散,散剂,清热解毒，宣肺化痰，镇惊。用于热毒壅肺引起的肺炎，支气管炎等,"羚羊角粉25g, 水牛角浓缩粉75g, 琥珀37g, 冰片50g, 桔梗250g, 僵蚕12.5g, 全蝎（去钩）12.5g, 天竺黄12.5g, 平贝母250g, 桑白皮(制)125g, 苦杏仁(炒)75g, 莱菔子(炒)14g, 黄连37g, 前胡125g, 甘草75g",以上十五味，除羚羊角粉、水牛角浓缩粉外，冰片研细，其余桔梗等十二味粉碎成细粉，与上述粉末配研，过筛，混匀，即得
绿雪,散剂,清热解毒，镇惊安神。用于外感时邪引起的高烧神昏，头痛脑胀，咽痛口渴，面赤眼肿，大便燥结，小儿急热惊风,"寒水石230.4g, 滑石230.4g, 磁石230.4g, 石膏230.4g, 玄参76.8g, 升麻76.8g, 甘草38.4g, 青木香24g, 丁香4.8g, 石菖蒲24g, 玄明粉768g, 硝石153.6g, 水牛角浓缩粉3.45g, 青黛15g, 朱砂24g",以上十五味，除水牛角浓缩粉、青黛外，朱砂水飞或粉碎成极细粉；其余寒水石、滑石、磁石、石膏砸成小块，加水煎煮三次，每次 4 小时，滤过，合并滤液。玄参、升麻、甘草用上述滤液煎煮三次，第一次 3 小时，第二次 2 小时，第三次 1 小时，合并煎液，滤过。丁香、青木香、石菖蒲提取挥发油至油尽，并滤取药液，药液与上述滤液合并，减压浓缩至相对密度为 1.25（50℃）的清膏，加玄明粉、硝石，搅匀，低温干燥，粉碎成细粉；加入挥发油混匀。每 180g 细粉加入处方中水牛角浓缩粉、青黛、朱砂粉末，配研，过筛，混匀，即得
紫归治裂膏,膏剂,活血、生肌、止痛。用于手足皲裂,"紫草100g, 当归100g, 白蔹50g, 甘草50g, 冰片20g, 二甲基亚砜10g",以上六味，取紫草、当归、白蔹、甘草粉碎成粗粉，加入 90% 乙醇加热回流三次，每次 1 小时，滤过，合并滤液，滤液浓缩至相对密度为 1.05（20℃）的流浸膏；另取橡胶 160g 切轧成薄片，置汽油中待充分溶胀后，不断搅拌，分别加入氧化锌 190g、凡士林 20g、羊毛脂 25g、液状石蜡 15g、松香 150g、二甲基亚砜、冰片、与上述流浸膏搅匀，滤过，静置 24~48 小时，涂膏，在 70~80℃烘干、切段，盖衬，切片，即得
紫河车胶囊,胶囊剂,温肾补精，益气养血。用于虚劳赢瘦，骨蒸盗汗，咳嗽气喘，食少气短，阳痿遗精，不孕少乳,紫河车1000g,取紫河车 1000g，粉碎成细粉，过筛，装胶囊，即得
紫蔻丸,丸剂,温中行气，健胃消食。用于寒郁气滞或饮食所致的消化不良，恶心呕吐，嗳气吞酸，胀满，胃脘疼痛,"山楂(去核)60g, 香附(醋制)40g, 白术(炒)30g, 茯苓20g, 槟榔20g, 莱菔子(炒)20g, 草豆蔻20g, 麦芽20g, 六神曲(炒)20g, 陈皮10g, 枳壳(炒)20g, 木香10g, 广藿香10g, 甘草10g, 高良姜10g, 豆蔻10g, 青皮20g, 官桂6g, 砂仁6g, 丁香6g",以上十八味，粉碎成细粉，过筛，混匀。每 100g 粉末加炼蜜 140~150g 制成大蜜丸，即得
喘咳宁片,片剂,止咳平喘。用于内素有里热，外又感受风寒所致的咳喘病,"桔梗143g, 猪胆汁38g, 甘草143g, 苦杏仁霜38g, 麻黄214g",以上五味，桔梗粉碎成细粉，与苦杏仁霜配研，混匀，麻黄、甘草加水煎煮二次，第一次 3 小时，第二次 2 小时，合并煎液，滤过，滤液加猪胆汁，搅匀，浓缩成稠膏，加入上述粉末，混合，干燥，粉碎，加辅料适量，混匀，制成颗粒，干燥，压制成 1000 片，包糖衣，即得
喉症丸,丸剂,清热解毒，消肿止痛。用于咽炎、喉炎、扁桃腺炎及一般疮疖,"板蓝根420g, 牛黄30g, 冰片14g, 猪胆汁400g, 玄明粉20g, 青黛12g, 雄黄46g, 硼砂20g, 蟾酥(酒制)40g, 百草霜16g",以上十味，除猪胆汁、牛黄、冰片外，蟾酥酒制；百草霜、青黛研成细粉备用。其余板蓝根等四味粉碎成细粉，过筛，混匀，与牛黄、冰片配研，混匀，用蟾酥酒制溶液与滤过之猪胆汁合并，搅匀，将上述药粉泛丸，用青黛、百草霜包衣，阴干，打光即得
喉痛灵片,片剂,清热，解毒，消炎，清咽喉。用于咽喉炎，急性化脓性扁桃体炎，感冒发热，上呼吸道炎，疮疖,"水牛角浓缩粉50g, 野菊花375g, 荆芥穗375g, 南板蓝根750g",以上四味，南板蓝根、野菊花、荆芥穗，加水煎煮二次，合并煎液，滤过，滤液浓缩至稠膏，加 95% 乙醇，使含醇量为 60%，静置，滤过，取滤液回收乙醇，浓缩成稠膏，加入水牛角浓缩粉及辅料混匀，制成颗粒，干燥，压制成 500 片，包糖衣，即得
蛤蚧治痨丸,丸剂,滋肾补肺，止咳抗痨。用于肺痨，潮热，盗汗，咳嗽，咯血,"蛤蚧5对, 百部(蜜炙）100g, 平贝母35g, 白果75g, 白及75g, 乌梅50g, 冬虫夏草50g",以上七味，粉碎成细粉，过筛，混匀。每 100g 粉末加炼蜜 95~110g 制成大蜜丸，即得
黑归脾丸,丸剂,补益心脾，养血安神。用于气血两亏，体力衰弱，惊悸不寐，崩漏便血,"党参100g, 甘草(炙)5g, 当归(炒)50g, 茯苓100g, 龙眼肉100g, 木香25g, 黄芪(炙)100g, 白术(炒)100g, 熟地黄100g, 远志50g, 酸枣仁(炒)100g, 大枣(黑枣)100g",以上十二味，除木香、大枣外，其余党参等十味粉碎成粗粉；将大枣煮熟去皮、核，制成枣泥，与上述粉末拌匀，烘干，加入木香粉碎成细粉，过筛，混匀。另取生姜 25g 分次加水煎煮，滤过。每 100g 粉末加炼蜜 24g 及上述生姜煎煮液泛丸，干燥，即得
舒痔丸,丸剂,凉血止血，清热导滞。用于痔疮出血，肛门肿痛，大便干燥，脱肛下坠,"槐角(炒)200g, 地榆(炭)200g, 枳实(麸炒)60g, 槐米(炒)200g, 当归100g, 黄芩50g, 甘草30g, 牡丹皮150g, 胡黄连200g, 象牙屑200g, 大黄100g, 荆芥(炭)200g, 茯苓100g, 地黄200g, 乳香(制)40g, 刺猬皮(炒、去刺)100g",以上十六味，粉碎成细粉，过筛，混匀。每 100g 粉末加炼蜜 30~35g 与适量水泛丸，干燥，即得
温六散,散剂,祛暑散寒，除呕止泻。用于暑月受寒，呕吐泄泻,"滑石（飞）600g, 干姜50g, 甘草100g",以上三味，分别粉碎成粗粉，过筛。各取净粉，混匀，即得
强力天麻杜仲胶囊,胶囊剂,散风活血，舒筋止痛。用于中风引起的筋脉掣痛，肢体麻木，行走不便，腰腿酸痛，头痛头昏等,"天麻69.6g, 杜仲(盐制)73.9g, 制草乌8.7g, 附子(制)8.7g, 独活43.4g, 藁本51.3g, 玄参51.3g, 当归87g, 地黄139.1g, 川牛膝51.3g, 槲寄生51.3g, 羌活87g",以上十二味，天麻粉碎成细粉，独活、藁本、当归、羌活提取挥发油，药渣与杜仲等七味，加水煎煮二次，第一次 3 小时，第二次 2 小时，合并煎液，滤过，滤液浓缩成膏，与上述粉末混合，干燥，粉碎，过筛，制成颗粒，干燥，喷入挥发油，混匀，装入胶囊，制成 1000 粒，即得
强筋英雄丸,丸剂,祛风除痰，强筋壮骨。用于左瘫右痪，筋骨疼痛，风湿麻木，腰膝痿软,"制川乌240g, 制草乌240g, 石斛20g, 半夏(制)80g, 川牛膝20g, 天南星(制)40g, 党参40g, 木瓜20g, 钩藤20g, 续断40g, 陈皮40g, 制马钱子20g",以上十二味，粉碎成细粉，过筛，混匀，用水泛丸。每 100g 药丸用百草霜细粉和滑石粉各 5g 混合包衣，干燥，打光，即得
稚儿灵冲剂,颗粒剂,益气健脾，补脑强身。用于小儿厌食，面黄体弱，夜寝不宁，睡后盗汗等症,"党参90g, 太子参90g, 南沙参90g, 地黄90g, 制何首乌60g, 白术(麸炒)90g, 当归60g, 白芍(麸炒)90g, 黑大豆90g, 木香15g, 白扁豆90g, 山药90g, 仙鹤草90g, 功劳叶90g, 茯苓60g, 五味子(制)15g, 石菖蒲30g, 浮小麦150g, 甘草(蜜炙)15g, 牡蛎150g, 牡蛎(煅)150g, 陈皮45g, 远志(制)45g, 大枣300g",以上二十四味，加水煎煮二次，第一次 3.5 小时，第二次 3 小时，合并煎液，滤过，静置，取上清液浓缩至相对密度为 1.32（热测）的清膏。取清膏 1 份，加蔗糖粉 3.75 份，糊精 1.25 份及适量乙醇，制成颗粒，干燥，即得
脾胃舒丸,丸剂,舒肝理气，健脾和胃，消积化食。用于消化不良，不思饮食，胃脘嘈杂，腹胀肠鸣，恶心呕吐，大便溏泻，胁肋胀痛，急躁易怒，头晕乏力，失眠多梦等症。对慢性胃炎，慢性肝炎，早期肝硬化出现上述症候者有效,"鳖甲（制）50g, 黄芪（蜜炙）50g, 陈皮50g, 枳实50g, 白芍50g, 白术(麸炒)50g, 香附(醋制)50g, 草果50g, 乌梅(炒)50g, 川芎50g, 槟榔（炒焦）50g, 厚朴50g",以上十二味，粉碎成细粉，过筛，混匀。每 100g 粉末加炼蜜 120~140g 制成大蜜丸，即得
解肌清肺丸,丸剂,解肌退热，清肺化痰。用于风热感冒，烦热口渴，咳嗽气喘，咳痰黄稠，咽喉肿痛，大便燥结,"紫苏叶30g, 葛根90g, 菊花60g, 板蓝根90g, 桑白皮(蜜炙)90g, 紫苏子(炒)30g, 苦杏仁(去皮炒)90g, 前胡90g, 白前60g, 川贝母90g, 黄芩90g, 栀子(姜炙)90g, 知母90g, 冰片6g, 牛黄15g",以上十五味，除牛黄、冰片分别研成细粉外，其余紫苏叶等十三味粉碎成细粉，过筛，混匀，与上述牛黄等二味细粉配研，过筛，混匀。每 100g 粉末用鲜枇杷叶 25g 熬膏加炼蜜 120~140g 制成大蜜丸，即得
解郁安神冲剂,颗粒剂,舒肝解郁，安神定志。用于情志不舒，肝郁气滞等精神刺激所致的心烦，焦虑、失眠、健忘、更年期症候群，神经官能症等,"柴胡40g, 大枣30g, 石菖蒲40g, 半夏(制)30g, 白术(炒)30g, 浮小麦100g, 远志(制)40g, 甘草(炙)30g, 栀子(炒)40g, 百合100g, 胆南星40g, 郁金40g, 龙齿100g, 酸枣仁(炒)50g, 茯苓50g, 当归30g",以上十六味，加水煎煮三次，第一次 3 小时，第二、三次各 2 小时，合并煎液，滤过，滤液浓缩至干，粉碎，加入蔗糖粉适量，制成颗粒，干燥，制成 100 袋，即得
痹痛酊,酊剂,祛风通络，消肿止痛。用于急、慢性风湿性关节炎,"山葡萄藤1400g, 穿山龙200g, 鹿骨胶100g, 制草乌100g",以上四味，将山葡萄藤、穿山龙、制草乌加水煎煮二次，每次 2 小时，合并煎液，滤过，滤液浓缩成膏，加 50 度白酒适量，搅拌均匀，静置，滤过，滤液备用；鹿骨胶用水溶化，加入上述滤液中，用乙醇与水调整含乙醇量使成 1090ml，充分搅拌，静置，滤过，即得
截疟七宝丸,丸剂,行气化滞，除湿截疟。用于宿食停水，脾失和引起的疟疾、胸胁满闷，不思饮食，肢体酸痛，寒热交作,"常山30g, 草果仁30g, 槟榔30g, 厚朴(姜炙)30g, 青皮(醋炙)30g, 陈皮30g, 甘草21g",以上七味，粉碎成细粉，过筛，混匀。另取生姜 15g 压榨取汁，其残渣煎水与汁合并泛丸，干燥，即得
镇痫片,片剂,镇心安神，豁痰通窍。用于癫狂心乱，痰迷心窍，神志昏迷，四肢抽搐，口角流涎,"牛黄30g, 朱砂30g, 石菖蒲50g, 广郁金50g, 胆南星50g, 红参50g, 甘草10g, 珍珠母500g, 莲子心50g, 麦冬70g, 酸枣仁100g, 远志(甘草水泡)50g, 茯苓70g",以上十三味，牛黄、朱砂、石菖蒲、广郁金、胆南星、红参、甘草七味，分别粉碎成细粉，过筛，混匀；珍珠母先加水煎煮 4 小时，滤过，滤液中加入其余莲子心等五味，再加水煎煮二次，每次 3 小时，合并煎液，滤过，滤液浓缩成稠膏。将上述牛黄等混合粉末与上述稠膏混匀，制成颗粒，压制成 780 片，即得
震灵丸,丸剂,固涩冲任，止血定痛。用于崩漏，吐血，咳血，便血，尿血,"赤石脂(醋煅）200g, 禹余粮（醋煅）200g, 朱砂50g, 紫石英（醋煅）200g, 赭石（醋煅）200g, 乳香（制）100g, 没药（制）100g, 五灵脂（醋炒）100g",以上八味，朱砂水飞或粉碎成极细粉；赤石脂、禹余粮、赭石、紫石英粉碎成极细粉，其余乳香等三味粉碎成细粉，另取糯米粉 200g 炒熟，与上述粉末（朱砂除外）配研，过筛，混匀，用水泛丸，朱砂粉末包衣，低温干燥，即得
橘红片,片剂,清肺，化痰，止咳。用于咳嗽痰多，痰不易出，胸闷口干,"化橘红75g, 陈皮50g, 半夏(制)37.5g, 茯苓50g, 甘草25g, 桔梗37.5g, 苦杏仁50g, 紫苏子(炒)37.5g, 紫菀37.5g, 款冬花25g, 瓜蒌皮50g, 浙贝母50g, 地黄50g, 麦冬50g, 石膏50g",以上十五味，法半夏、茯苓、浙贝母、桔梗、石膏粉碎成细粉。甘草、紫苏子、紫菀、麦冬加水煎煮二次，第一次 3 小时，第二次 1 小时，滤过，合并滤液。款冬花加水热浸二次，第一次 2 小时，第二次 1 小时，滤过，合并滤液。瓜蒌皮、地黄用 48% 乙醇；苦杏仁用 80% 乙醇，分别加热回流二次，第一次 3 小时，第二次 2 小时，滤过，合并滤液，回收乙醇。化橘红、陈皮蒸馏提取挥发油至油尽，并滤取药液。将以上四种滤液合并，减压浓缩至相对密度为 1.35~1.40（50℃）的清膏，加入法半夏等五味细粉，混匀，干燥，粉碎成细粉，用稀乙醇制粒，干燥，喷加化橘红、陈皮挥发油，混匀，压制成 430 片，即得
橘红冲剂,颗粒剂,清肺，化痰，止咳。用于咳嗽痰多，痰不易出，胸闷口干,"化橘红75g, 陈皮50g, 半夏(制)37.5g, 茯苓50g, 甘草25g, 桔梗37.5g, 苦杏仁50g, 紫苏子(炒)37.5g, 紫菀37.5g, 款冬花25g, 瓜蒌皮50g, 浙贝母50g, 地黄50g, 麦冬50g, 石膏50g",以上十五味，加水煎煮二次，每次 2 小时，合并煎液，静置沉淀 6~8 小时，滤过，滤液浓缩至相对密度为 1.32~1.34（70~75℃）的清膏。取清膏 1 份，加蔗糖粉 3 份，糊精 1 份及乙醇适量制成颗粒，干燥，即得
橘红枇杷片,片剂,止咳祛痰。用于咳嗽痰多,"化橘红14g, 陈皮76g, 枇杷叶222g, 桔梗21g, 紫苏子69g, 甘草14g",以上六味，陈皮、化橘红先提取挥发油，药渣与其余各药混合，加水煎煮二次，合并煎液，滤过，浓缩成稠膏，加蔗糖粉 200g 和辅料适量，混匀，制成颗粒，干燥，喷加陈皮等挥发油，混匀，压制成 1000 片，即得
醒脑再造丸,丸剂,化痰醒脑，祛风活络。用于神志不清，语言謇涩，肾虚痿痹，筋骨酸痛，手足拘挛，半身不遂,"黄芪60g, 淫羊藿35g, 石菖蒲15g, 红参12.5g, 当归12.5g, 地龙10g, 三七10g, 红花10g, 粉防己10g, 赤芍10g, 桃仁(炒)10g, 石决明10g, 天麻10g, 仙鹤草10g, 槐花(炒)10g, 白术(炒)10g, 胆南星10g, 葛根10g, 玄参10g, 黄连10g, 连翘10g, 泽泻10g, 川芎10g, 枸杞子10g, 全蝎(去钩)2.5g, 制何首乌15g, 决明子10g, 沉香5g, 白附子(制)5g, 细辛5g, 木香5g, 僵蚕(炒)2.5g, 猪牙皂5g, 冰片5g, 珍珠(豆腐制)7.5g, 大黄5g",以上三十六味，除冰片外，珍珠水飞或粉碎成极细粉，其余黄芪等三十四味粉碎成细粉，冰片研细，与上述粉末配研，过筛，混匀。每 100g 粉末加炼蜜 110~130g 制成大蜜丸，即得
醒脑再造胶囊,胶囊剂,化痰醒脑，祛风活络。用于神志不清，语言謇涩，口角流涎、肾虚痿痹，筋骨酸痛，手足拘挛，半身不遂及脑血栓形成的恢复期和后遗症,"黄芪60g, 淫羊藿35g, 石菖蒲55g, 红参12.5g, 三七10g, 地龙10g, 当归12.5g, 红花10g, 粉防己10g, 赤芍10g, 桃仁(炒)10g, 石决明10g, 天麻10g, 仙鹤草10g, 槐花(炒)10g, 白术(炒)10g, 胆南星10g, 葛根10g, 玄参10g, 黄连10g, 连翘10g, 泽泻10g, 川芎10g, 枸杞子10g, 全蝎(去钩)2.5g, 制何首乌15g, 决明子10g, 沉香5g, 白附子(制)5g, 细辛5g, 木香5g, 僵蚕(炒)2.5g, 猪牙皂5g, 冰片5g, 珍珠(豆腐制)7.5g, 大黄5g",以上三十六味，除珍珠和冰片研细外，猪牙皂、僵蚕、细辛、沉香、全蝎、黄连、天麻、三七、红参粉碎成细粉，其余黄芪等二十五味加水煎煮两次，第一次 3 小时，第二次 2 小时，合并煎液，滤过，滤液浓缩至相对密度为 1.25（80℃）的清膏，加入猪牙皂等细粉，混合，干燥，粉碎，再加入珍珠和冰片粉末，混匀，装入胶囊，即得
癣药膏,膏剂,活血祛毒，杀虫止痒。用于皮肤湿毒，身面刺痒，牛皮恶癣，干湿疥癣，金钱癣，搔痒成疮，溃流脓水，浸淫作痛。,"桃仁（带皮水泡三、四日）240g, 苦楝皮15g, 冰片45g, 硫黄15g, 樟脑75g, 紫草6g",以上六味，除紫草外，冰片、樟脑、硫黄、红丹分别研成细粉，混匀。其余桃仁、苦楝皮，与花生油 480g，同置锅内炸枯，去渣，将紫草用温水湿润，置锅内炸至油呈紫红色，去渣，滤过，另加蜂蜡 240g，熔化，待冷，加入上述冰片等细粉，搅匀，即得
十五制清宁丸,丸剂,清理胃肠，泻热通便。用于胃肠积热，饮食停滞，腹胁胀满，头晕口干，大便秘结,"大黄（切片）1000g, 绿豆30g, 大麦30g, 黑豆30g, 槐叶30g, 桑叶30g, 枇杷叶30g, 车前草30g, 厚朴10g, 陈皮10g, 半夏（制）10g, 白术10g, 香附10g, 黄芩10g",以上十四味，除大黄片外，其余绿豆等十三味分别煎汁备用；大黄片用黄酒 240g 浸泡 72 小时后，用鲜侧柏叶垫底蒸 1 小时，干燥；再依次用绿豆汁、大麦汁、黑豆汁、槐叶汁、桑叶汁、枇杷叶汁、车前草汁、厚朴汁、陈皮汁、半夏汁、白术汁、香附汁、黄芩汁（每次均用鲜侧柏叶垫底）蒸 1 小时，干燥；再用黄酒 160g 拌润，鲜侧柏叶垫底蒸 3 小时，低温干燥，粉碎成细粉；用牛乳、藕汁各 125g 煮沸后，加适量水泛丸，蜜水撞光，低温干燥，即得
丁桂温胃散,散剂,温胃散寒，行气止痛。用于寒性脘痛及寒性腹痛,"丁香500g, 肉桂500g",以上二味，粉碎成细粉，过筛，混匀，即得
八宝散,散剂,生肌敛疮。用于溃疡久不收口,"龙骨（煅）100g, 炉甘石（制）100g, 赤石脂30g, 石膏（煅）30g, 琥珀30g, 冰片30g, 朱砂20g, 珍珠5g",以上八味，除冰片外，朱砂、珍珠分别水飞成极细粉，其余龙骨等五味粉碎成极细粉，过筛，混匀；将冰片研细，与上述粉末配研，过筛，混匀，即得
八珍袋泡茶,茶剂,补气益血。用于气血两虚，面色萎黄，食欲不振，四肢乏力，月经过多,"党参100g, 白术（炒）100g, 茯苓100g, 甘草50g, 当归150g, 白芍100g, 川芎75g, 熟地黄150g",以上八味，粉碎成粗粉，混匀，制粒，干燥，分装，即得
九气心痛丸,丸剂,理气，散寒，止痛。用于胃脘疼痛，两胁胀痛，症瘕积聚,"五灵脂（醋炒）200g, 高良姜40g, 木香20g, 石菖蒲200g, 青皮40g, 丁香20g, 延胡索(醋炒)40g",以上七味，粉碎成细粉，过筛，混匀，用黄酒 100ml 泛丸，低温干燥，即得
九味羌活片,片剂,解表除湿。用于恶寒发热，无汗，头痛口干，肢体酸痛,"羌活150g, 防风150g, 苍术150g, 细辛50g, 川芎100g, 白芷100g, 黄芩100g, 甘草100g, 地黄100g",以上九味，白芷、甘草粉碎，筛取 120g 细粉，细粉与剩余粉末分存备用；羌活、防风、苍术、细辛、川芎提取挥发油，蒸馏后的水溶液另器收集；药渣照流浸膏剂与浸膏剂项下的渗漉法，用蒸馏后的水溶液配成 50% 的乙醇液进行渗漉，收集漉液；黄芩照流浸膏剂与浸膏剂项下的渗漉法，用 70% 乙醇作溶剂，浸渍 24 小时后进行渗漉，收集漉液，与上述羌活等药渣漉液合并，回收乙醇得清膏；剩余粉末与地黄加水煎煮三次，每次 1 小时，滤过，合并滤液，浓缩成清膏，与上述清膏合并，继续浓缩成稠膏，加入白芷、甘草细粉，混匀，干燥，粉碎成细粉，过筛，制粒，干燥，加入羌活等挥发油，混匀，压制成片，即得
九味羌活冲剂,颗粒剂,解表除湿。用于恶寒发热，无汗，头痛口干，肢体酸痛,"羌活150g, 防风150g, 苍术150g, 细辛50g, 川芎100g, 白芷100g, 黄芩100g, 甘草100g, 地黄100g",以上九味，白芷照流浸膏剂与浸膏剂项下的渗漉法，用 70% 乙醇作溶剂，浸渍 24 小时后进行渗漉，收集漉液备用；羌活、防风、苍术、细辛、川芎提取挥发油，蒸馏后的水溶液另器收集；药渣与黄芩、甘草、地黄加水煎煮三次，每次 1 小时，合并煎液，滤过，滤液与蒸馏后的水溶液合并，浓缩至约 900ml，加等量的乙醇使沉淀，取上清液与白芷漉液合并，回收乙醇，浓缩至相对密度为 1.38~1.40（60~65℃）的清膏；取清膏 1 份，加蔗糖粉 2.5 份，糊精 1.5 份，制成颗粒，干燥，喷入上述羌活等挥发油，混匀，即得
九制豨签草药酒,酒剂,活血补肾、祛风除湿。用于肝肾不足，骨痛膝弱，四肢麻痹，腰酸腿痛，手足无力，口眼歪斜，语言謇涩,"稀莶草(九制)712g, 海风藤130g, 千年健130g, 威灵仙130g, 油松节130g, 川牛膝130g, 续断130g, 桑寄生130g, 白术130g, 狗脊130g, 秦艽130g, 独活80g, 川芎80g, 乳香(制)80g, 肉桂60g, 防己110g, 苍术130g, 陈皮130g, 杜仲130g, 当归130g, 伸筋草130g, 熟地黄130g, 茜草130g, 防风130g, 木瓜130g, 玉竹130g, 地枫皮80g, 没药(制)80g, 红花80g, 麻黄20g",以上三十味，混匀，加白酒密闭浸泡，每天搅拌一次，一周后每周搅拌一次，30 天后滤过，取红糖 5kg 用少量白酒加热溶化，加入上述滤液内，混匀，制成 50kg；静置 10 天左右，取上清液，滤过，即得
三仁合剂,口服液,宣化畅中，清热利湿。用于湿温初起，邪留气分，尚未化燥，暑温夹湿，头痛身重，胸闷不饥，午后身热，舌白不渴,"苦杏仁165g, 豆蔻66g, 薏苡仁198g, 滑石198g, 淡竹叶66g, 姜半夏165g, 通草66g, 厚朴66g",以上八味，苦杏仁压榨脂肪油，取油 33g 加热至 160℃备用；其渣加水蒸馏制取苦杏仁水 165ml；豆蔻、厚朴蒸馏提取挥发油，蒸馏后的水溶液另器收集；药渣与薏苡仁、滑石、淡竹叶、通草加水煎煮三次，每次 2 小时，合并煎液，滤过，滤液与上述水溶液合并，浓缩至约 1000ml；姜半夏照流浸膏剂与浸膏剂项下的渗漉法，用 70% 乙醇作溶剂，浸渍 24 小时后进行渗漉，漉液回收乙醇，与浓缩液合并，静置，滤过，再浓缩至约 800ml，加入苯甲酸钠 3g，放冷，加入苦杏仁油、苦杏仁水及上述挥发油，加水至 1000ml，搅匀，即得
三肾丸,丸剂,补肾益精，温壮元阳。用于肾精亏损，元阳不足所致的阳痿滑精，腰膝酸冷，气短神疲,"鹿肾(滑石粉烫)45g, 狗肾(滑石粉烫)60g, 驴肾(滑石粉烫)150g, 仙茅540g, 附子(制)660g, 肉桂660g, 淫羊藿(羊油炙)660g, 木瓜540g, 牡丹皮660g, 山药(麸炒)660g, 山茱萸660g, 白术(土炒)240g, 茯苓240g, 小茴香(盐炙)1080g, 甘草(蜜炙)540g, 陈皮540g, 楮实子(盐炙)660g, 覆盆子1080g, 续断240g, 当归660g, 川芎660g, 地黄240g, 熟地黄1080g, 胡芦巴(盐炙)660g, 肉苁蓉540g, 锁阳660g, 巴戟天540g, 补骨脂(盐炙)660g, 黄芪(蜜炙)660g, 枸杞子660g, 天冬660g, 麦冬540g, 牛膝660g, 杜仲(盐炙)660g, 菟丝子660g, 人参60g, 鹿茸(酥油炙)60g, 海马(酥油炙)60g, 蛤蚧(酥油炙)八对",以上三十九味，人参、鹿茸、海马、蛤蚧分别粉碎成细粉；其余鹿肾等三十五味粉碎成细粉，与上述粉末配研，过筛，混匀；每 100g 粉末加炼蜜 90~110g 制成大蜜丸，即得
大山楂冲剂,颗粒剂,开胃消食。用于食欲不振，消化不良，脘腹胀闷,"山楂1000g, 麦芽（炒）150g, 六神曲（焦）150g",以上三味，加水煎煮二次，每次 1 小时，滤过，合并滤液，浓缩至稠膏状，加糖粉、枸橼酸适量，混匀，制粒，干燥，制成 3750g，即得
万灵五香膏,膏剂,活血通络，消肿止痛。用于风湿痹症，关节肿痛，筋骨酸楚，跌打损伤，骨折瘀阻，陈伤隐痛,"穿山甲30g, 羌活30g, 桃仁30g, 肉桂60g, 大黄30g, 没药（制）30g, 玄参30g, 马钱子30g, 怀牛膝30g, 赤芍30g, 血余炭30g, 红花30g, 乳香（制）30g, 苦杏仁30g, 地黄30g, 麝香10g, 生川乌30g, 白芷30g, 当归30g, 川芎30g, 续断30g",以上二十一味，肉桂、乳香、没药、白芷粉碎成细粉，与麝香配研，过筛，混匀；穿山甲、地黄、马钱子、桃仁酌予碎断，与桐油 250g 及食用植物油 3500g 同置锅内煎熬至 200℃，加入酌予碎断的当归等其余十二味，炸枯，去渣，滤过，炼至滴水成珠，加入红丹 1700g，搅匀，收膏，将膏浸泡于水中；取膏用文火熔化后，加入肉桂等上述粉末，搅匀，分摊于兽皮上，即得
口疳吹药,散剂,清火消肿。用于咽喉红肿，口舌肿痛，风火牙疳,"青黛150g, 冰片75g, 黄连50g, 甘草50g, 玄明粉50g, 儿茶50g, 硼砂(煅)150g, 人中白150g, 僵蚕150g, 山豆根150g, 薄荷150g",以上十一味，除冰片、青黛外，其余黄连等九味分别粉碎成细粉；将冰片、青黛研细，与上述粉末配研过筛，混匀，即得
川贝末胶囊,胶囊剂,清热润肺，化痰止咳。用于肺热燥咳，干咳少痰，阴虚劳嗽，咯痰带血,川贝母500g,取川贝母 500g，在 80℃以下干燥，粉碎成细粉，过筛，混匀，装入胶囊，制成 1000 粒，即得
川芎茶调片,片剂,疏风止痛。用于风邪头痛，或有恶寒、发热、鼻塞,"川芎120g, 白芷60g, 羌活60g, 细辛30g, 防风45g, 薄荷240g, 荆芥120g, 甘草60g",以上八味，白芷和甘草粉碎成细粉，过筛，取 90g 细粉备用，剩余粉末另存；川芎、羌活、细辛、防风、薄荷、荆芥提取挥发油，蒸馏后的水溶液另器收集；药渣与剩余粉末加水煎煮二次，每次 1 小时，滤过，合并滤液，加入蒸馏后的水溶液，浓缩成稠膏，加入备用的白芷、甘草细粉，混匀，干燥，粉碎成细粉，过筛，制粒，干燥，加入川芎等挥发油，混匀，压制成片，即得
川芎茶调冲剂,颗粒剂,疏风止痛。用于风邪头痛，或有恶寒、发热、鼻塞,"川芎120g, 白芷60g, 羌活60g, 细辛30g, 防风45g, 薄荷240g, 荆芥120g, 甘草60g",以上八味，川芎、白芷、羌活、细辛、防风、甘草加水煎煮二次，第一次 1.5 小时，第二次 1 小时，合并煎液，滤过；薄荷、荆芥提取挥发油后，其水溶液滤过，滤液与上述药液合并，浓缩至相对密度为 1.30（80℃）的清膏；取清膏 1 份，蔗糖粉 1 份，糊精 1 份，制成颗粒，干燥，喷入薄荷、荆芥挥发油，混匀，即得
女宝胶囊,胶囊剂,调经止血，温宫止带，逐瘀生新。用于月经不调，行经腰腹疼痛，四肢无力，带下，产后腹痛,"人参58g, 川芎82g, 鹿胎粉2.5g, 银柴胡65g, 牡丹皮65g, 沉香32g, 吴茱萸(制)15g, 肉桂50g, 延胡索(醋制)32g, 木香50g, 香附(醋制)82g, 当归100g, 海螵蛸50g, 青皮50g, 荆芥穗(炭)82g, 炮姜50g, 丹参65g, 阿胶25g, 泽泻(盐炒)50g, 附子(制)50g, 甘草(炭)32g, 桃仁(炒)65g, 杜仲(炭)15g, 牛膝50g, 红花125g, 豆蔻25g, 鹿茸(去毛)15g, 茯苓65g, 乳鹿粉80g, 砂仁25g, 白术(炒)65g, 陈皮82g, 龟甲(醋制)15g, 干漆(炭)15g, 焦槟榔50g, 鳖甲(醋制)15g, 熟地黄82g, 莪术32g, 姜厚朴50g, 盐小茴香65g, 白芍(酒制)82g, 蒲黄炭50g, 赤芍50g, 棕板炭15g, 三棱32g",以上四十五味，肉桂、炮姜、白术、棕板炭、蒲黄炭、附子、荆芥穗、泽泻、延胡索、海螵蛸、白芍、杜仲、砂仁、龟甲、豆蔻、鳖甲、人参、鹿茸、阿胶、鹿胎、乳鹿等二十一味粉碎成细粉，过筛；其余吴茱萸等二十四味加水煎煮二次，第一次 3 小时，第二次 2 小时，合并煎液，滤过，浓缩成膏；将上述粉末与浓缩膏混匀，干燥，粉碎，制成颗粒，干燥，装胶囊 3000 粒，即得
小儿止咳糖浆,糖浆剂,祛痰，镇咳。用于小儿感冒引起的咳嗽,"甘草流浸膏150ml, 桔梗流浸膏30ml, 氯化铵10g, 橙皮酊20ml",以上四味，取蔗糖 650g，加水适量，煮沸溶解后，滤过，放冷，滤液加甘草流浸膏、桔梗流浸膏、橙皮酊、氯化铵与苯甲酸钠 5g（用适量水溶解），搅匀，滤过，加水制成 1000ml，即得
小儿牛黄清肺片,片剂,清热，化痰，止咳。用于内热咳嗽，支气管炎，百日咳，肺炎,"法半夏160g, 茯苓105g, 黄芩80g, 石膏80g, 川贝母25g, 百部（蜜炙）25g, 胆南星25g, 白前80g, 冰片15g, 牛黄2.5g",以上十味，除冰片、牛黄外，其余八味粉碎成细粉，过筛，混匀，制粒，干燥，将冰片、牛黄研细，加入上述颗粒中，混匀，压制成片，即得
小儿积散,散剂,驱虫止痛，健脾益气。用于小儿蛔虫、绕虫等症之腹痛、面黄、体弱、偏食、食滞疳积、肛门瘙痒等,"使君子250g, 贯众225g, 石榴皮100g, 槟榔250g, 雷丸125g, 牵牛子（炒）150g, 百部（蒸）100g, 木香33g, 茯苓150g, 山药100g, 甘草125g",以上十一味，粉碎成细粉，过筛，混匀，即得
小儿参术健脾丸,丸剂,开胃，健脾，止泻。用于小儿脾胃虚弱，消化不良，面黄肌瘦，精神不振,"党参90g, 白术（土炒）60g, 甘草（蜜炙）30g, 茯苓60g, 山药（麸炒）60g, 莲子肉（土炒）90g, 陈皮45g, 山楂（清炒）60g, 六神曲（麸炒）60g, 麦芽（清炒）60g, 茯苓45g, 薏苡仁（土炒）90g",以上十三味，粉碎成细粉，过筛，混匀；每 100g 粉末加红糖 45g 和炼蜜 130~140g 制成大蜜丸，即得
小儿脐风散,散剂,清热驱风，镇惊祛痰。用于初生小儿胎火内热引起的睡卧易惊，啼哭不安，身热面赤，咳嗽痰多，大便不通，惊风抽搐,"全蝎60g, 猪牙皂120g, 大黄120g, 当归18g, 巴豆霜6g, 硇砂（炙）6g, 朱砂330g, 牛黄3g",以上八味，除硼砂、牛黄外，朱砂水飞或粉碎成极细粉；其余全蝎等五味粉碎成细粉，将硼砂、牛黄研细，与上述粉末配研，过筛，混匀，即得
小儿消食片,片剂,消食化滞，健脾和胃。用于脾胃不和，消化不良，食欲不振，便秘，食滞，疳积,"鸡内金（炒）4.7g, 山楂93.3g, 六神曲（炒）85.5g, 麦芽（炒）85.5g, 槟榔23.3g, 陈皮7.8g",以上六味，山楂粉碎成细粉，槟榔、陈皮加水煎煮二次，每次 2 小时，合并煎液，滤过；鸡内金、六神曲、麦芽温浸提取二次，每次 2 小时，合并浸液，滤过，滤液与上述煎液合并，减压浓缩成稠膏，加入上述细粉，制成颗粒，干燥，压制成 1000 片，即得
小儿清热灵,颗粒剂,清热解毒，利咽止咳。用于感冒发热，咽喉肿痛，咳嗽气喘，神烦惊搐,"白屈菜20g, 北寒水石20g, 黄芩50g, 重楼4g, 柴胡40g, 天竺黄4g, 紫荆皮4g, 射干4g, 板蓝根4g, 牛黄5g, 菊花6g, 冰片2g, 蝉蜕4g, 珍珠2g, 黄连30g, 麝香1g",以上十六味，珍珠、牛黄、麝香、冰片分别研细；天竺黄、重楼、射干、黄连、北寒水石粉碎成细粉，与珍珠、牛黄粉末配研，过筛，混匀；其余白屈菜等七味加水煎煮二次，第一次 3 小时，第二次 2 小时，合并煎液，滤过，滤液浓缩成膏，与上述粉末混匀，干燥，粉碎，过筛，制成颗粒，干燥，加入麝香、冰片粉末及辅料适量，混匀，压制成 1000 片，包糖衣，即得
小儿鼻炎片,片剂,散风，清热。用于小儿慢性鼻炎,"藁本75g, 防风75g, 白芷75g, 苍耳子(去刺炒)75g, 蓼大青叶75g, 蒲公英75g, 升麻50g, 甘草50g",以上八味，取白芷、防风 40g 粉碎成细粉；升麻、甘草加水煎煮二次，第一次 3 小时，第二次 1 小时，滤过，合并滤液；蓼大青叶、蒲公英加水热浸二次，第一次 2 小时，第二次 1 小时，滤过，合并滤液；防风 35g、藁本、苍耳子用 70% 乙醇加热回流二次，滤过，合并滤液，回收乙醇，与上述药液合并，减压浓缩至相对密度 1.35~1.40（50℃测）的稠膏；加入防风、白芷细粉，混匀，干燥，粉碎成细粉，制成颗粒，干燥，压制成 820 片，即得
小儿腹泻宁,口服液,补气健脾，和胃生津。用于小儿腹泻呕吐，肌热口渴，消化不良，消瘦倦怠，舌淡苔白,"党参150g, 白术200g, 茯苓200g, 葛根250g, 甘草50g, 广藿香50g, 木香50g",以上七味，白术、广藿香、木香加水蒸馏，收集馏液适量；药渣与其余党参等四味加水煎煮两次，每次 2 小时，合并煎液，滤过，滤液浓缩至适量，放冷，加入乙醇使含醇量达 50%，静置，滤过，滤液回收乙醇，加蔗糖 530g 及苯甲酸钠适量，煮沸使溶解，滤过，滤液加入上述馏液，搅匀，制成 1000ml，即得
小儿镇惊散,散剂,镇惊解热。用于小儿急热惊风，痰涎壅盛,"甘草399g, 胆南星159.7g, 枳壳399g, 朱砂399g, 天竺黄558.7g, 茯苓399g, 全蝎(制)159.7g, 蝉蜕399g, 僵蚕(制)399g, 琥珀399g, 硝石79.7g, 白附子(制)159.7g",以上十二味，除硝石、朱砂、琥珀外，其余甘草等九味粉碎成细粉，过筛；硝石研细，朱砂、琥珀分别水飞成极细粉，与上述粉末配研，过筛，混匀，即得
小半夏合剂,口服液,止呕，降逆。用于水停中脘，胃气上逆，呕吐不渴,"姜半夏500g, 生姜500g",以上二味，照流浸膏剂与浸膏剂项下的渗漉法，用 70% 乙醇作溶剂，浸渍 24 小时后进行渗漉，漉液回收乙醇，浓缩至约 1000ml，滤过，加入炼蜜 100g，再浓缩至约 1000ml，加入苯甲酸 3g，加水至 1000ml，搅匀，即得
小青龙冲剂,颗粒剂,解表化饮，止咳平喘。用于风寒水饮，恶寒发热，无汗，喘咳痰稀,"麻黄100g, 桂枝100g, 白芍100g, 干姜100g, 细辛50g, 甘草（蜜炙）100g, 法半夏150g, 五味子100g",以上八味，细辛、桂枝分别提取挥发油后，药渣加水煎煮一次，滤过；白芍、麻黄、五味子、甘草加水煎煮至味尽，滤过；合并以上各药液，浓缩至约 1000ml；法半夏、干姜照流浸膏剂与浸膏剂项下的渗漉法，用 70% 乙醇作溶剂，浸渍 24 小时后进行渗漉，漉液回收乙醇，与上述药液合并，静置，滤过，滤液浓缩至相对密度为 1.35~1.38（热测）的清膏，加入蔗糖粉适量，混匀，制成颗粒，干燥，喷加细辛、桂枝挥发油，混匀，分装成 50 袋或压制成 50 块，即得
马齿苋片,片剂,抗菌消炎。用于肠道感染，肠炎、菌痢,鲜马齿苋1000g,取新鲜马齿苋 1000g，拣净杂质，洗净，加水煎煮二次，每次 2 小时，合并煎液，静置，滤取上清液，浓缩至相对密度为 1.33（80~85℃）的清膏，按干浸膏加淀粉 1:1 制成软块，干燥后粉碎成细粉，过筛，以 85% 乙醇为湿润剂，制颗粒，低温干燥，加 2% 滑石粉，压片，即得
开胃健脾丸,丸剂,开胃健脾。用于脾胃不和，消化不良，食欲不振，嗳气吞酸,"白术200g, 党参120g, 茯苓160g, 木香60g, 黄连60g, 六神曲(炒)80g, 陈皮80g, 砂仁80g, 麦芽（炒）80g, 山楂80g, 山药80g, 肉豆蔻(煨)80g, 甘草(蜜炙)60g",以上十三味，粉碎成细粉，过筛，混匀；每 100g 粉末加炼蜜 40~50g 与适量水，泛丸，干燥，即得
天麻头风灵胶囊,胶囊剂,滋阴潜阳，祛风，强筋骨。用于顽固性头痛，长期手足麻木，慢性腰腿酸痛,"天麻50g, 牛膝50g, 玄参50g, 地黄150g, 当归215g, 杜仲43g, 川芎50g, 槲寄生215g, 野菊花50g, 钩藤50g",以上十味，天麻粉碎成细粉，其余玄参等九味加水煎煮三次，每次 1.5~2 小时，合并煎液，滤过，滤液减压浓缩至稠膏状，加入天麻粉混匀，干燥，粉碎，分装成 1000 粒，即得
止痢冲剂,颗粒剂,清热解毒，理气止痢。用于急性痢疾,"葛根90g, 黄连50g, 黄芩90g, 木香60g, 槟榔90g, 地锦草150g",以上六味，除地锦草外，其余葛根等五味加水煎煮二次，第一次 2 小时，第二次 1 小时（第二煎时加入地锦草），合并煎液，滤过，滤液浓缩至相对密度约 1.30（80~85℃）的清膏；取清膏 1 份，蔗糖 3.3 份，糊精 1.1 份，制成颗粒，干燥，即得
中华肝灵胶囊,胶囊剂,舒肝健脾，理气止痛，活血化瘀，软坚散结。用于肝郁气滞血阻，积聚不消，两胁胀痛，食少便溏，舌有瘀斑，脉沉涩无力者,"柴胡(醋制)60g, 糖参40g, 厚朴(姜制)300g, 三七40g, 当归300g, 木香100g, 香附(醋制)200g, 川芎100g, 鳖甲(醋制)200g, 郁金200g, 青皮(醋制)300g, 枳实(麸炒)300g",以上十二味，柴胡、郁金、当归、川芎、鳖甲、木香、厚朴、青皮、枳实、香附加水煎煮二次，第一次 3 小时，第二次 2 小时，合并煎液，滤过，滤液浓缩成膏，干燥；糖参、三七需同于膏共同粉碎成细粉，过筛，装入胶囊，制成 1000 粒，即得
升血膏,膏剂,益气养血。用于小儿贫血，面色萎黄，头晕乏力等症,"熟地黄70g, 川芎35g, 黄芪(蜜炙)105g, 白扁豆84g, 大枣70g, 茯苓70g, 当归70g, 白芍70g, 陈皮油(冷轧)0.56ml, 白术(炒)70g, 甘草(蜜炙)21g, 赭石(煅)105g",以上十二味，取赭石加水适量，用枸橼酸调节 pH 至 3~4，煎煮二次，每次 8 小时，合并煎液，静置滤过，取滤液加蔗糖 392g 煎煮 1 小时，备用；余下除陈皮油外，其余地黄等十味，加水煎煮二次，每次 3 小时，合并煎液，静置，滤过，滤液浓缩至适量，加入赭石蔗糖煎煮液，饴糖 235g，继续浓缩成稠膏，加入陈皮油和适量苯甲酸钠，搅匀，即得
仁丹,丹剂,清暑开窍，辟秽排浊。用于中暑呕吐，烦躁恶心，胸中满闷，头目眩晕，晕车晕船，水土不服,"陈皮50g, 檀香100g, 砂仁100g, 豆蔻(去果皮)100g, 甘草80g, 木香30g, 丁香50g, 广藿香叶100g, 儿茶150g, 肉桂300g, 薄荷脑80g, 冰片20g, 朱砂100g",以上十三味，除薄荷脑、冰片外，朱砂水飞或粉碎成极细粉，其余陈皮等十味共粉碎成细粉；薄荷脑、冰片研细，与上述粉末配研，过筛，混匀，用水泛丸，朱砂粉末包衣，干燥，即得
水陆二味片,片剂,涩精，止带。用于肾虚，精关不固，男子滑精，妇女白带,"金樱子肉600g, 芡实600g",以上二味，取芡实 80g 粉碎成细粉，另置；剩余芡实粉碎成粗粉，照流浸膏剂与浸膏剂项下的渗漉法，用 80% 乙醇作溶剂，缓缓渗漉，收集渗漉液，回收乙醇，另置；金樱子肉加水煎煮二次，每次 3 小时，合并煎液，滤过，滤液与上述芡实滤液合并，浓缩至稠膏状，加入上述芡实细粉混匀，干燥，过筛，制成颗粒，压制成 1000 片，包糖衣，即得
玉液消渴冲剂,颗粒剂,益气滋阴。用于糖尿病消渴乏力，口渴多饮，多尿症,"黄芪300g, 葛根60g, 山药300g, 知母180g, 天花粉90g, 鸡内金40g, 五味子90g, 太子参80g",以上八味，加水煎煮二次，第一次 3 小时，第二次 2 小时，合并煎液，滤过，滤液浓缩至相对密度为 1.38~1.40（80~85℃测）的清膏；取清膏 1 份，木糖醇 2 份，糊精 1 份，混匀，制成颗粒，干燥，即得
归麻止痛膏,膏剂,活血止痛，祛风除湿，抗炎消肿。用于风湿痹痛，关节痛，跌打损伤,"祖师麻150g, 当归80g, 铁棒锤70g, 山莨菪60g, 薄荷脑4g, 冰片4g, 樟脑4g, 水杨酸甲酯3.5g",以上八味，取祖师麻，粉碎成粗粉，照流浸膏剂与浸膏剂项下的渗漉法，用 85% 乙醇作溶剂，浸渍 24 小时后，以每分钟 1~3ml 的速度进行渗漉，收集漉液 800ml，减压浓缩，经去毒处理制成浸膏；取当归、铁棒锤、山莨菪，粉碎成粗粉，照流浸膏剂与浸膏剂项下的渗漉法，用 85% 乙醇作溶剂，浸渍 6 天后，以每分钟 1~3ml 的速度进行渗漉，收集滤液 1260ml，减压浓缩成浸膏；另取为药物重量 3.9~4.2 倍的基质，加入上述两种浸膏及薄荷脑、樟脑、冰片、水杨酸甲酯，充分搅匀，滤过，密封 24 小时后进行涂膏，切段，盖衬，切成小片，即得
四方胃片,片剂,制酸止痛。用于胃痛，胃酸过多，消化不良，胃及十二指肠溃疡,"海螵蛸156g, 浙贝母78g, 沉香12g, 黄连39g, 川楝子（去皮酒炒）78g, 柿霜39g, 苦杏仁39g, 延胡索（醋制）39g, 吴茱萸(盐水制)20g",以上九味，将柿霜溶解于 70% 糖浆中，其余海螵蛸等八味粉碎成细粉，过筛，混匀，与柿霜糖浆混匀，制成颗粒，干燥，压制成 1000 片，即得
四妙丸,丸剂,清热利湿。用于湿热下注，足膝红肿，筋骨疼痛,"苍术125g, 牛膝125g, 黄柏（盐炒）250g, 薏苡仁250g",以上四味，粉碎成细粉，过筛，混匀，用水泛丸，约得 705g，干燥，即得
生肌八宝散,散剂,生肌收敛。用于疮疡溃烂，腐肉将尽，疮口不收,"炉甘石（煅）120g, 石膏（煅）150g, 龙骨（煅）90g, 赤石脂（煅）120g, 血竭15g, 冰片18g, 轻粉45g, 蜂蜡90g",以上八味，除蜂蜡外，其余炉甘石等七味分别研成极细粉，过筛，混匀；蜂蜡研细，过筛，与上述粉末配研，过筛，混匀，即得
白灵片,片剂,活血化瘀，增加光敏作用。用于白癜风,"当归194g, 三七42g, 红花83g, 牡丹皮167g, 桃仁83g, 防风167g, 苍术167g, 白芷42g, 马齿苋417g, 赤芍83g, 黄芪194g",以上十一味，取当归 83g 与三七粉碎成粗粉，剩余当归与牡丹皮、防风、苍术、白芷加水微沸蒸馏 2 小时，收集芳香油；残渣与其余红花等五味加水煎煮二次，第一次 2 小时，第二次 1.5 小时，合并煎液，滤过，滤液浓缩成相对密度 1.33~1.45（80~85℃）的稠膏，与上述粗粉混匀，干燥，粉碎成细粉，过筛，制成颗粒，喷入上述芳香油，压制成 1000 片，包糖衣，即得
白虎合剂,口服液,清热生津。用于高热大汗，口干舌燥，烦渴引饮,"石膏500g, 知母188g, 甘草63g, 粳米皮250g",以上四味，石膏、知母、甘草加水煎煮三次，每次 2 小时；合并煎液，滤过，滤液浓缩至约 1000ml；粳米皮照流浸膏剂与浸膏剂项下的渗漉法，用 70% 乙醇作溶剂，浸渍 24 小时后进行渗漉，漉液回收乙醇，与浓缩液合并，再浓缩至约 1000ml，加入苯甲酸钠 3g，加水至 1000ml，搅匀，即得
瓜子锭,丹剂,平肝，镇惊，化痰。用于小儿痰喘，手足搐搦,"蛇含石（煅）500g, 天麻50g, 青礞石（煅）50g, 牛黄10g, 朱砂25g, 僵蚕（炒）50g, 麝香20g, 蝉蜕37.5g",以上八味，蛇含石、青礞石、朱砂分别水飞或粉碎成极细粉，将麝香、牛黄研细，其余天麻等三味粉碎成细粉，与上述各粉末配研，过筛，混匀；另取糯米粉 150g 加水制成团块，煮熟，与上述粉末搅匀，成软材，制成瓜子形的锭剂约 3000 锭，低温干燥，即得
外搽白灵酊,酊剂,活血化瘀，增加光敏作用。用于白癜风,"当归尾90g, 红花60g, 红花夹竹桃（叶）200g, 苏木90g, 没药60g, 白芷100g, 白矾5g, 马齿苋200g",以上八味，当归尾、苏木、没药粉碎成粗粉，照酊剂项下浸渍法，用 70% 乙醇作溶剂，浸渍 14 天后，滤过，收集浸渍液；红花、红花夹竹桃（叶）、白芷、马齿苋加水煎煮二次，第一次 2 小时，第二次 1.5 小时，合并煎液，滤过，滤液浓缩成相对密度 1.25~1.35（80~85℃）的清膏，放冷，加乙醇使含量为 50%，搅拌 10 分钟，静置 72 小时，取上清液与上述浸渍液合并，加入白矾，调节含醇量为 50~60%，制成 1000ml，静置 24 小时，滤过，即得
幼泻宁冲剂,颗粒剂,健脾利湿，温中止泻。用于小儿脾失健运消化不良引起的腹泻,"白术（焦）450g, 炮姜250g, 车前草450g",以上三味，加水煎煮二次，第一次 3 小时，第二次 0.5 小时；合并煎液，静置，吸取上清液滤过，滤液浓缩至相对密度为 1.31~1.38（20℃）的清膏；取膏 1 份，加蔗糖粉 3 份，糊精 1 份，制成颗粒，干燥，即得
芒果止咳片,片剂,宣肺化痰，止咳平喘。用于咳嗽，气喘，多痰,"芒果叶干浸膏300g, 合成鱼腥草素10g, 扑尔敏0.7g",以上三味，芒果叶浸膏粉碎成细粉；合成鱼腥草素、扑尔敏与适量的淀粉配研后，加入芒果叶干浸膏粉，过筛，混匀，再加辅料适量，制成颗粒，低温干燥，压制成 1000 片，包糖衣，即得
壮血片,片剂,补气血，通经络，壮筋骨，健脾胃。用于贫血，病后体质虚弱，腰膝酸痛，妇女带下，月经不调,"当归248g, 黑老虎116g, 何首乌（制）116g, 五指毛桃330g, 骨碎补165g, 白术（炒）33g, 鸡血藤248g, 甘草（炙）17g",以上八味，白术、何首乌粉碎成细粉，过筛；当归用 75% 乙醇渗漉，漉液回收乙醇，浓缩成稠膏；其余黑老虎等五味加水煎煮二次，滤过，合并滤液，浓缩成稠膏；上述粉末与稠膏混合均匀，干燥，粉碎成细粉，过筛，制成颗粒，干燥，压制成 1000 片，包糖衣，即得
壮血药酒,酒剂,补气血，通经络，壮筋骨，健脾胃。用于贫血，病后体质虚弱，腰膝酸痛，妇女带下，月经不调,"当归248g, 黑老虎116g, 何首乌（制）118g, 五指毛桃330g, 骨碎补165g, 白术（炒）33g, 鸡血藤248g, 甘草（炙）17g",以上八味，将鸡血藤、黑老虎、骨碎补、五指毛桃蒸 2 小时，放冷，与其余当归等四味混匀，加 50 度白酒 4300ml，密闭浸渍 35~45 天，滤过，即得
吊筋药,散剂,舒筋活血，消肿止痛。用于内气扭筋，局部肿痛,"栀子480g, 红花60g, 苦杏仁120g, 桃仁150g, 芥子120g",以上五味，取栀子、红花粉碎成粗粉；芥子粉碎，与上述粉末混合，加入桃仁、苦杏仁，共同粉碎成粗粉，过筛，混匀，即得
伐木丸,丸剂,健脾燥湿，杀虫，补血。用于面色萎黄，浮肿，心悸气短，疲倦乏力，大便溏薄，舌淡苔薄，脉象濡细的黄胖病,"苍术（炒）800g, 六神曲（炒）100g, 皂矾（醋煅）100g",以上三味，粉碎成细粉，过筛，混匀，用醋 100g 加水适量泛丸，干燥，即得
伤科跌打片,片剂,活血散瘀，消肿止痛。用于跌打损伤，伤筋动骨，瘀血肿痛，闪腰岔气,"制川乌30g, 三棱(制)30g, 莪术(制)30g, 青皮15g, 香附(醋制)30g, 当归30g, 三七30g, 续断30g, 牡丹皮30g, 蒲黄30g, 防风30g, 延胡索(醋制)7.5g, 五灵脂(制)30g, 红花30g, 郁金30g, 白芍(炒)30g, 木香15g, 乌药22.5g, 柴胡22.5g, 枳壳(炒)15g, 大黄(制)60g, 地黄45g",以上二十二味，大黄、三七、郁金、白芍、青皮、木香、枳壳、延胡索八味粉碎成细粉，过筛；其余地黄等十四味加水煎煮二次，每次 2 小时，滤过，合并滤液，浓缩成稠膏，与上述粉末混匀，干燥，粉碎成细粉，制成颗粒，干燥，压制成 1000 片，即得
伤湿解痛膏,膏剂,祛风除湿，化瘀止痛。用于风寒湿邪所致之筋骨痛，肩酸腰痛，关节痛，跌打损伤等,"独活100g, 白芷100g, 生川乌75g, 生草乌50g, 桂皮75g, 芥子25g, 王不留行37.5g, 生天南星25g, 半夏15g, 姜黄50g, 苍术25g, 香加皮25g, 艾叶15g, 红花5g, 薄荷脑16g, 冰片13g, 樟脑13g, 颠茄流浸膏16g, 芸香浸膏7.5g, 水杨酸甲酯11g, 二甲苯麝香5g, 盐酸苯海拉明1g",以上二十二味，除薄荷脑、冰片、樟脑、水杨酸甲酯、颠茄流浸膏、芸香浸膏、二甲苯麝香、盐酸苯海拉明外，其余独活等十四味粉碎成粗粉，用 90% 乙醇制成相对密度约为 1.20（60℃）的流浸膏，加入上述药味，混匀；另加入 3.1~3.6 倍重量由橡胶、松香等制成的基质，搅匀，制成涂料，进行涂膏、切段、盖衬、切片，即得
血府逐瘀胶囊,胶囊剂,活血祛瘀，行气止痛。用于瘀血内阻，头痛或胸痛，内热烦闷，失眠多梦，心悸怔忡，急躁善怒,"桃仁(炒)200g, 当归150g, 枳壳(麸炒)100g, 川芎75g, 柴胡50g, 红花150g, 牛膝150g, 赤芍100g, 地黄150g, 桔梗75g, 甘草50g",以上十一味，将桃仁 100g、当归、赤芍、枳壳、川芎、柴胡粉碎成细粉，过筛，混匀；其余红花等五味及桃仁 10g 加水煎煮三次，滤过，合并滤液，浓缩成相对密度为 1.15~1.25（65~70℃）的稠膏，与上述粉末混匀，制成颗粒，烘干，粉碎，过筛，装胶囊，即得
安中片,片剂,温中散寒，理气止痛，和胃止呕。用于胃脘疼痛，慢性胃炎，胃酸过多，胃及十二指肠溃疡,"桂枝180g, 延胡索（醋制）180g, 牡蛎（煅）180g, 小茴香120g, 砂仁120g, 高良姜60g, 甘草120g",以上七味，桂枝 36g 和牡蛎 72g 粉碎成细粉，取用 80g，其余备用；延胡索照流浸膏剂与浸膏剂项下渗漉法，用 70% 乙醇作溶剂，进行渗漉，收集滤液，回收乙醇；小茴香、砂仁、高良姜与剩余桂枝蒸馏挥发油；药渣与上述备用粉末、甘草及剩余牡蛎，用蒸馏后的药液加水煎煮三次，合并煎液，滤过，滤液浓缩至约 1000ml，静置，滤过，滤液与漉液合并，浓缩成稠膏，加入牡蛎等细粉，混匀，干燥，研细，加入蔗糖粉 80g、淀粉 200g，混匀，制粒，干燥，加入挥发油，混匀，压制成片，即得
安胃胶囊,胶囊剂,制酸，止痛。用于胃及十二指肠溃疡，慢性胃炎,"延胡索（醋制）63g, 白矾（煅）250g, 海螵蛸（去壳）187g",以上三味，粉碎成细粉，过筛，混匀，装入胶囊，即得
安络痛片,片剂,通经活络，活血止痛。用于坐骨神经痛，三叉神经痛，风湿性关节痛等,"安络小皮伞菌（及其培养基）乙醇提取物（按干燥品计算）100g, 安络小皮伞菌（及其培养基）粉100g",取安络小皮伞菌 (及其培养基) 乙醇提取物，加安络小皮伞菌 (及其培养基) 粉，以及辅料适量，混匀，制粒，压制成 1000 片，包糖衣，即得
安络痛药酒,酒剂,通经活络，活血止痛。用于坐骨神经痛，三叉神经痛，风湿性关节痛等,安络小皮伞菌丝体（及培养基）62.5g,取安络小皮伞菌 (及其培养基) 62.5g，置容器中，加白酒 1000ml，密闭浸渍 15~25 天，滤过，即得
防芷鼻炎片,片剂,清热消炎，祛风通窍。用于治疗慢性鼻炎引起的喷嚏、鼻塞、头痛，过敏性鼻炎，慢性鼻窦炎,"苍耳子364g, 野菊花145g, 鹅不食草218g, 白芷109g, 防风109g, 墨旱莲218g, 白芍145g, 胆南星70g, 甘草73g, 蒺藜218g",以上十味，除胆南星粉碎成细粉外，其余苍耳子等九味药加水煎煮二次，合并煎液，滤过，滤液浓缩成稠膏，加入胆南星细粉及辅料适量，混匀，制成颗粒，干燥，压制成 1000 片，包糖衣，即得
如意定喘丸,丸剂,宣肺定喘，止咳化痰，益气养阴。用于肺气阴两虚所致的支气管哮喘，虚劳久咳，肺气肿，肺心病,"蛤蚧150g, 蟾酥（制）9g, 黄芪500g, 地龙500g, 麻黄500g, 党参500g, 苦杏仁800g, 白果500g, 枳实300g, 天冬400g, 五味子(酒蒸)500g, 麦冬400g, 紫菀400g, 百部200g, 枸杞子300g, 熟地黄500g, 远志200g, 葶苈子200g, 洋金花200g, 石膏200g, 甘草（蜜炙）500g",以上二十一味，除蟾酥外，蛤蚧、麻黄、枳实、洋金花、石膏、黄芪 (部分)、甘草 (部分) 粉碎成细粉；苦杏仁加水煎煮；其余地龙等十二味及剩余的黄芪、甘草加水煎煮三次，第一次 3 小时，第二、三次各 1.5 小时，合并煎液，滤过，滤液与苦杏仁煎液合并，减压浓缩成稠膏，加入蟾酥及上述粉末，混匀，制成浓缩水丸，低温干燥，打光，即得
如意定喘片,片剂,宣肺定喘，止咳化痰，益气养阴。用于肺气阴两虚所致的支气管哮喘，虚劳久咳，肺气肿，肺心病,"蛤蚧150g, 蟾酥（制）9g, 黄芪500g, 地龙500g, 麻黄500g, 党参500g, 苦杏仁800g, 白果500g, 枳实300g, 天冬400g, 五味子(酒蒸)500g, 麦冬400g, 紫菀400g, 百部200g, 枸杞子300g, 熟地黄500g, 远志200g, 葶苈子200g, 洋金花200g, 石膏200g, 甘草（蜜炙）500g",以上二十一味，除蟾酥外，蛤蚧、麻黄、枳实、洋金花、石膏、黄芪 (部分)、甘草 (部分) 粉碎成细粉；苦杏仁加水煎煮；其余地龙等十二味及剩余的黄芪、甘草加水煎煮三次，第一次 3 小时，第二、三次各 1.5 小时，合并煎液，滤过，滤液与苦杏仁煎液合并，减压浓缩成稠膏，加入蟾酥及上述粉末，混匀，制成颗粒，干燥，压片，包糖衣，即得
妇科止血灵,颗粒剂,补肾敛阴，固冲止血。用于妇女功能性子宫出血,"熟地黄100g, 五味子50g, 杜仲(炭)50g, 续断50g, 白芍100g, 山药50g, 牡蛎(煅)100g, 海螵蛸80g, 地榆(炒)100g, 蒲黄(炭)50g, 槲寄生50g",以上十一味，海螵蛸、山药、蒲黄炭粉碎成细粉；熟地黄等八味加水煎煮二次，第一次 3 小时，第二次 2 小时，合并煎液，滤过，滤液浓缩成稠膏，与上述粉末混匀，干燥，粉碎，过筛，加辅料适量，制颗粒，干燥，压制成 900 片，包糖衣，即得
妇科调经片,片剂,养血，调经，止痛。用于月经不调，经期腹痛,"当归144g, 川芎16g, 香附（醋炙）400g, 白术（麸炒）23g, 白芍12g, 赤芍12g, 延胡索（醋炙）32g, 熟地黄48g, 大枣80g, 甘草11g",以上十味，白术、延胡索、当归、川芎粉碎成细粉，过筛；其余香附等六味加水煎煮二次，第一次 3 小时，第二次 2 小时，滤过，合并滤液，浓缩成稠膏状，加入白术等细粉及辅料适量，混匀，制成颗粒，60℃以下干燥，压制成 1000 片，包糖衣，即得
麦味地黄片,片剂,滋肾养肺。用于肺肾阴亏，潮热盗汗，咽干咳血，眩晕耳鸣，腰膝酸软，消渴,"麦冬60g, 五味子（制）40g, 熟地黄160g, 山茱萸（制）80g, 牡丹皮60g, 山药80g, 茯苓60g, 泽泻60g",以上八味，麦冬、山药、茯苓、牡丹皮粉碎成细粉；其余五味子等四味加水煎煮三次，每次 1 小时，合并煎液，滤过，滤液浓缩成稠膏，加入上述细粉，制成颗粒，干燥，压制成 1000 片，包糖衣，即得
芪枣冲剂,颗粒剂,益气补血，健脾和胃。用于白细胞减少症及病后体虚，肝脏亏损所致的免疫力下降等症,"黄芪300g, 大枣150g, 茯苓200g, 鸡血藤干膏33g",以上四味，大枣加水煎煮 1 小时后，再加入黄芪、茯苓煎煮二次，第一次 2 小时，第二次 1 小时，合并煎液，滤过，滤液浓缩至适量，加入鸡血藤干膏混匀，再加等量乙醇，静置，滤过，滤液浓缩至相对密度约 1.24（70℃测）的清膏，加入蔗糖粉适量，制成颗粒，干燥，过筛，约制成 1500g，即得
苏南山肚痛丸,丸剂,行气止痛。用于肚痛，食滞腹痛，胃气痛，月经痛，小肠疝气痛，胁痛,"白芍440g, 川楝子220g, 陈皮220g, 木香110g, 香附（制）220g, 血竭54g, 甘草330g, 丹参220g, 郁金220g, 乳香（炒）110g, 没药（炒）110g",以上十一味，粉碎成细粉，过筛，混匀；用水泛丸，包衣，打光，干燥，即得
杏苏二陈丸,丸剂,疏风解表，化痰止咳，理气舒郁。用于风寒感冒，鼻塞头痛及外感风寒引起的咳嗽,"杏仁100g, 紫苏叶300g, 陈皮300g, 前胡200g, 桔梗200g, 茯苓200g, 半夏（姜制）300g, 甘草（炙）100g",以上八味，粉碎成细粉，过筛，混匀；用水泛丸，低温干燥，即得
杏苏感冒冲剂,颗粒剂,疏风散寒，化痰止咳。用于风寒外感，鼻塞头痛，咳嗽多痰，胸闷,"杏仁100g, 紫苏叶150g, 陈皮150g, 前胡100g, 桔梗100g, 茯苓100g, 半夏（姜制）150g, 甘草（炙）50g, 紫苏叶油0.4ml",以上九味，陈皮提取挥发油，蒸馏后的水溶液及药渣与杏仁、紫苏叶、前胡、桔梗、甘草加水煎煮二次，每次 2 小时，合并煎液，静置，滤过，滤液备用；另取茯苓、半夏，粉碎成粗粉，用 45% 乙醇提取，提取液回收乙醇，与上述滤液合并，混匀，浓缩至相对密度为 1.33（热测）的清膏；取清膏 1 份，蔗糖 8 份，混合制成颗粒，干燥，过筛，喷加陈皮油、紫苏叶油，混匀，密闭 4 小时，即得
杞菊地黄片,片剂,滋肾养肝。用于肝肾阴亏，眩晕耳鸣，羞明畏光，迎风流泪，视物昏花,"枸杞子40g, 菊花40g, 熟地黄160g, 山茱萸（制）80g, 牡丹皮60g, 山药80g, 茯苓60g, 泽泻60g",以上八味，牡丹皮、山药、茯苓、泽泻粉碎成细粉；其余枸杞子等四味加水煎煮三次，每次 1 小时，合并煎液，滤过，滤液浓缩成稠膏，加入上述细粉，制成颗粒，干燥，压制成 1000 片，包糖衣，即得
扶正养阴丸,丸剂,扶正养阴。用于虚损劳伤，潮热咳嗽,"阿胶42g, 地黄42g, 熟地黄42g, 天冬42g, 麦冬42g, 北沙参42g, 川贝母42g, 桑叶84g, 菊花84g, 百部42g, 山药42g, 茯苓21g, 三七21g",以上十三味，除阿胶外，其余各药粉碎成粗粉，蒸透，干燥，粉碎成细粉，过筛，混匀；阿胶加白酒炖化，与细粉混匀；每 100g 粉末加炼蜜 95~105g 制成大蜜丸，即得
肖金丹,丹剂,散结消肿，化瘀止痛。用于阴疽初起，皮色不变，肿硬作痛，多发性脓肿，甲状腺瘤，淋巴结炎，淋巴结结核，慢性囊性乳腺病,"麝香3g, 蟾酥27g, 制草乌150g, 枫香脂150g, 乳香（制）75g, 没药（制）75g, 地龙150g, 五灵脂（酒炒）150g, 当归（酒炒）75g, 香墨12g, 木鳖子（去壳去油）150g",以上十一味，除麝香外，其余木鳖子等十味粉碎成细粉，将麝香研细，与上述粉末配研，过筛；每 100g 粉末加炒糯米粉 30g 混合均匀，用水泛丸，干燥，即得
肠痢宁片,片剂,清热止痢。用于湿热痢疾，热泻,蛇莓3000g,取蛇莓 150g，粉碎成细粉，过筛；另取蛇莓 2850g 加水煎煮二次，合并煎液，静置，滤过，滤液浓缩至相对密度为 1.20（热测）的清膏，与上述粉末混匀，制成颗粒，干燥，压制成 1000 片，包糖衣，即得
龟鹿宁神丸,丸剂,健脾益气，补血养心。用于惊悸失眠，精神恍惚，目眩耳鸣,"龟甲胶61g, 鹿角胶61g, 酸枣仁(炒)123g, 远志(制)31g, 茯苓184g, 熟地黄737g, 当归92g, 川芎(酒制)123g, 黄芪(炙)184g, 党参184g, 白芍92g, 丹参123g, 白术184g, 砂仁92g, 山药491g, 芡实491g, 甘草(炙)123g",以上十七味，除龟甲胶、鹿角胶、砂仁外，其余酸枣仁等十四味粉碎成粗粉，蒸透，干燥，与砂仁共粉碎成细粉，过筛，混匀；龟甲胶、鹿角胶用酒炖化与炼蜜混匀；每 100g 粉末加炼蜜 90~100g 制成大蜜丸，即得
补肾养血丸,丸剂,补肝肾，益精血。用于身体虚弱，血气不足，遗精，须发早白,"何首乌80g, 当归20g, 黑豆40g, 牛膝（盐制）20g, 茯苓20g, 菟丝子20g, 补骨脂（盐制）10g, 枸杞子20g",以上八味，粉碎成细粉，过筛，混匀；每 100g 粉末加炼蜜 110~120g 制成大蜜丸，或加炼蜜 40~50g 与适量的水泛丸，包衣，干燥，即得
尿感宁冲剂,颗粒剂,清热解毒，通淋利尿，抗菌消炎。用于急慢性尿路感染,"海金沙藤100g, 连钱草100g, 凤尾草100g, 葎草100g, 紫花地丁100g",以上五味，加水煎煮二次，每次 1 小时，合并煎液，滤过，滤液浓缩至相对密度为 1.14~1.15（20℃）的清膏；取清膏 1 份，加糖粉 3 份，糊精 1 份，制成颗粒，干燥，即得
陈夏六君子丸,丸剂,补脾健胃，理气化痰。用于脾胃虚弱，食少不化，腹胀胸闷，气虚痰多,"陈皮80g, 半夏（制）160g, 党参160g, 白术（土炒）160g, 茯苓160g, 甘草（蜜炙）80g",以上六味，粉碎成细粉，过筛，混匀；每 100g 粉末加炼蜜 25~35g 与适量水泛丸，干燥；或加炼蜜 95~110g 制成小蜜丸或大蜜丸，即得
附桂风湿膏,膏剂,祛风除湿，散寒止痛。用于四肢麻木，腰腿疼痛，跌打损伤等症,"生姜270g, 鲜葱270g, 生附子120g, 当归60g, 地黄40g, 乳香40g, 肉桂40g, 苍术40g, 没药40g, 杜仲40g, 川牛膝40g, 独活30g, 千年健30g, 川芎30g, 干姜30g, 厚朴30g, 羌活30g, 骨碎补30g, 桂枝30g, 防风30g, 甘草30g, 生南星30g, 木香30g, 地枫皮30g, 白芷30g, 丁香30g, 锁阳30g, 韭菜子20g, 陈皮30g, 麻黄20g, 北细辛20g, 生草乌20g, 淫羊藿20g, 吴茱萸20g, 生白附子20g, 山奈20g, 薄荷脑213g, 冰片373g, 肉桂油32g, 水杨酸甲酯213g",以上四十味，丁香、陈皮、山柰提取挥发油；薄荷脑、冰片、肉桂油、水杨酸甲酯另置；其余生姜等三十三味药粉碎成粗粉，用乙醇制成浸膏；基质按橡胶膏剂项下的方法制备后，加入上述浸膏、薄荷脑、肉桂油、冰片、水杨酸甲酯及挥发油，搅匀，涂膏，切段，盖衬，切片即得
板蓝根糖浆,糖浆剂,清热解毒，凉血利咽，消肿。用于扁桃体炎，腮腺炎，咽喉肿痛，防治传染性肝炎、小儿麻疹等,板蓝根700g,取板蓝根 700g，加水煎煮二次，第一次 2 小时，第二次 1 小时，滤过，合并滤液，静置；取上清液浓缩至适量，加入蔗糖 400g 与苯甲酸钠 3g，溶解后，滤过，加水调节至 1000ml，即得
知柏地黄片,片剂,滋阴降火。用于阴虚火旺，潮热盗汗，口干咽痛，耳鸣遗精，小便短赤,"知母26g, 黄柏26g, 熟地黄102g, 茯苓38g, 山茱萸51g, 牡丹皮38g, 山药51g, 泽泻（盐水蒸）38g",以上八味，山药、山茱萸、泽泻等三味粉碎成细粉；牡丹皮粉碎成细粉；其余知母等四味加水煎煮二次，每次 1.5 小时，合并煎液，滤过，滤液浓缩成稠膏，加入上述山药等三味粉末，混匀，干燥，粉碎成细粉，再与牡丹皮细粉混匀，加入辅料适量，制粒，干燥，压制成 1000 片，包糖衣，即得
金刚丸,丸剂,生精补肾。用于肾虚精亏引起的筋骨痰软，腰膝酸痛，四肢乏力,"肉苁蓉800g, 猪腰子500g, 绵萆薢800g, 菟丝子800g, 杜仲（炒）800g",以上五味，先将猪腰子剖开，去筋、膜，洗净，加黄酒 200g，煮烂，然后与其余肉苁蓉等四味混合，干燥，粉碎成细粉，过筛，混匀；每 100g 粉末加炼蜜 45~55g 与水适量，泛丸，干燥，即得
金果饮,口服液,养阴生津，清热利咽，润肺开音。用于急慢性咽喉炎（喉痹），也可用于放疗引起的咽干不适,"地黄120g, 玄参90g, 西青果30g, 蝉蜕45g, 麦冬90g, 胖大海30g, 南沙参90g, 太子参90g, 陈皮60g, 薄荷油适量",以上十味，先将地黄、玄参、西青果、蝉蜕加水煎煮二次，每次 30 分钟，合并煎液，滤过，滤液浓缩至相对密度为 1.14（80℃），冷却，加乙醇 2 倍量，搅匀，静置 24 小时，吸取上清液，减压浓缩至相对密度为 1.14（80℃）的浓缩液，备用；另取麦冬、胖大海、南沙参、太子参、陈皮加水煎煮二次，第一次 30 分钟，第二次 20 分钟，合并煎液，滤过，滤液浓缩至相对密度为 1.03（80℃），静置 24 小时，吸取上清液，与上述浓缩液合并；加蔗糖适量，调整相对密度为 1.04（80℃），静置后取上清液，加薄荷油及防腐剂适量，搅拌 30 分钟，加水至 1650ml，即得
炎宁冲剂,颗粒剂,清热解毒，消炎止痢。用于上呼吸道感染，扁桃体炎，尿路感染，急性菌痢，肠炎,"鹿茸草500g, 白花蛇舌草250g, 鸭跖草250g",以上三味，加水煎煮二次，第一次 1.5 小时，第二次 1 小时，合并煎液，滤过，滤液浓缩至相对密度为 1.10（85~90℃），加乙醇使含醇量为 60%，搅匀，静置 12 小时，滤过，滤液浓缩至相对密度为 1.32（85~90℃）的清膏；取清膏 1 份，加蔗糖 3 份与糊精 1.25 份，制成颗粒，干燥，喷入香精适量，混匀，即得
宝珍膏,膏剂,除湿祛风，温经行滞。用于风寒湿痹，腰膝酸软，跌打损伤及筋脉拘挛疼痛等,"麝香2.8g, 宝珍膏药粉1482g, 黑药肉24000g, 芸香浸膏200g",以上四味，取麝香研细，与宝珍膏药粉配研，混匀；黑药肉温热熔化，将上述药粉与芸香浸膏分次加入，搅匀，分摊于布上，即得
参茸保胎丸,丸剂,补血安胎。用于身体虚弱，腰膝酸痛,"党参68g, 龙眼肉20g, 菟丝子（盐水制）33g, 香附（醋制）41g, 茯苓58g, 山药50g, 艾叶（醋制）41g, 白术（炒）50g, 黄芩66g, 熟地黄41g, 白芍41g, 阿胶41g, 甘草（炙）28g, 当归50g, 桑寄生41g, 川芎（酒制）41g, 羌活20g, 续断41g, 鹿茸20g, 杜仲58g, 川贝母20g, 砂仁33g, 化橘红41g",以上二十三味，粉碎成细粉，过筛，混匀；每 100g 粉末加炼蜜 30~45g 与适量水泛丸，干燥，即得
珍合灵片,片剂,养心安神。用于心悸、失眠等,"珍珠层粉200g, 灵芝400g, 甘草200g",以上三味，灵芝及甘草加水煎煮二次，每次 3 小时，合并煎液，滤过，放置，取上清液，浓缩至相对密度为 1.28~1.30（70~80℃）的清膏；取珍珠层粉与淀粉适量拌匀，再与清膏混匀，制成颗粒，干燥，加入润滑剂适量，压制成 1000 片，包糖衣，即得
珍珠胃安丸,丸剂,和中宽胃，行气止痛。用于治疗胃、十二指肠溃疡,"珍珠层粉450g, 甘草350g, 豆豉姜50g, 陈皮100g, 徐长卿50g",以上五味，粉碎成细粉，过筛，混匀，用水泛丸，包衣，干燥，即得
枳实消痞丸,丸剂,化湿热，消痞满。用于湿热交蒸，胸腹痞痛,"枳实（炒）100g, 白术（炒）60g, 法半夏60g, 黄连100g, 党参50g, 甘草（制）40g, 茯苓40g, 厚朴（制）80g, 麦芽（炒）40g, 干姜40g",以上十味，粉碎成细粉，过筛，混匀，用水泛丸，干燥，即得
柏子仁丸,丸剂,养心安神，和胃固卫。用于阴虚火旺，夜寐不安，盗汗,"柏子仁200g, 麻黄根(蜜炙)100g, 半夏曲(炒)200g, 党参100g, 白术(麸炒)100g, 牡蛎(煅)100g, 麦麸(炒黄)50g, 五味子(制)100g, 大枣300g",以上九味，先将柏子仁、五味子略炒，大枣去核微炒，然后与半夏曲等七味混合，粉碎成细粉，过筛，混匀；每 100g 粉末加炼蜜 20~30g 与水适量泛丸，干燥，即得
厚朴温中丸,丸剂,温中行气，燥湿除满。用于脾胃寒湿，脘腹胀满，时作疼痛，泛吐清水，食少便溏,"厚朴(制)200g, 化橘红200g, 干姜200g, 草豆蔻100g, 茯苓100g, 甘草100g, 木香100g",以上七味，粉碎成细粉，过筛，混匀，用水泛丸，干燥，即得
胃宁散,散剂,和胃止痛。用于胃胀，腹痛，消化不良,"麦芽250g, 龙胆100g, 碳酸氢钠400g, 三硅酸镁300g, 颠茄流浸膏30g, 薄荷脑3.3g",以上六味，麦芽、龙胆分别粉碎成细粉，与颠茄流浸膏混合，低温干燥，粉碎成细粉，与其余薄荷脑等粉末配研，过筛，混匀，制成 1000 袋，即得
骨炎灵片,片剂,补益气血，清热解毒，消肿止痛。用于骨髓炎，开放骨折感染及虚人痈疡,"当归90g, 黄芪150g, 地黄120g, 川芎90g, 菟丝子120g, 枸杞子120g, 玄参150g, 甘草60g, 白芷60g, 骨碎补90g, 延胡索90g, 川楝子90g, 蒲公英150g, 紫花地丁150g",以上十四味，加水煎煮三次，第一、二次为 2 小时，第三次为 1 小时；合并煎液，滤过，滤液浓缩成稠膏，干燥，粉碎，混匀，制成颗粒，压制成 1000 片，包糖衣，即得
骨痛药酒,酒剂,祛风定痛，舒筋活络。用于筋骨酸痛，关节不利，四肢酸麻,"制草乌50g, 桑寄生50g, 七叶莲50g, 威灵仙25g, 虎杖37.5g, 络石藤25g, 莪葵25g, 苍术（麸炒）12.5g, 油松节37.5g, 制何首乌25g, 红藤37.5g, 丹参25g, 接骨木50g, 伸筋草12.5g, 木瓜25g, 川芎12.5g, 牛膝50g, 麻黄12.5g, 香加皮50g, 红花12.5g, 续断50g, 干姜6.25g",以上二十二味，粉碎成粗粉，照流浸膏剂与浸膏剂项下的渗漉法，用酒糖液作溶剂（取砂糖 430g，溶解于白酒 4300g 中），浸渍 48 小时后，以每分钟每公斤生药 1~3ml 的速度缓缓渗漉，收集渗漉液，静置，滤过，即得
香云肝泰片,片剂,滋补强壮，扶正固本，益胃增食。用于黄疸胁痛，积聚，体质虚弱，倦怠乏力，面色不华，大便不实，舌质淡，脉细弱者，慢性迁延性肝炎，慢性活动性肝炎及肿瘤的综合治疗,香菇、云芝干膏细粉（3：2）适量（相当于蛋白多糖16g）,取香菇、云芝菌丝体，分别加水煎煮两次，第一次 4 小时，第二次 2 小时，合并煎液，滤过，静置，取上清液减压浓缩至相对密度为 1.30（热测）的清膏，加乙醇使含醇量达 70%，静置，滤取沉淀，经真空干燥成干浸膏，粉碎成细粉，过筛，按 3:2 分别取香菇、云芝干膏细粉，加淀粉及糊精适量，制成颗粒，压制成 1000 片，包糖衣，即得
香云肝泰冲剂,颗粒剂,滋补强壮，扶正固本，益胃增食。用于黄疸胁痛，积聚，体质虚弱，倦怠乏力，面色不华，大便不实，舌质淡，脉细弱者，慢性迁延性肝炎，慢性活动性肝炎及肿瘤的综合治疗,香菇、云芝干膏细粉（3：2）适量（相当于蛋白多糖28g）,取香菇、云芝菌丝体，分别加水煎煮两次，第一次 4 小时，第二次 2 小时，合并煎液，滤过，静置，取上清液减压浓缩至相对密度为 1.30（热测）的清膏，加乙醇使含醇量达 70%，静置，滤取沉淀，经真空干燥成干浸膏，粉碎成细粉，过筛，按 3:2 分别取香菇、云芝干膏细粉，加蔗糖 820g 及糊精适量，制成颗粒，干燥，制成 1000g，即得
香砂六君片,片剂,益气健脾，和胃。用于脾虚气滞，消化不良，嗳气食少，脘腹胀满，大便溏泄,"木香70g, 砂仁80g, 党参100g, 白术（炒）200g, 茯苓200g, 甘草（蜜炙）70g, 陈皮80g, 半夏（姜制）100g, 生姜10g, 大枣20g",以上十味，茯苓粉碎成细粉，取用 140g，粗头留用；半夏照流浸膏剂与浸膏剂项下的渗漉法，用 70% 乙醇作溶剂，进行渗漉，收集漉液，回收乙醇；白术、陈皮、木香和砂仁蒸馏挥发油；药渣、茯苓粗头与其余党参等四味加水煎煮三次，合并煎液，滤过，滤液浓缩成清膏，与漉液合并，静置，滤过，滤液浓缩成稠膏，加茯苓细粉混匀，干燥，研细，制成颗粒，干燥，加入挥发油，混匀，压制成片，即得
香砂胃苓丸,丸剂,祛湿运脾，行气和胃。用于水湿内停之呕吐，泄泻，浮肿，眩晕，小便不利等症,"木香50g, 砂仁50g, 苍术(炒)150g, 厚朴(制)150g, 白术(炒)150g, 陈皮150g, 茯苓150g, 泽泻100g, 猪苓100g, 肉桂50g, 甘草60g",以上十一味，粉碎成细粉，过筛，混匀，用水泛丸，低温干燥，即得
复方南板蓝根片,片剂,消炎解毒。用于腮腺炎、咽炎、乳腺炎，疮疖肿痛,"南板蓝根1000g, 紫花地丁1000g, 蒲公英1000g",以上三味，取紫花地丁 100g，粉碎成细粉，过筛；剩余紫花地丁与南板蓝根、蒲公英加水煎煮二次，第一次 2 小时，第二次 1 小时，滤过，合并滤液，浓缩成稠膏，加入紫花地丁细粉，混匀，干燥，粉碎成细粉，加辅料适量，制成颗粒，干燥，压制成 1000 片，包糖衣，即得
复方南板蓝根冲剂,颗粒剂,消炎解毒。用于腮腺炎、咽炎、乳腺炎，疮疖肿痛,"南板蓝根300g, 紫花地丁300g, 蒲公英300g",以上三味，加水煎煮二次，第一次 2 小时，第二次 1 小时，滤过，合并滤液，浓缩至稠膏状，加入蔗糖适量，混匀，制成颗粒，干燥，喷入食用香精，混匀，制成 1000g，即得
复方胆通片,片剂,清热利胆，解痉止痛。用于急、慢性胆囊炎，胆管炎，胆囊、胆道结石合并感染，胆囊术后综合症，胆道功能性疾患等,"胆通100g, 溪黄草900g, 茵陈600g, 穿心莲300g, 大黄30g",以上五味，除胆通、大黄外，其余溪黄草等三味加水煎煮二次，每次 2 小时，滤过，合并滤液，静置，取上清液，浓缩成稠膏，减压干燥，粉碎成细粉；大黄粉碎成细粉，与胆通细粉及上述干膏粉混匀，用乙醇制粒，干燥，压制成 1000 片，包糖衣，即得
复方胆通胶囊,胶囊剂,清热利胆，解痉止痛。用于急、慢性胆囊炎，胆管炎，胆囊、胆道结石合并感染，胆囊术后综合症，胆道功能性疾患等,"胆通100g, 溪黄草900g, 茵陈600g, 穿心莲300g, 大黄30g",以上五味，除胆通、大黄外，其余溪黄草等三味加水煎煮二次，每次 2 小时，滤过，合并滤液，静置，取上清液，浓缩成稠膏，减压干燥，粉碎成细粉；大黄粉碎成细粉，与胆通细粉及上述干膏粉混匀，用乙醇制粒，干燥，分装成 1000 粒，即得
复方首乌地黄丸,丸剂,滋阴补肾，乌须黑发，壮筋骨。用于腰膝酸软，头痛眩晕，须发早白,"制何首乌100g, 地黄200g, 女贞子（酒制）200g, 墨旱莲200g",以上四味，墨旱莲加水煎煮 4 小时，地黄加水煎煮三次，第一次 4 小时，第二次 3 小时，第三次 2 小时，合并煎液，静置，滤过，滤液浓缩至相对密度为 1.35~1.38（20℃）的清膏；另取女贞子、何首乌粉碎成细粉；留取上述清膏 1% 和粉末 10% 备用；其余清膏与粉末拌匀，干燥，粉碎成细粉，用备用粉末起模，泛丸，干燥，以备用清膏打光，得成品约 355g，即得
复方首乌补液,口服液,补肝肾，益气血，健脾胃。用于肝肾亏损，脾胃虚弱，气血不足，头晕目眩，健忘失眠，贫血萎黄，肢酸乏力，食少或便溏,"制何首乌150g, 白术40g, 当归40g, 黄芪80g, 女贞子40g, 党参80g, 五味子20g, 甘草10g, 茯苓40g",以上九味，当归、女贞子、五味子用 50% 乙醇，首乌、白术用 80% 乙醇，茯苓用 60% 乙醇依法渗漉；黄芪、党参、甘草分别加水煎煮二次，滤过，合并滤液，浓缩至适量，加 70% 乙醇 5 倍量，搅匀，静置，滤过，回收乙醇，浓缩成稠膏；合并上述稠膏，混匀，加入当归等的漉液及单糖浆 350ml，加水及乙醇适量，使成 1000ml，搅匀，静置，滤过，即得
复方海蛇酊,酊剂,驱风除湿散寒，活血通络止痛。用于风湿性关节炎，慢性腰腿痛，腰肌劳损等,"海蛇10g, 半枫荷24g, 鸡血藤24g, 豆豉姜24g, 宽筋藤24g, 两面针24g, 桂枝24g, 血风藤24g, 千斤拔24g, 甘草24g, 黑老虎根24g, 大枣24g",以上十二味，海蛇切碎加 70% 乙醇浸渍二次，第一次 15 天，第二次 7 天，合并浸出液，滤过，滤液浓缩至 40ml，备用；其余各药粉碎成粗粉，照流浸膏剂与浸膏剂项下的渗漉法，用 45% 乙醇作溶剂，浸渍 48 小时后进行渗漉，收集漉液 900ml，与上述备用药液合并，加蔗糖 80g，搅匀，加乙醇至 1000ml，静置，滤过，即得
复方桑菊感冒片,片剂,散风清热，利咽止咳。用于风热感冒引起的发热，头晕，咳嗽，咽干，喉痛,"桑叶156.3g, 野菊花78.3g, 一枝黄花187.5g, 枇杷仁156.3g, 桔梗125g, 芦根125g, 甘草50g, 薄荷油0.83ml",以上八味，除薄荷油外，野菊花、桔梗、部分甘草粉碎成细粉；其余药味加水煎煮二次，每次 1 小时，合并煎液，滤过，滤液浓缩至相对密度 1.24~1.28（80℃）的清膏；加入野菊花、桔梗、甘草粉末，混匀，干燥，粉碎成细粉，加适量乙醇制成颗粒，干燥，取薄荷油加乙醇适量溶解，喷入颗粒中，加适量硬脂酸镁混匀，压制成 638 片，即得
复方桑菊感冒冲剂,颗粒剂,散风清热，利咽止咳。用于风热感冒引起的发热、头晕、咳嗽、咽干、喉痛,"桑叶156.3g, 野菊花78.3g, 一枝黄花187.5g, 枇杷仁156.3g, 桔梗125g, 芦根125g, 甘草50g, 薄荷油0.83ml",以上八味，除薄荷油外，其余桑叶等七味加水煎煮二次，每次 1.5 小时，滤过，合并滤液，滤液浓缩至相对密度 1.22~1.24（80℃）的清膏，加入薄荷油、糖精钠 0.3125g，搅匀；取清膏 1 份，加蔗糖粉 2.34 份，糊精 1.56 份，混匀，制成颗粒，低温干燥，过筛，约得成品 1250g，即得
保胎无忧片,片剂,安胎，养血。用于闪挫伤胎，习惯性小产，难产,"艾叶(炭)35g, 荆芥(炭)40g, 川芎75g, 甘草25g, 菟丝子(酒泡)50g, 厚朴(姜制)35g, 羌活25g, 川贝母50g, 当归(酒制)75g, 黄芪40g, 白芍(酒制)60g, 枳壳(麸炒)30g",以上十二味，川贝母、白芍粉碎成细粉；黄芪、甘草加水煎煮二次，第一次 3 小时，第二次 1 小时，合并煎液，滤过；荆芥炭、艾叶炭加水煮沸后，于 80℃热浸二次，第一次 2 小时，第二次 1 小时，滤过，合并滤液；菟丝子、川芎、厚朴、当归、羌活用 80% 乙醇回流二次，第一次 3 小时，第二次 2 小时，滤过，合并滤液，回收乙醇至无醇味；枳壳提取挥发油至油尽，并滤取药液；将以上四种滤液合并，减压浓缩至相对密度 1.35~1.4（50℃热测）的稠膏，加入川贝母、白芍细粉，混匀，制成颗粒，干燥，喷入枳壳挥发油，混匀，压制成 400 片，即得
疮炎灵软膏,膏剂,排脓活血，消肿解毒。用于疮疖，乳痈，丹毒，红丝疔等,木芙蓉叶5000g,取木芙蓉叶 5000g，洗净，加水煎煮两次，合并煎液，滤过，滤液浓缩至相对密度为 1.20~1.30，加入对羟基苯甲酸乙酯、羊毛脂、凡士林适量，搅匀，制成约 1100g，即得
活血解毒丸,丸剂,解毒消肿，活血止痛。用于肺腑毒热，气血凝结引起的痈毒初起，乳痈乳炎，红肿高大，坚硬疼痛，结核，疔毒恶疮，无名肿毒,"乳香（醋炙）480g, 没药（醋炙）480g, 蜈蚣96g, 黄米（蒸熟）408g, 石菖蒲清膏72g, 雄黄粉240g",以上六味，除雄黄水飞或粉碎成极细粉外，乳香、没药、蜈蚣、黄米粉粉碎成细粉，与雄黄粉末配研，过筛，混匀；用石菖蒲清膏，与上述粉末泛丸，干燥，即得
活络止痛丸,丸剂,活血舒筋，驱风除湿。用于风湿关节痹痛，肢体游走痛，手足麻木酸软,"鸡血藤40g, 何首乌20g, 过岗龙20g, 牛大力20g, 豨莶草20g, 豆豉姜10g, 半枫荷20g, 两面针10g, 臭屎茉莉20g, 走马胎10g, 威灵仙20g, 连钱草10g, 千斤拔10g, 独活10g, 穿破石10g, 薏苡仁10g, 土五加10g, 钩藤10g, 山白芷10g, 宽筋藤10g",以上十九味，牛大力、豆豉姜、两面针、何首乌、连钱草、独活、薏苡仁、钩藤粉碎成粗粉；其余鸡血藤等十一味加水煎煮二次，滤过，合并滤液，浓缩成稠膏，加入上述粗粉，混匀，干燥，粉碎成细粉，过筛，混匀；每 100g 粉末加炼蜜 40~50g 与适量的水泛丸，干燥；或加炼蜜 110~130g 制成大蜜丸，即得
养阴降糖片,片剂,养阴益气，清热活血。用于糖尿病,"黄芪250g, 党参110g, 葛根145g, 枸杞子110g, 玄参145g, 玉竹110g, 地黄180g, 知母110g, 牡丹皮110g, 川芎145g, 虎杖180g, 五味子70g",以上十二味，取黄芪 125g 粉碎成细粉，过筛；剩余的黄芪与党参等十一味加水煎煮二次，每次 2 小时，合并煎液，滤过，滤液浓缩至 770ml，加乙醇使含醇量为 60%，混匀，静置 12 小时以上，取上清液滤过，滤液浓缩成稠膏，加入黄芪细粉，制成颗粒，干燥，压制成 1000 片，包糖衣，即得
养荣丸,丸剂,温补气血。用于气血两亏，神倦乏力，食减便溏,"党参300g, 黄芪(制)300g, 熟地黄300g, 当归(炒)300g, 白术300g, 茯苓300g, 五味子(制)210g, 远志150g, 白芍300g, 肉桂210g, 陈皮210g, 大枣450g, 甘草(炙)210g, 生姜300g",以上十四味，除生姜、大枣外，其余党参等十二味粉碎成粗粉；将大枣去核捣烂，与上述粗粉拌匀，干燥后，粉碎成细粉，过筛，混匀，用生姜煎汁泛成丸，干燥，即得
前列通片,片剂,清热解毒，清利湿浊，理气活血，消炎止痛，祛瘀通淋。用于急性前列腺炎、前列腺增生,"前列通干浸膏300g, 八角茴香油1.70ml, 肉桂油0.88ml, 琥珀75g",以上四味，将琥珀粉碎成细粉，前列通干浸膏研细，与琥珀细粉混匀，制粒，喷入八角茴香油及肉桂油，混匀，压制成 1000 片（大片）或 1500 片（小片），包糖衣，即得
神犀丹 ,丹剂,凉血解毒，清心开窍。用于湿温暑疫，高热不退，痉厥昏狂，谵语发斑,"石菖蒲30g, 黄芩30g, 地黄80g, 忍冬藤90g, 连翘50g, 板蓝根45g, 淡豆豉40g, 玄参35g, 天花粉20g, 紫草20g, 水牛角300g",以上十一味，水牛角劈碎，加水煎煮 7~10 小时，加入忍冬藤继续煎煮 2 小时，滤过，药汁备用；其余石菖蒲等九味，粉碎成细粉，过筛，混匀，用上述药汁泛成小丸，干燥，即得
冠通片,片剂,增加冠状动脉血流量，降低冠状动脉阻力，减少心肌耗氧量，并有降低血压的作用。用于冠状动脉粥样硬化，心肌梗塞，心绞痛及高血压等,"葛根干浸膏250g, 海金沙藤干浸膏600g, 陈皮干浸膏500g, 野菊花干浸膏250g, 抗坏血酸100g, 异去氧胆酸400g",以上六味，将葛根、陈皮、海金沙藤、野菊花照流浸膏剂与浸膏剂项下的渗漉法，用 80% 乙醇作溶剂，浸渍 24 小时，以每分钟 5ml 的速度缓缓渗漉，收集滤液，滤过，浓缩，干燥，制成干浸膏，粉碎成细粉，过筛，混匀，加抗坏血酸、异去氧胆酸以及淀粉适量，制成颗粒，低温干燥，压制成 15000 片，包糖衣，即得
珠黄消疳散,散剂,清热解毒。用于咽喉肿痛，口臭牙疳，齿龈溃烂，牙缝出血,"儿茶240g, 天花粉120g, 青黛120g, 黄连120g, 硼砂120g, 大青叶120g, 薄荷120g, 甘草120g, 冰片60g, 牛黄24g, 珍珠12g",以上十一味，除牛黄、冰片外，珍珠粉碎成极细粉；其余儿茶等八味粉碎成细粉；将牛黄、冰片研细，与上述粉末配研，过筛，混匀，即得
珠黄八宝散,散剂,清热解毒，生肌收口。用于痈疽，疔毒及疮疡，溃后久不收口,"珍珠25g, 牛黄25g, 炉甘石（制）500g, 琥珀62.5g, 石膏（煅）500g, 龙骨（煅）375g, 冰片37.5g, 朱砂25g",以上八味，珍珠、朱砂、琥珀分别水飞或粉碎成极细粉，炉甘石、石膏、龙骨分别粉碎成极细粉，牛黄、冰片研细，与上述各粉末混匀，即得
桂枝合剂,口服液,解肌发表，调和营卫。用于外感风邪，头痛发热，鼻塞干呕，汗出恶风,"桂枝215g, 白芍215g, 生姜215g, 甘草143g, 大枣215g",以上五味，桂枝蒸馏提取挥发油，蒸馏后的水溶液另器收集；药渣与甘草、大枣加水煎煮三次，每次 2 小时，合并煎液，滤过，滤液与上述水溶液合并，浓缩至约 900ml；白芍与生姜照流浸膏剂与浸膏剂项下的渗漉法，用 50% 乙醇作溶剂，浸渍 24 小时后进行渗漉，漉液回收乙醇，与浓缩液合并，静置，滤过，滤液浓缩至约 1000ml，加入苯甲酸钠 3g，放冷，加入桂枝挥发油，加水至 1000ml，搅匀，即得
损伤止痛膏,膏剂,祛风活络，消肿止痛。用于风湿痹痛及跌打损伤、扭伤、瘀血肿痛,"独活50g, 桑寄生50g, 豨莶草400g, 当归50g, 红花50g, 老鹳草400g, 地骨皮100g, 牛膝50g, 续断50g, 五加皮100g, 洋金花25g, 延胡索25g, 闹羊花25g, 功劳叶100g, 川乌25g, 草乌25g, 樟脑6g, 冰片3g, 薄荷脑3g, 水杨酸甲酯3g, 白芷粉15g",以上二十一味，取樟脑、冰片、薄荷脑、白芷粉分别研细，与水杨酸甲酯共乳研均匀；其余独活等十六味煎煮三次，第一次 4 小时，第二次 3 小时，第三次 2 小时，合并煎液，静置，滤过，取滤液浓缩成稠膏；将植物油 2480g 炼至滴水成珠，另取红丹 780~930g 加入油内，制成基质后倒入水中去火毒；将基质熔化，待温，每取基质 100g 加稠膏 8.75g 拌匀，加入上述樟脑等细粉混匀，摊涂，即得
损伤接骨药膏,膏剂,散瘀、消肿，活血止痛，舒筋续骨。用于陈旧性跌打损伤，筋骨折伤,"白附子50g, 白芷50g, 川乌50g, 羌活25g, 地骨皮100g, 防风25g, 杜衡25g, 红花100g, 天南星25g, 大黄50g, 芙蓉叶100g, 紫荆皮100g, 草乌50g, 薄荷脑25g, 冰片50g, 樟脑75g, 肉桂25g, 土鳖虫25g",以上十八味，除樟脑、薄荷脑、冰片分别研成细粉外；其余白附子等十五味粉碎成细粉，过筛，混匀，加炼蜜 1200g、白酒 400g，拌匀后，加入樟脑、薄荷脑、冰片细粉，混匀，制成 2400g 药膏，即得
健康补肾酒,酒剂,补肾益脾，强健腰膝。用于脾肾虚弱，腰膝酸软，年老体虚，精神疲倦,"熟地黄120g, 沙苑子（炒）60g, 龙眼肉120g, 杜仲（盐炒）60g, 地骨皮120g, 巴戟天（去心盐炒）60g, 枸杞子60g, 菟丝子（炒）60g, 当归120g, 楮实子（炒）60g, 牛膝120g, 韭菜子（炒）60g, 山药80g, 补骨脂（盐炒）30g",以上十四味，粉碎成粗粉；另取蔗糖 480g，溶解于 9600g 白酒中，照流浸膏剂与浸膏剂项下的渗漉法，用糖酒作溶剂，浸渍 48 小时后，以每分钟 1~3ml 的速度进行渗漉，收集漉液，静置，滤过，即得
健脾八珍糕,茶剂,健脾益胃。用于老年、小儿及病后脾胃虚弱，消化不良，面色萎黄，腹胀便溏,"党参（炒）5.58g, 白术（炒）3.67g, 茯苓11g, 白扁豆（炒）11g, 薏苡仁（炒）11g, 山药（炒）11g, 芡实（炒）11g, 莲子11g, 陈皮2.75g",以上九味，分别粉碎成细粉；另取大米 (淘炒) 737g 粉碎成细粉，加入上述九味细粉，过筛，混匀；另取蔗糖 296g，加麻油 21g 及水适量，制成糊状，与上述细粉混合，搅拌成松散的颗粒，过筛，压入圆形模中成糕，干燥，制成 1000g，即得
健脾糖浆,糖浆剂,健脾开胃。用于脾胃虚弱，脘腹胀满，食少便溏,"党参51.3g, 白术（炒）76.9g, 陈皮51.3g, 枳实（炒）51.3g, 山楂（炒）38.5g, 麦芽（炒）51.3g",以上六味，将陈皮提取挥发油，药渣与其余党参等五味加水煎煮三次，合并煎液，滤过，滤液浓缩至 450ml；另取蔗糖 650g 加水煮沸，滤过，与浓缩液合并，加入防腐剂适量，混匀，放冷，加入陈皮挥发油，并加水至 1000ml，混匀，即得
健儿消食口服液,口服液,健脾益胃，理气消食。用于小儿饮食不节损伤脾胃引起的纳呆食少，脘胀腹满，手足心热，自汗乏力，大便不调，以至厌食、恶食等症,"黄芪200g, 白术(麸炒)100g, 陈皮100g, 麦冬200g, 黄芩100g, 山楂（炒）100g, 莱菔子(炒)100g",以上七味，加水煎煮三次，第一次 3 小时，第二、三次各 2 小时，合并煎液，滤过，滤液浓缩至相对密度为 1.01~1.05（60℃测）的清膏，冷藏 48 小时，滤过；滤液加炼蜜 900g，山梨酸 1.5g（加适量水热溶），用水调整总量至 3000ml，搅匀，静置 48 小时，取上清液，灌封，灭菌，即得
息咳糖浆,糖浆剂,镇咳，祛痰。用于感冒及其他呼吸道感染引起的咳嗽，多痰气急等症,"枇杷叶400g, 薄荷40g, 百部60g, 陈皮60g, 麻黄60g, 甘草60g, 杏仁水100ml",以上七味，枇杷叶加水煎煮二次，合并煎液，滤过，滤液浓缩至适量，加乙醇使含醇量约为 50%；百部用 80% 乙醇回流提取二次；陈皮照流浸膏剂与浸膏剂项下渗漉法，用 60% 乙醇为溶剂，进行渗漉；以上各药提取液回收乙醇，浓缩至适量；麻黄用水温浸三次，浸液低温浓缩至适量，加乙醇使含醇量约为 50%，滤过，滤液加盐酸试液调节 pH 至微酸性，回收乙醇，再用氢氧化钠试液中和，浓缩至适量；甘草加水煎煮二次，合并煎液，滤过，浓缩至适量，加氨水适量，搅匀，静置，滤过，浓缩至适量；薄荷提取挥发油；上述各浓缩液混匀，加入杏仁水、薄荷挥发油和蔗糖 850g 制成的糖浆以及防腐剂适量，加水使成 1000ml，搅匀，静置，滤过，即得
豹骨活络丸,丸剂,舒筋活络，散风祛湿，止痛。用于腰膝疼痛，筋骨无力，步行艰难，手足麻木,"豹骨（制）96g, 木瓜96g, 当归96g, 白芷96g, 威灵仙96g, 青风藤96g, 海风藤96g, 川芎96g, 牛膝192g, 制川乌48g, 制草乌48g, 人参12g",以上十二味，共粉碎成细粉，过筛，混匀；每 100g 粉末加炼蜜 130~140g 制成大蜜丸，即得
脑灵片,片剂,补气血，养心肾，健脑安神。用于神经衰弱，健忘失眠，头晕心悸，身体无力，体虚自汗，阳痿遗精,"黄精（蒸）99g, 淫羊藿82g, 苍耳子66g, 麦冬16g, 红参3.3g, 远志（制）33g, 酸枣仁（炒）16g, 五味子66g, 枸杞子33g, 鹿茸1.6g, 龟甲（醋制）8g, 茯苓16g, 大枣（去核）33g, 熟地黄17g, 鹿角胶3.3g",以上十五味，红参、鹿茸、黄精、龟甲、麦冬、远志、鹿角胶、茯苓粉碎成细粉，过筛；其余淫羊藿等七味酌予碎断后，加水煎煮三次，合并煎液，滤过，滤液浓缩成稠膏，加入上述细粉，混匀，干燥，加辅料适量，混匀，制粒，干燥，压制成 1000 片，包糖衣，即得
益气止血冲剂,颗粒剂,益气，止血，固表，健脾。用于咯血、吐血，久服可预防感冒,"党参79.8g, 黄芪79.8g, 白术（炒）26.6g, 茯苓53.2g, 白及266.0g, 功劳叶133.0g, 地黄79.8g, 防风39.9g",以上八味，白及粉碎成细粉；其余党参等七味，加水煎煮二次，第一次 2 小时，第二次 1.5 小时，合并煎液，滤过，滤液浓缩至相对密度为 1.24~1.26（70~80℃）的清膏；取清膏 1 份，加白及粉 1.26 份，糖粉 4 份，制成颗粒，干燥，即得
益母调经丸,丸剂,理气和血，调经止血。用于气郁血滞，月经不调，经来腹痛，崩漏白带,"益母草185g, 白术90g, 茺蔚子50g, 熟地黄90g, 当归70g, 丹参90g, 川芎35g, 白芍70g, 香附（制）90g",以上九味，益母草、熟地黄、丹参加水煎煮二次，合并煎液，滤过，滤液浓缩至相对密度 1.20~1.25，加乙醇使含醇量约为 50%，搅匀，静置，滤过；茺蔚子、香附用 60% 乙醇，当归、川芎用 70% 乙醇，白术用 80% 乙醇照流浸膏剂与浸膏剂项下的渗漉法渗漉；以上各药的提取液回收乙醇，浓缩成稠膏；白芍蒸熟，烘干，粉碎成细粉，过筛；将各稠膏混匀，与白芍粉泛丸，制成 1000 丸，烘干，包糖衣，即得
益胃膏,膏剂,和胃缓急，理气止痛。用于胃及十二指肠溃疡病及慢性胃炎,"白芍200g, 甘草100g, 乌药100g, 木香75g, 陈皮75g, 蒲公英300g, 红藤200g",以上七味，陈皮、木香提取挥发油，蒸馏后的水溶液另器收集；药渣与白芍、甘草、乌药、红藤加水煎煮二次，每次 2 小时；蒲公英加水煎煮 2 小时，合并以上煎液，静置，吸取上清液，滤过，滤液与上述水溶液合并，滤液浓缩至适量，加入饴糖 500g 与苯甲酸钠适量，搅匀，继续浓缩成稠膏状，稍冷，加入陈皮、木香挥发油，搅匀，即得
益脑胶囊,胶囊剂,补气养阴，滋肾健脑，益智安神。用于神经衰弱，脑动脉硬化引起的体倦头晕，失眠多梦，记忆力减退等属于心肝肾不足，气、阴两虚患者,"龟甲胶38.6g, 远志193.3g, 龙骨387.3g, 灵芝387.3g, 五味子49.3g, 麦冬193.3g, 石菖蒲193.3g, 党参111.0g, 人参66.6g, 茯苓387.3g",以上十味，除龟甲胶外，人参、茯苓 (25%) 分别粉碎成细粉，剩余茯苓及其余远志等七味加水煎煮二次，第一次 3 小时，第二次 2 小时，滤过，合并滤液，浓缩成稠膏，加入人参、茯苓细粉与溶化后的龟甲胶，充分混匀，干燥，粉碎成细粉，过筛，装入 1 号胶囊，制成 1000 粒，即得
益虚宁片,片剂,养阴益气，补血安神。用于失眠少寝、头发脱落，耳鸣头晕、腰痛腿软,"枸杞子150g, 何首乌（黑豆汁制）150g, 党参150g, 当归100g, 地黄100g, 五味子100g, 菟丝子100g, 女贞子50g, 牛膝50g, 牡丹皮50g, 麦冬50g, 甘草25g",以上十二味，何首乌、当归、牡丹皮及地黄 50g 粉碎成细粉，过筛；其余地黄及枸杞子等八味加水煎煮三次，第一次 2 小时，第二、三次各 1 小时，合并煎液，滤过，滤液浓缩至相对密度 1.30~1.40 的清膏，加入何首乌等粉末，混匀，在 80℃左右烘干，制成颗粒，压制成片，包糖衣，即得
资生丸,丸剂,健脾开胃，消食止泻。用于脾虚不适，胃虚不纳，神倦力乏，腹满泄泻,"党参（炒）600g, 茯苓300g, 甘草（制）100g, 山药300g, 白术（炒）600g, 白扁豆（炒）200g, 芡实300g, 莲子200g, 山楂（炭）400g, 六神曲400g, 麦芽（焦）300g, 薏苡仁600g, 陈皮400g, 黄连70g, 泽泻70g, 豆蔻70g, 广藿香100g, 桔梗100g",以上十八味，粉碎成细粉，过筛，混匀，用水泛丸，干燥，即得
消炎止咳片,片剂,消炎，镇咳，化痰，定喘。用于咳嗽痰多，胸满气逆，气管炎,"胡颓子叶200g, 桔梗150g, 太子参200g, 百部100g, 罂粟壳12.5g, 麻黄25g, 黄荆子125g, 南沙参37.5g, 穿心莲125g",以上九味，太子参、桔梗、百部加水煎煮三次，第一次 4 小时，第二次 3 小时，第三次 2 小时；合并煎液，滤过；胡颓子叶加水煎煮 4 小时，滤过，与上述滤液合并，浓缩至相对密度为 1.24（热测）的清膏；其余麻黄等五味粉碎成细粉，过筛，混匀，与上述清膏混合，搅匀，制成颗粒，干燥，压制成 1200 片，包糖衣，即得
消炎退热冲剂,颗粒剂,清热解毒，凉血消肿。用于感冒发热，上呼吸道感染，咽喉肿痛及各种疮疖肿痛,"大青叶400g, 蒲公英400g, 紫花地丁150g, 甘草50g",以上四味，加水煎煮二次，每次 2 小时，合并煎液，滤过，滤液浓缩成稠膏，加乙醇 3 倍量，搅拌，静置 24 小时，滤过，回收乙醇，浓缩至约 100ml，加蔗糖粉 950g，淀粉适量，制成颗粒，干燥，即得
润肠丸,丸剂,润肠通便。用于实热便秘,"桃仁200g, 羌活100g, 大黄100g, 当归100g, 火麻仁200g",以上五味，除桃仁、火麻仁外，其余大黄等三味粉碎成细粉，过筛，加入桃仁、火麻仁，混匀，再粉碎成细粉，过筛，混匀；每 100g 粉末加炼蜜 30~40g 与适量的水泛丸，干燥，即得
海呋龙散,散剂,杀菌，消炎，收敛止痛。用于耳廓湿疹，外耳道炎及创伤出血,"海螵蛸粉97g, 呋喃西林2g, 冰片1g",以上三味，将冰片研细，再与其余海螵蛸粉等二味配研，过筛，混匀，即得
海蛇药酒,酒剂,祛风除湿，舒筋活络，强身壮骨。用于肢体麻木，腰膝酸痛，风寒湿痹,"海蛇（蜜炙）57.5g, 过岗龙15g, 何首乌10g, 丁公藤10g, 半枫荷25g, 川牛膝10g, 鸡血藤15g, 熟地黄10g, 防风10g, 龙眼肉15g, 豆豉姜5g, 枸杞子15g, 巴戟天10g, 桂枝10g, 黑老虎根15g, 杜仲7g, 汉桃叶15g, 红花7.5g, 菊花15g, 川芎5g, 两面针15g, 当归15g, 羌活2.5g, 独活2.5g, 陈皮5g, 党参15g, 木瓜10g",以上二十七味，加入白酒 5000ml，密闭浸泡，14 天搅拌一次，浸泡 80 天，每 100g 药酒加蔗糖 1g，搅拌使溶解，静置，滤过，即得
桑枝膏,膏剂,祛风活络。用于四肢关节酸痛,桑枝1000g,取桑枝 1000g，加水煎煮二次，每次 4 小时，合并煎液，静置，滤取上清液，浓缩至相对密度为 1.18（热测）的清膏；每 100g 清膏加蔗糖 280g 混匀，继续浓缩至相对密度为 1.36（热测），约得 370g 煎膏，即得
桑菊感冒丸,丸剂,疏风清热，宣肺止咳。用于风热感冒初起，头痛，咳嗽，口干，咽痛,"桑叶232.5g, 菊花92.5g, 连翘140g, 芦根185g, 桔梗185g, 甘草75g, 苦杏仁185g, 薄荷油0.5ml",以上八味，取桔梗、菊花、甘草粉碎成细粉，再与苦杏仁 120g 串研成细粉，备用；另取桑叶、连翘、芦根及余下的苦杏仁 65g 加水煎煮（苦杏仁水时加入）2 次，每次 2~3 小时，合并煎液，静置，滤过，滤液浓缩成相对密度为 1.38~1.36（25℃）的清膏，与上述粉末混匀，低温干燥，粉碎成细粉，以冷开水泛丸（薄荷油在泛丸起母后将其喷洒在母子上），低温干燥，打光，约制成 413g，即得
桑菊感冒合剂,口服液,疏风清热，宣肺止咳。用于风热感冒初起，头痛，咳嗽，口干，咽痛,"桑叶200g, 菊花80g, 苦杏仁160g, 连翘120g, 薄荷64g, 桔梗160g, 芦根160g, 甘草64g",以上八味，苦杏仁压去脂肪油后加水蒸馏制取苦杏仁水 180ml；薄荷提取挥发油；药渣与其余桑叶等六味加水煎煮三次，合并煎液，滤过，滤液与上述水溶液合并，浓缩至 840ml，加入防腐剂适量，放冷，加入苦杏仁水、挥发油及水，调整总量至 1000ml，搅匀，即得
桑麻丸,丸剂,滋养肝肾，祛风明目。用于肝肾不足，头晕眼花，视物不清，迎风流泪,"桑叶800g, 黑芝麻（炒）200g",以上二味，粉碎成细粉，过筛，混匀，用水泛丸，干燥，即得
绛矾丸,丸剂,运脾化湿。用于黄胖病，心悸气促，肢体懈懒，或能食而无力，或嗜食香物及生米,"煅皂矾187.5g, 甘草31.25g, 厚朴（制）62.5g, 苍术187.5g, 陈皮62.5g",以上五味，粉碎成细粉，过筛，混匀；另取红枣 125g，分次加水煎煮，至煎出液味尽，去渣，加入面粉 78.2g 打成浆糊，另取面粉 78.2g 和入药粉内，用浆糊泛丸，干燥，即得
理中丸 ,丸剂,温中散寒，健胃。用于脾胃虚寒，呕吐泄泻，胸满腹痛，消化不良,"党参75g, 白术（土炒）75g, 甘草(蜜炙)75g, 炮姜50g",以上四味，粉碎成细粉，过筛，混匀；每 100g 粉末加炼蜜 110~120g 制成大蜜丸，即得
黄柏胶囊,胶囊剂,清热燥湿，泻火除蒸，解毒疗疮。用于湿热泻痢，黄疸，带下，热淋，脚气，痿躄，骨蒸劳热，盗汗，遗精，疮疡肿毒，湿疹瘙痒,黄柏1000g,取黄柏 30g 粉碎成细粉，其余 670g 加水煎煮二次，滤过，滤液浓缩成稠膏状，加入上述细粉，混匀，干燥，过筛，制成 1000 粒，即得
萸连片,片剂,泻火止痛。用于脘胁疼痛，嗳气吐酸，大便热泻,"黄连（姜汁炒）210g, 吴茱萸（盐炙）35g, 木香70g",以上三味，粉碎成细粉，用淀粉糊适量制粒，干燥，压制成片或包糖衣，即得
梅苏冲剂,颗粒剂,清解暑热，生津止渴。用于感冒暑热引起的口渴、咽干、胸中满闷，头目眩晕,"乌梅肉96g, 薄荷112g, 紫苏叶32g, 葛根16g",以上四味，取薄荷、紫苏叶用水蒸汽蒸馏，得初馏液约 800ml，再重蒸馏，收集馏液约 200ml，滤取蒸馏后的水溶液另器收集；乌梅肉、葛根加水煎煮二次，每次 1.5 小时，滤过，合并滤液，滤液与上述水溶液合并，浓缩至相对密度为 1.20 左右的清膏，与蒸馏液合并，加蔗糖 2560g 及适量乙醇制成颗粒，60℃以下干燥，即得
野马追糖浆,糖浆剂,止血。用于各种出血病症,野马追1000g,取景天三七 2000g，加水煎煮二次，第一次 2 小时，第二次 1 小时，合并煎液，滤过，滤液浓缩至相对密度为 1.20 的清膏，加乙醇使含醇量达 60%，静置，取上清液，回收乙醇并浓缩至适量；另取蔗糖 350g，加水煮沸，溶解后滤过，与上述浓缩液合并，煮沸，加入苯甲酸钠适量，并加水稀释至 1000ml，搅匀，即得
蛇胆陈皮片,片剂,顺气除痰，祛风健胃。用于风痰咳嗽，气逆反胃,"蛇胆汁26g, 陈皮156g",以上二味，陈皮粉碎成细粉，过筛，与蛇胆汁混匀，干燥，研成细粉，加辅料适量，制成颗粒，干燥，压制成 1000 片，即得
蛇胆追风丸,丸剂,舒筋活络，散风化痰。用于筋骨软弱，风湿骨痛，手足麻木,"蛇胆汁47g, 地龙（制）160g, 川芎（酒蒸）208g, 桂枝83g, 白芍208g, 独活104g, 防风208g, 胆南星63g, 当归（酒蒸）208g, 僵蚕208g, 白附子（制）52g, 姜半夏156g, 甘草52g, 荆芥208g, 制草乌104g, 制川乌104g, 化橘红16g",以上十七味，除蛇胆汁外，其余地龙等十六味粉碎成细粉，过筛，加入蛇胆汁混匀；每 100g 粉末加炼蜜 50g 与适量的水泛丸，包衣，打光，干燥，即得
银菊清解片,片剂,辛凉透表，清热解毒。用于外感风热，发热恶寒，头痛咳嗽，咽喉肿痛,"忍冬藤300g, 痰火草300g, 野菊花300g, 岗梅300g, 桑叶200g, 薄荷油0.5ml, 扑尔敏0.7g, 对乙酰氨基酚50g",以上八味，忍冬藤、野菊花、桑叶、痰火草、岗梅加水煎煮二次，每次 2 小时，滤过，合并滤液，浓缩至相对密度 1.20~1.25，加乙醇使含醇量达 80%，搅拌，静置，滤过，滤液回收乙醇，浓缩成稠膏，加入适量辅料，搅匀，减压干燥，粉碎成细粉，加入对乙酰氨基酚、扑尔敏，混匀，制粒，干燥，喷加薄荷油，压制成 1000 片，包糖衣，即得
痔速宁片,片剂,解毒消炎，止血止痛，退肿通便，收缩痔核。用于内痔，外痔，混合痔，肛裂等,"白蔹680g, 槐花330g, 五倍子165g, 黑豆100g, 猪胆膏50g",以上五味，白蔹加水煎煮二次，每次 2 小时；五倍子、槐花分别加水煎煮二次，每次 1.5 小时；上述煎出液滤过，滤液分别浓缩，减压干燥，粉碎成细粉；黑豆加水煎煮二次，滤过，滤液与猪胆膏合并，浓缩，减压干燥，粉碎成细粉；将上述细粉合并，混匀，压制成 1000 片，包糖衣，即得
清胃保安丸,丸剂,消食化滞，和胃止呕。用于小儿停食停乳，肚腹胀满，呕吐，心烦口渴，不思饮食,"白术(麸炒)90g, 六神曲(麸炒)90g, 陈皮90g, 茯苓90g, 砂仁90g, 青皮(醋炙)90g, 厚朴(姜炙)90g, 麦芽(炒)90g, 甘草90g, 槟榔90g, 枳壳(去瓤麸炒)90g, 枳实90g, 白酒曲180g, 山楂(炒)360g",以上十四味，粉碎成细粉，过筛，混匀；每 100g 粉末加炼蜜 120~130g 制成大蜜丸，即得
清肺宁嗽丸,丸剂,清肺、止咳、化痰。用于肺热咳嗽，痰多粘稠,"黄芩288g, 桔梗72g, 天花粉147g, 枳壳(麸炒)72g, 桑白皮(蜜炙)72g, 浙贝母72g, 知母36g, 百部36g, 麦冬36g, 苦杏仁36g, 前胡36g, 甘草9g, 橘红36g",以上十三味，粉碎成细粉，过筛，混匀；每 100g 粉末加炼蜜 140~150g 制成大蜜丸，即得
清热明目茶,茶剂,清热祛风，平肝明目。用于高血压、头眩、头痛、目赤目糊等症,"决明子（炒）270g, 菊花10g, 甜叶菊20g",以上三味，粉碎成粗粉，过筛，混匀，装袋，即得
羚珠散,散剂,退热、镇静、定惊。用于小儿外感发热、神态不安，咳嗽有痰；对风热感冒、乳蛾（扁桃体炎）、风痧、水痘、痄腮等病毒性感染疗效更佳,"羚羊角粉150g, 珍珠粉150g, 牛黄300g, 僵蚕300g, 朱砂150g, 琥珀300g, 胆南星600g, 冰片30g, 石菖蒲油20g",以上九味，除羚羊角粉、珍珠粉、僵蚕、胆南星、石菖蒲油外，朱砂水飞或粉碎成极细粉，其余牛黄等三味分别研成细粉，过筛；胆南星、僵蚕加水煎煮 2 次，每次 1 小时，合并煎液，静置，取上清液浓缩成稠膏，与羚羊角粉、珍珠粉、牛黄、琥珀混匀，干燥，粉碎成细粉，再与冰片、朱砂配研，喷入石菖蒲油，过筛，混匀，即得
维血宁冲剂,颗粒剂,滋补肝肾，凉血清热。用于血小板减少症及血热所致的出血,"虎杖100g, 白芍（炒）62.5g, 仙鹤草125g, 地黄100g, 鸡血藤125g, 熟地黄100g, 墨旱莲37.5g, 太子参50g",以上八味，加水煎煮二次，每次 2 小时，合并煎液，滤过，滤液浓缩成稠膏，放冷，加乙醇两倍量，搅匀，静置，滤取上清液，滤液浓缩至相对密度为 1.34~1.38（70℃），加入糖粉适量，制成颗粒，干燥，约得 487g；或压成块状，干燥，约得 24 块，即得
绿袍散,散剂,清热消肿，化腐解毒。用于唇舌腐烂，咽喉红肿,"青黛150g, 黄柏150g, 山豆根80g, 薄荷80g, 黄连30g, 儿茶（炒）50g, 人中白（煅）50g, 硼砂（炒）50g, 冰片50g",以上九味，除冰片、青黛外，硼砂、儿茶、人中白研细粉，其余黄柏等四味粉碎成细粉；将冰片研细，与上述粉末及青黛配研，过筛，混匀，即得
琼玉膏,膏剂,补虚健脾。用于气阴不足，肺虚干咳，津枯形瘦，劳损失血,"地黄640g, 党参60g, 茯苓120g",以上三味，加水煎煮二次，第一次 4 小时，第二次 3 小时，合并煎液，静置；吸取上清液，滤过，滤液浓缩成稠膏，加入炼蜜 280g，继续浓缩至规定的相对密度，即得
斑秃丸,丸剂,滋补肝肾，益精养血，祛风生发。用于斑秃、全秃、普秃,"地黄74g, 熟地黄74g, 制何首乌74g, 当归49g, 丹参49g, 白芍(炒)49g, 五味子49g, 羌活25g, 木瓜25g",以上九味，粉碎成细粉，过筛，混匀；每 100g 粉末加炼蜜 40~50g 与适量的水泛丸，制成水蜜丸，干燥；或加炼蜜 120~130g 制成大蜜丸，即得
葛蒡合剂,口服液,辛凉透表。用于风热感冒，头痛发热，咳嗽咽痛及麻疹初期或出疹不透,"葛根182g, 牛蒡子182g, 荆芥91g, 薄荷91g, 金银花182g, 连翘182g, 蝉蜕91g",以上七味，荆芥、薄荷蒸馏提取挥发油，蒸馏后的水溶液另器收集；药渣与其余葛根等五味加水煎煮二次，合并煎液，滤过，滤液与上述水溶液合并，浓缩至约 1000ml，加入苯甲酸钠 3g，放冷，加入上述挥发油，加水至 1000ml，搅匀，即得
景天三七糖浆,糖浆剂,止血。用于各种出血病症,景天三七2000g,取景天三七 2000g，加水煎煮二次，第一次 2 小时，第二次 1 小时，合并煎液，滤过，滤液浓缩至相对密度为 1.20 的清膏，加乙醇使含醇量达 60%，静置，取上清液，回收乙醇并浓缩至适量；另取蔗糖 350g，加水煮沸，溶解后滤过，与上述浓缩液合并，煮沸，加入苯甲酸钠适量，并加水稀释至 1000ml，搅匀，即得
跌打风湿药酒,酒剂,活血祛风，化瘀止痛。用于跌打撞伤，积瘀肿痛，手脚麻痹,"三棱(醋制)10g, 乳香16g, 没药16g, 川芎(酒蒸)12g, 当归16g, 莪术10g, 皂角刺12g, 骨碎补12g, 牡丹皮10g, 威灵仙10g, 赤芍16g, 五灵脂10g, 薏苡仁16g, 桂枝16g, 羌活16g, 独活16g, 木瓜12g, 防己14g, 白鲜皮10g, 秦艽10g, 防风10g, 补骨脂10g, 杜仲14g, 巴戟天14g, 天麻(制)12g, 续断14g, 牛膝8g, 半夏(制)14g, 制川乌10g, 香附(四制)14g",以上三十味，除五灵脂、独活、没药、桂枝、乳香外，其余各药混匀，蒸 2 小时，取出，放冷，与五灵脂等五味混合，加 45 度白酒 6400ml 浸渍 45 天，滤过，即得
跌打损伤丸,丸剂,行气活血，舒筋止痛。用于跌打损伤，筋骨疼痛,"大黄(醋制)60g, 刘寄奴80g, 红花60g, 当归60g, 香附60g, 莪术40g, 青皮40g, 枳实40g, 川芎40g, 降香40g, 赤芍40g, 槟榔40g, 自然铜（煅）20g, 延胡索（制）20g, 牛膝60g, 桃仁80g, 苏木40g, 土鳖虫40g, 威灵仙40g, 三棱40g",以上二十味，粉碎成细粉，过筛，混匀；每 100g 粉末加炼蜜 110~130g 制成小蜜丸，干燥，打光，即得
喉疾灵胶囊,胶囊剂,清热，解毒，散肿止痛。用于腮腺炎，扁桃体炎，急性咽炎，慢性咽炎急性发作及一般喉痛,"牛黄16.8g, 板蓝根277g, 诃子231g, 桔梗277g, 猪牙皂46g, 连翘231g, 天花粉462g, 珍珠层粉16.8g, 广东土牛膝277g, 冰片16.8g, 山豆根462g, 了哥王462g",以上十二味，冰片研细，与牛黄及珍珠层粉混匀；诃子肉粉碎成细粉；诃子核与其余八味加水煎煮二次，合并煎液，滤过，浓缩成稠膏，冷后加乙醇二倍量，搅匀，静置过夜，吸取上清液，滤过，滤渣用 75% 乙醇洗涤，滤过，合并滤液，回收乙醇，浓缩成稠膏后，加入诃子粉，混匀，干燥，粉碎，过筛，加入其余粉末，混匀，装入胶囊，即得
喉康散,散剂,清热解毒，消炎止痛。用于各种咽喉疾患，如急性、慢性咽炎，喉炎，扁桃体炎，口腔溃疡等,"冰片37.5g, 珍珠层粉87.5g, 生晒参62.5g, 硼砂（煅）200g, 玄明粉250g, 薄荷脑62.5g, 天花粉250g, 穿心莲叶62.5g, 青黛125g, 甘草62.5g",以上十味，取玄明粉、天花粉、穿心莲叶、甘草、生晒参分别粉碎或研磨成极细粉；冰片、硼砂与青黛及天花粉细粉研磨混匀；其余各粉与珍珠层粉混匀，再与上述混合粉混匀后，加薄荷脑研磨，混匀，过筛，即得
喉痛灵冲剂,颗粒剂,清热，解毒，消炎，利咽喉。用于咽喉炎，急性化脓性扁桃体炎，感冒发热，上呼吸道炎，疔疮等,"水牛角浓缩粉20g, 野菊花150g, 板蓝根300g, 荆芥穗150g",以上四味，除水牛角浓缩粉外，其余板蓝根等三味加水煎煮二次，每次 2 小时，合并煎液，滤过，滤液浓缩至相对密度为 1.10~1.15（热测）的清膏，加乙醇使溶液含醇量达 60%，静置 24 小时，滤过，滤液回收乙醇，浓缩至稠膏状，加入水牛角浓缩粉、糖粉及辅料适量，混匀，制粒，干燥，即得
鹅毛管眼药,散剂,散风热，止痛痒。用于风火眼疾，红肿痛痒，干涩羞明，迎风流泪,"炉甘石(制)160g, 荸荠粉30g, 硼砂(炒)20g, 朱砂20g, 牛黄1g, 冰片7g, 麝香2g, 黄连10g, 蒺藜30g, 赤芍30g, 桑叶30g, 谷精草30g, 密蒙花20g, 白芷20g, 防风20g, 栀子20g, 木贼30g, 地黄30g, 蝉蜕(净)30g, 菊花30g, 龙胆30g, 决明子(碎)40g, 薄荷20g, 桑白皮20g, 黄柏20g, 荆芥20g, 玄明粉30g",以上二十七味，炉甘石、硼砂、荸荠粉、冰片分别研成极细粉，朱砂水飞成极细粉，将麝香、牛黄研细，与上述粉末配研，混匀；其余黄连等二十味加水煎煮二次，每次 2 小时，合并煎液，静置，取上清液，滤过，滤液浓缩至相对密度 1.44 的清膏，与上述粉末混合，揉至极匀，搓成长约 1cm 条状，低温干燥，分装成 1040 支，即得
焦楂化滞丸,丸剂,消食宽中，理气消胀。用于饮食停滞，肠胃不和，气滞不舒，膨闷胀饱,"山楂（炒焦）280g, 牵牛子（炒）120g, 六神曲（麸炒）70g, 麦芽（炒）70g, 莱菔子（炒）70g",以上五味，粉碎成细粉，过筛，混匀；每 100g 粉末加炼蜜 115~125g 制成大蜜丸，即得
舒肝健胃丸,丸剂,疏肝开郁，导滞和中。用于肝胃不和引起的胃脘胀痛，胸胁满闷，呕吐吞酸，腹胀便秘,"厚朴（姜制）300g, 香附（醋制）400g, 白芍（麸炒）500g, 柴胡（醋制）300g, 青皮（醋炒）200g, 香橼300g, 陈皮500g, 檀香300g, 豆蔻300g, 枳壳300g, 鸡内金（炒）500g, 槟榔500g, 延胡索(醋炒)300g, 五灵脂(醋制)300g, 牵牛子（炒）300g",以上十五味，粉碎成细粉，过筛，混匀，用水泛丸，干燥；每 500g 干丸用 90g 滑石粉、9g 桃胶包衣，打光，即得
筋骨疼痛酒,酒剂,祛风除湿，舒筋活血。用于筋骨酸痛，四肢麻木，风湿性关节炎,"当归50g, 木香40g, 玉竹200g, 黄芪75g, 党参75g, 重楼100g, 虎杖96g, 桂枝75g, 枸杞子75g, 秦艽50g, 制川乌40g, 制草乌40g, 续断100g, 肉桂50g, 红花100g",以上十五味，粉碎成粗粉，照流浸膏剂与浸膏剂项下的渗漉法，用白酒 17120g 作溶剂，浸渍 48 小时后进行渗漉，收集漉液，加入砂糖 260g，搅拌溶化；静置二周，滤过，即得
猴菇饮 ,口服液,养胃和中。用于胃、十二指肠溃疡及慢性胃炎,猴头菇200g,取猴头菇 200g，加水煎煮三次，第一次 1.5 小时，第二、三次各 1 小时，合并煎液，滤过，滤液浓缩至 800ml，加入蔗糖 350g，煮沸，搅溶，滤过，加入苯甲酸钠 3g，调整总量至 1000ml，搅匀，即得
湿疹散,散剂,清热解毒，祛风止痒，收湿敛疮。用于急、慢性湿疹，脓疱疮等，对下肢溃疡等皮肤病亦具有一定疗效,"蛇床子300g, 马齿苋300g, 侧柏叶325g, 芙蓉叶325g, 炉甘石(制)150g, 陈小麦粉(炒黄)300g, 珍珠母(煅)150g, 大黄300g, 甘草160g, 黄柏300g, 枯矾150g, 冰片150g, 苦参350g",以上十三味，除陈小麦粉、冰片外，将枯矾、炉甘石、珍珠母分别研成细粉，其余蛇床子等八味粉碎成细粉，过筛，与枯矾、炉甘石、珍珠母细粉混匀，过筛，装入布袋，于 100℃流动蒸汽灭菌 35 分钟，取出后于 105℃干燥，放冷，在无菌条件下将陈小麦粉、冰片细粉加入，混匀，即得
溃疡灵胶囊,胶囊剂,益气、化瘀、止痛。用于胃及十二指肠溃疡,"三七20g, 儿茶20g, 浙贝母100g, 海螵蛸150g, 甘草50g, 延胡索(醋制)50g, 黄芪150g, 白及30g, 百合50g",以上九味，三七、儿茶、浙贝母、海螵蛸粉碎成细粉，过筛；黄芪等五味加水煎煮二次，第一次 3 小时，第二次 2 小时，合并煎液，滤过，滤液浓缩成膏；将上述粉末与浓缩膏混合均匀，干燥，粉碎，过筛，制成颗粒，干燥，装胶囊，即得
寒喘膏药,膏剂,温经逐寒，定喘止咳。用于慢性气管炎，哮喘因受寒而发作，气喘咳嗽,"川乌30g, 草乌30g, 连翘40g, 白蔹40g, 赤芍40g, 当归30g, 大皂角25g, 白芷40g, 乌药30g, 茯苓30g, 白及30g, 马钱子40g, 桃枝25g, 槐枝25g, 柳枝25g, 桑枝25g, 肉桂40g, 乳香(制)20g, 没药(制)20g",以上十九味，肉桂、乳香、没药粉碎成细粉，过筛；其余赤芍等十六味，酌予碎断，与食用植物油 2400g 同置锅内，密闭加热至 300℃，保温 3~4 小时，去渣，滤过，加入红丹适量（为炼油的 38~42%），收膏，加入上述粉末，搅匀，涂膏，即得
强肝丸,丸剂,补脾养血，益气解郁，利湿清热。用于气血不足的肝郁，脾虚肾虚型慢性肝炎,"当归60g, 白芍60g, 丹参150g, 郁金60g, 黄芪150g, 党参60g, 泽泻60g, 黄精60g, 地黄45g, 山药60g, 山楂（去核，炒）75g, 神曲90g, 茵陈60g, 板蓝根45g, 秦艽30g, 甘草30g",以上十六味，粉碎成细粉，过筛，混匀；每 100g 粉末加炼蜜 150~160g 制成大蜜丸，即得
疏风活络丸,丸剂,疏风活络，散寒祛湿。用于风寒湿痹，四肢麻木，关节、腰背酸痛,"制马钱子375g, 麻黄625g, 虎杖313g, 菝葜313g, 桂枝313g, 木瓜313g, 甘草188g, 防风188g, 秦艽188g, 桑寄生188g",以上十味，粉碎成细粉，过筛，混匀；每 100g 粉末加炼蜜 135~145g 制成大蜜丸，即得
愈裂贴膏,膏剂,软化角质层，止痛，促进手、足裂口愈合。用于手、足皲裂,"白及100g, 尿囊素4g",以上二味，取白及，加水煎煮制成稠膏；另取橡胶，用汽油浸泡使溶胀，加入松香、氧化锌等搅拌成基质，再加入上述稠膏、尿囊素及红丹适量，拌匀，制成 1000 料，进行涂膏，切段，盖衬，切成小块，即得
腰痛片,片剂,强腰补肾，活血止痛。用于肾虚腰痛，腰肌劳损,"杜仲叶(盐炒)108g, 补骨脂(盐炒)81g, 续断81g, 当归108g, 白术(炒)81g, 牛膝81g, 肉桂27g, 乳香(制)27g, 狗脊(制)81g, 赤芍43g, 泽泻54g, 土鳖虫(酒炒)43g",以上十二味，先取泽泻、赤芍、肉桂与当归 43g、续断 27g，粉碎成细粉，过筛，混匀；剩余的当归 65g 粉碎成粗粉，照流浸膏剂与浸膏剂项下的渗漉法，用 60% 乙醇 5~6 倍量渗漉；乳香敲碎后，用 90% 乙醇 5~6 倍量渗漉，分别制成浸膏，混匀；再取剩余的续断与杜仲叶等七味加水煎煮二次，每次 2 小时，合并煎液，滤过，滤液浓缩成浸膏；将上述粉末与浸膏拌匀，制成颗粒，压制成 1000 片，包糖衣，即得
解表追风丸,丸剂,祛风解表，健胃和中。用于体虚有风，头晕头痛，不思饮食，胸腹满闷，产妇风气,"香附(制)40g, 细辛10g, 乌药40g, 荜茇10g, 广藿香40g, 冰片10g, 柴胡40g, 雄黄10g, 荆芥40g, 砂仁16g, 薄荷40g, 丁香16g, 陈皮(制)40g, 豆蔻8g, 独活20g, 甘草8g, 川芎(制)20g, 天花粉8g, 朱砂20g, 紫苏叶30g, 天麻20g, 白芷60g, 檀香48g, 半夏(制)24g, 防风50g",以上二十一味，除冰片、朱砂、雄黄外，其余香附等十八味粉碎成细粉，过筛；将朱砂和雄黄分别水飞或粉碎成极细粉，冰片研细，加入朱砂、雄黄粉末，与上述细粉配研，过筛，混匀；每 100g 粉末加炼蜜 30~50g 与适量的水泛丸，干燥；或加炼蜜 110~130g 制成大蜜丸，即得
痰咳清片,片剂,清肺化痰，止咳平喘。用于痰热咳嗽，急慢性气管炎、哮喘,"暴马子皮1686g, 满山红506g, 黄芩506g, 盐酸麻黄碱2.36g, 氯化铵50.56g",以上五味，将满山红蒸馏 1~5 小时，收集蒸馏液 1700ml，分取上层挥发油，蒸馏液加氯化钠至饱和，收集析出的挥发油，与上述挥发油合并；暴马子皮酌予碎断，与上述药渣加水煎煮二次，第一次 3 小时，第二次 2 小时，合并煎液，滤过，滤液浓缩成膏，加乙醇二倍量，充分搅拌，静置 24 小时，取上清液，回收乙醇，浓缩成膏；黄芩加水煎煮二次，第一次 3 小时，第二次 2 小时，合并煎液，滤过，滤液加盐酸调 pH1~2，加热至 80℃，保温 30 分钟，放冷，滤过，沉淀物用水洗至中性，干燥；将上述浓缩膏、黄芩提取物混合，干燥，粉碎，过筛，加盐酸麻黄碱、氯化铵及辅料适量，混匀，制成颗粒，干燥，加入满山红挥发油，混匀，压制成 1000 片，包糖衣，即得
新生化冲剂,颗粒剂,活血、祛瘀、止痛。用于产后恶露不行，少腹疼痛，也可试用于上节育环后引起的阴道流血，月经过多,"当归240g, 川芎90g, 桃仁24g, 甘草(炙)15g, 干姜(炭)15g, 益母草300g, 红花15g",以上七味，粉碎成粗粉提取挥发油；蒸馏后的水溶液另器收集；药渣再加水煎煮二次，第一次 2 小时，第二次 1.5 小时，合并煎液，滤过，滤液与上述溶液合并，浓缩成稠膏，加入红糖适量，混匀，制成颗粒，于 60℃烘干，粉碎，用乙醇制成颗粒，喷入挥发油，即得
新复方大青叶片,片剂,清瘟，消炎，解热。用于伤风感冒，发热头痛，鼻流清涕，骨节酸痛,"复方大青叶提取物200g, 扑热息痛75g, 咖啡因7.5g, 异戊巴比妥7.5g, 维生素C10g",将以上五味药物混匀，加淀粉适量，制成颗粒，压制成 1000 片，包糖衣，即得
辟瘟片,片剂,辟秽解毒。用于感寒触秽，腹痛吐泻，头晕胸闷,"麝香45g, 冰片30g, 丁香60g, 沉香45g, 硼砂（炒）96g, 檀香45g, 降香45g, 麻黄96g, 细辛30g, 天麻96g, 雄黄96g, 山慈姑90g, 大戟90g, 五倍子（去毛漂）90g, 肉桂30g, 大黄120g, 千金子霜90g, 苍术96g, 鬼箭羽90g, 苏合香油45g, 朱砂180g, 雌黄96g",以上二十二味，除苏合香油、麝香、冰片外，朱砂、雄黄、雌黄分别水飞或粉碎成极细粉；其余丁香等十六味粉碎成细粉；将麝香、冰片研细，与上述粉末配研，过筛，混匀，用糯米粉 188g 打浆，趁微热时加入苏合香油，再与药粉混合，充分搅匀，制成颗粒，低温干燥，拌加 2% 滑石粉，压制成约 5700 片，即得
酸枣仁糖浆,糖浆剂,清热泻火，养血安神。用于虚烦不眠，心悸不宁，头目眩晕,"酸枣仁300g, 知母120g, 茯苓180g, 川芎120g, 甘草60g",以上五味，川芎提取挥发油；药渣与其余酸枣仁等四味加水煎煮三次，合并煎液，滤过，滤液浓缩至适量，静置，滤过，再浓缩至约 400ml；另取蔗糖 400g，加水煮沸，滤过，滤液与浓缩液合并，混匀，浓缩至约 1000ml，加入防腐剂适量，放冷，加入挥发油及水，调整总量至 1000ml，搅匀，即得
精制猴枣散,散剂,清热，化痰，镇惊。用于小儿惊风，痰涎壅盛，气喘痰鸣，烦躁不宁,"猴枣400g, 天竺黄300g, 川贝母200g, 沉香100g, 羚羊角100g, 硼砂（煅）100g, 麝香40g, 青礞石（煅）100g",以上八味，除麝香、猴枣外，羚羊角锉研成细粉；青礞石分别水飞或粉碎成最细粉；其余川贝母等三味粉碎成细粉；将麝香、猴枣分别研成细粉，与上述各粉末配研，过筛，混匀，即得
滴通鼻炎水,酊剂,祛风清热，宣肺通窍。用于伤风鼻塞，鼻窒（慢性鼻炎），鼻鼽（过敏性鼻炎），鼻渊（鼻窦炎）等病,"蒲公英120g, 细辛5g, 黄芩60g, 麻黄50g, 苍耳子50g, 石菖蒲60g, 白芷25g, 辛夷25g",以上八味，白芷、苍耳子、细辛、石菖蒲、辛夷、麻黄用水蒸气蒸馏，收集馏出液约 200ml 备用；药渣与蒲公英、黄芩加水煎煮二次，每次 1.5 小时，合并煎液，滤过，滤液浓缩至稠膏状，加乙醇四倍量，搅匀，静置过夜；取上清液回收乙醇，加入白芷等蒸馏液、吐温 80、甘油、对羟基苯甲酸乙酯（先用少量乙醇溶解）适量，调 pH6~7，加水至 1000ml，滤过，分装，即得
翠莲解毒片,片剂,清热解毒，表散风热。用于风热感冒，高热，头痛，咽喉肿痛及咳嗽等症,"翠云草1140g, 穿心莲380g, 山芝麻570g, 岗梅570g, 五指柑285g, 薄荷190g",以上六味，取穿心莲叶粉碎成细粉，过筛；薄荷提取挥发油后，与其余穿心莲及各药加水煎煮二次，滤过，合并滤液，浓缩成稠膏，与上述穿心莲粉末混匀，加辅料适量混匀，制成颗粒，干燥，放冷，喷加薄荷油，混匀，压制成 1000 片，包糖衣，即得
蕲蛇药酒,酒剂,活血通络，祛风除湿。用于关节疼痛，四肢麻木,"蕲蛇（去头）120g, 防风30g, 当归60g, 红花90g, 羌活60g, 秦艽60g, 香加皮60g",以上七味，蕲蛇粉碎成粗粉，其余防风等六味共粉碎成粗粉，与上述粗粉混匀，照流浸膏剂与浸膏剂项下的渗漉法，用白酒作溶剂，浸渍 48 小时后，以每分钟 1~3ml 的速度缓缓渗漉，收集漉液，加入蔗糖 1000g 搅拌溶解后，滤过，制成 10000ml，即得
镇心降压片,片剂,降压。用于高血压,"梧桐叶浸膏120g, 山楂稠膏50g, 僵蚕30g, 珍珠3g",以上四味，珍珠水飞或粉碎成极细粉；僵蚕、梧桐叶浸膏粉碎成细粉；将上述粉末混匀，加入山楂稠膏，拌匀，烘干，制成颗粒，加 1% 硬脂酸镁适量，拌匀，压制成片，包糖衣，即得
鹤蟾片,片剂,解毒除痰，凉血祛瘀，消症散结。用于原发性支气管肺癌，肺部转移癌，能够改善患者的主观症状体征，提高患者体质,"仙鹤草450g, 干蟾皮150g, 猫爪草340g, 浙贝母230g, 生半夏230g, 鱼腥草450g, 天冬230g, 人参30g, 葶苈子180g",以上九味，人参粉碎成细粉，过筛；干蟾皮用乙醇加热提取二次，滤过，合并乙醇提取液，浓缩成稠膏；鱼腥草蒸馏提取挥发油，并滤取蒸馏液；其余天冬等六味加水煎煮二次，合并煎液，滤过，加入鱼腥草蒸馏液浓缩成稠膏，与人参粉、干蟾皮稠膏混合，制成颗粒，喷加鱼腥草油，压制成 1000 片，包糖衣，即得
鹭鸶咯丸,丸剂,宣肺，化痰，止咳。用于痰浊阻肺引起的阵阵咳嗽，痰鸣气促，咽干声哑，百日咳症,"麻黄12g, 苦杏仁60g, 石膏60g, 甘草12g, 细辛6g, 紫苏子(炒)60g, 白芥子(炒)12g, 牛蒡子(炒)30g, 瓜蒌皮60g, 射干30g, 青黛30g, 蛤壳60g, 天花粉60g, 栀子(姜炙)60g, 牛黄5g",以上十五味，除牛黄外，其余麻黄等十四味粉碎成细粉；将牛黄研细，与上述粉末配研，过筛，混匀；每 100g 粉末加炼蜜 90~100g 制成大蜜丸，即得
蟾酥镇痛膏,膏剂,消肿散结，消肿止痛。适用于各种肿块的止痛消散，也用于肌肉劳损、骨刺、关节炎等引起的疼痛,"蟾酥100g, 生马钱子50g, 生天南星100g, 生川乌100g, 雄黄30g, 白芷100g, 姜黄100g, 半边莲150g, 樟脑20g, 冰片30g, 薄荷脑20g, 二甲苯麝香6g, 盐酸苯海拉明8g, 二甲基亚砜10g",以上十四味，雄黄粉碎成细粉；薄荷脑、樟脑、冰片、二甲苯麝香、盐酸苯海拉明、二甲基亚砜等六味研细粉；蟾酥分别用 90%、80% 乙醇液提取，合并提取液，制成相对密度约为 1.20（60℃）的流浸膏；其余生马钱子等六味粉碎成粗粉，用 90% 乙醇制成相对密度约为 1.05 的流浸膏，与蟾酥流浸膏合并，加入上述粉末，混匀；另加 3.1~3.6 倍重量由橡胶、松香等制成的基质，制成涂料，进行涂膏，切段，盖衬，切成小块，即得
麝香关节止痛膏,膏剂,祛风胜湿，活血止痛。用于风湿性关节炎及风寒湿引起的其它疼痛,"麝香5g, 樟脑2000g, 辣椒流浸膏1500g, 颠茄流浸膏600g, 水杨酸甲酯800g, 盐酸苯海拉明130g",以上六味，取麝香、冰片研成细粉，与辣椒流浸膏等四味混匀；另取橡胶 6.8kg 轧成薄片，浸入适量汽油中，放入搅拌机中搅拌均匀后，分次加入氧化锌 7.6kg、凡士林 2.4kg、松香 8.4kg、羊毛脂 0.8kg，搅拌均匀制成基质，再加入上述麝香等各药，制成涂料，进行涂膏，切段，盖衬，切成片，即得
麝香风湿胶囊,胶囊剂,祛风除湿，活络镇痛。用于风寒湿痹，关节疼痛，手足拘挛,"制川乌15g, 全蝎10g, 地龙（酒洗）25g, 黑豆（炒）25g, 蜂房（酒洗）30g, 麝香0.5g, 乌梢蛇（去头酒浸）200g",以上七味，除麝香外，其余六味粉碎成细粉；麝香研细，与上述粉末配研，过筛，混匀，装入胶囊，即得
麝香接骨胶囊,胶囊剂,散瘀止痛，续筋接骨。用于跌打损伤，筋伤骨折，瘀血凝结，闪腰岔气,"赤芍100g, 麻黄（蜜制）70g, 牛膝135g, 当归135g, 没药（炒）70g, 黄瓜子120g, 血竭35g, 朱砂35g, 土鳖虫200g, 续断135g, 红花135g, 川芎100g, 儿茶70g, 硼砂70g, 马钱子（炙）10g, 三七35g, 骨碎补（烫）70g, 桂枝100g, 苏木100g, 乳香（炙）70g, 自然铜（煅）70g, 麝香0.5g",以上二十二味，将朱砂水飞或粉碎成极细粉；血竭、三七和麝香分别粉碎成细粉；当归、川芎、儿茶、自然铜、黄瓜子、马钱子、硼砂粉碎成细粉；赤芍、土鳖虫、骨碎补、麻黄、续断、桂枝、牛膝、红花、苏木加水煎煮二次，第一次 3 小时，第二次 2 小时，合并煎液，滤过，滤液浓缩成膏；加入当归等合研药粉，干燥，粉碎，再加入乳香、没药混合，粉碎成细粉，加入血竭、三七、麝香、朱砂粉末，混匀，装入胶囊，制成 3000 粒，即得
十全大补片,片剂,温补气血。用于气血两虚，面色苍白，气短心悸，头晕自汗，体倦乏力，四肢不温，月经量多。,党参 80g、白术（炒）80g、茯苓 80g、当归 120g、甘草（蜜炙）40g、川芎 40g、肉桂 20g、白芍（酒炒）80g、熟地黄 120g、黄芪（蜜炙）80g,以上十味，党参、熟地黄、黄芪、甘草、茯苓加水煎煮二次，第一次 2 小时，第二次 1.5 小时，合并煎液，滤过，滤液浓缩至稠膏状；当归、川芎、白术照流浸膏剂与浸膏剂项下的渗漉法（附录 17 页），用 60% 乙醇作溶剂，浸渍 24 小时后进行渗漉，收集滤液，回收乙醇，并浓缩至稠膏状；肉桂提取挥发油至尽。取白芍粉碎成细粉，与上述稠膏混匀，制成颗粒，干燥。喷加肉桂油，混匀，压片，包糖衣，即得
十灵油,颗粒剂,驱风、局部刺激药。用于伤风，鼻塞，局部冻伤。,冬绿油 10g、樟脑 300g、薄荷油 10g、玫瑰油 25g、桉油 5g、茴香油 650g,将各种油混合均匀，再将樟脑溶解制成 1000g，即得
七味新消丸,丸剂,清热解毒，消肿止痛。用于急性乳腺炎，丹毒，急性淋巴结炎及各部位的痈等症。,麝香 3.3g、蟾酥 3.3g、丁香 200g、乳香（制）666.7g、没药（制）666.7g、雄黄 100g,以上七味，分别粉碎成细粉，混匀。每 100g 粉末加淀粉 15g，充分搅匀，用白酒泛丸，低温干燥，即得
八宝拨云散,散剂,清热散瘀，消云退翳。用于胬肉攀睛，云翳湿痒。,冰片 50g、麝香 5g、珍珠 1.5g、熊胆 5g、牛黄 1.5g、海螵蛸 15g、朱砂 25g、荜茇 10g、硼砂 100g、硇砂 25g、炉甘石（制）50g,以上十二味，冰片、麝香、牛黄、熊胆、炉甘石、朱砂分别研成极细粉；其余珍珠等六味共粉碎成极细粉，与上述各粉末混匀，过筛，即得
八宝眼药,洗剂,消肿止痛，明目退翳。用于目赤肿痛，眼缘溃烂，畏光怕风，眼角涩痒。,珍珠 9g、麝香 9g、海螵蛸（去壳）60g、硼砂（炒）10g、冰片 20g、炉甘石（三黄汤飞）200g,以上九味，珍珠、朱砂分别水飞或粉碎成极细粉，海螵蛸、硼砂粉碎成极细粉；将麝香、冰片、熊胆研细，与上述粉末及地栗粉、炉甘石粉末配研，过九号筛，混匀，即得
八珍益母片,片剂,补虚益气，养血调经。用于妇女气血两亏，体虚乏力，月经不调。,益母草 245g、党参 61g、熟地黄 123g、当归 123g、白芍 61g、茯苓 61g、白术（炒）61g、川芎 61g、甘草 31g,以上九味，白芍、川芎、茯苓粉碎成粗粉，其余益母草等六味加水煎煮二次，第一次 8 小时，第二次 2 小时，合并煎液，滤过，滤液浓缩成稠膏，与上述粗粉混匀，干燥，粉碎成细粉，加辅料适量，混匀，用 70% 乙醇制粒，干燥，压制成 1000 片，包糖衣，即得
人参养荣膏,膏剂,温补气血。用于心脾不足，气血两亏，形瘦神疲，食少便溏，病后虚弱。,人参 100g、白术（土炒）100g、茯苓 75g、甘草（蜜炙）100g、当归 100g、熟地黄 75g、白芍（麸炒）100g、黄芪（蜜炙）100g、陈皮 100g、远志（炒）50g、肉桂 100g、五味子（酒蒸）75g、大枣 100g、生姜 50g,以上十四味，加水煎煮三次，第一、二次各 2 小时，第三次 1 小时，合并煎液，滤过，滤液静置 24 小时，取上清液，减压浓缩至相对密度为 1.28~1.32 (85~90℃) 的清膏，每 100g 清膏加炼蜜 700g，混匀，加热至沸，滤过，即得
人参首乌胶囊,胶囊剂,补肝肾，益气血。用于气血虚弱，须发早白，神经衰弱，健忘失眠，食欲不振，疲劳过度等。,红参 400g、制何首乌 600g,以上二味，粉碎成粗粉，照流浸膏剂与浸膏剂项下的渗漉法（附录 17 页），用 30% 乙醇作溶剂，浸渍 24 小时后，以每分钟 3~5ml 的速度缓缓渗漉至漉液无色，收集漉液，静置 24 小时，滤取上清液，浓缩成稠膏，干燥，粉碎，加辅料适量，混匀，装入胶囊，制成 1000 粒，即得
三甲散,散剂,软坚化积。用于食积，乳积，痞块。,龟甲（砂烫、醋淬）400g、鳖甲（砂烫、醋淬）400g、穿山甲（砂烫）100g、鸡内金（砂烫）400g,以上四味，粉碎成细粉，过筛，混匀，即得
大风丸,丸剂,舒筋活血，补虚祛风。用于腰腿疼痛，四肢麻木，半身不遂，筋骨酸困。,木耳（酒炙）190g、当归（酒炙）30g、牛膝 30g、木瓜 90g、白芍 60g、桔梗 30g、杜仲（炒炭）30g、苍术（米泔水炙）80g、独活 90g,以上九味，粉碎成细粉，过筛，混匀，用米醋泛丸，低温干燥，即得
大补药酒,酒剂,益气补血。用于气血两亏，倦怠，乏力。,党参 30g、杜仲（盐水炒）30g、黄芪（炙）30g、白芍（炒）24g、山药 30g、甘草（炙）12g、白术（炒）30g、川芎 12g、当归 30g、黄精（制）84g、茯苓 30g、玉竹（制）84g,以上十二味，粉碎成粗粉，照流浸膏剂与浸膏剂项下的渗漉法（附录 17 页），用白酒作溶剂，浸渍 48 小时后，再以每分钟 3~10ml 的速度缓缓渗漉，收集漉液及压榨渣得到的压出液，加入蔗糖 1000g，搅拌使溶解，静置，滤过，制成 10000ml，即得
大活络丸,丸剂,祛风止痛，除湿豁痰，舒筋活络。用于中风痰厥引起的瘫痪，足萎痹痛，筋脉拘急，腰腿疼痛及跌打损伤，行走不便，胸痹等症。,蕲蛇 40g、两头尖 40g、甘草 40g、广藿香 40g、熟地黄 40g、沉香 40g、没药（制）20g、僵蚕（炒）20g、骨碎补（烫、去毛）20g、黄芩 40g、白术（麸炒）40g、葛根 40g、血竭 20g、麝香 3g、冰片 3g、天麻 40g、麻黄 40g、乌梢蛇 40g、羌活 40g、乌药 40g、大黄 40g、细辛 20g、丁香 20g、天南星（制）20g、豆蔻 20g、香附（醋制）20g、防风 50g、虎骨（油酥）30g、地龙 10g、松香 10g、红参 60g、全蝎 40g,以上四十八味，除麝香、牛黄、冰片外，犀角锉研成细粉，其余蕲蛇等四十四味粉碎成细粉；将麝香、牛黄、冰片研细，与上述药粉配研，过筛，混匀。每 100g 粉末加炼蜜 145~155g 制成大蜜丸，即得
万灵片,片剂,温散寒凝，活血通络，解毒消肿。用于痈疽初起，发背流注以及风湿疼痛。,茅苍术（炒）800g、制川乌 100g、当归 100g、何首乌 100g、麻黄 100g、制草乌 100g、甘草（蜜炙）100g、全蝎 100g、羌活 100g、川芎 100g、天麻 100g、石斛 100g、防风 100g、荆芥 100g、细辛 100g、雄黄 60g、朱砂 60g,以上十七味，荆芥提取挥发油；当归、麻黄、川芎、细辛、羌活五味混合，粉碎成细粉，过筛，雄黄、朱砂分别水飞或粉碎成极细粉，过筛，混匀；其余茅苍术等九味及提取挥发油后的荆芥加水煎煮 2 次，每次 2 小时，合并煎液，滤过，滤液浓缩成清膏，与上述粉末混匀，制成颗粒，干燥，加入荆芥挥发油，加辅料适量，压制成 2253 片，即得
川贝银耳糖浆,糖浆剂,养阴清肺，生津止咳。用于肺虚久咳，痰中带血，津伤烦渴。,川贝母 30g、银耳 10g、雪梨清膏 250g,以上三味，取川贝母粉碎成粗粉，照流浸膏剂与浸膏剂项下的渗漉法（附录 17 页），用 70% 乙醇作溶剂，浸渍 18 小时后，缓缓渗漉，俟可溶性成分完全流出，收集漉液，回收乙醇；银耳加水煎煮二次，第一次 3 小时，第二次 2 小时，合并煎液，滤过，滤液浓缩至适量，加入上述漉液及雪梨清膏，混匀，加入蔗糖 800g 及防腐剂适量，煮沸溶解，滤过，加水至 1000ml，搅匀，即得
小儿止泻片,片剂,健脾利水，涩肠止泻。用于脾胃虚弱，腹泻，腹痛。,山药（炒）250g、白术（炒）200g、枣树皮 150g、罂粟壳 100g、车前子（盐炒）150g、白矾 150g,以上六味，山药、白术、车前子、白矾四味粉碎成细粉，其余枣树皮、罂粟壳加水煎煮二次，第一次 2 小时，第二次 1.5 小时，合并煎液，滤过，滤液浓缩成稠膏状，加入上述细粉及辅料适量，混匀，制成颗粒，干燥，压片，即得
小儿止泻安冲剂,颗粒剂,健脾和胃，利湿止泻。用于小儿消化不良腹泻，脾虚腹泻。,赤石脂（煅）60g、肉豆蔻（煨）50g、伏龙肝 60g、茯苓 100g、陈皮 60g、木香（煨）30g、砂仁 30g,以上七味，取砂仁、肉豆蔻提取挥发油，蒸馏后的水溶液另器收集；其余赤石脂等五味，加水煎煮二次，第一次 3 小时，第二次 1 小时，合并煎液，滤过。滤液与上述水溶液合并，浓缩至相对密度为 1.10 (50℃测) 的清膏，加乙醇 1.5 倍搅拌，静置，取上清液，回收乙醇，浓缩至相对密度为 1.30 (50℃测) 的清膏。取清膏 1 份，蔗糖 4 份，糊精 1 份，制成颗粒，干燥，加入上述砂仁等挥发油，混匀，即得
小儿化食丸,丸剂,消食化滞，泻火通便。用于小儿胃热停食引起的肚腹胀满，恶心呕吐，烦躁口渴，大便干燥。,山楂（炒焦）30g、六神曲（炒焦）30g、麦芽（炒）30g、槟榔（炒焦）30g、三棱（麸炒）15g、大黄 30g、莪术（醋制）15g、牵牛子（炒）60g,以上八味，粉碎成细粉，过筛，混匀。每 100g 粉末加炼蜜 130~140g 制成大蜜丸，即得
小儿百乐片,片剂,清热散风，健胃消食。用于感冒伤风，发烧头痛，咽喉红肿，呕吐咳嗽，急热惊风，停食停乳，消化不良。,麦冬 12.5g、钩藤 12.5g、僵蚕 10g、金银花 10g、天花粉 10g、玄参 10g、大黄 10g、连翘 10g、川贝母 7.5g、桔梗 7.5g、橘红 7.5g、陈皮 7.5g、薄荷脑 0.0375g、荆芥油 0.0375ml、天竺黄 7.5g、甘草 7.5g、牛蒡子 7.5g、六神曲（焦）6.75g、麦芽（焦）6.75g、山楂（焦）6.75g、柴胡 5g、水牛角浓缩粉 2.5g、雄黄 2.5g、朱砂 2.5g、冰片 2.5g、羚羊角 0.75g、牛黄 0.75g,以上二十七味，雄黄、朱砂分别水飞或粉碎成极细粉，羚羊角锉研成极细粉，牛黄、冰片分别研细；桔梗、川贝母、天竺黄、天花粉、大黄共粉碎成细粉；陈皮提取挥发油，与薄荷脑、荆芥油，用乙醇适量溶解；陈皮药渣加水煎煮 1 小时，煎液静置，吸取上清液；玄参、麦冬、钩藤、连翘、甘草加水煎煮二次，每次 2 小时，合并煎液，静置，吸取上清液；麦芽、六神曲、山楂、柴胡、金银花加水煮沸后，温浸二次，每次 2 小时，合并浸液，静置，吸取上清液与上述陈皮水煎液，与玄参等水煎液合并，浓缩至相对密度为 1.10 (95℃) 的清膏。橘红、牛蒡子加 60% 乙醇适量，加热回流提取二次，每次 4 小时，合并提取液，静置，吸取上清液；僵蚕加 25% 乙醇适量，加热回流提取二次，第一次 3 小时，第二次 2 小时，合并提取液，静置，吸取上清液与上述橘红等提取液合并，回收乙醇，并浓缩至相对密度为 1.20 (95℃) 的清膏，与上述水煎浓缩清膏合并，加入雄黄、朱砂和桔梗等五味的混合细粉及辅料适量，制成颗粒，干燥，放冷，加入羚羊角、牛黄、冰片、水牛角浓缩粉及薄荷脑等三味的乙醇溶液，混匀，压制成 1000 片，即得
小儿退热口服液,口服液,疏风解表，解毒利咽。用于小儿风热感冒，发热恶风，头痛目赤，咽喉肿痛，痄腮，喉痹。,大青叶 150g、板蓝根 90g、连翘 90g、栀子 90g、黄芩 90g、淡竹叶 60g、重楼 45g、柴胡 90g、牡丹皮 60g、赤芍 60g、金银花 90g、蝉蜕 60g,以上十二味，将牡丹皮、柴胡、连翘用水蒸汽蒸馏，收集蒸馏液，药渣与其余大青叶等九味加水煎煮二次，每次 1 小时，合并煎液，滤过，滤液浓缩至适量，加乙醇使含醇量为 70%，静置。取上清液回收乙醇，浓缩至约 200ml，加水搅匀，静置，取上清液，滤过，滤液浓缩至适量。另取蔗糖 400g 制成糖浆，与上述药液及蒸馏液合并，再加入矫味剂及防腐剂适量，调整总量至 1000ml，搅匀，滤过，灌装，灭菌，即得
小儿健脾止泻丸,丸剂,温中，健脾，止泻。用于小儿脾胃受寒，水泻不止。,党参 150g、白术（土炒）150g、茯苓 150g、甘草 30g、丁香 30g、砂仁 30g、肉豆蔻（煨）30g、山药 30g、豆蔻 9g,以上九味，粉碎成细粉，过筛，混匀。每 100g 粉末加炼蜜 115~125g 制成大蜜丸，即得
小儿康冲剂,颗粒剂,健脾开胃，消食导滞，驱虫止痛，安神定惊。用于食滞虫痢，烦躁不安，精神疲倦，脘腹胀满，面色萎黄。,太子参 332g、葫芦茶 332g、山楂 332g、乌梅 100g、槟榔 100g、白芍 170g、麦芽 170g、榧子 170g、使君子 170g、陈皮 33g、茯苓 100g、白术 100g,以上十二味，麦芽、榧子、槟榔加水浸泡 2 小时。其余太子参等九味加水煎煮 2 小时，滤过，药渣加水，并加入上述麦芽等药材及浸泡液煎煮 2 小时，滤过，合并滤液，浓缩至原体积的 1/4，放冷，加入等量的乙醇充分搅拌均匀，放置过夜，滤过，滤渣加 50% 乙醇充分搅拌，滤过，合并两次滤液，回收乙醇并浓缩至稠膏状。取清膏 1 份，加蔗糖粉 4.5 份及乙醇适量，制成颗粒，干燥，制成 1000g，即得
小儿清咽冲剂,颗粒剂,清热解表，解毒利咽。用于小儿外感风热引起的发热头痛，咳嗽音哑，咽喉肿痛。,玄参 100g、蒲公英 100g、牛蒡子（炒）60g、薄荷 30g、蝉蜕 30g、板蓝根 100g、连翘 100g、牡丹皮 30g、青黛 150g,以上九味，薄荷提取挥发油，蒸馏后的水溶液另器收集，其余玄参等八味（青黛包煎）加水煎煮二次，每次 1 小时，合并煎液，滤过，滤液与上述药液合并，浓缩至相对密度为 1.25~1.30 (50℃) 的清膏。取清膏 1 份，蔗糖 3.5 份，糊精 0.5 份，制成颗粒，干燥，加入上述薄荷挥发油，混匀，即得
小儿清热止咳丸,丸剂,清热，化痰，定喘。用于肺热咳嗽，痰多气喘。,麻黄 90g、苦杏仁（炒）75g、石膏 180g、甘草 45g、紫苏子（炒）90g、葶苈子 90g、莱菔子（炒）45g、白前 75g、胆南星（制）75g、黄芩（酒炙）45g、大枣 150g,以上十一味，粉碎成细粉，过筛，混匀。每 100g 粉末加炼蜜 60~70g，制成大蜜丸，即得
小儿清热片,片剂,清热解毒，祛风镇惊。用于小儿风热，烦躁抽搐，发热口疮，小便短赤，大便不利。,黄柏 117.6g、灯心草 23.5g、栀子 117.6g、钩藤 47g、雄黄 47g、黄连 70.6g、朱砂 23.5g、龙胆 47g、黄芩 117.6g、大黄 47g、薄荷油 0.47g,以上十一味，除薄荷油外，朱砂、雄黄分别水飞或粉碎成极细粉，黄连、大黄粉碎成细粉；黄柏、龙胆用 70% 乙醇渗漉，收集漉液，回收乙醇，浓缩成稠膏，其余灯心草等四味加水煎煮二次，每次 2 小时，合并煎液，滤过，滤液浓缩成稠膏。将两种稠膏与粉末混匀，干燥，粉碎，制成颗粒，干燥，将溶于适量乙醇中的薄荷油喷匀于颗粒上，压制成 1000 片，包糖衣，即得
小儿腹泻散,散剂,温中固肠，健脾止泻。用于小儿久泻不止，面色晄白，食欲不振，神倦乏力。,广藿香 100g、肉豆蔻（煨）60g、丁香 10g、赤石脂（煅）100g、地榆 100g、代赭石 100g、石榴皮 100g、寒水石 100g,以上八味，粉碎成细粉，过筛，混匀，即得
小活络丸,丸剂,祛风除湿，活络通痹。用于风寒湿痹，肢体疼痛，麻木拘挛。,制川乌 300g、地龙 300g、制草乌 300g、乳香（炒）110g、胆南星（制）300g、没药（炒）110g,以上六味，将制川乌、制草乌、地龙等三味混合，粉碎成粗粉，加水煎煮二次，第一次 3 小时，第二次 2 小时，合并煎液，滤过，滤液减压浓缩成相对密度为 1.25~1.80 (20℃) 的稠膏；其余胆南星等三味粉碎成细粉，过筛，与上述稠膏混匀，制丸，干燥，上墨灰衣，即得
马应龙八宝眼膏,膏剂,退赤，去翳。用于眼睛红肿痛痒，流泪，砂眼，眼睑红烂等。,炉甘石 32.7g、琥珀 0.15g、麝香 0.38g、牛黄 0.38g、珍珠 0.38g、冰片 14.8g、硼砂 1.2g、硇砂 0.05g,以上八味，炉甘石、琥珀、珍珠、硼砂、硇砂分别粉碎成极细粉；麝香、牛黄、冰片分别研细，与上述粉末配研，过筛，加入到经灭菌、滤过后放冷的液体石蜡 20g 中，搅匀，再加入到已干热灭菌、滤过并冷至约 50℃的凡士林 890g 和羊毛脂 40g 中，搅匀至凝固，即得
开胸理气丸,丸剂,理气宽胸，消积导滞。用于气郁不舒，停食停水引起的胸膈痞满，脘腹胀痛，饮食少进，痢疾初起。,木香 30g、陈皮 21g、厚朴（姜炙）51g、三棱（醋炒）30g、莪术（醋炙）51g、牵牛子（炒）300g、槟榔（炒焦）120g、猪牙皂 18g,以上八味，粉碎成细粉，过筛，混匀，另取茵陈 24g 煎水泛丸，干燥，即得
天一止咳糖浆,糖浆剂,适用于感冒、咳嗽、多痰、支气管性气喘等症。,百部流浸膏 50ml、桔梗流浸膏 25ml、远志流浸膏 15ml、盐酸麻黄碱 0.45g、氯化铵 20g、薄荷脑 0.2g,取桔梗流浸膏、远志浸膏、百部流浸膏放入容器内混匀，再将苯甲酸钠 2.5g 溶于适量水中后，加入搅拌均匀，静置四天，滤过备用；将氯化铵、盐酸麻黄碱分别溶于适量水中，滤过，滤液加入单糖浆 200ml 中，将薄荷脑、柠檬香精 0.5ml（用适量乙醇溶解）慢慢加入上述糖浆中，边加边搅拌，最后加入上述漉浸膏及焦糖适量，并加水至 1000ml，混匀，滤过，即得
五加参精,口服液,补气健脾，安神益智。用于脾肺气虚症，以及病后体虚，精力不足等。,刺五加清膏 175g、蜂蜜 200g,取刺五加清膏，加沸水少许溶解，在搅拌下缓缓加入乙醇 3 倍量，放置 6 小时，取上清液，滤过；残渣再加乙醇 2 倍量，搅拌，静置，取上清液，滤过，合并二次醇洗液，回收乙醇并浓缩至相对密度为 1.15 (80℃)，加入蜂蜜、乙醇 90ml 及甲酸钠 3g，加水至 1000ml，搅匀，静置，滤过，即得
五味香连丸,丸剂,清热燥湿，行气止痛。用于肠胃湿热引起的腹痛腹泻，红白痢疾，脓血相杂，里急后重。,木香 192g、黄连 576g、吴茱萸（甘草炙）24g、白芍 96g、延胡索（醋炙）192g,以上五味，粉碎成细粉，过筛，混匀，用水泛丸，干燥，即得
止泻保童冲剂,颗粒剂,健脾止泻，温中化痢。用于小儿脾胃虚弱，寒热凝结引起的水泻痢疾，肚腹疼痛，口干舌燥，四肢倦怠，恶心呕吐，小便不利。,人参 15g、白术（炒）30g、茯苓 60g、苍术（制）30g、广藿香 30g、木香 30g、砂仁 15g、丁香 15g、肉豆蔻（煨）30g、肉桂 15g、檀香 15g、吴茱萸（甘草水炙）15g、枳实（炒）30g、薏苡仁（熟炒）60g、车前草 60g、诃子肉 30g、滑石 30g、天冬 60g、麦冬 30g、槟榔 30g、黄连 30g,以上二十二味，人参粉碎成细粉；广藿香、木香、丁香、檀香、砂仁、肉桂、吴茱萸提取挥发油，蒸馏后的水溶液另器收集，其余白术等十四味，加水煎煮二次，第一次 2.5 小时，第二次 1.5 小时，滤过，合并滤液，滤液与上述水溶液合并，浓缩至相对密度为 1.32~1.35 (50℃测) 的清膏。取清膏 1 份，蔗糖粉 3.75 份，糊精 1.25 份，人参粉（先与蔗糖粉、糊精配研均匀）及乙醇适量制成颗粒，干燥，加入上述广藿香等挥发油，混匀，即得
贝母花片,片剂,止咳，化痰。用于咳嗽多痰，支气管炎。,贝母花 1000g（其中 200g 粉碎成细粉，800g 用于煎煮）,取贝母花 200g，粉碎成细粉，过筛；另取贝母花 800g，加水煎煮二次，每次 2 小时，合并煎液，滤过，滤液浓缩至约 500ml，放冷，加乙醇 1000ml，搅拌，静置 48 小时，取上清液浓缩成稠膏状，加入上述贝母花细粉与辅料适量，制成颗粒，压制成 1000 片，包糖衣，即得
贝母花流浸膏,膏剂,止咳，化痰。用于咳嗽多痰，支气管炎。,贝母花 1000g、乙醇适量,取贝母花，加水煎煮二次，每次 2 小时，合并煎液，滤过，滤液浓缩至约 500ml，放冷，加入等量的乙醇，搅匀，密闭，静置 3~4 天，取上清液，滤过，再加乙醇使成 1000ml，即得
牛黄清宫丸,丸剂,清热解毒，镇惊安神，止渴除烦。用于身热烦躁，昏迷不醒，舌赤唇干，谵语狂躁，头痛眩晕，惊悸不安，小儿急热惊风。,牛黄 1.7g、麦冬 170g、黄芩 170g、莲子心 170g、天花粉 170g、甘草 170g、大黄 170g、栀子 170g、地黄 100g、连翘 100g、郁金 100g、玄参 70g、雄黄 185g、犀角 170g、朱砂 135g、冰片 35g、金银花 335g、麝香 1.7g,以上十八味，除牛黄、冰片、麝香外，朱砂、雄黄水飞或粉碎成极细粉，犀角锉研成细粉，其余黄芩等十二味粉碎成细粉；将牛黄、冰片、麝香研细，与上述药粉配研，过筛，混匀。每 100g 药粉加炼蜜 110~130g 制成大蜜丸，即得
风痛丸,丸剂,散风除湿，益气活络。用于经络不和中风引起的半身不遂，牙关紧闭，口眼歪斜，风寒湿痹，筋骨痿弱，四肢麻木，骨节酸痛，气血亏损，腰酸腿软，头目眩晕，手足抽搐。,豹骨（油炙）150g、白芍 60g、白附片 60g、川芎 30g、鹿筋 60g、豨莶草 60g、地龙（酒炙）60g、地黄 60g、片姜黄 60g、黄芪 120g、钩藤 60g、蜈蚣 30g、甘草 30g、伸筋草 60g、黄精（酒炙）60g、白术（麸炒）60g、蕲蛇肉（酒炙）30g、冬虫夏草 60g、牛膝 60g、苍耳子（炒）30g、远志（炒黑）30g、西红花 60g、桂枝 60g、当归 30g、细辛 30g、沙苑子 30g、红参 30g、杜仲（炭）60g、防己 30g、狗脊（沙烫）60g、独活 18g、鸡血藤 80g、老鹳草 60g、全蝎 15g、没药（醋炙）60g、血竭 30g、苍术（炒）30g、铁丝威灵仙 60g、黄柏 30g、鹿角霜 30g、鹿衔草 60g、乌梢蛇（酒炙）60g、卷柏 30g、熟地黄 60g、羌活 12g、木瓜 60g、海桐皮 30g、枸骨叶 60g、千年健 30g、地枫皮 30g、青木香 30g、紫菀 15g,以上五十三味，粉碎成细粉，过筛，混匀。用水泛丸，低温干燥，滑石粉 150g 与朱砂粉 45g 配研后，包衣，打光，即得
丹参冲剂,颗粒剂,活血化瘀。用于冠心病引起的心绞痛症。,丹参 1000g,取丹参 1000g，加水煎煮三次，第一次 2 小时，第二、三次各 1.5 小时，滤过，合并滤液，浓缩至 500ml，加等量乙醇，充分搅拌，静置沉淀 12 小时，取上清液，回收乙醇，浓缩至相对密度为 1.30~1.40 (热测)，加入枸橼酸 10g、香精与蔗糖适量，制成颗粒，干燥，即得
少林正骨精,口服液,活血祛瘀，消肿止痛，祛风散寒。用于跌打损伤，积瘀肿痛，腰肢麻木，风湿骨病。,接骨仙桃草 148g、当归 90g、五加皮 179g、独活 118g、羌活 118g、三棱（醋制）71g、莪术（醋制）71g、土鳖虫 90g、艾叶 171g、延胡索（醋制）90g、花椒 179g、寻骨风 179g、血竭 60g、乳香 30g、伸筋草 148g、活络草 179g、苏木 179g、薄荷脑 142g、樟脑 120g、冰片 130g,以上二十味，接骨仙桃草、三棱、莪术、土鳖虫、延胡索、活络草加水煎煮二次，每次 2 小时，合并煎液，滤过，滤液浓缩成相对密度为 1.11~1.15 (热测) 的清膏，加 2 倍量乙醇，静置 24 小时，取上清液；另将当归、羌活、独活、五加皮、艾叶、花椒、苏木、寻骨风、伸筋草粉碎成粗粉，血竭研成粗粉，混合，用 65% 乙醇浸泡 96 小时后渗漉，收集渗漉液 9000ml，与上清液混合，静置 24 小时，滤过；另将薄荷脑、樟脑、冰片用 800ml 乙醇溶解，与麝香型香精 13ml 混合均匀后加入药液中，再与甘油 200ml 混匀，制成 10000ml，即得
心脉通片,片剂,活血化瘀，通脉养心，降压降脂。用于高血压、高脂血症等。,当归 185g、决明子 185g、钩藤 125g、牛膝 125g、丹参 100g、葛根 100g、槐花 100g、毛冬青 100g、夏枯草 100g、三七 6g,以上十味，三七粉碎成细粉，过筛。槐花加水煎煮至沸后，用石灰乳调 pH 至 8.5，再煎煮二次，滤过，合并滤液，用盐酸调 pH 至 4.5~5.4，冷却后，滤取沉淀，干燥，研成细粉；当归、钩藤加水煎煮二次，滤过，合并滤液，浓缩至适量，加乙醇使含醇量为 70%，静置 24 小时，滤过，滤液回收乙醇，浓缩成稠膏。其余丹参等六味加水煎煮二次，滤过，合并滤液，浓缩成稠膏，与上述稠膏及细粉和辅料适量混匀，制成颗粒，干燥，压制成 1000 片，包糖衣，即得
玉泉散,散剂,清火泻热。用于阳明内热，烦渴头痛，二便秘结。,石膏 600g、甘草 100g,以上二味，分别粉碎成中粉，过筛，混匀，即得
北芪五加片,片剂,益气，健脾，安神。用于体虚乏力，腰膝酸软，失眠多梦，食欲不振等。,黄芪干浸膏 200g、刺五加浸膏 50g,取刺五加浸膏温热，加入黄芪干浸膏及辅料适量，混匀，制成颗粒。干燥，压制成 1000 片，包糖衣，即得
归脾膏,膏剂,益气健脾，养血安神。用于心脾两虚，气短心悸，失眠多梦，头昏头晕，肢倦乏力，食欲不振，崩漏便血。,黄芪（蜜炙）40g、党参 40g、当归 80g、龙眼肉 80g、白术（炒）80g、木香 20g、茯苓 80g、甘草（蜜炙）20g、大枣（去核）20g、远志（制）80g、酸枣仁（炒）40g,以上十一味，加水煎煮二次，每次 3 小时，合并煎液，滤过，滤液浓缩至适量；另取蔗糖 800g，制成转化糖，加入上述药液中，混匀，浓缩至规定的相对密度，即得
田七跌打风湿软膏,膏剂,活血去瘀，舒筋通络，消肿止痛，祛风除湿。用于软组织挫伤，风湿腰痛，肌腱劳损，以及骨折、脱位引起的软组织损伤。,三七 17g、独活 35g、当归尾 35g、续断 35g、羌活 35g、栀子 35g、豨莶草 35g、五加皮 35g、防风 35g、白芷 69g、海桐皮 35g、威灵仙 35g、连钱草 35g、桃仁 35g、大黄 35g、黄柏 35g、泽兰 35g、忍冬 35g、木瓜 35g、甘草 35g、伸筋草 35g、骨碎补 69g、薄荷脑 69g、樟脑 52g、苏木 69g,以上二十五味，除薄荷脑、樟脑外，羌活、独活、当归尾、白芷、续断、防风、栀子、豨莶草、五加皮、连钱草用乙醇浸渍三天，滤过，滤液减压回收乙醇，浓缩成稠膏（1）备用；药渣与其余海桐皮等十三味用 60% 乙醇浸渍三天，滤过，滤液回收乙醇，浓缩成稠膏（2）备用；另将凡士林加热滤过，取硬脂酸、单硬脂酸甘油酯加热熔化，滤过，与凡士林搅拌均匀，制成基质。取稠膏（1）加入防腐剂、吐温 80、甘油适量，混匀，并加入蒸馏水适量，加热至 80℃，滤过，加入基质中，搅拌，温度下降至 60℃时，加入樟脑、薄荷脑，搅拌均匀后，再将稠膏（2）加入，搅拌均匀，制成 1000g 软膏，即得
四制香附丸,丸剂,理气和血，补血调经。用于血虚气滞，月经不调，胸腹胀症。,香附 400g、熟地黄 100g、当归（炒）100g、川芎 100g、白芍（炒）100g、白术（炒）75g、泽兰 75g、陈皮 75g、黄柏 25g、甘草（炙）25g,以上十味，将香附分成四等份，分别用米泔水 50ml（大米、糯米或小米 10g 淘洗之水）、黄酒 50ml、醋 50ml 及盐汤（含食盐 8g）浸泡，待吸干后，加水煮透，干燥，混匀，再与熟地黄等 9 味共粉碎成细粉，过筛，混匀，每 100g 粉末加炼蜜 50g 与水适量，泛丸，干燥，即得
生肌散,散剂,解毒，生肌。用于疮疔久溃，肌肉不生，久不收口。,象皮（滑石烫）30g、儿茶 30g、赤石脂 30g、龙骨（煅）30g、血竭 30g、乳香（醋炙）30g、没药（醋炙）30g、冰片 9g,以上八味，冰片研成细粉；其余象皮等七味粉碎成细粉，过筛，混匀，与上述冰片细粉配研，过筛，混匀，即得
生乳灵,颗粒剂,滋补气血，通络下乳。用于气血不足，乳络阻滞引起的乳汁短少，稀薄灰黄。,当归 140g、地黄 100g、黄芪（蜜炙）20g、党参 20g、玄参 100g、麦冬 20g、穿山甲（沙烫醋淬）60g、知母 40g,以上八味，加水煎煮二次，每次 4 小时，合并煎液，滤过，滤液浓缩至 2000ml，加入红糖 1000g，甲酸钠 12g，煮沸使溶解，加水至 4000ml，搅匀，滤过，灌装，即得
加味归芪片,片剂,补气，养血。用于气血两亏，气虚体弱，肢体劳倦。,当归 145g、黄芪 582g、党参 73g,以上三味，党参、黄芪加水煎煮三次，第一次 2 小时，第二、三次各 1 小时，合并煎液，滤过，滤液浓缩成相对密度为 1.30 (20℃) 的清膏；将当归粉碎成粗粉，过筛，与上述清膏混匀，加淀粉适量，低温干燥，粉碎，过筛，制成颗粒，干燥，压制成 1000 片，包糖衣，即得
辽源七厘散,散剂,舒筋活血，散瘀止痛。用于跌打损伤，瘀血内停，扭腰岔气，红肿作痛。,血竭 50g、红花 450g、三七 50g、当归 90g、乳香（制）240g、没药（制）200g、土鳖虫 80g、方海 240g、骨碎补（烫，去毛）240g、大黄 240g、儿茶 160g、降香 240g、冰片 16g,以上十三味，除冰片外，粉碎成细粉；冰片研细，与上述药粉配研，过筛，混匀，即得
发汗解热丸,丸剂,疏散风寒，解表祛湿。用于风寒湿邪引起的感冒，鼻塞流涕，身重恶寒等。,麻黄 75g、羌活 200g、防风 100g、苍术（炒）100g、细辛 50g、川芎 200g、白芷 100g、荆芥穗 50g、薄荷 50g、当归 100g、甘草 300g,以上十一味，粉碎成细粉，过筛，混匀。每 100g 粉末加炼蜜 110~130g 制成大蜜丸，即得
西黄清醒丸,丸剂,清利咽喉，解热除烦。用于肺胃蕴热引起的口苦舌燥，咽喉肿痛，烦躁不安，气滞胸满，头晕耳鸣。,藏青果 150g、金果榄 150g、栀子 150g、黄连 300g、黄芩 300g、金银花 300g、薄荷 36g、冰片 45g、木香 150g、甘草 150g,以上十味，薄荷冰、冰片分别研成细粉，其余藏青果等八味粉碎成细粉，过筛，混匀，与上述薄荷冰等二味细粉配研均匀，过筛。每 100g 药粉加炼蜜 145~155g 制成大蜜丸，即得
朱氏阿魏消痞膏,膏剂,化痞消积。用于痞块，积聚，胀满疼痛。,阿魏 20.7g、肉桂 10.3g、乳香 10.3g、白芷 10.3g、没药 10.3g、麝香 3.1g、朱氏阿魏消痞膏药肉 1000g,以上七味，肉桂、白芷、麝香分别研细或粉碎成细粉，过筛，混匀，分装成 66 瓶，作为上料药粉；阿魏、乳香、没药分别粉碎成细粉，备用；取朱氏阿魏消痞膏药肉，用文火加热熔化后，将上述阿魏等备用药粉加入搅匀，分摊于兽皮上，即得
竹沥膏,膏剂,清热化痰，止咳平喘。用于咳嗽，咽痛，痰黄粘稠，口舌干燥，气促胸闷，舌边尖红。,竹沥油 30g、饴糖 500g,以上二味，将饴糖置锅内，加热浓缩至相对密度 1.30 (98℃测)，再将竹沥油兑入，加热搅拌均匀，使其色泽一致，浓缩至相对密度 1.31~1.33 (98℃测)，滤过，即得
伤科八厘散,散剂,祛瘀，活血，止痛。用于跌打损伤，瘀血疼痛，大便秘结。,土鳖虫 150g、乳香 150g、没药（制）150g、血竭 150g、半夏（制）75g、当归 75g、巴豆霜 75g、砂仁 75g、雄黄 75g、甜瓜子 75g,以上十味，雄黄水飞或粉碎成极细粉，其余土鳖虫等九味粉碎成细粉，与雄黄粉末配研，过筛，混匀，即得
伤科敷药,散剂,活血祛瘀，消肿止痛。用于跌打损伤，瘀血肿痛。,地黄 300g、石膏 300g、桃仁 180g、栀子 300g、泽兰 210g、赤芍 300g、当归尾 180g、大黄 300g、白芷 300g、红花 150g、地骨皮 150g、黄芩 150g、藁本 90g、十大功劳 150g、蒲黄 90g、生天南星 45g、山柰 45g,以上十七味，粉碎成细粉，过筛，混匀，即得
创灼膏,膏剂,排脓，拔毒，去腐，生皮、长肉。用于烧伤，烫伤，挫裂创口，老烂脚，褥疮，手术后创口感染，冻疮溃烂，慢性湿疹及常见疮疖。,炉甘石（煅）320g、石膏（煅）640g、甘石膏粉 366g、白及 50g、冰片 8g,以上五味，炉甘石、石膏、白及分别粉碎成细粉，另取凡士林 1600g，羊毛脂 200g，液状石蜡 200g 置锅内，加热使熔化，并升温至 200℃左右，慢慢加入炉甘石粉和石膏粉，边加边搅拌，加完后继续搅拌，在 200~220℃保温 2~2.5 小时，过筛，搅拌降温至 130℃左右，加入甘石膏粉及白及粉，130℃保温 30 分钟，加入对羟基苯甲酸乙酯 3.2g，搅拌降温至 80℃左右，加入研细的冰片，搅匀，再继续搅拌至冷，即得
血压平片,片剂,平肝潜阳，通血活络。用于头晕目眩等症。,毛冬青 136g、钩藤 27.2g、墨旱莲 34g、升麻 6.8g、谷精草 27.2g、夏枯草 34g、牛膝 13.6g、槐米 34g、桑寄生 68g、黄芩 20.4g、黄精 34g、珍珠层粉 10g,以上十二味，夏枯草、钩藤、墨旱莲、槐米、毛冬青、桑寄生、黄芩加水煎煮二次，滤过，合并滤液，浓缩成稠膏状，加乙醇使含醇量为 60%，静置，滤过，滤液回收乙醇，浓缩成稠膏状；黄精、牛膝、谷精草、升麻加水煎煮二次，滤过，合并滤液，浓缩成稠膏状，加入上述稠膏，混匀；干燥，粉碎，加辅料适量制成颗粒，干燥，压制成 100 片，用珍珠层粉包糖衣，即得
安阳固本膏,膏剂,温肾暖宫，活血通络。用于女子宫寒不孕，经前腹痛，月经不调；男子精液稀薄，精子少；腰膝冷痛。,乌药 36g、白芷 36g、木通 36g、当归 36g、赤芍 36g、大黄 36g、续断 36g、椿皮 36g、川牛膝 36g、杜仲 36g、附子 36g、锁阳 36g、红花 36g、巴戟天 36g、艾叶 72g、香附 72g、肉桂 72g、益母草 72g、金樱子 18g、血竭 14.4g、乳香 7.2g、没药 7.2g、儿茶 7.2g,以上二十三味，将乳香、没药、儿茶、血竭共研成细粉，过筛，混匀。其余乌药等十九味酌予碎断，与植物油 2304g 同置锅内炸枯，去渣，滤过，炼至滴水成珠。另取红丹 768g，加入油内搅匀，收膏，将膏浸泡于水中。取膏用文火熔化，将乳香等细粉加入搅匀，摊涂于布上，即得
安神糖浆,糖浆剂,养血安神。用于贫血体虚，头昏，失眠，腰酸，四肢疲乏。,灵芝 50g、白术（炒）100g、女贞子（制）100g、合欢皮 150g、首乌藤 150g、仙鹤草 250g、墨旱莲 100g、甘草 50g,以上八味，灵芝加水煎煮二次，第一次 5 小时，第二次 3 小时，合并煎液，滤过，滤液浓缩至相对密度为 1.05 (90℃)，静置 24 小时，取上清液备用；其余白术等七味，加水煎煮二次，第一次 2 小时，第二次 1.5 小时，合并煎液，滤过，滤液浓缩至相对密度为 1.05 (90℃)，静置 24 小时，取上清液备用。另取蔗糖 264g，加水适量，煮沸溶解后，滤过，与上述两种浓缩液混匀，继续浓缩至相对密度为 1.10 (90℃)，放冷，加入苯甲酸钠 3g，加水稀释至 1000ml，搅匀，即得
安嗽化痰丸,丸剂,清肺化痰，润肺止嗽。用于阴虚肺热引起的咳嗽痰盛，气短喘促，咽干口渴，劳伤久嗽，痰中带血。,浙贝母 144g、知母 288g、玄参 288g、麦冬 288g、百合 288g、苦杏仁（炒）288g、款冬花 864g、紫菀 288g、罂粟壳 576g,以上九味，粉碎成细粉，过筛，混匀。每 100g 粉末加炼蜜 80~90g 制成大蜜丸，即得
关节风痛丸,丸剂,祛风，除湿，止痛。用于风湿性筋骨酸痛，关节痛，四肢麻木。,豨莶草 138g、狗脊 104g、伸筋草 104g、秦艽 104g、鸡血藤 70g、防己 104g、老鹳草 70g、桑枝 104g、五加皮 52g、独活 52g,以上十味，将豨莶草、秦艽和独活 26g 粉碎成粗粉，照流浸膏剂与浸膏剂项下的渗漉法（附录 17 页），用 70% 乙醇 600ml 作溶剂，缓缓渗漉，收集渗漉液，回收乙醇，浓缩成稠膏；将五加皮、防己和剩余的独活粉碎成细粉，与上述稠膏混匀，干燥，粉碎成细粉。鸡血藤、狗脊和桑枝加水煎煮 3 小时，滤过，药渣与老鹳草、伸筋草加水继续煎煮 3 小时，合并煎液，滤过，滤液浓缩成清膏。取上述粉末，用清膏泛丸，干燥，包糖衣，即得
阳春玉液,口服液,滋肾壮阳，添精补髓，益气健脾。用于肾虚阳衰所引起的性功能减退，阳痿早泄，腰背酸痛，畏寒肢冷，神疲乏力，夜尿多频。,鹿茸 15g、鹿角胶 45g、龟甲 45g、党参 120g、淫羊藿 120g、黄芪 90g、巴戟天 75g、枸杞子 60g、天冬 45g、蛇床子 45g、熟地黄 120g,以上十一味，取鹿茸、龟甲加水煎煮五次，第一、二次每次 2 小时，三至五次每次 1.5 小时，合并煎液，滤过，滤液浓缩至稠膏，加 2 倍量 75% 乙醇充分搅拌，静置过夜，滤过，滤液备用；沉淀物用适量水溶解后，加入鹿角胶，加热烊化，溶液加盐酸调至 pH2.0，加热回流 16 小时，加氢氧化钠溶液调 pH6.8，滤过，滤液备用；其余党参等八味加水煎煮二次，第一次 2.5 小时，第二次 1.5 小时，合并煎液，滤过，滤液浓缩至稠膏，加 2 倍量 80% 乙醇充分搅拌，静置 16 小时，滤过，滤液与上述提取液合并，回收乙醇，浓缩至相对密度为 1.2 (60~65℃测) 的清膏，再加 2 倍量乙醇搅匀，静置 12 小时，滤过，滤液回收乙醇，加水适量，搅匀，静置 4 小时，滤过，滤液与上述水解液合并。另取蜂蜜 400g，加等量水，搅匀，滤过，浓缩至适量，与上述药液混匀，加水使成 1000ml，调 pH 值，即得
如意油,搽剂,驱风，兴奋。适用于伤风鼻塞，局部冻伤。,乳香 500g、防己 380g、细辛 380g、甘草 500g、杏仁 750g、荆芥 500g、桂枝 500g、木香 380g、香附 500g、大黄 500g、薄荷油 5000g、冰片 150.5g、丁香罗勒油 75g、广藿香油 8g,以上十四味，除丁香罗勒油、广藿香油、薄荷油、冰片外，其余乳香等十味用食用植物油 15000g 热浸 15 天，滤过。与上述四味药混匀，静置，取澄清药油，即得
麦味地黄口服液,口服液,滋肾养肺。用于肺肾阴亏，潮热盗汗，咽干咳血，眩晕耳鸣，腰膝酸软，消渴。,麦冬 45g、五味子 30g、熟地黄 120g、山茱萸（制）60g、牡丹皮 45g、山药 60g、茯苓 45g、泽泻 45g,以上八味，加水煎煮二次，每次 2 小时，合并煎液，滤过，滤液浓缩至约 3000ml，放置过夜，取上清液，滤过，滤液继续浓缩至约 900ml，冷藏 24 小时，滤过，滤液加蔗糖 150g，加热煮沸 15 分钟，滤过，加防腐剂适量，加水至 1000ml，搅匀，即得
克银丸,丸剂,清热解毒，祛风止痒。用于皮损基底红，舌基底红，便秘，尿黄属血热风燥型的银屑病。,土茯苓 30g、北豆根 30g、白鲜皮 30g、拳参 10g,以上四味，混匀，取 15g 粉碎成细粉，过筛，混匀。其余 85g 加水煎煮三次，第一次 2 小时，第二次 1 小时，第三次 1 小时，合并煎液，滤过，滤液浓缩至相对密度为 1.40 (50℃测) 的清膏，与上述粉末混匀，干燥，粉碎成细粉，过筛，混匀。每 100g 粉末加炼蜜 60g 与适量水，泛丸，干燥，或加炼蜜 80~90g 制成大蜜丸，即得
更年宁,口服液,疏肝解郁，益气养血，健脾安神。用于更年期引起的心悸气短，烦躁易怒，眩晕失眠，阵热汗出，胸乳胀痛，月经紊乱等症。,柴胡 9g、黄芩 9g、白芍 12g、墨旱莲 12g、人参 3g、党参 9g、郁金 9g、香附（醋炙）12g、当归 12g、薄荷 3g、川芎 6g、玄参 12g、茯苓 9g、法半夏 9g、石菖蒲 9g、牡丹皮 12g、陈皮 9g、干姜 3g、白术（麸炒）9g、丹参 9g、王不留行（炒）9g、女贞子（酒炙）12g,以上二十二味，粉碎成细粉，过筛，混匀。每 100g 粉末加炼蜜 55~60g 与适量水，泛丸，干燥；或加炼蜜 120~130g 制成大蜜丸，即得
抗扁桃腺炎合剂,口服液,泻热解毒，清利咽喉。用于急性扁桃腺炎，咽喉炎。,板蓝根 200g、山豆根 100g、连翘 300g、青果 200g、黄芩 200g、大黄 50g、玄参 300g、麦冬 200g,以上八味，加水煎煮二次，第一次 3 小时，第二次 1 小时，滤过，合并滤液，静置 48 小时，取上清液，滤过。减压浓缩至相对密度 1.26~1.30 (50℃测)，加入蔗糖 120g，苯甲酸钠 2.8g，煮沸，滤过，共制成 750ml，灌装，即得
状元丸,丸剂,养心滋肾，健脑安神。用于心肾不足，用脑过度引起的失眠健忘，虚烦多梦，心悸不安，目暗耳鸣，精神疲倦。,熟地黄 90g、地黄 60g、山茱萸（酒炙）120g、天冬 60g、麦冬 60g、玄参 48g、五味子（醋炙）18g、人参 18g、黄芪（蜜炙）90g、白术（麸炒）90g、茯苓 120g、甘草 48g、远志（去心甘草水炙）18g、石菖蒲 18g、当归 90g、丹参 48g、莲子肉 90g、酸枣仁（炒）60g、柏子仁 60g、桔梗 48g、琥珀 48g、朱砂 29.3g,以上二十二味，朱砂水飞或粉碎成极细粉，琥珀研成细粉；其余熟地黄等二十味粉碎成细粉，过筛，混匀，与上述琥珀粉、朱砂粉配研，过筛，混匀。每 100g 粉末加炼蜜 80~90g 制成大蜜丸，即得
肚痛丸,丸剂,温中散寒，理气止痛。用于停寒气滞，腹中冷痛，胸胁胀闷，呕逆吐酸。,豆蔻（去壳）50g、肉桂 50g、枳实（麸炒）100g、木香 100g、乌药 50g、罂粟壳 20g、草果 20g、厚朴（姜制）50g、砂仁 50g、干姜 100g,以上十味，粉碎成细粉，过筛，混匀。用冷开水泛丸，干燥，即得
补肾宁片,片剂,温肾助阳，益气固本。用于肾阳虚衰所致阳痿，对妇女更年期综合症也有一定疗效。,羊鞭 2400g、枸杞子 440g、淫羊藿 640g、肉苁蓉 110g、人参 110g、海马 5g,以上六味，取人参、海马分别粉碎成细粉。另取羊鞭，按流浸膏剂与浸膏剂项下的渗漉法（附录 17 页），用 70% 乙醇作溶剂进行渗漉，合并渗漉液，减压回收乙醇，浓缩至相对密度为 1.15 (80~85℃)，冷藏 24 小时，取下层稠膏，干燥，粉碎成细粉；取枸杞子粉碎成粗粉，按流浸膏剂与浸膏剂项下的渗漉法（附录 17 页），用 60% 乙醇作溶剂进行渗漉，合并渗漉液，减压回收乙醇，浓缩至相对密度 1.20 (85℃)，干燥，粉碎成细粉；取淫羊藿、肉苁蓉分别加水煎煮二次，第一次 3 小时，第二次 2 小时，分别合并煎液，滤过，滤液浓缩至稠膏状，干燥，粉碎成细粉；合并以上各细粉，混匀，制粒，压制成 1000 片，包糖衣，即得
阿胶益寿口服液,口服液,补气养血。用于气血双亏，未老先衰，四肢无力，腰膝酸软，面黄肌瘦，健忘失眠，妇女产后诸虚。,人参 127g、黄芪（蜜炙）1270g、熟地黄 635g、制何首乌 635g、阿胶 317.5g、陈皮 254g、木香 127g、甘草 127g,以上八味，除阿胶外，其余人参等七味加水煎煮三次，第一次、第二次各 2 小时，第三次 1 小时，合并煎液，滤过，滤液浓缩至适量；取阿胶加适量水溶化，滤过，滤液与上述浓缩液合并，取蔗糖 500g 制成糖浆，与上述药液合并，加入防腐剂适量，调整总量为 10000ml，静置，滤过，灌装，即得
坤宝丸,丸剂,滋补肝肾，镇静安神，养血通络。用于妇女更年期综合症，肝肾阴虚引起的月经紊乱，潮热多汗，失眠健忘，心烦易怒，头晕耳鸣，咽干口渴，四肢酸楚，关节疼痛等症。,女贞子（酒炙）30g、覆盆子 20g、菟丝子 20g、枸杞子 20g、何首乌（黑豆酒炙）20g、龟甲 15g、地骨皮 30g、南沙参 30g、麦冬 20g、酸枣仁（炒）10g、地黄 30g、白芍 60g、赤芍 30g、当归 20g、鸡血藤 60g、珍珠母 60g、桑叶 30g、菊花 30g、墨旱莲 40g、白薇 30g、知母 30g、黄芩 30g,以上二十三味，粉碎成细粉，过筛，混匀，每 100g 粉末加炼蜜 42g 及水适量，泛丸，低温干燥，即得
枇杷止咳冲剂,颗粒剂,止嗽化痰。用于咳嗽，支气管炎。,枇杷叶 684g、罂粟壳 500g、百部 150g、白前 90g、桑白皮 60g、桔梗 57g、薄荷脑 1.6g,以上七味，除薄荷脑外，其余枇杷叶等六味，加水煎煮二次，每次 2 小时，合并煎液，滤过，滤液静置 12 小时。滤过，浓缩至适量，加入蔗糖粉，混匀，制粒，干燥；另取薄荷脑及香精适量，用少许乙醇溶解，喷入颗粒中，混匀，制成 3000g，即得
刺五加胶囊,胶囊剂,益气健脾，补肾安神。用于脾肾阳虚，体虚乏力，食欲不振，腰膝酸痛，失眠多梦。,刺五加浸膏 150g（辅料：碳酸钙、淀粉适量）,取刺五加浸膏 150g 与碳酸钙及淀粉适量混匀，干燥，粉碎，过筛，装入胶囊，制成 1000 粒，即得
拔脓净,搽剂,拔脓去腐，生肌止痛。用于疮疡溃后腐肉不脱，痔疮及慢性瘘道。,乳香（制）40g、没药（制）40g、红粉 20g、穿山甲（砂炙）40g,以上四味，乳香、没药、穿山甲共粉碎成细粉，过筛，红粉粉碎成细粉，过筛，与上述粉末混匀，过筛，即得
鸢都寒痹液,口服液,祛风散寒，舒筋活络。用于风寒湿痹，腰腿肩背疼痛，手足麻木等症。,生草乌 112g、当归 112g、老鹳草 112g、生川乌 112g、川芎 56g、红花 20g、桂枝 20g、牛膝 40g、木瓜 40g、威灵仙 40g、香加皮 80g、茜草 80g、千年健 30g、杜仲 24g、地骨皮 30g,以上十五味，粉碎成粗粉，照流浸膏剂与浸膏剂项下渗漉法（附录 17 页），用白酒作溶剂，浸渍 7 天后，进行渗漉，收集渗漉液，加入蔗糖 1800g，搅匀，调整总量至 30000ml，静置，滤过，即得
鸢都感冒冲剂,颗粒剂,清热解表，宣肺止咳。用于风热感冒，头身疼痛，发热恶寒，咽痛咳嗽。,忍冬藤 120g、板蓝根 100g、前胡 60g、葛根 60g、桔梗 60g、甘草 50g、牛蒡子（炒）25g、薄荷脑 0.125g,以上八味，除薄荷脑外，其余忍冬藤等七味加水煎煮两次，第一次 3 小时，第二次 2 小时，合并煎液，滤过，滤液浓缩至相对密度为 1.08 (80℃测)；放冷，加入乙醇使含醇量达 40~45%，搅匀，静置，取上清液浓缩至相对密度为 1.35 (30℃测) 的清膏。取清膏 1 份，加蔗糖粉 4 份，糊精 1 份及乙醇适量，制成颗粒，干燥；薄荷脑用乙醇适量溶解后喷入颗粒，混匀，即得
虎骨木瓜丸,丸剂,活血散风，舒筋止痛。用于风寒湿邪引起的四肢疼痛，手足麻木，筋脉拘挛，腰膝无力，步履艰难。,虎骨（油炙）8g、豹骨（油炙）72g、木瓜 80g、海风藤 80g、铁丝威灵仙（酒炙）80g、青风藤 80g、草乌（甘草银花炙）40g、川乌（甘草银花炙）40g、牛膝 160g、白芷 80g、当归 80g、人参 10g、川芎 80g,以上十三味，粉碎成细粉，过筛，混匀。每 100g 粉末加炼蜜 40~50g 与适量的水，泛丸，干燥；或加炼蜜 120~130g 制成大蜜丸，即得
肾宁散胶囊,胶囊剂,消炎，利尿，消除浮肿及尿蛋白。用于急慢性肾盂肾炎，肾小球肾炎。,西瓜翠衣 1 个（约重 600g）、紫皮大蒜 500g,选用约重 600g 的黑绿色厚皮西瓜，洗净，在瓜蒂处挖约 15cm×15cm 的方口（方口盖保留备用），去净瓜瓤，留瓜壳。将洗净的紫皮大蒜装入瓜壳内，把方口盖盖在瓜壳开口处；瓜壳外均匀严密地糊一层约 1.5~2cm 厚的麻刀泥（胶泥、麻絮及水混合而成），然后放入炉内，用木柴武火烧炼 4~7 小时，继续用文火烧炼，焖存性，冷却后破泥壳，取出药炭，粉碎过筛，分装于胶囊内，即得
肾炎片,片剂,清热解毒，利水消肿。用于急慢性肾炎和泌尿道感染。,一枝黄花 1080g、马鞭草 270g、白茅根 540g、车前草 540g、葫芦壳 270g、白前 270g,以上六味，加水煎煮二次，每次 2 小时，合并煎液，静置，滤过。滤液浓缩成稠膏状，干燥，制成颗粒，压制成 1000 片，包糖衣，即得
肾康宁片,片剂,温肾，益气，和血，渗湿。用于慢性肾炎，肾气亏损，肾功能不全所引起的腰酸、疲乏、畏寒及夜尿增多。,黄芪 360g、丹参 300g、茯苓 300g、泽泻 180g、益母草 450g、淡附片 180g、锁阳 300g、山药 50g,以上八味，山药粉碎成细粉，其余黄芪等七味加水煎煮二次，第一次 2 小时，第二次 1 小时，合并煎液，滤过，滤液浓缩成稠膏，加入山药细粉，混匀，制成颗粒，干燥，压制成 1000 片，包糖衣，即得
明目羊肝丸,丸剂,滋阴明目。用于肝肾衰弱，精血不足，发为青盲，视物昏花，瞳孔散大，两目干涩，迎风流泪，目生内障。,羊肝 872g、青葙子 100g、葶苈子 100g、地肤子 100g、细辛 100g、菟丝子 100g、车前子 100g、黄芩 100g、泽泻 100g、决明子 100g、熟地黄 150g、肉桂 100g、茯苓 100g、枸杞子 100g、苦杏仁（炒）100g、麦冬 100g、茺蔚子 100g、五味子 100g、防风 100g、蕤仁 100g,以上二十味，粉碎成细粉，过筛，混匀。每 100g 粉末加炼蜜 90~110g 制成大蜜丸，即得
明目蒺藜丸,丸剂,清热散风，明目退翳。用于上焦火盛引起的暴发火眼，云蒙障翳，羞明多眵，眼边赤烂，红肿痛痒，迎风流泪。,黄连 4g、川芎 36g、白芷 36g、蒺藜（盐水炙）108g、地黄 72g、荆芥 36g、旋覆花 36g、菊花 108g、薄荷 36g、蔓荆子（微炒）72g、黄柏 36g、连翘 36g、密蒙花 36g、防风 36g、赤芍 36g、栀子（姜水炙）36g、当归 72g、甘草 18g、决明子（炒）36g、黄芩 72g、蝉蜕 36g、石决明 36g、木贼 36g,以上二十三味，粉碎成细粉，过筛，混匀。用水泛丸，干燥，即得
和胃平肝丸,丸剂,舒气平肝，和胃止痛。用于肝胃不和，气郁结滞引起的两胁胀满，倒饱嘈杂，气逆作呕，胃脘刺痛，饮食无味。,沉香 30g、佛手 150g、木香 240g、香附（醋炙）30g、砂仁 240g、豆蔻仁 180g、枳壳（麸炒）300g、厚朴（姜炙）180g、川楝子 450g、延胡索（醋炙）300g、陈皮 240g、片姜黄 300g、白芍 360g、茯苓 300g,以上十四味，粉碎成细粉，过筛，混匀。每 100g 粉末加炼蜜 200~210g 制成大蜜丸，即得
金佛酒,酒剂,理气解郁，宽胸活血，养血健胃。用于脘闷肋胀，食欲减退，睡眠不佳。,佛手 200g、黄精 100g、白术 50g、丹参 100g,以上四味，粉碎成粗粉。照流浸膏剂与浸膏剂项下的渗漉法（附录 17 页），用白酒作溶剂，浸渍 48 小时后，以每分钟 1~3ml 速度缓缓渗漉，收集渗漉液；另取蔗糖 1000g，用适量白酒溶解后加入渗漉液中，搅匀，滤过，制成 10000ml，即得
金粟丹,丹剂,疏风化痰，镇惊熄风。用于小儿风痰抽搐。,胆南星 200g、僵蚕（炒）100g、全蝎（制）100g、关白附（制）100g、石膏（飞）100g、麝香 2g、天麻（姜汁炒）200g、冰片 3g、乳香（制）200g,以上九味，麝香、冰片研细。其余胆南星等七味粉碎成细粉，过筛，混匀，用水泛丸。先取部分胆南星等细粉起母子，将麝香、冰片细粉泛于内层，再用其余细粉泛于外层。低温干燥，即得
乳核内消液,口服液,疏肝活血，软坚散结。用于经期乳胀痛有块，月经不调或量少色紫成块及乳腺增生。,浙贝母 120g、当归 70g、赤芍 120g、漏芦 70g、茜草 120g、香附 60g、柴胡 100g、郁金 60g、夏枯草 100g、丝瓜络 30g、甘草 15g、橘核 100g,以上十二味，当归、香附、柴胡、郁金提取挥发油；药渣及药液与其余浙贝母等八味加水煎煮二次，每次 1.5 小时，合并煎液，滤过，滤液浓缩至相对密度为 1.04~1.05，静置，倾取上清液，滤过，滤液继续浓缩至相对密度为 1.08~1.10，加入上述挥发油及适量防腐剂，混匀，制成 400ml，即得
肤痒冲剂,颗粒剂,祛风活血，除湿止痒。用于皮肤瘙痒症，湿疹，荨麻疹等瘙痒性皮肤病。,苍耳子（炒、去刺）200g、地肤子 200g、川芎 200g、红花 200g、白英 100g,以上五味，加水煎煮二次，第一次 2 小时，第二次 1 小时，合并煎液，静置沉淀 8 小时，取上清液浓缩至相对密度为 1.36 (65~75℃) 的清膏。取清膏 1 份，加蔗糖粉 3 份，糊精 1 份及乙醇适量，制成颗粒，干燥，即得
夜宁冲剂,颗粒剂,安神，养心。用于神经衰弱，头昏失眠，血虚多梦等症。,合欢皮 105g、大枣 75g、甘草 30g、女贞子 105g、首乌藤 105g、浮小麦 300g、灵芝 50g,以上七味，浮小麦加水煮沸后，于 80~90℃温浸二次，每次 2 小时，合并温浸液；取灵芝粉碎成粗粉，用乙醇适量浸泡七天，压榨滤过，滤液回收乙醇后备用；药渣与合欢皮等五味加水煎煮二次，每次 3 小时，合并煎液，滤过，滤液与上述两种溶液合并，静置，滤过，滤液浓缩至相对密度为 1.33~1.35 (40℃) 的清膏。取清膏 1 份，加蔗糖粉 4 份，糊精 1 份制成颗粒，干燥，即得
夜宁糖浆,糖浆剂,安神养心。用于神经衰弱，头昏失眠，血虚多梦等症。,合欢皮 105g、甘草 30g、首乌藤 105g、大枣 75g、女贞子 105g、浮小麦 300g、灵芝 50g,以上七味，浮小麦加水煮沸后，于 80~90℃温浸二次，每次 2 小时，合并温浸液；取灵芝粉碎成粗粉，用乙醇适量浸泡七天，压榨滤过，滤液回收乙醇后备用；药渣与合欢皮等五味加水煎煮二次，每次 3 小时，合并煎液，滤过，滤液与上述两种溶液合并，静置，滤过，滤液浓缩至适量，加入蔗糖 830g 与防腐剂适量，煮沸溶解，滤过，加水至 1000ml，混匀，即得
疝气丸,丸剂,散寒止痛。用于寒疝、气疝。,川楝子 400g、木香 200g、吴茱萸（甘草水制）100g、小茴香（盐炒）300g、六神曲（麸炒）270g,以上五味，粉碎成细粉，过筛，混匀。用黄酒泛丸，干燥，即得
定心丸,丸剂,益气养血，宁心安神。用于心血不足，烦躁失眠，健忘怔忡，惊悸多梦。,党参 50g、茯苓 100g、地黄 100g、麦冬 100g、柏子仁 150g、石菖蒲 100g、甘草（蜜炙）50g、远志 100g、酸枣仁 100g、黄芩 50g、当归 100g、五味子 25g、琥珀 25g、朱砂 20g、虫白蜡 25g,以上十五味，除虫白蜡外，朱砂、琥珀分别水飞或粉碎成极细粉，其余党参等十二味粉碎成细粉；将虫白蜡锉成细粉，与上述粉末配研，过筛，混匀。每 100g 粉末加炼蜜 90~100g 制成大蜜丸；或加炼蜜 30~40g 与适量的水泛丸，干燥，即得
定喘止嗽丸,丸剂,润肺，定喘，止嗽。用于阴虚肺热，久嗽痰喘，胸满呕逆，咳痰稠粘，夜卧不安，烦躁口渴。,罂粟壳 128g、石膏 64g、麻黄 64g、苦杏仁（去皮炒）64g、陈皮 64g、五味子（醋制）64g、砂仁 32g、甘草 64g,以上八味，粉碎成细粉，过筛，混匀。每 100g 粉末加炼蜜 140~150g 制成大蜜丸，即得
驱虫片,片剂,杀虫、消积、通便。用于虫积腹痛，不思饮食，面黄肌瘦。,木香 80g、槟榔 80g、使君子（去壳）80g、雷丸 24g、白矾（煅枯）24g、芜荑 24g、芦荟 24g、大黄 80g、牵牛子（炒）80g、雄黄 24g,以上十味，大黄、白矾、雄黄、芦荟粉碎成细粉，过筛；槟榔、雷丸、牵牛子分别粉碎成中粉，使君子、芜荑分别粉碎成粗粉，照流浸膏剂与浸膏剂项下的渗漉法（附录 17 页），槟榔、牵牛子、使君子用 80% 乙醇，雷丸、芜荑用 45% 乙醇作溶剂，分别浸渍 48 小时后进行渗漉，收集漉液，回收乙醇，并浓缩至稠膏状；木香提取挥发油至尽，取药材细粉与上述各稠膏混匀，制成颗粒，喷加木香挥发油，混匀，压制成片，即得
参贝北瓜膏,膏剂,平喘化痰，润肺止咳，补中益气。用于哮喘气急，肺虚咳嗽，痰多津少。,北瓜清膏 95g、党参 140g、浙贝母 100g、南沙参 140g、干姜 250g,以上五味，除北瓜清膏外，其余党参等四味加水煎煮 2 次，第一次 1.5 小时，第二次 1 小时，分别滤过，滤液静置，取上清液合并，浓缩成相对密度为 1.28~1.30 (80~85℃) 的清膏；另取蔗糖 250g，赤砂糖 250g，加水 500g，加热溶解，加酒石酸 0.5g，煮沸 2 小时，加入上述清膏、北瓜清膏及饴糖 1500g，混匀，浓缩至规定的相对密度，滤过，即得
参芪丸,丸剂,补益元气。用于气虚体弱，四肢无力。,党参 300g、黄芪 300g,以上二味，将黄芪与党参 131.25g，加水煎煮二次，第一次 3 小时，第二次 2 小时，合并煎液，滤过，滤液浓缩成相对密度 1.30 (20℃) 的稠膏；剩余的党参粉碎成细粉，过筛，与上述稠膏混匀，制丸，干燥，即得
参桂理中丸,丸剂,温中散寒，祛湿定痛。用于脾胃虚寒，阳气不足引起的腹痛泄泻，手足厥冷，胃寒呕吐，寒湿疝气，妇女血寒，行经腹痛。,人参 60g、白术（炒）240g、干姜 240g、甘草 60g、附子（制）120g、肉桂 60g,以上六味，粉碎成细粉，过筛，混匀。每 100g 粉末加炼蜜 110~120g 制成大蜜丸，即得
绍兴大补酒,酒剂,益气补血。用于气血两亏，倦怠乏力。,党参 30g、山药 30g、白术（炒）30g、熟地黄 82g、川芎 13g、杜仲叶（盐水炒）46g、茯苓 30g、当归 30g、黄芪（炙）30g、玉竹（制）82g、白芍（炒）23g、甘草（炙）13g,以上十二味，粉碎成粗粉，照流浸膏剂与浸膏剂项下的渗漉法（附录 17 页），用含乙醇量为 30% 的白酒与黄酒的混合液作溶剂，浸渍 24 小时后，以每分钟 1~3ml 速度缓缓渗漉，收集滤液，加入蔗糖及蜂蜜各 572g，搅拌使溶解，静置，滤过，制成 10000ml，即得
珍珠八宝眼药,洗剂,消障明目，止痛退肿。用于红筋，白障，赤肿烂眼，畏日羞明，迎风流泪。,珍珠 10g、冰片 50g、炉甘石（煅）260g、硼砂（制）3g、牛黄 10g、硇砂（煅）100g、石蟹（煅）66g、黄连干浸膏 1g,以上八味，除冰片、牛黄、黄连干浸膏外，将珍珠、炉甘石、石蟹水飞成极细粉，硼砂、硇砂粉碎成极细粉，混匀；将冰片、牛黄、黄连干浸膏研细，与上述粉末配研，过筛，混匀，即得
茯苓白术丸,丸剂,健脾益气，和胃化湿。用于脾虚湿困，食欲不振，脘腹胀闷，大便溏烂，形体虚弱，神疲乏力，面色萎黄，舌淡嫩、苔白腻，脉虚缓。,党参 100g、白术 100g、白扁豆（炒）100g、山药（炒）100g、莲子 100g、砂仁 100g、薏苡仁（炒）100g、陈皮 100g、茯苓 100g、甘草（蜜炙）100g、桔梗 100g,以上十一味，粉碎成细粉，过筛，混匀。用水泛丸，干燥，即得
胃肠复元膏,膏剂,益气保元，化瘀去毒，理气通下。用于胃肠手术后腹胀，胃肠活动减弱，老年性慢性便秘，气虚腹胀等症。,枳壳（麸炒）100g、太子参 100g、大黄 150g、蒲公英 300g、木香 100g、莱菔子（炒）200g、赤芍 150g、紫苏梗 100g、黄芪 150g、桃仁 150g,以上十味，除大黄粉碎成细粉外，其余枳壳等九味，加水煎煮二次，每次 2 小时，滤过，合并滤液，浓缩至相对密度 1.15~1.25 (60℃测) 的清膏。每 100g 清膏，加炼蜜 100g、大黄粉 15g，加热混匀，即得
胃灵合剂,口服液,健胃和中，制酸，止痛。用于胃炎，胃及十二指肠溃疡。,甘草（炙）150g、海螵蛸 150g、白芍（炒）120g、白术（炒）80g、延胡索 80g、党参 30g,以上六味，加水煎煮二次，每次 2 小时，合并煎液，滤过，滤液浓缩至适量，加防腐剂适量，搅匀，放冷，静置，取上清液，滤过，滤液加水使成 1000ml，搅匀，即得
胃灵冲剂,颗粒剂,健胃和中，制酸，止痛。用于胃炎，胃及十二指肠溃疡。,甘草（炙）750g、海螵蛸 750g、白芍（炒）600g、白术（炒）400g、延胡索 400g、党参 150g,以上六味，加水煎煮二次，每次 2 小时，合并煎液，滤过，滤液浓缩至稠膏状，加入糊精适量，拌匀，干燥，粉碎成细粉，制成颗粒，干燥，制成 1000g，即得
胃药胶囊,胶囊剂,制酸止痛。用于胃酸过多，胃痛，胃及十二指肠溃疡。,延胡索（醋制）120g、海螵蛸（漂）60g、青木香 60g、枯矾 90g、鸡蛋壳（炒）120g、珍珠母（煅）120g,以上六味，延胡索加酸水煎煮 3 次，合并煎液，滤过，静置，取上清液，浓缩成稠膏；青木香粉碎成细粉，过筛，与稠膏拌匀，制成棕色小颗粒，干燥；其余海螵蛸等四味，粉碎成细粉，加入 2% 的羧甲基纤维素钠及食用色素适量，制成红、黄、白小颗粒，干燥，与棕色小颗粒混匀，装入胶囊，即得
胃病丸,丸剂,健脾化滞，理气止呕。用于脾胃虚弱，消化不良引起的胃脘疼痛，气逆胸满，倒饱嘈杂，嗳气吞酸，呕吐恶心，宿食停水，食欲不振，大便不调。,槟榔 30g、陈皮 30g、山楂（炒）30g、桔梗 30g、黄连 15g、莱菔子（炒）15g、茯苓 30g、甘草 30g、木香 15g、白术（麸炒）60g、高良姜 15g、北沙参 60g、细辛 15g、香附（醋炙）30g、砂仁 15g、谷芽（炒）60g、白扁豆 30g、瓜蒌 60g、枳实（炒）30g、郁金 30g、泽泻 30g、豆蔻 15g、黄芩 30g、刀豆 30g、连翘 30g、薄荷 15g、枳壳（麸炒）30g、六神曲（炒）30g、麦芽（炒）60g、厚朴（姜炙）30g、鸡内金（醋炙）30g、吴茱萸（甘草水炙）15g、赭石（煅醋淬）30g、檀香 15g、苏合香 6g、法半夏 30g、薤白 30g、九节菖蒲 15g,以上三十八味，粉碎成细粉，过筛，混匀，用水泛丸，干燥。每 1000g 丸药加滑石粉 250g，包衣，打光，干燥，即得
胃痛丸,丸剂,舒肝和胃，理气止痛。用于胃部疼痛，肝郁气滞，胸胁胀满，恶心呕吐。,沉香 50g、木香 75g、丁香 40g、乳香（醋炒）30g、姜半夏 25g、香附（醋炒）75g、枳壳（麸炒）50g、延胡索（醋炒）40g、五灵脂（醋炒）40g、当归 50g、红花 50g、六神曲（炒）40g、砂仁 30g、豆蔻 30g、猪牙皂 40g、乌药 40g、高良姜 30g、肉桂 30g,以上十八味，粉碎成细粉，过筛，混匀，用水泛丸，低温干燥。每 100g 干丸用百草霜 3g 和粘合剂适量包衣，打光，即得
骨龙胶囊,胶囊剂,散寒镇痛，活血祛风，强筋壮骨。用于慢性风湿及类风湿性关节炎。,狗腿骨 1000g、穿山龙 300g,以上二味，取生狗腿骨破碎成 10~15cm 的碎块，用水浸洗 2~3 天，分次水煎，煎至胶尽，合并煎液，静置，取上清液，滤过，浓缩；穿山龙洗净切片，加水煎煮 2~3 次，每次 2 小时，合并煎液，静置，滤过，药液与胶液合并，依次加入冰糖 14.4g、豆油 6.4g、绍兴酒 2g，继续浓缩至稠膏状，烘干，粉碎成中粉，装胶囊，即得
复方白带丸,丸剂,健脾益气，固肾止带。用于脾肾两虚、带下。,白术（麸炒）60g、柴胡 15g、莲须 18g、墓头回 30g、牡蛎 18g、龙骨 18g、人参 30g、甘草（炙）30g、鸡冠花 30g、陈皮 15g、山药 60g、茯苓 36g、当归（酒制）30g、补骨脂（盐炒）30g、芡实（炒）30g,以上十五味，粉碎成细粉，过筛，混匀。每 100g 粉末加炼蜜 130~150g 制成大蜜丸，即得
复方百部止咳糖浆,糖浆剂,清肺止咳。用于肺热咳嗽，痰黄粘稠，百日咳。,百部（蜜炙）100g、苦杏仁 50g、桑白皮 50g、麦冬 25g、知母 25g、黄芩 100g、陈皮 100g、甘草 25g、天南星（制）25g、枳壳（炒）50g、桔梗 50g,以上十一味，加水煎煮二次，第一次 3 小时，第二次 2 小时，合并煎液，滤过，滤液浓缩至适量。另取蔗糖 650g，加水适量，煮沸，滤过，浓缩制成糖浆，与上述浓缩液混匀，煮沸，放冷，加入防腐剂、香精适量，搅匀，加水稀释至 1000ml，即得
复方杜仲片,片剂,补肾，平肝，清热。用于肾虚肝旺之高血压症。,复方杜仲流浸膏（按干膏计）150g、钩藤 150g,以上二味，将钩藤粉碎成细粉，与复方杜仲流浸膏混合均匀，干燥，粉碎，制成颗粒，压制成 1000 片，包糖衣，即得
复方苦木消炎片,片剂,清热解毒，燥湿止痢。用于细菌性痢疾，急性肠炎及各种急性感染性疾患。,穿心莲 100g、苦木 100g,以上二味，穿心莲加水煎煮二次，每次 2 小时，合并煎液，滤过，滤液浓缩成稠膏；苦木粉碎成粗粉，照流浸膏剂与浸膏剂项下的渗漉法（附录 17 页），用乙醇作溶剂，缓缓渗漉，漉液回收乙醇，浓缩成稠膏。将上述二种稠膏混匀，干燥，粉碎，过筛，加辅料适量，制成颗粒，压制成 1000 片，包糖衣，即得
复方枇杷叶膏,膏剂,清肺，止咳，化痰。用于风热咳嗽，咽喉干燥，咯痰不爽。,枇杷叶 100g、车前草 75g、百部 15g、苦杏仁 15g、桔梗 15g、麻黄 15g、浙贝母 15g、甘草 15g,以上八味，加水煎煮二次，每次 2 小时，合并煎液，滤过，滤液浓缩至适量，加入饴糖 550g 与苯甲酸钠 1.5g，搅匀，继续浓缩成稠膏，稍冷，加薄荷油 0.1ml，搅匀，即得
复方制金柑冲剂,颗粒剂,舒肝理气，健胃镇痛。用于胃气痛，腹胀，嗳气及胸闷不舒。,金柑 345g、丁香 110g、肉桂 270g、砂仁 3g、豆蔻 110g、木香 3g、沉香 42g、玫瑰花 3g、延胡索 6g、梅花 3g、香附（制）6g、香橼 9g、丹参 6g、桔梗 6g、厚朴（制）6g、乌药 6g、高良姜 6g、干姜 6g、枳壳 6g、佛手 6g、毕澄茄 6g、陈皮 6g、青皮 6g、吴茱萸 3g、郁金 3g、紫苏梗 6g,以上二十七味，取金柑、丁香、肉桂、砂仁、豆蔻、木香、沉香、玫瑰花、延胡索、梅花粉碎成细粉，过筛，混匀；其余香附等十七味加水煎煮二次，每次 1 小时，滤过，合并滤液，浓缩至相对密度为 1.10 (85~90℃) 的稠膏，加入上述细粉及蔗糖粉适量，拌匀，制粒，低温干燥，制成 960g，即得
复方罗布麻冲剂,颗粒剂,清热，平肝，安神。用于高血压、神经衰弱引起的头晕，心悸，失眠等症。,罗布麻叶 50g、菊花 25g、山楂 25g,以上三味，山楂加水煎煮二次，第一次 3 小时，第二次 1 小时，合并煎液，滤过；罗布麻叶、菊花加水热浸（80~90℃）二次，第一次 2 小时，第二次 1 小时，合并煎液，滤过，滤液与上述滤液合并，减压浓缩至相对密度 1.25~1.30 (50℃测)，加 2 倍量 85% 乙醇搅匀，静置。取上清液回收乙醇并浓缩至相对密度 1.25~1.30 (50℃测) 的清膏。取清膏 1 份，蔗糖粉 6.4 份，糊精 1.6 份，制粒，压块，干燥，即得
复胃散胶囊,胶囊剂,补气健脾，制酸止痛，止血生肌。用于胃酸过多、吐血便血、食减形瘦，胃及十二指肠溃疡等症。,黄芪（制）42g、白芷 42g、白及 42g、延胡索（醋制）25g、白芍 42g、海螵蛸 42g、甘草（蜜制）16g,以上七味，粉碎成细粉，混匀，过筛，装入胶囊，制成 1000 粒，即得
保婴散,散剂,除痰，定惊，清热解毒。用于小儿惊风，痰涎壅盛。,胆南星 127g、钩藤 77g、牛黄 57g、冰片 57g、琥珀（制）77g、全蝎（制）93g、珍珠 53g、麝香 40g、白附子（姜醋制）57g、天麻（姜制）77g、蝉蜕（去头足）57g、防风 77g、天竺黄 53g、朱砂 70g,以上十五味，除牛黄、麝香、冰片外，朱砂、珍珠、琥珀水飞或粉碎为极细粉，其余胆南星等九味粉碎成细粉，过筛；将牛黄、麝香、冰片研细，与上述粉末配研，过筛，混匀，置磁质容器中密闭二天，即得
胆乐片,片剂,舒肝利胆，清热解毒，消炎止痛。用于急慢性胆囊炎，胆道结石等胆道疾患。,柴胡 180g、蒲公英 360g、大黄 150g、茵陈 380g、牛黄 40g、栀子 290g、郁金 180g、薄荷油 2g,以上八味，除牛黄、薄荷油外，大黄粉碎成细粉，其余柴胡等五味加水煎煮二次，第一次 2 小时，第二次 1 小时。合并煎液，滤过，滤液浓缩成稠膏，加入大黄粉末及辅料适量，混匀，干燥，粉碎，制成颗粒，干燥。加入牛黄，喷入薄荷油，混匀，压制成 1000 片，包糖衣，即得
胎宝胶囊,胶囊剂,补气，养血，填精。用于身体虚弱，先天不足，气虚血亏，自汗、盗汗，产后体虚。,胎盘粉 100g、胎盘组织粉 200g,以上二味，加液状石蜡 1g，搅匀，过 40 目筛，装入胶囊，即得
独角莲膏,膏剂,消肿拔毒。用于疔毒疮疖，手足皲裂。,白附子 500g（辅料：食用植物油 1500g、红丹 750g）,取白附子 500g，酌予碎断，与食用植物油 1500g 同置锅内（或浸泡 3~10 天），用文武火炸枯，去渣，滤过，炼至滴水成珠，加入红丹 750g，搅匀，收膏，将膏浸泡于水中。取膏用文火熔化，待温，分摊于布或纸上，即得
疮疡膏,膏剂,消肿散结，活血化瘀，拔脓生肌。用于慢性下肢溃疡，乳腺炎及疖、痈。,白芷 96g、血竭 120g、川芎 48g、红花 48g、当归 48g、大黄 48g、升麻 120g、土鳖虫 120g,以上八味，粉碎成粗粉，加乙醇浸泡 24 小时，加热回流提取三次，第一次 2 小时，第二次 2 小时，第三次 1 小时，合并提取液，滤过，滤液减压回收乙醇，浓缩成稠膏状。另取食用植物油 4000g，炼至滴水成珠；取红丹 1250~1750g，加入油内，搅匀，收膏，将膏浸泡于水中。取膏用文火熔化，加入上述稠膏，搅匀，分摊于纸上，即得
疤痕止痒软化膏,膏剂,活血柔皮，除湿止痒。用于灼伤或手术后的增殖性疤痕等。,复方五倍子浸膏 700g、冰片 250g、薄荷脑 200g、樟脑 200g、水杨酸甲酯 150g,以上五味及二甲基亚砜 75g，加入由橡胶 1750g，氧化锌 2000g，松香 1000g，羊毛脂 250g，凡士林 150g，液状石蜡 100g 及汽油适量制成的基质中，搅匀，滤过，静置 24~48 小时，制成涂料，进行涂膏，切段，盖衬，切成小块，即得
洞天长春膏,膏剂,滋补肝肾，补益气血，健脾开胃，养肺生津。用于体质虚弱，病后亏损，头晕目眩，神疲乏力，腰膝酸软等症。,党参 1562.5g、黄芪（蜜炙）1562.5g、熟地黄 2500g、狗脊（制）1562.5g、女贞子 1562.5g、覆盆子 1562.5g、何首乌（制）1250g、牛膝 1250g、当归 1250g、陈皮 1250g、南沙参 937.5g、杜仲（盐水炒）937.5g、川芎 937.5g、百合 937.5g、茯苓 937.5g、白芍（麸炒）937.5g、白术（麸炒）625g、甘草（蜜炙）625g、山药 312.5g、泽泻 312.5g,以上二十味，加水煎煮二次，每次 2.5 小时，合并煎液，滤过，静置 6~8 小时，取上清液浓缩至相对密度为 1.26~1.28 (70~80℃) 的清膏，每 100g 清膏加蔗糖 150g（制成转化糖液）搅匀，浓缩至规定的相对密度，即得
活血消炎丸,丸剂,活血解毒，消肿止痛。用于毒热结于脏腑经络引起的痈疽初起，乳痈结核，红肿作痛。,乳香（醋炙）240g、没药（醋炙）240g、石菖蒲浸膏 30g、黄米（蒸熟）96g、牛黄 30g,以上五味，除牛黄外，其余乳香、没药、黄米三味粉碎成细粉，过筛，混匀，与牛黄配研，过筛，混匀。用石菖蒲浸膏与适量的水，泛丸，阴干，即得
养血安神片,片剂,滋阴养血，宁心安神。用于阴虚血少，头眩心悸，失眠健忘。,仙鹤草 100g、墨旱莲 60g、鸡血藤 60g、熟地黄 60g、地黄 60g、合欢皮 60g、首乌藤 60g,以上七味，取首乌藤 20g 粉碎成细粉，剩余的首乌藤与仙鹤草等六味加水煎煮二次，每次 3 小时，合并煎液，滤过，滤液浓缩成稠膏状，加入首乌藤细粉，混匀，制成颗粒，压片，包糖衣，即得
养血愈风酒,酒剂,养血祛风。用于感受风湿，血脉不利，四肢酸麻，筋骨疼痛。,杜仲（盐水炒）9g、羌活 3g、防风 6g、枸杞子 12g、秦艽 6g、当归 6g、白术（炒）6g、川牛膝 6g、蚕砂 6g、苍耳子 6g、鳖甲（炙）3g、绵萆薢 6g、红花 3g、茄根 12g、陈皮 3g,以上十五味，除红花、枸杞子、蚕砂外，其余杜仲等十二味粉碎成粗粉，与红花、枸杞子、蚕砂混匀，照流浸膏剂与浸膏剂项下的渗漉法（附录 17 页），用白酒 2570ml 作溶剂，先用白酒适量浸渍 48 小时后，以每分钟 1~3ml 的速度缓缓渗漉，收集渗漉液，加入蔗糖 257g，搅拌使溶解，静置，滤过，即得
姜冲剂,颗粒剂,暖脾胃，散风寒。用于胃寒，心腹冷痛，胀满或外感风寒。,干姜（制成提取物）适量（按制剂需求计，每袋相当于原药材 3g）,取干姜，粉碎成粗粉，照流浸膏剂与浸膏剂项下的渗漉法（附录 17 页），用 82% 乙醇作溶剂，浸渍 24 小时后，缓缓渗漉至渗漉液味淡，回收乙醇，浓缩至适量，加蔗糖粉适量，制成颗粒，低温干燥，即得
冠心生脉丸,丸剂,益气生津，活血通脉。用于心气不足，心阴虚弱引起的心血瘀阻，心悸气短，胸闷作痛，自汗乏力，脉微结代；冠心病，心绞痛，心律不齐。,人参 6g、麦冬 24g、五味子（醋炙）3g、丹参 15g、赤芍 15g、郁金 9g、三七 6g,以上七味，除三七粉外，其余人参等六味粉碎成细粉，与三七粉配研，过筛，混匀。每 100g 粉末加炼蜜 90~110g，制成大蜜丸，即得
祛风化痰丸,丸剂,顺气化痰。用于痰壅气闭，狂癫痫症，语言错乱，神昏不语，胸膈不利，头眩耳鸣，哮喘咳嗽。,甘草 200g、玄明粉 200g、郁金 200g、硼砂 50g、金礞石（煅）50g、白矾 40g、朱砂 15g、竹沥膏 20g、生姜汁 15g、冰片 4g、薄荷脑 4g,以上十一味，除薄荷脑、竹沥膏、生姜汁外，朱砂水飞或粉碎成极细粉，冰片研细，其余甘草等六味粉碎成粗粉，与竹沥膏、生姜汁拌匀，干燥，粉碎成细粉，与朱砂、冰片及薄荷脑配研，过筛，混匀。每 100g 粉末加炼蜜 65~75g，制成大蜜丸，即得
热炎宁冲剂,颗粒剂,清热解毒。用于风热感冒，发热，咽喉肿痛，口苦咽干，咳嗽痰黄，尿黄便结，化脓性扁桃体炎，急性咽炎，急性支气管炎，单纯性肺炎。,蒲公英 300g、虎杖 300g、北败酱 300g、半枝莲 150g,以上四味，加水煎煮二次，第一次 2 小时，第二次 1 小时，合并煎液，滤过。滤液浓缩至相对密度 1.38~1.40 (50℃测) 的清膏。取清膏 1 份，加蔗糖粉 2 份，糊精 0.5 份混匀，真空干燥，粉碎成细粉，制成颗粒，干燥，即得
柴黄清热冲剂,颗粒剂,疏风透表，清热解毒。用于外感风热或时疫瘟邪引起的恶寒高热，头痛眩晕，肢体酸痛，咽喉肿痛，烦躁口渴，口苦喜呕。,石膏 45g、柴胡 15g、知母 10g、黄芩 15g、大青叶 15g、薄荷 15g、连翘 10g、牛黄 0.6g、板蓝根 15g、水牛角浓缩粉 0.6g、芦根 20g,以上十一味，除牛黄、水牛角浓缩粉外，柴胡、薄荷、连翘提取挥发油，蒸馏后的水溶液另器收集；大青叶、芦根加水热浸二次，第一次 2 小时，第二次 1 小时，合并浸液，滤过；石膏加水煎煮 3 小时后加入黄芩、板蓝根、知母煎煮二次，第一次 3 小时，第二次 1 小时，合并煎液，滤过，滤液与上述两种药液合并，减压浓缩至相对密度为 1.35~1.40 (50℃测) 的清膏。取清膏 1 份，蔗糖粉 3 份，糊精 1 份、牛黄、水牛角浓缩粉（与糊精、蔗糖粉先配研均匀）及乙醇适量，制成颗粒，干燥，加入上述柴胡等挥发油，混匀，即得
鸬鹚涎丸,丸剂,清肺，化痰，止咳。用于小儿百日咳。,鸬鹚涎（拣去毛）180g、罂粟壳 120g、牛蒡子 180g、青黛 60g、苦杏仁 120g、天花粉 120g、栀子（炒）120g、麻黄 48g、射干 60g、细辛 30g、石膏 120g、甘草 24g,以上十二味，除鸬鹚涎外，其余牛蒡子等十一味粉碎成细粉，过筛，混匀，加入鸬鹚涎及炼蜜约 301g 与水适量，泛丸，制成 1392 粒，干燥，即得
铁娃散,散剂,清热化滞。用于小儿内热，停食停乳引起的腹胀身热，呕吐痰涎，四肢抽搐，大便秘结。,枳实 30g、全蝎 30g、当归 60g、巴豆霜 1.5g、牛黄 1.5g、六神曲（麸炒）30g、麦芽（炒）30g、山楂（炒）12g、朱砂 120g,以上九味，除巴豆霜、牛黄外，朱砂水飞或粉碎成极细粉；其余枳实等六味粉碎成细粉；将巴豆霜、牛黄分别研细，与上述粉末配研，过筛，混匀，即得
秘制舒肝丸,丸剂,舒肝，解郁，止痛。用于气郁不舒引起的两胁胀满，胃脘刺痛，嗳气吞酸，呕吐酸水，四肢抽痛，倒饱嘈杂，不思饮食。,川楝子 45g、延胡索（醋炙）30g、木香 24g、陈皮 24g、厚朴（姜炙）18g、砂仁 24g、豆蔻 18g、枳壳（麸炒）30g、沉香 30g、茯苓 30g、白芍 36g、片姜黄 30g、朱砂 10.5g,以上十三味，朱砂水飞或粉碎成极细粉；其余川楝子等十二味粉碎成细粉，过筛，混匀，与上述粉末配研，过筛，混匀。每 100g 粉末加炼蜜 50~60g 与适量的水，泛丸，包衣，低温干燥，或加炼蜜 150~160g 制成大蜜丸，即得
透骨镇风丸,丸剂,疏风散寒，温通经络。用于风寒湿邪、痹阻经络引起的腰背疼痛，肢体麻木，筋骨软弱，半身不遂，跌打损伤，瘀血肿痛。,香加皮 450g、关木通 450g、青风藤 450g、防风 450g、僵蚕（麸炒）450g、木瓜 450g、木贼 225g、白附子（矾炙）225g、丁香 225g、草果 225g、八角茴香 225g、赤芍 450g、川芎 450g、巴戟天（甘草炙）450g、乳香（醋炙）450g、自然铜（煅醋淬）225g、杜仲（炭）450g、葫芦巴（盐炙）225g、龟甲（沙烫醋淬）450g、韭菜子 225g、大青盐 225g、茯苓 450g、甘草 225g、人参 225g、枳壳（麸炒）450g、连翘 450g、罂粟壳 450g、天南星（矾炙）450g、香附（醋炙）450g、川楝子 225g、麝香 114g、甘松 450g、天麻 450g、羌活 450g、独活 450g、海桐皮 450g、川乌（甘草银花炙）225g、细辛 225g、干姜 450g、山奈 225g、肉桂 450g、高良姜 225g、牡丹皮 450g、莪术（醋炙）450g、三棱（麸炒）225g、虎骨（油炙）450g、白芍 450g、益智仁（盐炙）450g、黄芪 450g、肉苁蓉（酒炙）450g、小茴香（盐炙）225g、龙骨（煅）450g、苦杏仁 450g、法半夏 225g、五味子（醋炙）225g、柏子仁 450g、乌药 450g、桔梗 450g、远志（甘草炙）450g、枳实 450g、朱砂 228g、荆芥 450g、白芷 450g、麻黄 450g、苍术 450g、全蝎 450g、草乌（甘草银花炙）225g、吴茱萸（甘草炙）450g、肉豆蔻（煨）225g、红豆蔻 450g、豆蔻 225g、没药（醋炙）450g、牛膝 450g、血竭 225g、菟丝子 450g、当归 450g、续断 450g、石南藤 450g、地骨皮 450g、补骨脂（盐炙）225g、熟地黄 450g、鹿茸 225g、陈皮 450g、白术（麸炒）225g、广藿香 450g、滑石 450g、厚朴（姜炙）450g、青皮（醋炙）450g、砂仁 450g、木香 225g,以上九十味，朱砂水飞或粉碎成极细粉，麝香研成细粉，其余香加皮等八十八味粉碎成细粉，过筛，混匀，与上述粉末配研，过筛，混匀。每 100g 粉末加炼蜜 140~150g 制成大蜜丸，即得
健儿片,片剂,扶正祛邪，固表止汗，健脾和胃。用于脾胃弱引起的少食，多汗，睡眠不宁。,黄芪 180g、牡蛎 54g、五味子 54g、淫羊藿 54g、黄精 54g、茯苓 54g、鸡内金 42g、青黛 9g,以上八味，青黛研细；牡蛎、鸡内金粉碎成细粉；黄精、茯苓加 70% 乙醇加热回流提取二次，第一次 2 小时，第二次 1 小时，合并药液，滤过，回收乙醇；五味子加 85% 乙醇加热回流提取二次，第一次 2 小时，第二次 1 小时，合并药液，滤过，回收乙醇；药渣与黄芪、淫羊藿加水煎煮二次，每次 1 小时，合并煎液，滤过，与上述药液合并，浓缩至相对密度 1.35~1.40 (50℃测) 的稠膏，加入上述粉末，混匀，制粒，干燥，压制成 1000 片，包糖衣，即得
健脾壮腰药酒,酒剂,补气养血，健脾补肾，通经活络。用于气血不足，纳食不佳，腰腿酸楚，神疲乏力，失眠健忘。,甘草 10g、红花 10g、山药 30g、地黄 60g、龙眼肉 30g、黄芪 50g、大枣 80g、制何首乌 40g、当归 30g、牛膝 50g、续断 60g、党参 40g、茯苓 40g、杜仲 40g,以上十四味，以白酒 4500g、3500g 分二次浸渍，每次 2 星期，取上清液，滤过，合并滤液。另取蔗糖 800g，用少量白酒加热溶化后，加入药酒内搅匀，静置沉淀 2~3 星期，取上清液，滤过，约得 9250g，即得
胰胆炎合剂,口服液,清泻肝胆湿热。用于急性胰腺炎，急性胆囊炎，也可用于慢性胰腺炎，慢性胆囊炎的急性发作。,柴胡 150g、黄芩 120g、厚朴 100g、大黄 20g、枳实 150g、蒲公英 150g、赤芍 150g、北败酱 150g、法半夏 100g、甘草 60g,以上十味，大黄粉碎成细粉，过筛，混匀，分装，即得。其余柴胡等九味加水煎煮二次，第一次 2 小时，第二次 1 小时，合并煎液，滤过，浓缩至相对密度 1.15~1.20 (50℃测) 的清膏。每 300g 清膏加炼蜜 100g、对羟基苯甲酸乙酯 0.04g，加热，混匀，灌封，即得
消肿痛醋膏,膏剂,清热解毒，活血祛瘀，消肿止痛。用于闭合性软组织损伤，带状疱疹，流行性腮腺炎，血栓静脉炎等。,黄柏 125g、生半夏 125g、五倍子（面炒，去虫）125g、伸筋草 125g,以上四味，粉碎成细粉，过筛，混匀，加入米醋 1200~1300ml，武火加热，充分搅拌，沸后停止加热，继续搅拌 5 分钟，加入甘油 25ml，搅匀，放凉，即得
消炎癣湿药膏,膏剂,杀菌，收湿，止痒。用于头癣，体癣，足癣，慢性湿疹，滋水搔痒，疥疮。,升药底 50g、蛇床子 50g、升华硫 50g、樟脑 50g、冰片 30g、苯酚 40ml（按质量计约 44g）,以上六味，除苯酚外，其余升药底等五味分别研成细粉，过筛。取凡士林 1000g 加热使熔化，滤过，加入升药底、蛇床子、升华硫、苯酚，搅匀，稍冷后加入樟脑、冰片，搅匀，即得
烫火散,散剂,清解火毒。用于烫伤火灼。,地榆（炭）80g、寒水石 20g、大黄 40g、石膏 40g、黄柏 40g,以上五味，粉碎成细粉，过筛，混匀，即得
益气养元冲剂,颗粒剂,益气补血，养心安神。用于气血两亏引起的头晕目眩，精神恍惚，肢体倦怠，气短自汗，心悸失眠，病后及产后体虚，月经过多。,党参 100g、白术（麸炒）100g、黄芪（蜜炙）100g、当归 100g、麦冬 100g、白芍 100g、熟地黄 100g、陈皮 50g、远志（甘草炙）50g、紫河车 75g、肉桂 25g,以上十一味，紫河车粉碎成细粉，当归、陈皮、肉桂提取挥发油，蒸馏后的水溶液另器收集；其余党参等七味，加水煎煮二次，第一次 3 小时，第二次 1 小时，合并煎液，滤过，滤液与上述水溶液合并，浓缩至相对密度为 1.35~1.40 (50℃测) 的清膏。取清膏 1 份，加蔗糖 3 份，糊精 1 份及紫河车粉（先与蔗糖粉、糊精配研均匀）制成颗粒，干燥，加入上述当归等挥发油，混匀，即得
益心酮片,片剂,活血化瘀，宣通心脉，理气舒络。用于胸闷憋气，心悸健忘，眩晕耳鸣及冠心病心绞痛，高血脂症，脑动脉供血不足。,山楂叶总黄酮 32g（辅料：淀粉 32g、糊精 25g、蔗糖 5g、滑石粉 5g、硬脂酸镁 1g）,取山楂叶总黄酮 32g，淀粉 32g，糊精 25g，蔗糖 5g，混匀，制成颗粒，60℃以下干燥。加入滑石粉 5g，硬脂酸镁 1g，混匀，压制成 1000 片，包糖衣，即得
益血膏,膏剂,益精血，补肝肾。用于气虚血亏引起的面色萎黄，精神倦怠，头晕目眩，妇女血虚，月经不调，血小板减少，血色素降低。,黄芪 124.1g、当归 99.3g、川芎 82.7g、益母草 248.3g、菟丝子 82.7g、大黄 24g、木香 24.9g、白芍 124.1g、地黄 124.1g、何首乌（黑豆酒炙）82.7g、枸杞子 82.7g,以上十一味，当归、川芎、木香提取挥发油，蒸馏后的水溶液另器收集，药渣与其余黄芪等八味，加水煎煮二次，第一次 3 小时，第二次 1 小时，合并煎液，滤过，滤液与上述水溶液合并，浓缩至相对密度 1.35~1.40 (50℃测) 的清膏。每 100g 清膏加炼蜜 100g，混匀，放冷，加入当归等挥发油，混匀，即得
益龄精,口服液,补肝肾，益精髓。用于头昏目眩，耳鸣心悸，乏力，咽干失眠，高血压见有上述症状者亦可使用。,制何首乌 600g、金樱子肉 300g、桑椹 300g、女贞子（酒蒸）150g、豨莶草（蜜酒蒸）75g、川牛膝（酒蒸）75g、菟丝子（酒蒸）150g,以上七味，加水煎煮三次，每次 2 小时，合并煎液，滤过，滤液浓缩至相对密度约 1.08 (热测)，加入乙醇约 1.5 倍量，搅匀，静置，滤过，滤液回收乙醇；加入炼蜜 330g 及防腐剂适量，搅匀，制成约 1650ml，静置，滤过，即得
烧伤喷雾剂,气雾剂,泻火解毒，消肿止痛，祛瘀生新。用于Ⅰ、Ⅱ度烧伤。,黄连 5g、黄柏 5g、大黄 2g、紫草 5g、川芎 5g、白芷 5g、细辛 5g、红花 2g、地榆 5g、榆树皮 50g、酸枣树皮 10g、冰片适量（按制剂需求计）,以上十二味，除冰片外，其余黄连等十一味适当粉碎，过筛，用 75% 乙醇适量浸渍 2 次，每次 48 小时以上，共收集浸渍液 130ml；滤过，加入冰片（每公斤药液加冰片 5g），搅拌均匀，密闭，静置 24 小时，灌装，即得
桑姜感冒片,片剂,散风清热，祛寒止咳。用于感冒，咳嗽，头痛，咽喉肿痛。,桑叶 300g、菊花 120g、紫苏 160g、连翘 160g、苦杏仁 160g、干姜 100g,以上六味，取桑叶 150g 粉碎成细粉，将剩余桑叶与其余菊花等五味加水煎煮三次，第一次 1.5 小时，第二、三次各 1 小时，合并煎液，滤过，滤液浓缩成稠膏，加入桑叶细粉，混匀，干燥，粉碎，制成颗粒，干燥，压制成 1000 片，包糖衣，即得
黄水疮散,散剂,除湿拔干，解毒止痒。用于各种湿疮，黄水疮，破流黄水，浸淫不已，痛痒不休。,五倍子 96g、枯矾 96g、黄柏 96g、槐米（炒）96g、白芷 96g、轻粉 48g、红丹 96g,以上七味，除轻粉、红丹外，其余五倍子等五味粉碎成细粉，将轻粉、红丹研细，与上述粉末配研，过筛，混匀，即得
黄芪精,口服液,补血养气，固本止汗。用于气虚血亏，表虚自汗，四肢乏力，精神不足或久病衰弱，脾胃不壮。,黄芪 1000g（制成口服液 1500ml）,取黄芪粗粉 1000g，照流浸膏剂与浸膏剂项下的渗漉法，以 3% 乙醇为溶剂，浸渍 24 小时后进行渗漉，收集漉液，浓缩至适量，加入蜂蜜 150g，对羟基苯甲酸乙酯 0.35g，香精适量，加水稀释至 1500ml，搅匀，静置，滤过，灌封，即得
黄连上清片,片剂,清热通便，散风止痛。用于头晕目眩，暴发火眼，牙齿疼痛，口舌生疮，咽喉肿痛，耳痛耳鸣，大便秘结，小便短赤。,黄连 5g、薄荷 40g、大黄 160g、荆芥穗 20g、石膏 20g、蔓荆子（炒）40g、白芷 40g、甘草 20g、川芎 20g、菊花 80g、旋覆花 20g、桔梗 20g、连翘 40g、防风 20g、栀子（姜炙）40g、黄柏（酒炒）40g、黄芩 40g,以上十七味，大黄、白芷、黄连、石膏粉碎成细粉；连翘、荆芥穗、薄荷提取挥发油，药渣加水煎煮二次，每次 1 小时，合并煎液，滤过，滤液浓缩成稠膏；其余旋覆花等十味用 70% 乙醇加热回流 2 小时，提取液回收乙醇，浓缩成稠膏，药渣再加水煎煮二次，每次 1 小时，合并煎液，滤过，滤液浓缩成稠膏；合并三种稠膏，浓缩至相对密度为 1.25 (90℃) 的清膏，与上述粉末混匀，制成颗粒，干燥，喷入连翘等挥发油，混匀，压制成 1000 片，包糖衣，即得
黄金波药酒,酒剂,祛风活血，温中和胃。用于肢体麻木，筋骨疼痛，胃寒胀满。,当归 30g、佛手 30g、红花 30g、陈皮 25g、龙眼肉 25g、肉豆蔻 25g、川芎 20g、白芷 20g、肉桂 20g、砂仁 20g、栀子 20g、地骨皮 20g、黄芩 15g、高良姜 12.5g、丁香 12.5g、千年健 12.5g、檀香 10g、甘草 20g,以上十八味，粉碎成粗粉，装入袋内于 60 度白酒 12000g 中浸泡三十天，每日抽提药袋一次。将药袋取出压榨，压榨液与浸液合并。另取冰糖 3200g，加水适量熬成糖液，与浸液搅匀，置坛内密封三个月，滤过，即得
菊花茶调散,散剂,清头明目，解表退热。用于伤风感冒，偏正头痛，鼻塞声哑。,川芎 200g、薄荷 150g、荆芥 200g、羌活 100g、防风 75g、细辛 50g、白芷 100g、甘草（蜜炙）100g、菊花 100g、僵蚕（麸炒）100g,以上十味，粉碎成细粉，过筛，混匀，即得
救急散,散剂,解表清热，镇惊化痰。用于内热食滞，外感风寒引起的身烧口渴，咳嗽痰盛，咽喉肿痛，惊风抽搐，夜卧不安，隐疹不出。,天南星（矾炙）240g、僵蚕（麸炒）72g、白附子（矾炙）60g、天竺黄 60g、天麻 96g、荆芥穗 60g、薄荷 240g、牛蒡子（炒）120g、柴胡 60g、葛根 120g、川乌（制）60g、桔梗 18g、陈皮 180g、木香 60g、黄芩 240g、黄连 6g、大黄 180g、莲子心 60g、玄参 180g、西河柳 120g、滑石 120g、雄黄 147g、麝香 22g、冰片 220g、牛黄 22g、朱砂 441g,以上二十六味，除麝香、冰片、牛黄外，雄黄、朱砂分别水飞或粉碎成极细粉，其余天南星等二十一味粉碎成细粉，将麝香、冰片、牛黄研细，与上述粉末配研，过筛，混匀，即得
蛇胆川贝胶囊,胶囊剂,清肺，止咳，除痰。用于肺热咳嗽，痰多。,蛇胆汁 49g、川贝母 295g,以上二味，川贝母粉碎成细粉，与蛇胆汁混匀，干燥，粉碎，过筛，分装于 1000 粒胶囊中，即得
婴儿素,散剂,健脾，消食，止泻。用于消化不良，乳食不进，腹痛腹泻。,白扁豆（炒）400g、山药 120g、鸡内金（炒）120g、白术（炒）120g、川贝母 8g、木香（炒）120g、碳酸氢钠 120g、牛黄 0.25g,以上八味，除牛黄、碳酸氢钠外，白扁豆等六味粉碎成细粉，将牛黄研细，与碳酸氢钠及上述粉末配研，过筛，混匀，即得
婴儿散胶囊,胶囊剂,健脾，消食，止泻。用于消化不良，乳食不进，腹痛腹泻。,白扁豆（炒）100g、鸡内金（炒）30g、川贝母 2g、山药（炒）30g、木香 30g、白术（炒）30g、碳酸氢钠 30g、牛黄 0.06g,以上八味，除牛黄、碳酸氢钠外，其余白扁豆等六味粉碎成细粉；将牛黄研细，与碳酸氢钠及上述粉末配研，过筛，混匀，加入葡萄糖粉 70g，混匀，装入胶囊，即得
婴宁散,散剂,驱风，除痰，定惊，开窍。用于小儿惊风，痰涎壅盛，夜啼惊跳。,胆南星 465g、关白附（制）93g、甘草 47g、钩藤 116g、天竺黄 116g、天花粉 116g、木香 116g、全蝎（泡）93g、僵蚕（制）93g、金礞石（煅）116g、牛黄 37g、防风 116g、雄黄 140g、冰片 55g、珍珠 31g、茯苓 116g、沉香 47g、朱砂 354g、薄荷 116g、薄荷叶 70g、天麻（制）116g、白芷 70g、石菖蒲 70g、麝香 37g、远志（制）93g、琥珀 215g,以上二十六味，除牛黄、麝香、冰片外，雄黄、珍珠、朱砂、琥珀分别水飞成极细粉，其余胆南星等十九味粉碎成细粉，过筛；将牛黄、麝香、冰片研细，与上述各粉末配研，过筛，混匀，即得
银黄片,片剂,清热，解毒，消炎。用于急慢性扁桃体炎，急慢性咽喉炎，上呼吸道感染。,金银花提取物 100g、黄芩提取物 40g,以上二味，加淀粉适量，混匀，压制成 1000 片，包糖衣，即得
银黄冲剂,颗粒剂,清热，解毒，消炎。用于急慢性扁桃体炎，急慢性咽喉炎，上呼吸道感染。,金银花提取物 100g、黄芩提取物 40g（辅料：蔗糖粉 80g、淀粉适量）,以上二味，加蔗糖粉 80g 与淀粉适量，搅拌均匀，制成颗粒，60℃以下干燥，制成 1000g，即得
清热暗疮丸,丸剂,清热解毒，凉血散瘀，泻火通腑。用于治疗痤疮、疖痛等。,金银花 500g、大黄浸膏 125g、穿心莲浸膏 250g、牛黄 15g、蒲公英浸膏 175g、珍珠层粉 37.5g、山豆根浸膏 125g、甘草 100g、栀子浸膏 125g,以上九味，取甘草粉按水丸制法，制成每粒重 5mg 的丸子，然后用金银花粉，穿心莲、蒲公英、山豆根、栀子、大黄浸膏粉的混合粉泛制加大。干燥后用牛黄、珍珠层粉及滑石粉适量为底层，加食用色素调至棕色，包衣，打光，制成 10000 丸，即得
清热暗疮片,片剂,清热解毒，凉血散瘀，泻火通腑。用于治疗痤疮、疖痈等。,金银花 500g、大黄浸膏 125g、穿心莲浸膏 250g、牛黄 15g、蒲公英浸膏 175g、珍珠层粉 37.5g、山豆根浸膏 120g、甘草 100g、栀子浸膏 125g,以上九味，取金银花、甘草粉碎成细粉，与穿心莲、蒲公英、山豆根、栀子、大黄浸膏及淀粉、糊精适量，混匀后制成颗粒，干燥，加入硬脂酸镁适量，混匀，压制成 10000 片。取牛黄、珍珠层粉充分研匀后，与滑石粉适量套研至色泽一致，过筛为底层，包糖衣，即得
清淋冲剂,颗粒剂,清热泻火，利水通淋。用于膀胱湿热，尿频涩痛，淋沥不畅，癃闭不通，小腹胀满，口干咽燥等症。,瞿麦 30g、篇蓄 30g、关木通 30g、车前子（盐炒）30g、滑石 30g、栀子 30g、大黄 30g、甘草（炙）30g,以上八味，加水煎煮三次，每次 1 小时，合并煎液，滤过，滤液浓缩至 1:1.5，加乙醇使含醇量达 65%，充分搅拌，放置 24 小时，滤过，沉淀再加 65% 乙醇适量，充分搅拌，放置 4 小时，滤过，与上述滤液合并，减压回收乙醇并浓缩至相对密度为 1.28~1.30 (80℃) 的清膏，加蔗糖粉适量，混匀，用 45% 乙醇制粒，干燥，制成 270g，即得
混元丸,丸剂,健脾，益肾。用于小儿先天不足，后天失调，脾胃虚弱引起的体质软弱，发育不良，面黄肌瘦，饮食少进，遗尿便溏。,紫河车 60g、人参 30g、黄芪 30g、山药 60g、甘松 120g、益智仁 (盐炒) 180g、远志 (甘草炙) 75g、桔梗 30g、茯苓 150g、天竺黄 30g、木香 30g、砂仁 90g、香附 (醋炙) 300g、梅花 90g、莪术 (醋炙) 90g、牡丹皮 600g、天花粉 300g、滑石 1800g、甘草 300g,以上十九味，粉碎成细粉，过筛，混匀。每 100g 粉末加炼蜜 70~80g 制成大蜜丸，即得
羚羊感冒胶囊,胶囊剂,清热解表。用于流行性感冒，伤风咳嗽，头晕发热，咽喉肿痛。,羚羊角 7.5g、牛蒡子 240g、淡豆豉 150g、金银花 360g、荆芥 180g、连翘 360g、淡竹叶 180g、桔梗 240g、薄荷油 15ml (或薄荷脑 0.75g)、甘草 150g,以上十味，羚羊角锉研成细粉，桔梗粉碎成细粉；荆芥、连翘提取挥发油后，药渣及药液加入金银花、淡竹叶、淡豆豉、牛蒡子、甘草与水适量煎煮二次，每次 2 小时，合并煎液，滤过，滤液浓缩成稠膏，加入桔梗粉末及辅料适量，混匀，制成颗粒，干燥，粉碎，过筛，喷加薄荷油和荆芥、连翘挥发油的乙醇稀释液，再加入羚羊角细粉，混匀，装入胶囊，制成 1000 粒，即得
强心丸,丸剂,滋阴补气，强心安神。用于气血虚弱，虚火上升引起的健忘失眠，心跳气短，惊悸不安，遗精盗汗，目暗耳鸣，腰酸腿软，午后发热，肢体倦怠。,当归 150g、牡蛎 (煅) 150g、党参 300g、陈皮 75g、龙眼肉 300g、女贞子 (酒炙) 150g、黄芪 (蜜炙) 300g、天冬 150g、石斛 150g、甘草 (蜜炙) 75g、菟丝子 150g、五味子 (醋炙) 120g、柴胡 45g、磁朱丸 30g、龙骨 (煅) 150g、酸枣仁 (炒) 600g、地锦草 600g、白术 (炒) 150g、远志 (甘草炙) 150g、人参 30g、木蝴蝶 150g、玉竹 300g、阿胶 300g、麦冬 150g、黄芩 150g、枸杞子 150g、葶苈子 (盐炙) 300g、鹿角霜 150g、地黄 150g、丹参 300g、黄柏 75g、何首乌 300g、仙鹤草 450g、茯神 300g、白附片 30g、知母 60g、紫河车 150g,以上四十二味，粉碎成细粉，过筛，混匀。用水泛丸，干燥。每 1000g 丸药用朱砂粉 125g、明胶 1g 或糯米粉 1.5g 调稀糊，包衣，打光，即得
强身健脑片,片剂,镇静，安神。用于神经衰弱，失眠健忘，头昏目眩，易感疲劳，营养不良，身体虚弱。,人参 10g、鹿茸 3g、柏子仁 (制霜) 80g、当归 80g、白芍 (土炒) 80g、五味子 240g、茯苓 40g、甘草 20g、肉苁蓉 40g、地黄 80g、川芎 (炒) 20g、酸枣仁 (炒) 240g、熟地黄 80g、猪脑提取物 17g,以上十四味，除猪脑提取物外，人参、鹿茸、白芍、当归粉碎成细粉；其余五味子等九味加水煎煮二次，每次 2 小时，合并煎液，滤过，滤液与猪脑提取物合并，减压浓缩至相对密度为 1.25 (90℃) 的清膏。将粉末与清膏混匀，70℃干燥，粉碎成颗粒状，加 3% 蔗糖粉及 0.5% 硬脂酸镁，混匀，过筛，压制成 1000 片，包糖衣，即得
越鞠二陈丸,丸剂,理气解郁，化痰和中。用于胸腹闷胀，嗳气不断，吞酸呕吐，消化不良，咳嗽痰多。,香附 (醋制) 100g、苍术 (炒) 100g、川芎 100g、半夏 (制) 100g、麦芽 (炒) 100g、六神曲 (炒) 100g、茯苓 100g、栀子 (炒) 100g、陈皮 100g、甘草 50g,以上十味，粉碎成细粉，过筛，混匀。用水泛丸，干燥，即得
散结灵胶囊,胶囊剂,散结消肿，活血止痛。用于阴疽初起，皮色不变，肿硬作痛，瘰疬鼠疮。,乳香 (醋炙) 46.5g、没药 (醋炙) 46.5g、五灵脂 (醋炙) 93g、地龙 93g、木鳖子 46.5g、当归 46.5g、石菖蒲 62g、草乌 (甘草银花炙) 93g、枫香脂 93g、香墨 7.4g,以上十味，取乳香、没药、五灵脂、枫香脂、香墨五味粉碎成细粉；其余地龙等五味，用 80% 乙醇回流提取二次，第一次 3 小时，第二次 2 小时，滤过，合并滤液，回收乙醇，减压缩至相对密度 1.35~1.40 (50℃) 的稠膏，干燥，粉碎成细粉，加入辅料适量，与上述粉末混匀，装胶囊，制成 1500 粒，即得
喉痛解毒丸,丸剂,清热解毒，消炎止痛。用于喉痹乳蛾，疔疖肿毒以及口舌生疮。,牛黄 45g、冰片 30g、雄黄 30g、蟾酥 30g、青黛 30g、山豆根 60g、百草霜 45g,以上七味，除百草霜外，雄黄水飞或粉碎成极细粉，山豆根粉碎成极细粉，其余牛黄等四味研细 (未研细的蟾酥用水制成蟾酥浆另存)，与上述粉末配研，过筛，混匀，用水泛丸，低温干燥。将百草霜研细，用蟾酥浆和百草霜粉末包衣，低温干燥，打光，即得
舒乐热熨剂,散剂,祛风散寒，活血止疼。用于风寒凝滞引起的筋骨肌肉疼痛，腰肌劳损，肩关节周围炎，风湿性关节炎。,生川乌 6.3g、桉油 0.5ml、姜黄 5.0g、白芥子 3.8g、细辛 3.8g、红花 3.8g、独活 8.4g、艾叶 3.8g、乳香 1.3g、川芎 5.0g、苍术 6.3g、薄荷油 0.5ml、松节油 0.5ml、樟脑 1.0g,以上十四味，除松节油、桉油、薄荷油外，樟脑研成细粉，其余生川乌等十味粉碎成细粉，加入松节油、桉油、薄荷油及樟脑细粉，混匀；再将锯末 50g、活性炭 100g 与上述粉末混匀，在搅拌下缓缓加入发热剂 310g，搅匀，分装成 10 袋，即得
舒肝平胃丸,丸剂,舒肝，消滞。用于胸胁胀满，倒饱嘈杂，呕吐酸水，胃脘疼痛，食滞不消。,厚朴 (姜炙) 30g、陈皮 30g、枳壳 (麸炒) 30g、法半夏 30g、苍术 60g、甘草 (蜜炙) 30g、槟榔 (炒焦) 15g,以上七味，粉碎成细粉，过筛，混匀，另取生姜 9g 压榨取汁，残渣与红枣 9g，加水煎煮，滤过，滤液与生姜汁合并泛丸，干燥。每 1000 克丸药用生石膏粉 188g 包衣，打光，即得
舒胸片,片剂,活血，祛瘀，止痛。用于血瘀型冠心病、心绞痛、心律失常，瘀血疼痛，跌打损伤。,三七 100g、红花 100g、川芎 200g,以上三味，三七粉碎成细粉，过筛，川芎加水煎煮 2 小时，滤过，滤液另存，药渣与红花加水煎煮二次，每次 1 小时，合并三次煎液，滤过，静置 24 小时，取上清液，滤过，滤液浓缩，干燥成干浸膏，粉碎成细粉，加入三七细粉，混匀，制成颗粒，压制成 1000 片，包糖衣，即得
猴耳环消炎片,片剂,清热解毒，凉血消肿，止泻。用于上呼吸道感染，急性咽喉炎，急性扁桃体炎，急性胃肠炎，亦可试用于细菌性痢疾。,猴耳环（制成干浸膏，每片含猴耳环干浸膏 0.2g）,取猴耳环干浸膏，加辅料适量，拌匀，制粒，干燥，压制成片，包糖衣，即得
猴耳环消炎胶囊,胶囊剂,清热解毒，凉血消肿，止泻。用于上呼吸道感染，急性咽喉炎，急性扁桃体炎，急性胃肠炎，亦可试用于细菌性痢疾。,猴耳环（制成干浸膏，每粒含猴耳环干浸膏 0.4g）,取猴耳环干浸膏加辅料适量，拌匀，装入胶囊，即得
痧药蟾酥丸,丸剂,驱暑辟秽，开窍解毒。用于痧胀吐泻，腹中绞痛，中暑昏迷，四肢厥冷。,蟾酥 (酒化) 102g、麝香 34g、甘草 (炒) 572g、朱砂 409g、天麻 (制) 469g、大黄 780g、苍术 (制) 390g、麻黄 (沸水泡) 469g、雄黄 409g、丁香 78g,以上十味，除蟾酥、麝香外，朱砂、雄黄分别水飞成极细粉，其余甘草等六味粉碎成细粉，过筛。将蟾酥、麝香研细，再与其他粉末配研，过筛，混匀。用水泛丸，以朱砂为衣，打光，干燥，即得
溃疡散胶囊,胶囊剂,理气和胃，制酸止痛。用于脾胃湿热，胃脘胀痞，胃酸过多，溃疡病，慢性胃炎。,甘草 500g、白及 75g、延胡索 150g、泽泻 50g、海螵蛸 75g、薏苡仁 75g、黄芩 150g、天仙子 2g,以上八味，甘草用氨水 (1→100) 渗漉，漉液浓缩成稠膏。其余延胡索等七味粉碎成细粉，与上述稠膏混匀，用 60% 乙醇制粒，干燥，装胶囊，即得
滋补健身丸,丸剂,补肾，理脾，祛湿，消胀。用于脾胃虚弱，水不运化引起的精神倦怠，腰膝酸软，腹胀浮肿，肢体沉重，胸胀喘嗽。,车前子 (清炒) 480g、菟丝子 (清炒) 480g、楮实子 120g、茼麻子 120g、甘草 48g、肉桂 48g、大枣 60g、化橘红 24g、葶苈子 60g,以上九味，粉碎成细粉，过筛，混匀。每 100g 粉末加炼蜜 90~100g 制成大蜜丸，即得
犀羚解毒丸,丸剂,辛凉发表，祛瘟解毒。用于外感时邪引起的发热恶风，头痛目眩，四肢酸懒，面赤腮肿，咽干口燥，咳嗽咽痛。,玄参 30g、连翘 30g、薄荷 9g、牛蒡子 (炒) 9g、荆芥穗 9g、板蓝根 12g、金银花 30g、地黄 18g、麦冬 12g、栀子 9g、淡竹叶 15g、桔梗 12g、甘草 9g、犀角粉 0.03g、水牛角浓缩粉 0.54g、羚羊角粉 0.3g、冰片 6g,以上十七味，除犀角粉、水牛角浓缩粉、羚羊角粉外，冰片研成细粉；其余玄参等十三味粉碎成细粉，过筛，混匀，与上述犀角粉等四味粉末配研，过筛，混匀。每 100g 粉末加炼蜜 120~130g 制成大蜜丸，即得
榄葱茶,茶剂,解表，平胃。用于伤风感冒所致的发热，头痛，流涕，喷嚏，喉痒咽痛，胸腹胀满。,青果 (去核) 2498g、生姜 3885g、葱头 (鲜) 3885g、紫苏叶 4441g,以上四味，粉碎成粗粉，过筛，混匀，干燥，包装。或取鲜葱头、生姜压榨取汁；紫苏叶取 2000g 粉碎；余下的紫苏叶与青果及上述压榨取汁后的药渣加水煎煮二次，滤过，合并滤液，浓缩，加入紫苏叶粉与适量辅料，混匀，干燥，分装，即得
感冒水,酊剂,散风解热。用于外感风寒引起的头痛身烧，鼻塞流涕，恶寒无汗，骨节酸痛，咽喉肿痛。,羌活 30g、麻黄 60g、桂枝 45g、荆芥穗 45g、防风 30g、白芷 30g、川芎 30g、石菖蒲 15g、葛根 45g、薄荷 15g、苦杏仁 60g、当归 30g、黄芩 60g、桔梗 30g,以上十四味，荆芥穗、薄荷提取挥发油至油尽，并滤取药液，浓缩至相对密度 1.20 (50℃热测) 的清膏，其余羌活等十二味，用 80% 乙醇加热回流二次，第一次 3 小时，第二次 2 小时，滤过，收集第一次提取液的 1/10 量作母液，其余滤液合并，回收乙醇至相对密度为 1.20 (50℃热测) 的清膏，与上述清膏搅匀，加一倍量乙醇，混匀，与上述母液合并，静置 48~72 小时，滤过，滤液再静置 48~72 小时，滤过，加水至总量 640ml，加入薄荷及荆芥穗挥发油，混匀，灌装，即得
感冒软胶囊,胶囊剂,散风解热。用于外感风寒引起的头痛身烧，鼻塞流涕，恶寒无汗，骨节酸痛，咽喉肿痛。,羌活 30g、麻黄 60g、桂枝 45g、荆芥穗 45g、防风 30g、白芷 30g、川芎 30g、石菖蒲 15g、葛根 45g、薄荷 15g、苦杏仁 60g、当归 30g、黄芩 60g、桔梗 30g,以上十四味，荆芥穗、薄荷提取挥发油，并滤取药液；其余羌活等十二味，用 80% 乙醇加热回流二次，第一次 2 小时，第二次 1 小时，滤过，合并滤液，回收乙醇至无醇味，与上述滤液合并，浓缩至相对密度为 1.30 (50℃热测) 的稠膏，减压干燥，粉碎成细粉，加入植物油及上述挥发油，混匀，制成软胶囊，即得
腹痛水,酊剂,温中止痛，解毒辟秽，和胃止泻。用于胃痛，腹痛，恶心腹胀，呕吐泄泻，急性胃肠炎，胃痉挛。,儿茶酊 400g、辣椒酊 30g、蟾酥酊 47.5g、薄荷油 7.5g,以上四味，取薄荷油溶解于乙醇 (60%) 583g 中，徐徐加入单糖浆 3700g，搅匀，再依次加入儿茶酊、蟾酥酊、辣椒酊，混匀，滤过，即得
解心痛片,片剂,宽胸理气，通脉止痛。用于治疗冠心病，胸闷，心绞痛。,瓜蒌 360g、香附 180g、淫羊藿 180g,以上三味，取香附 72g 粉碎成细粉，过筛；瓜蒌、淫羊藿及香附 108g 加水煎煮二次，第一次 2 小时，第二次 1.5 小时，滤过，合并滤液，浓缩至稠膏状，加入香附细粉，混匀，制成颗粒，压制成片，包糖衣，即得
解热消炎胶囊,胶囊剂,清热解毒，镇惊安神。用于外感风热引起的发烧，咽喉肿痛，扁桃腺炎，咽炎等症。,胆酸 32.5g、猪去氧胆酸 37.5g、珍珠母粉 500g、水牛角浓缩粉 250g、黄芩甙 50g、栀子提取物 30g、金银花提取物 90g、板蓝根提取物 220g、冰片 10g、薄荷脑 7.5g、郁金挥发油 5ml、郁金提取物 50g、广藿香挥发油 15ml、广藿香提取物 80g、石菖蒲挥发油 15ml、石菖蒲提取物 80g,以上十六味，将板蓝根、栀子、金银花、郁金、广藿香和石菖蒲的提取物与珍珠母粉 200g 配研均匀；取冰片、薄荷脑及郁金、广藿香、石菖蒲的挥发油与珍珠母粉 200g，配研均匀；取胆酸、猪去氧胆酸及黄芩甙与珍珠母粉 100g 配研均匀。水牛角浓缩粉及适量淀粉加入到上述三种配研均匀的粉末中，使成 1500g，配研，混匀，装胶囊，即得
新型狗皮膏,膏剂,祛风散寒，舒筋活血，止痛。用于急性扭伤，挫伤，风湿痛，神经痛，关节和肌肉酸痛等症。,生川乌 100g、羌活 30g、高良姜 20g、官桂 10g、当归 20g、防己 30g、麻黄 30g、红花 30g、洋金花 20g、白屈菜 20g、花椒 10g、蟾酥 0.5g、白花菜子 15g、透骨草 40g、没药 5.32g、乳香 5.32g、薄荷脑 3.04g、冰片 1.98g、樟脑 5.32g、水杨酸甲酯 3.65g、八角茴香油 5.32g、盐酸苯海拉明 2.58g,以上二十二味，除薄荷脑、冰片、樟脑、水杨酸甲酯、八角茴香油、盐酸苯海拉明外，没药、乳香分别粉碎成细粉。羌活、官桂、当归提取挥发油，蒸馏后的水溶液浓缩至相对密度为 1.10~1.15 (50℃测)，加入乙醇，使含醇量达 60%，滤过；生川乌、高良姜、防己、洋金花、白屈菜、花椒、白花菜子等七味粉碎成粗粉，用 80% 乙醇加热回流 3 次，合并提取液，与上述滤液合并，回收乙醇并浓缩至相对密度为 1.40 (50℃测) 的稠膏；蟾酥粉碎成粗粉，用 20% 乙醇浸泡至稀糊状，滤过；其余麻黄等三味加水煎煮 3 次，合并煎液，浓缩成稠膏，与上述稠膏、蟾酥滤液合并，加入羌活等挥发油及没药等八味药，混匀，另加 3.5~4.5 倍重量的由橡胶、松香等制成的基质，制成涂料，进行涂膏，切段，盖衬，切成小块，即得
裸花紫珠片,片剂,消炎，解毒，收敛，止血。用于细菌感染引起的炎症，急性传染性肝炎，呼吸道和消化道出血。,裸花紫珠（制成干浸膏，每片含干浸膏 0.2g）,取裸花紫珠，加水煎煮两次，第一次 2 小时，第二次 1 小时，合并煎液，滤过，滤液浓缩成稠膏状，干燥成干浸膏，加适量辅料，制成颗粒，压片，包糖衣，即得
豨签风湿片,片剂,祛风除湿，通络止痛。用于四肢麻痹，腰膝无力，骨节疼痛及风湿性关节炎。,豨莶草 200g、威灵仙 150g、防己 100g、桑寄生 150g、槐枝 100g、桑枝 150g,以上六味，防己粉碎成细粉；豨莶草、威灵仙、桑寄生粉碎成粗粉，混匀，照流浸膏剂与浸膏剂项下的渗漉法 (附录 17 页)，用 60% 乙醇作溶剂，浸渍 48 小时后，缓缓渗漉，可溶性成分完全漉出，收集滤液，回收乙醇；桑枝和槐枝加水煎煮二次，每次 2 小时，合并煎液，滤过，静置 12 小时，取上清液，与上述漉液合并，浓缩至稠膏状，加入防己细粉及适量辅料，混匀，制成颗粒，压制成 1000 片，即得
鼻通宁滴剂,洗剂,通窍开塞，消炎散毒。用于慢性鼻窦炎，感冒鼻塞，对鼻息肉有辅助治疗作用。,鹅不食草 500g、辛夷 125g,以上二味，水蒸气蒸馏提取芳香水，制成 1000ml，即得
鼻渊丸,丸剂,祛风宣肺，清热解毒，通窍止痛。用于鼻塞鼻渊，通气不畅，流涕黄浊，嗅觉不灵，头痛，眉棱骨病。,苍耳子 672g、辛夷子 126g、金银花 42g、茜草 42g、野菊花 42g,以上五味，金银花、野菊花、辛夷提取挥发油后，药渣与苍耳子加水煎煮二次，每次 3 小时，合并煎液，滤过，滤液浓缩至相对密度为 1.10~1.20，加乙醇使含乙醇量为 60%，搅拌，静置，滤过，沉淀用 80% 乙醇洗涤，洗液并入滤液中，茜草照流浸膏剂与浸膏剂项下的渗漉法 (附录 17 页)，用 70% 乙醇作溶剂，缓缓渗漉，漉液与上述滤液合并，浓缩成稠膏状，加入适量淀粉，混匀，于 70℃干燥，粉碎成细粉，过筛。用上述金银花等挥发油、炼蜜与水适量，泛制成 1000 粒，低温干燥，打光，即得
鼻渊片,片剂,清热毒，通鼻窍。用于慢性鼻炎及鼻窦炎。,苍耳子 672g、辛夷 126g、金银花 42g、茜草 42g、野菊花 42g,以上五味，金银花、野菊花、辛夷提取挥发油，蒸馏后的水溶液另器收集；药渣与苍耳子加水煎煮二次，每次 3 小时，合并煎液，滤过，滤液和蒸馏后的水溶液合并，浓缩至相对密度为 1.10~1.20 (80℃测)，加乙醇使含乙醇量为 60%，搅拌，静置，滤过，沉淀用 60% 乙醇洗涤，洗液并入滤液中。茜草照流浸膏剂与浸膏剂项下的渗漉法 (附录 17 页)，用 70% 乙醇作溶剂，浸渍 24 小时后，缓缓渗漉，渗漉液与上述滤液合并，回收乙醇并浓缩成稠膏，加入淀粉适量，混匀，于 70℃干燥，粉碎成细粉，制成颗粒，喷入挥发油，混匀，压制成 1000 片，包糖衣，即得
鼻渊糖浆,糖浆剂,祛风宣肺，清热解毒，通窍止痛。用于鼻塞鼻渊，通气不畅，流涕黄浊，嗅觉不灵，头痛，眉棱骨痛。,苍耳子 1664g、辛夷 312g、野菊花 104g、金银花 104g、茜草 104g,以上五味，取辛夷和野菊花提取挥发油，蒸馏后的水溶液另器收集；苍耳子加水煎煮二次，第一次 2 小时，第二次 1 小时，合并煎液，滤过，滤液静置；金银花加水于 70~80℃温浸二次，第一次 2 小时，第二次 1 小时，合并浸液，滤过，滤液静置；合并上述两种澄清药液和辛夷等水溶液，浓缩至适量；另取茜草粉碎成粗粉，照流浸膏剂与浸膏剂项下的渗漉法 (附录 17 页)，用 70% 乙醇作溶剂，浸渍 48 小时后，缓缓渗漉，俟有效成分完全漉出，收集漉液，回收乙醇，浓缩至适量，静置，取上清液与上述浓缩液合并，静置，滤过，滤液浓缩至适量，加入蔗糖 800g 和防腐剂适量，煮沸溶解，滤过，俟冷，加入上述辛夷等挥发油，加水至 1000ml，搅匀，即得
赛空青眼药,洗剂,消炎，明目，退障。用于风热上攻，目赤肿痛，翳膜外障，流泪羞明。,赛空青药膏 260g、眼用炉甘石 500g、麝香 5g、冰片 40g、熊胆 20g,以上五味，除赛空青药膏外，其余眼用炉甘石等四味分别研成最细粉，配研过筛，混匀，加入赛空青药膏，搅匀，制成灯芯状细条 2783 支，低温干燥，即得
精血补片,片剂,补肝肾，益气血，养心神。用于神经衰弱，精神萎靡，头晕目眩，心悸失眠。,生晒参 100g、红参 100g、制何首乌 200g、紫河车 200g、五味子 200g、陈皮 120g,以上六味，粉碎成细粉，加糖浆适量，制成颗粒，于 70℃以下干燥，加辅料适量，混匀，压制成 4600 片，或包糖衣，即得
精制冠心片,片剂,活血化瘀。用于冠心病，心绞痛。,赤芍 187.5g、丹参 375g、川芎 125g、降香 187.5g、红花 187.5g,以上五味，降香提取挥发油，蒸馏后的水溶液另器收集；其余赤芍等四味用 85% 乙醇加热回流提取 2 次，第一次 3 小时，第二次 2 小时，滤过，合并滤液，回收乙醇，与上述水溶液合并，减压浓缩至相对密度 1.35~1.40 (50℃测) 的稠膏，加辅料适量，制成颗粒，干燥，加入降香挥发油，混匀，压制成 1000 片，包糖衣，即得
藿香水,酊剂,解表化湿，理气和中。用于外感风寒，内伤湿滞，寒热头痛，吐泻，胸膈满闷，脘腹疼痛诸症；尤宜于暑月感寒伤湿，脾胃失和引起的上述各症。,广藿香 375g、陈皮 250g、茵陈 125g、白芷 125g、紫苏叶 125g、桔梗 250g、白术 250g、乌药 250g、甘草 250g、茯苓 125g、半夏 (姜制) 250g,以上十一味，广藿香、陈皮、白芷、紫苏叶、茵陈照流浸膏剂与浸膏剂项下的渗漉法 (附录 17 页)，用 50% 乙醇作溶剂，浸渍 24 小时后进行渗漉，收集漉液；其余桔梗等六味，加水煎煮二次，第一次 2 小时，第二次 1 小时，合并煎液，滤过，滤液浓缩至适量，与上述漉液合并，加入姜酊、薄荷脑适量，混匀；用乙醇与水调整含乙醇量使全量成 4000ml，静置，滤过，即得
二丁冲剂,颗粒剂,清热解毒，利湿退黄。用于热疖痈毒，湿热黄疸，外感风热，咽喉肿痛，风热火眼等症,紫花地丁500g、蒲公英500g、板蓝根500g、半边莲500g,以上四味，加水煎煮二次，第一次 2 小时，第二次 1.5 小时，合并煎液，滤过，滤液浓缩至相对密度为 1.34~1.36 (65~75℃) 的清膏，取清膏 1 份，蔗糖粉 2 份，糊精 1.5 份，制成颗粒，干燥，即得
二陈合剂,口服液,燥湿化痰，理气和胃。用于咳嗽痰多，胸脘胀闷，恶心呕吐,陈皮325g、半夏(姜制)325g、茯苓195g、甘草（蜜炙）97.5g、生姜65g,以上五味，半夏照流浸膏剂与浸膏剂项下的渗漉法 (附录 17 页)，用 70% 乙醇作溶剂，进行渗漉，漉液回收乙醇；陈皮蒸馏提取挥发油；药渣与其余茯苓等三味加水煎煮三次，合并煎液，滤过，滤液浓缩至适量，与漉液合并。静置，滤过，再浓缩至约 1000ml，加入防腐剂适量，放冷，加入上述挥发油，加水至 1000ml，搅匀，即得
十二太保丸,丸剂,理气开郁，养血安胎。用于孕妇气血不调，胎动不安，预防流产,白芍(酒炒)619g、当归446g、菟丝子(盐制)309g、浙贝母309g、黄芪(酒制)269g、荆芥251g、艾叶(醋炒)213g、厚朴213g、枳壳(面炒)194g、甘草156g、川芎(酒制)466g、羌活156g,以上十二味，粉碎成细粉，过筛，混匀。每 100g 粉末加炼蜜 35~45g 与适量的水泛丸，干燥；或加炼蜜 110~130g 制成大蜜丸，即得
十全大补丸(浓缩丸),丸剂,温补气血。用于气血两虚，面色苍白，气短心悸，头晕自汗，体倦乏力，四肢不温，月经量多,党参80g、白术(炒)80g、茯苓80g、甘草(蜜炙)40g、当归120g、白芍(酒炒)80g、川芎40g、熟地黄120g、黄芪(蜜炙)80g、肉桂20g,以上十味，取党参、白术、白芍、黄芪、甘草、茯苓 40g 及当归 40g 加水煎煮二次，第一次 3 小时，第二次 2 小时，合并煎液，滤过，滤液浓缩成相对密度为 1.30~1.35 (20℃) 的清膏；取熟地黄加水煎煮三次，第一次 3 小时，第二次 2 小时，第三次 1 小时，合并煎液，滤过，滤液浓缩成相对密度为 1.30~1.35 (20℃) 的清膏；取肉桂及剩余的茯苓、当归粉碎成细粉，与上述各清膏混匀，制丸，干燥，打光，即得
十枣丸,丸剂,攻逐水饮。用于水饮积滞，腹水肿胀，胁下疼痛，喘逆气急,甘遂（制）238g、京大戟238g、芫花（制）238g、大枣(黑枣)286g,以上四味，甘遂、芫花、京大戟粉碎成粗粉；大枣煮熟，去皮、核，制成枣泥，与上述粗粉搅匀，烘干，粉碎成细粉，过筛，混匀，用水泛丸，干燥，即得
八正合剂,口服液,清热，通淋，利尿。用于湿热下注，小便短赤，淋沥涩痛，口燥咽干,瞿麦118g、车前子（炒）118g、萹蓄118g、大黄118g、滑石118g、川木通118g、栀子118g、甘草118g、灯心草59g,以上九味，车前子用 25% 乙醇浸渍，收集浸渍液。大黄照流浸膏剂与浸膏剂项下的渗漉法 (附录 17 页)，用 50% 乙醇作溶剂，浸渍 24 小时后进行渗漉，收集渗漉液，减压回收乙醇。其余七味加水煎煮三次，滤过，合并滤液，浓缩至约 1300ml，与浸渍液、渗漉液合并，静置，滤过，浓缩至约 1000ml，加入苯甲酸钠 3g，加水使成 1000ml，搅匀，即得
千金止咳丸,丸剂,宣肺化痰，止咳平喘。用于外感风寒咳嗽，痰热内蕴,麻黄100g、甘草80g、苦杏仁(炒)50g、法半夏40g、黄芩(酒蒸)30g、天南星(制)30g、紫苏子(炒)30g、薄荷30g、桔梗30g、浙贝母30g、桑白皮30g、陈皮30g、紫菀20g,以上十三味，粉碎成细粉，过筛，混匀，用水泛丸，干燥，即得
川芎茶调袋泡剂,茶剂,疏风止痛。用于风邪头痛，或有恶寒，发热，鼻塞,川芎120g、白芷60g、羌活60g、细辛30g、防风45g、薄荷240g、荆芥120g、甘草60g、茶叶60g,以上九味，粉碎成粗粉，过筛，混匀，用水制粒，80℃干燥，即得
久芝清心丸,丸剂,清热，泻火，通便。用于内热盛引起的头晕脑胀，口鼻生疮，咽喉肿痛，风火牙疼，耳聋耳肿，大便秘结,大黄720g、黄芩720g、桔梗720g、山药720g、丁香360g、牛黄1.8g、麝香1.8g、冰片54g、朱砂180g、雄黄360g、薄荷脑27g,以上十一味，除牛黄、麝香、冰片、薄荷脑外，朱砂、雄黄分别水飞或粉碎成极细粉；其余大黄等五味粉碎成细粉；将牛黄、麝香、冰片、薄荷脑研细，与上述粉末配研，过筛，混匀，每 100g 粉末加炼蜜 130~140g 制成大蜜丸，即得
小儿金丹,丹剂,祛风化痰，清热镇惊。用于小儿感冒发烧，鼻塞流涕，咳嗽气促，咽喉肿痛，高热惊风,朱砂160g、橘红80g、平贝母80g、胆南星60g、前胡60g、玄参60g、清半夏60g、大青叶60g、关木通60g、桔梗60g、荆芥穗60g、羌活60g、西河柳60g、地黄60g、枳壳(麸炒)60g、赤芍60g、钩藤60g、葛根40g、牛蒡子(炒)40g、天麻40g、甘草40g、防风40g、冰片20g、水牛角浓缩粉10g、羚羊角10g、薄荷40g,以上二十六味，羚羊角研成细粉，水牛角浓缩粉、冰片研成细粉，朱砂水飞或粉碎成极细粉；其余平贝母等二十二味，粉碎成细粉，过筛。将羚羊角粉、水牛角浓缩粉、冰片、朱砂细粉与平贝母等粉末配研，过筛，混匀。每 100g 粉末加炼蜜 120~140g 制成大蜜丸，即得
小儿解热栓,栓剂,解热，消炎。用于小儿感冒和上呼吸道感染等小儿发烧,黄芩提取物(以黄芩甙计)121.6g、金银花提取物(以绿原酸计)50g、安乃近300g,以上三味，分别干燥，粉碎成细粉，混匀，加到适量融化的脂肪性基质中，搅匀，注入模内，制成 1000 粒，或 1333 粒，或 2000 粒，冷却，出模，包装，即得
小儿暑感宁糖浆,糖浆剂,清暑解表，退热。用于小儿暑季外感发烧，高热不退，头痛少汗，咽喉肿痛，食欲不振，二便不畅,香薷45g、佩兰91g、扁豆花136g、黄连23g、黄芩68g、厚朴45g、青蒿76g、芦根136g、滑石粉91g、甘草15g、苦杏仁91g、薄荷91g、荆芥穗91g,以上十三味，薄荷、荆芥穗提取挥发油，苦杏仁制取杏仁水，其余扁豆花等十味，加水煎煮二次，第一次 2 小时，第二次 1 小时，滤过，合并滤液，静置，取上清液浓缩至适量，加入蔗糖 400g 及防腐剂适量，煮沸使溶解，加入杏仁水，搅匀，静置，取上清液，加入上述挥发油、香精适量，随加随搅拌，加水至 1000ml，搅匀，即得
女胜金丹,丹剂,养血，调经，祛寒。用于经血不调，行经障碍，经血紫黑带下，子宫寒冷，产后血亏，经前腹疼，经后腰疼，头晕心烦，惊悸不眠,香附(醋制)800g、当归75g、赤芍75g、白芍75g、白芷75g、川芎75g、红参50g、白术(焦)75g、远志(制)75g、牡丹皮125g、肉桂125g、牛膝125g、茯苓125g、白薇200g、熟地黄225g、藁本100g、甘草(制)375g、乳香(制)25g、沉香25g、朱砂25g、没药(制)25g、延胡索(醋制)75g、琥珀25g、赤石脂(煅)25g、白石脂(煅)25g,以上二十五味，除琥珀、朱砂外，其余二十三味粉碎成细粉，过筛，混匀。琥珀、朱砂粉碎成极细粉与上述粉末配研，过筛。每 100g 粉末加炼蜜 140~160g 制成大蜜丸，即得
开胃理脾丸,丸剂,开胃健脾。用于脾胃不和引起的饮食无味，气逆呃逆，胃脘胀满,党参96g、白术(麸炒)96g、茯苓96g、甘草(蜜炙)72g、山药(麸炒)96g、陈皮96g、木香96g、白芍96g、焦神曲120g、焦麦芽120g、焦谷芽120g,以上十一味，粉碎成细粉，过筛，混匀，每 100g 粉末加炼蜜 140~160g 制成大蜜丸，即得
无极丸,丸剂,清热祛暑，避秽止呕。用于中暑受热，呕吐恶心，身烧烦倦，头目眩晕，伤酒伤食，消化不良，水土不服，晕车晕船,甘草900g、石膏240g、滑石粉180g、糯米(蒸熟)360g、薄荷脑52.5g、冰片30g、丁香3.75g、砂仁3.75g、白豆蔻3.75g、肉桂3.75g、牛黄0.45g、人造香0.9g,以上十二味，除牛黄、人造香外，取冰片、薄荷脑同研至液化；其余甘草等八味粉碎成细粉，与上述牛黄等粉末配研，过筛，混匀，与冰片等液研合均匀。取少量生糯米粉制糊，泛丸，干燥，另取朱砂粉 165g 包衣，打光，即得
止嗽立效丸,丸剂,止嗽，定喘，祛痰。用于风寒咳嗽，喘急气促,麻黄（制）240g、苦杏仁（去皮炒）240g、石膏75g、甘草240g、葶苈子75g、罂粟壳240g、莱菔子75g,以上七味，粉碎成细粉，过筛，混匀。每 100g 粉末加炼蜜 140~160g 制成大蜜丸，即得
止喘灵气雾剂,气雾剂,本品为抗胆碱药和选择性 β- 受体兴奋剂的中西药复方制剂，有舒张支气管作用。用于治疗支气管哮喘，哮喘型支气管炎等病症,洋金花总生物碱6.5g、盐酸克仑特罗2.0g,取洋金花总生物碱盐酸盐和盐酸克仑特罗用乙醇溶解，滤过，并稀释至 5000ml，灌装于特制阀门系统耐压容器中，制成 1000 瓶，封口，压装二氯二氟甲烷，即得
止嗽咳喘宁糖浆,糖浆剂,止咳、定喘。用于慢性支气管炎，老年性支气管炎,地龙45g、黄芩45g、罂粟壳45g、苦杏仁45g、紫苏子（炒）30g、法半夏30g、薄荷油0.5ml,以上七味，地龙、黄芩、紫苏子、法半夏加水煎煮三次，第一次 3 小时，第二、三次各 1 小时，滤过，合并滤液；苦杏仁用 80% 乙醇加热回流二次，第一次 3 小时，第二次 2 小时，滤过，合并漉液，回收乙醇；罂粟壳用 7 倍量的 70% 乙醇 (用 10% 盐酸调节 pH 至 5.5~6.0) 加热回流二次，第一次 3 小时，第二次 2 小时，滤过，合并滤液，回收乙醇。将以上三种滤液合并，减压浓缩至相对密度为 1.15~1.20 (50℃测) 的清膏，加入苯甲酸钠 2.5g，对羟基苯甲酸乙酯 0.25g，蔗糖 400g (用适量沸水溶解，滤过)，混匀，稍冷，加入薄荷油，搅匀，加水至 1000ml，搅匀，灌装，即得
内补养荣丸,丸剂,补气养血。用于气血不足引起的月经不调，经血量少，经期腹痛，腰酸腿软，面色无华,当归300g、川芎300g、黄芪(蜜炙)960g、甘草60g、香附(醋炙)480g、熟地黄480g、阿胶120g、白术(麸炒)60g、砂仁120g、益母草300g、白芍180g、艾叶炭300g、茯苓180g、陈皮240g、杜仲炭120g,以上十五味，粉碎成细粉，过筛，混匀。每 100g 粉末加炼蜜 120~130g 制成大蜜丸，即得
毛冬青胶囊,胶囊剂,心血管疾病用药，有扩张血管及抗菌消炎作用。用于冠状动脉硬化性心脏病，血栓闭塞性脉管炎，并用于中心性视网膜炎，小儿肺炎,毛冬青（干浸膏，每粒含提取物以无水芦丁计为0.1g）,取毛冬青加水煎煮两次，第一次 4 小时，第二次 2 小时，合并煎液，滤过，滤液浓缩成稠膏，放冷，加入乙醇沉淀，滤过，滤液回收乙醇，浓缩至稠膏状，低温干燥，粉碎成细粉，加入淀粉适量，混匀，装入胶囊，即得
牛黄消炎片,片剂,清热解毒，消肿止痛。用于咽喉肿痛，疔，痈，疮疖,牛黄50g、珍珠母100g、蟾酥30g、青黛40g、天花粉100g、大黄100g、雄黄100g,以上七味，雄黄、珍珠母分别水飞或粉碎成极细粉；大黄、天花粉粉碎成细粉；青黛研细；蟾酥加白酒研成糊状，与上述粉末及辅料适量混匀，制成颗粒，干燥；将牛黄研细，加入上述颗粒中，混匀，压制成片，包糖衣，即得
牛黄清火丸,丸剂,清热，散风，解毒。用于肝胃肺蕴热引起的头晕目眩，口鼻生疮，风火牙疼，咽喉肿痛，腮红肿，耳鸣肿痛,大黄240g、黄芩240g、桔梗240g、山药240g、丁香120g、牛黄0.6g、冰片18g、雄黄120g、薄荷脑9g,以上九味，除牛黄、冰片、薄荷脑外，雄黄水飞或粉碎成极细粉，其余大黄等五味粉碎成细粉，过筛，混匀；将冰片、薄荷脑研细，与牛黄及上述粉末配研，过筛，混匀，每 100g 粉末加炼蜜 130~150g 制成大蜜丸，即得
升血调元汤,口服液,益气养血，补肾健脾。用于提升外周血白细胞和其他原因引起的白细胞减少症及病后虚弱,鸡血藤450g、骨碎补900g、何首乌300g、黄芪300g、麦芽300g、女贞子150g、党参150g、佛手150g,以上八味，加水煎煮二次，合并煎液，滤过，滤液浓缩成稠膏，加入乙醇使含醇量为 65%，放置，滤过，滤液回收乙醇，加入蔗糖 300g，加热煮沸，加防腐剂适量，混匀，滤过，加水使成 1000ml，搅匀，即得
丹参舒心胶囊,胶囊剂,活血化瘀，镇静安神。用于冠心病引起的心绞痛，胸闷及心悸等,丹参提取物200g（每粒重0.3g）,取丹参提取物 200g，加淀粉 88g，滑石粉 10g，硬脂酸镁 2g，混匀，装入胶囊，制成 1000 粒，即得
风热咳嗽丸,丸剂,祛风解热，止咳化痰。用于风热咳嗽，鼻流稠涕，发热头昏，咽干舌燥,薄荷60g、菊花60g、苦杏仁霜60g、桑叶60g、连翘60g、枇杷叶100g、黄芩60g、桔梗60g、浙贝母40g、前胡60g、甘草20g,以上十一味，枇杷叶加水煎煮二次，合并煎液，滤过，滤液浓缩至适量，其余薄荷等十味粉碎成细粉，过筛，混匀，用上述浓缩液泛丸，干燥，即得
风寒咳嗽冲剂,颗粒剂,温肺散寒，祛痰止咳。用于外感风寒，头痛鼻塞，痰多咳嗽，胸闷气喘,陈皮100g、生姜150g、法半夏150g、青皮100g、苦杏仁100g、麻黄100g、紫苏叶100g、五味子100g、桑白皮100g、甘草(蜜炙)100g,以上十味，陈皮、青皮用蒸馏法提取挥发油，蒸馏后的水溶液另器收集；药渣与其余法半夏等八味，加水煎煮三次 (苦杏仁在水沸后加入)，每次 1.5 小时，合并煎液，滤过，滤液与上述水溶液合并，浓缩至相对密度为 1.38~1.40 (60~65℃) 的清膏，取清膏 1 份，加蔗糖 3 份，糊精 1 份，混匀，制成颗粒，干燥，加入上述陈皮等挥发油，混匀，即得
六合定中丸,丸剂,祛暑除湿，和中消食。用于夏伤暑湿，宿食停滞，寒热头痛，胸闷恶心，吐泻腹痛,"广藿香24g、紫苏叶24g、香薷24g、木香54g、白扁豆(去皮)24g、檀香54g、茯苓72g、桔梗72g、枳壳(去心,麸炒)72g、木瓜72g、陈皮72g、山楂(炒)72g、厚朴(姜炙)72g、甘草72g、麦芽(炒)288g、谷芽(炒)288g、六神曲(麸炒)288g",以上十七味，粉碎成细粉，过筛，混匀，每 100g 粉末加炼蜜 150~170g 制成大蜜丸，即得
正骨膏,膏剂,舒筋接骨，活血止痛。用于筋骨疼痛，跌打损伤，接骨续筋,当归125g、木鳖子125g、党参125g、紫草125g、防风125g、延胡索125g、甘草125g、熟地黄125g、羌活125g、陈皮125g、防己125g、赤芍125g、枸杞子125g、象皮125g、杜仲125g、川牛膝125g、苍术125g、人参125g、豹骨125g、海桐皮125g、附子125g、天麻125g、玉竹125g、僵蚕125g、白芷125g、补骨脂125g、白术125g、黄芪125g、透骨草125g、锁阳125g、大黄125g、远志125g、淫羊藿125g、独活125g、白芍125g、续断125g、半夏125g、狗脊125g、首乌125g、甘松125g、川芎125g、龟甲125g、石南藤125g、粉萆薢125g、细辛125g、秦艽125g、川乌125g、干姜125g、天南星125g、山药125g、草乌125g、牡丹皮125g、泽泻125g、木瓜125g、红花125g、降香125g、五加皮125g、巴戟天125g、地黄125g、苏木125g、血余炭125g、骨碎补125g、肉桂300g、三七125g、肉苁蓉125g、没药125g、佛手125g、白及125g、牛黄15g、乳香125g、穿山甲125g、龙骨125g、血竭125g、地骨皮125g、麝香13g、儿茶125g、鹿茸125g、冰片300g、珍珠25g、木香125g,以上八十味，乳香、没药、血竭、儿茶、龙骨、三七、鹿茸、肉桂分别研成细粉；珍珠研成极细粉，与牛黄、麝香、肉桂、冰片配研，过筛，混匀；其余当归等六十八味分别酌予碎断；取麻油 30kg 置锅内加热至温度不超过 240℃，将象皮、龟甲、穿山甲、苏木、降香、熟地黄、杜仲七味炸至枯黄色，再加入余药炸至枯焦色，去渣，滤过，炼至滴水成珠，待油温降至 270℃时，加入红丹 14kg，搅匀，收膏，将膏浸泡于水中。取膏用文火熔化，加入乳香、没药、血竭、儿茶、龙骨、三七、鹿茸等七味细粉，搅匀，分摊于布上；在摊成的膏药中央，加入 0.65g 珍珠等五味配研的细粉，即得
石斛明目丸,丸剂,平肝清热，滋肾明目。用于肝肾两亏，虚火上升引起的瞳孔散大，夜盲昏花，视物不清，内障抽痛，头目眩晕，精神疲倦,石斛12.5g、青葙子12.5g、决明子(炒)12.5g、蒺藜(去刺盐炙)12.5g、地黄25g、熟地黄25g、枸杞子12.5g、菟丝子12.5g、肉苁蓉(酒炙)12.5g、人参50g、山药12.5g、茯苓50g、天冬50g、麦冬25g、五味子(醋炙)12.5g、甘草12.5g、枳壳(麸炒)12.5g、菊花12.5g、防风12.5g、黄连12.5g、牛膝12.5g、川芎12.5g、苦杏仁(去皮炒)12.5g、石膏25.5g、磁石(煅醋淬)10g、水牛角浓缩粉22.625g,以上二十六味，除水牛角浓缩粉外，石斛、青箱子、决明子、蒺藜、地黄、人参、山药、茯苓、菊花、防风、黄连、川芎、石膏、磁石等十四味粉碎成细粉，其余熟地黄等十一味加水煎煮二次，第一次 2.5 小时，第二次 1.5 小时，滤过，合并滤液，浓缩至相对密度为 1.35 (50℃热测) 的稠膏，与上述粉末泛丸，干燥。每 1000g 丸药取生石膏粉 75g 包衣，打光，即得
古楼山跌打丸,丸剂,舒筋活血，散瘀止痛。用于跌打损伤，瘀积肿痛，筋骨扭痛，腰肌劳损,南刘寄奴24g、延胡索20g、桂枝36g、乳香12g、骨碎补24g、琥珀12g、白芷24g、高良姜24g、续断24g、牛膝24g、香附24g、补骨脂24g、当归尾12g、桃仁36g、郁金20g、自然铜(醋制)20g、没药12g、沉香12g、莪术24g、川芎24g、泽兰24g、红花24g、木瓜24g、杜仲24g、三棱24g、桔梗24g、血竭10g、三七7g、甘草12g、枳壳24g、威灵仙24g、豆蔻24g,以上三十二味，粉碎成细粉，过筛，混匀。每 100g 粉末加炼蜜 125~135g 制成大蜜丸，即得
龙苓春药酒,酒剂,滋补强壮，助力固精。用于气血双亏，腰腿痛，手足寒冷，妇女血亏，血寒，带下淋漓,红参62.5g、鹿茸62.5g、熟地125g、肉苁蓉125g、附子(制)62.5g、黄芪62.5g、茯苓62.5g、山药62.5g、生龙骨62.5g、远志(制)62.5g、怀牛膝125g、菟丝子187.5g、五味子62.5g、当归62.5g、红曲31.25g,以上十五味，除鹿茸外，红参等十四味，置容器内，加入白酒 7500g，密闭浸泡 7 天，滤过；药渣加白酒 6000g、5000g、4000g，用上法再浸泡三次，合并滤液，与鹿茸浸泡液 (鹿茸加白酒 1000g、750g、500g、250g，用上法浸泡) 合并，加入白糖 2500g，混匀，静置 10 天，取上清液，即得
平肝舒络丸,丸剂,平肝疏络，活血祛风。用于肝气郁结，经络不疏引起的胸胁胀痛，肩背串痛，手足麻木，筋脉拘挛,柴胡90g、青皮(醋炙)60g、陈皮90g、佛手90g、乌药90g、香附(醋炙)90g、木香90g、檀香90g、丁香60g、沉香300g、广藿香90g、砂仁90g、豆蔻仁90g、厚朴(姜炙)90g、枳壳(去瓤麸炒)90g、羌活90g、白芷90g、铁丝威灵仙(酒炙)90g、细辛90g、木瓜90g、防风90g、钩藤90g、僵蚕(麸炒)90g、胆南星(酒炙)150g、天竺黄60g、桑寄生90g、何首乌(黑豆酒炙)90g、牛膝90g、川芎60g、熟地黄90g、龟甲(沙烫醋淬)90g、延胡索(醋炙)90g、乳香(醋炙)90g、没药(醋炙)90g、白及90g、人参90g、白术(麸炒)90g、茯苓90g、肉桂60g、黄连90g、冰片90g、朱砂粉300g、羚羊角粉30g,以上四十三味，除羚羊角粉外，朱砂水飞或粉碎成极细粉，冰片研细；其余柴胡等四十味粉碎成细粉，与上述粉末配研，过筛，混匀。每 100g 粉末加炼蜜 140~160g 制成大蜜丸，即得
归脾丸（浓缩丸）,丸剂,益气健脾，养血安神。用于心脾两虚，气短心悸，失眠多梦，头昏头晕，肢倦乏力，食欲不振，崩漏便血,党参80g、白术(炒)160g、黄芪(蜜炙)80g、甘草(蜜炙)40g、茯苓160g、远志(制)160g、酸枣仁(炒)80g、龙眼肉160g、当归160g、木香40g,以上十一味，党参、当归、甘草、木香粉碎成细粉，其余白术等七味，加水煎煮二次，第一次 3 小时，第二次 2 小时，合并煎液，滤过，滤液浓缩成相对密度为 1.30~1.35 (20℃) 的稠膏，与上述粉末混匀，制丸，干燥，打光，即得
归参补血片,片剂,温补脾肾，益气荣血。用于脾肾两虚引起的虚劳贫血 (缺铁性贫血)，面色苍白，体弱肢冷，心悸，发斑 (原发性血小板减少性紫癜),羊睾丸浸膏12g、枸杞子30g、牛鞭胶粉50g、当归30g、牛骨髓提取物1ml、龙眼肉30g、猪脾脏浸膏粉30g、红参28g、猪肝脏粉30g、三七30g、何首乌(制)30g、黄芪30g,以上十二味，取当归、龙眼肉、红参、三七、黄芪、何首乌、枸杞子粉碎成细粉，加入牛鞭胶粉、猪脾脏浸膏粉及猪肝脏粉，混匀；取羊睾丸浸膏与牛骨髓提取物，加乙醇适量，使其溶解，与上述粉末混匀，制成颗粒，干燥 (60℃)，压制成 1000 片，包糖衣，即得
田七补丸 (三七补血丸),丸剂,补肝益肾，益气养血。用于气血不足引起的面色苍白，心悸气短，精神疲倦，体虚潮热，腰酸腿软，妇女产后失血过多,乌鸡(去毛爪肠)480g、熟地黄90g、当归30g、三七(香油炸黄)30g、党参60g、女贞子(酒炙)30g、香附(醋炙)30g、白术(麸炒)30g、山药30g、墨旱莲30g,以上十味，白术、山药、墨旱莲粉碎成粗粉，其余乌鸡等七味加黄酒 270g 装罐蒸透，取出，与上述粗粉拌匀，干燥，粉碎成细粉，过筛，混匀，每 100g 粉末加炼蜜 50~90g 制成小蜜丸或大蜜丸，即得
四君子合剂,口服液,益气健脾。用于脾胃气虚，胃纳不佳，食少便溏,党参236g、白术（炒）236g、茯苓236g、甘草（蜜炙）118g、生姜59g、大枣118g,以上六味，白术蒸馏提取挥发油；药渣与其余党参等五味加水煎煮三次，合并煎液，滤过，滤液浓缩至适量，静置，滤过，浓缩至约 1000ml，加入防腐剂适量，放冷，加入白术挥发油，加水至 1000ml，搅匀，即得
四物合剂,口服液,调经养血。用于营血虚弱，月经不调,当归250g、川芎250g、白芍250g、熟地黄250g,以上四味，当归和川芎蒸馏提取挥发油，蒸馏后的水溶液另器收集，药渣与白芍、熟地黄照流浸膏剂与浸膏剂项下的渗漉法 (附录 17 页)，用蒸馏后的水溶液配成 50% 乙醇作溶剂，浸渍 24 小时后进行渗漉，收集漉液，回收乙醇，减压浓缩至约 1000ml，加苯甲酸钠 3g 和上述挥发油，加水使成 1000ml，搅匀，即得
四物益母丸,丸剂,补血，活血，调经。用于血虚血滞，月经不调,熟地黄400g、当归（酒炒）400g、川芎100g、白芍(麸炒)100g、益母草800g,以上五味，取益母草切碎，加水煎煮二次，每次 2 小时，合并煎液，滤过，滤液浓缩至相对密度为 1.21~1.25 (热测) 的清膏。其余当归等四味粉碎成细粉，过筛，混匀。每 100g 粉末用炼蜜 10~20g，与益母草清膏及适量的水泛丸，干燥，即得
生发丸,丸剂,填精补血，补肝滋肾，乌须黑发。用于肝肾不足、精血气衰所致须发早白，头发稀疏、干枯，斑秃脱发,制何首乌30g、补骨脂(盐制)15g、牛膝15g、当归10g、茯苓10g、枸杞子30g、菟丝子(盐制)20g、女贞子30g、墨旱莲30g、桑椹30g、黑芝麻30g、熟地黄15g、桑寄生30g、核桃仁30g、沙苑子15g、蛇床子15g、紫河车3g、骨碎补15g、黄芪30g、黄精(制)30g、五味子15g、灵芝15g、地黄15g、侧柏叶30g、苦参10g、山楂30g,以上二十六味，粉碎成细粉，过筛，混匀。每 100g 粉末加炼蜜 35~50g 与适量的水，泛丸，干燥；或加炼蜜 100~120g 制成大蜜丸，即得
生发酊,酊剂,温经通脉。用于斑秃脱发症,闹羊花60g、补骨脂60g、生姜30g,以上三味，闹羊花、补骨脂粉碎成粗粉，生姜切为薄片，照酊剂项下的浸渍法 (附录 17 页)，用 75% 乙醇作溶剂，密盖，时加搅拌，浸渍七日，取上清液，滤过，压榨药渣，收集压出液，与滤液合并，加 75% 乙醇至 1000ml，搅匀，静置 24 小时，滤过，灌装，即得
生姜泄心片,片剂,和胃散痞。用于胃中不和，心下痞满，干噫食臭，肠鸣下利,生姜160g、甘草120g、人参120g、干姜40g、黄芩120g、半夏(姜制)160g、黄连40g、大枣120g,以上八味，黄连和甘草粉碎成细粉，取用约 100g，粗头留用；人参、生姜、干姜、黄芩和半夏照流浸膏剂与浸膏剂项下的渗漉法 (附录 17 页) 用 70% 乙醇作溶剂，进行渗漉，漉液回收乙醇，浓缩成清膏，粗头和大枣加水煎煮三次，合并煎液，滤过，浓缩成清膏，与上述清膏合并，静置，滤过，滤液浓缩成稠膏，与上述细粉混匀，干燥，研细，制成颗粒，干燥，压制成片，即得
生脉胶囊,胶囊剂,益气复脉，养阴生津。用于气阴两亏，心悸气短，脉微自汗,人参330g、麦冬660g、五味子330g,以上三味，取人参 200g，粉碎成细粉，备用；剩余人参粉碎成粗粉，照流浸膏剂与浸膏剂项下的渗漉法 (附录 17 页)，用 75% 乙醇作溶剂，浸渍 24 小时后进行渗漉，收集漉液。将五味子粉碎成粗粉，蒸馏提取，残渣与麦冬加水煎煮二次，滤过，合并滤液，浓缩至适量，加乙醇使含醇量达 60%，静置，滤过，回收乙醇，浓缩至适量，与人参渗漉液、五味子蒸馏液、人参细粉混匀，制颗粒，干燥，装入胶囊，制成 1000 粒，即得
白益镇惊丸,丸剂,养血安神。用于小儿热病体虚，痰鸣气促，抽搐时作，将成慢惊,人参100g、天竺黄100g、茯苓100g、天南星100g、酸枣仁(炒)60g、当归60g、地黄60g、麦冬60g、赤芍60g、黄连40g、薄荷40g、栀子(炒)40g、牛黄40g、龙骨(煅)40g、朱砂40g、青黛20g、关木通40g,以上十七味，除牛黄外，朱砂水飞或粉碎成极细粉；其余人参等十五味粉碎成细粉，将牛黄研细，与上述粉末配研，过筛，混匀。每 100g 粉末加炼蜜 40g 与适量的水泛丸，干燥，即得
汉桃叶片,片剂,祛风止痛，舒筋活络。用于三叉神经痛，坐骨神经痛，风湿关节痛,汉桃叶（浸膏，每片含干浸膏0.3g）,取汉桃叶，加水煎煮二次，合并煎液，滤过，滤液浓缩至每 1ml 相当于汉桃叶 2g，加乙醇至含醇量达 60%，静置，滤过，滤液浓缩成稠膏状，干燥成干浸膏，加辅料适量，制成颗粒，压片，包糖衣，即得
宁心安神胶囊,胶囊剂,镇惊安神，宽胸宁心。用于更年期综合症，神经衰弱症，诸症可用,黄连100g、琥珀50g、石菖蒲250g、远志(制)417g、茯苓417g、丹参417g、甘草250g、红枣417g、小麦833g、磁石(煅)833g、珍珠母833g,以上十味，黄连、琥珀、石菖蒲 100g 粉碎成最细粉，过筛，混匀；磁石、珍珠母、茯苓加水煎煮 2 小时后，再加入上述剩余的石菖蒲和其余甘草等四味煎煮二次，第一次 2 小时，第二次 1.5 小时，合并煎液，放置使沉淀 6 小时，取上清液滤过，滤液浓缩至相对密度为 1.16~1.18 的稠膏，加入黄连等粉末混匀，干燥，粉碎，装入胶囊，制成 1000 粒，即得
宁坤丸,丸剂,补气养血，调经止痛。用于妇女血虚气滞，月经不调，经前经后腹痛腰痛,益母草(酒制)100g、党参(炙)13g、乌药17g、黄芩(酒制)8g、白术(炒)17g、熟地黄(酒制)17g、紫苏叶8g、牛膝(盐制)7g、地黄17g、香附(酒醋制)17g、白芍(酒炒)17g、沉香1.7g、阿胶(炒)8g、砂仁8g、川芎(酒制)17g、甘草(炙)5g、琥珀8g、化橘红17g、当归(酒制)17g、茯苓(炒)17g、木香8g,以上二十一味，除琥珀外，其余各药粉碎成细粉，过筛。将琥珀研细，与上述粉末配研，过筛，混匀。每 100g 粉末加炼蜜 35~45g 与适量的水，泛丸，干燥；或加炼蜜 120~140g 制成大蜜丸，即得
宁嗽露 (糖浆剂),糖浆剂,止咳化痰。用于伤风咳嗽，急、慢性支气管炎,麻黄400g、紫菀300g、百部（蒸）500g、甘草（未列克数）、苦杏仁300g,以上五味，除麻黄外，其余百部等四味加水煎煮二次，第一次 2 小时，第二次加麻黄后再煎 1.5 小时，合并煎液，滤过，滤液浓缩至约 1900ml，静置 24 小时，吸取上清液，将蔗糖 980g 加水溶解，与上清液混合后，再浓缩至 2800ml，加入苯甲酸钠 0.3%，滤过，即得
圣济鳖甲丸,丸剂,软坚消痞。用于久疟成痞,鳖甲(炙)80g、常山30g、草果(炒)40g、莪术(炒)30g、六神曲(炒)40g、厚朴(制)40g、半夏(制)40g、柴胡30g、青皮(炒)30g、麦芽(炒)40g、制何首乌80g、山楂(炒)40g、陈皮40g、三棱(炒)30g、黄芩(炒)40g,以上十五味，粉碎成细粉，过筛，混匀；另取生姜 40g、大枣 80g 分次加水煎煮，滤过，滤液浓缩至适量，用煎液泛丸，干燥，即得
加味保和丸,丸剂,健胃理气，利湿和中。用于饮食不消，胸膈闷满，嗳气呕恶,白术(麸炒)36g、茯苓36g、陈皮72g、厚朴(姜炙)36g、枳实36g、枳壳(麸炒)36g、香附(醋炙)36g、山楂(炒)36g、六神曲(麸炒)36g、麦芽(炒)36g、法半夏9g,以上十一味，粉碎成细粉，过筛，混匀，用水泛丸，干燥，即得
皮肤病血毒丸,丸剂,清血解毒，消肿止痒。用于经络不和，湿热血燥引起的风疹，湿疹，皮肤刺痒，雀斑粉刺，面赤鼻齄，疮疡肿毒，脚气疥癣，头目眩晕，大便燥结,茜草30g、桃仁30g、荆芥穗(炭)30g、蛇蜕(酒炙)15g、赤芍30g、当归30g、白茅根60g、地肤子30g、苍耳子(炒)30g、地黄30g、连翘30g、金银花30g、苦地丁30g、土茯苓30g、黄柏15g、皂角刺30g、桔梗30g、益母草30g、苦杏仁(去皮炒)30g、防风15g、赤茯苓60g、白芍30g、蝉蜕15g、牛蒡子(炒)30g、牡丹皮30g、白鲜皮30g、熟地黄30g、大黄(酒炒)30g、忍冬藤30g、紫草15g、土贝母30g、川芎(酒炙)15g、甘草30g、白芷15g、天葵子30g、紫荆皮15g、鸡血藤30g、浮萍15g、红花15g,以上三十九味，粉碎成细粉，过筛，混匀，用水泛丸，干燥，每 1000g 丸药用滑石粉 250g，包衣，打光，干燥，即得
老蔻丸,丸剂,开郁舒气，温胃消食。用于肝郁气滞，饮食不消，膨闷胀饱，胃脘疼痛,豆蔻40g、砂仁20g、肉桂60g、丁香20g、当归30g、川芎20g、山楂(炒)40g、六神曲(炒)40g、白术(麸炒)40g、甘草20g、青皮(醋制)30g、陈皮30g、乌药30g、莱菔子(炒)40g、大黄(酒蒸)40g、牵牛子(炒)60g、木香20g、枳壳(麸炒)30g、厚朴(姜制)40g、三棱(醋制)40g、莪术(醋制)40g、清半夏30g、草果仁30g、槟榔(炒)40g,以上二十四味，粉碎成细粉，过筛，混匀。每 100g 粉末加炼蜜 140~160g 制成大蜜丸，即得
耳聋左慈丸 (浓缩丸),丸剂,滋肾平肝。用于肝肾阴虚，耳鸣耳聋，头晕目眩,磁石(煅)20g、熟地黄160g、山药80g、山茱萸(制)80g、茯苓60g、牡丹皮60g、泽泻60g、竹叶柴胡20g,以上八味，取柴胡、泽泻及茯苓 40g 粉碎成粗粉，加水煎煮二次，第一次 3 小时，第二次 2 小时，合并煎液，滤过，滤液浓缩成相对密度为 1.30~1.35 (20℃) 的稠膏；取熟地黄切片，加水煎煮三次，第一次 3 小时，第二次 2 小时，第三次 1 小时，合并煎液，滤过，滤液浓缩成相对密度为 1.30~1.35 (20℃) 的稠膏；取牡丹皮及山茱萸 66.5g，照流浸膏剂与浸膏剂项下的渗漉法 (附录 17 页)，以 70% 乙醇为溶剂，浸渍 24 小时后进行渗漉，收集漉液，回收乙醇，浓缩成相对密度为 1.30~1.35 (20℃) 的稠膏；取磁石、山药及剩余的山茱萸、茯苓粉碎成细粉，与上述各稠膏混匀，制丸，干燥，打光，即得
百合固金丸 (浓缩丸),丸剂,养阴润肺，化痰止咳。用于肺肾阴虚，燥咳少痰，痰中带血，咽干喉痛,百合100g、地黄200g、熟地黄300g、麦冬150g、当归100g、玄参80g、川贝母100g、桔梗80g、甘草100g、白芍100g,以上十味，将当归、川贝母、桔梗及甘草 50g 粉碎成细粉；地黄、熟地黄加水煎煮三次，第一次 2 小时，第二次 2 小时，第三次 1 小时，合并煎液，滤过，滤液浓缩成相对密度为 1.30~1.35 (20℃) 的稠膏；剩余甘草及其余麦冬等四味加水煎煮二次，第一次 3 小时，第二次 2 小时，合并煎液，滤过，滤液浓缩成相对密度为 1.30~1.35 (20℃) 的稠膏，与上述稠膏及粉末混匀，制丸，干燥，打光，即得
当归黄精膏,膏剂,养阴血，益肝脾。用于肝脾阴亏，身体虚弱，饮食减少，口燥咽干，面黄肌瘦,当归445g、黄精(蒸)445g,以上二味，当归提取挥发油，残渣与黄精加水煎煮二次，每次 2 小时，合并煎液，滤过，滤液浓缩至适量，加入由蔗糖 1125g 制成的糖浆，继续浓缩至规定的相对密度，放冷，加入上述挥发油，搅匀，即得
朱砂安神片,片剂,清心养血，镇静安神。用于胸中烦热，心悸不宁，失眠多梦,朱砂100g、黄连150g、地黄100g、当归100g、甘草50g,以上五味，除朱砂水飞成极细粉外，取黄连 50g 和甘草粉碎成细粉，取用 65g，粗头留用；当归蒸馏提取挥发油，蒸馏后的水溶液另器收集；药渣、粗头与剩余黄连、地黄照流浸膏剂与浸膏剂项下的渗漉法 (附录 17 页)，用蒸馏后的水溶液配成的 50% 乙醇作溶剂，进行渗漉，漉液回收乙醇，浓缩成稠膏，与上述细粉混匀，干燥，研细，与朱砂配研，过筛，混匀，制成颗粒，干燥，加入上述挥发油，混匀，压制成片，即得
伤痛酊,酊剂,去瘀活血，消肿止痛。用于扭伤、挫伤、挤压伤、腱鞘炎等急性软组织损伤,芙蓉叶50g、徐长卿20g、两面针20g、朱砂根20g、雪上一枝蒿20g、薄荷脑15g、樟脑25g、肉桂油10g,以上八味，芙蓉叶、徐长卿、两面针、朱砂根、雪上一枝蒿等五味粉碎成粗粉，照流浸膏剂与浸膏剂项下的渗漉法 (附录 17 页)，用 85% 乙醇作溶剂，浸渍 24 小时后进行渗漉，收集漉液 400g，静置，滤过，滤液加入薄荷脑、樟脑、肉桂油，搅拌使溶解，混匀，即得
行军散,散剂,辟瘟，解毒，开窍。用于夏伤暑热，头目眩晕，腹痛吐泻,姜粉15g、冰片150g、硼砂（炒）150g、硝石（精制）9g、雄黄240g、珍珠150g、牛黄150g、麝香150g,以上八味，雄黄、珍珠分别水飞或粉碎成极细粉；硝石、硼砂粉碎成细粉；将牛黄、麝香、冰片研细，与姜粉及上述粉末配研，过筛，混匀，即得
关节镇痛膏,膏剂,祛风除湿，活血止痛。用于风寒湿痹，关节、肌肉酸痛及扭伤,辣椒180g、肉桂40g、秦艽20g、细辛20g、桂枝40g、当归10g、荆芥20g、赤芍20g、丁香10g、生附子30g、姜黄40g、羌活20g、生草乌30g、独活20g、白芷20g、川芎20g、防风20g、青木香10g、红花10g、生川乌30g、薄荷脑40g、水杨酸甲酯30g、冰片40g、樟脑80g、颠茄流浸膏60g,以上二十五味，除颠茄流浸膏外，樟脑、薄荷脑、冰片、水杨酸甲酯混合后，加入轧成海绵状的橡胶 320g，浸泡 12~14 小时，再加入氧化锌 380g、松香 320g、凡士林 30g、羊毛脂 40g、白油 10g，制成胶膏；其余辣椒等二十味粉碎成粗粉，照流浸膏剂与浸膏剂项下的渗漉法 (附录 17 页)，用 90% 乙醇作溶剂，缓缓渗漉，俟有效成分完全漉出，收集漉液，加入颠茄流浸膏，制成浸膏，加入上述胶膏，制成涂料。进行涂膏，切段，盖衬、切成小块，即得
安嗽片,片剂,止咳，祛痰。用于咳嗽多痰,浙贝母50g、桔梗35g、百部50g、甘草77.5g、半夏(制)45g、陈皮25g、前胡45g,以上七味，取甘草适量，粉碎成细粉 40g 备用；剩余甘草与浙贝母等六味酌予碎断，加水热浸 (85~90℃) 四次，第一、二次 4 小时，第三、四次 3 小时，合并浸出液，静置，滤过，滤液浓缩至稠膏状，加入备用的甘草细粉与糊精 40g、淀粉适量，混匀，制成颗粒，干燥，压制成 1000 片，即得
冰梅上清丸,丸剂,清热退火。用于上焦积热，喉肿疼痛，鼻干口苦，口舌生疮,冰片8g、乌梅肉96g、儿茶600g、桔梗184g、诃子123g、山豆根30g、浆粉120g、硼砂100g、芒硝20g、甘草82g、薄荷80g,以上十一味，取儿茶 60g 备用，将甘草、薄荷共粉碎成细粉，过筛，混匀；剩余儿茶及其余乌梅肉等八味共粉碎成细粉，过筛，混匀。以上述二种细粉交替用水泛丸，低温干燥。取备用儿茶加水适量，加热溶化，滤过，滤液浓缩至适量，与薄荷脑细粉 (每 640g 干丸加 1g 薄荷脑) 包衣，晾干，即得
阳春口服液,口服液,补肾壮阳，生精益脑。用于肾阳不足，肾精亏损引起的阳痿不举，滑精早泄，失眠健忘，肾虚腰痛,人参250g、鹿茸15g、淫羊藿(炙)500g、山茱萸(酒炙)250g、菟丝子250g、乌鸡(去毛、爪、肠)500g、阳起石15g,以上七味，将乌鸡、阳起石加水煎煮三次，第一次 2 小时，第二次 2 小时，第三次 1 小时，合并煎液，滤过，滤液浓缩至相对密度 1.04~1.08 (25℃) 的清膏 (约 1000ml)，加乙醇使含醇量达 65%，放置 24 小时，滤过；其余人参等五味，粉碎成粗粉，照流浸膏剂与浸膏剂项下的渗漉法 (附录 17 页)，用 65% 乙醇作溶剂，浸渍 24 小时后，进行渗漉，收集漉液 6000ml，与上述滤液合并，回收乙醇并减压浓缩至 1250ml，冷藏，48 小时，滤过；另取蔗糖 2000g，制成糖浆，加防腐剂适量，与上述药液合并，调节 pH 值至 7，调整总量至 5000ml，搅匀，冷藏 5 天，滤过，灌封，灭菌，即得
麦芽片,片剂,助消化药。用于缺乏淀粉酶所引起的消化不良,麦芽粉（每片相当于原药材0.5g）,取麦芽粉制成片剂，即得
麦味地黄丸(浓缩丸),丸剂,滋肾养肺。用于肺肾阴亏，潮热盗汗，咽干咳血，眩晕耳鸣，腰膝酸软，消渴,麦冬60g、五味子40g、熟地黄160g、山茱萸(制)（未列克数）、牡丹皮60g、山药80g、茯苓60g、泽泻60g,以上八味，取泽泻、麦冬、茯苓粉碎成粗粉，加水煎煮二次，第一次 3 小时，第二次 2 小时，合并煎液，滤过，滤液浓缩成相对密度为 1.30~1.35 (20℃) 的清膏；取熟地黄切片，加水煎煮三次，第一次 3 小时，第二次 2 小时，第三次 1 小时，合并煎液，滤过，滤液浓缩成相对密度为 1.30~1.35 (20℃) 的清膏；取五味子、牡丹皮 33.5g，山茱萸 46.9g，照流浸膏剂与浸膏剂项下的渗漉法 (附录 17 页)，用 70% 乙醇作溶剂，浸渍 24 小时后进行渗漉，收集漉液，回收乙醇，浓缩成相对密度为 1.30~1.35 (20℃) 的清膏；将山药、剩余的牡丹皮和山茱萸粉碎成细粉，与上述各清膏混匀，制丸，干燥，打光，即得
扶正养阴片,片剂,扶正养阴。用于虚损劳伤，潮热咳嗽,天冬42g、麦冬42g、地黄42g、熟地黄42g、山药42g、百部42g、沙参42g、川贝母42g、茯苓21g、三七21g、菊花84g、桑叶84g、阿胶42g,以上十三味，除阿胶外，其余各药粉碎成细粉，过筛，混匀，阿胶用白酒溶化后与上述粉末混匀。加辅料适量，制成颗粒，干燥，压制成 1000 片，即得
抗痨丸,丸剂,活血止血，散瘀生新，祛痰止咳。用于浸润型肺结核，痰中带血,矮地茶500g、百部200g、桑白皮100g、穿破石200g、五指毛桃200g、白及200g,以上六味，除白及粉碎成细粉外，其余矮地茶等五味，加水煎煮二次，每次 3 小时，合并煎液，滤过，滤液浓缩成稠膏状，放冷，加白及粉，混匀，在 60~80℃干燥，粉碎成细粉，过筛，混匀。每 100g 粉末加炼蜜 60~65g 制成大蜜丸，即得
抗痨丸(浓缩水蜜丸),丸剂,活血止血，散瘀生新，祛痰止咳。用于浸润型肺结核，痰中带血,矮地茶500g、百部200g、桑白皮100g、穿破石200g、五指毛桃200g、白及200g,以上六味，取矮地茶 50g 粉碎成细粉，剩余的矮地茶与其余百部等五味，加水煎煮二次，每次 3 小时，合并煎液，滤过，滤液浓缩成稠膏状，加乙醇使含醇量达 35~45%，搅拌，放置 24 小时，滤过，滤液浓缩成稠膏，加入矮地茶细粉，混匀，干燥，粉碎成细粉，每 100g 粉末加炼蜜 10~25g 及水适量，泛丸，干燥，即得
抗痨冲剂,颗粒剂,活血止血，散瘀生新，祛痰止咳。用于浸润型肺结核，痰中带血,矮地茶500g、百部200g、桑白皮100g、穿破石200g、五指毛桃200g、白及200g,以上六味，加水煎煮二次，每次 3 小时，合并煎液，滤过，滤液浓缩成稠膏状，加乙醇使含乙醇量达 35~45%，搅匀，静置 24 小时，滤过，滤液浓缩成稠膏，加蔗糖粉适量，混匀，制成颗粒或压制成块，干燥，即得
抗骨增生片,片剂,补肾，活血，止痛。用于肥大性脊椎炎，颈椎病，跟骨刺，增生性关节炎，大骨节病,熟地黄204g、鹿衔草136g、骨碎补(烫)136g、鸡血藤136g、肉苁蓉136g、淫羊藿136g、莱菔子(炒)86g,以上七味，取鸡血藤 68g 粉碎成细粉，剩余的鸡血藤与其余熟地黄等六味加水煎煮二次，第一次 3 小时，第二次 2 小时，滤过，合并滤液，浓缩成稠膏，加入上述粉末，混合，干燥，粉碎，加辅料适量，混匀，制粒，干燥，压制成 1000 片，包糖衣，即得
抗菌消炎片(益金解毒片),片剂,清热、泻火、解毒。用于风热感冒，咽喉肿痛，实火牙痛,金银花100g、百部100g、大黄30g、大青叶100g、黄芩50g、知母80g、金钱草100g,以上七味，取金钱草 50g 及金银花、黄芩、大黄粉碎成细粉，过筛；另取剩余的金钱草及大青叶、知母、百部加水煎煮二次，第一次 2 小时，第二次 1.5 小时，合并煎液，滤过，滤液浓缩成相对密度为 1.20~1.24 (90℃) 的稠膏，与上述细粉混匀，制成颗粒，干燥，压制成片，包糖衣，即得
时疫清瘟丸,丸剂,清热透表，散瘟解毒。用于外感时疫瘟邪引起的头疼身痛，恶寒发热，四肢倦怠，喉痛咽干，腮红肿,羌活68.2g、白芷45.6g、荆芥穗148.8g、防风45.6g、淡豆豉148.8g、川芎45.6g、薄荷148.8g、赤芍45.6g、葛根90g、金银花148.8g、连翘217.2g、牛蒡子(炒)188.4g、蓼大青叶90g、黄芩90g、淡竹叶139.2g、天花粉90g、桔梗217.2g、柴胡45.6g、玄参90g、甘草73.2g、水牛角浓缩粉8.2g、牛黄6.8g、冰片21.8g,以上二十三味，除水牛角浓缩粉外，牛黄、冰片分别研成细粉；其余羌活等二十味粉碎成细粉，过筛，混匀，与上述粉末配研，过筛，混匀，每 100g 粉末加炼蜜 120~140g 制成大蜜丸，即得
肝复康丸,丸剂,收敛，益气，解毒，降谷丙转氨酶。用于急、慢性肝炎，早期肝硬化和肝功能不良,五味子400g、太子参200g、白花蛇舌草200g,以上三味，粉碎成细粉，过筛，混匀。每 100g 粉末加炼蜜 45g 与适量的水泛丸，干燥，即得
辛芩冲剂,颗粒剂,益气固表，祛风通窍。用于肺气虚证之鼻鼽 (过敏性鼻炎)、鼻窒等症,细辛100g、黄芩100g、荆芥100g、防风100g、白芷100g、苍耳子100g、黄芪100g、白术100g、桂枝100g、石菖蒲100g,以上十味，加水煎煮二次，第一次 1.5 小时，第二次 1 小时，合并煎液，滤过，滤液浓缩成清膏，加蔗糖粉、糊精及乙醇适量，制成颗粒，80℃以下干燥，制成 2000g，即得
冻疮未溃膏,膏剂,活血散瘀。用于未溃冻疮,干辣椒480g、樟脑140g、颠茄流浸膏40ml,以上三味，干辣椒照流浸膏剂与浸膏剂项下的渗漉法 (附录 17 页)，用乙醇作溶剂，制成辣椒浸膏 80ml，与其它二味药混合，加入 4.0~4.3 倍重量由橡胶、松香等制成的基质，制成涂料，涂膏，切段，盖衬，切成小块，即得
沉香化气片,片剂,理气疏肝，消积和胃。用于肝胃气滞，脘腹胀痛，胸膈痞满，不思饮食，嗳气泛酸,沉香50g、木香100g、广藿香200g、香附(醋制)100g、砂仁100g、陈皮100g、莪术(醋制)200g、六神曲(炒)200g、麦芽200g、甘草100g,以上十味，沉香、六神曲粉碎成细粉，取用约 185g，粗头留用；木香、广藿香、砂仁和陈皮蒸馏提取挥发油；药渣、粗头与其余香附等四味加水煎煮二次，合并煎液，滤过，滤液浓缩成稠膏，与上述细粉混匀，干燥，研细，制成颗粒，干燥，加入上述挥发油，混匀，压片，即得
沉香舒气丸,丸剂,舒气化郁，和胃止痛。用于肝郁气滞、肝胃不和引起的胃脘胀痛，两胁胀满疼痛或刺痛，烦躁易怒，呕吐吞酸，呃逆嗳气，倒饱嘈杂，不思饮食,木香195g、砂仁117g、沉香195g、青皮(醋炙)600g、厚朴(姜炙)600g、香附(醋炙)600g、乌药300g、枳壳(去瓤麸炒)600g、草果仁300g、豆蔻117g、片姜黄300g、郁金600g、延胡索(醋炙)600g、五灵脂(醋炙)300g、柴胡300g、山楂(炒)300g、槟榔600g、甘草150g,以上十八味，粉碎成细粉，过筛，混匀，每 100g 药粉加炼蜜 140~160g 制成大蜜丸，即得
补天灵片,片剂,补肾壮阳，填精益髓。用于肾阳亏损，阳痿早泄，腰膝酸软，遗精自汗，畏寒肢冷，神疲乏力,淫羊藿62.5g、狗鞭3.0g、仙茅75g、羊鞭6.5g、韭菜子50g、锁阳75g、驴鞭2g、海龙12.5g、牛鞭36.1g、牛膝50g、鹿茸11g、补骨脂100g、肉桂75g、貂鞭0.3g、枸杞子125g、红参50g、蛇床子75g,以上十七味，取枸杞子、补骨脂、韭菜子、蛇床子、肉桂、锁阳、红参、仙茅等八味药材饮片，混匀，用 70% 乙醇回流提取三次，每次 3 小时，合并提取液，回收乙醇，浓缩液备用。另取淫羊藿、牛膝，加水煎煮三次，每次 2 小时，合并煎液，滤过，滤液浓缩至相对密度为 1.20 (80℃) 的稠膏，加入 3 倍量乙醇，搅拌 10 分钟，密闭，静置 24 小时，吸取上清液，回收乙醇得浓缩液。将狗鞭、羊鞭、驴鞭、牛鞭、貂鞭用 70% 乙醇回流提取三次，每次 3 小时，提取液合并，回收乙醇得浓缩液，将以上三种浓缩液合并，继续浓缩成稠膏，与海龙、鹿茸粗粉混合，干燥，粉碎成细粉，过筛，混匀，制粒，于 80℃以下干燥，整粒，加入辅料适量，压制成 500 片，包糖衣，即得
补中益气丸(浓缩丸),丸剂,补中益气，升阳举陷。用于脾胃虚弱，中气下陷，体倦乏力，食少腹胀，久泻、脱肛、子宫脱垂,黄芪(蜜炙)200g、党参60g、甘草(蜜炙)100g、白术(炒)60g、当归60g、升麻60g、柴胡60g、陈皮60g、生姜20g、大枣40g,以上十味，取生姜、陈皮提取挥发油，药渣与黄芪、白术、升麻、柴胡、大枣加水煎煮二次，第一次 3 小时，第二次 2 小时，合并煎液，滤过，滤液浓缩成相对密度为 1.30~1.35 (20℃) 的稠膏；取党参、当归粉碎成细粉；取甘草部分粉碎成细粉，部分制成浸膏；将上述各膏与粉末混匀，加入挥发油，混匀，制丸，干燥，打光，即得
补益资生丸,丸剂,滋阴补气，调养脾胃。用于脾胃虚弱引起的胸闷作呕，食欲不振，精神倦怠，大便溏泄,人参384g、白术(麸炒)384g、茯苓192g、甘草60g、白扁豆(去皮)120g、山药192g、南山楂(炒)240g、六神曲(麸炒)240g、麦芽(炒)192g、莲子120g、薏苡仁(麸炒)384g、芡实(麸炒)192g、泽泻42g、豆蔻42g、化橘红240g、广藿香60g、桔梗60g、黄连42g,以上十八味，粉碎成细粉，过筛，混匀。每 100g 粉末加炼蜜 130~140g 制成大蜜丸，即得
灵仙跌打片,片剂,散风祛湿，活血止痛。用于手足麻痹，时发疼痛，跌打损伤，痛不可忍或瘫痪等症,威灵仙300g、制川乌240g、五灵脂（醋炒）240g,以上三味，五灵脂粉碎成细粉，过筛；威灵仙加水煎煮二次，每次 3 小时，合并煎液，滤过，滤液静置，取上清液浓缩成稠膏；制川乌用 70% 乙醇回流提取二次，每次 3 小时，合并提取液，静置，取上清液回收乙醇，浓缩成稠膏，与上述粉末及稠膏混匀，加辅料适量，制粒，干燥，压制成 1000 片，包糖衣，即得
附子理中丸(浓缩丸),丸剂,温中健脾。用于脾胃虚寒，脘腹冷痛，呕吐泄泻，手足不温,附子(制)100g、党参200g、白术(炒)150g、干姜100g、甘草100g,以上五味，干姜、白术、党参以 70% 乙醇为溶剂，照流浸膏剂与浸膏剂项下的渗漉法 (附录 17 页)，浸渍 24 小时后进行渗漉，收集漉液，回收乙醇，浓缩成相对密度为 1.30~1.35 (20℃) 的稠膏；将甘草部分制成浸膏，部分粉碎成细粉；将附子粉碎成细粉，与上述各膏及甘草细粉混匀，制丸，干燥，打光，即得
附子理中片,片剂,温中健脾。用于脾胃虚寒，脘腹冷痛，呕吐泄泻，手足不温,附子(制)100g、党参200g、白术(炒)150g、干姜100g、甘草100g,以上五味，附子粉碎成细粉；党参、甘草加水煎煮两次，每次 2 小时，合并煎液，滤过，滤液浓缩成稠膏；白术、干姜粉碎成粗粉，照流浸膏剂与浸膏剂项下的渗漉法 (附录 17 页)，用 60% 乙醇作溶剂，进行渗漉，收集漉液，回收乙醇，浓缩成稠膏。将上述粉末与两稠膏混匀，干燥，粉碎成细粉，用 85% 乙醇制粒，加 1% 硬脂酸镁，拌匀，压制成 1500 片，包糖衣，即得
鸡鸣丸,丸剂,润肺止咳，化痰定喘。用于五更咳嗽，肺虚气喘，痰中带血,知母200g、阿胶200g、款冬花（蜜炙）200g、五味子200g、马兜铃（蜜炙）50g、麻黄50g、旋覆花（蜜炙）50g、陈皮50g、甘草（蜜炙）50g、桔梗25g、葶苈子（炒）15g、苦杏仁（炒）15g、清半夏15g,以上十三味，粉碎成细粉，过筛，混匀。每 100 克粉末加炼蜜 90~100g 制成大蜜丸，即得
驱虫消食片,片剂,消积杀虫，健脾开胃。用于小儿疳气，虫积，身体赢瘦，不思饮食,使君子仁80g、雷丸80g、鸡内金100g、茯苓100g、牵牛子(炒)100g、芡实200g、甘草（蜜炙）100g、槟榔100g,以上八味，使君子仁、雷丸、鸡内金、茯苓和芡实粉碎成细粉，取 480g 备用，其余部分与槟榔、牵牛子、甘草加水煎煮三次，每次 2 小时，合并煎液，滤过，滤液浓缩成相对密度为 1.08 (75~80℃) 的清膏，加入备用细粉、蔗糖粉 200g，混匀，制粒，干燥，压制成 1000 片，即得
青六散,散剂,化温热，利小便。用于湿热泄泻，小便短赤,滑石360g、甘草60g、红曲（炒）70g,以上三味，滑石水飞或粉碎成极细粉，甘草、红曲分别粉碎成粗粉，与滑石粉混匀，过筛，即得
青蒿鳖甲片,片剂,养阴清热。用于温病后期，夜热早凉，阴虚低热，热退无汗,青蒿80g、鳖甲胶13.4g、地黄160g、知母80g、牡丹皮120g,以上五味，牡丹皮粉碎成细粉，取用 104g，余作粗头留用；青蒿蒸馏提取挥发油；药渣、粗头与知母、地黄加水煎煮三次，合并煎液，滤过，滤液浓缩成清膏，加入鳖甲胶使溶化，浓缩成稠膏，与上述细粉混匀，干燥，研细，制成颗粒，干燥，加入上述挥发油，混匀，压制成片，即得
罗布麻叶片,片剂,降压。用于高血压头晕、心悸,罗布麻叶（每片含原药材约0.7g）,取罗布麻叶 100g 粉碎成细粉，另取 400g 加水热浸二次 (80~90℃)，第一次 2 小时，第二次 1 小时，合并浸液，滤过，滤液减压浓缩至相对密度 1.35~1.40 (50℃) 的清膏，加入上述细粉，混匀，干燥，粉碎成细粉，制成颗粒，干燥，压制成 700 片或包糖衣，即得
知柏地黄丸（浓缩丸）,丸剂,滋阴降火。用于阴虚火旺，潮热盗汗，口干咽痛，耳鸣遗精，小便短赤,知母40g、熟地黄160g、黄柏40g、山茱萸(制)80g、山药80g、牡丹皮60g、茯苓60g、泽泻60g,以上八味，将泽泻、茯苓、知母、黄柏粉碎成粗粉，加水煎煮二次，第一次 3 小时，第二次 2 小时，合并煎液，滤过，滤液浓缩成相对密度为 1.30~1.35 (20℃) 的清膏；取熟地黄切片，加水煎煮三次，第一次 3 小时，第二次 2 小时，第三次 1 小时，合并煎液，滤过，滤液浓缩成相对密度为 1.30~1.35 (20℃) 的清膏；取牡丹皮 40g，山茱萸 46.9g，照流浸膏剂与浸膏剂项下的渗漉法 (附录 17 页)，以 70% 乙醇作溶剂，浸渍 24 小时后，进行渗漉，收集漉液，回收乙醇，浓缩成相对密度 1.30~1.35 (20℃) 的清膏；取山药、剩余的山茱萸及剩余的牡丹皮粉碎成细粉，与上述各清膏混匀，制丸，干燥，打光，即得
和肝利胆冲剂,颗粒剂,清热利湿，舒肝理气。用于急性黄疸型肝炎，慢性肝炎活动期，急慢性胆囊炎,金钱草100g、茵陈100g、板蓝根100g、枳壳(炒)67g、柴胡(制)67g、黄芩100g、栀子67g、五味子134g,以上八味，加水煎煮二次，每次各 1 小时，合并煎液，静置 8 小时，滤过，滤液减压浓缩成膏状，加乙醇使含醇浓度达 50%，静置 12 小时，滤过，减压回收乙醇至无醇味，得稠膏 (相对密度为 1.29-1.32，22℃测)，加入糖粉适量，混匀，制成颗粒，干燥，制成 1000g，即得
和肝利胆糖浆,糖浆剂,清热利湿，舒肝理气。用于急性肝炎，慢性肝炎活动期，急慢性胆囊炎,金钱草100g、茵陈100g、板蓝根100g、枳壳(炒)67g、柴胡(制)67g、黄芩100g、栀子67g、五味子134g,以上八味，加水煎煮二次，每次 1 小时，合并煎液，滤过，滤液静置 12 小时，滤过，滤液浓缩至相对密度为 1.18~1.22 的清膏 (30℃)；另取蔗糖 600g 加水适量，煮沸，滤过，滤液与上述清膏混匀，加入苯甲酸钠 3g，加水至 1000ml，混匀，即得
使君子丸,丸剂,消疳驱虫。用于小儿疳积，虫积腹痛,使君子(炒)500g、天南星(制)250g、槟榔250g,以上三味，粉碎成细粉，过筛，混匀。每 100g 粉末加炼蜜 28g 与适量的水泛丸，干燥，即得
金钱白花蛇药酒,酒剂,祛风除湿，散寒止疼，活血通络，舒筋强骨。用于由风、寒、湿邪引起的痹症、痿症，筋骨疼痛，腰膝酸软，手足麻木，屈伸不利,白花蛇6.25g、乌梢蛇93.8g、马钱子（制）93.8g、五加皮93.8g、老鹳草93.8g、稀莶草93.8g、千年健93.8g、地枫皮93.8g、陈皮93.8g、红花93.8g、肉桂93.8g、杜仲93.8g、川牛膝93.8g、甘草93.8g,以上十四味，加白酒 10000g 密闭浸泡，夏季 50 天，其他季节 60 天，每 5 天翻动一次，捞出药渣，压榨，取上清液与压榨液合并，加入烊化的冰糖 1500g，搅拌，密封，静置 25 天以上，滤过，即得
乳泉冲剂,颗粒剂,通经，活血，下乳。用于产后乳少，乳汁不畅,王不留行210g、穿山甲(炙)25g、天花粉90g、甘草(炙)90g、当归150g、漏芦90g,以上六味，除王不留行外，穿山甲粉碎成粗粉，与其余天花粉等四味，加水煎煮 3 小时，滤过，药渣加入王不留行，加水煎煮 3 小时，滤过，合并滤液，浓缩至相对密度为 1.11~1.14 (45~55℃) 的清膏，冷却，加入上述清膏 6 倍量的水，充分搅拌使溶解，静置 12 小时，滤过，滤液浓缩至相对密度为 1.11~1.14 (45~55℃) 的清膏。取清膏 165g 与糖粉适量，充分混匀，制粒，干燥，制成 1500g，即得
炙甘草合剂,口服液,益气滋阴，通阳复脉。用于气虚血少，心动悸，脉结代,甘草(蜜炙)118g、生姜88.5g、人参59g、地黄295g、桂枝88.5g、阿胶59g、麦冬88.5g、黑芝麻88.5g、大枣118g,以上九味，黑芝麻压取脂肪油；药渣与生姜、人参、地黄，照流浸膏剂与浸膏剂项下的渗漉法 (附录 17 页)，用 70% 乙醇作溶剂进行渗漉，漉液回收乙醇；桂枝蒸馏提取挥发油；除阿胶外，药渣与其余甘草等三味加水煎煮三次，合并煎液，滤过，滤液加入阿胶使溶化，浓缩至适量，与漉液合并，静置，滤过，再浓缩至约 1000ml，加入防腐剂适量，放冷，加入上述脂肪油、挥发油及乙醇，调整总量至 1000ml，搅匀，即得
泻青丸,丸剂,清肝泻火。用于耳鸣耳聋，口苦头晕，两胁疼痛，小便赤涩,龙胆50g、大黄（酒炒）50g、防风50g、羌活50g、栀子50g、川芎75g、当归50g、青黛25g,以上八味，粉碎成细粉，过筛，混匀。每 100g 粉末加炼蜜 140~160g 制成大蜜丸，即得
治湿平胃丸,丸剂,祛湿健胃。用于湿滞脾胃，运化不佳，痰饮痞闷，嗳气吞酸,苍术（炒）400g、厚朴（制）200g、陈皮200g、甘草(炙)150g,以上六味，粉碎成细粉，过筛，混匀，另取大枣 100g、生姜 50g 煎汁泛丸，干燥，即得
定中丸,丸剂,健胃补脾，止呕。用于暑湿呕泻，停食伤胃，膨闷胀饱，吐泻腹痛,广藿香300g、厚朴(姜制)200g、苦杏仁(炒)100g、砂仁100g、半夏(姜制)150g、木瓜150g、茯苓150g、白术(炒)150g、白糖参100g、白扁豆(炒)200g、甘草75g、紫苏叶150g、香薷150g,以上十三味，粉碎成细粉，过筛，混匀，每 100g 粉末加炼蜜 140~160g 制成大蜜丸，即得
宝宝乐,颗粒剂,温中补虚，和里缓急，开胃消食。用于脾胃虚寒，脘腹隐痛，喜温喜按，胃纳不香，食少便溏,白芍120g、黄芪(蜜炙)100g、大枣30g、桂枝60g、干姜10g、山楂(炒)60g、六神曲(焦)60g、麦芽(炒)60g,以上八味，白芍、黄芪、大枣、六神曲、麦芽、山楂加水煎煮 1.5 小时，再加入桂枝、干姜，继续煎煮 0.5 小时，第二次煎煮 1.5 小时，合并煎液，滤过，滤液浓缩至相对密度约为 1.08 (80℃测)，待冷至室温，加入乙醇，使含醇量达 45% 左右，静置，取上清液，浓缩至相对密度为 1.35 (55℃测) 的清膏。取清膏 1 份，加入蔗糖粉 4 份，糊精 1 份及乙醇适量，制成颗粒，干燥，即得
炎可宁片,片剂,清热泻火，消炎止痢。用于急性扁桃腺炎，细菌性肺炎，急性结膜炎，中耳炎，疖痈瘰疬，急性乳腺炎，肠炎，细菌性痢疾及急性尿道感染,黄柏413.8g、大黄82.8g、黄芩310.3g、板蓝根310.3g、黄连20.7g,以上五味，黄连、大黄粉碎成细粉；黄芩、板蓝根加水煎煮三次，第一次 3 小时，第二次 2 小时，第三次 1 小时，合并煎液，滤过，滤液浓缩成稠膏；黄柏加水煎煮三次，第一次 3 小时，第二次 2 小时，第三次 1 小时，合并煎液，滤过，滤液浓缩至原生药量的 1.5 倍，加入乙醇使含醇量为 70%，搅拌，静置，滤过，回收乙醇，浓缩成稠膏，与上述粉末及稠膏混匀，干燥，制粒，压制成 1000 片，包糖衣，即得
降压丸,丸剂,滋肾，清肝，泻火。用于肝阳、肝火上炎所致头痛眩晕，目赤耳鸣，血压升高,珍珠母200g、龙胆60g、槐米200g、夏枯草200g、地黄100g、牛膝80g,以上六味，珍珠母 60g、夏枯草 160g、龙胆和槐米粉碎成细粉，剩余的珍珠母，先加水煎煮 2 小时，再加入剩余的夏枯草、地黄、牛膝加水煎煮二次，每次 2 小时，合并煎液，滤过，滤液浓缩至相对密度为 1.35 (50℃) 的稠膏，与上述粉末泛丸，干燥，包胶衣，打光，即得
参芪糖浆,糖浆剂,补气扶正。用于体弱气虚，四肢无力,党参125g、黄芪125g,以上二味，加水煎煮三次，每次 4 小时，合并煎液，滤过，滤液浓缩至适量，加苯甲酸钠 3g 及蔗糖 650g 煮沸溶解，滤过，加水至 1000ml，搅匀，即得
参苏片,片剂,疏风散寒，祛痰止咳。用于体弱感冒风寒，恶寒发热，头痛鼻塞，咳嗽痰多，胸闷呕逆,党参200g、紫苏叶200g、葛根200g、前胡200g、茯苓200g、姜半夏200g、陈皮133g、枳壳133g、桔梗133g、甘草133g、木香133g、大枣80g、生姜80g,以上十三味，茯苓和甘草粉碎成细粉，取用 200g，粗头留用。姜半夏和生姜照流浸膏剂与浸膏剂项下的渗漉法 (附录 17 页)，用 70% 乙醇渗漉，漉液回收乙醇，浓缩成清膏；紫苏叶、枳壳、陈皮和木香蒸馏提取挥发油；药渣和其余党参等五味与粗头用蒸馏后的药液加水煎煮三次，滤过，合并滤液，浓缩成清膏，与上述清膏合并，浓缩成稠膏，加入茯苓等细粉拌匀，干燥，研细，制粒，干燥，加入上述挥发油，混匀，压制成 1000 片，即得
参苏宣肺丸,丸剂,解表散寒，宣肺化痰。用于肺经痰湿，感冒风寒引起的头痛鼻塞，周身不适，咳嗽痰多，胸膈满闷，气逆恶心,人参15g、紫苏叶120g、陈皮72g、法半夏48g、茯苓48g、甘草24g、葛根72g、木香24g、枳壳(麸炒)48g、前胡72g、桔梗72g,以上十一味，粉碎成细粉，过筛，混匀，用水泛丸，干燥，每 1000g 丸药用滑石粉 250g 包衣，打光，干燥，即得
参桂再造丸,丸剂,舒筋活络，祛风行血。用于筋骨疼痛，四肢麻木，腰酸背痛，疲劳无力,红参40g、肉桂40g、麻黄40g、熟地黄40g、甘草(蜜炙)40g、大黄(制)40g、防风40g、片姜黄(炒)40g、乌梢蛇40g、草豆蔻40g、独活40g、白芷40g、玄参(酒炙)40g、赤芍(炒)40g、青皮(麸炒)20g、苍术(麸炒)40g、僵蚕(麸炒)20g、粉萆薢40g、乳香(制)20g、乌药(酒炙)20g、香附(酒炙)30g、桑寄生40g、没药(制)20g、骨碎补(酒炙)20g、葛根40g、穿山甲(砂烫)20g、关白附(制)20g、冰片5g、红花20g、威灵仙(酒炙)50g、厚朴(制)20g、狗脊(制)40g、苦参40g、巴戟天40g、地龙(砂烫)20g、鸡血藤40g、仙鹤草40g、丹参40g,以上三十八味，红参粉碎成细粉，冰片研成细粉，其余肉桂等三十六味粉碎成细粉，过筛，混匀，加入红参、冰片细粉，混匀。每 100g 粉末加炼蜜 100~120g 制成大蜜丸，即得
参杞酒,酒剂,补气、益脾，滋补肝肾。用于气血不足，腰膝酸软，食少，四肢无力,党参320g、枸杞子320g,以上二味，分别粉碎成粗粉，取白酒 5000g，分取适量，将上述粗粉润湿，拌匀，密闭 48 小时后，照流浸膏剂与浸膏剂项下的渗漉法 (附录 17 页)，用其余白酒加白糖 250g 制成的糖酒作溶剂，以每分钟 1~3ml 的速度缓缓渗漉，收集漉液，静置，滤过，即得
珍珠冰硼散,散剂,去腐，解毒，消炎止痛。用于口舌生疮，齿龈腐烂，肿痛，急慢性咽喉炎,珍珠10g、朱砂50g、冰片54g、硼砂（煅）443g、玄明粉443g,以上五味，珍珠、朱砂分别水飞或粉碎成极细粉，过筛；其余硼砂等三味粉碎成细粉，过筛，与上述极细粉配研，混匀，过筛，即得
珍黄安宫片,片剂,镇静安神，清热解毒。用于治疗高热，烦躁不安，失眠多梦，神昏谵语，惊风抽搐，癫狂痫症，头痛，眩晕,牛黄20g、珍珠5g、冰片10g、竹沥20g、朱砂50g、大黄60g、郁金100g、青黛30g、石菖蒲100g、胆南星40g、天竺黄10g、水牛角片1000g、珍珠层粉50g、黄芩提取物13.5g、小檗根提取物7.5g,以上十五味，取郁金、石菖蒲蒸馏提取挥发油，另器保存，药渣、药液备用；另取水牛角片加水煎煮二次，第一次 10 小时，第二次 7 小时，滤过，药渣与上述药渣、药液共煎煮 3 小时，滤过，滤液与水牛角片煎液合并，浓缩至相对密度为 1.20 (80℃) 的清膏；将冰片、牛黄研细；另取珍珠、朱砂，分别水飞或粉碎成极细粉；其余黄芩提取物等八味粉碎成粗粉，拌入上述清膏，干燥，粉碎成细粉，与珍珠等极细粉混匀，过筛，制成颗粒，加入冰片、牛黄、挥发油，混匀，压制成每片 0.24g，包糖衣，即得
荆防合剂,口服液,发汗解表，散风祛湿。用于感冒风寒，头痛身痛，恶寒无汗，鼻塞流涕，咳嗽,荆芥97g、防风97g、羌活97g、独活97g、柴胡97g、前胡97g、川芎97g、枳壳97g、茯苓97g、桔梗97g、甘草32.4g,以上十一味，荆芥、防风、羌活、独活、枳壳、川芎和前胡分别蒸馏提取挥发油，蒸馏后的水溶液另器收集；川芎、枳壳药渣与茯苓照流浸膏剂与浸膏剂项下的渗漉法 (附录 17 页)，用蒸馏后的水溶液配成 25% 乙醇作溶剂，进行渗漉，收集漉液，减压回收乙醇。其余五味药渣与柴胡、桔梗、甘草加水煎煮三次，滤过，合并滤液，浓缩至约 1300ml，与漉液合并，静置，滤过，浓缩至约 1000ml，加入苯甲酸钠 3g 和上述挥发油，搅匀，加水使成 1000ml，即得
柏子养心片,片剂,补气，养血，安神。用于心气虚寒，心悸易惊，失眠多梦，健忘,柏子仁32g、党参32g、黄芪(蜜炙)128g、川芎128g、当归128g、茯苓256g、远志(制)32g、酸枣仁32g、肉桂32g、五味子(蒸)32g、半夏曲128g、甘草(蜜炙)13g、朱砂38g,以上十三味，肉桂、党参及半夏曲 90g 粉碎成细粉；当归、川芎、柏子仁照流浸膏剂与浸膏剂项下的渗漉法 (附录 17 页)，用 70% 乙醇作溶剂，浸渍 24 小时后，以每分钟 1~3ml 的速度缓缓渗漉，收集漉液约 1500ml，回收乙醇；五味子、远志照上法用 60% 乙醇为溶剂，进行渗漉，收集漉液约 320ml，回收乙醇；剩余的半夏曲和上述二种渗漉后的药渣与黄芪、甘草、茯苓、酸枣仁加水煎煮二次，每次 2 小时，合并煎液，滤过。合并以上各药液，浓缩成稠膏，加入肉桂等细粉，混匀，干燥，研细，再加人朱砂，混匀，制成颗粒，干燥，压制成 1000 片，包糖衣，即得
药酒丸,丸剂,祛湿散寒，疏风通络。用于外受风寒湿邪引起的手足麻木，下肢软弱，筋骨疼痛，气滞积聚，痞满腹痛,高良姜240g、干姜180g、丁香120g、官桂240g、红豆蔻240g、山奈240g、甘松480g、细辛180g、白芷480g、川乌(甘草银花炙)120g、草乌(甘草银花炙)120g、羌活180g、独活180g、檀香60g、砂仁300g、香附(醋炙)720g、木香180g、川芎300g、当归360g、陈皮720g、青皮(醋炙)300g、红曲1920g、薄荷480g、菊花1440g、广藿香480g、苦杏仁(炒)480g、甘草960g、栀子(姜炙)300g,以上二十八味，粉碎成细粉，过筛，混匀。每 100g 粉末加炼蜜 160~170g 制成大蜜丸，即得
轻身消胖丸,丸剂,益气、利湿，降脂、消胖。用于单纯性肥胖症,罗布麻叶100g、泽泻20g、白术(麸炒)10g、薏苡仁60g、芒硝10g、防己15g、海藻30g、当归20g、川芎15g、荷叶20g、大黄15g、麻黄15g、玫瑰花10g、茯苓20g、滑石50g、山楂30g、黄芪50g、荷梗20g、木香20g,以上十九味，泽泻、白术、薏苡仁、芒硝、防己、海藻、大黄、茯苓、滑石、山楂粉碎成细粉，过筛，混匀。其余罗布麻叶等九味，加水煎煮二次，第一次 2 小时，第二次 1 小时，合并煎液，滤过，滤液浓缩至相对密度为 1.30 (50℃) 的稠膏，与上述粉末混匀，干燥，粉碎成细粉，过筛，混匀。每 100g 粉末加炼蜜 50g 与适量的水，泛丸，干燥，即得
胃可宁 (片),片剂,收敛、制酸、止痛。用于胃痛泛酸，胃及十二指肠溃疡,珍珠层粉1200g、浙贝母400g,以上二味，珍珠层粉粉碎成最细粉，浙贝母粉碎成细粉，过筛，混匀。取糊精 48g、淀粉 32g 打浆，与上述混合粉末制成颗粒，干燥，每 100g 干颗粒加陈皮油 0.3g、润滑剂 1g，压制成片，即得
骨友灵擦剂,颗粒剂,活血化瘀，消肿止痛。用于骨质增生引起的功能性障碍，软组织损伤及大关节病引起的肿胀，疼痛,红花18g、川乌（制）18g、制何首乌13g、续断18g、威灵仙18g、延胡索31g、防风18g、鸡血藤18g、蝉蜕13g、二甲基亚砜250ml,以上十味，将红花等九味粉碎成粗粉，照流浸膏剂与浸膏剂项下的渗漉法 (附录 17 页) 用 75% 乙醇 130ml 润湿，放置 2 小时，再加 75% 乙醇 500ml，浸渍 12 小时后进行渗漉，收集初漉液 100ml 另器保存，继续渗至续液呈微黄色，减压浓缩至 150ml 与初漉液合并，加入二甲基亚砜，陈醋、乙醇适量，加水至 100ml，混匀，静置，滤过，即得
咳喘膏,膏剂,止咳平喘，利湿祛痰。用于单纯型慢性气管炎，喘息型慢性气管炎，哮喘 (除心脏引起的) 等症,芥子192g、甘遂192g、延胡索62g、细辛62g、洋金花62g、干姜50g、樟脑33g、盐酸异丙嗪2g,以上八味，芥子粉碎成极细粉，取芥子粉末 8g，用汽油 55g 分二次浸泡，除溶剂后，药渣阴干，待汽油挥发后，过七号筛备用，其余除樟脑、盐酸异丙嗪外，甘遂等五味粉碎成最粗粉，与剩余芥子粉末混匀，用 90% 乙醇提取四次，合并提取液，滤过，回收乙醇，浓缩成膏；基质按橡胶膏剂项下 (附录 18 页) 第一法制备，加入上述浸膏、樟脑、盐酸异丙嗪及经脱脂后的芥子粉末，充分搅拌，制成涂料，进行涂膏，切段，盖衬，切成小块，即得
香连化滞丸,丸剂,清热利湿，行血化滞。用于湿热凝滞引起的里急后重，腹痛下痢,黄连60g、木香60g、黄芩75g、枳实(麸炒)75g、陈皮75g、青皮(醋炙)75g、厚朴(姜炙)75g、槟榔(炒)60g、滑石60g、白芍(炒)150g、当归150g、甘草60g,以上十二味，粉碎成细粉，过筛，混匀。每 100g 粉末加炼蜜 140~160g 制成大蜜丸，即得
香砂六君丸 (浓缩丸),丸剂,益气健脾，和胃。用于脾虚气滞，消化不良，嗳气食少，脘腹胀满，大便溏泄,木香70g、砂仁80g、党参100g、白术(炒)200g、茯苓200g、甘草(蜜炙)70g、陈皮80g、半夏(制)100g、生姜10g、大枣20g,以上十味，取木香、砂仁、党参 50g 粉碎成细粉；半夏以 45% 乙醇为溶剂，陈皮、生姜、白术以 70% 乙醇为溶剂，照流浸膏剂与浸膏剂项下的渗漉法 (附录 17 页)，分别浸渍 24 小时后，进行渗漉，收集并合并漉液，回收乙醇，浓缩成相对密度为 1.30~1.35 (20℃) 的稠膏；取剩余党参与其余茯苓等三味，加水煎煮二次，第一次 3 小时，第二次 2 小时，合并煎液，滤过，滤液浓缩成相对密度为 1.30~1.35 (20℃) 的稠膏；将上述粉末与各稠膏混匀，制丸，干燥，打光，即得
复方元胡止痛片,片剂,疏气止痛。用于肝胃气痛，胃脘胀痛，胸肋痛，月经痛,延胡索（醋制）98g、香附（醋制）98g、川楝子98g、徐长卿98g,以上四味，川楝子、香附加水煎煮二次，每次 4 小时，合并煎液，静置，滤过，滤液浓缩成相对密度为 1.22 (80~85℃) 的清膏。另取延胡索、徐长卿粉碎成细粉，过筛，与上述清膏混合，加入 5% 的淀粉、5% 的糊精和 10% 的饴糖，混匀，制粒，干燥，压制成 1000 片，即得
复方青果冲剂,颗粒剂,清热利咽。用于口干舌燥，声哑失音，咽喉肿痛,胖大海5g、青果120g、金果榄20g、麦冬60g、玄参60g、诃子60g、甘草20g,以上七味，加水煎煮二次，每次 1.5 小时，合并煎液，滤过，滤液浓缩至相对密度为 1.08 (80℃)，放冷，加入等量的乙醇搅匀，静置，取上清液，回收乙醇并浓缩至相对密度为 1.35 (50℃) 的清膏；取清膏 1 份，加蔗糖粉 5 份，糊精 1 份，制成颗粒，干燥，即得
复方鱼腥草片,片剂,清热解毒。用于外感风热引起的咽喉疼痛，扁桃腺炎,鱼腥草490g、黄芩126g、板蓝根126g、连翘49g、金银花49g,以上五味，取鱼腥草 168g，与连翘、金银花粉碎成细粉，剩余鱼腥草与黄芩、板蓝根加水煎煮二次，每次 2 小时，合并煎液，滤过，滤液浓缩成稠膏，加入细粉拌匀，干燥，研细，制粒，干燥，压制成片，包糖衣，即得
复方夏枯草膏,膏剂,清火散结。用于瘰疬，结核作痛,夏枯草2400g、香附(制)100g、甘草30g、僵蚕(麸炒)50g、白芍(麸炒)50g、当归50g、陈皮30g、桔梗30g、川芎30g、红花20g、昆布(漂)30g、浙贝母50g、玄参50g、乌药50g,以上十四味，加水煎煮二次，第一次 5 小时，第二次 4 小时，合并煎液，滤过，滤液浓缩成清膏。另取白蜂蜜 800g 加热熔化，滤过，炼至黄色，与清膏混合，浓缩至规定的相对密度，即得
复方蛇胆陈皮末,散剂,祛风除痰，镇惊。用于痰多咳嗽，惊风抽搐,蛇胆汁12.5g、朱砂150g、地龙（炒）150g、僵蚕（制）150g、陈皮750g、琥珀15g,以上六味，琥珀、朱砂分别水飞或粉碎成极细粉，陈皮、僵蚕、地龙粉碎成细粉，过筛，混匀，蛇胆汁加白酒适量稀释后与上述粉末混匀，再加入琥珀、朱砂，混匀，干燥，过筛，制成 1000 瓶，即得
复方垂盆草冲剂,颗粒剂,清热解毒，活血利湿，有降低谷丙转氨酶的作用。用于急性肝炎及迁延性肝炎，慢性肝炎的活动期,垂盆草清膏1250g、矮地茶清膏1600g,以上二味，加糖粉 14250g，糊精 4275g，混匀，以适量乙醇制成颗粒，干燥，分装成 1000 袋，即得
复方垂盆草糖浆,糖浆剂,清热解毒，活血利湿，有降低谷丙转氨酶的作用。用于急性肝炎及迁延性肝炎，慢性肝炎的活动期,鲜垂盆草1250g、矮地茶320g,以上二味，鲜垂盆草加水煎煮二次，第一次 1 小时，第二次 0.5 小时；矮地茶加水煎煮二次，第一次 2 小时，第二次 1 小时；煎液分别浓缩，滤过，合并，加入蔗糖 300g 及防腐剂适量，搅拌溶解后，滤过，再加水至 1000ml，搅匀，即得
保安万灵丹 (丸),丹剂,解毒消痈，舒筋活血，祛风止痛。用于痈疽发背，深部脓疡，风寒湿痹，肢体瘫痪，偏正头痛，疝气坠痛,荆芥100g、防风100g、羌活100g、麻黄100g、细辛100g、川芎100g、制川乌100g、制草乌100g、天麻100g、当归100g、苍术800g、甘草100g、石斛100g、制何首乌100g、全蝎100g、雄黄60g、朱砂60g,以上十七味，除朱砂、雄黄水飞或粉碎成极细粉外，其余荆芥等十五味粉碎成细粉，过筛，混匀。每 100g 粉末加炼蜜 110~130g 制成大蜜丸；以朱砂、雄黄粉包衣，即得
保和丸 (浓缩丸),丸剂,消食导滞和胃。用于食积停滞，脘腹胀满，嗳腐吞酸，不欲饮食,山楂（焦）300g、半夏（制）100g、六神曲（炒）100g、茯苓100g、莱菔子(炒)50g、陈皮50g、连翘50g、麦芽(炒)50g,以上八味，将六神曲、麦芽、茯苓 50g 粉碎成细粉，剩余茯苓及其余半夏等五味加水煎煮二次，第一次 3 小时，第二次 2 小时，合并煎液，滤过，滤液浓缩成相对密度为 1.30~1.35 (20℃) 的稠膏，与上述粉末混匀，加入蔗糖适量，混匀，制丸，干燥，打光，即得
保喉片,片剂,滋阴降火，润燥生津。用于阴虚喉痹，喉干疼痛，声音嘶哑，乳蛾等,连翘52g、木蝴蝶52g、乌梅52g、诃子(去核)26g、桔梗52g、天花粉26g、甘草78g、薄荷油2.6g、蟾酥0.65g、麦冬2.6g、党参52g、玄参52g、僵蚕26g、黄芪26g、百部30g、冰片1.3g,以上十五味，除冰片、薄荷油、蟾酥外，天花粉、桔梗粉碎成细粉，其余连翘等十一味，加水煎煮二次，每次 2 小时，合并煎液，滤过，滤液静置 24 小时，取上清液，浓缩至稠膏状，与上述粉末混匀，干燥，加入蔗糖 650g，粉碎成细粉；另将蟾酥粉碎成细粉与上述粉末混匀，用水制成颗粒，干燥，放冷，喷加冰片、薄荷油的乙醇溶液，混匀，压制成 1000 片，即得
胆荚片,片剂,清热化痰，平喘止咳。用于慢性支气管炎,猪胆汁干膏100g、大皂角与拳参混合干膏244g,取鲜猪胆汁，滤过，滤液浓缩干燥成干膏。另取大皂角 3 份、拳参 10 份，加水煎煮二次，第一次 2 小时，第二次 1 小时，合并煎液，滤过，滤液浓缩干燥成干膏。取上述二种干膏，混合粉碎，加辅料适量，制成颗粒，干燥，压制成 100 片，包糖衣，即得
胆酸止咳片,片剂,止咳化痰。用于支气管炎和感冒引起之咳嗽,粗胆酸（含总胆酸按55.0%计）160g、前胡60g、陈皮40g、甘草40g,以上四味，前胡、陈皮和甘草分别粉碎成细粉，加入粗胆酸及辅料适量，混匀，制成颗粒，干燥，压制成 1000 片，包糖衣，即得
肥儿糖浆,糖浆剂,小儿滋补剂。用于小儿脾胃虚弱，不思饮食，面黄肌瘦，精神困倦,山药3.5g、芡实3.5g、莲子3.5g、北沙参3.5g、薏苡仁（炒）3.5g、白扁豆（炒）3.5g、山楂3.5g、白术（炒）1.7g、麦芽（焦）2.6g、茯苓2.6g,以上十味，加水煎煮二次，每次 2 小时，合并煎液，滤过，滤液静置 24 小时，取上清液，浓缩至适量，俟冷，加入等量乙醇，搅匀，静置 24 小时，取上清液滤过，另取蔗糖 835g 与鸡蛋清适量，加水煮沸 20 分钟，滤过，与上述滤液合并，加入防腐剂适量，煮沸溶解，滤过，加水至 1000ml，混匀，即得
胎产金丸 (胎产金丹),丹剂,补气，养血，调经。用于产后失血过多引起的恶露不净，腰酸腹痛，足膝浮肿，倦怠无力,紫河车375g、五味子(醋炙)250g、人参500g、茯苓500g、甘草250g、当归500g、鳖甲(炒烫醋淬)1000g、香附(醋炙)1000g、延胡索(醋炙)500g、没药(醋炙)300g、赤石脂(煅)500g、黄柏75g、白薇500g、艾叶炭500g、白术(麸炒)500g、藁本500g、沉香150g、肉桂300g、川芎500g、牡丹皮500g、益母草500g、地黄1000g、青蒿500g,以上二十三味，白术、藁本、沉香、肉桂、川芎、牡丹皮、益母草、地黄、青蒿九味粉碎成粗粉；其余紫河车等十四味置罐中，加黄酒 6750g，加盖封闭，隔水炖至酒尽，取出，与上述粗粉拌匀，低温干燥，粉碎成细粉，过筛，混匀。每 100g 粉末加炼蜜 120~130g 制成大蜜丸或小蜜丸，即得
首乌强身片,片剂,补肝肾，强筋骨。用于肝肾虚弱，头晕眼花，四肢酸麻，腰膝无力，夜尿频多,制何首乌409g、墨旱莲273g、杜仲叶(盐水炒)46g、稀莶草91g、牛膝(炒)46g、桑叶46g、女贞子(蒸)182g、桑椹91g、金樱子68g、覆盆子91g、地黄23g,以上十一味，取制何首乌 220g 粉碎成细粉，备用；剩余的制何首乌与其余杜仲叶等十味加水煎煮二次，第一次 3 小时，第二次 2 小时，合并煎液，静置，滤过，滤液浓缩至稠膏状，加入糊精适量与备用的制何首乌细粉，混匀，干燥，制成颗粒，压制成 1000 片，即得
济生万应锭,丹剂,清热解毒，解表散风，化痰止咳，消食和中。用于小儿外感，惊风抽搐，发热咳喘，疮疡肿毒，食积胀痛，呕吐泻痢，不思乳食，热结便秘,黄连50g、牛黄10g、麝香2g、熟大黄100g、儿茶30g、没药(炒)50g、防风100g、胆南星50g、胡黄连100g、天麻50g、乳香(炒)50g、香墨100g、天竺黄50g、僵蚕(炒)50g、建曲100g、冰片5g,以上十六味，麝香、牛黄、冰片研细；儿茶用水加热溶化，滤过，滤液备用；其余黄连等十二味粉碎成细粉，与上述粉末配研，过筛，混匀，以儿茶液泛丸，低温干燥，即得
活血应痛丸,丸剂,壮筋骨，活血脉，祛风利湿。用于血脉凝滞，腰腿疼痛，风湿麻木，关节酸痛，行步艰难,狗脊(砂烫去毛)240g、香附(醋制)450g、没药(醋制)45g、制草乌90g、苍术(米泔水制)360g、陈皮330g、威灵仙120g,以上七味，粉碎成细粉，过筛，混匀，每 100g 粉末加炼蜜 190~210g 制成大蜜丸，即得
炮天红酒,酒剂,补肾健腰，舒筋活络，健脾养血。用于精神萎靡，头晕耳鸣，腰膝酸痛，食欲不振，须发早白等症,附子(制)270g、熟地黄450g、地黄270g、当归180g、续断270g、党参30g、仙茅45g、杜仲75g、肉桂90g、锁阳270g、肉苁蓉270g、枸杞子10g、蛤蚧25g、鹿茸60g、狗肾50g、大枣10g、川牛膝270g、山药450g,以上十六味，酌予碎断，混匀，加入曲酒 (40 度) 20kg，浸泡 1 天后，循环浸渍提取 4 天，提取液滤过，滤液与曲酒 (40 度) 80kg 合并，得药酒；另取蔗糖 6kg 加 0.5 倍量水，加热溶解，过六号筛，加入药酒内，搅匀，冷藏 12 小时，滤过，即得
益母草冲剂,颗粒剂,活血调经。用于经闭，痛经及产后瘀血腹痛,益母草（清膏，每袋装15g）,取益母草切碎，加水煎煮 3 小时，滤过，滤液浓缩至相对密度为 1.04 (90~95℃)，静置，取上清液，浓缩至相对密度为 1.36~1.38 (80~85℃) 的清膏。取清膏 1 份，加蔗糖粉 2.8 份，糊精 1.19 份及乙醇适量，制成颗粒，干燥，即得
益肾兴阳胶囊,胶囊剂,补肾益气，壮阳固精。用于肾阳亏气虚引起的腰酸腿软，精神疲倦，头晕耳鸣，失眠健忘，阳痿，遗精早泄,鹿茸5g、驴肾（酒炙）5g、狗肾（酒炙）5g、肉苁蓉（酒炙）10g、菟丝子25g、人参25g、黄芪25g、淫羊藿干膏粉25g、蚕蛾（去足翅）15g,以上九味，除淫羊藿干膏粉外，鹿茸、人参、驴肾、狗肾、蚕蛾、菟丝子 12.5g、黄芪 12.5g 粉碎成细粉，与上述粉末配研，过筛，混匀；其余肉苁蓉、菟丝子、黄芪加水煎煮三次，第一次 3 小时，第二次 2 小时，第三次 1 小时，滤过，合并滤液，浓缩至相对密度为 1.45 (50℃测) 的清膏，加入上述粉末，混匀，干燥，粉碎成细粉，过筛，装胶囊，即得
养荣百草丸,丸剂,调经养血，滋肾止带。用于妇女血亏，阴虚日久，月经不调，过期不止，行经腹痛，白带时下,白芍160g、当归80g、桑寄生80g、熟地黄80g、杜仲(炭)80g、川芎60g、香附(醋制)60g、麦冬40g、陈皮40g、茯苓40g、阿胶20g、甘草20g、黑豆16g,以上十三味，粉碎成细粉，过筛，混匀，用水泛丸，干燥，即得
除湿白带丸,丸剂,除湿健脾。用于脾虚，湿盛白带,党参80g、白术(麸炒)100g、山药100g、白芍50g、芡实50g、车前子(炒)50g、白果仁50g、苍术30g、陈皮30g、当归30g、荆芥(炭)15g、柴胡12g、黄柏(炭)12g、茜草12g、海螵蛸40g、牡蛎(煅)40g,以上十六味，粉碎成细粉，过筛，混匀。用水泛丸，干燥，即得
桂附地黄片,片剂,温补肾阳。用于肾阳不足，腰膝酸冷，肢体浮肿，小便不利或反多，痰饮喘咳，消渴,熟地黄160g、山药80g、山茱萸(制)80g、牡丹皮60g、茯苓60g、泽泻60g、肉桂20g、附子(制)20g,以上八味，山药、茯苓各取 55g，粉碎成细粉；肉桂蒸馏提取挥发油，蒸馏后的水溶液另器收集；药渣与牡丹皮照流浸膏剂与浸膏剂项下渗漉法 (附录 17 页)，用蒸馏后的水溶液配成 50% 的乙醇作溶剂，浸渍 18 小时后，以每分钟 2~3ml 的速度缓缓渗漉，收集漉液约 400ml，回收乙醇；附子加水煎煮 3 小时后，加入剩余的山药、茯苓及其余熟地黄等三味，煎煮二次，每次 2 小时，合并煎液，滤过，滤液浓缩至适量，与漉液合并，浓缩至相对密度为 1.38~1.40 (75~80℃) 的清膏，加入山药、茯苓细粉，混匀，干燥，研细，制成颗粒，干燥，放冷，加入肉桂挥发油，混匀，压制成片，即得
桔梗冬花片,片剂,镇咳祛痰。用于咳嗽痰多，支气管炎,桔梗300g、款冬花37g、远志(制)63g、甘草20g,以上四味，取桔梗 50g 粉碎成细粉，剩余桔梗与其余款冬花等三味加水煎煮三次，每次 2 小时，合并煎液，滤过，静置，取上清液浓缩成稠膏，加入桔梗细粉及淀粉 90g，混匀，干燥，研细，制粒，干燥，压制成 1000 片，包糖衣，即得
健脾丸 (浓缩丸),丸剂,健脾开胃。用于脾胃虚弱，脘腹胀满，食少便溏,党参200g、枳实（炒）200g、陈皮200g、麦芽（炒）200g、白术（炒）300g、山楂（炒）150g,以上六味，将党参 137.5g 及麦芽粉碎成细粉，剩余党参及其余枳实等五味粉碎成粗粉，加水煎煮二次，第一次 3 小时，第二次 2 小时，合并煎液，滤过，滤液浓缩成相对密度为 1.30~1.35 (20℃) 的稠膏，与上述粉末混匀，制丸，干燥，打光，即得
健脾消食丸,丸剂,健脾，消食，化积。用于小儿脾胃不健引起的乳食停滞，脘腹胀满，食欲不振，面黄肌瘦，大便不调,白术(炒)40g、枳实(炒)20g、木香10g、草豆蔻10g、鸡内金(醋炙)20g、槟榔(炒焦)20g、荸荠粉30g,以上七味，除荸荠粉外，其余白术等六味粉碎成细粉，过筛，混匀，与荸荠粉配研，过筛，混匀。每 100g 粉末加炼蜜 80~90g 制成大蜜丸，即得
脂降宁片 (安络宁片),片剂,行气散瘀，活血通经，益精血，降血脂。用于胸痹心痛，眩晕耳鸣，肢体麻木，高脂血症或合并高血压、冠心病，动脉硬化等的高脂血症,山楂300g、制何首乌430g、丹参430g、葛根170g、瓜蒌510g、决明子430g、氯贝酸铝50g、维生素C20g,以上八味，除氯贝酸铝、维生素 C 外，葛根粉碎成粗粉，加 5 倍量乙醇加热回流提取两次，每次 4 小时，合并提取液，滤过，滤液备用；其余何首乌等五味加水煎煮三次，每次 1.5 小时，合并煎液，滤过，滤液浓缩至与生药量之比为 1:1，放冷，加入乙醇使其含醇量达 70%，搅匀，放置 48 小时，滤过，滤液与上述葛根提取液合并，回收乙醇，浓缩至稠膏状，减压干燥，所得干浸膏与氯贝酸铝分别粉碎过筛，混匀，制成颗粒，干燥，加入维生素 C，混匀，压制成 1000 片，包糖衣，即得
消栓通冲剂,颗粒剂,益气，活血，祛瘀，通络。用于中风瘫痪，半身不遂，口眼歪斜，语言不清及瘀血性头痛，胸痛，胁痛，对中风先兆者 (脑血栓形成先兆) 亦有一定预防作用,黄芪375g、当归100g、地黄100g、桃仁50g、赤芍50g、川芎50g、地龙50g、枳壳(炒)50g、三七50g、丹参75g、甘草25g、红花75g、牛膝75g、冰片1.6g,以上十三味，除红花外，冰片研细，溶于适量乙醇中；其余黄芪等十一味加水煎煮二次，第一次 2 小时，第二次 1 小时，红花在第二次煎煮时加入，合并煎液，滤过，滤液浓缩至相对密度为 1.20 (40℃)，加 90% 乙醇二倍量，混匀，静置 12 小时，取上清液回收乙醇，浓缩至相对密度为 1.30 (40℃)，干燥，粉碎，加糖粉及乙醇适量，制成颗粒，干燥，喷入冰片乙醇液，混匀，制成 750g，即得
消积健儿片,片剂,健胃，消积，杀虫。用于小儿停食停乳，食积虫积，面黄肌瘦，消化不良,白术(炒)83g、肉豆蔻83g、麦芽83g、山楂33g、六神曲83g、使君子83g、槟榔83g、胡黄连83g、枳实33g、木香33g,以上十味，将使君子捣碎，白术粉碎成细粉，过筛，木香、肉豆蔻用水蒸汽蒸馏法提取挥发油；蒸馏后的水溶液及药渣与使君子、麦芽、槟榔、山楂加水煎煮二次，每次 2 小时，合并煎液，滤过，胡黄连、枳实粉碎成粗粉，六神曲捣碎，照流浸膏剂与浸膏剂项下渗漉法 (附录 17 页)，枳实用 60% 乙醇 (约 5 倍量) 为溶剂进行渗漉，六神曲用 25% 乙醇 (约 3 倍量) 为溶剂进行渗漉，合并渗漉液。回收乙醇，与上述滤液合并，浓缩成稠膏。加入白术粉末及辅料适量，混匀，制成颗粒，干燥，喷入上述挥发油，混匀，压制成 2000 片，包糖衣，即得
消食化痰丸,丸剂,顺气降逆，消食化痰。用于积食不化，胸膈胀闷，咳嗽痰多，饮食减少,半夏(制)400g、苦杏仁(炒)25g、橘红25g、山楂(炒)25g、葛根25g、莱菔子(炒)25g、天南星(制)400g、青皮(炒)25g、紫苏子(炒)25g、六神曲(炒)25g、麦芽(炒)25g、香附(制)25g,以上十二味，粉碎成细粉，过筛，混匀。另取生姜 30g，捣碎，加水适量，压榨取汁，泛丸，干燥，即得
消肿片,片剂,消肿拔毒。用于瘰疬痰核，流注，乳房肿块，阴疽肿毒等症,枫香脂（制）150g、没药（制）75g、当归75g、制草乌150g、地龙（炙）150g、乳香（制）75g、马钱子（炒，去毛）150g、香墨12g、五灵脂150g,以上九味，粉碎成细粉，过筛，混匀；另取淀粉 20g，加水冲成薄浆，加蔗糖 80g 制成糖浆，与上述粉末搅匀，制成颗粒，干燥。加润滑剂 (0.5%) 压制成片，即得
消渴灵片,片剂,滋补肾阴，生津止渴，益气降糖。用于成年非胰岛素依赖性糖尿病，对轻型、中型效果显著,地黄200g、五味子15g、麦冬100g、牡丹皮15g、黄芪100g、黄连10g、茯苓17g、红参10g、天花粉100g、石膏50g、枸杞子100g,以上十一味，茯苓、天花粉、石膏、红参、黄连、牡丹皮粉碎成细粉，其余地黄等五味加水煎煮二次，第一次 3 小时，第二次 2 小时，合并煎液，静置 12 小时，取上清液减压浓缩成相对密度为 1.36~1.38 (80℃) 的清膏，与上述粉末混合，干燥，粉碎成细粉，混匀，制成颗粒，干燥，压制成 960 片，即得
宽胸利膈丸,丸剂,开郁顺气，消食除胀。用于气郁不舒，胸腹胀满，宿食停水，呕逆腹痛,大黄(酒炒)100g、槟榔(炒)100g、木香50g、苍术(炒)50g、陈皮50g、草果仁(炒)50g、厚朴(姜制)50g、广藿香50g、砂仁50g、山楂(炒)50g、六神曲(炒)50g、麦芽(炒)50g、桔梗50g、青皮(炒)50g、甘草50g、枳壳(炒)50g、莱菔子(炒)50g,以上十七味，粉碎成细粉，过筛，混匀，每 100g 粉末加炼蜜 150~170g 制成大蜜丸，即得
调经促孕丸,丸剂,补肾健脾，养血调经。用于脾肾阳虚 (下丘脑 - 垂体 - 卵巢轴功能失调) 引起的经血不调，经期不准，月经过少，月经稀发，久不孕育 (继发性闭经，黄体功能欠佳，不排卵，不孕症) 等,鹿茸(去毛)5g、淫羊藿(羊油炙)10g、仙茅10g、续断10g、桑寄生10g、菟丝子15g、枸杞子10g、覆盆子10g、山药30g、莲子(去心)10g、茯苓15g、黄芪10g、白芍15g、酸枣仁(炒)10g、钩藤10g、丹参15g、赤芍15g、鸡血藤30g,以上十八味，粉碎成细粉，过筛，混匀，每 10g 粉末加炼蜜 40~50g 与适量水制成水蜜丸，包胶衣，即得
通便灵胶囊,胶囊剂,泻热导滞、润肠通便。用于热结便秘，长期卧床便秘，一时性腹胀便秘，老年习惯性便秘,番泻叶1200g、当归150g、肉苁蓉150g,以上三味，取当归 75g 粉碎成细粉；剩余的当归与其余番泻叶等二味，加水煎煮 1.5 小时，滤过，滤液浓缩成稠膏，加入当归粉末，混匀，低温干燥，粉碎，过筛，混匀，装入胶囊制成 1000 粒，即得
通便清火丸,丸剂,清热通便，用于心烦口渴，头痛目眩，口舌糜烂，小便短赤，大便秘结,地黄125g、关木通75g、黄芩250g、石膏250g、芒硝100g、火麻仁75g、甘草38g、淡竹叶75g、菊花100g、白芷75g,以上十味，除火麻仁外，其余地黄等九味，粉碎成细粉，过筛，与火麻仁掺研，过筛，混匀。每 100g 粉末加炼蜜 120~130g 制成大蜜丸，即得
通宣理肺冲剂（伤风咳嗽冲剂）,颗粒剂,解表散寒，宣肺止嗽。用于风寒感冒咳嗽，咯痰不畅，发热恶寒，鼻塞流涕，头痛无汗，肢体酸痛,紫苏叶144g、前胡96g、桔梗96g、苦杏仁72g、麻黄96g、甘草72g、陈皮96g、半夏(制)72g、茯苓96g、枳壳(炒)96g、黄芩96g,以上十一味，紫苏叶、麻黄、陈皮提取挥发油，药渣与其余前胡等八味加水煎煮二次，第一次 3 小时，第二次 2 小时，合并煎液，滤过，滤液浓缩成相对密度为 1.30~1.35 (20℃) 的稠膏，与上述挥发油混匀，制丸，干燥，打光，即得
通窍鼻炎片,片剂,益气，祛风通窍。用于体虚自汗，反复感冒，鼻塞、流涕，前额痛，鼻炎，过敏性鼻炎及副鼻窦炎等症,苍耳子(炒)120g、防风90g、黄芪150g、白芷90g、辛夷90g、白术(炒)90g、薄荷30g,以上七味，取白芷、白术 50g 粉碎成细粉，剩余白术及其余苍耳子等五味，加水煎煮二次，每次 2 小时，合并煎液，滤过，滤液减压浓缩至相对密度为 1.28~1.32 (80℃) 的稠膏，与上述粉末混匀，干燥，粉碎，制粒，压制成 600 片，包糖衣，即得
理气定喘丸,丸剂,祛痰止咳，补肺定喘。用于肺虚痰盛引起的咳嗽痰喘，胸膈满闷，心悸气短，口渴咽干,紫苏子(炒)60g、紫苏梗60g、紫苏叶60g、陈皮90g、法半夏30g、茯苓50g、芥子(炒)60g、莱菔子(炒)10g、苦杏仁(炒)90g、川贝母75g、桑白皮(蜜炙)75g、款冬花20g、紫菀20g、黄芪(蜜炙)80g、白术(麸炒)50g、百合45g、麦冬40g、天冬20g、知母30g、地黄15g、当归30g、何首乌(黑豆酒炙)20g、阿胶(蛤粉炙)160g,以上二十三味，粉碎成细粉，过筛，混匀。每 100g 粉末加秋梨膏 110~120g 制成小蜜丸或大蜜丸，即得（秋梨膏制法：取秋梨 1000g 百合 10g、麦冬 20g、川贝母 10g、款冬花 5g，秋梨搅碎，分离汁液，滤过，残渣加水煎煮，滤过，滤液与梨汁合并，浓缩至相对密度 1.45 (50℃测) 的清膏；其余百合等四味，加水煎煮三次，滤过，滤液浓缩至相对密度 1.45 (50℃测) 的清膏，加入上述清膏及冰糖 200g，加热混匀。每 100g 清膏加炼蜜 100g，混匀，即得）
黄芩素铝胶囊,胶囊剂,清热解毒，燥湿止泻，用于肠炎、痢疾,黄芩1000g、明矾适量,取黄芩粗粉，投入原料量 10~15 倍的热水中浸渍二次，合并浸液，滤过，收集滤液，在搅拌中缓缓加入饱和明矾水溶液，使成沉淀，滤过，沉淀用水洗涤至无硫酸根为止。沥干，80℃以下烘干，粉碎，制粒，装胶囊，制成 750 粒，即得
蛇胆南星片,片剂,祛风化痰。用于风痰嗽喘，风寒呕吐，痰多惊痫,蛇胆汁15.5g、天南星（制）156g,以上二味，天南星粉碎成细粉，过筛，与蛇胆汁混匀，干燥，研成细粉，加辅料适量，制成颗粒，干燥，压制成 1000 片，即得
蛇胆南星散,散剂,祛风化痰，用于风痰嗽喘，风寒呕吐，痰多惊痫,蛇胆汁15.5g、天南星（制）156g,以上二味，天南星粉碎成细粉，与蛇胆汁混匀，干燥，粉碎成细粉，过筛，混匀，即得
蛇胆陈皮胶囊,胶囊剂,顺气化痰，祛风健胃。用于风寒咳嗽，痰多呕逆,蛇胆汁49g、陈皮（蒸）295g,以上二味，陈皮粉碎成细粉，与蛇胆汁混匀，干燥，粉碎，过筛，装胶囊，制成 1000 粒，即得
婴儿消食散,散剂,消食健脾。用于小儿停食伤乳，消化不良，腹胀腹痛，停食作泻，食火疳积,红参250g、大黄250g、槟榔250g、使君子仁150g、榧子100g、麦芽(炒)100g、三棱(醋制)100g、枳实(炒)100g、莪术(醋制)100g、山楂100g、牵牛子(炒)250g、胡黄连50g、鸡内金(炒)100g、芦荟50g、朱砂35g、冰片10g,以上十六味，除冰片外，朱砂水飞或粉碎成极细粉；红参等十四味粉碎成最细粉，混匀；冰片研细，与上述粉末配研，混匀，即得
清气化痰丸 (浓缩丸),丸剂,清肺化痰。用于肺热咳嗽，痰多黄稠，胸脘满闷,黄芩(酒炒)100g、瓜蒌仁霜100g、半夏(制)150g、陈皮100g、胆南星150g、生姜100g、苦杏仁100g、枳实100g、茯苓100g,以上九味，胆南星、茯苓 80g 粉碎成细粉；半夏及剩余茯苓以 40% 乙醇为溶剂，其余黄芩等六味以 70% 乙醇为溶剂，照流浸膏剂与浸膏剂项下的渗漉法 (附录 17 页)，分别浸渍 24 小时后，进行渗漉，收集并合并漉液，回收乙醇，浓缩成相对密度为 1.30~1.35 (20℃) 的稠膏，与上述粉末混匀，制丸，干燥，打光，即得
清心明目上清丸,丸剂,清热散风，明目止痛。用于上焦火盛引起的暴发火眼，红肿痛痒，热泪昏花，云翳遮睛，头痛目眩，烦躁口渴，大便燥结,黄连15g、黄芩15g、栀子(姜炙)15g、熟大黄15g、连翘15g、石膏15g、菊花15g、天花粉15g、薄荷15g、荆芥15g、蒺藜(去刺盐炙)15g、桔梗15g、赤芍15g、当归15g、麦冬15g、玄参15g、车前子(盐炙)15g、蝉蜕15g、陈皮15g、枳壳(麸炒)15g、甘草15g,以上二十一味，粉碎成细粉，过筛，混匀，用水泛丸，干燥，即得
清心莲子饮,口服液,清心火，交心肾，益气阴，止淋浊。用于小便白浊，遗精涩沥，便赤如血，五淋带下，烦热消渴等症,石莲子75g、黄芩30g、地骨皮30g、车前子(炒)30g、茯苓75g、柴胡75g、黄芪(蜜炙)75g、人参(生晒参)75g、麦冬30g、甘草(蜜炙)30g,以上十味，除车前子外，其余九味粉碎成粗粉，加入车前子，混匀，分装，即得
清金止嗽化痰丸,丸剂,清肺，化痰，止嗽，用于肺热痰盛引起的咳嗽黄痰，胸膈不畅，喉痛音哑，大便干燥,黄芩96g、熟大黄12g、知母12g、天花粉48g、麦冬12g、化橘红12g、浙贝母24g、枳壳(去瓤麸炒)24g、桑白皮(蜜炙)24g、苦杏仁(去皮炒)12g、前胡12g、百部12g、桔梗24g、甘草3g,以上十四味，粉碎成细粉，过筛，混匀，用水泛丸，干燥，即得
清身饮冲剂,颗粒剂,养阴清热，益气敛汗。用于功能性低热及体虚盗汗等症,枸骨叶20g、玄参15g、地骨皮15g、龙骨(煅)25g、太子参15g、地黄15g、糯稻根15g、甘草5g,以上八味，龙骨粉碎成粗粉，其余枸骨叶等七味酌予碎断，与龙骨粗粉加水煎煮二次，每次 1 小时，合并煎液，静置，滤过，滤液浓缩至相对密度为 1.34~1.36 (70~75℃) 的清膏。取清膏 1 份，加蔗糖粉 2 份，糊精 1 份及乙醇适量，制成颗粒，干燥，即得
清咽抑火丸,丸剂,清热散风，解毒消肿，清利咽喉。用于咽喉肿痛，肺炎咳嗽,山豆根100g、连翘75g、桔梗50g、栀子50g、黄芩50g、大黄50g、玄参50g、牛蒡子(炒)50g、芒硝50g、知母50g、防风50g、薄荷37.5g、黄柏25g、甘草25g,以上十四味，粉碎成细粉，过筛，混匀。每 100g 粉末加炼蜜 125~140g 制成大蜜丸，即得
清热解毒口服液,口服液,清热解毒，用于治疗流感，上呼吸道感染及各种发热疾病,生石膏670g、金银花134g、玄参107g、地黄80g、连翘67g、栀子67g、甜地丁67g、黄芩67g、龙胆67g、板蓝根67g、知母54g、麦冬54g,以上十二味，除金银花、黄芩外，其余生石膏等十味先加水温浸 1 小时，再煎煮二次，第一次 1 小时 (金银花、黄芩在煎煮半小时后加入)，第二次 40 分钟，滤过，合并滤液，浓缩至相对密度约为 1.17 (90℃)，加入乙醇，使含醇量达 65~70%，冷藏，静置 48 小时，滤过，滤液回收乙醇，加入 0.5%(W/V) 活性碳，加热 30 分钟，滤过，加入矫味剂适量，加水调至 1000ml，滤过，分装，灭菌，即得
清热镇惊散,散剂,清热解毒，镇惊息风。用于小儿高热急惊，烦躁不安，气促痰壅，手足抽搐,全蝎150g、珍珠30g、冰片50g、钩藤150g、胆南星80g、雄黄50g、黄连100g、薄荷50g、白附子(制)50g、栀子100g、甘草50g、防风50g、天麻50g、琥珀50g、青黛50g、水牛角浓缩粉50g,以上十六味，将冰片研细，珍珠、琥珀、雄黄水飞或粉碎成极细粉，其余全蝎等十二味，粉碎成最细粉，与上述粉末配研，过筛，混匀，即得
麻仁润肠丸,丸剂,润肠通便。用于肠胃积热，胸腹胀满，大便秘结,火麻仁120g、苦杏仁(去皮炒)60g、大黄120g、木香60g、陈皮120g、白芍60g,以上六味，粉碎成细粉，过筛，混匀。每 100g 粉末加炼蜜 140~160g 制成大蜜丸，即得
散痰宁糖浆,糖浆剂,清肺，止咳，平喘，用于支气管炎，咳嗽痰多,桔梗50g、远志(制)10g、桑白皮16g、氯化铵10g、盐酸麻黄碱0.5g、薄荷脑0.1g,以上六味，桑白皮、桔梗、远志分别粉碎成粗粉，用 35% 乙醇 375ml 浸渍 48 小时后，收集浸渍液，静置，滤过。取蔗糖 650g，加水煮沸，滤过，加入氯化铵、盐酸麻黄碱、苯甲酸钠 3g、焦糖适量，搅匀，趁热滤过，放冷，加入浸渍液和桑子香精乙醇溶液 (桑子香精适量、氯仿 3.4g、薄荷脑、乙醇 16.5ml 制得)，搅匀，加水使成 1000ml，搅匀，即得
散寒活络丸,散剂,追风散寒，舒筋活络，用于风寒湿邪引起的肩背疼痛，手足麻木，腰腿疼痛，行步困难等,乌梢蛇250g、土鳖虫200g、地龙150g、独活200g、羌活150g、荆芥250g、制川乌100g、制草乌100g、威灵仙200g、防风250g、香附(醋制)200g、桂枝150g,以上十二味，粉碎成细粉，过筛，混匀。每 100g 粉末加炼蜜 130~150g 制成大蜜丸，即得
越鞠片,片剂,理气解郁，宽中除满。用于胸脘痞闷，腹中胀满，饮食停滞，嗳气吞酸,香附(醋制)200g、川芎200g、栀子（炒）200g、苍术（炒）200g、六神曲（炒）200g,以上五味，川芎粉碎成细粉，取用 140g，粗头留用；六神曲照流浸膏剂与浸膏剂项下的渗漉法 (附录 17 页)，用 25% 乙醇作溶剂，进行渗漉，漉液回收乙醇，浓缩成清膏；苍术蒸馏提取挥发油；药渣、粗头与其余香附等二味加水煎煮二次，合并煎液，滤过，滤液浓缩成清膏，与上述清膏合并，静置，滤过，再浓缩成稠膏，与细粉混匀，干燥，研细，制成颗粒，干燥，加入上述挥发油，混匀，压制成片，即得
提脓散,散剂,拔毒提脓，去腐生肌。用于痈疽疮疡，肿毒溃烂，久不收口,红粉600g、轻粉200g、冰片20g,以上三味，轻粉与红粉粉碎成极细粉；将冰片研细，与上述粉末配研，过筛，混匀，即得
紫金散,散剂,辟瘟解毒，消肿止痛。用于中暑，脘腹胀痛，恶心呕吐，痢疾泄泻，小儿痰厥；外治疗疮疖肿，痄腮，丹毒，喉风,山慈菇200g、红大戟150g、千金子霜100g、五倍子100g、麝香30g、朱砂40g、雄黄20g,以上七味，除麝香、千金子霜外，朱砂、雄黄分别水飞或粉碎成极细粉；另取糯米粉 320g，与山慈菇等三味粉碎成细粉；将麝香研细，与上述粉末及千金子霜配研，过筛，混匀，即得
跌打止痛散,散剂,散瘀止痛。用于跌打损伤，瘀滞肿痛,红花150g、大黄(酒炒)100g、儿茶100g、三七100g、骨碎补(制)100g、乳香(炒)150g、马钱子(制)75g、当归150g、赤芍150g、自然铜(煅)150g、穿山龙150g、甜瓜子150g、麻黄75g,以上十三味，除自然铜外，其余大黄等十二味粉碎成细粉；将自然铜研成细粉，与上述粉末配研，过筛，混匀，即得
舒心冲剂,颗粒剂,活血祛瘀，养阴益气，定悸除烦。用于心悸、怔忡，心烦失眠,丹参400g、北沙参200g、黄柏200g、牡蛎200g、龙骨100g,以上五味，加水煎煮二次，第一次 3 小时，第二次 2 小时，合并煎液，滤过，滤液浓缩至相对密度为 1.23~1.25 (80℃测) 的清膏。取清膏 1 份，蔗糖 4 份，糊精 1 份及 60% 乙醇适量，制成颗粒，干燥，即得
筋骨草片 (白毛夏枯草片),片剂,清热解毒，止咳，祛痰，平喘，用于急、慢性支气管炎，肺脓疡,筋骨草（浸膏，每片相当于原药材2.5g）,取筋骨草 240g，粉碎成粗粉，用 90% 乙醇加热回流提取二次，每次 1 小时，合并提取液，滤过，回收乙醇，浓缩膏加热水 3 倍量，搅匀，放冷，冷藏 12 小时，滤过，滤渣用热水洗涤，洗液与滤液合并，浓缩成稠膏，放冷，另加筋骨草细粉 10g，混匀，在 85℃以下干燥，制粒，压制成 1000 片，包糖衣，即得
滋阴补肾丸,丸剂,滋阴壮阳，益精填髓。用于腰膝酸痛，梦遗滑精，阳痿早泄,生晒参10g、鹿茸5g、五味子(制)15g、菟丝子(炒)10g、锁阳10g、远志10g、山药15g、熟地黄7.5g、地黄7.5g、黄芪15g、巴戟天10g、山茱萸15g、龙骨(煅)5g、胡芦巴5g、马钱子(制)5g,以上十五味，粉碎成细粉，过筛，混匀，用水泛丸，干燥，用 0.55% 的单糖浆，0.5% 的甘草炭及 0.04% 的川占包衣，干燥，打光，即得
寒泻片,片剂,温肠止泻。用于寒性腹泻,山楂（炭）250g、炮姜（炭）125g,以上二味，分别研成细粉，混匀；取淀粉 24g、树胶粉 6g 制糊，与上述粉末搅匀，制成颗粒，干燥，每 100g 干颗粒拌加润滑剂 1g，压片，即得
楂曲平胃合剂,口服液,燥湿健脾，消食散满。用于脾胃不和，不思饮食，脘腹胀满，呕吐恶心，嗳气吞酸，大便溏泄,山楂200g、六神曲200g、苍术134g、厚朴134g、鸡内金134g、陈皮134g、甘草67g,以上七味，六神曲照流浸膏剂与浸膏剂项下的渗漉法 (附录 17 页)，用 25% 乙醇作溶剂，进行渗漉，漉液回收乙醇。苍术、厚朴和陈皮蒸馏提取挥发油，药渣与其余山楂等三味加水煎煮二次，合并煎液，滤过，滤液浓缩至适量，与漉液合并，静置，滤过，再浓缩至约 1000ml，加入防腐剂适量，放冷，加入上述挥发油，加水至 1000ml，即得
愈肝片,片剂,利湿退黄，恢复肝功能，用于急性黄疸型肝炎和急性无黄疸型肝炎,当药1000g、茵陈800g、黄芩素5g、维生素C10g,以上四味，当药、茵陈加水煎煮 3 次，每次半小时，合并煎液，滤过，滤液浓缩至适当浓度，喷雾干燥成粉，制粒，干燥后粉碎成颗粒，加入黄芩素、维生素 C 混匀，压制成 1000 片，包糖衣，即得
解表清金散,散剂,清热解表，镇咳祛痰。用于感冒鼻塞，咳嗽喘促，周身壮热,薄荷150g、桔梗150g、黄芩250g、麻黄150g、前胡150g、茯苓150g、冰片50g、麦冬150g、紫苏叶100g、清半夏200g、橘红150g、石膏300g、甘草150g、苦杏仁(炒)150g、川贝母250g,以上十五味，除冰片研成细粉外，其余薄荷等十四味粉碎成最细粉，与冰片配研，过筛，混匀，即得
解毒万灵丸,丸剂,祛风除湿，解毒止痛。用于阴疽发背，湿痰流注，气血阻滞，遍身走痛,苍术(炒)800g、石斛100g、麻黄100g、全蝎(漂)100g、羌活100g、当归100g、荆芥100g、甘草(炙)100g、防风100g、天麻100g、细辛100g、何首乌100g、制川乌100g、雄黄60g、制草乌100g、朱砂60g、川芎100g,以上十七味，石斛加水分次煎煮，滤过，滤液浓缩至每 1ml 相当于生药 1g；朱砂、雄黄分别水飞或粉碎成极细粉；其余苍术等十四味粉碎成细粉，与雄黄细粉配研，过筛，混匀，每 100g 粉末加炼蜜 45g 和石斛煎出液 4.6g 泛丸，干燥，朱砂粉末约 2.8g 包衣，即得
鼻舒适片,片剂,清热消炎，通窍。用于治疗慢性鼻炎引起的喷嚏、流涕、鼻塞、头痛，过敏性鼻炎，慢性鼻窦炎,苍耳子364g、野菊花145g、鹅不食草218g、白芷109g、防风109g、墨旱莲218g、白芍145g、胆南星70g、甘草73g、蒺藜218g、扑尔敏0.3g,以上十一味，除扑尔敏外，胆南星粉碎成细粉，其余各药加水煎煮二次，合并煎液，滤过，浓缩成稠膏，加入胆南星细粉及辅料适量，混匀，制成颗粒，干燥，加入扑尔敏及适量藿香油、薄荷油，混匀，压制成 1000 片，包糖衣，即得
痱子粉,散剂,散风祛湿，清凉止痒。用于汗疹，痱毒，湿疮痛痒,滑石300g、白芷60g、薄荷脑10.5g、官粉60g、枯矾30g、冰片6g、香精1g,以上七味，滑石、白芷、枯矾分别粉碎成细粉，薄荷脑、冰片分别研成细粉，与上述三味细粉及官粉配研均匀，加入香精，混匀，过筛，即得
疏风再造丸,丸剂,舒筋活血，化痰通络。用于半身不遂，手足麻木，口眼歪斜，筋骨拘挛，屈伸不便，风寒湿痹,蕲蛇150g、红参200g、草豆蔻(炒)100g、甘草100g、赤芍50g、胆南星50g、茯苓50g、冰片15g、川芎150g、广藿香50g、油松节50g、附子(制)50g、黄芩100g、磁石(煅)50g、熟地黄100g、两头尖100g、防风100g、细辛100g、白术(炒焦)50g、地龙100g、肉桂100g、当归150g、大黄150g、黄精100g、乌药50g、乳香(炒)75g、麻黄100g、茜草100g、红花100g、檀香50g、全蝎100g、玄参50g、葛根100g、羌活100g、白芷100g、独活100g、木瓜150g、牛膝100g、三七100g、红曲100g、秦艽50g、青皮50g、香附100g、丁香100g、骨碎补(烫)50g、制何首乌100g,以上四十六味，除冰片研成极细粉外，其余红参等四十五味粉碎成细粉，过筛，与冰片配研，混匀，每 100g 粉末加炼蜜 110~130g，制成大蜜丸，即得
碧玉散,散剂,清暑热，平肝火。用于暑热蕴积，烦渴引饮，肝火旺盛，小便短赤,滑石（飞）600g、甘草100g、青黛35g,以上三味，分别粉碎成粗粉，过筛，各取净粉，混匀，即得
酸枣仁合剂,口服液,清热泻火，养血安神。用于虚烦不眠，心悸不宁，头目眩晕,酸枣仁385g、知母154g、茯苓231g、川芎154g、甘草77g,以上五味，川芎蒸馏提取挥发油；药渣与其余酸枣仁等四味加水煎煮三次，合并煎液，滤过，滤液浓缩至适量，静置，滤过，再浓缩至约 1000ml，加入防腐剂适量，放冷，加入上述挥发油，加水至 1000ml，搅匀，即得
豨桐胶囊,胶囊剂,祛风湿，止痛。用于四肢麻痹，骨节疼痛，风湿性关节炎,稀莶草790g、臭梧桐叶1580g,以上二味，加水煎煮二次，每次 2 小时，滤过，合并滤液，浓缩成稠膏，干燥，粉碎，装入胶囊，制成 1000 粒，即得
镇坎散,散剂,利水消胀。用于蓄水膨胀，二便不通，浮肿气喘,西瓜1只(约5kg)、砂仁190g、大蒜(剥净)380g,以上三味，取西瓜在瓜蒂下方开孔，挖去瓤肉，装入砂仁、大蒜，用原瓜蒂盖好后再用竹钉固定，外用泥与黄酒搅匀封固，厚度约 3~4cm，置炭火中煅透存性，放冷后，弃去泥及竹钉，粉碎成细粉，过筛，混匀，即得
熊胆救心丹 (丸),丹剂,强心益气，芳香开窍。用于心气不足所致的胸痹心痛，胸闷气短和心悸等证,熊胆2g、蟾酥16.7g、冰片20g、麝香2g、人参67g、珍珠34g、牛黄5g、猪胆膏15g、水牛角浓缩粉16.7g,以上九味，除熊胆、蟾酥、冰片、麝香、牛黄分别研成极细粉外，其余珍珠等四味粉碎成细粉，与上述熊胆等五味极细粉及辅料配研，过筛，混匀，以水泛丸，低温干燥，制成 10000 粒，挂百草霜衣，即得
醒脾开胃冲剂,颗粒剂,醒脾调中，升发胃气。用于面黄乏力，食欲低下，腹胀腹痛，食少便多,谷芽150g、稻芽150g、荷叶60g、香橼60g、佛手60g、白芍150g、甘草30g、使君子150g、冬瓜子(炒)120g,以上九味，使君子打碎，与谷芽等八味加水煎煮两次，第一次 2 小时，第二次 1 小时，合并煎液，滤过。滤液减压浓缩至相对密度为 1.30~1.35 (50℃测) 的清膏，取清膏 1 份，蔗糖 3 份，糊精 1 份及乙醇适量，制成颗粒，干燥，即得
噙化上清片,片剂,清热散风。用于上焦风热，咽喉肿痛，口燥舌干，头目不清，口渴心烦，咽干声哑,甘草（未列克数）、石膏3.3g、硼砂1.7g、薄荷133g、薄荷油1.7g,以上五味，硼砂、石膏与蔗糖 347g 共研成细粉，薄荷粉碎成细粉；与上述粉末混匀；甘草用 10 倍量氨水 (1→100) 渗漉，漉液浓缩至 4ml，加入上述细粉中混匀，用 50% 乙醇制粒，低温干燥，加入 1% 的硬脂酸镁和薄荷油，拌匀，压制成 1000 片，即得
礞石滚痰片,片剂,降火逐痰。用于湿热顽痰，发为癫狂惊悸，或咳喘痰稠，大便秘结,金礞石（煅）60g、沉香30g、黄芩甙22g、大黄100g、大黄流浸膏380ml,以上五味，除大黄流浸膏外，其余金礞石等四味粉碎成细粉，过筛，混匀；将大黄流浸膏浓缩至适量，加入上述粉末，混匀，制粒，干燥，压片，即得
藿香正气丸（浓缩丸）,丸剂,解表化湿，理气和中。用于外感风寒、内伤湿滞或夏伤暑湿所致的感冒，症见头痛昏重、胸膈痞闷、脘腹胀痛、呕吐泄泻；也用于胃肠型感冒见上述证候者,广藿香150g、紫苏叶50g、白芷50g、白术(炒)100g、陈皮100g、半夏(制)100g、厚朴(姜制)100g、茯苓50g、桔梗100g、甘草100g、大腹皮50g、大枣25g、生姜15g,以上十三味，广藿香、紫苏叶、白芷、陈皮、厚朴、桔梗、大腹皮蒸馏提取挥发油，蒸馏后的水溶液另器收集；药渣与白术、半夏、茯苓、甘草加水煎煮二次，第一次 2 小时，第二次 1.5 小时，合并煎液，滤过，滤液与上述水溶液合并，浓缩成相对密度为 1.30～1.35（20℃）的稠膏；取大枣、生姜加水煎煮二次，第一次 2 小时，第二次 1 小时，合并煎液，滤过，滤液浓缩成相对密度为 1.30～1.35（20℃）的稠膏，与上述稠膏合并，加入适量辅料，混匀，制丸，干燥，加入上述挥发油，混匀，打光，即得
藿香正气合剂,口服液,解表化湿，理气和中。用于外感风寒，内伤湿滞，头痛昏重，胸膈痞闷，脘腹胀痛，呕吐泄泻。,广藿香150g、紫苏叶50g、白芷50g、白术(炒)100g、陈皮100g、半夏(姜制)100g、厚朴(姜制)100g、茯苓50g、桔梗100g、甘草100g、大腹皮50g、大枣25g、生姜15g,以上十三味，半夏、白芷照流浸膏剂与浸膏剂项下的渗漉法(附录17页)，用70%乙醇作溶剂，进行渗漉，回收乙醇；广藿香、白术、厚朴、陈皮和紫苏叶蒸馏提取挥发油；药渣与其余茯苓等六味加水煎煮三次，合并煎液，滤过，滤液浓缩至适量，与漉液合并，静置，滤过，再浓缩至约1000ml，加入防腐剂适量，放冷，加入上述挥发油，加水至1000ml，搅匀，即得。
蟾麝救心丸,丸剂,扩张冠状动脉，改善心肌供氧，增强心脏功能等作用。用于冠心病引起的心绞痛、胸闷、气短和眩晕等症。,牛黄100g、麝香10g、珍珠400g、蟾酥100g、红参60g、三七300g、冰片100g、猪胆膏100g、广角10g、赭石50g、水牛角浓缩粉100g、丹参提取物100g,以上十二味，珍珠、丹参提取物和赭石分别粉碎成最细粉，人参和三七粉碎并逐量加入猪胆膏混匀，粉碎成最细粉，将牛黄、麝香、蟾酥、水牛角浓缩粉、冰片和广角粉碎成最细粉，与上述除赭石外的粉末配研，过筛，混匀，以水泛丸，包赭石衣，干燥，即得。每百粒未包衣丸重2g。
癫狂龙虎丸,丸剂,攻泻祛痰，开窍醒神，镇惊安神。用于痰迷心窍，神识昏乱，叫骂不寐，毁物殴人，或精神抑郁，哭笑无常。,牛黄180g、巴豆霜180g、白矾180g、朱砂60g,以上四味，朱砂水飞或粉碎成最细粉，备用；牛黄、白矾分别研成细粉，与巴豆霜及粳米粉(蒸熟)40g配研，过筛，混匀。另取粳米粉20g，加水适量，制成稀糊泛丸，用朱砂包衣，低温干燥，即得。
麝香狗皮膏,膏剂,化痞散瘀，舒筋活络，祛风散寒，活血止痛。用于痞块聚积，风寒湿痹，筋骨疼痛，跌打损伤。,大黄30g、防风30g、玄参30g、黄芩30g、当归30g、白芷30g、地黄30g、羌活30g、荆芥30g、木鳖子30g、牡丹皮30g、乌药30g、黄柏30g、赤芍30g、干姜30g、独活30g、官桂20g、阿魏50g、没药30g、乳香30g、丁香25g、肉桂25g、川木香20g、麝香5g,以上二十四味，除阿魏外，没药、乳香、丁香、肉桂、川木香分别粉碎成细粉，与麝香配研，过筛，混匀。其余大黄等十七味，酌予碎断，与食用植物油8800g同置锅内炸枯，将阿魏投入熔化，去渣，滤过，炼至滴水成珠。另取红丹约3500g，加入油内搅匀，收膏，将膏浸泡于水中。取膏用文火熔化，加入上述没药等细粉，搅匀，分摊于狗皮或布上，即得。
麝香解痛膏,膏剂,活血、散寒、止痛。用于扭挫伤，关节酸痛等。,生附子500g、丁香500g、石菖蒲500g、红花250g、徐长卿250g、大黄500g、甘松250g、川芎500g、麝香3.5g、冰片500g、樟脑250g、薄荷油150g、桂皮醛100g,以上十三味，取生附子、丁香、石菖蒲、红花、徐长卿、大黄、甘松、川芎粉碎成粗粉，用90%乙醇回流三次，每次1小时，滤过，合并滤液，减压浓缩至相对密度约为1.05(20℃)的流浸膏；取麝香用乙醚浸渍二次，每次用乙醚18ml浸渍48小时，再用乙醚-乙醇(1:2)混合液15ml，浸渍48小时，合并浸出液，滤过；取橡胶1750g、氧化锌1900g、松香1500g、凡士林150g、羊毛脂250g、液状石蜡50g及汽油适量，制成基质，加入上述制备的流浸膏、浸出液和冰片、樟脑、薄荷油、桂皮醛及二甲基亚砜50g，搅匀，滤过，静置24～48小时，涂膏，干燥，卷轴，切段，盖衬，切片，即得。
二仙丸,丸剂,除湿祛风，温经散寒，定痛止麻。用于寒湿痹痛，腰腿疼痛，拘挛痿软，行步艰难，手足麻木,木耳600g、苍术（麸炒）100g、生川乌20g、生草乌20g、杜仲（盐炒）20g、牛膝20g、升麻20g、六神曲（麸炒）20g,以上八味，生川乌、生草乌粉碎成细粉，其余木耳等六味共粉碎成细粉，与上述粉末配研，过筛，混匀。用水泛丸，低温干燥，包糖衣，打光，即得
二母安嗽丸,丸剂,清肺化痰，止嗽定喘。用于虚劳久嗽，春秋举发，咳嗽痰喘，骨蒸潮热，音哑声重，口燥舌干，痰涎壅盛,知母108g、玄参108g、罂粟壳216g、麦冬108g、款冬花324g、紫菀108g、苦杏仁108g、百合108g、浙贝母54g,以上九味，粉碎成细粉，过筛，混匀。每 100g 粉末加炼蜜 100~120g 制成大蜜丸，即得
二母安嗽片,片剂,清肺化痰，止嗽定喘。用于虚劳久嗽，春秋举发，咳嗽痰喘，骨蒸潮热，音哑声重，口燥舌干，痰涎壅盛,知母108g、玄参108g、罂粟壳216g、麦冬108g、款冬花324g、紫菀108g、苦杏仁108g、百合108g、浙贝母54g,以上九味，百合、浙贝母分别粉碎成细粉，过筛，知母、罂粟壳、玄参、麦冬加水煎煮二次，第一次 3 小时，第二次 1 小时，合并煎液，滤过，滤液浓缩成膏；款冬花、紫菀用 60% 乙醇加热回流提取三次，第一次 6 小时，第二次 4 小时，第三次 2 小时，苦杏仁去油，用 85% 乙醇加热回流提取二次，第一次 3 小时，第二次 2 小时，合并提取液，回收乙醇，浓缩成膏。将上述二种浓缩膏合并，加入百合等细粉及辅料适量，混匀，制成颗粒，干燥，压制成 1100 片，即得
二陈丸 (浓缩丸),丸剂,燥湿化痰，理气和胃。用于咳嗽痰多，胸脘胀闷，恶心呕吐,陈皮250g、半夏（制）250g、茯苓150g、甘草75g、生姜50g,以上五味，取陈皮、生姜以 70% 乙醇为溶剂，半夏及茯苓 80g 以 45% 乙醇为溶剂，照流浸膏剂与浸膏剂项下的渗漉法（附录 17 页）分别浸渍 24 小时后，进行渗漉，收集漉液，回收乙醇，浓缩成相对密度为 1.30~1.35 (20℃) 的清膏，将甘草制成部分细粉及浸膏；将剩余的茯苓粉碎成细粉，与上述甘草细粉及浸膏及各清膏混匀，加入饴糖适量，混匀，制成浓缩丸，上墨灰衣，打光，即得
七叶神安片,片剂,益气安神，活血止痛，止血。用于心气不足，失眠，心悸，胸痹心痛，或肿瘤，痈肿疮毒及出血症,三七叶总皂甙50g（每片含50mg或100mg）,取三七叶总皂甙 50g 及辅料适量，制成颗粒，压制成 1000 片，包糖衣，即得
八味肾气丸,丸剂,温补肾阳。用于肾阳不足，腰痛膝软，消渴水肿，肾虚咳喘，小便频数，大便溏泻,熟地黄400g、山药（麸炒）200g、茯苓150g、五味子(醋制）200g、肉桂50g、泽泻（盐制）150g、附子（制）50g、牡丹皮150g,以上八味，粉碎成细粉，过筛，混匀。每 10g 粉末加炼蜜 120~130g 制成大蜜丸，即得
八珍丸 (浓缩丸),丸剂,补气益血。用于气血两虚，面色萎黄，食欲不振，四肢乏力，月经过多,党参100g、茯苓100g、白术(麸炒)100g、熟地黄150g、白芍100g、当归150g、川芎75g、甘草50g,以上八味，取党参、白术、白芍、茯苓加水煎煮二次，第一次 3 小时，第二次 2 小时，合并煎液，滤过，滤液浓缩成相对密度为 1.30~1.35 (20℃) 的稠膏；取熟地黄、甘草加水煎煮三次，第一次 3 小时，第二次 2 小时，第三次 1 小时，合并煎液，滤过，滤液浓缩成相对密度为 1.35~1.40 (20℃) 的稠膏，取川芎照流浸膏剂与浸膏剂项下的渗漉法（附录 17 页）以 70% 乙醇为溶剂，浸渍 24 小时后，进行渗漉，收集滤液，回收乙醇，浓缩成相对密度为 1.30~1.35 (20℃) 的稠膏；取当归粉碎成细粉，与上述各稠膏混匀，制丸，干燥，打光，即得
人参至宝丸,丸剂,化痰醒神，镇痉开窍。用于温病高热，神昏谵语，中风卒倒，伏热呕吐，烦躁喘急,人参100g、牛黄50g、琥珀100g、水牛角浓缩粉200g、麝香10g、天南星(制)50g、朱砂100g、安息香100g、天竺黄100g、玳瑁(烫)100g、冰片10g、雄黄100g,以上十二味，朱砂、雄黄分别水飞或粉碎成极细粉，过筛；其余人参等十味粉碎成细粉，过筛，混匀。每 100g 粉末加炼蜜 90~110g 制成大蜜丸，即得
三七片,片剂,散瘀止血，消肿定痛。用于咯血，吐血，衄血，便血，崩漏，外伤出血，胸腹刺痛，跌扑肿痛,三七500g,取三七 500g，粉碎成细粉，加辅料适量，制成颗粒，压制成 1000 片，即得
三七蜜精 (口服液),口服液,清热平肝，养心润肺。用于心悸，烦躁，眩晕,三七提取液200ml、三七叶蒸馏液200ml、蜂蜜540g,取蜂蜜 540g 加热至沸，加入三七叶蒸馏液及三七提取液，再加苯甲酸适量（用少量乙醇溶解），调整总量至 1000ml，搅匀，滤过，灌装，即得
三号蛇胆川贝片,片剂,清热，祛痰，止咳。用于邪热蕴肺，或痰热壅肺，肺失宣降所致的咳嗽咯痰，或久咳痰多，咯吐不利等症,蛇胆（干）0.34g、川贝母100g、法半夏100g、黄连5.27g、甘草5.27g,以上五味，川贝母、法半夏粉碎成细粉；黄连、甘草加水煎煮二次，合并煎液，滤过；将蛇胆研碎，加白酒适量，浸渍 24 小时，浸液与上述滤液合并，加入川贝母等细粉，混匀。取蔗糖 40g 加水煮沸，滤过，用滤液制粒，干燥，压制成 1000 片，包糖衣，即得
三参降脂液,口服液,补气活血，化瘀降脂。用于冠心病引起的胸闷、胸痹、心痛气短及高血脂症,刺五加225g、制何首乌195g、泽泻195g、黄芪175g、生晒参35g、石菖蒲60g、丹参170g、三七60g,以上八味，加白酒密闭浸泡三次，每次 4 天，白酒用量分别为 3300、2600、2600ml，合并浸液，滤过，补加白酒至 7200ml，另取冰糖 1500g，加水溶解后与上述滤液混匀，零下 10~15℃放置 2 小时，室温放置 24 小时，滤过，取滤液静置 7 天，滤过，使滤液成 10700ml，即得
万氏牛黄清心丸 (浓缩丸),丸剂,清热解毒，镇惊安神。用于邪热内闭，烦躁不安，神昏谵语，小儿高热惊厥,牛黄10g、朱砂60g、黄连200g、黄芩120g、栀子120g、郁金80g,以上六味，朱砂水飞或粉碎成极细粉，牛黄研细；取黄连 10g 粉碎成细粉，剩余黄连与其余黄芩等三味分别粉碎成粗粉，栀子用 45% 乙醇为溶剂，黄芩、郁金及黄连用 70% 乙醇为溶剂，照流浸膏剂与浸膏剂项下的渗漉法（附录 17 页），浸渍 24 小时后进行渗漉，收集滤液，浓缩成稠膏，与上述各粉末及粘合剂适量混匀，制丸，烘干，打光，即得
万氏牛黄清心片,片剂,清热解毒，镇惊安神。用于邪热内闭，烦躁不安，神昏谵语，小儿高热惊厥,牛黄5g、朱砂30g、黄连100g、黄芩60g、栀子60g、郁金40g,以上六味，除牛黄外，朱砂水飞或粉碎成极细粉，其余黄连等四味粉碎成细粉；将牛黄与朱砂配研，与上述细粉及适量淀粉混匀，制粒，干燥，压制成 1000 片，即得
山鸡大补酒,酒剂,大补气血，强壮筋骨。用于劳伤虚损，面色萎黄，足膝无力,鸡肉200g、茯苓6.25g、麻雀(去毛、去内脏)1.5个、杜仲6.25g、人参3.13g、麦冬9.38g、鹿茸(酥)2.5g、白芍12.5g、三七4.7g、枸杞子12.5g、黄芪6.25g、当归12.5g、白术(麸炒)6.25g、小茴香12.5g、石斛6.25g、玉竹31.25g,以上十六味，鸡肉、麻雀加水煎煮二次，每次 2 小时，滤过，滤液浓缩至适量。其余各药粉碎成粗粉，照流浸膏剂与浸膏剂项下的渗漉法（附录 17 页），用白酒 50g 作溶剂，浸渍 10~15 天，缓缓渗漉，收集渗漉液。另取蔗糖 50g 制成单糖浆，待温，加入渗漉液内，再将鸡肉、麻雀浓缩液加入，搅匀，静置，滤过，约制成 5500g，即得
川贝罗汉止咳冲剂,颗粒剂,清肺，止咳，祛痰。用于伤风咳嗽，支气管炎,川贝母35g、枇杷叶435g、桔梗130g、薄荷脑0.8g、罗汉果14g,以上五味，川贝母粉碎成细粉，枇杷叶、桔梗和罗汉果加水煎煮二次，滤过，合并滤液，静置，取上清液浓缩成相对密度为 1.3~1.86 (50~55℃) 的清膏，取清膏 1 份，加蔗糖 2 份，糊精 2 份与川贝母粉，混匀，制成颗粒，干燥，加入薄荷脑和香精适量，混匀，即得
小儿进食片,片剂,健脾消食。用于小儿食积、厌食,佛手90g、石斛90g、麦芽90g、枳壳64.3g、龙胆64.3g、山楂64.3g、六神曲64.3g、苍术38.5g、九香虫38.5g、石菖蒲38.5g,以上十味，佛手、麦芽、六神曲粉碎成细粉，其余石斛等七味加水煎煮二次，第一次 3 小时，第二次 2 小时，滤过，合并滤液，滤液浓缩成膏，与上述粉末混合，干燥，粉碎，过筛，加辅料适量，混匀，制成颗粒，干燥，压制成 1000 片，包糖衣，即得
小儿消咳片,片剂,清肺润燥，化痰止咳，解毒利咽。用于急慢性气管炎，痰热或燥痰咳嗽,白屈菜225g、百部150g、天冬150g、南沙参75g、白前60g、侧柏叶45g、木蝴蝶45g,以上七味，白屈菜粉碎成细粉，过筛。其余百部等六味加水煎煮二次，第一次 3 小时，第二次 2 小时，合并煎液，滤过，滤液浓缩成膏，加入上述粉末混匀，干燥，粉碎，过筛，加辅料适量，混匀，制粒，干燥，压制成 1000 片，包糖衣，即得
小儿肺热平胶囊,胶囊剂,清热化痰，止咳平喘，镇惊开窍。用于小儿肺热喘咳，吐痰黄稠，高热烦渴，神昏谵妄，抽搐，舌红苔黄腻者,牛黄3.3g、地龙55g、珍珠（制）3.3g、拳参44g、牛胆粉11g、甘草11g、平贝母66g、麝香0.22g、射干55g、朱砂0.44g、黄连44g、黄芩88g、羚羊角0.44g、寒水石55g、冰片0.44g、紫草33g、柴胡66g,以上十七味，黄连、平贝母、寒水石粉碎成粗粉；射干、拳参、紫草、黄芩、地龙、柴胡、甘草加水煎煮二次，第一次 2 小时，第二次 1 小时，合并煎液，滤过，滤液浓缩成稠膏，与上述粗粉混匀，干燥，粉碎成细粉。将朱砂、珍珠水飞或粉碎成极细粉，羚羊角研成细粉，牛黄、麝香、冰片分别研细，与上述黄连掺膏粉、牛胆粉混匀，过筛，装入胶囊，制成 1000 粒，即得
小儿咽扁冲剂,颗粒剂,清热利咽，解毒止痛。用于肺实热引起的咽喉肿痛，口舌糜烂，咳嗽痰盛，咽炎喉炎，扁桃体炎,金银花350g、射干200g、金果榄250g、桔梗250g、玄参250g、麦冬250g、牛黄1g、冰片0.5g,以上八味，除牛黄、冰片外，其余金银花等六味，加水煎煮二次，第一次 2.5 小时，第二次 1.5 小时，滤过，合并滤液，滤液减压浓缩至相对密度为 1.32~1.35 (50℃) 的清膏。取清膏 1 份，蔗糖粉 4 份，糊精 1 份，牛黄（与蔗糖粉、糊精先配研均匀）及乙醇适量，制成颗粒，干燥，加入冰片（先用乙醇适量溶解），混匀，即得
小儿消食健胃丸,丸剂,消食导积，化湿和胃。用于肉食积滞，胸脘痞满，腹胀时痛，嗳腐吞酸，苔厚恶食，大便泄泻,六神曲（麸炒）200g、山楂200g、莱菔子（炒）200g、茯苓200g、陈皮200g、连翘200g、枳壳（麸炒）200g、砂仁200g、广藿香120g、清半夏120g、厚朴（姜制）200g,以上十一味，粉碎成细粉，过筛，混匀。每 100g 粉末加炼蜜 130~150g 制成大蜜丸，即得
小儿麻甘冲剂,颗粒剂,平喘止咳，利咽祛痰。用于小儿肺炎喘咳，咽喉炎症,麻黄100g、黄芩100g、紫苏子100g、甘草150g、桑白皮150g、苦杏仁150g、地骨皮250g、石膏400g,以上八味，石膏、紫苏子装入布袋中，加水煎煮 4 小时，再加麻黄等六味，加水煎煮二次，每次 1 小时，合并煎液，滤过，滤液浓缩至每 1ml 药液相当于生药 1g，再加入乙醇使溶液中含乙醇量为 40%，静置 24 小时，滤过，滤液回收乙醇，浓缩至相对密度约 1.24 (70~80℃测) 的清膏。另取蔗糖 300g，糊精 150g 与清膏制成颗粒，干燥，过筛，约制成 492g
小儿清解冲剂,颗粒剂,除瘟解毒，清热退烧。用于小儿外感风热或时疫感冒引起的高烧不退，汗出热不解，烦躁口渴，咽喉肿痛，肢酸体倦,金银花750g、连翘750g、地骨皮750g、青黛(包煎)250g、白薇750g、地黄750g、广藿香750g、石膏1250g,以上八味，广藿香、连翘提取挥发油，蒸馏后的水溶液另器收集；石膏加水煎煮 4~6 小时后，加入其余金银花等五味，煎煮二次，滤过，滤液与上述水溶液合并，浓缩至相对密度 1.35~1.40 (50℃热测) 的清膏。取清膏 1 份，蔗糖粉 3 份，糊精 1 份，制成颗粒，干燥，加入上述广藿香等挥发油，混匀，即得
小儿葫芦散,散剂,化痰消食，镇惊祛风。用于痰喘咳嗽，脘腹胀满，胸膈不利，吐乳不食，小儿惊风,橘红300g、茯苓300g、朱砂300g、鸡内金（炒）240g、天竺黄300g、僵蚕（麸炒）180g、半夏曲240g、琥珀180g、全蝎180g、天麻180g、川贝母180g、冰片30g、葫芦蛾22.8g,以上十三味，除琥珀、冰片外，朱砂水飞或粉碎成极细粉；其余橘红等十味粉碎成细粉；将琥珀、冰片研细，与上述粉末配研，过筛，混匀，即得
小儿智力糖浆,糖浆剂,调补阴阳，开窍益智。用于小儿轻微脑功能障碍综合症,龟甲60g、龙骨200g、远志120g、石菖蒲300g、雄鸡200g,以上五味，龟甲、龙骨、远志、石菖蒲加水煎煮二次，每次 1.5 小时，滤过，合并滤液，浓缩成清膏。取雄鸡去净毛和内脏（留睾丸），加水煎煮二次，第一次 1.5 小时，第二次 1 小时，滤过，合并滤液，浓缩至清膏，待冷后弃去浮油。另取蔗糖 50g 制成单糖浆，滤过，加入上述两种清膏，搅匀，浓缩至相对密度为 1.14 (90℃)，加入苯甲酸钠 0.2g 及对羟基苯甲酸乙酯 0.5g，搅拌使溶解，加水至 1000ml，混匀，滤过，即得
小柴胡片,片剂,解表散热，疏肝和胃。用于寒热往来，胸胁苦满，心烦喜吐，口苦咽干,柴胡240g、姜半夏120g、黄芩90g、党参90g、甘草90g、生姜90g、大枣90g,以上七味，党参 45g 及甘草粉碎成细粉，取 96g 备用，其余细粉与剩余党参及柴胡、黄芩、大枣加水煎煮二次，每次 1.5 小时，合并煎液，滤过，滤液浓缩至适量；姜半夏、生姜照流浸膏剂与浸膏剂项下的渗漉法（附录 17 页），用 70% 的乙醇作溶剂，浸渍 24 小时后，以每分钟 1~3ml 的速度缓缓渗漉，收集漉液约 900ml，回收乙醇，与浓缩液合并，浓缩成稠膏，加入上述备用细粉，混匀，干燥，研细，制成颗粒，干燥，压制成片，即得
小柴胡冲剂,颗粒剂,解表散热，疏肝和胃。用于寒热往来，胸胁苦满，心烦喜吐，口苦咽干,柴胡240g、姜半夏90g、黄芩90g、党参90g、甘草90g、生姜90g、大枣90g,以上七味，柴胡、黄芩、党参、甘草及大枣加水煎煮二次，每次 1.5 小时，合并煎液，滤过，滤液浓缩至适量。姜半夏、生姜照流浸膏剂与浸膏剂项下的渗漉法（附录 17 页），用 70% 乙醇作溶剂，浸渍 24 小时后，以每分钟 1~3ml 的速度缓缓渗漉，收集漉液约 900ml，回收乙醇，与上述浓缩液合并，浓缩至相对密度为 1.32~1.35 (75~80℃) 的清膏。取清膏 1 份，加蔗糖粉 6 份，混匀，制成颗粒，干燥，即得
小败毒膏,膏剂,清热解毒，消肿止痛。用于湿热蕴结、热毒壅盛引起的疮疡初起，红肿硬痛，风湿疙瘩，周身刺痒，乳痈胀痛，大便燥结,蒲公英300g、金银花30g、天花粉90g、黄柏150g、大黄150g、白芷90g、陈皮120g、乳香（醋炙）30g、当归30g、赤芍150g、木鳖子（打碎）30g、甘草30g,以上十二味，加水煎煮三次，第一次 3 小时，第二次 2 小时，第三次 1 小时，合并煎液，滤过，滤液浓缩至相对密度 1.45 (50℃) 的清膏。每 100g 清膏加炼蜜 150g，加热溶化，混匀，即得
女贞子膏,膏剂,滋养肝肾，强壮腰膝。用于肝肾两亏，腰膝酸软，耳鸣目眩，须发早白,女贞子（酒蒸）（每100g清膏加蔗糖166g）,取女贞子 (酒蒸)，加水煎煮二次，每次 2 小时，合并煎液，滤过，滤液浓缩至相对密度为 1.29~1.31 (热测) 的清膏。每 100g 清膏加蔗糖 166g，加热溶化，混匀，浓缩至规定的相对密度，即得
卫生丸,丸剂,调气补血。用于气血两亏，身体虚弱，病后失调,黄芪656g、党参（炙）394g、当归656g、白芍（酒炒）394g、熟地黄656g、川芎（制）394g、茯苓526g、白术263g、甘草（炙）131g、人参99.7g、砂仁65.6g、鹿角胶99.7g、香附（酒醋制）394g,以上十三味，除鹿角胶外，人参粉碎成细粉，其余黄芪等十一味加酒湿润混匀，蒸 3~4 小时，干燥，粉碎成细粉，过筛；将鹿角胶炖化，与上述细粉混匀，过筛。每 100g 粉末加炼蜜 95~105g，制成大蜜丸，即得
马鬃蛇药酒,酒剂,祛风湿，通经络，消肿痛，强筋骨。用于腰肌劳损，风湿之腰腿痛、关节痛,马鬃蛇（干）40g、千斤拔(蜜炙)40g、黑老虎根40g、杜仲藤80g、桑寄生20g、龙须藤(蜜炙)80g、鸡血藤(蜜炙)80g、牛大力(蜜炙)40g、山苍子40g、半枫荷20g、走马胎20g、狗脊80g、金樱子20g,以上十三味，置容器内，加入白酒 4800ml，密闭浸泡 30 天以上，加入蔗糖 320g，溶解，静置，滤过，即得
天王补心丸 (浓缩丸),丸剂,滋阴，养血，补心安神。用于心阴不足，心悸健忘，失眠多梦，大便干燥,丹参25g、当归50g、党参25g、石菖蒲25g、茯苓25g、五味子50g、麦冬50g、天冬50g、地黄200g、玄参25g、桔梗25g、远志（制）25g、甘草25g、酸枣仁（炒）50g、朱砂10g、柏子仁50g,以上十六味，将当归、丹参、党参、茯苓、桔梗及麦冬 25g 粉碎成细粉；朱砂水飞或粉碎成极细粉，与上述粉末配研；地黄加水煎煮三次，第一次 3 小时，第二次 2 小时，第三次 1 小时，合并煎液，滤过，滤液浓缩成相对密度为 1.30~1.35 (20℃) 的稠膏；剩余麦冬及其余五味子等八味加水煎煮二次，第一次 3 小时，第二次 2 小时，合并煎液，滤过，滤液浓缩成相对密度为 1.30~1.35 (20℃) 的稠膏；将上述细粉及各稠膏混匀，制丸，干燥，打光，即得
天麻祛风补片,片剂,温肾养肝，除湿止痛。用于肝肾亏损之头昏、头晕，耳鸣，畏寒肢冷，四肢关节疼痛，腰酸膝软，手足麻木等症,天麻(姜汁制)60g、当归160g、附片(砂炒)60g、杜仲(盐炙)70g、独活50g、茯苓60g、川牛膝(酒炙)60g、生地黄160g、肉桂60g、羌活80g、玄参60g,以上十一味，天麻、杜仲、茯苓粉碎成粗粉；肉桂粉碎成细粉，过筛；当归、独活、羌活提取挥发油，药渣与药液加入牛膝、附片、生地黄、玄参中，加水煎煮三次，第一次 3 小时，第二、三次各 2 小时，合并煎液，滤过，滤液浓缩成稠膏，与上述粗粉混匀，干燥，粉碎成细粉，加入肉桂细粉，混匀，制成颗粒，干燥，喷加当归等挥发油，混匀，压制成 1000 片，包糖衣，即得
元胡止痛胶囊,胶囊剂,理气，活血，止痛。用于气滞血瘀的胃痛，胁痛，头痛及月经痛等,延胡索（醋制）445g、白芷223g,以上二味，取白芷 166g，粉碎成细粉。剩余的白芷与延胡索粉碎成粗粉，照流浸膏剂与浸膏剂项下的渗漉法（附录 17 页），用 60% 乙醇作溶剂，浸渍 24 小时后进行渗漉，收集漉液约为生药的 8 倍量，回收乙醇，浓缩成稠膏状，加入上述细粉，混匀，干燥，粉碎成细粉，过筛，混匀，分装于 1000 粒胶囊中，即得
支气管炎片,片剂,清热化痰，定喘止咳。用于哮喘型慢性支气管炎,矮地茶312.5g、黄芩(酒制)156.25g、地龙93.75g、甘草93.75g、盐酸麻黄碱1.014g,以上五味，矮地茶、黄芩、甘草加水煎煮二次，每次 2 小时，合并煎液，滤过，滤液浓缩至相对密度约 1.30 (20℃) 的稠膏；地龙加水同上法煎煮，浓缩至上述相对密度后，加乙醇 2~3 倍量，搅拌，静置，滤过，滤液回收乙醇，浓缩至相对密度约 1.30 (20℃) 的膏，再与上述稠膏合并，干燥，粉碎，加入盐酸麻黄碱，混匀，过筛，加乙醇适量制粒，约压制成 260 片，包糖衣，即得
五海丸,丸剂,软坚，散结，理气。用于瘿瘤初起,海带400g、海藻400g、昆布200g、陈皮200g、槟榔200g、浙贝母100g、蛤壳（煅）100g、桔梗200g、夏枯草100g,以上九味，粉碎成细粉，过筛，混匀。每 100g 粉末加炼蜜 90~110g 制成大蜜丸，即得
气血双补丸,丸剂,补气养血。用于气虚血亏引起的少气懒言，语言低微，面色萎黄，四肢无力，形体消瘦，经血不调,黄芪200g、当归200g、熟地黄200g、何首乌（酒炙）100g、党参100g、女贞子（酒炙）50g、白芍100g、川芎50g、丹参50g、白术（麸炒）100g、甘草50g,以上十一味，粉碎成细粉，过筛，混匀。每 100g 粉末加炼蜜 80~110g 制成小蜜丸，即得
牛黄上清片,片剂,清热泻火，散风止痛。用于头痛眩晕，目赤耳鸣，咽喉肿痛，口舌生疮，牙龈肿痛，大便燥结,牛黄2g、薄荷30g、菊花40g、荆芥穗16g、白芷16g、川芎16g、栀子50g、黄连16g、黄柏10g、黄芩50g、大黄80g、连翘50g、赤芍16g、当归50g、地黄64g、桔梗16g、甘草10g、石膏80g、冰片10g,以上十九味，将牛黄、冰片研细；黄连、大黄粉碎成细粉，过筛；连翘、荆芥穗、薄荷提取挥发油后，药渣加水煎煮一次，滤过；黄芩、栀子、桔梗、赤芍、当归、地黄、石膏、甘草加水煎煮二次，每次二小时，滤过，合并滤液，黄柏、川芎、白芷照流浸膏剂与浸膏剂项下的渗漉法（附录 17 页）以 70% 乙醇为溶剂进行渗漉，收集漉液，回收乙醇。菊花热浸二次，每次 2 小时，滤过。合并以上各药液，减压浓缩成稠膏状，加入黄连、大黄细粉及辅料适量，混匀，制成颗粒，60℃以下干燥，再兑入牛黄、冰片细粉，喷加连翘等挥发油，混匀，压制成 1000 片，包糖衣，即得
化毒丹 (丸),丹剂,清热解毒。用于小儿热毒实火，口舌生疮，牙根出血，颈颊赤肿，周身常生疮疖，疹后余毒不净,地黄80g、芒硝12g、玄参80g、桔梗80g、甘草20g、金银花40g、青黛20g、黄连20g、连翘80g、龙胆12g、牛蒡子(炒)80g、水牛角浓缩粉12g、赤芍20g,以上十三味，除水牛角浓缩粉外，其余地黄等十二味粉碎成细粉，与水牛角浓缩粉配研，过筛，混匀。每 100g 粉末加炼蜜 90~110g 制成大蜜丸，即得
乌甘散 (胃溃疡散),散剂,制酸止痛。用于胃及十二指肠溃疡,甘草浸膏150g、海螵蛸（去硬壳）850g,以上二味，海螵蛸粉碎成细粉，过筛，加入甘草浸膏中，混匀，干燥，粉碎，过筛，加橙皮油适量，混匀，即得
乌头酊,酊剂,止痛药。用于神经痛，非神经痛,草乌100g（制成酊剂约1000ml）,取草乌 100g 粉碎成中粉，照流浸膏剂与浸膏剂项下的渗漉法（附录 17 页），以 70% 乙醇为溶剂进行渗漉，缓缓放出渗漉液至约 950ml，用稀盐酸调节 pH 值为 2.7~3.3，取样，照下述含量测定项下的方法测定含量后，用 70% 乙醇调至规定的含量，静置，澄清，滤过，即得
风寒感冒宁冲剂,颗粒剂,解表散寒，宣发清热。用于风寒感冒引起的恶寒发热，头痛、鼻塞、流涕等症,四季青30g、大青叶30g、荆芥15g、防风15g、紫苏15g,以上五味，加水煎煮二次，每次 30 分钟，滤过，合并滤液，浓缩至相对密度为 1.04 (80~90℃)，静置 18~24 小时，滤取上清液浓缩至相对密度为 1.38~1.40 (80~90℃) 的清膏，取清膏 1 份，加蔗糖粉 2.5 份、糊精 1 份与适量的乙醇，制成颗粒或块，干燥，即得
风湿马钱片,片剂,祛风，除湿，镇痛。用于风湿性关节炎，类风湿，坐骨神经痛,马钱子(制)313g、僵蚕(炒)38g、乳香(炒)38g、没药(炒)38g、全蝎38g、牛膝38g、苍术38g、麻黄38g、甘草38g,以上九味，马钱子、全蝎、乳香、没药和僵蚕粉碎成细粉；麻黄、苍术分别照流浸膏剂与浸膏剂项下的渗漉法（附录 17 页），用 60%、70% 乙醇作溶剂，进行渗漉，收集漉液，回收乙醇，浓缩成稠膏；甘草和牛膝加水煎煮三次，每次 1~2 小时，滤过，合并滤液，浓缩成稠膏。合并上述稠膏，加入马钱子等细粉，混匀，制粒，干燥，压制成 2000 片，片心重 0.17g，包糖衣，即得
风湿关节酒 (万灵筋骨酒),酒剂,驱风散寒，活血止痛。用于风寒湿邪引起：关节疼痛，肩背酸沉，腰痛腿软，四肢麻木，筋脉拘挛,乌梢蛇(酒炙)156.25g、草乌(银花甘草炙)93.75g、老鹳草250g、穿山龙250g、羌活93.75g、独活93.75g、铁丝威灵仙62.5g、香加皮250g、木瓜62.5g、苍术156.25g、防风125g、油松节156.25g、当归156.25g、川芎156.25g、桂枝93.75g、鸡血藤125g、牛膝93.75g、白芍156.25g、粉萆薢156.25g、佛手156.25g、人参125g、甘草125g、红曲250g,以上二十三味，与红糖 3000g，蜜 5000g，白酒 50000ml 同置回流罐内，回流提取三次，每次 30 分钟。滤过，合并滤液，静置，滤过，罐封，即得
风湿镇痛膏,膏剂,镇痛，除寒湿。用于关节、肌肤因受风、寒、湿引起的疼痛,生川乌30g、防己18g、樟脑3g,以上三味，除樟脑外，生川乌、防己粉碎成细粉，取食用植物油 500g，炼至滴水成珠，另取红丹 250g，加入油内搅匀，收膏，将膏浸泡于水中。取膏用文火熔化后，加入上述粉末，搅拌，待温度降至 60℃左右时，加入樟脑充分搅匀，分摊于布上，即得
六味地黄片,片剂,滋阴补肾。用于肾阴亏损，头晕耳鸣，腰膝酸软，骨蒸潮热，盗汗遗精，消渴,熟地黄176g、牡丹皮66g、山药88g、山茱萸88g、泽泻66g、茯苓66g,以上六味，牡丹皮、山茱萸、茯苓粉碎成细粉，过筛，混匀，其余熟地黄等三味，加水煎煮三次，第一、二次各为 2 小时，第三次为 1 小时，合并煎液，滤过，滤液浓缩成膏，与上述粉末混合，低温干燥，粉碎，加辅料适量，混匀，制成颗粒，干燥，压制成 1000 片，包糖衣，即得
六味地黄胶囊,胶囊剂,滋阴补肾。用于肾阴亏损，头晕耳鸣，腰膝酸软，骨蒸潮热，盗汗遗精，消渴,熟地黄176g、牡丹皮66g、山药88g、山茱萸88g、泽泻66g、茯苓66g,以上六味，牡丹皮、山茱萸、茯苓粉碎成细粉，过筛，混匀，其余熟地黄等三味，加水煎煮三次，第一、二次各为 2 小时，第三次为 1 小时，合并煎液，滤过，滤液浓缩成膏，与上述粉末混合，低温干燥，粉碎，加辅料适量，混匀，装入胶囊，制成 1000 粒，即得
水杨梅片,片剂,清热燥湿、止泻止痢。用于细菌性痢疾，肠炎，泄泻，里急后重,水杨梅（花果）1000g,取水杨梅 (花果) 1000g，加水煎煮二次，每次 1.5 小时，合并煎液，滤过，滤液浓缩至相对密度约 1.30 (90℃热测) 的稠膏，干燥，粉碎，过筛，制粒，压制成片，包糖衣，即得
石淋通冲剂,颗粒剂,清利湿热，通淋，消肿。用于尿路结石，肾盂肾炎，胆囊炎,广金钱草1500g,取广金钱草 1500g，加水煎煮二次，每次 1 小时，合并煎液，滤过，滤液浓缩至相对密度为 1.20 (热测)，待冷至室温，加乙醇使含醇量达 65%，搅拌，静置 24 小时，滤过，滤液浓缩成稠膏，加蔗糖粉适量，制成颗粒，干燥，即得
灭澳灵片,片剂,清热解毒，益肝补肾。用于急慢性乙型肝炎及表面抗原健康带毒者,板蓝根500g、刺五加525g、金银花25g、冬虫夏草10g,以上四味，刺五加加水煎煮四次，每次 1 小时，合并煎液，滤过，滤液浓缩成膏。板蓝根 300g 加水煎煮三次，第一次 2 小时，第二、三次各 1 小时，合并煎液，滤过，滤液浓缩成膏。取其余板蓝根及金银花、冬虫夏草粉碎成细粉，与上述刺五加膏和板蓝根膏混匀，干燥，粉碎，过筛，用乙醇制粒，压制成 1200 片，包糖衣，即得
归脾合剂,口服液,益气健脾，养血安神。用于心脾两虚，气短心悸，失眠多梦，头昏头晕，肢倦乏力，食欲不振，崩漏便血,党参68g、白术（炒）136g、黄芪（蜜炙）68g、甘草（蜜炙）34g、茯苓136g、远志（制）136g、酸枣仁68g、龙眼肉136g、当归136g、木香34g、大枣（去核）34g、生姜17g,以上十二味，白术、木香和当归分别蒸馏提取挥发油；当归照流浸膏剂与浸膏剂项下的渗漉法（附录 17 页），用 50% 乙醇作溶剂，进行渗漉。漉液回收乙醇，白术、木香渣与其余党参等九味加水煎煮三次，合并煎液，滤过，滤液浓缩至适量，与上述漉液合并，静置，滤过，浓缩至约 1000ml，加入防腐剂适量，放冷，加入上述挥发油，加水至 1000ml，搅匀，即得
四季油 (同仁油),搽剂,有驱风兴奋作用。用于伤风感冒，舟车晕眩，中暑,水杨酸甲酯490g、松节油10g、薄荷油430g、肉桂油2.5g、薄荷脑15g、八角茴香油17.5g、樟脑15g,以上七味，混匀，加香精适量，混匀，滤过，即得
四神片,片剂,助肾散寒，止泻消胀。用于肾虚受寒，肠鸣肚胀，五更溏泻，食物不化，久泻不止，面黄体弱,肉豆蔻（制）200g、吴茱萸100g、补骨脂400g、五味子200g、干姜100g、大枣（去核）200g,以上六味，大枣加水煎煮二次，合并煎液，浓缩成膏；肉豆蔻、吴茱萸、补骨脂、五味子照流浸膏剂与浸膏剂项下的渗漉法（附录 17 页），用 60% 乙醇作溶剂，进行渗漉。干姜照流浸膏剂与浸膏剂项下的渗漉法（附录 17 页），用乙醇作溶剂，进行渗漉。合并以上乙醇渗漉液，回收乙醇，浓缩成膏。水、醇浓缩膏合并，加入辅料适量，混匀，制成颗粒，干燥，放冷，压制成 1060 片，即得
四虎散 (剧),散剂,温散寒痰，消除肿痛。用于跌打损伤，寒湿痰瘀，肿胀痹痛,生天南星200g、生草乌200g、生白附子200g、生川乌200g,以上四味，粉碎成细粉，过筛，混匀，即得
外感平安茶 (冲剂),颗粒剂,清热解表，化湿消滞。用于四时感冒，恶寒发热，周身骨痛，头重乏力，感冒挟湿，胸闷食滞等症,外感平安浸膏142g（含金丝草、连翘、香薷、土荆芥、山芝麻、布渣叶、大腹皮、土茯苓、广藿香、水翁花、金刚头、芒果核、枳壳、甘草、厚朴等）,取干浸膏 1 份、蔗糖粉 6 份，加入适量润湿剂，制成颗粒，75℃以下干燥。雾化喷入提炼收得的挥发油，闷润，制成 1000g，即得
半夏糖浆,糖浆剂,止咳化痰。用于咳嗽痰多，支气管炎,生半夏26g、麻黄11g、紫菀16g、桔梗11g、枇杷叶26g、远志(制)17g、陈皮16g、甘草11g、薄荷油1ml,以上九味，陈皮粉碎成粗粉，用 80% 乙醇浸渍三次，每次 24 小时，合并浸液，滤过，生半夏润透，轧扁，加水煎煮二次，每次 2 小时，合并煎液，滤过，滤液浓缩至适量，加入乙醇使溶液中含乙醇量为 30%，静置，取上清液滤过，另取麻黄、紫菀、桔梗、枇杷叶、远志、甘草加水煎煮 3 小时，滤过，静置，取上清液加蔗糖 560g 及防腐剂适量，煮沸使溶解，滤过，滤液浓缩至适量。加入上述各药液，加入薄荷油及防腐剂适量，加水至 1000ml，搅匀，滤过，即得
宁心补肾丸,丸剂,宁心补肾，益精止痿。用于肾虚耳鸣，头晕眼花，惊悸不宁，盗汗体倦，遗精，滑精，阳痿不育，腰膝酸软,"党参(米泔制)1600g、续断(酒炒)241g、沙苑子(盐蒸)320g、金樱子(去毛、核)241g、芡实(盐制)320g、酸枣仁(炒)241g、莲须(盐炒)320g、龙骨(水飞)241g、何首乌(豆制)320g、核桃仁(去油、盐水制)241g、枸杞子320g、续断(盐炒)320g、茯苓(炒)160g、补骨脂(盐制)400g、覆盆子(炒)160g、山药(炒)241g、韭菜子(炒)160g、菟丝子(盐水制)241g、牛鞭(炙,蛤粉炒)100g、莲子(炒)241g、砂仁(炒)47.5g",以上二十一味，酸枣仁、龙骨、胡桃仁、牛鞭分别粉碎成细粉，过筛；芡实、山药、莲子、茯苓加牛奶 290g，拌匀，蒸透，干燥，粉碎成细粉；枸杞子用白酒 216g，拌匀，蒸透，干燥，与其余党参等十二味混匀，粉碎成细粉，过筛，与上述各粉末混匀。每 100g 粉末加炼蜜 90~95g，制成大蜜丸，即得
宁神灵冲剂,颗粒剂,舒肝开郁，镇惊安神。用于头昏头痛，心烦易怒，心悸不宁，胸闷少气，惊厥抽搐，少寐多梦,柴胡333g、黄芩250g、大黄125g、半夏（制）250g、桂枝250g、甘草167g、龙骨333g、牡蛎333g,以上八味，除大黄外，半夏 50g 粉碎成细粉；剩余的半夏与其余柴胡等六味加水煎煮二次，每次 1 小时 40 分钟，合并煎液；药渣与大黄加水适量，煎煮 40 分钟，滤过，滤液与上述煎液合并，静置，取上清液，浓缩成相对密度约为 1.31 (80℃测) 的清膏，加入半夏细粉、淀粉 167g、蔗糖粉 1033g，混匀，制成颗粒，60℃以下干燥，分装成 100 袋，即得
加味灵芝菌片,片剂,补气养血，安神通络。用于冠心病，心绞痛，高血脂，也可用于心律紊乱,深层培养灵芝干膏150g、桑寄生干膏90g、香附55.3g,以上三味，分别粉碎成细粉，混合，加入辅料适量，混匀，压制成 1000 片，包糖衣，即得
芎菊上清片,片剂,清热，散风，止痛。用于外感风热，头痛鼻塞,川芎40g、菊花480g、薄荷40g、连翘60g、蔓荆子（炒）60g、荆芥穗60g、防风60g、白芷160g、羌活40g、藁本40g、桔梗60g、黄连40g、黄芩240g、栀子60g、甘草40g,以上十五味，川芎、黄连粉碎成细粉，过筛；薄荷、连翘、荆芥穗提取挥发油后，药渣加水煎煮一次，滤过；蔓荆子、防风、藁本、桔梗、黄芩、栀子、甘草加水煎煮二次，每次 2 小时，滤过，合并滤液，白芷、羌活照流浸膏剂与浸膏剂项下的渗漉法（附录 17 页），用 70% 乙醇作溶剂，进行渗漉，收集漉液，回收乙醇；菊花热浸二次，每次 2 小时，滤过。合并以上各滤液，减压浓缩成稠膏状，加入川芎、黄连细粉及辅料适量，混匀，制成颗粒，60℃以下干燥，喷加薄荷、连翘、荆芥穗挥发油，混匀，压制成 1000 片，包糖衣，即得
回生再造丸,丸剂,祛风化痰，活血通络。用于中风，口眼歪斜，筋骨疼痛，手足拘挛，麻木，半身不遂,蕲蛇(酒炒)400g、全蝎250g、地龙50g、僵蚕(炒)100g、穿山甲(制)200g、豹骨(制)200g、水牛角浓缩粉150g、牛黄25g、龟甲(制)100g、朱砂100g、天麻200g、防风200g、羌活200g、白芷200g、川芎200g、葛根250g、麻黄200g、肉桂200g、细辛100g、白附子(制)100g、桑寄生250g、骨碎补(炒)100g、威灵仙(酒炒)250g、粉萆薢200g、当归200g、赤芍100g、红花80g、片姜黄200g、血竭8g、松香50g、乳香(制)100g、没药(制)100g、安息香400g、琥珀200g、党参200g、黄芪200g、白术(炒)100g、茯苓200g、甘草200g、胆南星100g、天竺黄100g、制何首乌200g、熟地黄200g、玄参200g、黄连200g、大黄200g、厚朴(制)50g、青皮(醋制)100g、沉香100g、木香40g、广藿香200g、母丁香100g、冰片25g、乌药100g、豆蔻200g、草豆蔻200g、香附(醋炒)100g、两头尖(醋炒)200g,以上五十八味，朱砂水飞或粉碎成极细粉，牛黄、冰片、水牛角浓缩粉分别研细，其余蕲蛇等五十四味粉碎成细粉，过筛，与上述各细粉混匀。每 100g 粉末加炼蜜 120~130g 制成大蜜丸，即得
回春如意胶囊,胶囊剂,补血养血，助肾壮阳，益精生髓，强筋健骨。用于头晕健忘，体虚乏力，肾虚耳鸣，腰膝酸痛，阳痿早泄等症,鹿茸60g、熟地黄100g、狗肾60g、锁阳80g、羊肾60g、菟丝子80g、山药100g、何首乌100g、槐米50g、巴戟天50g、枸杞子100g、肉苁蓉80g、黄精80g、黄芪80g、狗脊50g、补骨脂70g,以上十六味，鹿茸、狗肾、羊肾、山药粉碎成细粉，过筛；其余熟地黄等十二味，加水煎煮两次，第一次 3 小时，第二次 2 小时，分次滤过，合并滤液，滤液浓缩成膏，与上述粉末混合，干燥，粉碎，过筛，混匀，加辅料适量，装胶囊，制成 1600 粒，即得
伤湿祛痛膏,膏剂,祛风湿、止痛。用于头痛，风湿痛，神经痛，扭伤及肌肉酸痛,生川乌180g、生草乌180g、麻黄180g、苍术360g、当归360g、白芷229g、干姜485g、山奈146g、八角茴香114g、薄荷脑80g、冰片60g、樟脑40g、水杨酸甲酯60g,以上十三味，除薄荷脑、冰片、樟脑、水杨酸甲酯外，其余生川乌等九味粉碎成粗粉，用 85% 乙醇回流三次，每次 1.5 小时，合并提取液，回收乙醇，浓缩至相对密度为 1.18~1.21 (55~60℃热测) 的浸膏，加入薄荷脑等四味，混匀；另加 3.7~4 倍重量由橡胶、松香等制成的基质，制成涂料。进行涂膏，切段，盖衬，切成小块，即得
伤痛宁膏,膏剂,活血散瘀，消肿止痛。用于关节扭伤，肌肉拉伤，韧带损伤等急性软组织损伤,黄柏30g、红花30g、延胡索30g、白芷6g、儿茶6g、樟脑1.3g、薄荷脑2.5g、冰片1.9g、水杨酸甲酯2.5g,以上九味，除樟脑、薄荷脑、冰片、水杨酸甲酯外，其余黄柏等五味粉碎成粗粉，用 85% 乙醇回流三次，每次 1.5 小时，合并提取液，回收乙醇，浓缩至相对密度为 1.16~1.21 (55~60℃热测) 的浸膏，加入樟脑等四味，混匀；另加 1.2~1.5 倍重量由橡胶、松香等制成的基质，制成涂料。进行涂膏，切段，盖衬，切成小块，即得
血再生片,片剂,活血补血。用于慢性中毒引起的白细胞减少症,丹参214.3g、当归214.3g、熟地黄214.3g,以上三味，取丹参粉碎成细粉，过筛，当归、熟地黄用 50% 乙醇回流提取三次，第一次 1.5 小时，第二、三次各 1 小时，合并提取液，滤过，滤液浓缩至稠膏状，加入上述丹参细粉，混匀，于 70℃以下干燥，粉碎成粗粉，加入辅料适量，混匀，制成颗粒，压制成 1000 片，包糖衣，即得
血宝胶囊,胶囊剂,补阴培阳，益肾健脾。用于再生障碍性贫血，白细胞缺乏症，原发性血小板减少症，紫癜,熟地黄62g、当归46g、漏芦61g、丹参46g、党参77g、鸡血藤30g、附子2g、桂枝4g、枸杞子62g、仙鹤草47g、川芎15g、黄芪(蜜制)46g、补骨脂30g、制何首乌47g、虎杖31g、牛西西46g、连翘30g、赤芍16g、女贞子46g、牡丹皮18g、狗脊15g、刺五加76g、鹿茸3.5g、紫河车31g、阿胶15g、白术(炒)31g、陈皮15g、人参15.5g、水牛角浓缩粉18.5g、牛髓4.5g,以上三十味，将人参、鹿茸、紫河车、阿胶粉碎成细粉，过筛，与水牛角浓缩粉混匀，过筛，备用；取陈皮、白术粉碎成细粉，过筛，与牛髓共研，研细，备用；其余牛西西等二十二味，加水煎煮三次，第一次为 3 小时，第二、三次各为 2 小时，合并煎液，滤过，滤液减压浓缩成浸膏状，加入上述人参、陈皮等粉末，混匀，干燥，粉碎，过筛，加辅料适量，分装，制成 1000 粒，即得
安宫降压丸,丸剂,清热镇惊，平肝降压。用于胸中郁热，肝阳上亢引起的头目眩晕，项强脑胀，心悸多梦，烦躁起急，高血压症,郁金100g、黄连100g、栀子100g、黄芩80g、天麻20g、珍珠母50g、黄芪80g、白芍80g、党参150g、麦冬80g、五味子（炙）40g、川芎80g、牛黄100g、水牛角浓缩粉100g、冰片25g,以上十五味，除牛黄、水牛角浓缩粉、冰片外，其余郁金等十二味粉碎成细粉；将牛黄、水牛角浓缩粉、冰片研细，与上述粉末配研，过筛，混匀。每 100g 粉末加炼蜜 100~110g 制成大蜜丸，即得
决明降脂片,片剂,降血脂，降血清胆固醇。用于冠心病或慢性肝炎所引起的高脂血症、血清胆固醇增高症,决明子437.5g、茵陈437.5g、何首乌262.5g、桑寄生262.5g、维生素C 8.4g、维生素B2 0.84g、烟酸2.8g,以上七味，何首乌 200g 粉碎成细粉，过筛；决明子、茵陈、桑寄生与剩余的何首乌加水煎煮三次，每次 2 小时，合并煎液，滤过，滤液浓缩至稠膏状，加入上述何首乌细粉与其余维生素 C 等三味，混匀，制成颗粒，干燥，压制成 1000 片，包糖衣，即得
防己关节丸,丸剂,祛湿散寒，健脾利水。用于风寒湿痹，关节疼痛,防己150g、白术100g、茯苓150g、甘草50g、肉桂50g、党参50g、制川乌50g,以上七味，粉碎成细粉，过筛，混匀。另取生姜 50g，分次加水煎煮，滤过。取滤液加白酒适量泛丸，低温干燥，即得
妇乐冲剂,颗粒剂,清热凉血，消肿止痛。用于盆腔炎、附件炎、子宫内膜炎等引起的带下、腹痛,忍冬藤500g、大血藤500g、甘草50g、大青叶150g、蒲公英150g、牡丹皮150g、赤芍150g、川楝子150g、延胡索（制）150g、大黄（制）100g,以上十味，取大黄粉碎成粗粉，照流浸膏剂与浸膏剂项下的渗漉法（附录 17 页），用 60% 乙醇作溶剂，浸渍 24 小时后进行渗漉，收集渗漉液，滤过，减压浓缩至相对密度为 1.20~1.22 (45~50℃) 的清膏，残渣备用；其余忍冬藤等九味，加水煎煮二次，第一次 2 小时，第二次加入大黄渗漉残渣后，煎煮 1 小时，合并煎液，滤过，滤液浓缩至相对密度为 1.06~1.08 (85~90℃) 的清膏，与上述清膏合并，混匀，喷雾干燥成粉，加辅料适量，制成颗粒，干燥，整粒，即得
芙蓉散,散剂,解毒，消肿，止痛。用于疮肿，疔疖，热毒,芙蓉叶100g、相思子（炒）50g、川乌10g、大黄50g、草乌10g、白及50g,以上六味，粉碎成细粉，过筛，混匀，即得
杞菊地黄丸 (浓缩丸),丸剂,滋肾养肝。用于肝肾阴亏，眩晕耳鸣，羞明畏光，迎风流泪，视物昏花,枸杞子40g、菊花40g、熟地黄160g、山茱萸（制）80g、牡丹皮60g、山药80g、茯苓60g、泽泻60g,以上八味，泽泻、茯苓粉碎成粗粉，加水煎煮二次，第一次 3 小时，第二次 2 小时，合并煎液，滤过，滤液浓缩成相对密度为 1.30~1.35 (20℃) 的清膏；熟地黄切片，加水煎煮三次，第一次 3 小时，第二次 2 小时，第三次 1 小时，合并煎液，滤过，滤液浓缩成相对密度为 1.30~1.35 (20℃) 的清膏；取枸杞子以 45% 乙醇作溶剂，山茱萸 53.3g、牡丹皮 33.5g 及菊花以 70% 乙醇作溶剂，照流浸膏剂与浸膏剂项下的渗漉法（附录 17 页），浸渍 24 小时后，分别进行渗漉，收集漉液，合并两种漉液，回收乙醇，浓缩成相对密度为 1.30~1.35 (20℃) 的清膏；将山药、剩余的牡丹皮和山茱萸粉碎成细粉，与上述各清膏混匀，制成浓缩丸，干燥，打光，即得
杏苏止咳糖浆 (杏苏止咳露),糖浆剂,宣肺气，散风寒，镇咳祛痰。用于感冒风寒，咳嗽气逆,苦杏仁63g、桔梗47g、紫苏叶63g、甘草16g、前胡63g、陈皮47g,以上六味，苦杏仁加温水浸泡 24 小时，加热蒸馏，馏液导入盛有 90% 乙醇的容器中，馏液量到达 50ml 时，停止蒸馏，馏液测定氢氰酸含量（中国药典 1963 年版二部 519 页杏仁水项下含量测定的方法），并稀释至每 100ml 中含 0.1g 的氢氰酸，备用；紫苏叶、前胡、陈皮加热蒸馏，收集蒸馏液 100ml，另器保存；桔梗、甘草与上述四种药渣，加水煎煮二次，每次 2 小时，合并煎液，滤过，滤液静置。取上清液浓缩至适量，加入蔗糖 600g 及防腐剂适量，煮沸使溶解，滤过，放冷，加入上述杏仁水 50ml 和紫苏叶等蒸馏液，加水至 1000ml，搅匀，即得
抗菌痢灵片,片剂,清热、利湿、解毒。用于急、慢性细菌性痢疾,丁香蓼3100g,取丁香蓼 3100g，加水煎煮二次，每次 3 小时，合并煎液，滤过，滤液浓缩至膏，干燥，粉碎，过筛，制粒，约压制成 1000 片，包糖衣，即得
利心丸,丸剂,补心安神。用于风湿性心脏病，心动过速，心律不齐，心力衰竭等,貂心44g、茯苓250g、地黄200g、天冬70g、防己50g、牡丹皮50g、琥珀1.5g、朱砂1g,以上八味，朱砂水飞或粉碎成极细粉；其余茯苓等七味粉碎成细粉，与朱砂粉末配研，过筛，混匀。每 100g 粉末加炼蜜 110~115g 制成大蜜丸，即得
利肺片,片剂,驱痨补肺，镇咳化痰。用于肺痨咳嗽，咯痰，咯血，气虚哮喘，慢性气管炎等,百部219g、百合84g、五味子135g、枇杷叶105g、白及282g、牡蛎115g、甘草62.5g、冬虫夏草10g、蛤粉0.2g,以上九味，除蛤蚧粉外，取百合、冬虫夏草粉碎成细粉，与蛤蚧粉混匀；甘草、枇杷叶、牡蛎加水煎煮二次，每次 3 小时，合并煎液，滤过，滤液浓缩成稠膏；其余百部等三味照流浸膏剂与浸膏剂项下的渗漉法（附录 17 页），用 70% 乙醇作溶剂，浸渍 24 小时后进行渗漉，收集漉液，回收乙醇，浓缩成稠膏，与上述浓缩膏合并，加入蛤蚧等细粉，混匀，制成颗粒，干燥，压制成 1000 片，包糖衣，即得
利咽灵片,片剂,活血通络，益阴散结，利咽止痛。主治咽喉干痛，异物感，发痒灼热等症。用于慢性咽喉炎，尤以干燥型疗效最佳,穿山甲（制）300g、土鳖虫300g、僵蚕1200g、牡蛎（煅）600g、玄参600g,以上五味，粉碎成细粉，混匀，制成颗粒，干燥，喷入 0.5%(g/g) 薄荷油，混匀，置密闭容器中 1~2 小时，加辅料适量，压制成 1000 片，包糖衣，即得
肝肾康糖浆,糖浆剂,滋补肝肾，调气益血，收敛精气。用于贫血，黄瘦，须发早白等,制何首乌312.5g、熟地黄45g、女贞子136g、五味子45g、山药（炒）90.5g、甘草（蜜炙）22.5g、黄精（酒制）90.5g、当归45g,以上八味，取熟地黄、女贞子、五味子、甘草、黄精加水煎煮二次，每次 2 小时，合并煎液，滤过，滤液浓缩至适量，加 1.5 倍量的乙醇，搅匀，静置使沉淀，取上清液，回收乙醇备用；其余何首乌等三味，粉碎成粗粉，照流浸膏剂与浸膏剂项下的渗漉法（附录 17 页），用 65% 乙醇作溶剂，浸渍 24 小时后，缓缓渗漉，有效成分完全溶出，收集滤液，回收乙醇，浓缩至适量，静置，取上清液与上述药液合并，静置，滤过，滤液浓缩至适量，加入蔗糖 650g 和防腐剂适量，煮沸使溶解，滤过，加水至 1000ml，搅匀，即得
肝肾膏,膏剂,滋补肝肾。用于肝肾阴虚之精神不振，头昏目眩，五心潮热，咽干少津，腰膝酸软,女贞子105g、熟地黄105g、墨旱莲105g、桑叶105g、玉竹105g,以上五味，墨旱莲加水煮沸后，于 80℃温浸二次，每次 2 小时，合并温浸液，滤过，滤液静置 8 小时，其余女贞子等四味，加水煎煮二次，每次 2 小时，合并煎液，滤过，滤液静置 24 小时，合并上述两种澄清液，浓缩至适量，取蔗糖 785g 制成转化糖，加入上述药液中，混匀，滤过，滤液浓缩至规定的相对密度，即得
龟蛇酒,酒剂,滋阴补肾，益气活血，舒筋通络，祛风除湿。用于老年体弱，头昏眼花，腰酸膝软，阳痿尿频，四肢麻木，关节酸痛,活乌龟150g、眼镜蛇（去头、内脏）50g、银环蛇(去头、内脏)50g、乌梢蛇(去头、内脏)50g、党参25g、杜仲20g、大枣20g、枸杞子20g、当归15g、锁阳15g、黄芪15g、肉桂15g、湘牛膝10g、川芎10g、桑寄生10g,以上十五味，活乌龟及三种蛇分别置容器内，各加白酒 750g，密封，浸泡半年以上，每月搅拌一次；其余党参等十一味酌予碎断，加白酒 1000g，浸泡 30~40 天，三种浸泡液分别滤过，合并滤液。另取蔗糖、蜂蜜各 250g，冰糖、红糖各 200g，制成糖浆，滤过，加入上述滤液中，搅匀，静置，滤过，加白酒适量，制成 5000g，即得
龟甲养阴片,片剂,养阴软坚，滋补肝肾。用于动脉硬化，阴虚腰痛，胁痛，头晕耳鸣，五心烦热，冠心病等症,龟甲(制)4g、覆盆子21g、鳖甲(制)4g、车前子(盐炒)21g、石决明(煅)11g、菟丝子(制)21g、山楂8g、桑椹42g、地黄11g、山药(炒)21g、牡丹皮11g、泽泻(盐炒)21g、龙骨(煅)17g、牡蛎(煅)17g、丹参17g、紫贝齿17g、熟地黄27g、制何首乌23g、珍珠母(煅)17g、牛膝27g、枸杞子42g、狗脊(制)21g、五味子17g、当归19g、女贞子(酒制)21g、茯苓21g,以上二十六味，龟甲、鳖甲、石决明、山楂、地黄、牡丹皮六味和其余覆盆子等二十味的半量，粉碎成细粉，过筛。剩余二十味的半量，加水煎煮三次，第一次 3 小时，第二次 2 小时，第三次 1 小时，合并煎液，滤过，滤液浓缩成膏，加入上述细粉，混匀，干燥，粉碎，过筛，制粒，压制成 1000 片，包糖衣，即得
陈香露白露片,片剂,健胃和中，理气止痛。用于胃溃疡，糜烂性胃炎，胃酸过多，急性、慢性胃炎，肠胃神经官能症和十二指肠炎等,甘草100g、次硝酸铋110g、陈皮100g、碳酸镁33.7g、川木香38.2g、氧化镁33.7g、大黄8.3g、碳酸氢钠67g、石菖蒲9.2g,以上九味，甘草、陈皮、川木香、大黄、石菖蒲粉碎成细粉，过筛，与次硝酸铋等四味药混匀，制粒，约制成 1000 片 (片重 0.5g) 或 1660 片 (片重 0.3g)，即得
灵芝片,片剂,宁心安神，健脾和胃。用于失眠健忘，身体虚弱，神经衰弱，慢性支气管炎，亦可用于冠心病的辅助治疗,灵芝1000g,取灵芝 1000g，加水煎煮二次，每次 3 小时，合并煎液，滤过，滤液浓缩成稠膏状，加辅料适量，制成颗粒，压制成 1000 片，包糖衣，即得
苦胆草片,片剂,清热燥湿，泻火。用于目赤口燥，咽喉肿痛,坚龙胆400g（200g制粉，200g制浸膏）,取坚龙胆 200g，粉碎成细粉，另取坚龙胆 200g，加水煎煮三次，第一次 3 小时，第二次 2 小时，第三次 2 小时，合并煎液，滤过，滤液浓缩成稠膏状，与上述细粉混匀，制成颗粒，压制成 1000 片，包糖衣，即得
鸢都寒痹药酒料,酒剂,祛风散寒，舒筋活络。用于风寒湿痹，腰腿肩背疼痛，手足麻木等症,生草乌112g、当归112g、老鹳草112g、生川乌112g、川芎56g、红花20g、桂枝20g、牛膝40g、木瓜40g、威灵仙40g、香加皮80g、茜草80g、千年健30g、杜仲24g、地枫皮30g,以上十五味，将生川乌、生草乌粉碎成最粗粉，其余当归等十三味粉碎成最粗粉，取川乌、草乌粗粉 7.5g 与当归等十三味粗粉 22.5g 共装入袋内，密封，即得
明目上清片,片剂,清热散风，明目止痛。用于暴发火眼，红肿作痛，头晕目眩，眼边刺痒，大便燥结，小便赤黄,桔梗72g、熟大黄72g、天花粉45g、石膏45g、麦冬45g、玄参72g、栀子45g、蒺藜45g、蝉蜕45g、甘草45g、陈皮72g、菊花72g、车前子45g、当归45g、黄芩72g、赤芍45g、黄连72g、枳壳72g、薄荷脑0.225g、连翘45g、荆芥油0.1125ml,以上二十一味，桔梗、熟大黄、天花粉、石膏分别粉碎成细粉，过筛；陈皮提取挥发油，将陈皮油与荆芥油、薄荷脑混匀后用乙醇适量溶解备用；提取挥发油后的陈皮再加水煎煮 1 小时，滤过；玄参、麦冬、连翘、蒺藜、栀子、甘草、菊花、蝉蜕加水煎煮二次，第一次 2 小时，第二次 1 小时，合并煎液，滤过，滤液浓缩成膏；当归照流浸膏剂与浸膏剂项下的渗漉法（附录 17 页）渗漉二次，第一次用乙醇作溶剂，第二次用 60% 乙醇作溶剂；车前子、赤芍、黄芩、枳壳、黄连用 60% 乙醇作溶剂，进行渗漉，合并以上渗漉液，回收乙醇，浓缩成膏。将上述浓缩膏合并，加入桔梗等粉末及辅料适量，混匀，制成颗粒，干燥，兑入荆芥油、薄荷脑、陈皮油乙醇溶液，混匀，压制成 1030 片，即得
和合丸,丸剂,除湿祛风，温经散寒，定痛止麻。用于寒湿痹痛，腰膝疼痛，拘挛痿软，行步艰难，手足麻木,木耳600g、苍术（麸炒）100g、生川乌20g、生草乌20g、没药25g、乳香25g、杜仲（炭）20g、牛膝20g,以上八味，生川乌、生草乌粉碎成细粉，其余木耳等六味共粉碎成细粉，与上述粉末配研，过筛，混匀。用水泛丸，低温干燥，包糖衣，打光，即得
金毛狗脊丸,丸剂,通经活络，强筋壮骨。用于风湿，手足麻木等症,狗脊90g、杜仲90g、川牛膝90g、木瓜75g、桑枝75g、续断60g、秦艽45g、桂枝45g、油松节45g、海风藤45g,以上十味，粉碎成细粉，过筛，混匀。每 100g 粉末加炼蜜 160~170g 制成大蜜丸，即得
金钱草片,片剂,清利湿热，通淋，消肿。用于热淋，沙淋，尿涩作痛，黄疸尿赤，痈肿疔疮，毒蛇咬伤，肝胆结石，尿路结石,金钱草2000g,取金钱草 2000g，加水煎煮三次，每次 1 小时，合并煎液，滤过，滤液浓缩至相对密度为 1.40~1.50 (60~65℃)，加辅料适量，制粒，干燥，压制成 1000 片，即得
金酸萍冲剂,颗粒剂,清热解毒，利湿退黄，有恢复肝功能、降低转氨酶的作用。用于急性黄疸型肝炎，慢性肝炎，重症肝炎,阴行草300g、酸模300g、萍400g,以上三味，加水煎煮二次，第一次 2 小时，第二次 1 小时，合并煎液，滤过，滤液浓缩至相对密度 1.38~1.40 (80~85℃) 的清膏，取清膏 1 份，加蔗糖粉 5 份、糊精 1.25 份及乙醇适量，制成颗粒，干燥，即得
金酸萍糖浆,糖浆剂,清热解毒，利湿退黄，有恢复肝功能、降低转氨酶的作用。用于急性黄疸型肝炎，慢性肝炎，重症肝炎,阴行草300g、酸模300g、萍400g,以上三味，加水煎煮二次，第一次 2 小时，第二次 1 小时，合并煎液，滤过，滤液浓缩至适量。另取蔗糖 650g，加水煮沸使溶解，滤过，浓缩制成糖浆，与上述浓缩液混匀，煮沸，加入防腐剂适量使溶解，加水至 1000ml，搅匀，即得
金樱子冲剂,颗粒剂,固肾缩尿。用于梦遗滑精，小便失禁,金樱子1000g,取金樱子 1000g，加水煎煮三次，第一次 5 小时，第二次 3 小时，第三次 2 小时，合并煎液，滤过，滤液浓缩至稠膏状，加蔗糖粉 1800g，混匀，压块，干燥，即得
鱼鳔补肾丸,丸剂,壮阳益精。用于肾阳虚弱，肾精亏损所致的头昏、眼花、耳鸣，腰痛膝软，阳痿，早泄，梦遗滑精，不育，宫冷不孕，面色发黑等症,鱼鳔胶（蛤粉炒）120g、枸杞子120g、莲须120g、肉苁蓉120g、巴戟天（盐炙）120g、杜仲（盐炙）120g、当归120g、菟丝子（盐炙）120g、补骨脂（盐炙）90g、茯苓90g、淫羊藿（羊油炙）120g、肉桂60g、沙苑子（盐炙）90g、牛膝（炒）90g、附片（砂炒）60g,以上十五味，粉碎成细粉，过筛，混匀。每 100g 粉末加炼蜜 110~130g 制成大蜜丸，即得
肥儿宝冲剂 (小儿疳积冲剂),颗粒剂,利湿消积，驱虫助食，健脾益气。用于小儿疳积，暑热腹泻，呆纳自汗，烦躁失眠,稻芽(炒)150g、广山楂150g、甘草100g、鸡内金100g、夜明砂100g、叶下珠150g、山药(炒)150g、茯苓150g、海螵蛸200g、党参100g、莲子200g、使君子150g,以上十味，加水煎煮二次，第一次 3 小时，第二次 2 小时，合并煎液，滤过，滤液浓缩至相对密度为 1.10 (95℃) 的清膏，加入糖粉适量，混匀，制成颗粒或压块，干燥，即得
乳块消片,片剂,疏肝理气，活血化瘀，消散乳块。用于乳腺增生，乳腺胀痛,橘叶825g、丹参825g、皂角刺550g、王不留行550g、川楝子550g、地龙550g,以上六味，除地龙外，其余橘叶等五味加水煎煮二次，每次 1 小时，合并煎液，滤过，滤液浓缩至 1100ml，加入地龙，混合，用 70% 乙醇回流提取二次，第一次 2 小时，第二次 1 小时，滤过，合并滤液，回收乙醇，浓缩至稠膏状，减压干燥成干浸膏，粉碎，加适量辅料，混匀，用 85% 乙醇适量制成颗粒，压制成 1000 片，包糖衣，即得
炎热清胶囊,胶囊剂,解表清里，清热解毒。用于呼吸道炎、支气管炎、肺炎、急性扁桃体炎。也可用于泌尿系感染、胆道感染,炎热清浸膏161g（含玄参、龙胆、生石膏、柴胡、栀子、知母、黄芩）、黄芩137g、薄荷脑2g,以上三味，黄芩粉碎成细粉，加入炎热清浸膏，混匀，烘干，加入薄荷脑，混匀，粉碎成细粉，装入胶囊，制成 1000 粒，即得
治咳片,片剂,祛痰止咳。用于咳嗽痰多，伤风感冒,桔梗53g、紫苏子26g、连翘46g、芦根53g、菊花13g、陈皮9g、桑白皮53g、远志53g、白前26g、款冬花46g、甘草11g,以上十一味，连翘、陈皮提取挥发油后，再与紫苏子、芦根、桑白皮共同加水煎煮二次，每次 2 小时，滤过，合并滤液，浓缩成稠膏；其余桔梗等六味粉碎成细粉，混匀，加入至上述稠膏中，制成颗粒，干燥，喷加连翘油、陈皮油，混匀，压制成 1000 片，即得
降舒灵片,片剂,清热利水，平肝潜阳。用于头晕、心烦、高血压,黄瓜藤1000g,取黄瓜藤 1000g，加水煎煮二次，第一次 2 小时，第二次 1.5 小时，合并煎液，滤过，滤液浓缩至稠膏状，加辅料适量，制成颗粒，压制成 1000 片，包糖衣，即得
降糖甲片,片剂,补中益气，养阴生津。用于气阴两虚型消渴症（非胰岛素依赖型糖尿病）,黄芪428.4g、黄精（酒炙）428.4g、地黄428.4g、太子参428.4g、天花粉428.4g,以上五味，太子参 86g 粉碎成细粉，剩余的太子参与黄芪等四味加水煎煮三次，第一次 2 小时，第二次 1 小时，第三次 1 小时，合并煎液，滤过，滤液浓缩至约 700ml，加乙醇使含醇量为 75%，搅匀，静置 48 小时，滤过，滤液浓缩至相对密度 1.25~1.30 (50℃热测) 的稠膏，加入太子参细粉，混匀，干燥，粉碎成细粉，用 90% 乙醇制粒，压制成 1000 片，包肠溶丙烯酸 I 号树脂薄膜衣，即得
降糖舒胶囊,胶囊剂,滋阴补肾，生津止渴。用于糖尿病及糖尿病引起的全身综合症,人参10g、枸杞子50g、黄芪50g、刺五加50g、黄精30g、益智仁15g、牡蛎50g、地黄30g、熟地黄30g、葛根50g、丹参20g、荔枝核80g、知母30g、生石膏50g、芡实20g、山药30g、玄参50g、五味子20g、麦冬20g、乌药20g、天花粉30g、枳壳10g,以上二十二味，人参、益智仁、荔枝核 40g，粉碎成细粉，其余黄芪等十九味和剩余的荔枝核，加水煎煮三次，第一次 3 小时，第二次 2 小时，第三次 1 小时，合并煎液，滤过，滤液浓缩成稠膏。与上述细粉混匀，制成颗粒，干燥，粉碎成细粉，装入胶囊，制成 500 粒，即得
参芪五味子糖浆,糖浆剂,益气安神。用于疲劳过度，神经衰弱，健忘，失眠等症,五味子酊300ml（含五味子60g）、党参流浸膏30ml（含党参30g）、黄芪流浸膏60ml（含黄芪60g）、酸枣仁流浸膏15ml（含酸枣仁15g）,以上四味，五味子酊系取五味子 60g，粉碎成粗粉，照流浸膏剂与浸膏剂项下的渗漉法（附录 17 页），用 50% 乙醇作溶剂，浸渍 24 小时后进行渗漉，收集漉液 300ml；其余党参等三味流浸膏系取党参 30g、黄芪 60g、酸枣仁 15g 分别粉碎成粗粉，用 50% 乙醇作溶剂，同法制成流浸膏 30ml、60ml、15ml；另取蔗糖 250g，制成单糖浆；再取蔗糖 15g，制成焦糖液，将焦糖液加入单糖浆中搅匀，与上述五味子酊及各流浸膏混合，加入糖精钠 0.3g，乙醇适量，加水至 1000ml，搅匀，即得
参苓健体粉,散剂,补气健脾，和胃渗湿。用于消化不良、食欲不振、面黄肌瘦，精神疲乏，慢性腹泻,茯苓4g、白术（漂）3g、莲子（去心）4g、薏苡仁（炒）3g、山药（炒）4g、广藿香1g、白扁豆（炒）4g、甘草1g、明党参3g、砂仁0.5g,以上十味，砂仁粉碎成细粉；茯苓、明党参、白术、广藿香、甘草加水煎煮二次，第一次 1.5 小时，第二次 1 小时，滤过，滤液合并，浓缩成相对密度 1.10~1.15 (90℃热测) 的清膏。另取莲子等四味粉碎成细粉，加入上述清膏，拌匀。烘干，粉碎成细粉，过筛，再加入砂仁细粉及蔗糖粉 24g、淀粉 6g，拌匀，约制成 45g，即得
参茸安神片,片剂,补气养血，益精补肾，宁心安神。用于精血不足，神志不安，健忘症，心跳失眠,玉竹325g、山药125g、白术（炒）100g、丹参175g、芡实175g、琥珀32.5g、人参175g、远志125g、酸枣仁（炒）125g、菟丝子（炒）250g、玄参100g、柏子仁100g、五味子250g、肉苁蓉（制）175g、地黄200g、鹿茸32.5g、石菖蒲100g、桔梗175g,以上十八味，取玉竹、地黄、芡实、肉苁蓉、丹参、酸枣仁、玄参、桔梗八味，加水煎煮二次，每次 2 小时，合并煎液，滤过，滤液浓缩成稠膏；远志、五味子、白术、石菖蒲、柏子仁、菟丝子分别粉碎成细粉，照流浸膏剂与浸膏剂项下的渗漉法（附录 17 页），菟丝子、柏子仁以 40% 乙醇作溶剂，远志、五味子、白术、石菖蒲以 60% 乙醇作溶剂，浸渍 24 小时后分别进行渗漉，收集并合并渗漉液，减压浓缩成稠膏；另取人参、鹿茸、琥珀、山药分别粉碎成细粉，与上述二稠膏混匀，干燥，粉碎成细粉，制成颗粒，干燥，压制成 2500 片，包糖衣，即得
珍黄丸,丸剂,清热解毒，消肿止痛。用于咽喉肿痛，疮疡热疖,珍珠40g、牛黄160g、三七320g、黄芩提取物200g、冰片10g、猪胆汁200g、薄荷油20g,以上七味，除薄荷油外，三七粉碎成细粉，与猪胆汁混匀，干燥，研成细粉；珍珠研磨或水飞成极细粉，牛黄、冰片研细，将黄芩提取物与上述各粉末混匀；喷加薄荷油，过筛，混匀，装入胶囊，即得
药墨 (八宝药墨),丹剂,清热解毒，凉血止血。用于咯血、衄血、吐血、便血，外敷疮疖,香墨粉312g、熊胆1.5g、冰片2.78g、麝香1.2g,以上四味，除香墨粉外，冰片、麝香分别研成细粉，与香墨粉配研，混匀。另取冰糖 12g 与熊胆加水煎煮，滤过，滤液中加入上述香墨粉等细粉，搅匀，制成长方形块，低温干燥，即得
胃安胶囊,胶囊剂,养阴益胃，补脾消炎，行气止痛。用于萎缩性胃炎，出现胃脘嘈杂、上腹隐痛、咽干口燥、舌红少津、脉细数等胃阴虚证候者,石斛60g、黄柏60g、南沙参120g、山楂120g、枳壳（炒）120g、黄精120g、甘草60g、白芍60g,以上八味，取石斛、白芍、黄柏共研成细粉，其余南沙参等五味加水煎煮二次，第一次 3 小时，第二次 2 小时，合并煎液，滤过，滤液浓缩至适量，与上述粉末混匀，干燥，粉碎成细粉，装胶囊，制成 720 粒，即得
胃益胶囊,胶囊剂,疏肝理气，和胃止痛，健脾消食。用于肝胃气滞，脘胁胀痛，食欲不振，嗳气呃逆，及萎缩性胃炎见上述表现者,佛手60g、砂仁30g、黄柏60g、川楝子120g、延胡索120g、山楂120g,以上六味，取佛手、砂仁、黄柏共粉碎成细粉，其余川楝子等三味加水煎煮二次，第一次 3 小时，第二次 2 小时，合并煎液，滤过，滤液浓缩至适量，加入上述粉末混匀，干燥，粉碎成细粉，装胶囊，制成 580 粒，即得
胃舒宁冲剂,颗粒剂,镇痛，健胃，制酸。用于胃脘疼痛，胃酸过多，胃及十二指肠溃疡，慢性胃炎,甘草500g、海螵蛸500g、白芍390g、白术260g、延胡索260g、党参100g,以上六味，加水煎煮二次，每次 2 小时，合并煎液，滤过，静置，取上清液浓缩成清膏，取清膏加糊精适量，拌匀，干燥，粉碎成细粉，制成颗粒，干燥，制成 840g，即得
胃痛定,片剂,舒气，化郁，逐寒止痛。用于胃寒痛，胃气痛，食积疼,肉桂18g、红花42g、沉香60g、五灵脂18g、豆蔻18g、雄黄18g、人参12g、白胡椒18g、枳壳12g、巴豆霜1.8g、高良姜18g、丁香18g、木香18g,以上十三味，除巴豆霜外，其余肉桂等十二味粉碎成细粉，另加糊精 54g，过筛，混匀，再与巴豆霜配研，制成颗粒，干燥，压制成 980 片，即得
咳宁冲剂,颗粒剂,镇咳祛痰，平喘，扶正固本。用于反复咳嗽，咯痰历年不愈，遇寒即发，咳喘胸满，慢性支气管炎，受凉引起感冒咳嗽,松塔930g、棉花根560g、枇杷叶280g,以上三味，加水煎煮二次，每次 2 小时，合并煎液，滤过，滤液浓缩至约 600ml，放冷，加乙醇使含醇量为 50%，搅匀，静置 24 小时，滤过，滤液浓缩成稠膏状，加蔗糖粉适量，制成颗粒或压块，干燥，即得
咳宁糖浆,糖浆剂,镇咳祛痰，平喘，扶正固本。用于反复咳嗽，咯痰历年不愈，遇寒即发，咳喘胸满，慢性支气管炎，受凉引起感冒咳嗽,松塔930g、棉花根560g、枇杷叶280g,以上三味，加水煎煮二次，每次 2 小时，合并煎液，滤过，滤液浓缩至 600ml，放冷，加乙醇使含醇量为 50%，搅匀，静置 24 小时，滤过，滤液浓缩至适量，加蔗糖 400g 与防腐剂适量，煮沸使溶解，滤过，滤液加水至 1000ml，搅匀，即得
垂阴茶糖浆,糖浆剂,清热解毒，除湿退黄。用于急性黄疸型肝炎、中毒性肝炎等,阴行草500g、垂盆草500g、矮地茶250g,以上三味，加水煎煮二次，第一次 3 小时，第二次 2 小时，合并煎液，静置，滤过，滤液浓缩至适量，加入蔗糖 800g 和防腐剂适量，煮沸使溶解，滤过，加水至 1000ml，混匀，即得
香连丸 (浓缩丸),丸剂,清化湿热，行气止痛。用于痢疾，里急后重，腹痛泄泻,黄连（吴茱萸制）800g、木香200g,以上二味，将黄连粉碎成粗粉，照流浸膏剂与浸膏剂项下的渗漉法（附录 17 页），以 45% 乙醇为溶剂，浸渍 24 小时后进行渗漉，至渗漉液无色，收集漉液，回收乙醇，浓缩成相对密度为 1.30~1.35 (20℃) 的清膏；将木香粉碎成细粉，与上述清膏混匀，制成浓缩丸，干燥，打光，即得
香果健消片,片剂,健胃消食。用于消化不良，气胀饱闷，食积腹痛，胸满腹胀,蜘蛛香（炒焦）250g、草果（去壳、炒焦）100g、木香（炒）70g、糯米80g,以上四味，糯米粉碎成细粉，其余草果等三味混匀，取出 80g，粉碎成细粉，剩余部分粉碎成粗粉，用 70% 乙醇加热回流提取二次，每次 2 小时，合并提取液，滤过，滤液浓缩至 100ml，加入上述细粉，制成颗粒，干燥，压制成 1000 片，包糖衣，即得
香砂六君合剂,口服液,益气健脾，和胃。用于脾虚气滞，消化不良，嗳气食少，脘腹胀满，大便溏泻,木香70g、砂仁80g、党参100g、白术（炒）200g、茯苓200g、甘草（蜜炙）70g、陈皮80g、半夏（姜制）100g、生姜10g、大枣20g,以上十味，半夏照流浸膏剂与浸膏剂项下的渗漉法（附录 17 页），用 70% 乙醇作溶剂，进行渗漉，收集滤液，回收乙醇；白术、陈皮、木香和砂仁蒸馏挥发油；药渣与其余五味加水煎煮三次，合并煎液，滤过，滤液浓缩至适量，与漉液合并，静置，滤过，再浓缩至约 1000ml。加入防腐剂适量，放冷，加入挥发油与水，调整总量至 1000ml，搅匀，即得
复方大黄酊,酊剂,健胃药,大黄（粗粉）100g、草豆蔻（粗粉）20g、陈皮（粗粉）20g,以上三味，照流浸膏剂与浸膏剂项下的渗漉法（附录 17 页），用 60% 乙醇作溶剂，浸渍 24 小时后进行渗漉，收集漉液 1000ml，静置，澄清，滤过，即得
复方羊角片,片剂,平肝，镇痛。用于偏头痛，血管性头痛，紧张性头痛及神经性头痛,羊角1050g、川芎350g、白芷350g、制川乌250g,以上四味，羊角镑片，加水煎煮二次，每次 3 小时，分次滤过，合并滤液，浓缩成膏；其余川芎等三味粉碎成粗粉，照流浸膏剂与浸膏剂（附录 17 页）项下的渗漉法，以 30% 乙醇为溶剂，进行渗漉，至漉液无色或无生物碱反应为止，收集漉液，回收乙醇，浓缩成膏，与羊角膏及辅料适量混匀，制粒，干燥，压制成 1000 片，包糖衣，即得
复方胃宁片,片剂,理气止痛，制酸。用于肝胃不和，胃脘疼痛，吞酸嗳气,猴头菌粉140g、延胡索40g、海螵蛸120g,以上三味，分别粉碎成细粉，过筛，混匀，加辅料适量，制成颗粒，压制成 1000 片，包糖衣，即得
复方蛤青片,片剂,补气敛肺，止咳平喘，温化痰饮。用于肺虚咳嗽，气喘痰多，老年慢性气管炎，肺气肿。喘息性支气管炎更宜。对反复感者有预防作用,干蟾180g、黄芪225g、白果90g、紫菀112.5g、苦杏仁112.5g、前胡67.5g、附子22.5g、五味子67.5g、黑胡椒22.5g,以上九味，取黄芪半量，粉碎成细粉，剩余黄芪与干蟾等八味加水煎煮三次，第一次 2 小时，第二次 1.5 小时，第三次 1 小时，合并煎液，滤过，滤液浓缩成膏，加入黄芪粉末，制成颗粒，干燥，压制成 1000 片，包糖衣，即得
复心片,片剂,具有减少左心室作功，降低心肌耗氧量，维持氧代谢平衡，促进微动脉血流及恢复血管径的作用。用于胸闷心痛，心悸气短，冠心病，心绞痛，心律失常,山楂叶（干膏250g/1000片）,取山楂叶加水煎煮二次，每次 1.5 小时，合并煎液，滤过，滤液减压浓缩至适量，加乙醇使含醇量达 50%，搅匀，静置过夜，滤过，滤液减压浓缩成稠膏状，干燥成干膏。取干膏 250g，加辅料适量，制成颗粒，压制成 1000 片，包糖衣，即得
保和冲剂,颗粒剂,消食，导滞，和胃。 用于食积停滞，脘腹胀满，嗳腐吞酸，不欲饮食。,山楂（焦）300g、六神曲（炒）100g、半夏（制）100g、茯苓100g、陈皮50g、连翘50g、莱菔子（炒）50g、麦芽（炒）50g,以上八味，陈皮和连翘蒸馏挥发油，药渣与其余山楂等六味用蒸馏后的药液加水煎煮二次，滤过，合并滤液，滤液浓缩至约 2000ml，静置，取上清液继续浓缩成相对密度为 1.30 - 1.32（50 - 55℃）的清膏，取清膏 1 份，加蔗糖粉 3 份，糊精 1 份及乙醇适量，混匀，制成颗粒，干燥，加入陈皮等挥发油，混匀，即得
保济油,搽剂,驱风，止痛，提神。用于伤风感冒，中暑头晕，舟车晕浪，头痛腹痛，皮肤瘙痒,水杨酸甲酯370g、茴香油37g、桉叶油50g、樟脑150g、桂皮油3g、冰片10g、薄荷脑80g、薄荷油300g,以上八味，除樟脑、薄荷脑、冰片外，其余桉叶油等五味混合均匀，加入樟脑等三味，搅拌至完全溶解，并加入香精适量，混合均匀，制成 1000ml，即得
保童化痰丸,丸剂,清热化痰，止嗽定喘。用于小儿肺胃痰热，感受风寒引起的头痛身热，咳嗽痰盛，气促喘急，烦躁不安,黄芩15g、黄连9g、胆南星（酒炙）12g、天竺黄9g、前胡15g、浙贝母12g、桔梗15g、苦杏仁（炒）15g、陈皮15g、化橘红15g、法半夏15g、茯苓15g、甘草12g、紫苏叶15g、木香12g、枳壳（麸炒）15g、葛根15g、羌活12g、党参12g、朱砂12g、冰片2.4g,以上二十一味，朱砂水飞或粉碎成极细粉，冰片研细，其余黄芩等十九味粉碎成细粉，过筛，混匀，与上述粉末配研，过筛，混匀。每 100g 粉末加炼蜜 110 - 120g 制成大蜜丸，即得
保婴镇惊丸,丸剂,清热，镇惊，导滞。用于急热惊风或伴有实热痰盛，目赤口疮，大便燥结，小便赤黄,大黄300g、甘草200g、朱砂60g,以上三味，朱砂水飞或粉碎成极细粉，其余大黄等二味粉碎成细粉，与上述朱砂粉末配研，过筛，混匀。每 100g 粉末加炼蜜 110 - 130g 制成大蜜丸，即得
胎盘片,片剂,补气，养血，益精。用于虚损赢瘦，劳热骨蒸，咳嗽咯血，盗汗遗精，神经衰弱，,胎盘粉200g,取胎盘粉 200g，加入辅料适量，制成颗粒，压制成 1000 片，包糖衣，即得
独活寄生合剂,口服液,养血舒筋，祛风除湿。用于风寒湿痹，腰膝冷痛，屈伸不利,独活98g、桑寄生65g、秦艽65g、防风65g、细辛65g、当归65g、白芍65g、川芎65g、熟地黄65g、杜仲(盐炙)65g、川牛膝65g、党参65g、茯苓65g、甘草65g、桂枝65g,以上十五味，秦艽、白芍和杜仲照流浸膏剂与浸膏剂项下的渗漉法（附录 17 页），用 70% 乙醇作溶剂，进行渗漉，漉液回收乙醇；独活、细辛、桂枝、防风、川芎和当归蒸馏提取挥发油；药渣与其余六味加水煎煮二次，合并煎液，滤过，滤液浓缩至适量，与漉液合并，静置，滤过，再浓缩至约 760ml，放冷，加入乙醇 240ml 和上述挥发油，加水至 1000ml，搅匀，即得
桂龙药膏,膏剂,祛风除湿，舒筋活络，温肾补血。用于风湿骨痛，慢性腰腿痛，肾阳不足及气血亏虚引起的贫血，失眠多梦，气短，心悸，多汗，厌食，腹胀，尿频等症,肉桂叶300g、土茯苓30g、红药100g、过岗龙100g、红杜仲53g、玉郎伞10g、土生地10g、三爪龙60g、白芷2g、老鸦嘴13g、千斤拔20g、砂仁2g、黄精5g、牛大力80g、高山龙375g、川芎2g、大芦45g、土甘草10000g、青藤45g、五爪龙60g、万筋藤10g、首乌藤150g、当归藤165g、四方藤55g、温姜75g、狮子尾30g、九牛力30g、黑老虎根165g,以上二十八味，土甘草加水煎煮二次，第一次 3 小时，第二次 2 小时，合并煎液，滤过，滤液浓缩至适量，其余肉桂叶等二十七味，同法提取，滤液与上述浓缩液合并；另取蔗糖 600g，加水适量煮沸使溶解，滤过，滤液与上述浓缩液合并，加入防腐剂适量，搅匀，浓缩至稠膏状，放冷，以少量花生油作润滑剂，制成圆柱状或丸状的药膏，用食用薄膜包卷，即得
桂附地黄丸 (浓缩丸),丸剂,温补肾阳。用于肾阳不足，腰膝酸冷，肢体浮肿，小便不利或反多，痰饮喘咳，消渴,肉桂20g、附子(制)20g、熟地黄160g、山茱萸(制)80g、牡丹皮60g、山药80g、茯苓60g、泽泻60g,以上八味，泽泻、茯苓粉碎成粗粉，加水煎煮二次，第一次 3 小时，第二次 2 小时，合并煎液，滤过，滤液浓缩成相对密度为 1.30 - 1.35 (20℃) 的清膏；熟地黄切片，加水煎煮三次，第一次 3 小时，第二次 2 小时，第三次 1 小时，合并煎液，滤过，滤液浓缩成相对密度为 1.30 - 1.35 (20℃) 的清膏；山茱萸及牡丹皮 40g 照流浸膏剂与浸膏剂项下的渗漉法（附录 17 页），以 70% 乙醇为溶剂，浸渍 24 小时后，进行渗漉，收集漉液，回收乙醇，浓缩成相对密度为 1.30 - 1.35 (20℃) 的清膏，剩余的牡丹皮及其余山药等三味粉碎成细粉，与上述各清膏混匀，制成浓缩丸，干燥，打光，即得
盐蛇散,散剂,定惊解痉，清热除痰。用于小儿惊风，痰涎壅盛,盐蛇(炭)312g、蛇胆汁18g、地龙(炭)468g、珍珠12g、牛黄12g、麝香12g、冰片12g、陈皮(蒸)180g、琥珀180g、朱砂180g,以上十味，除牛黄、麝香、冰片外，珍珠、琥珀、朱砂分别水飞或粉碎成极细粉；陈皮粉碎成细粉，与蛇胆汁混匀，干燥，再与盐蛇、地龙共粉碎成细粉，将牛黄、麝香、冰片研细，与上述粉末配研，过筛，混匀，即得
速止水泻冲剂,颗粒剂,温中，健胃，消食，止泻。用于胃肠受寒，消化不良，水泻不止,粳米30g、茶叶10g、干姜5g、食盐2g,以上四味，将干姜和食盐同炒，炒至姜面褐黑色、断面老黄色时，加入茶叶炒至有茶香时，取出，放冷，加水煎煮二次，第一次 1 小时，第二次 0.5 小时，滤过，合并滤液，浓缩至相对密度为 1.14 (50 - 60℃) 的清膏。另将粳米炒至焦黄，粉碎，过筛，与上述清膏混匀，制成颗粒，干燥，即得
息伤乐酊,酊剂,活血化瘀，消肿止痛。用于急慢性扭挫，跌扑筋伤引起的皮肤青紫，瘀血不散，红肿疼痛，活动不利，亦可用于风湿痹痛,草乌(银花甘草炙)40g、防风40g、白芷40g、三七9g、肉桂20g、大黄20g、血竭20g、鸡血藤60g、艾叶40g、透骨草75g、地黄30g、辣椒75g、红花50g、冰片20g、薄荷脑15g、樟脑30g、紫草40g、雄黄40g,以上十八味，除血竭、冰片、薄荷脑、樟脑、三七、雄黄分别研成细粉外，其余草乌等十二味粉碎成粗粉，与上述三七、雄黄细粉混匀，照流浸膏剂与浸膏剂项下的渗漉法（附录 17 页），用 75％乙醇作溶剂，浸渍 48 小时后，缓缓渗漉，收集渗漉液 2800ml，再加血竭、冰片、薄荷脑、樟脑、二甲基亚砜 100ml，搅匀，用 75％乙醇调整至 3000ml，静置，取上清液，灌装，即得
健阳片,片剂,补肾益精，助阳兴萎。用于肾虚阳衰引起的阳痿、早泄等性功能低下症,蜈蚣粉112.5g、淫羊藿提取物粉112.3g、甘草提取物粉50.1g、蜂王浆14.0g,以上四味，除淫羊藿提取物粉、甘草提取物粉外，蜈蚣粉用 75% 乙醇充分拌湿、密闭 24 小时，取出自然干燥，备用。蜂王浆与 10% 明胶溶液 50ml，混匀，加入蜈蚣粉，拌匀，自然干燥，粉碎成细粉，与上述粉末配研，过筛，混匀，以 85% 乙醇制粒，压制成 1000 片，包糖衣，即得
健脾片,片剂,健脾开胃。用于脾胃虚弱，脘腹胀满，食少便溏,党参200g、白术（炒）300g、陈皮200g、枳实（炒）200g、山楂（炒）150g、麦芽（炒）200g,以上六味，党参和白术粉碎成细粉，取用 281g，余作粗头留用，陈皮蒸馏挥发油。药渣、粗头与其余陈皮等三味加水煎煮三次；滤过，合并滤液，浓缩成相对密度为 1.30-1.35 (80-85℃) 的清膏。取清膏 1 份，蔗糖粉 1.5 份，与细粉混匀，制成颗粒，干燥，加入挥发油，混匀，压制成片，即得
健脾益肾冲剂,颗粒剂,健脾益肾。用于减轻肿瘤病人术后放、化疗副反应，提高机体免疫功能以及脾肾虚弱所引起的疾病,党参150g、枸杞子150g、女贞子150g、白术90g、菟丝子50g、补骨脂（盐炙）30g,以上六味，加水煎煮三次，第一次 2 小时，第二、三次各 1 小时，滤过，合并滤液，静置，滤过。滤液浓缩至相对密度 1.26-1.30 (50℃) 的清膏。取清膏 1 份，蔗糖 6 份及乙醇适量，制成颗粒，干燥，即得
脑乐静 (糖浆),糖浆剂,养心、健脑、安神。用于精神忧郁，易惊失眠，烦躁及小儿夜不安寐,甘草浸膏36.4g、大枣125g、小麦416g,以上三味，取甘草浸膏，加水适量，加热溶化，滤过，滤液浓缩至适量。取大枣，加水煎煮二次，每次 2 小时，合并煎液，滤过，滤液浓缩至适量，冷后加等量的乙醇，搅匀，静置 24 小时。取小麦，加水煮沸 10 分钟后，于 70-80℃温浸二次，每次 2 小时，合并温浸液，滤过，滤液浓缩至适量，加等量的乙醇，搅匀，静置 24 小时，将上述大枣和小麦的上清液合并，滤过，回收乙醇，浓缩至适量，加入蔗糖 750g、甘草浸膏浓缩液及防腐剂适量，煮沸溶解，滤过，加水至 1000ml，混匀，即得
脑灵素胶囊,胶囊剂,补气血，健脑安神。用于神经衰弱，健忘失眠，头晕心悸，身倦无力，体虚自汗，阳痿遗精,黄精(制)60g、淫羊藿(羊油制)50g、苍耳子(炒)40g、五味子40g、枸杞子20g、大枣20g、远志(制)20g、熟地黄10g、麦冬10g、酸枣仁(炒)10g、茯苓10g、龟甲5g、鹿角胶2g、人参2g、鹿茸1g,以上十五味，人参、鹿茸、鹿角胶、龟甲、远志、茯苓、麦冬、黄精、枸杞子、五味子、酸枣仁、白糖 30g 粉碎成细粉，过筛，其余淫羊藿等四味加水煎煮三次，第一次 3 小时，第二、三次各为 2 小时，合并煎液，滤过，滤液浓缩成膏。将浓缩膏加入上述细粉中，混匀，烘干，粉碎，装入胶囊制成 580 粒，即得
脑得生丸,丸剂,活血化瘀，疏通经络，醒脑开窍。用于脑动脉硬化，缺血性脑中风及脑出血后遗症等,三七78g、川芎78g、红花91g、山楂（去核）157g、葛根261g,以上五味，粉碎成细粉，过筛，混匀。每 100g 粉末加炼蜜 135-150g 制成大蜜丸，即得
高丽清心丸,丸剂,清热，镇静，泻火，解毒，通便。用于高热烦渴，头晕目眩，心悸失眠，齿痛便秘,牛黄10g、石膏35g、甘草35g、黄芩50g、朱砂10g、黄连10g、冰片5g、大黄35g、滑石35g、寒水石20g,以上十味，除牛黄、冰片外，朱砂水飞或粉碎成极细粉，其余甘草等七味粉碎成细粉，混匀，将牛黄、冰片研细，与上述粉末配研，过筛，混匀。每 10g 粉末，加炼蜜 100-120g 制成大蜜丸，即得
消水导滞丸,丸剂,通腑利水，消食化滞。用于肠胃积滞，宿食难消，蓄水腹胀,山楂（焦）200g、大黄250g、牵牛子400g、猪牙皂150g,以上四味，粉碎成细粉，过筛，混匀。用水泛丸，干燥，即得
消炎止痢灵片,片剂,清热燥湿，抗菌消炎。用于菌痢，胃肠炎等,苦参1000g、甲氧苄氨嘧啶20g,取苦参 250g，粉碎成细粉；剩余的苦参粉碎成粗粉，照流浸膏剂与浸膏剂项下的渗漉法（附录 17 页），用 0.2% 盐酸溶液作溶剂，浸渍 24 小时后进行渗漉，渗漉至滤液无生物碱反应为止，收集滤液，浓缩成约 250g 的稠膏，加入苦参粉，用甲氧苄氨嘧啶及辅料适量混匀，制成颗粒，干燥，压制成 1000 片，包糖衣，即得
消炎灵片,片剂,清热解毒，消肿止痛。用于上呼吸道炎，支气管炎，鼻炎，咽喉炎，扁桃体炎，细菌性痢疾及慢性胆囊炎,苦玄参550g、肿节风350g、千里光225g、毛冬青225g、甘草50g,以上五味，取苦玄参 100g 粉碎成细粉，剩余苦玄参与其余肿节风等四味加水煎煮二次，第一次 2 小时，第二次 1 小时，合并煎液，滤过，滤液浓缩至稠膏状，加乙醇使含乙醇量为 70%，静置 24 小时，滤过，滤液浓缩至稠膏状，加入上述粉末，混匀，烘干，粉碎成细粉，加辅料适量，混匀，制成颗粒，压制成 1000 片，包糖衣，即得
消炎镇痛膏,膏剂,消炎镇痛。用于神经痛，风湿痛，肩痛，扭伤，关节痛，肌肉疼痛等,薄荷脑120g、樟脑60g、水杨酸甲酯50g、盐酸苯海拉明20g、冰片80g、颠茄流浸膏70g、麝香草脑30g,以上七味，混匀，另加 5.7-6 倍重量的由橡胶、松香等制成的基质，制成涂料，进行涂膏，切段，盖衬，切成小块，即得
消炎解毒丸,丸剂,清热解毒，凉血消炎。用于疮疡热毒，红肿疼痛，妇女乳疮，小儿疮疖,蒲公英800g、防风10g、甘草20g、连翘20g、金银花20g,以上五味，取蒲公英 590g，加水煎煮二次，每次 2 小时，合并煎液，滤过，滤液浓缩成膏；剩余蒲公英与其余金银花等四味粉碎成细粉，加入浓缩膏中（留出适量浓缩膏粉末作包衣用）混匀，干燥，粉碎成细粉，过筛，用水泛丸，干燥，用留出的浓缩膏粉末包衣，打光，干燥，即得
消渴平片,片剂,益气养阴，清热泻火，益肾缩尿。用于糖尿病,人参15g、黄连15g、天花粉375g、天冬37.5g、黄芪375g、丹参112.5g、枸杞子90g、沙苑子112.5g、葛根112.5g、知母75g、五倍子37.5g、五味子37.5g,以上十二味，取天花粉 120g、人参、黄连共粉碎成细粉，剩余天花粉与黄芪、天冬、枸杞子、沙苑子加水煎煮三次，第一次 1.5 小时，第二次 45 分钟，第三次 30 分钟，合并煎液，滤过，静置，吸取上清液，浓缩至适量。其余丹参等五味粉碎成粗粉，用 60% 乙醇回流提取，提取液回收乙醇后与上述浓缩液合并，浓缩成膏，真空干燥，粉碎成细粉，过筛，再与天花粉、人参、黄连的细粉混合均匀，制粒，压制成 1000 片，包半薄膜衣，即得
海马巴戟胶囊,胶囊剂,温肾壮阳，填精益髓。用于气血两亏，体质虚弱，精力不足，阳痿、早泄等症,海马6g、巴戟天18g、鹿茸18g、生晒参30g、补骨脂(盐制)18g、蛇床子30g、淫羊藿(羊脂制)180g、枸杞子30g、韭菜子36g、锁阳30g、哈蟆油6g、山药(炒)36g、麻雀肉36g、黄芪(蜜炙)30g、茯苓30g、甘草12g,以上十六味，将生晒参、海马、鹿茸、山药、哈蟆油、茯苓粉碎成细粉，过筛；其余淫羊藿等十味加水煎煮三次，第一次 3 小时，第二次 2 小时，第三次 1 小时，合并煎液，滤过，滤液浓缩成膏，加入上述粉末，混匀，制成颗粒，于 60-70℃干燥，粉碎成细粉，过筛，混匀，制粒，装入胶囊，即得
益肝膏,膏剂,滋补肝肾，健脾开胃，活血化瘀。用于慢性肝炎引起的面色萎黄或晦暗，肝脾增大，胁肋疼痛，脘腹胀满，纳食不佳，倦怠乏力，腰酸腿软，大便糟杂,淫羊藿(羊油炙)10g、仙茅10g、桑椹5g、白芍15g、党参15g、黄芪（蜜炙）15g、麦芽15g、稻芽15g、当归6g、水红花子6g、荷叶6g、贯众10g,以上十二味，加水煎煮二次，第一次 2.5 小时，第二次 2 小时，合并煎液，滤过，减压浓缩至相对密度为 1.20-1.25 (50℃热测) 的清膏。每 100g 清膏加炼蜜 200g，混匀，即得
调胃舒肝丸,丸剂,舒肝和胃，解郁止痛。用于脾胃不和，肝郁不舒引起的胃脘刺痛，两胁胀满，嗳气吞酸，饮食无味,砂仁50g、厚朴（姜炙）100g、豆蔻仁25g、青皮（醋炙）200g、枳壳（麸炒）100g、陈皮200g、山楂（炒）250g、柴胡（醋炙）50g、郁金100g、香附（醋炙）200g、木香50g、片姜黄50g、甘草25g,以上十三味，粉碎成细粉，过筛，混匀。每 100g 粉末加炼蜜 190-210g 制成大蜜丸，即得
调经止痛片,片剂,补气活血，调经止痛。用于月经不调，经期腹痛，产后瘀血不尽等,当归320g、党参213g、川芎80g、香附（炒）80g、益母草213g、泽兰叶80g、大红袍213g,以上七味，川芎、香附、泽兰叶粉碎成粗粉，其余当归等四味加水煎煮三次，每次 2 小时，合并煎液，滤过，滤液浓缩成稠膏状，加入上述粗粉，混匀，干燥，粉碎成细粉，制成颗粒，压制成 1000 片，包糖衣，即得
祛风湿药酒 (风湿药酒),酒剂,祛风化湿，活络止痛。用于痹证，风湿性关节炎，类风湿性关节炎，肩周炎,三叶青藤200g、九层风300g、红鱼眼300g、山风200g,以上四味，置容器内，加白酒 10000ml，密闭浸泡 30 天以上，滤过，即得
祛暑丸,丸剂,消暑去湿，和胃止泻。用于中暑外感，憎寒发热，头疼身倦，腹胀吐泻,石250g（原文如此）、广藿香160g、紫苏叶160g、甘草120g、香薷64g、木瓜50g、檀香24g、茯苓24g,以上八味，粉碎成细粉，过筛，混匀。每 100g 粉末加炼蜜 190-230g 制成大蜜丸，即得
黄疸肝炎丸,丸剂,舒肝利胆，除湿理气。用于湿热熏蒸，皮肤黄染，胸胁胀痛，小便短赤，急性肝炎，胆囊炎,竹叶柴胡48g、青叶胆16g、茵陈64g、白芍(酒炙)64g、栀子(炒)48g、郁金(醋炙)32g、延胡索(醋炙)48g、枳壳(麸炒)48g、槟榔48g、香附(醋炙)48g、青皮32g、佛手32g、甘草16g,以上十三味，粉碎成细粉，过筛，混匀。每 100g 粉末加炼蜜 160-180g 制成大蜜丸，即得
菌痢平片,片剂,清热解毒，化滞止痢。用于肠胃食滞，寒热凝结引起的赤白痢疾，脓血相杂，里急后重，腹痛下坠，不思饮食，身体倦怠，恶心呕吐,鲜马齿苋15000g、木香150g、黄连150g、吴茱萸（甘草炙）30g、六神曲（麸炒）150g,以上五味，黄连、六神曲粉碎成细粉；木香、吴茱萸提取挥发油，蒸馏后的水溶液另器收集；鲜马齿苋捣碎，压榨取汁，残渣加水煎煮 2 小时，滤过，滤液与压榨液及上述水溶液合并，减压浓缩至相对密度 1.35-1.40 (50℃热测) 的稠膏，加入黄连、六神曲细粉，混匀，干燥，粉碎成细粉，用稀乙醇制成颗粒，加入木香、吴茱萸挥发油，混匀，压制成 2000 片，包糖衣，即得
雪莲药酒,酒剂,祛风散寒，补肾活血。用于风寒湿痹，筋骨疼痛，四肢麻木,雪莲花50g、红花30g、秦艽10g、羌活10g、独活10g、制川乌5g、新疆藁本10g、枸杞子25g、肉苁蓉10g、当归10g、熟地黄10g、甘草5g,以上十二味，粉碎成粗粉，装入纱布袋，加入白酒 (50 度) 2500g，密闭浸泡 65 天，每天搅动二次。另取蔗糖 300g 制成单糖浆，加入浸泡液中，搅匀，静置，滤过，即得
爽口托疮膜,膜剂,清湿解热，泻火毒，收敛生肌。用于口疮,黄柏100g、青黛100g、冰片5g、白及胶40g、甘草50g,以上五味，黄柏、甘草加水煎煮二次，每次 2 小时，合并煎液，滤过，滤液浓缩；将青黛与 34% 甘油溶液 150ml 研磨均匀，加入上述药液中混匀；再将冰片溶于 75% 乙醇 300ml 中，加入白及胶粉后，与上述药液混合，搅拌至溶解，涂膜，切割成 3000 片，即得
救尔心胶囊,胶囊剂,活血通脉，化瘀生新。用于冠心病，心绞痛,三七134g、川芎335g、红花134g、丹参67g、泽泻67g、刺五加浸膏粉31g,以上六味，三七粉碎成细粉，过筛，川芎提取挥发油，蒸馏后的水溶液另器收集；药渣与红花、丹参、泽泻，加水煎煮二次，第一次 3 小时，第二次 2 小时，合并煎液，滤过，滤液和蒸馏后的水溶液合并，浓缩成浸膏，干燥，粉碎，与三七粉、刺五加浸膏粉混匀，喷入川芎挥发油，混匀，密闭 2 小时，装入胶囊，制成 500 粒，即得
婴儿平 (散),散剂,消食化积、健脾止泻。用于发热咳嗽，口臭舌干，消化不良，呕吐腹泻，腹胀腹痛，大便秘结,甘草100g、天花粉50g、苦杏仁（炒）50g、天南星（制）50g、薄荷叶25g、黄芩20g、山楂15g、茯苓15g、六神曲（麸炒）15g、麦芽（炒）15g、陈皮15g、广藿香10g、厚朴（姜制）10g、猪苓10g、槟榔10g、防风10g、天竺黄10g、琥珀15g、朱砂10g、巴豆霜2g,以上二十味，除巴豆霜外，朱砂水飞或粉碎成极细粉，其余甘草等十八味粉碎成细粉，与上述巴豆霜、朱砂等粉末配研，过筛，混匀，即得
婴儿保肺宁 (散),散剂,清肺化痰，止咳降逆。用于肺热咳嗽，喘满痰盛，呕吐身热,川贝母160g、橘红120g、姜半夏80g、赭石60g、桔梗50g、百部50g、紫苏子（炒）50g、紫苏梗50g、天竺黄40g、硼砂30g、石膏30g、滑石30g、朱砂40g、冰片40g,以上十四味，除朱砂水飞或粉碎成极细粉，冰片研成细粉外，其余川贝母等十二味粉碎成细粉，与上述朱砂、冰片等粉末配研，过筛，混匀，即得
婴儿保肺宁胶囊,胶囊剂,清肺化痰，止咳降逆。用于肺热咳嗽，喘满痰盛，呕吐身热,川贝母160g、橘红120g、姜半夏80g、赭石60g、桔梗50g、百部50g、紫苏子（炒）50g、紫苏梗50g、天竺黄40g、硼砂30g、石膏30g、滑石30g、朱砂40g、冰片40g,以上十四味，除朱砂水飞或粉碎成极细粉，冰片研成细粉外，其余川贝母等十二味粉碎成细粉，与上述朱砂、冰片等粉末配研，过筛，混匀，装入胶囊，即得
野菊花栓,栓剂,抗菌消炎。用于前列腺炎及慢性盆腔炎等疾病,野菊花10000g（制成栓剂1000粒）,取野菊花 10000g，加水浸渍 12 小时，煎煮二次，每次 1 小时，合并煎液，滤过，滤液浓缩至稠膏状，加 3 倍量 90% 乙醇回流 3 次，每次 1 小时，合并乙醇液，静置 24 小时，取上清液，回收乙醇，减压浓缩成 800g 浸膏。取聚乙二醇 1600g 加热使熔，加入野菊花浸膏，随加随搅拌，搅匀，倾入涂有润滑剂的栓模内，待凝后出模，制成 1000 粒，即得
银翘解毒冲剂,颗粒剂,辛凉解表，清热解毒。用于风热感冒，发热头痛，咳嗽口干，咽喉疼痛,金银花250g、连翘250g、甘草125g、荆芥穗100g、桔梗150g、淡豆豉125g、牛蒡子150g、淡竹叶100g、薄荷油1.5g,以上九味，除薄荷油外，荆芥穗蒸馏提取挥发油，其余金银花等七味与蒸馏后的荆芥穗加水煎煮二次，每次 4 小时，合并煎液，静置，滤过，滤液浓缩至相对密度 1.16 (热测)，放冷至 40℃以下，加入等量乙醇，静置 24 小时，取上清液，回收乙醇，浓缩至相对密度 1.26 (热测) 的清膏。取清膏 1 份，蔗糖 3.5 份，糊精 1.5 份及乙醇适量，制成颗粒，干燥，过筛，加入荆芥油、薄荷油，混匀，制成 1000g，即得
清金宁肺丸,丸剂,祛痰、止嗽、定喘。用于肺失清肃引起的咳嗽白痰，胸满气喘，睡眠不安，精神疲倦,陈皮96g、法半夏384g、化橘红240g、甘草240g、麻黄384g、苦杏仁（炒）240g、曼陀罗叶144g、茯苓24g、五味子（醋炙）240g、桔梗240g、厚朴（姜炙）96g、沉香48g、桂枝96g、白芥子（炒）144g、瓜蒌子（蜜炙）384g、川贝母384g、浙贝母96g、款冬花96g、百部240g、白及384g、地骨皮96g,以上二十一味，粉碎成细粉，过筛，混匀，用水泛丸，干燥。每 1000g 丸药用滑石粉 250g 包衣，打光，即得
清凉眼药膏,膏剂,消炎，抑菌，收敛。用于结膜炎，睑缘炎，砂眼，麦粒肿,熊胆5g、冰片20g、薄荷脑3g、西瓜霜20g、硼砂10g、炉甘石（煅）50g,以上六味，将熊胆、西瓜霜、硼砂粉碎成极细粉，炉甘石用黄连 5g 的水煎液水飞，干燥，研细，与熊胆等极细粉混匀；冰片、薄荷脑共研，与上述粉末配研，过筛，混匀。将凡士林 620g 加热至 150℃，并保温 1 小时，滤过，待冷至约 60℃时，加入上述药粉，混匀，即得
清膈丸,丸剂,清热利咽，消肿止痛。用于内蕴毒热引起的口渴咽干，咽喉肿痛，水浆难下，声哑失音，面赤肥肿，大便燥结,金银花60g、连翘60g、玄参60g、射干60g、山豆根60g、黄连30g、熟大黄30g、龙胆60g、石膏30g、玄明粉60g、桔梗60g、麦冬60g、薄荷30g、地黄45g、硼砂30g、甘草15g、水牛角浓缩粉6g、牛黄2.4g、冰片6g,以上十九味，除水牛角浓缩粉、牛黄外，冰片研细，其余金银花等十六味粉碎成细粉，过筛，混匀，与上述水牛角浓缩粉等三味粉末配研，过筛，混匀。每 100g 粉末加炼蜜 110~120g 制成大蜜丸，即得
清热醒脑灵丸,丸剂,清热解毒，开窍醒脑，息风安神。用于脑炎、高血压及各种高烧,水牛角100g、郁金100g、胆膏粉15g、冰片30g、雄黄100g、黄芩100g、黄连100g、栀子100g、蛤壳30g、赭石100g、辛夷30g、薄荷脑10g、石膏100g,以上十三味，除冰片、薄荷脑、胆膏粉外，水牛角粉碎成细粉，石膏、蛤壳、雄黄粉碎成极细粉，其余黄连等六味粉碎成细粉；将冰片、薄荷脑、胆膏粉研细，与上述粉末配研，过筛，混匀。每 100g 粉末加炼蜜 85~95g 制成大蜜丸，即得
清热醒脑灵片,片剂,清热解毒，开窍醒脑，息风安神。用于脑炎、高血压及各种高烧,水牛角58g、郁金58g、胆膏粉9g、冰片17g、雄黄58g、黄芩58g、黄连58g、栀子58g、蛤壳17g、赭石58g、辛夷17g、薄荷脑6g、石膏58g,以上十三味，雄黄水飞或粉碎成极细粉；取水牛角 (尖部) 12g、辛夷、蛤壳、石膏、黄连、蛤壳等六味粉碎成细粉，过筛；剩余的水牛角粉碎成粗粉，加水煎煮二次，每次 6 小时，滤过，合并滤液；黄芩、栀子、郁金加水煎煮二次，每次 2 小时，滤过，与水牛角煎液合并，浓缩成流浸膏，加入上述药粉、胆膏及辅料适量，混匀，制成颗粒，低温干燥，喷加薄荷脑及冰片的醇溶液，密闭 2 小时，压制成 1000 片，包糖衣，即得
清瘟解毒膏,膏剂,清瘟解毒。用于时疫外感，发热怕冷，头痛无汗，口渴咽干，四肢酸痛，痄腮肿痛,淡竹叶100g、黄芩100g、大青叶100g、葛根100g、玄参100g、天花粉100g、牛蒡子（炒）100g、羌活75g、桔梗75g、连翘75g、白芷50g、川芎50g、赤芍50g、防风50g、柴胡50g、甘草25g,以上十六味，加水煎煮三次，第一次 3 小时，第二次 3 小时，第三次 2 小时，合并煎液，滤过，滤液浓缩至相对密度 1.20~1.21 (98℃) 的清膏。每 500g 清膏加炼蜜 1000g，加入 0.3% 苯甲酸钠，混匀，浓缩至规定的相对密度，滤过，即得
清暑解毒冲剂,颗粒剂,清暑解毒，生津止渴，并能防治痱热疖。用于夏季暑热，高温作业,芦根100g、薄荷30g、金银花100g、甘草40g、淡竹叶100g、滑石粉100g、夏枯草60g,以上七味，金银花、薄荷提取挥发油，药渣与其余芦根等五味加水煎煮二次，第一次 2 小时，第二次 1.5 小时，合并煎液，滤过，滤液浓缩至稠膏，加入枸橼酸 208g，蔗糖 2080g，混匀，制成颗粒，干燥，喷入上述挥发油及适量香精，混匀，约制成 2000g，即得
清燥润肺合剂,口服液,清燥润肺。用于燥气伤肺，干咳无痰，气逆而喘，咽干鼻燥，心烦口渴,桑叶264g、石膏220g、甘草88g、黑芝麻88g、阿胶70g、麦冬106g、苦杏仁62g、北沙参62g、枇杷叶44g,以上九味，苦杏仁和黑芝麻分别压榨脂肪油，取苦杏仁油 12.4g 和黑芝麻油，加热至 160℃备用；苦杏仁渣加水蒸馏制取苦杏仁水 62ml；除阿胶外，其余桑叶等六味与上述二种药渣加水煎煮三次，每次 2 小时，合并煎液，滤过，滤液加入阿胶使溶化，浓缩至约 900ml，加入苯甲酸钠 3g，放冷，加入苦杏仁水、苦杏仁油和黑芝麻油，加水至 1000ml，搅匀，即得
痔特佳片,片剂,清热消肿，凉血止血，收敛。用于一、二期内痔，血栓性外痔，肛窦炎、直肠炎，对其它痔疮有缓解作用,槐角（炒）200g、地榆炭100g、黄芩100g、当归100g、枳壳（炒）100g、防风100g、鞣质2g、阿胶10g,以上八味，阿胶、地榆分别粉碎成细粉；黄芩加水煎煮二次，每次 2 小时，滤过，取滤液用盐酸调 pH 值 1~2，加热至 80℃，放置 30 分钟，滤过，取沉淀，干燥 (60℃)；槐角加水煎煮三次，第一、二次各 2 小时，第三次 1 小时，趁热滤过，合并滤液；当归、枳壳、防风，加水浸泡 4 小时后，加热蒸馏 4 小时，收集挥发油；药液滤过，药渣加水煎煮 2 小时，滤过，合并滤液与药液，减压浓缩至适量，加乙醇使含醇量为 80%，静置 12 小时，滤过，滤液回收乙醇后，与槐角滤液合并，减压浓缩至稠膏状，加入地榆粉末，混匀，低温干燥，再加入黄芩提取物、阿胶粉末及鞣质的细粉，混匀，用乙醇制粒，低温干燥，将挥发油用适量乙醇溶解，喷入颗粒中，混匀，加入 0.3% 硬脂酸镁，混匀，压制成 447 片，包糖衣，即得
康复灵栓,栓剂,清热解毒，燥湿杀虫，收敛止痒。用于各种病因所致的阴道炎症,大黄246g、儿茶10g、紫草100g、冰片7g,以上四味，将冰片研细，儿茶粉碎为细粉。取大黄酌予碎断，与香油 650ml 同置锅中炸枯，去渣。再加入紫草浸泡 72 小时，滤去紫草，如剩余香油量不足 365ml，可用加热后的香油补足为 365ml，加入半合成脂肪酸脂，搅拌溶化，稍放冷，加入冰片、儿茶细粉，混匀，倒入模具成型，取出，制成 365 粒，即得
鹿胎胶囊,胶囊剂,补气养血，通经散寒。用于气血不足，虚弱赢瘦，月经不调，行经腹痛，寒湿带下,红参100g、当归150g、益母草200g、熟地黄150g、香附（醋制）50g、龟甲（醋制）25g、地骨皮25g、延胡索(醋制)15g、莱菔子（炒）25g、白术（麸炒）30g、阿胶30g、肉桂15g、木香15g、丹参100g、赤芍40g、甘草25g、小茴香(盐制)20g、续断50g、蒲黄25g、川芎25g、牛膝25g、鹿茸15g、茯苓300g、鹿胎(或失水鹿胎)270g,以上二十四味，取鹿胎，将胎衣切开，收集胎水另置；剥离鹿胎的外皮另置。将鹿胎剖腹，去净胎粪，切块，胎衣亦切块，共置锅中，加水煎煮三次，第一次 2 小时，第二、三次各 1 小时，至肉化、骨酥，分次趁热滤过，合并滤液。鹿胎的外衣切块，加水煎煮三次，第一次 2 小时，第二、三次分别为 1 小时，分次趁热滤过，滤液与上述滤液合并，浓缩至粘稠状，加入胎水，搅匀，继续浓缩成膏状。另取红参、当归、白术、肉桂、木香、小茴香、茯苓、鹿茸粉碎成细粉。其余益母草等十五味，加水煎煮三次，第一次为 3 小时，第二、三次各 2 小时，合并煎液，滤过，加入鹿胎膏，搅匀，浓缩成膏，于 80℃以下干燥，粉碎成细粉，再与上述粉末混合，过筛，混匀，装入胶囊，制成 1800 粒，即得
蛤蚧大补丸 (胶囊),胶囊剂,补血益气，健脾暖胃，祛风湿，壮筋骨。用于男女体弱，头晕目眩，食欲不振，腰酸骨痛,蛤蚧52g、党参50g、黄芪50g、枸杞子50g、当归50g、茯苓50g、熟地黄75g、女贞子63g、甘草25g、山药50g、木瓜38g、狗脊63g、巴戟天（盐制）38g、白术25g、续断（盐制）63g、杜仲63g、黄精63g、骨碎补（炒）63g,以上十八味，取山药、狗脊、骨碎补及木瓜 12g 粉碎成细粉，其余蛤蚧等十四味及剩余的木瓜加水煎煮四次，第一次 2 小时，第二、三、四次各 3 小时，合并煎液，滤过，滤液浓缩成稠膏，加入上述粉末，干燥，粉碎，混匀，装入胶囊，即得
蛤蚧补肾丸 (胶囊),胶囊剂,壮阳益肾，填精补血。用于身体虚弱，真元不足，小便频数,蛤蚧6.5g、淫羊藿40g、麻雀（干）25g、当归40g、黄芪30g、牛膝40g、枸杞子40g、锁阳40g、党参50g、肉苁蓉35g、熟地黄60g、续断40g、杜仲60g、山药50g、茯苓50g、菟丝子40g、胡芦巴30g、狗鞭20g、鹿茸1.8g,以上十九味，茯苓、胡芦巴、菟丝子、鹿茸、狗鞭与山药 25g 粉碎成细粉，其余蛤蚧等十三味与剩余的山药加水煎煮四次，第一次 2 小时，第二、三、四次各 3 小时，合并煎液，滤过，滤液浓缩成稠膏，加入上述粉末，干燥，粉碎，混匀，装入胶囊，即得
舒心糖浆,糖浆剂,补益心气，活血化瘀，改善心功能。用于冠心病，心绞痛，胸痛，胸闷，气短，乏力,党参150g、黄芪150g、红花100g、当归100g、川芎100g、三棱100g、蒲黄100g,以上七味，取蒲黄以布袋包好，同党参、黄芪、当归、川芎、三棱五味，加水煎煮二次，第一次 2 小时，第二次煎煮 1.5 小时后，再加入红花煎煮 30 分钟，合并煎液，滤过，滤液浓缩至适量，加入蔗糖 650g 和防腐剂适量，煮沸使溶解，滤过，加水至 1000ml，搅匀，即得
舒肝丸 (浓缩丸),丸剂,舒肝和胃，理气止痛。用于肝郁气滞，胸胁胀满，胃脘疼痛，嘈杂呕吐，嗳气泛酸,川楝子150g、延胡索（醋制）100g、片姜黄100g、白芍（酒炒）120g、沉香100g、枳壳（炒）100g、木香80g、砂仁80g、陈皮80g、豆蔻仁60g、茯苓100g、厚朴（姜制）60g、朱砂27g,以上十三味，朱砂水飞或粉碎成极细粉；沉香、豆蔻仁、砂仁粉碎成细粉，与朱砂粉末配研，混匀；取茯苓以 45% 乙醇为溶剂，其余川楝子等八味以 70% 乙醇为溶剂，照流浸膏剂与浸膏剂项下的渗漉法 (附录 17 页)，分别浸渍 24 小时后进行渗漉，收集并合并漉液，回收乙醇，减压浓缩成相对密度为 1.30~1.35 (20℃) 的稠膏，与上述粉末混匀，制丸，干燥，打光，即得
舒肝调气丸,丸剂,舒气开郁，健胃消食。用于两胁胀满，胸中烦闷，呕吐恶心，气逆不顺，倒饱嘈杂，消化不良，大便燥结,香附（醋制）96g、厚朴（姜制）96g、枳实（麸炒）96g、龙胆64g、青皮（醋制）64g、豆蔻48g、木香48g、陈皮32g、延胡索（醋制）32g、郁金32g、石菖蒲32g、五灵脂（醋制）32g、莪术（醋制）32g、牡丹皮32g、牵牛子（炒）32g、白芍32g、姜黄24g、厚朴花18g、郁李仁16g、沉香16g、莱菔子（炒）8g,以上二十一味，粉碎成细粉，过筛，混匀，用水泛丸，干燥。每 500g 干丸另用滑石粉 90g 包衣，打光，干燥，即得
舒胆胶囊,胶囊剂,疏肝利胆止痛，清热解毒排石。用于胆囊炎，胆管炎、胆道术后感染及胆道结石,大黄171.7g、金钱草429.5g、枳实214.6g、柴胡171.7g、栀子214.6g、延胡索188.8g、黄芩171.7g、木香214.6g、茵陈214.6g、薄荷脑1g,以上十味，除薄荷脑研成细粉外，延胡索 32.3g、黄芩 77.8g、大黄 38.9g 粉碎成细粉。剩余的延胡索、黄芩、大黄与其余木香等六味，加水煎煮二次，每次 2 小时，合并煎液，滤过，滤液浓缩至稠膏状，按所得干膏 150g 量加入上述细粉，烘干，加入薄荷脑混匀，装入胶囊，制成 1000 粒，即得
舒筋活血定痛散,散剂,舒筋活血，散瘀止痛。用于跌打损伤，闪腰岔气，伤筋动骨，血瘀肿痛,乳香（醋炙）30g、没药（醋炙）30g、当归30g、红花30g、延胡索（醋炙）30g、血竭30g、香附（醋炙）30g、自然铜（煅醋淬）30g、骨碎补30g,以上九味，粉碎成细粉，过筛，混匀，即得
舒冠片,片剂,养阴活血，益气温阳。用于防治冠心病、心绞痛，动脉粥样硬化，高脂血症及抗血栓形成等,制何首乌534g、川芎400g、黄精（制）534g、红花400g、淫羊藿400g、五灵脂（醋制）267g、丹参400g,以上七味，加水煎煮三次，第一次 3 小时，第二、三次各 1 小时，合并煎液，滤过，滤液浓缩至相对密度约为 1.24，加乙醇使含醇量达 50%，静置；滤取上清液，回收乙醇，浓缩至稠膏，干燥，粉碎，过筛，加辅料适量，混匀，制成颗粒，干燥，压制成 1000 片，包糖衣，即得
脾肾两助丸,丸剂,健脾益气，滋补肝肾。用于脾肾虚弱而致的肢体倦怠，气虚无力，不思饮食，胃脘痞闷，腰痛腰困，腰膝疲软，梦遗滑精，头晕耳鸣,党参164g、白术（麸炒）44g、鸡内金（炒）45g、土鳖虫45g、川芎27g、山药（麸炒）180g、黄芪（蜜炙）180g、白芍（酒炒）180g、小茴香（盐炒）180g、熟地黄340g、山茱萸（酒制）180g、茯苓90g、杜仲（炭）46g、枸杞子46g、补骨脂（盐炒）46g、锁阳46g、九节菖蒲46g、郁金46g、陈皮46g、半夏（制）46g、款冬花46g、麦冬46g、川贝母46g、牵牛子（炒）46g、牛膝46g、肉苁蓉46g、甘草（蜜炙）46g、使君子仁27g、泽泻180g、当归27g,以上三十味，粉碎成细粉，过筛，混匀。每 100g 粉末加炼蜜 120~130g 制成大蜜丸，即得
锁精丸 (锁精丹),丹剂,补养心脾，益肾固精。用于早泄遗精，自汗盗汗，失眠多梦，腰膝酸软，肢体瘦弱等,人参120g、黄芪（蜜炙）180g、肉桂120g、山茱萸(酒炙)180g、地黄360g、山药180g、泽泻120g、牡丹皮120g、牡蛎（煅）240g、龙骨（煅）240g、柏子仁120g、酸枣仁（炒）120g、茯神120g、远志（甘草炙）120g、五味子（醋炙）120g,以上十五味，粉碎成细粉，过筛，混匀。每 100g 粉末加炼蜜 70~90g 制成大蜜丸，即得
痛经片,片剂,活血，理气，散寒止痛。用于寒凝气滞，经来腹痛,当归75g、丹参75g、熟地黄100g、五灵脂（醋制）50g、山楂（炭）75g、川芎37.5g、肉桂12.5g、木香12.5g、益母草300g、青皮12.5g、白芍50g、干姜（制）12.5g、香附(醋制)75g、茺蔚子25g、延胡索50g、红花25g,以上十六味，香附、山楂炭、干姜、丹参粉碎成细粉；益母草、茺蔚子、熟地黄、红花加水煎煮二次，每次 1.5 小时，合并煎液，滤过，滤液浓缩成膏。当归、白芍、川芎、木香、青皮、延胡索、肉桂、五灵脂用 70% 乙醇回流提取二次，每次 1.5 小时，合并提取液，滤过，滤液浓缩成膏，将水、醇浓缩膏加入上述香附等细粉及辅料中，混匀，干燥，粉碎，用乙醇适量制成颗粒，干燥，压制成 1330 片，包糖衣，即得
痛肿灵 (酊剂),酊剂,祛风除湿，消肿止痛。用于风湿骨痛，跌打损伤,豆叶九里香15g、四方木皮50g、汉桃叶50g、山乌龟35g、黑吹风40g、苏木5g、过岗龙50g、大驳骨5g、千斤拔5g、桂枝5g、小驳骨5g、大头陈5g、牛大力5g、九里香5g、竹叶花椒10g、防己10g、大风艾15g、骨碎补10g、小风艾15g、木香15g、白芷15g、姜黄2.5g、朱砂根25g、当归藤25g、地瓜藤25g、走马风25g、猪牙皂25g、香附25g、水泽兰25g、猪肚木皮50g、鸡血藤50g、冰片15g、樟脑35g、薄荷脑35g,以上三十四味，除冰片、樟脑、薄荷脑外，其余互叶九里香等三十一味分别粉碎成粗粉。取互叶九里香、桂枝、九里香、竹叶花椒、木香、猪牙皂、当归藤等七味，加乙醇 500ml，浸泡 45 天，滤过，将冰片、樟脑、薄荷脑加入滤液中使溶解。其余四方木皮等二十四味，加 60% 乙醇 4500g，浸泡 45 天，滤过，滤液与上述滤液合并，搅匀，静置 24 小时，滤过，即得
滋阴虎潜丸,丸剂,养阴潜阳，强筋壮骨。用于肾阴不足，筋骨痿软，精血亏损，骨蒸劳热,黄柏320g、白芍80g、龟甲(炙)160g、锁阳60g、知母80g、干姜20g、陈皮80g、熟地黄80g、虎骨(炙)40g,以上九味，粉碎成细粉，过筛，混匀，每 100g 粉末加炼蜜 80~100g 制成小蜜丸，即得
蒲公英冲剂,颗粒剂,清热消炎。用于上呼吸道感染，急性扁桃体炎，疖肿，乳腺炎,蒲公英500g,取蒲公英 500g，加水煎煮二次，合并煎液，滤过，滤液浓缩成相对密度为 1.32~1.35 (80~85℃) 的清膏。取清膏 1 份，加蔗糖粉 5 份，制成颗粒，干燥，即得
感冒灵冲剂,颗粒剂,解热镇痛。用于感冒引起的头痛，发热，鼻塞，流涕，咽痛等,三叉苦491g、金盏银盘327g、野菊花246g、岗梅736g、咖啡因0.4g、对乙酰氨基酚20g、扑尔敏0.4g、薄荷油0.2ml,以上八味，除咖啡因、对乙酰氨基酚、扑尔敏、薄荷油外；其余三叉苦等四味，加水煎煮二次，每次 2 小时，合并煎液，滤过，滤液浓缩至相对密度为 1.10 (热测) 的清膏，放冷至室温，加入乙醇使含醇量达 60~65%，静置过夜，滤取上清液，回收乙醇，浓缩至稠膏。取对乙酰氨基酚细粉及蔗糖粉适量，加入上述稠膏中，再与扑尔敏及咖啡因的水溶液混匀，制成颗粒，干燥，喷洒薄荷油的乙醇溶液，混匀或压块，制成 1000g，即得
暖胃舒乐片,片剂,温中补虚，调和肝脾，行气活血，止痛生肌。用于脾胃虚寒及肝脾不和型胃溃疡，十二指肠溃疡，慢性胃炎，症见脘腹疼痛，腹胀喜温，反酸嗳气,黄芪113g、大红袍45g、延胡索45g、白芍113g、鸡矢藤113g、白及113g、砂仁6g、五倍子6g、肉桂11g、丹参45g、甘草45g、炮姜45g,以上十二味，肉桂、砂仁、鸡矢藤、炮姜粉碎成细粉，其余黄芪等八味加水煎煮三次，第一、二次各 1.5 小时，第三次 1 小时，滤过，合并滤液，浓缩成稠膏状，加入上述细粉，混匀，干燥，粉碎成细粉，制成颗粒，干燥，压制成 1000 片，包糖衣，即得
愈伤灵胶囊,胶囊剂,活血散瘀，消肿止痛。用于跌打挫伤，筋骨瘀血肿痛，亦可用于骨折的辅助治疗,土鳖虫60g、红花120g、自然铜(煅)30g、黄瓜子(炒)120g、冰片12g、续断60g、三七180g、当归90g、落新妇提取物50.4g,以上九味，除冰片、落新妇提取物外，其余红花等七味粉碎成细粉，将冰片、落新妇提取物分别研细，与上述粉末配研，过筛，混匀，装入胶囊，即得
腮腺宁糊剂,口服液,散瘀解毒，消肿止痛。用于腮腺炎，红肿热痛,芙蓉叶230g、白芷85g、大黄85g、乳香(醋炙）10g、苎麻根10g、赤小豆580g、薄荷油0.005g,以上七味，芙蓉叶、白芷、大黄、乳香、芝麻根、赤小豆粉碎成细粉，过筛。取薄荷油，加甘油 300g、炼蜜 500g，搅匀，与上述粉末混匀，即得
解郁和肝丸,丸剂,舒肝开郁，顺气消胀。用于肝郁气滞引起的胸胁串痛，脘腹胀满，吞酸嘈杂，不思饮食,柴胡97.5g、当归690g、白芍450g、苍术277.5g、茯苓150g、甘草75g、香附(醋炙)510g、木香150g、青皮(醋炙)180g、陈皮150g、砂仁97.5g、厚朴(姜炙)150g、枳壳(麸炒)150g、郁金150g、川芎277.5g、山楂(炒)450g、六神曲(麸炒)450g、法半夏277.5g、栀子(姜炙)690g、黄芩150g,以上二十味，粉碎成细粉，过筛，混匀，用水泛丸，干燥。每 1000g 丸药用滑石粉 218.75g 包衣，打光，即得
精制狗皮膏,膏剂,舒筋、活血、散寒、止痛。用于筋骨痛，急性挫伤，扭伤，风湿痛，关节痛，胁痛，肌肉酸痛等症,生川乌500g、防己160g、山奈160g、透骨草100g、延胡索100g、干姜80g、辣椒20g、蟾酥3g、樟脑80g、冰片30g、薄荷脑60g、水杨酸甲酯38g,以上十二味，除樟脑、冰片、薄荷脑、水杨酸甲酯外，蟾酥粉碎成粗粉，用 70% 乙醇浸泡至稀糊状，滤过，滤液备用。其余生川乌等七味用 85% 乙醇回流三次，每次 1.5 小时，合并滤液，回收乙醇并浓缩至相对密度为 1.30~1.35 (55~60℃热测) 的稠膏，与上述滤液合并，加入樟脑等四味，混匀，另取 1.7~2 倍重量由橡胶、松香等制成的基质，制成涂料。进行涂膏，切段，盖衬，切成小块，即得
麝香丸,丸剂,清热解毒，镇痉止痛。用于小儿急惊，发热抽搐，咽喉肿痛，痈疽疮疡，乳痈，痄腮,山慈菇90g、红大戟90g、五倍子45g、浮石60g、蟾酥3g、麝香9g、千金子霜45g、冰片12g、熊胆9g、牛胆膏3fg（原文如此）、雄黄9g、朱砂12g,以上十二味，朱砂、雄黄分别水飞或粉碎成极细粉；山慈菇、红大戟、五倍子、浮石粉碎成细粉，加入千金子霜，混匀，麝香、冰片、熊胆、蟾酥分别研细，与上述粉末配研，过筛，混匀，取牛胆膏用适量水溶化后泛丸，低温干燥；朱砂、雄黄粉末包衣，打光，即得
麝香虎骨膏,膏剂,镇痛，消炎。用于风湿痛，关节痛，腰痛，神经痛，肌肉酸痛，扭伤，挫伤,药材浸膏100g、麝香0.24g、薄荷脑40g、虎骨0.075g、水杨酸甲酯25.5g、豹骨0.225g、硫酸软骨素4.8g、冰片30g、盐酸苯海拉明6g、樟脑30g,以上十味，取虎骨、豹骨，分次加水煎煮至胶尽，合并煎液，滤过，滤液浓缩成稠膏状，按处方量称取各药，另加 5.3~5.7 倍重量由橡胶、松香等制成的基质，制成涂料，进行涂膏，切段，盖衬，切成小块，即得
麝香活血化瘀膏,膏剂,活血化瘀，消炎止痛。用于关节扭伤，软组织挫伤，急性腰扭伤，腰肌劳损，肩周炎，未溃冻疮，结节性红斑,麝香0.3g、三七300g、红花147g、丹参147g、硼酸3.1g、樟脑2.3g、血竭10g、尿素5g、颠茄流浸膏35.4g、盐酸苯海拉明1.8g、盐酸普鲁卡因3.6g,以上十一味，三七、丹参粉碎成粗粉，与红花用 6 倍量的 85% 乙醇作溶剂，照流浸膏剂与浸膏剂项下的渗漉法 (附录 17 页)，浸渍 24 小时后进行渗漉，收集漉液，减压浓缩至约 80ml，硼酸、樟脑用乙醇适量溶解后，加入上述浓缩液中，用乙醇调整总体积至 180ml；其余麝香等六味，加入约 2.8 倍重量由橡胶、松香等制成的基质，制成涂料，进行涂膏，切段，盖衬，切成小块，即得
麝香镇痛膏,膏剂,散寒，活血，镇痛。用于风湿性关节痛，关节扭伤,麝香0.125g、生川乌50g、水杨酸甲酯50g、颠茄流浸膏96g、辣椒480g、红茴香根200g、樟脑140g,以上七味，麝香研成细粉，照酊剂项下的浸渍法 (附录 17 页)，分别用乙醚和无水乙醇浸渍，有效成分充分浸出，倾取上清液，静置，滤过；辣椒、生川乌、红茴香根粉碎成粗粉，照流浸膏剂与浸膏剂项下的渗漉法 (附录 17 页)，用 90% 乙醇渗漉，收集漉液，俟有效成分完全流出，回收乙醇，浓缩成稠膏；另取轧成海绵状的橡胶 410g，加汽油密闭浸泡，充分膨胀，再加氧化锌 440g、松香 380g、凡士林 80g、羊毛脂 60g，搅匀，制成基质，再加入颠茄流浸膏、樟脑、水杨酸甲酯和上述滤液、稠膏，制成涂料。进行涂膏，切段，盖衬，切成小块，即得
一扫光药膏,膏剂,消肿，解痒，止痛。用于小儿胎毒，湿疹，黄水疮及疥癣类疾病,红丹 200g、轻粉 100g、铅粉 100g、松香 100g、石膏（煅）100g、枯矾 100g,以上六味，轻粉研成极细粉，过筛；其余红丹等五味粉碎成细粉；与上述粉末配研，过筛，混匀。另取凡士林 1400g 加热熔化，趁热滤过，放冷至 70~80℃，加入上述粉末，搅匀，即得
十灰散,散剂,凉血止血。用于男妇吐血，衄血，血崩及一切血出不止诸症,大蓟 80g、小蓟 80g、茜草 80g、栀子 80g、牡丹皮 80g、棕榈 80g、侧柏叶 80g、白茅根 80g、大黄 80g、荷叶 80g,以上十味，将棕榈煅炭，大蓟等九味分别炒炭，共研细粉，过筛，混匀，即得
十香丸,丸剂,疏肝行气，散寒止痛。用于气滞寒凝引起的疝气、腹痛等症,沉香 100g、木香 100g、丁香 100g、小茴香（炒）100g、香附（制）100g、陈皮 100g、乌药 100g、泽泻（盐水炒）100g、荔枝核（炒）100g、猪牙皂 100g,以上十味，粉碎成细粉，过筛，混匀。每 100g 粉末加炼蜜 130~150g 制成大蜜丸，即得
七叶莲酊,酊剂,祛风除湿，活血止痛。用于风湿痹痛，胃痛，跌打骨折，外伤疼痛,七叶莲 250g,取七叶莲 250g 粉碎成最粗粉，照流浸膏剂与浸膏剂项下的渗漉法（附录 17 页），用 60% 乙醇作溶剂进行渗漉，收集漉液为原生药的 1.5 倍量，滤过，滤液加 60% 乙醇至 1000ml，即得
七宝美髯冲剂,颗粒剂,滋补肝肾。用于肝肾不足，发早白，遗精早泄，头眩耳鸣，腰酸背痛,制何首乌 640g、当归 160g、补骨脂（黑芝麻炒）80g、枸杞子（酒蒸）160g、菟丝子（炒）160g、茯苓 160g、牛膝（酒蒸）160g,以上七味，取菟丝子粉碎成粗粉，照流浸膏剂与浸膏剂项下的渗漉法（附录 17 页），用乙醇作溶剂进行渗漉，渗漉液回收乙醇，浓缩至适量；其余制何首乌等六味加水煎煮二次，第一次 3 小时，第二次 2 小时，合并煎液，静置沉淀，取上清液浓缩至适量，加入菟丝子清膏充分搅匀，继续浓缩至相对密度为 1.13~1.14（稀释 1 倍，20℃测）的清膏，取清膏 1 份，加糖粉 4.5 份，糊精 0.5 份，制成颗粒，干燥，即得
人参珍珠口服液,口服液,补气健脾，安神益智。用于心悸失眠，头昏目糊，健忘，乏力等,人参 30g、珍珠 2.5g,以上二味，取珍珠，制成水解液备用。人参切片、加水浸渍后，用水蒸汽蒸馏，收集馏出液适量（约 200ml），另器保存。药渣加水煎煮二次，每次 1 小时，合并煎液，滤过，滤液浓缩至约 30ml，放冷，加乙醇约 60ml，搅匀，静置，取上清液；残渣加乙醇适量，洗涤，静置，取上清液，合并上清液，滤过，滤液回收乙醇，并浓缩至适量，备用。另取蔗糖 300g，葡萄糖 50g，加水适量，加热溶解，加入苯甲酸钠 2g，溶解后滤过，滤液中加入珍珠水解液及人参蒸馏液和浓缩液，混匀，加水至 1000ml，搅匀，灌封，即得
人参保肺丸,丸剂,益气补肺，止嗽定喘。用于肺气虚弱，津液亏损引起的虚劳久嗽，气短喘促等症,人参 45g、罂粟壳 120g、五味子（醋炙）30g、川贝母 60g、陈皮 60g、砂仁 30g、枳实 60g、麻黄 30g、苦杏仁（去皮炒）60g、石膏 30g、甘草 60g、玄参 60g,以上十二味，粉碎成细粉，过筛，混匀。每 100g 粉末加炼蜜 115~135g 制成大蜜丸，即得
儿科七厘散,散剂,清热镇惊，祛风化痰。用于小儿急热惊风，感冒发热，痰涎壅盛,牛黄 13.32g、麝香 13.32g、全蝎（姜、葱水制）116g、僵蚕 187g、珍珠 8.9g、朱砂 116g、琥珀 222g、钩藤 187g、天麻（姜汁制）116g、防风 116g、白附子（制）187g、蝉蜕 116g、天竺黄 222g、硝石 116g、雄黄 116g、薄荷 116g、牛膝 187g、甘草 116g、冰片 160g,以上十九味，除麝香、牛黄、冰片、硝石外，珍珠、朱砂、雄黄、琥珀水飞或粉碎成极细粉；其余全蝎等十一味粉碎成细粉，过筛；将麝香、牛黄、冰片、硝石研细，与上述粉末配研，过筛，混匀，即得
三才封髓丸,丸剂,益肾固精。用于肾气虚弱，梦遗失精,党参 100g、砂仁 150g、黄柏（酒炒）300g、肉苁蓉（酒浸）50g、天冬 200g、甘草（炙）75g、熟地黄 200g,以上七味，加蒸熟的面粉 50g，粉碎成细粉，过筛，混匀，用水泛丸，干燥，即得
三白草肝炎糖浆,糖浆剂,清热利湿，舒肝解郁，祛瘀退黄，利胆降酶。用于急性黄疸和无黄疸型肝炎，迁延性、慢性肝炎等,三白草 450g、地耳草 300g、黄芩 150g、茯苓 150g,以上四味，加水煎煮二次，滤过，合并滤液，滤液浓缩至相对密度约为 1.20，加乙醇使含醇量达 70%，静置，滤过，滤液回收乙醇，浓缩至适量，加入蔗糖 650g 及防腐剂与食用香精适量，加水至 1000ml，搅匀，滤过，即得
下消丸,丸剂,固肾，涩精，化浊。用于遗精，精浊，遗尿，尿频,莲子 120g、地骨皮 120g、远志（甘草制）120g、山药（麸炒）120g、制何首乌 30g、茯苓 60g、龙骨（煅）120g、芡实 60g、金樱子 120g、莲须 60g、诃子（煨）60g、菟丝子 60g、泽泻（炒）60g、酸枣仁 45g,以上十四味，粉碎成细粉，过筛，混匀。每 100g 粉末加炼蜜 35~50g 与适量的水，泛丸，干燥，即得
万应茶,茶剂,疏风解表，健脾和胃，祛痰利湿。用于外感风寒，食积腹痛，呕吐泄泻，胸腹胀满，痢疾,大黄（酒制）96g、陈皮（制）36g、广藿香 48g、薄荷 48g、羌活 24g、白术（土炒）24g、丁香 24g、小茴香 24g、槟榔 48g、猪苓 24g、半夏（姜制）24g、茶叶 624g、木香 36g、檀香 48g、紫苏叶 48g、木瓜 24g、前胡 24g、明党参 24g、山楂 24g、茯苓 24g、白扁豆（姜制）24g、香附（醋制）24g、苍术 18g、豆蔻 15g、香薷 24g、厚朴（姜制）48g、枳壳（麸炒）24g、泽泻（盐制）24g、肉桂 24g、肉豆蔻 24g、砂仁（姜制）24g、桔梗 24g、白芷 24g、甘草 24g,以上三十四味，粉碎成中粉；另取陈仓米粉 72g，加适量水调匀，煮成稀浆糊，与上述药粉混匀，制成颗粒，干燥；或制成软材，反复蒸晒，压制成小扁圆形块，干燥，即得
万应甘和茶,茶剂,芳香解表，燥湿和中，升清降浊。用于感冒发热，腹痛吐泻，暑湿泄泻,藿香 313g、厚朴（姜炒）156g、紫苏 313g、白术（漂）94g、苍术 94g、陈皮（制）250g、茯苓 313g、泽泻 250g、木瓜 94g、苦杏仁 63g、砂仁 63g、半夏（制）94g、甘草 46g、白扁豆 125g、茶叶 15000g,以上十五味，取藿香、紫苏叶揉碎，砂仁研碎，与茶叶混匀；剩余的藿香、紫苏枝茎与其余白术等十二味加水煎煮二次，第一次 4 小时，第二次 2 小时，合并煎液，滤过，滤液浓缩至适量，与上述碎末混匀，吸尽浓缩液，低温干燥，即得
万宝油,搽剂,清凉，镇痛，驱风，消炎，抗菌。用于伤风感冒，中暑目眩，胀风肚痛，头痛牙痛，筋骨疼痛，舟车晕浪，水火烫伤，蚊虫叮咬等所引起的不适,薄荷脑 254g、樟脑 100g、薄荷油 50g、桉油 50g、丁香酚 30g、肉桂油 15g、广藿香油 5g、甘松油 1g、浓氨溶液 5g、血竭 1g,以上十味，取薄荷脑、樟脑混合后，加入薄荷油、桉油、丁香酚、肉桂油、血竭、广藿香油、甘松油，搅匀。将紫胶蜡、硬脂酸、白蜡、凡士林组成的基质加热熔化，加入薄荷脑等混合油和浓氨溶液，搅匀，趁热滤过，制成 1000g，灌装，即得
大七厘散,散剂,化瘀消肿，止痛止血。用于跌打损伤，瘀血疼痛，外伤止血,自然铜（煅，醋淬）120g、地鳖虫（甘草制）120g、大黄（酒制）120g、骨碎补 120g、当归尾（酒制）120g、乳香（制）120g、没药（制）120g、硼砂（煅）120g、血竭 120g、三七 108g、冰片 54g,以上十一味，除三七、冰片外，其余自然铜等九味，粉碎成最细粉；另取三七、冰片分别研成最细粉，与上述细粉配研，混匀，即得
山楂丸,丸剂,消积化滞。用于食积，肉积，停滞不化，痞满腹胀，饮食减少,山楂 500g、白糖 300g,取山楂 500g、白糖 300g 分别粉碎成细粉，过筛，混匀。每 100g 粉末加炼蜜 65~85g 制成大蜜丸，即得
山楂精降脂片,片剂,降血脂。用于治疗高血脂症，亦可作为冠心病和高血压的辅助治疗,山楂提取物 60g,取山楂提取物 60g，加辅料适量，制成颗粒，低温干燥，压制成 1000 片，包糖衣，即得
千金散,散剂,清热解毒，镇痉定惊。用于小儿惊风高热，手足抽搐，痰涎壅盛，神昏谵语,全蝎 120g、僵蚕 120g、牛黄 24g、朱砂 160g、冰片 20g、黄连 160g、胆南星 80g、天麻 160g、甘草 80g,以上九味，牛黄、冰片研细，朱砂水飞或粉碎成极细粉；其余全蝎等六味粉碎成细粉，与上述粉末配研，过筛，混匀，即得
小儿七星茶冲剂,颗粒剂,定惊消滞。用于小儿消化不良，不思饮食，二便不畅，夜寐不安,薏苡仁 625g、稻芽 625g、山楂 312.5g、淡竹叶 468.8g、钩藤 234.5g、蝉蜕 78.1g、甘草 78.1g,以上七味，取薏苡仁、稻芽加水煎煮二次，每次 2 小时，合并煎液，滤过，滤液浓缩至每 1ml 药液相当于原生药 1g，加入乙醇使含醇量达 45%，静置，滤过，低温浓缩成稠膏。取山楂等五味加水煎煮二次，每次 2 小时，合并煎液，滤过，滤液浓缩成稠膏，加入上述稠膏，拌匀，加蔗糖粉适量，制成颗粒，干燥，分装成 100 袋，即得
小儿七星茶糖浆,糖浆剂,定惊消滞。用于小儿消化不良，不思饮食，二便不畅，夜寐不安,薏苡仁 417g、稻芽 417g、山楂 208g、淡竹叶 313g、钩藤 156g、蝉蜕 52g、甘草 52g,以上七味，稻芽用 70~80℃的温水浸二次，每次 0.5 小时，其余薏苡仁等六味加水煎煮二次，每次 2 小时，滤过，合并滤液与谷芽浸出液，浓缩至适量，加入乙醇使含醇量为 50%，放置，滤过，滤液回收乙醇，浓缩至适量；另取蔗糖 660g 制成单糖浆，加入上述浓缩液及防腐剂适量，搅匀，加水使成 1000ml，静置，滤过，即得
小儿化痰止咳冲剂,颗粒剂,祛痰镇咳。用于小儿咳嗽，支气管炎,桔梗流浸膏 10ml、桑白皮流浸膏 15ml、吐根酊 60ml、盐酸麻黄碱 0.375g,以上四味，将桔梗流浸膏、桑白皮流浸膏、吐根酊、盐酸麻黄碱的水溶液，枸橼酸 0.208g 与枸橼酸钠 2.08g 的水溶液，依次加入糖粉中，混匀，制成颗粒，干燥，喷入食用香精的乙醇溶液适量，混匀，制成 1000g，即得
小儿化痰止咳糖浆,糖浆剂,祛痰止咳。用于小儿咳嗽，支气管炎,桔梗流浸膏 10ml、桑白皮流浸膏 15ml、吐根流浸膏 3ml、盐酸麻黄碱 0.375g,以上四味，除盐酸麻黄碱外，其余桑白皮流浸膏等三味，加等量水及滑石粉适量，搅匀，静置使沉淀，吸取上清液，滤过。另取蔗糖 600g 加水 300ml 煮沸使溶解，滤过，滤液与上述上清液混合，放冷，加入盐酸麻黄碱、枸橼酸 0.208g、枸橼酸钠 2.08g、苯甲酸 2g、氯仿 2ml、香精 1.77ml、八角茴香油 0.06ml 的乙醇溶液适量，随加随搅拌，加水调整总量至 1000ml，搅匀，即得
小儿百日咳散,散剂,止咳，化痰，平喘。用于小儿百日咳及各种咳嗽,牛蒡子（炒）18g、川贝母 45g、旋覆花（蜜炙）18g、紫苏子（炒）18g、桑白皮（蜜炙）18g、枳壳（麸炒）18g、陈皮 45g、山楂 18g、葶苈子（微炒）27g、百部（蜜炙）18g、桔梗 18g、法半夏 45g、青蒿 18g、麻黄 180g,以上十四味，粉碎成细粉，过筛，混匀，即得
小儿咳喘宁糖浆,糖浆剂,宣肺泄热，平喘祛痰，止咳消食。用于表邪入里，肺热壅遏，兼有食积引起的哮喘咳嗽，痰多色黄，纳呆便秘等,麻黄 40g、苦杏仁 120g、生石膏 120g、甘草 40g、前胡 80g、紫苏子 80g、陈皮 40g、桔梗 80g、黄芩 80g、桑白皮 80g、瓜蒌 80g、莱菔子 80g、山楂（焦）27g、六神曲（焦）27g、麦芽（焦）27g,以上十五味，苦杏仁制取杏仁水，其余麻黄等十四味，加水煎煮二次，第一次 2 小时，第二次 1 小时，合并煎液，滤过，滤液静置 48 小时，取上清液，浓缩至适量，加入蔗糖 400g 及防腐剂适量，煮沸使溶解，加入苦杏仁水，混匀，静置，取上清液，加入香精适量，加水至 1000ml，搅匀，滤过，即得
小儿感冒宁糖浆,糖浆剂,疏散风热，清热止咳。用于春、秋、冬季小儿感冒发烧，汗出不爽，鼻塞流涕，咳嗽咽痛,薄荷 80g、荆芥穗 67g、苦杏仁 80g、牛蒡子 80g、黄芩 80g、桔梗 67g、前胡 80g、白芷 27g、栀子（炒）40g、山楂（焦）27g、六神曲（焦）27g、麦芽（焦）27g、芦根 120g、金银花 120g、连翘 80g,以上十五味，除薄荷、荆芥穗提取挥发油，苦杏仁制取杏仁水外，其余牛蒡子等十二味加水煎煮二次，第一次 2 小时，第二次 1 小时，滤过，合并滤液，静置 48 小时，取上清液浓缩至适量，加入蔗糖 4000g 及防腐剂适量，煮沸使溶解，加入杏仁水混匀，静置，取上清液，加入挥发油、香精等，随加随搅拌，加水至 1000ml，搅匀，滤过，分装，即得
女科十珍丸,丸剂,补益气血，理气调经。用于气血虚弱而气滞的月经不调，痛经等症,香附（四制）120g、党参 80g、白术（土炒）120g、茯苓 80g、当归 120g、白芍 80g、熟地黄 160g、川芎（蒸）60g、茺蔚子 60g、甘草（蜜炙）40g,以上十味，粉碎成细粉，混匀。每 100g 粉末加炼蜜 40~50g 与适量的水，泛丸，低温干燥，即得
天王补心液,口服液,滋阴养血，补心安神。用于心阴不足，心悸健忘，失眠多梦，大便干燥,丹参 12.5g、当归 25g、石菖蒲 12.5g、党参 12.5g、茯苓 12.5g、五味子 25g、麦冬 25g、天冬 25g、地黄 100g、玄参 12.5g、远志（制）12.5g、酸枣仁（炒）25g、柏子仁 25g、桔梗 12.5g、甘草 12.5g,以上十五味，桔梗用 80% 乙醇加热回流提取二次，每次 2 小时，柏子仁用 70% 乙醇、茯苓用 60% 乙醇作溶剂，照流浸膏剂与浸膏剂项下的渗漉法（附录 17 页）进行渗漉，渗漉液合并，回收乙醇，浓缩至适量；石菖蒲馏取芳香水约 38ml；药渣与党参、丹参、生地、玄参、远志、甘草加水煎煮二次，每次 2 小时，合并煎液，滤过，滤液浓缩至适量，加乙醇使含醇量为 50%，静置，滤取上清液，回收乙醇，浓缩至适量；麦冬、天冬加水煎煮二次，每次 2 小时，合并煎液，滤过，滤液浓缩至适量；当归、五味子、酸枣仁照流浸膏剂与浸膏剂项下的渗漉法（附录 17 页），用 50% 乙醇作溶剂，进行渗漉，收集漉液 312ml，与上述各浓缩液及芳香水合并，静置，滤过，加单糖浆 282ml，并加适量乙醇及水使成 1000ml，搅匀，静置，滤过，即得
无比山药丸,丸剂,健脾补肾。用于脾肾两虚，食少肌瘦，腰膝酸软，目眩耳鸣,山药 300g、熟地黄 100g、杜仲（姜汁炒）300g、肉苁蓉 400g、山茱萸（蒸）100g、茯苓 100g、菟丝子 300g、巴戟天 100g、泽泻 100g、牛膝 100g、五味子（蒸）150g、赤石脂（煅）100g,以上十二味，粉碎成细粉，过筛，混匀。每 100g 粉末加炼蜜 45~55g 与适量的水泛丸，干燥，即得
止泻冲剂,颗粒剂,清热解毒，燥湿导滞，理气止痛。用于急性肠胃炎，止呕止泻，退热止痛,葎草 1000g、辣蓼 1000g、南五味子根茎 500g,以上三味，加水煎煮二次，每次 1.5 小时，合并煎液，滤过，滤液浓缩至相对密度为 1.38~1.40（68~73℃）的清膏。取清膏 1 份，加蔗糖粉 3 份，糊精 1 份，乙醇适量，制成颗粒，干燥，即得
止咳宁嗽胶囊,胶囊剂,疏风散寒，宣肺解表，镇咳祛痰。用于风寒咳嗽，呕吐，咽喉肿痛等症,桔梗 125g、荆芥 125g、百部 100g、紫菀（制）100g、白前（制）100g、前胡 50g、款冬花（蜜炙）50g、麻黄（蜜炙）25g、陈皮 50g、苦杏仁（炒）50g、防风 50g,以上十一味，粉碎成细粉，过筛，混匀，制成颗粒，干燥，分装于胶囊中，即得
止咳枇杷合剂,口服液,清肺，止咳，化痰。用于咳嗽多痰，支气管炎,枇杷叶 391g、白前 125g、桑白皮 234g、桔梗 78g、百部 94g、薄荷脑 2.5g,以上六味，除薄荷脑外，其余五味加水煎煮二次，滤过，合并滤液，浓缩至适量，取蔗糖 400g，加水煮沸，滤过，与浓缩液合并，浓缩至约 1000ml，加苯甲酸钠 3g，放冷，加入薄荷脑、香精适量，加水使成 1000ml，搅匀，即得
止咳枇杷糖浆,糖浆剂,清肺，止咳，化痰。用于咳嗽多痰，支气管炎,枇杷叶 391g、白前 125g、桑白皮 234g、桔梗 78g、百部 94g、薄荷油 3ml,以上六味，除薄荷油外，枇杷叶、桔梗、百部、桑白皮粉碎成粗粉。照流浸膏剂与浸膏剂项下的渗漉法（附录 17 页），用 50~60% 乙醇为溶剂进行渗漉，收集漉液，回收乙醇，浓缩成 1:2 的稠膏；白前加水煎煮 2 次，每次 1 小时，合并煎液，滤过，浓缩成 1:2 的稠膏，放置 12 小时，滤过，加水适量稀释后，加蔗糖 900g、苯甲酸 3.75g，枸橼酸 0.75g，煮沸使溶解，趁热滤过，加入上述醇浸膏，搅匀，加入薄荷油及香精 4.05ml（溶于适量乙醇），加水至 1500ml，搅匀，灌装，即得
止痒消炎水,酊剂,消炎、止痒。用于夏季皮炎，痱子，皮肤瘙痒等,苦参 75g、白鲜皮 75g、蛇床子 75g、薄荷脑 10g、冰片 10g、水杨酸 30g、麝香草酚 5g,以上七味，取苦参、白鲜皮粉碎成粗粉，与蛇床子混合，照流浸膏剂与浸膏剂项下的渗漉法（附录 17 页），用乙醇为溶剂，浸渍 24 小时后进行渗漉，收集漉液 800ml，用活性炭适量脱色，滤过。其余薄荷脑等四味，加乙醇适量使溶解，与上述滤液混合，滤过，加乙醇与水适量，使成 1000ml，即得
牛黄清热胶囊,胶囊剂,清热镇惊。用于温邪入里引起的高烧痉厥，四肢抽动，烦躁不安，痰浊壅塞,黄连 100g、黄芩 100g、栀子 100g、郁金 100g、寒水石 100g、牛黄 100g、水牛角浓缩粉 40g、琥珀粉 50g、玳瑁粉 100g、朱砂 50g、冰片 30g,以上十一味，除水牛角浓缩粉、琥珀粉、玳瑁粉、牛黄、冰片外，朱砂水飞或粉碎成极细粉；其余黄连等五味粉碎成细粉，将冰片研细，与上述粉末配研，过筛，混匀，装入胶囊，即得
升气养元糖浆,糖浆剂,补益元气，健脾养血。用于气血不足，脾胃虚弱，血虚萎黄，四肢乏力,党参 125g、黄芪 125g、龙眼肉 50g,以上三味，加水煎煮二次，第一次 2 小时，第二次 1 小时，合并煎液，滤过，静置，取上清液浓缩至适量，加蔗糖 500g，加水适量，溶解，煮沸，加入防腐剂适量，搅匀，滤过，加水使全量为 1000ml，即得
化虫丸,丸剂,杀虫消积。用于虫积腹痛，蛔虫、绦虫、蛲虫等寄生虫病,鹤虱 500g、玄明粉 500g、大黄 250g、苦楝皮 250g、雷丸 250g、牵牛子（炒）250g、槟榔 250g、芜荑 250g、使君子（去壳）250g,以上九味，粉碎成细粉，过筛，混匀，用水泛丸，干燥，制成 2612g，即得
乌鸡桂圆补酒,酒剂,养阴益心脾，和血通络。用于心悸怔忡，健忘失眠，月经不调，筋骨痹痛,龙眼肉 20g、乌鸡（去毛爪内脏）20g、香加皮 4g、黄芪 10g、玉竹 8g、当归 2g,以上六味，取乌鸡、龙眼肉加白酒加热回流二次，第一次 2 小时，第二次 1 小时，合并回流液，滤过，滤液备用；滤渣经烘干后与其余黄芪等四味及蔗糖适量一起粉碎成粗粉，用白酒浸渍二星期，滤过，滤液与上述回流液混匀，放置澄清，取上清液，用白酒配制成 1050ml，即得
风油精,口服液,消炎、镇痛，清凉、止痒，驱风。用于伤风感冒引起的头痛、头晕以及由关节痛、牙痛、腹部胀痛和蚊虫叮咬、晕车等引起的不适,薄荷脑 320g、水杨酸甲酯 260g、樟脑 30g、桉油 30g、丁香酚 30g,以上五味，取薄荷脑、樟脑，加入液状石蜡适量，再加入桉油、水杨酸甲酯、丁香酚、香精 10g、叶绿素适量，加液状石蜡使成 1000g，混匀，静置 24 小时，取澄清液，分装，即得
风痛灵,颗粒剂,活血散瘀，消肿止痛。用于扭挫伤痛，风湿痹痛，冻疮红肿,乳香 25g、没药 25g、血竭 2g、麝香草脑 10g、冰片 30g、樟脑 30g、薄荷脑 280g、氯仿 20.3ml、香精 80ml、丁香罗勒油 40.1ml、水杨酸甲酯适量,以上十一味，取乳香、没药粉碎成细粉，取没药粉加水杨酸甲酯适量，搅拌 1 小时后，静置过夜，再加入乳香细粉，于 38℃搅拌 3 小时，滤过，滤液备用。药渣加氯仿，搅拌 0.5 小时，滤过，滤液备用。药渣再加水杨酸甲酯适量于 38℃提取二次，第一次搅拌 3 小时，第二次搅拌 2 小时，滤过，合并上述各滤液，加入血竭等七味，搅拌，溶解，滤过，加水杨酸甲酯至 1000g，即得
风寒咳嗽丸,丸剂,温肺散寒，祛痰止咳。用于外感风寒，头痛鼻塞，痰多咳嗽，胸闷气喘,陈皮 100g、法半夏 150g、青皮 100g、苦杏仁 100g、麻黄 100g、紫苏叶 100g、五味子 100g、桑白皮 100g、甘草（蜜炙）100g,以上九味，苦杏仁压榨去油，与其余陈皮等八味共粉碎成细粉，过筛，混匀。另取生姜 150g 加水煎煮二次，合并煎液，滤过，滤液浓缩至适量，与上述粉末泛丸，干燥，即得
风湿止痛药酒,酒剂,祛风除湿。用于腰腿疼痛，肢体麻木，手足拘挛，关节疼痛,威灵仙 500g、马钱子（制）100g、防己 500g、穿山龙 500g、羌活 500g、茜草 500g、槲寄生 500g、麻黄 100g、独活 500g,以上九味，酌予碎断，装入布袋，置容器内，加入白酒 25000g，密闭浸泡 30~40 天，每天搅拌一次，取出布袋压榨，榨出液澄清后与浸液合并，加入蔗糖 1000g，搅拌使溶解，密闭，静置 15 天以上，滤过，即得
六君子丸,丸剂,补脾益气，燥湿化痰。用于脾胃虚弱，食量不多，气虚痰多，腹胀便溏,党参 200g、白术（麸炒）200g、茯苓 200g、半夏（制）200g、陈皮 100g、甘草（蜜炙）100g,以上六味，粉碎成细粉，过筛，混匀。另取生姜 100g，大枣 200g 煎汁，泛丸，干燥，即得
六郁丸,丸剂,疏郁化结，顺气导滞。用于气、血、痰、湿、食、火郁结,香附（醋炙）60g、木香 15g、青皮（醋炙）30g、陈皮 60g、砂仁 30g、郁金 60g、三棱（麸炒）15g、莪术（醋炙）90g、猪牙皂 30g、槟榔 60g、六神曲（麸炒）60g、麦芽 60g、广藿香 30g、黄连 7.5g、大黄 60g、牵牛子（炒）60g、甘草 7.5g,以上十七味，粉碎成细粉，过筛，混匀，用水泛丸，干燥，即得
心可宁胶囊,胶囊剂,活血散瘀，开窍止痛。用于冠心病，心绞痛，胸闷，心悸，眩晕,丹参 732g、三七 141.6g、冰片 1.22g、水牛角浓缩粉 47.2g、蟾酥 0.79g、红花 48.4g、牛黄 6.3g、人参须 94.4g,以上八味，丹参加水煎煮 3 小时，滤过，滤液浓缩至适量，另取人参须、三七、红花粉碎成粗粉，与丹参浓缩液拌匀，干燥，粉碎成细粉，过筛，再与牛黄、水牛角浓缩粉、蟾酥、冰片混合研磨均匀，装入胶囊，制成 1000 粒，即得
双龙风湿跌打膏,膏剂,镇痛，消肿，去瘀。用于跌打挫伤红肿，积瘀疼痛，关节痛，风湿骨痛,双龙风湿跌打流浸膏 300g、水杨酸甲酯 300g、松节油 100g、桂皮油 50g、樟脑 100g、薄荷油 200g、扑尔敏 0.9g,以上七味，双龙风湿跌打流浸膏系取双眼龙、两面针、三叉苦、牛大力、山桂花根各等量，粉碎成粗粉，用 90% 乙醇加热回流，浓缩，制成相对密度约为 1.05 的流浸膏。按处方量称取各药，另加 3.7~4.0 倍重量由橡胶、松香等制成的基质，制成涂料。进行涂膏，切段，盖衬，切成小块，即得
甘和茶,茶剂,清暑散热，生津止渴。用于感冒发热，中暑口渴，预防感冒,黄芩 75g、甘草 75g、高良姜 75g、苍术 59g、防风 56g、赤芍 75g、柴胡 56g、青皮 56g、神曲（炒）1500g、金樱根 56g、山楂（炒）38g、青蒿 38g、桔梗 56g、紫苏叶 30g、救必应 300g、岗梅 1500g、水翁花 56g、荆芥 56g、苦丁茶 38g、麦芽（炒）1500g、茶叶 6000g,以上二十味，加水煎煮二次，滤过，滤液适当浓缩，趁热均匀喷洒于茶叶 6000g 中，使吸尽，干燥，分装成 1000 包；或取茶叶 4000g，处方各药加水煎煮二次，滤过，滤液加入经适当粉碎的茶叶 2000g 中，混匀，干燥，分装成 1000 袋，即得
甘露消毒丸,丸剂,芳香化浊，清热解毒。用于暑湿蕴结，身热肢酸，胸闷腹胀，尿赤黄疸,滑石 300g、茵陈 220g、石菖蒲 120g、木通 100g、射干 80g、豆蔻 80g、连翘 80g、黄芩 200g、川贝母 100g、藿香 80g、薄荷 80g,以上十一味，滑石水飞或粉碎成极细粉；其余茵陈等十味粉碎成细粉，与上述滑石粉配研，过筛，混匀，用水泛丸，干燥，即得
甘露解热口服液,口服液,清热解毒，解肌退热。用于内蕴伏热，外感时邪引起的高热不退，烦躁不安，咽喉肿痛，大便秘结等症,金银花 150g、蝉蜕 300g、滑石 250g、黄芩 38g、赤芍 150g、板蓝根 250g、羚羊角片 15g,以上七味，羚羊角片加水煎煮二次，第一次 6 小时，第二次 4 小时，滤过，合并滤液；其余金银花等六味加水煎煮二次，第一次 2 小时，第二次 1 小时，滤过，合并滤液，浓缩至相对密度为 1.20~1.30（50℃）。加乙醇使含醇量为 50%，充分搅拌后静置 48 小时，取上清液回收乙醇并浓缩至相对密度为 1.20~1.25（50℃），冷藏 48 小时，滤过，滤液与上述羚羊角水煎液合并，加 65% 蔗糖溶液 380ml，混匀，冷藏 48 小时，滤过，加水至 1000ml，灌封，灭菌，即得
归肾丸,丸剂,滋阴养血，填精益髓。用于肾水不足，腰酸脚软，精亏血少，头晕耳鸣,熟地黄 240g、枸杞子 120g、山茱萸 120g、菟丝子 120g、茯苓 120g、当归 120g、山药（炒）120g、杜仲（盐炒）120g,以上八味，粉碎成细粉，过筛，混匀，每 100g 粉末加炼蜜 30~50g 与适量水，泛丸，干燥，即得
归脾液,口服液,益气健脾，养血安神。用于心脾两虚，气短心悸，失眠多梦，头昏头晕，肢倦乏力，食欲不振，崩漏便血,党参 40g、白术（炒）80g、黄芪（蜜炙）40g、甘草（蜜炙）20g、茯苓 80g、远志（制）80g、酸枣仁（炒）40g、龙眼肉 80g、当归 80g、木香 20g、大枣（去核）20g,以上十一味，白术用 80% 乙醇、茯苓用 60% 乙醇作溶剂，分别照流浸膏剂与浸膏剂项下渗漉法（附录 17 页）渗漉，收集渗漉液；黄芪、党参、龙眼肉、远志、甘草、大枣加水煎煮二次，每次 2 小时，合并煎液，滤过，滤液浓缩至适量，加乙醇使含醇量达 50%，搅匀，静置，滤过，与上述渗漉液合并，回收乙醇，浓缩至适量；取枣仁、当归、木香照流浸膏剂与浸膏剂项下渗漉法（附录 17 页），用 50% 乙醇作溶剂进行渗漉，收集渗漉液 340ml，与上述浓缩液混匀，静置，滤过，滤液加单糖浆 380ml，加水或乙醇适量使成 1000ml，搅匀，静置，滤过，即得
叶绿油,搽剂,芳香开窍，消疲提神，祛风除湿，理气止痛。用于关节痛，神经痛，扭挫伤痛，伤风感冒引起的头痛及蚊虫叮咬痒痛，晕车、中暑和疖疮初起，小伤出血，轻度烫伤；内服驱除肠胃积气，止痛，止泻,薄荷油 50ml、丁香油 50ml、桂皮油 30ml、薄荷脑 300g、冬青油 200ml、桉叶油 50ml、冰片 50g、樟脑 50g,以上八味，取薄荷脑、冰片、樟脑等三味，研成细粉；另取叶绿素 8g，加液状石蜡适量溶化，加入上述细粉及剩余的薄荷油等五味和香精 50ml，并加液状石蜡至 1000ml，搅拌使完全溶解，静置 24 小时，取上清液分装，即得
四时甘和茶,茶剂,祛暑解表，消积，醒酒。用于感冒中暑，食积腹胀，呕吐泄泻，醉酒,稻芽 43g、山楂 43g、薄荷 43g、柴胡 43g、乌药 43g、防风 43g、陈皮（制）43g、广藿香 43g、厚朴（姜制）43g、紫苏 43g、荆芥 86g、茶叶 433g,以上十二味，将广藿香、薄荷、紫苏三味取叶，荆芥取穗揉碎，与茶叶（碎叶状）混匀，其余茎枝与其余稻芽等七味加水煎煮二次，第一次 2 小时，第二次 1 小时，合并煎液，滤过，滤液浓缩至适量，与上述碎末混匀，吸尽浓缩液，低温干燥，熔炒至具芳香味，即得
四逆散,散剂,透解郁热，疏肝理脾。用于热厥手足不温，脘腹胁痛，泄痢下重,柴胡 250g、甘草 250g、白芍 250g、枳壳（麸炒）250g,以上四味，粉碎成粗粉，混匀，即得
史国公药酒,酒剂,祛风除湿，活血通络。用于风寒湿痹，骨节疼痛，四肢麻木,玉竹 160g、鳖甲（醋酥）90g、白术（麸炒）60g、牛膝 60g、桑寄生 50g、蚕砂 60g、川芎 40g、防风 40g、木瓜 60g、当归 30g、红花 30g、甘草 30g、羌活 20g、独活 20g、续断 30g、鹿角胶 10g、红曲 120g,以上十七味，鳖甲粉碎成粗粉，用适量白酒浸渍 15 天以上；将鹿角胶溶化，另器保存；其余玉竹等十五味粉碎成粗粉，与浸渍的鳖甲混匀，照流浸膏剂与浸膏剂项下的渗漉法（附录 17 页），用白酒作溶剂，浸渍 10-15 天后，缓缓渗漉，收集漉液。另取蔗糖 3200g 制成糖浆，加入鹿角胶溶液，搅匀，滤过，待温，加入滤液内，搅匀，静置，滤过，制成约 20300ml，即得
玄麦甘桔冲剂,颗粒剂,滋阴清热，祛痰利咽。用于虚火上炎，口鼻干燥，咽喉肿痛,玄参 200g、麦冬 200g、甘草 100g、桔梗 200g,以上四味，加水煎煮三次，第一次 1.5 小时，第二、三次各 1 小时，合并煎液，滤过，滤液静置 12 小时，取上清液浓缩至相对密度为 1.32~1.35（80~85℃）的清膏。取清膏 1 份，加蔗糖 4.5 份、糊精 1 份，制成颗粒，干燥，即得
宁嗽化痰丸,丸剂,止嗽化痰，清热定喘。用于多年咳嗽，老病痰喘，咽干口渴，胸闷气短，痰中带血,紫菀 50g、知母 25g、麦冬 40g、黄芩 10g、百合 40g、玄参 10g、当归 25g、紫苏子 (炒) 10g、五味子 25g、地黄 50g、百部 20g、橘红 40g、款冬花 10g、半夏曲 (麸炒) 25g、天冬 10g、天花粉 25g、桑白皮 50g、川贝母 25g、前胡 40g、旋覆花 10g、桔梗 25g、甘草 10g、栀子 25g、苦杏仁 (炒) 10g,以上二十四味，粉碎成细粉，过筛，混匀。每 100g 粉末加炼蜜 100~120g 制成大蜜丸，即得
头风痛丸,丸剂,祛风止痛。用于偏头痛，眉棱骨痛，额窦炎,白芷 420g、川芎 60g、绿茶 30g,以上三味，粉碎成细粉，过筛，混匀，用水泛丸，晒干或低温干燥，即得
头痛定糖浆,糖浆剂,养阴，清热，止痛。用于神经性头痛，脑震荡后遗症等,石仙桃 4000g (或干品 500g),取石仙桃 4000g (或干品 500g)，加水煎煮二次，第一次 2 小时，第二次 1.5 小时，合并煎液，滤过，滤液浓缩至适量，加入蔗糖 500g 及防腐剂适量，煮沸使溶解，滤过，调节 pH 值至规定范围，加水至 1000ml，搅匀，即得
加味银翘片,片剂,辛凉透表，清热解毒。用于外感风热，发热头痛，咳嗽，口干，咽喉疼痛,金银花 80g、连翘 160g、忍冬藤 80g、桔梗 100g、甘草 80g、地黄 100g、淡豆豉 80g、牛蒡子 100g、淡竹叶 65g、荆芥 65g、栀子 65g、薄荷 100g,以上十二味，地黄、桔梗粉碎成细粉，过筛，混匀；连翘、荆芥、薄荷提取挥发油；蒸馏后的水溶液另器收集；牛蒡子用 60% 乙醇加热回流提取二次，合并提取液，滤过，回收乙醇；其余金银花等六味与上述药渣加水煎煮二次，合并煎液，滤过，滤液与牛蒡子乙醇提取液、蒸馏后的水溶液合并，浓缩成稠膏，与上述粉末混匀，干燥，粉碎，制成颗粒，喷入挥发油，混匀，压制成 400 片，即得
加减地黄丸,丸剂,滋补肝肾。用于肝肾不足，头晕耳鸣，潮热，盗汗遗精,女贞子 128g、郁金 (醋制) 32g、茯苓 32g、熟地黄 40g、地骨皮 56g、五味子 (醋制) 32g、地黄 92g、山药 (麸炒) 160g、泽泻 (麸炒) 120g,以上九味，粉碎成细粉，过筛，混匀。每 100g 粉末加炼蜜 35~50g 与适量的水，泛丸，干燥；或加炼蜜 80~100g 制成大蜜丸，即得
老年咳喘片,片剂,滋阴壮阳，扶正固本。提高免疫能力，促进病体康复。用于老年慢性支气管炎及各种体虚症,黄芪 110g、白术 66g、防风 66g、甘草 44g、黄精 66g、淫羊藿 66g、补骨脂 66g,以上七味，取黄芪 70.4g、白术、黄精粉碎成细粉；剩余黄芪及其余防风等四味加水煎煮二次，第一次 2 小时，第二次 1.5 小时，合并煎液，滤过，滤液浓缩成稠膏，加入上述细粉及辅料适量，混匀，制成颗粒，干燥，压制成 1000 片，包糖衣，即得
西黄丸,丸剂,清热解毒，和营消肿。用于痈疽疔毒，瘰疬，流注，癌肿等,牛黄 15g、麝香 15g、乳香 (醋制) 550g、没药 (醋制) 550g,以上四味，牛黄、麝香研细，另取黄米 350g，蒸熟烘干，与乳香、没药粉碎成细粉，过筛，再与牛黄、麝香粉末配研，过筛，混匀。用水泛丸，置通风干燥处阴干，即得
百部丸,丸剂,润肺止咳，补虚杀虫。用于骨蒸劳嗽，肺结核病,百部粉 100g、小雌鸡 (去毛爪肠) 1000g,以上二味，将小雌鸡蒸炖至熟烂，与百部粉混匀，干燥，再粉碎成细粉，用水泛丸，干燥，即得
回生第一丹胶囊,胶囊剂,活血散瘀，消肿止痛。用于跌打损伤，闪腰岔气，伤筋动骨，皮肤青肿，血瘀疼痛,土鳖虫 30g、当归 60g、乳香 (醋炙) 12g、血竭 12g、自然铜 (煅醋淬) 18g、麝香 6g、朱砂 12g,以上七味，除朱砂水飞或粉碎成极细粉外，麝香研成细粉，其余土鳖虫等五味粉碎成细粉，与上述朱砂、麝香粉末配研，过筛，混匀，装入胶囊，即得
伤风咳茶,茶剂,解表发散，清肺止咳。用于伤风发热，咳嗽鼻塞,苦杏仁 290g、菊花 145g、桑叶 290g、荆芥 145g、桔梗 290g、薄荷 116g、芦根 290g、甘草 116g、连翘 230g、紫苏叶 116g,以上十味，粉碎成粗粉，混匀，加入淀粉糊适量，拌匀，压制成 100 块，干燥；或取适量桑叶、甘草粉碎成粗粉，荆芥、薄荷、紫苏叶、连翘、菊花提取挥发油，药渣与其余各药加水煎煮二次，滤过，合并滤液，浓缩至稠膏状，加入桑叶、甘草粗粉，混匀，干燥，喷入上述挥发油，混匀，分装成 200 袋，即得
伤湿丸,丸剂,舒筋活络，清热除湿，消肿止痛。用于跌打损伤，扭伤，腰肌劳损，风湿筋骨痛，神经痛,蔓九节 500g、骨碎补 400g、黄毛耳草 250g,以上三味，取黄毛耳草 75g 和蔓九节、骨碎补加水煎煮两次，每次 2 小时，滤过，合并滤液，浓缩成稠膏，取剩余的黄毛耳草粉碎成细粉，与炼蜜适量，加入上述稠膏中，混匀，制成大蜜丸，即得
杀虫丸,丸剂,杀虫导滞。用于肠道虫积引起的虫积腹痛，停食停乳，饮食少进，大便燥结,槟榔 300g、雷丸 300g、使君子仁 300g、苦楝皮 300g、鹤虱 300g、牵牛子 (炒) 150g、大黄 75g、木香 60g,以上八味，粉碎成细粉，过筛，混匀。每 100g 粉末加炼蜜 120~140g 制成大蜜丸，即得
安尔眠糖浆,糖浆剂,安神。用于神经衰弱和失眠,丹参 (切片) 600g、首乌藤 200g、大枣 100g,以上三味，加水煎煮两次，第一次 2 小时，第二次 1 小时，滤过，合并滤液，滤液浓缩至约 900ml，加蔗糖 200g、糖精钠 0.6g 及防腐剂适量，溶解，滤过，滤液加香草香精 0.5ml，加水调至总量为 1000ml，搅匀，即得
羊痫疯癫丸,丸剂,平肝舒气，降痰疗痫。用于痰热内闭，忽然昏倒，口角流涎，手足抽动,清半夏 60g、厚朴 (姜制) 60g、天竺黄 60g、羌活 60g、郁金 60g、橘红 60g、天南星 (制) 60g、天麻 36g、香附 (醋制) 36g、三棱 (醋制) 36g、延胡索 (醋制) 36g、芥子 (炒) 36g、细辛 24g、青皮 (醋制) 24g、沉香 24g、降香 36g、莪术 (醋制) 36g、枳壳 (炒) 36g、乌药 24g、防风 24g、羚羊角 12g,以上二十一味，羚羊角铿研成极细粉，清半夏等二十味粉碎成细粉，与上述羚羊角粉末配研，过筛，混匀，用水泛丸，干燥。每 500g 干丸，另用金礞石粉末 60g、明胶适量化水，包衣，打光，干燥，即得
冲和散,散剂,活血散瘀，消肿止痛。用于痈疽初起，湿痰流注、瘀血流注,紫荆皮 500g、白芷 150g、石菖蒲 300g、独活 200g、赤芍 300g,以上五味，粉碎成细粉，过筛，混匀，即得
妇科得生丸,丸剂,解郁和肝，化瘀调经。用于肝郁不舒，气凝血滞引起的经期不准，行经腹痛，胸满肋痛，午后身烧，倦怠食少,益母草 960g、白芍 240g、当归 240g、羌活 60g、柴胡 60g、木香 60g,以上六味，粉碎成细粉，过筛，混匀。每 100g 粉末加炼蜜 200~220g 制成大蜜丸，即得
妇科通经丸 (保坤丹),丹剂,破瘀通经，解郁止痛。用于痛经，闭经，胸隔痞闷，腰腹胀痛,巴豆 (制) 225g、红花 80g、大黄 (醋炒) 160g、干漆 (炭) 160g、沉香 160g、香附 (醋炒) 200g、木香 163g、莪术 (醋煮) 163g、三棱 (醋炒) 163g、郁金 163g、鳖甲 (醋制) 163g、黄芩 163g、硇砂 (醋制) 100g、艾叶 (炭) 163g、穿山甲 (醋制) 75g,以上十五味，除制巴豆外，其余香附等十四味粉碎成细粉，过筛，再与制巴豆混匀。每 100g 粉末加黄蜡 100g 泛丸。每 500g 小丸用朱砂 7.8g 包衣，打光，即得
护肝片,片剂,疏肝理气，健脾消食。具有降低转氨酶作用。用于慢性肝炎，迁延性肝炎及早期肝硬化等,猪胆膏粉 20g、五味子浸膏 48g、保肝浸膏 181g,取五味子浸膏、保肝浸膏分别加绿豆粉适量，混匀，减压干燥后，与猪胆膏粉混合粉碎成细粉，制成颗粒，低温干燥，压制成 1000 片，包糖衣，即得
肝舒乐冲剂,颗粒剂,疏肝开郁，和解少阳，清热解毒，利黄疸，健脾胃。用于黄疸型及非黄疸型肝炎；对慢性肝炎，迁延性肝炎亦有一定疗效,夏枯草 100g、蒲公英 75g、柴胡 75g、白茅根 50g、茵陈 75g、甘草 50g、马蓝草 75g、苍术 50g、虎杖 75g,以上九味，甘草、苍术粉碎成粗粉与其余夏枯草等七味加水煎煮两次，每次 2 小时，合并煎液，滤过，滤液浓缩至相对密度约为 1.26 (80℃) 的清膏。取清膏 1 份，蔗糖 3 份，糊精 1 份，制成颗粒，干燥，即得
肝福冲剂,颗粒剂,清热，利湿，舒肝，理气。用于急性黄疸性肝炎，慢性肝炎活动期，急慢性胆囊炎,金钱草 150g、茵陈 150g、板蓝根 150g、黄芩 150g、枳壳 (炒) 100g、柴胡 (制) 100g、栀子 100g、五仁醇浸膏 (量未明确，按制剂工艺计，总量以最终制成颗粒量为准),以上八味，除五仁醇浸膏外，其余金钱草等七味加水煎煮两次，每次 1 小时，合并煎液，静置 8 小时，滤过，滤液减压浓缩成膏状，加乙醇使含醇浓度达 50%，静置 12 小时，滤过，减压回收乙醇至无醇味，所得稠膏相对密度约为 1.29~1.32 (22℃)。将五仁醇浸膏与上述稠膏混匀，加蔗糖粉适量，混匀，制成颗粒，干燥，即得
沉香化滞丸,丸剂,理气化滞。用于饮食停滞，胸腹胀满,沉香 2g、牵牛子 (炒) 6g、枳实 (炒) 6g、五灵脂 (制) 6g、山楂 (炒) 10g、枳壳 (炒) 10g、陈皮 10g、香附 (制) 10g、厚朴 (制) 10g、莪术 (制) 10g、砂仁 10g、三棱 (制) 4g、木香 4g、青皮 4g、大黄 30g,以上十五味，粉碎成细粉，过筛，混匀，用水泛丸，干燥，即得
灵源万应茶,茶剂,疏风解表，调胃健脾，祛痰利湿。用于感冒发热、中暑、痢疾、腹痛吐泻,木香 25g、枳壳 (麸制) 5g、荆芥 2.5g、赤芍 2.5g、大黄 (酒制) 2.5g、甘松 15g、天花粉 2.5g、槟榔 5g、白扁豆 5g、飞扬草 80g、枳实 (麸制) 5g、稻芽 10g、茯苓 10g、陈皮 (四制) 5g、厚朴 (姜制) 2.5g、肉桂 10g、爵床 50g、铁苋菜 40g、半夏 (姜制) 2.5g、甘草 50g、广藿香 5g、前胡 2.5g、川木通 2.5g、麦芽 2.5g、小茴香 5g、白芍 5g、荷叶 10g、木瓜 5g、丁香 2.5g、酢酱草 2.5g、青蒿 5g、紫苏 10g、车前子 5g、白芷 5g、野甘草 75g、红豆蔻 (姜制) 2.5g、苍术 (炒) 2.5g、金银花 25g、肉豆蔻 2.5g、茵陈 5g、山楂 2.5g、香蕉 5g、鬼针草 400g、积雪草 50g、一点红 25g、防风 5g、泽泻 (盐制) 2.5g、柴胡 5g、狗肝菜 5g、白术 (土炒) 5g、紫花地丁 5g、虎咬红 25g、桑白皮 5g、滑石 300g、红茶叶 200g,以上五十九味，取木香、丁香、小茴香、肉桂和甘松粉碎成细粉备用；其余广藿香等五十四味粉碎成中粉，加麦粉 1000g 与适量水拌匀，置热压灭菌半小时，放冷后，加入上述细粉混匀，再加适量水制成软材，制粒，分装成 360 袋，或压制成 120 块，低温干燥，即得
青蛤散,散剂,清热解毒，燥湿杀虫。用于皮肤湿疮，黄水疮,蛤壳 (煅) 600g、石膏 (煅) 600g、黄柏 300g、青黛 180g、轻粉 300g,以上五味，轻粉粉碎成极细粉，其余蛤壳等四味粉碎成细粉，与轻粉配研，混匀，过筛，即得
武力拔寒散,散剂,祛风散寒，活血通络。用于感受风寒，筋骨麻木，肩背酸痛，腰痛寒腿，饮食失调，胃寒作痛，肾寒精冷，子宫寒冷，行经腹痛，寒湿带下,白花菜子 600g、花椒 (青椒去目) 500g,以上二味，粉碎成粗粉，过筛，混匀，即得
肾舒冲剂,颗粒剂,清热解毒，利水通淋。用于尿道炎，膀胱炎，急、慢性肾盂肾炎,白花蛇舌草 1000g、大青叶 500g、瞿麦 300g、篇蓄 300g、海金沙藤 500g、淡竹叶 300g、黄柏 300g、茯苓 500g、地黄 300g、甘草 100g,以上十味，加水煎煮两次，每次 1 小时，合并煎液，滤过，滤液浓缩至适量，加乙醇使含醇量为 40%。静置 24 小时，取上清液浓缩至相对密度为 1.38~1.40 (60~65℃) 的清膏，取清膏 1 份，加蔗糖粉 4 份、糊精 1 份，制成颗粒，干燥，即得
抱龙丸,丸剂,祛风健胃。用于小儿风痰吐乳、腹泻,白术 (炒) 375g、山药 250g、木香 250g、天竺黄 375g、厚朴 250g、川芎 (酒蒸) 313g、紫苏叶 313g、广藿香 375g、僵蚕 (姜制) 313g、香附 (四制) 250g、诃子 (去核) 250g、赤石脂 250g、白附子 (制) 313g、砂仁 250g、茯苓 500g、陈皮 250g、法半夏 313g、独活 313g、白芷 250g、防风 313g、薄荷 313g、檀香 250g、草豆蔻 250g、天麻 250g、荆芥 370g、白芍 250g、朱砂 (水飞) 468g,以上二十七味，除朱砂水飞或粉碎成极细粉外，其余白术等二十六味粉碎成细粉，过筛。朱砂与上述粉末配研，过筛，混匀。每 100g 粉末加炼蜜 110~130g 制成大蜜丸，即得
固精补肾丸,丸剂,温补脾肾。用于脾肾虚寒，食减神疲，腰酸体倦，早泄梦遗,熟地黄 27g、山茱萸 13g、枸杞子 27g、五味子 6g、覆盆子 13g、石菖蒲 6g、楮实子 13g、山药 27g、金樱子 11g、茯苓 18g、牛膝 7g、小茴香 13g、杜仲 27g、巴戟天 27g、肉苁蓉 27g、远志 9g、菟丝子 18g、甘草 11g,以上十八味，石菖蒲蒸馏提取挥发油后再与熟地黄、枸杞子、覆盆子、楮实子、金樱子加水煎煮二次，滤过，合并滤液，浓缩成稠膏，加 5 倍量 70% 乙醇，搅匀，静置，滤过；肉苁蓉用 60% 乙醇热提二次，滤过，合并滤液；杜仲、五味子用 50% 乙醇，菟丝子、山茱萸用 60% 乙醇渗漉，收集渗漉液，分别回收乙醇，浓缩成稠膏；合并上述稠膏，加入蔗糖 25g，加热搅拌溶解；巴戟天、远志、甘草用水适量共煮至近干，与山药、茯苓、小茴香混合干燥，粉碎成细粉，加粳米粉适量，过筛，再与上述含糖稠膏混匀，喷加石菖蒲油，混匀，用水泛制成 1000 丸，干燥，包衣，即得
明目地黄丸 (浓缩丸),丸剂,滋肾，养肝，明目。用于肝肾阴虚，目涩畏光，视物模糊，迎风流泪,熟地黄 160g、山药 80g、山茱萸 (制) 80g、茯苓 80g、牡丹皮 60g、泽泻 60g、枸杞子 60g、菊花 60g、当归 60g、白芍 60g、蒺藜 60g、石决明 (煅) 80g,以上十二味，将熟地黄切片，加水煎煮三次，第一次 3 小时，第二次 2 小时，第三次 1 小时，合并煎液，滤过，滤液浓缩成相对密度为 1.30~1.35 (20℃) 的清膏；取山茱萸、牡丹皮、白芍、菊花、当归 40g、蒺藜、枸杞子以 70% 乙醇为溶剂，泽泻以 45% 乙醇为溶剂，照流浸膏剂与浸膏剂项下的渗漉法 (附录 17 页)，分别浸渍 24 小时后，进行渗漉，收集合并液，回收乙醇，浓缩成相对密度为 1.30~1.35 (20℃) 的清膏；取山药、茯苓、石决明及当归 20g 粉碎成细粉，与上述各清膏混匀，制成浓缩丸，干燥，打光，即得
罗布麻叶冲剂,颗粒剂,清热降火，平肝熄风。用于肝火气盛，头痛，脑胀，多梦，失眠及高血压病,罗布麻叶浸膏 1500g,取罗布麻叶浸膏 1500g，研细，加入蔗糖粉 10500g，香精 50ml，乙醇适量，混匀，制成颗粒，干燥，即得
败毒散,散剂,发汗解表，散风祛湿。用于伤寒温病，憎寒壮热，项强头痛，四肢酸痛，噤口痢疾，无汗鼻塞，咳嗽有痰,党参 100g、茯苓 100g、枳壳 100g、甘草 100g、桔梗 100g、独活 100g、川芎 50g、柴胡 100g、羌活 100g、前胡 100g,以上十味，粉碎成粗粉，过筛，混匀，即得
金刚藤糖浆,糖浆剂,清热解毒，消肿散结。用于附件炎和附件炎性包块及妇科多种炎症,金刚藤 1500g,取金刚藤 1500g，加水煎煮二次，每次 2 小时，合并煎液，滤过，滤液浓缩至适量，加入乙醇，使溶液中含乙醇量为 40%，静置 24 小时，滤过，滤液回收乙醇，浓缩至适量，加入蔗糖 700g 与防腐剂适量，煮沸使溶解，趁热滤过，滤液加水至 1000ml，搅匀，即得
金菌灵胶囊,胶囊剂,调补气血，扶正固本。用于胃炎，慢性肝炎，神经性皮炎及癌症病人的辅助治疗,金针菇菌丝体 250g,取干燥后的金针菇菌丝体 250g，粉碎成细粉，过筛，装胶囊，制成 1000 粒，即得
炎立消片,片剂,清热解毒，消炎止痢。用于急性菌痢、肠炎及上呼吸道感染、咽喉肿痛，急慢性扁桃体炎等细菌感染性疾病,丁香叶提取物 (由 100g 丁香叶提取)、丁香叶细粉 10g,取丁香叶 100g，加水煎煮二次，第一次 1.5 小时，第二次 1 小时，合并煎液，滤过，滤液减压浓缩至相对密度为 1.25 (80℃) 的清膏，加入丁香叶细粉 10g，混匀，于 60~80℃干燥，粉碎成细粉，用 75~85% 乙醇制粒，低温干燥，加入辅料适量，混匀，压制成片，即得
治疝茴香丸,丸剂,温经散寒，消疝止痛。用于寒疝腹痛，睾丸偏坠，阴囊肿胀,小茴香 (盐炒) 100g、北沙参 100g、川楝子 (炒) 100g、木香 100g、槟榔 50g、附子 (制) 100g、荜茇 100g、茯苓 400g,以上八味，粉碎成细粉，过筛，混匀，用水泛丸，低温干燥，即得
治咳川贝枇杷露,露剂,镇咳祛痰。用于感冒及支气管炎引起的咳嗽,枇杷叶 68g、桔梗 6g、水半夏 20g、平贝母流浸膏 7ml、薄荷脑 0.15g,以上五味，取枇杷叶、桔梗、水半夏加水煎煮二次，滤过，合并滤液，浓缩至适量，加入防腐剂，滤过，加入蔗糖 682g，依次加入平贝母流浸膏及薄荷脑，加水调至 1000ml，摇匀，即得
降压袋泡茶,茶剂,清热泻火，平肝明目。用于高血压病属肝火盛的头痛、眩晕、目胀牙痛等症,夏枯草 217g、决明子 356g、茺蔚子 217g、钩藤 178g、黄芩 178g、茶叶 178g,以上六味，取钩藤粉碎成粗粉，与茶叶混匀；其余夏枯草等四味加水煎煮二次，每次 2 小时，合并煎液，滤过，滤液减压浓缩至适量，与上述粗粉混匀，吸尽浓缩液，低温干燥，即得
参贝陈皮,茶剂,止咳化痰，生津消渴，用于肺虚咳嗽，津少口渴,陈皮 (制) 100g、党参 7.5g、川贝母 5g、法半夏 25g、甘草 1000g、乌梅 500g、食盐 500g,以上七味，陈皮、党参、川贝母、半夏粉碎成细粉，过筛，混匀；甘草加水煎煮二次，第一次 3 小时，第二次 2 小时，合并煎液，加食盐，待溶解后滤过，静置沉淀，取上清液备用；乌梅加水浸泡 12 小时，煮烂，去核，将乌梅肉及部分煎液与上述粉末、部分甘草煎液拌匀，干燥，揉散结块，再与余下的甘草煎液拌匀，干燥，如此反复数次，以吸尽甘草煎液，干燥至略带潮润为度，制成三角形小粒，干燥，最后加入余下的乌梅煎液，拌匀至滋润为度，即得
参术健脾丸,丸剂,健脾消食。用于脾胃虚弱，食少便溏，消化不良，脘腹胀满,党参 87g、半夏 (制) 87g、白术 (炒) 174g、砂仁 87g、山楂 (炒) 130g、厚朴 (姜制) 87g、六神曲 (炒) 130g、陈皮 87g、茯苓 87g、甘草 26g,以上十味，粉碎成细粉，过筛，混匀。另取生姜 174g，分次加水煎煮，滤过，用煎液泛丸，干燥，即得
参耳五味晶,颗粒剂,益气养阴，润肺生津。用于头晕眼花，心悸失眠，久咳伤肺，虚热烦渴，自汗盗汗，神疲乏力,人参 50g、麦冬 50g、银耳 40g、五味子 9g,以上四味，取人参用 75% 的乙醇，回流提取二次，每次 2 小时，合并提取液，回收乙醇，浓缩成清膏。另取麦冬、五味子加水煎煮二次，每次 1 小时，合并煎液，滤过，滤液浓缩，备用。另取银耳加水煎煮二次，每次 30~40 分钟，合并煎液，滤过，滤液浓缩成稠膏。将上述的清膏、浓缩液及稠膏混匀，加入蔗糖粉适量，制成颗粒，干燥，制成 900g，即得
参芪片,片剂,补益元气。用于气虚体弱，四肢无力,黄芪 500g、党参 500g,以上二味，取黄芪及党参 250g 加水煎煮三次，第一次 2 小时，第二、三次各 1 小时，合并煎液，滤过，滤液浓缩成稠膏；将剩余党参粉碎成细粉，与上述清膏混匀，干燥，制成颗粒，压制成 1200 片，包糖衣，即得
参茸三肾胶囊,胶囊剂,益气壮阳。用于肾气不足引起：精神衰弱，阳痿遗精，腰酸腿软，耳鸣自汗，肾囊湿冷,生晒参 30g、黄毛鹿茸 15g、牛肾 60g、驴肾 90g、狗肾 9g,以上五味，将牛肾、驴肾、狗肾用水洗净，黄酒浸渍，干燥，与生晒参、鹿茸粉碎成细粉，过筛，混匀，装入胶囊，即得
参桂养荣丸,丸剂,益气补血，养心安神。用于气血两亏，惊悸健忘，身倦乏力,党参 86g、甘草 (蜜炙) 86g、肉桂 43g、当归 86g、白术 (炒) 86g、白芍 (酒炒) 130g、黄芪 (炙) 86g、陈皮 86g、茯苓 86g、远志 43g、熟地黄 86g、五味子 (蒸) 43g,以上十二味，粉碎成细粉，过筛，混匀。另取生姜 86g，大枣 344g，分次加水煎煮，滤过。用煎出液泛丸，干燥，即得
参梅养胃冲剂 (胃炎康冲剂),颗粒剂,养阴和胃。用于胃痛灼热，嘈杂似饥，口咽干燥，大便干结；浅表性胃炎，胃阴不足型慢性胃炎及各种胃部不适症,北沙参 140g、山楂 117g、乌梅 35g、红花 105g、莪术 105g、青木香 70g、蒲公英 175g、丹参 140g、甘草 70g、白芍 175g、当归 117g,以上十一味，除青木香外，其余北沙参等十味加水煎煮二次 (青木香待水沸后加入)，每次 3 小时，合并煎液，静置，滤过，滤液浓缩至相对密度约为 1.30 (90~95℃) 的清膏。取清膏 3 份，糊精 4 份，蔗糖粉 8 份，混匀，制成颗粒，干燥，即得
封髓丸,丸剂,滋阴降火。用于阴虚火旺，梦泄遗精,砂仁 200g、黄柏 (盐炒) 600g、甘草 (蜜炙) 140g,以上三味，粉碎成细粉，过筛，混匀。每 100g 粉末加炼蜜 30~50g 与水适量，泛丸，低温干燥，即得
珍珠牛黄散,散剂,清热解毒，消肿止痛。用于热毒壅盛引起的白喉，咽喉肿痛，喉痹口疳,珍珠 10g、牛黄 10g、硼砂 (煅) 100g、儿茶 100g、薄荷 150g、黄柏 100g、青黛 200g、川贝母 100g、朱砂 200g、灯心草 (炭) 20g、冰片 20g,以上十一味，除牛黄、冰片外，朱砂、珍珠分别水飞或粉碎成极细粉，其余硼砂等七味，粉碎成细粉；将牛黄、冰片研细，与上述粉末配研，过筛，混匀，即得
珍黛散,散剂,清热解毒，消炎止痛，生肌收敛。用于口舌生疮，复发性口腔溃疡及疱疹性口腔炎,珍珠 133g、牛黄 36g、冰片 68g、滑石 230g、青黛 533g,以上五味，除冰片、牛黄外，珍珠水飞或粉碎成极细粉；将冰片、牛黄研细，与上述粉末配研，过筛，混匀，即得
南板蓝根冲剂,颗粒剂,清热解毒，凉血。用于温病发热，热毒发斑，风热感冒，咽喉肿烂，流行性乙型脑炎，肝炎，腮腺炎,南板蓝根 600g、大青叶 900g,以上二味，加水煎煮二次，合并煎液，滤过，滤液浓缩成稠膏，加乙醇 3 倍量，搅匀，静置；滤过，滤液浓缩至适量，加入蔗糖及辅料，混匀，制成颗粒或压制成块状，干燥，即得
胡氏六神丸,丸剂,消肿解毒，止痛退热，镇惊安神。用于喉风喉痹、喉痛、双单乳蛾等咽喉诸症，疗毒、痈疮、小儿急热惊风及一般红肿热痛等症,牛黄 5g、冰片 5g、朱砂 10g、薄荷 5g、麝香 7g、熊胆 5g、板蓝根 5g、雄黄 20g、甘草 5g、金银花 5g、蟾酥 8g,以上十一味，蟾酥加温水适量，置温处浸渍 24 小时，调成糊状，朱砂、雄黄水飞或粉碎成极细粉；甘草、金银花、板蓝根、薄荷粉碎成细粉，过筛；将牛黄、冰片、麝香、熊胆研细，与上述粉末配研，混匀，加入蟾酥糊，混匀，用水泛丸，以灯心炭包衣，干燥，即得
茵白肝炎冲剂,颗粒剂,清热解毒，利湿退黄，理气活血。用于急性黄疸型肝炎，对湿热型慢性肝炎也有效,茵陈 500g、泽兰 163g、滑石 429g、白茅根 500g、蒲公英 500g、甘草 71.5g,以上六味，除滑石外，其余五味加水煎煮二次，每次 1.5 小时，合并煎液，滤过；另取滑石加水煎煮二次，每次 2 小时，静置 12~18 小时，分取上清液，与上述滤液合并，减压浓缩至相对密度为 1.30 (热测) 的清膏，放冷，加入蔗糖粉与糊精适量，再加乙醇适量，制成颗粒，干燥，分装成 100 袋，即得
茵胆平肝胶囊,胶囊剂,清热利湿，消黄。用于急性黄疸型肝炎，亦可用于慢性肝炎,茵陈 500g、龙胆 400g、黄芩 100g、猪胆膏 100g、栀子 150g、白芍 (炒) 100g、当归 100g、甘草 100g,以上八味，取猪胆膏加 3~5 倍量乙醇，加热回流使溶化，静置，滤过，残渣用少量乙醇洗涤，合并洗液和滤液，回收乙醇并浓缩成稠膏；取当归粉碎成粗粉，照流浸膏剂与浸膏剂项下渗漉法 (附录 17 页)，用乙醇作溶剂，进行渗漉，收集渗漉液为原生药的三倍量，回收乙醇并浓缩成稠膏；取白芍、黄芩粉碎成细粉；剩余少量白芍、黄芩粗粉与龙胆等四味加水煎煮二次，第一次 4 小时，第二次 2 小时，合并煎液，滤过，浓缩成稠膏，与上述两种稠膏合并，加入白芍、黄芩细粉及适量淀粉 (或药用滑石粉)，混匀，干燥，制粒，装入胶囊，制成 1000 粒，即得
砂仁驱风油,搽剂,祛风，行气，降逆，消炎，镇痛，用于食滞不化，腹胀，胃痛，呕吐，伤风鼻塞，头晕头痛，中暑晕厥，风湿骨痛，神经痛，蚊虫咬伤等,砂仁叶油 200ml、冬绿油 160ml、薄荷油 100ml、桉叶油 100ml、薄荷脑 180g、樟脑 50g,以上六味，取薄荷脑、樟脑加液体石蜡适量，溶解后，再加入砂仁叶油等四味及氯仿 30g，加液体石蜡至 1000ml，搅拌，静置 24 小时，滤过，分装，即得
胃苓丸,丸剂,消胀利水。用于呕吐泄泻，胸腹胀满，小便短少,苍术 (炒) 150g、厚朴 (制) 150g、陈皮 150g、白术 (炒) 150g、茯苓 150g、泽泻 100g、猪苓 100g、甘草 60g、肉桂 50g,以上九味，粉碎成细粉，过筛，混匀，用水泛丸，低温干燥，即得
胃康灵胶囊,胶囊剂,柔肝和胃，散瘀止血，缓急止痛，去腐生新。用于急慢性胃炎，胃溃疡，糜烂性胃炎，十二指肠溃疡及胃出血等症,白芍 2000g、白及 1500g、三七 62.5g、甘草 2000g、茯苓 1500g、延胡索 1000g、海螵蛸 200g、颠茄浸膏 13g,以上八味，白及、三七、海螵蛸粉碎成细粉，过筛；甘草加水煎煮四次，第一、二次各 3 小时，第三、四次各 2 小时，合并煎液，滤过，静置 24 小时，取上清液，备用；白芍、延胡索、茯苓加水煎煮二次，第一次 3 小时，第二次 2 小时，合并煎液，滤过，静置 24 小时，取上清液，与上述上清液合并，浓缩成相对密度为 1.34~1.39 (55~60℃) 的清膏，加入上述细粉及颠茄浸膏，搅匀，干燥，粉碎成细粉，过筛，装入胶囊，制成 6300 粒，即得
咽喉消炎丸,丸剂,清热解毒，消肿，止痛。用于咽喉肿痛 (食道炎、咽喉炎、急慢性扁桃腺炎),牛黄 105g、蟾酥 (制) 84g、穿心莲总内酯 70g、七叶莲 480g、珍珠 126g、冰片 168g、雄黄 84g、百草霜 84g,以上八味，除百草霜外，将牛黄、冰片、蟾酥、穿心莲总内酯研细；珍珠、雄黄水飞或粉碎成极细粉；七叶莲粉碎成粗粉，照流浸膏剂与浸膏剂项下的渗漉法 (附录 17 页)，用 40% 乙醇作溶剂，浸渍 24 小时后进行渗漉，收集渗漉液浓缩至适量，加入珍珠粉末，混匀，干燥，研细，与上述细粉配研，混匀，用水泛丸，低温干燥，百草霜包衣，打光，即得
咳嗽枇杷糖浆,糖浆剂,宣肺化痰，止咳平喘。用于感冒咳嗽，急、慢性支气管炎,枇杷叶 100g、桔梗 30g、麻黄 30g、百部 30g、苦杏仁 30g、甘草 30g、薄荷脑 0.135g、车前子 150g,以上八味，除薄荷脑外，其余枇杷叶等七味加水煎煮两次，每次 3 小时 (苦杏仁在第二次煮沸时加入)，合并煎液，滤过，滤液浓缩至适量；另取蔗糖 500g 制成单糖浆，与滤液混合，煮沸，滤过，滤液加入防腐剂适量，再加水使全量为 1000ml，加入用少量乙醇溶解的薄荷脑，混匀，即得
冠脉乐片,片剂,增加冠状动脉血流量，降低冠脉阻力，改善心肌缺血，止咳化痰，镇静安眠，提高机体免疫力。用于冠心病，慢性支气管炎，神经衰弱等症,层卧孔菌粉 250g,取层卧孔菌粉 250g，粉碎成细粉，加辅料适量，制成颗粒，干燥，混匀，压制成 1000 片，包糖衣，即得
香连止泻片,片剂,清热祛湿，化滞止痢。用于肠中蕴热引起的红白痢疾，腹痛下坠，饮食无味，四肢倦怠,木香 200g、黄连 200g、厚朴 (姜炙) 200g、枳实 200g、槟榔 200g、白芍 200g,以上六味，黄连、白芍粉碎成细粉；槟榔加水煎煮二次，第一次 3 小时，第二次 1 小时，滤过，合并滤液；厚朴用 70% 乙醇加热回流提取二次，第一次 3 小时，第二次 2 小时，滤过，合并滤液，回收乙醇至无醇味；木香、枳实提取挥发油，蒸馏后的水溶液与上述二种滤液合并，减压浓缩至相对密度为 1.35~1.40 (50℃) 的清膏，与上述粉末混匀，干燥，粉碎成细粉，用稀乙醇制粒，干燥，加入木香、枳实挥发油，混匀，压制成 1000 片，即得
香砂理中丸,丸剂,健脾和胃，温中行气。用于脾胃虚寒，气滞腹痛，反胃泄泻,党参 180g、干姜 (炮) 180g、木香 120g、白术 (土炒) 180g、砂仁 60g、甘草 (蜜炙) 180g,以上六味，粉碎成细粉，过筛，混匀。每 100g 粉末加炼蜜 90~110g 制成大蜜丸，即得
秋水健脾散,散剂,益气健脾，开胃消食。用于脾胃虚弱，胸腹胀满，食少便溏,党参 75g、茯苓 100g、姜半夏 75g、芡实 100g、莲子 200g、白扁豆 (炒) 100g、陈皮 (制) 25g、麦芽 (炒) 62.5g、山药 100g、山楂 75g、白术 (土炒) 100g、六神曲 (炒) 75g、稻芽 62.5g、枳实 (麸炒) 50g、薏苡仁 50g、甘草 (蜜炙) 62.5g,以上十六味，粉碎成细粉，过筛，混匀，即得
复方北五味子片,片剂,敛肺补肾，养心安神。用于失眠，心悸，自汗，盗汗等症,五味子流浸膏 300ml、刺五加浸膏 50g、甘油磷酸钠 50g、维生素 B₁5g,以上四味，取五味子流浸膏适当浓缩后，与刺五加浸膏及部分辅料混匀，低温干燥，粉碎成细粉，加入甘油磷酸钠、维生素 B₁及剩余辅料，混匀，制粒，干燥，压制成 1000 片，包糖衣，即得
复方岩连片,片剂,清热解毒，化痰止咳。用于上呼吸道感染引起的感冒咳嗽，急慢性支气管炎，咽喉炎，扁桃体炎等,石吊兰 500g、重楼 200g、板蓝根 500g、百部 400g、杠板归 500g,以上五味，取重楼粉碎成细粉，过筛，细粉备用；剩余粗粉与其余石吊兰等四味加水煎煮，滤过，滤液浓缩至稠膏状，与重楼细粉混匀，制成颗粒，干燥，压制成 1000 片，包糖衣，即得
复方珍珠暗疮片,片剂,清热解毒，凉血通脉。用于消除青年脸部痤疮（俗称暗疮）及皮肤湿疹、皮炎等,暗疮干浸膏粉 120g、珍珠层粉 3g、羚羊角粉 1g、水牛角浓缩粉 10g、北沙参 50g、赤芍 50g、黄芩 50g,以上七味，北沙参、赤芍、黄芩粉碎成细粉，与其余暗疮干浸膏粉等四味混匀，加辅料适量，制成颗粒，干燥，压制成 1000 片，包糖衣，即得
复方益母草流浸膏,膏剂,调经活血，祛瘀生新。用于月经不调，产后子宫复归不全，恶露不行或过多,益母草 440g、熟地黄 55g、当归 165g,以上三味，益母草、熟地黄分别加水煎煮二次，每次 2 小时，滤过，合并滤液，浓缩至适量，加 70% 乙醇 5 倍量，搅匀，静置，滤过，回收乙醇，浓缩成稠膏状；当归照流浸膏剂与浸膏剂项下的渗漉法（附录 17 页），用 70% 乙醇作溶剂进行渗漉，收集初漉液 140ml 另器保存，继续渗漉，漉液回收乙醇，浓缩成浸膏，加于初漉液中，混匀，加乙醇和水稀释使成 165ml（含醇量为 70%）。合并益母草、熟地黄浓缩膏，混匀，加乙醇使含醇量为 70%，静置，取上清液加入当归流浸膏中，搅匀，测定含醇量，用水及乙醇稀释使成 1000ml，静置，滤过，即得
复方硫黄乳膏 (维肤康乳膏),膏剂,解毒，杀虫，疗疮，止痒。主用于疥癣、湿疹等皮肤病及脂溢性皮炎,硫磺 42g、硼砂 42g,以上二味，取硼砂与乳膏基质适量，在水浴上加热，至硼砂完全溶解，再继续加热 30 分钟，加入硫磺及羊毛脂 10g，搅匀，冷至室温，再加入苯甲酸钠、香精、色素及乳膏基质适量，使成 1000g，研磨成细腻的乳膏，分装，即得
复方矮地茶片,片剂,清热解毒，化痰止咳。用于肺热咳嗽及慢性气管炎等症,矮地茶 590g、岗梅 375g、野菊花 250g、枇杷叶 250g、甘草 62.5g,以上五味，取矮地茶 90g 粉碎成细粉，余量与其余岗梅等四味加水煎煮二次，每次 2 小时，合并煎液，滤过，滤液浓缩至相对密度约为 1.30 的稠膏，加入上述矮地茶细粉，混匀，干燥，粉碎，制成颗粒，压制成 940 片，包糖衣，即得
保胎丸,丸剂,补气养血，保产安胎。用于妊娠气虚，腰酸腿痛，胎动不安，屡经流产,熟地黄 125g、艾叶 (炭) 200g、荆芥穗 50g、平贝母 100g、槲寄生 150g、菟丝子 (酒制) 200g、黄芪 200g、白术 (炒) 200g、枳壳 (炒) 150g、砂仁 125g、黄芩 100g、厚朴 (姜制) 50g、甘草 25g、川芎 150g、白芍 200g、羌活 25g、当归 200g,以上十七味，粉碎成细粉，过筛，混匀。每 100g 粉末加炼蜜 100~110g 制成大蜜丸，即得
保肝合剂,口服液,清热除蒸，舒肝活血，健脾利湿。用于血吸虫病引起的肝脾肿大，慢性肝炎，肝硬化，食欲不振，肝郁脾虚,石见穿 125g、甘草 31.25g、地骨皮 93.75g、丹参 (炒) 125g、茯苓 93.75g、女贞子 (制) 156.25g、郁金 93.75g、六神曲 (炭) 125g,以上八味，加水煎煮 2~3 次，合并煎液，滤过，滤液浓缩至约 1/2 量时，加入蔗糖 312.5g，不断搅拌，继续浓缩至约 1000ml，加入防腐剂适量，搅匀，趁热滤过，加水调整总量至 1000ml，即得
顺气消食化痰丸,丸剂,顺气，消食，化痰。用于积食不化，胸胀闷，气逆不顺，咳嗽痰多，酒食生痰,半夏 (制) 480g、青皮 (炒) 30g、紫苏子 (炒) 30g、胆南星 480g、陈皮 (制) 30g、莱菔子 (炒) 30g、沉香 30g、麦芽 (炒) 30g、漳州神曲 (炒) 30g、生姜 30g、山楂 (炒) 30g、葛根 30g、苦杏仁 30g、香附 (醋炒) 30g,以上十四味，除生姜外，其余半夏等十三味粉碎成细粉，过筛，混匀。取生姜捣汁，加水适量，泛丸，干燥，即得
泉州茶饼,茶剂,散寒理气，健脾开胃，利湿消积。用于伤风感冒，脾胃失调，食积腹痛,木香 29.7g、广藿香 108g、紫苏 59.5g、香薷 51g、使君子 85g、厚朴 (姜制) 59.5g、柴胡 (酒制) 51g、甘草 (蜜炙) 25.5g、苍术 (麸炒) 34g、泽泻 (盐炒) 29.7g、麦芽 (炒) 59.5g、香附 (炒) 59.5g、枳壳 (麸炒) 51g、陈皮 42.5g、山楂 (炒) 51g、白扁豆 (炒) 59.5g、槟榔 59.5g、羌活 17g、茯苓 17g、姜半夏 34g、白芷 25.5g、木瓜 59.5g、茯苓皮 17g、茶叶末 680g,以上二十四味，粉碎成中粉；另取面粉 408g，加水煮成浆糊，与上述药粉混匀，制成软材，压制成块，低温干燥，即得
泉州百草曲,茶剂,解表祛暑，醒脾健胃，祛痰利湿，清热消积，理气止痛。用于中暑发热，头昏气喘，山岚瘴气，疟疾，食积不化，脘腹胀满，咽干口渴,茯苓 25g、麦芽 (炒) 25g、大黄 (酒制) 12.5g、前胡 5g、黄芩 11.2g、白芍 (酒炒) 12.5g、羌活 3.8g、诃子肉 (炒) 3.8g、苦杏仁 12.5g、防风 5g、砂仁 5g、牡丹皮 6.2g、丁香 3.8g、芡实 5g、黄柏 (盐炒) 7.5g、乌药 (醋制) 7.5g、紫苏子 (微炒) 3.7g、青皮 (醋炒) 6.2g、三棱 (醋制) 5g、枳壳 (麸炒) 5g、鲜薄荷 400g、鲜青蒿 2000g、甘草 6.2g、香附 (炒制) 50g、赤小豆 (炒制) 20g、栀子 17.5g、香薷 30g、白芷 17.5g、稻芽 (炒制) 12.5g、芥子 (微炒) 5g、白扁豆 (微炒) 12.5g、陈皮 6.2g、山楂 (炒制) 7.5g、姜半夏 6.2g、独活 3.8g、槟榔 3.8g、泽泻 (盐炒) 2.5g、猪苓 3.8g、葛根 5g、苍术 (糖炒) 12.5g、桔梗 11.2g、厚朴 (姜制) 7.5g、白术 (土炒) 7.5g、细辛 5g、乌梅 (去核) 3.8g、木香 5g、柴胡 (酒炒) 3.8g、山药 (炒) 10g、高良姜 (土炒) 7.5g、知母 (盐炒) 7.5g、荆芥 12.5g、川芎 (酒制) 7.5g、秦白皮 3.7g、茵陈 5g、五灵脂 (醋炒) 3.7g、甘松 5g、蛤壳 3.8g、郁金 (醋炒) 3.8g、莪术 (醋制) 5g、枳实 (麸炒) 5g、广藿香 5g、鲜紫苏 400g、生姜 25g、鲜泽兰叶 400g,以上六十四味，除鲜青蒿外，其余茯苓等六十三味粉碎成粗粉，与小麦粉 750g 混匀。另取鲜青蒿捣碎，去粗梗，发酵 4~5 天，用水冲出苦黑水，如此发酵、水冲反复操作 3~4 次，至长出霉菌丝，与上述药粉混匀，制成软材，压制成块，晒 1~2 天，至表面干燥，用荷叶包裹，发酵，每七天取出晒半天，如此反复 7 次，去荷叶，切成小块，贮存六个月，即得
肺结核丸,丸剂,敛阴补肺。用于肺空洞，肺出血,制何首乌 600g、白及 600g、土鳖虫 150g,以上三味，粉碎成细粉，过筛，混匀。每 100g 粉末加炼蜜 50g 与适量的水，泛丸，干燥，即得
养阴清肺丸,丸剂,养阴清肺，清热利咽。用于咽喉干燥疼痛，干咳少痰，痰中带血,地黄 200g、玄参 200g、麦冬 120g、川贝母 80g、牡丹皮 80g、白芍 80g、薄荷 50g、甘草 40g,以上八味，粉碎成细粉，混匀，过筛。每 100g 粉末加炼蜜 70~90g 制成大蜜丸，即得
敖东壮肾丸,丸剂,补肾壮阳，益气养血。用于肾阳不足，气血虚弱,鹿角胶 10g、枸杞子 50g、鹿鞭 (烫) 2.5g、黄芪 50g、狗肾 (烫) 15g、狗脊 (烫) 100g、驴肾 (烫) 10g、熟地黄 100g、海马 (酥) 2.5g、肉苁蓉 50g、牡蛎 (煅) 100g、韭菜子 (炒) 100g、大海米 10g、锁阳 50g、红参 20g、补骨脂 (盐制) 50g、淫羊藿 (制) 50g、杜仲 (炭) 25g、肉桂 (去粗皮) 20g、牛膝 50g、菟丝子 (酒制) 50g,以上二十一味，粉碎成细粉，过筛，混匀。每 100g 粉末加炼蜜 110~120g 制成大蜜丸，即得
莱阳梨膏,膏剂,止咳化痰，生津止渴。用于咳嗽痰喘，痰中带血，咽干口渴，声重音哑等症,莱阳梨清膏 600g、陈皮 15g、浙贝母 15g、法半夏 15g、化橘红 15g,以上五味，除莱阳梨清膏外，浙贝母粉碎成细粉，过筛；陈皮、法半夏、化橘红加水煎煮二次，合并煎液，加入蔗糖 600g，溶解后滤过，滤液中加入莱阳梨清膏，浓缩至相对密度为 1.38，加入浙贝母粉，搅匀，即得
莲花峰茶,茶剂,疏风散寒，清热解暑，祛痰利湿，健脾开胃，理气和中。用于四时感冒，伤暑挟湿，脘腹胀满，呕吐泄泻,枳实 5g、紫苏 25g、滑石 5g、广藿香 20g、木瓜 4g、桑白皮 12.5g、豆蔻 10g、丁香 10g、泽泻 4g、九层塔 25g、苍术 2.5g、铁苋菜 37.5g、砂仁 7.5g、麦芽 (炒) 25g、荆芥 2.5g、川木通 5g、甘草 5g、桔梗 5g、天花粉 5g、小茴香 5g、茯苓 5g、槟榔 5g、香薷 37.5g、前胡 4g、桑叶 50g、柴胡 10g、青皮 10g、鬼针草 75g、木香 10g、山楂 10g、茵陈 10g、半夏 (制) 4g、防风 2.5g、白术 2.5g、白扁豆 15g、陈皮 (制) 15g、大腹皮 7.5g、水龙 25g、车前子 7.5g、丁葵草 25g、厚朴 6.5g、桂枝 20g、稻芽 (炒) 25g、爵床 75g、茶叶 155g,以上四十五味，粉碎成细粉，加水制成软材，制成颗粒，或压制成丸，低温干燥，即得
艳友茶,茶剂,清热解毒，活血化瘀，抑制血小板聚集，预防血栓形成。用于高血压，动脉硬化，肥胖症等的辅助治疗,白芍 134g、笔管草 33.4g、甜叶菊 100g、三七 10g、茶叶 5g、荷叶 33.4g,以上六味，取白芍粉碎成粗粉，用 60% 乙醇加热回流提取两次，第一次 2.5 小时，第二次 1.5 小时，合并提取液，滤过，滤液浓缩成相对密度为 1.12 的清膏，保温备用。另取笔管草、甜叶菊、荷叶、茶叶、三七分别粉碎成粗粉，混匀，加入上述白芍清膏，拌匀，闷 1.5 小时，翻拌一次，再闷 1 小时，干燥，分装，即得
柴芍六君丸,丸剂,舒肝解郁，健脾和胃，益气养血。用于脾胃虚弱，肝胃不和，脾虚溏泄，呕吐吞酸，腹胀腹痛,党参 100g、柴胡 75g、白芍 75g、法半夏 75g、陈皮 (制) 75g、茯苓 100g、白术 (麸炒) 100g、甘草 (蜜炙) 50g,以上八味，粉碎成细粉，过筛，混匀，用水泛丸，干燥，即得
健儿素冲剂,颗粒剂,益气健脾，和胃运中。用于小儿脾胃虚弱，消化不良，腹满胀痛，面黄肌瘦,党参 30g、白芍 15g、麦冬 30g、诃子 15g、稻芽 (炒) 30g、薏苡仁 30g、南沙参 30g、白术 (炒) 30g,以上八味，取稻芽、薏苡仁加水煮沸后于 80~90℃温浸二次，每次 2 小时，合并温浸液，滤过，滤液备用；其余党参等六味加水煎煮二次，每次 1.5 小时，合并煎液，滤过，滤液与上述温浸液合并，浓缩至适量，加乙醇使含醇量达 50%，静置 48 小时，滤过，滤液回收乙醇，浓缩成清膏，加入蔗糖粉适量，制成颗粒，干燥，制成 1000g，即得
健身糖浆,糖浆剂,益气活血，舒筋活络。用于劳倦乏力，关节及腰背酸痛，月经失调，贫血失眠,沙氏鹿茸草 300g、鸡血藤 600g、狗脊 600g、黄花稔 600g,以上四味，加水煎煮二次，第一次 2 小时，第二次 1 小时，合并煎液，滤过，滤液浓缩至适量，加入蔗糖 400g，煮沸溶解，滤过，滤液加防腐剂适量，搅匀，加水至 1000ml，即得
健胃宽胸丸,丸剂,健胃宽胸，除湿化痰。用于胸腹胀满，气滞不舒，脾胃不和，痰饮湿盛,白术 (麸炒) 200g、香附 (醋制) 50g、黄芩 80g、苍术 40g、茯苓 50g、山楂 40g、厚朴 (姜制) 50g、莱菔子 (炒) 80g、生姜 40g、六神曲 (麸炒) 50g、清半夏 80g、枳实 (麸炒) 40g、陈皮 80g、连翘 80g,以上十四味，粉碎成细粉，过筛，混匀，用水泛丸，干燥，即得
健脾增力丸,丸剂,健脾消食。用于脾胃不健，腹胀久泻，面黄肌瘦，消化不良，食欲不振,麦芽 (炒) 320g、陈皮 160g、六神曲 (麸炒) 40g、苍术 (生、米泔水炒) 40g、山药 40g、甘草 12g、山楂 (去子，炒) 20g,以上七味，粉碎成细粉，过筛，混匀。每 100g 粉末加炼蜜 150~165g 制成大蜜丸，即得
豹潜丸,丸剂,滋阴降火，强筋壮骨。用于肝肾不足，筋骨痿软，步履不便，骨蒸劳热,黄柏 (盐炒) 480g、陈皮 (制) 120g、干姜 30g、知母 120g、锁阳 60g、豹骨 (醋炙) 60g、龟甲 (醋炙) 60g、白芍 90g、熟地黄 240g,以上九味，粉碎成细粉，过筛，混匀。每 100g 粉末加炼蜜 40~60g 与适量的水，泛丸，低温干燥；或加炼蜜 110~130g 制成大蜜丸，即得
益母丸,丸剂,调经养血，化瘀生新。用于气逆血滞、血亏血寒引起：经期不准，腹痛白带，腰酸倦怠，血虚头晕，耳鸣，产后败血不净,益母草 480g、当归 240g、川芎 120g、木香 45g,以上四味，粉碎成细粉，过筛，混匀。每 100g 粉末加炼蜜 200~220g 制成大蜜丸，即得
益母冲剂,颗粒剂,活血调经，行气止痛。用于气滞血瘀，月经不调，痛经，产后瘀血腹痛,益母草 480g、当归 240g、川芎 120g、木香 45g,以上四味，益母草加水煎煮二次，第一次 2 小时，第二次 1 小时，合并煎液，滤过，滤液浓缩成清膏；其余当归等三味，用 50% 乙醇回流提取 2 小时，滤过，滤液回收乙醇后与上述清膏合并，浓缩成稠膏状，加蔗糖及乙醇适量，制成颗粒或压块，干燥，即得
消风止痛宁,口服液,祛风通络，消肿止痛。用于急慢性风湿性关节炎，肩周炎,山葡萄藤 7575g、松节油 14g,以上二味，山葡萄藤加水煎煮二次，第一次 3 小时，第二次 2 小时，合并煎液，滤过，滤液浓缩成稠膏状，干燥，粉碎成细粉，过筛，加入松节油，混匀，装入胶囊，制成 1000 粒，即得
消炎生肌膏 (玉红膏),膏剂,清热凉血，去腐生新。用于各种慢性溃疡，久不收口,当归 600g、白芷 150g、紫草 180g、甘草 360g、轻粉 120g、血竭 120g,以上六味，轻粉、血竭粉碎成细粉，过筛，混匀；其余当归等四味，酌予碎断，置锅中加食用植物油 4800g，浸泡，炸枯，去渣，滤过，炼至滴水成珠；加入蜂蜡 600g，炸化，再加轻粉等细粉，搅匀，即得
消积化虫散,散剂,消积化虫，开胃增食。用于小儿厌食纳呆，消化不良，食积虫积，脘腹胀痛,白术 (炒) 125g、茯苓 125g、使君子仁 125g、牵牛子 (炒) 100g、陈皮 75g、厚朴 (姜制) 75g、槟榔 75g、山楂 75g、甘草 50g、六神曲 (炒) 50g,以上十味，粉碎成细粉，过筛，混匀，即得
消渴降糖片,片剂,清热生津，益气养阴。用于糖尿病,蔗鸡 555.5g、黄精 (制) 180.5g、甜叶菊 27.8g、桑椹 111g、山药 111g、天花粉 111g、红参 33.3g,以上七味，甜叶菊、天花粉、红参、山药粉碎成细粉，过筛；其余蔗鸡等三味加水煎煮二次，第一次 2 小时，第二次 1 小时，合并煎液，滤过，滤液适当浓缩，加乙醇使含醇量为 60%，静置 24 小时，取上清液，减压浓缩至相对密度为 1.26~1.28 (70℃) 的清膏，加入上述细粉混匀，制粒，干燥，压制成 1000 片，即得
消痰益康 (糖浆),糖浆剂,祛痰，止咳平喘，补阳益气。用于久咳及慢性气管炎，肺心病,满山红 200g、人参叶 150g、黄芪 (炙) 100g、枸杞子 100g,以上四味，混匀，于 30℃用 40% 乙醇约 950ml 密闭浸渍 5 天，每日搅拌 3 次，滤过，药渣压榨，压榨液滤过，与浸渍滤液合并，加入蔗糖 600g，加热搅拌使溶解，滤过，用 20% 乙醇调整总量至 1000ml，混匀，静置，滤过，分装，即得
海珠喘息定片,片剂,平喘，祛痰，镇静，止咳。用于支气管哮喘，慢性支气管炎,珍珠层粉 350g、胡颓子叶 350g、天花粉 75g、蝉蜕 30g、防风 75g、冰片 12.5g、甘草 50g、盐酸氯喘 2.5g、盐酸去氯羟嗪 12.5g,以上九味，除珍珠层粉外，天花粉粉碎成细粉，冰片研细；胡颓子叶、蝉蜕、甘草加水煎煮二次，每次 3 小时，合并煎液，滤过，滤液静置，取上清液浓缩至清膏；防风照流浸膏剂与浸膏剂项下的渗漉法（附录 17 页），用 60% 乙醇作溶剂，浸渍 24 小时后进行渗漉，收集渗漉液，回收乙醇并浓缩至清膏，与上述清膏合并；将盐酸氯喘、盐酸去氯羟嗪用热水适量溶解，加入上述清膏、珍珠层粉及天花粉细粉制成颗粒，干燥，加入冰片细粉，混匀，压制成 1000 片，即得
海蛇天麻酒,酒剂,滋补健身，舒筋活络，祛风除湿。用于体质虚弱，风湿痹痛，肢体麻木等,海蛇 20g、天麻 3g、白术 2.4g、羌活 2.4g、独活 3g、当归 3g、赤芍 3g、防风 3g、玉竹 3g、香加皮 3g、离根香 3g,以上十一味，取海蛇切成小块，用白酒浸泡一个月以上，取上清液备用；其余天麻等十味与甜叶菊 6g、冰糖 37g 用白酒加热回流提取二次，第一次 2 小时，第二次 1 小时，合并提取液，滤过，药渣再压滤，滤液中加入上述海蛇浸泡液，用白酒调整总量至 2000ml，放置 24 小时，滤过，即得
调经丸,丸剂,理气和血，调经止痛。用于气郁血滞，月经不调，经来腹痛，崩漏白带,当归 75g、白芍 (酒炒) 75g、川芎 50g、熟地黄 100g、艾叶 (炭) 50g、香附 (醋制) 200g、陈皮 50g、半夏 (制) 50g、茯苓 59g、甘草 15g、白术 (炒) 75g、吴茱萸 (制) 25g、小茴香 (盐炒) 25g、延胡索 (醋制) 25g、没药 (制) 25g、益母草 100g、牡丹皮 50g、续断 50g、黄芩 (酒炒) 50g、麦冬 50g、阿胶 100g,以上二十一味，粉碎成细粉，过筛，混匀。每 100g 粉末加炼蜜 100~120g 制成大蜜丸，即得
调经白带丸,丸剂,调经补血，滋肾养阴。用于月经不调，白带多，腰膝酸痛等,党参 52g、鱼鳔 (制) 21g、艾叶 (醋制) 26g、龙骨 26g、牡丹皮 21g、玉竹 26g、仙茅 26g、白芍 31g、淫羊藿 16g、女贞子 26g、芡实 21g、补骨脂 16g、泽泻 26g、制何首乌 33g、锁阳 (蒸) 16g、桑寄生 (盐制) 31g、木瓜 26g、石斛 10g、菟丝子 (盐水制) 31g、阿胶 26g、牛膝 26g、龟甲 (醋制) 52g、牡蛎 (煅) 26g、当归 52g、金樱子 21g、茯苓 39g、山药 31g、续断 26g、磁石 (煅) 31g、木香 21g、陈皮 21g、覆盆子 26g、五味子 16g、北沙参 20g,以上三十四味，粉碎成细粉，过筛，混匀。每 100g 粉末加炼蜜 30~45g 与适量的水，泛丸，干燥，即得
调经至宝丸,丸剂,破瘀，调经。用于妇女血瘀积聚，月经闭止，经期紊乱，行经腹痛,大黄 360g、木香 20g、牵牛子 (炒) 108g、枳实 (麸炒) 10g、苍术 (米泔水炒) 10g、五灵脂 (醋炒) 10g、陈皮 10g、黄芩 10g、山楂 16g、香附 (醋炒) 14g、三棱 (醋炒) 5g、当归 5g、槟榔 10g、莪术 (醋煮) 5g、鳖甲 (醋制) 5g,以上十五味，粉碎成细粉，过筛，混匀，用水泛丸，60℃烘至七、八成干，再蒸至颜色由黄变黑，干燥，打光，即得
调经补血丸,丸剂,理气，养血，通经。用于血虚气滞，月经不调，腰酸腹痛,当归 (酒制) 29.5g、白术 (土炒) 59g、香附 (制) 177g、熟地黄 (酒制) 14.8g、益母草 177g、木香 59g、续断 22.1g、丹参 14.8g、鸡血藤膏 44.2g,以上九味，除鸡血藤膏外，益母草加水煎煮二次，第一次 2 小时，第二次 1 小时，合并煎液，滤过，滤液浓缩成清膏。其余当归等七味，粉碎成细粉，过筛，混匀。每 100g 粉末加炼蜜 80~100g 和益母草膏、鸡血藤膏，混匀，制成大蜜丸；或用水泛丸，低温干燥，以百草霜包衣，干燥，即得
调经种子丸,丸剂,活血调经。用于月经不调，经期腹痛，月经过多，久不受孕,熟地黄 40g、白芍 30g、当归 20g、丹参 30g、黄芪 40g、川芎 30g、延胡索 (醋制) 30g、白术 30g、续断 40g、龟甲 (炒) 16g、砂仁 20g、郁金 20g、木香 20g、香附 (醋制) 80g、黄芩 (酒炒) 60g、萱草根 (姜酒制) 60g,以上十六味，粉碎成细粉，过筛，混匀。每 100g 粉末加炼蜜 90~110g 制成大蜜丸，即得
调经养血丸,丸剂,补血，理气，调经。用于血虚气滞，月经不调，腰酸腹胀，赤白带下,当归 60g、白芍 (炒) 30g、香附 (制) 100g、陈皮 10g、熟地黄 60g、川芎 30g、甘草 (蜜炙) 15g、大枣 80g、白术 (炒) 60g、续断 30g、砂仁 15g、黄芩 (酒炒) 20g,以上十二味，砂仁粉碎成细粉；大枣煮熟去皮、核，制成枣泥；其余当归等十味粉碎成粗粉，与上述枣泥搅匀，烘干，粉碎成细粉，过筛，再与上述砂仁细粉混匀；另取生姜 20g，分次加水煎煮，滤过。每 100g 粉末加炼蜜 35g，用生姜煎液泛丸，干燥，即得
调经健胃丸,丸剂,活血调经，消积化滞。用于月经失调，瘀血积聚，行经腹痛，赤白带下，经血闭止，癥瘕痞块，鼓胀膨闭，气滞食积，红白痢疾，胃气疼痛,大黄 800g、五灵脂 75g、红花 50g、百草霜 10g,以上四味，除百草霜粉碎成极细粉外，其余大黄等三味粉碎成细粉，过筛，混匀，用水泛丸，用百草霜包衣，干燥，即得
通脉降脂片,片剂,降脂化浊，活血通脉。用于治疗高血脂症，防治动脉粥样硬化,笔管草 625g、三七 41.6g、花椒 12.5g、川芎 50g、荷叶 250g,以上五味，取川芎、三七、花椒和 1/6 的荷叶，分别粉碎成细粉，将三七粉蒸 2 小时，干燥，研细，备用；笔管草和剩余的荷叶加水煎煮二次，每次 3 小时，滤过，合并滤液，浓缩至适量，加乙醇使含醇量为 60%，静置 24 小时，滤过，滤液浓缩至相对密度为 1.31~1.34 (70℃) 的稠膏，与上述药粉混匀，制粒，干燥，压制成 1000 片，包糖衣，即得
桑椹膏,膏剂,补肝肾，益精血。用于肝肾精血亏损引起的身体消瘦，腰膝酸软，遗精盗汗，头晕眼花，口渴咽干,桑椹 500g（加蔗糖 1500g 制成煎膏）,取桑椹 500g，加水煎煮二次，每次 2 小时，合并煎液，滤过，滤液浓缩成稠膏。另取蔗糖 1500g 制成糖浆，加入稠膏中，搅匀，继续浓缩，制成 5000g，即得
黄升丹 (三仙丹),丹剂,杀菌，拔毒，排脓，去腐生肌。用于梅毒，下疳，横痃，溃疡漏管，疥疮秃疮，顽痒湿疹,水银 300g、牙硝 (结晶) 210g、明矾 360g,以上三味，取牙硝、明矾分别打碎，另取水银倒入锅中，将牙硝置于水银上面，再将明矾置于牙硝上面，文火加热使其完全熔化，离火，中间打一个洞眼（直径约 1cm），放冷使凝结，用瓷碟覆盖锅上，密封，用文、武火加热约 3 小时，离火，放冷，启封取丹，即得
黄连清胃丸,丸剂,清胃泻火。用于口舌生疮，牙龈肿痛，胃热牙痛，暴发火眼,黄连 50g、栀子 100g、连翘 100g、大黄 100g、升麻 50g、知母 100g、当归 50g、石膏 100g、白芷 50g、薄荷 100g、玄参 50g、黄芩 100g、芒硝 50g、牡丹皮 100g、防风 50g、生地黄 50g、甘草 50g、荆芥 50g、赤芍 50g、天花粉 50g,以上二十味，将芒硝化水备用；其余黄连等十九味粉碎成细粉，过筛，混匀。用芒硝水泛丸，干燥，即得
梅核气丸,丸剂,舒肝顺气，利膈解郁。用于梅核气，舌咽神经官能症，以及胸隔不舒，两胁胀满,凌霄花 120g、乌药 120g、桔梗 120g、郁金 120g、枳壳 (炒) 150g、降香 180g、香附 480g、乌梅肉 (醋制) 300g,以上八味，粉碎成细粉，过筛，混匀；另取蔗糖 600g 加水适量使溶解，加醋 4800g，搅匀，滤过，静置，取上清液浓缩成稠膏，与上述粉末混匀，制成大丸，即得
蛇胆川贝液,口服液,祛风止咳，除痰散结。用于风热咳嗽，痰多气喘，胸闷，咳痰不爽或久咳不止,蛇胆汁 20g、平贝母 75g,以上二味，取平贝母，加 80% 乙醇加热回流提取，提取液滤过，滤液浓缩成流浸膏；另取蔗糖 560g、蜂蜜 80g 制成糖浆，加入蛇胆汁、平贝母流浸膏、杏仁水 30ml 及薄荷脑、防腐剂适量，混匀，加水使成 1000ml，即得
蛇胆陈皮化痰散,散剂,祛风化痰，清热安神。用于痰热发狂，神志不宁，咳痰喘促,陈皮 (蒸) 3859g、蛇胆汁 8g、朱砂 772g、僵蚕 (制) 772g、琥珀 77g、地龙 (炭) 772g,以上六味，除陈皮、蛇胆汁外，朱砂、琥珀分别水飞或粉碎成极细粉；其余僵蚕等三味粉碎成细粉，过筛，陈皮粉碎成粗粉，与蛇胆汁及浸泡蛇胆的白酒拌匀，干燥，粉碎成细粉，过筛，与上述粉末配研，过筛，混匀，即得
银密片,片剂,增加冠脉血流量，降低冠脉阻力，改善心肌缺血，止咳化痰，镇静安眠，提高机体免疫力。用于冠心病，慢性支气管炎，神经衰弱等症,银耳耳基粉 125g、天麻密环菌粉 125g,以上二味，加辅料适量，制成颗粒，干燥，压制成 1000 片，包糖衣，即得
情安喘定片,片剂,平喘，止咳，祛痰，消炎。用于慢性支气管炎，支气管哮喘等,榕树叶 800g、鱼腥草 500g、胡颓子叶 250g、五指毛桃 500g、珍珠层粉 133.3g、冰片 12.5g、盐酸双氯醇胺 10mg,以上七味，冰片研细；榕树叶用 6.25% 甘草汤洗，干燥后，取榕树叶 134g 粉碎成细粉，与珍珠层粉、盐酸双氯醇胺配研；其余鱼腥草等三味及剩余的榕树叶加水煎煮二次，第一次 2 小时，第二次 1 小时，合并煎液，滤过，滤液浓缩至适量，加乙醇使含醇量达 60%，静置 24 小时，滤过，滤液减压浓缩至相对密度为 1.25~1.27 (60~65℃) 的清膏，加入上述细粉，制成颗粒，干燥，放冷，加入冰片粉末，压制成 1000 片，即得
清风油,搽剂,驱风，止痛。用于伤风感冒，头晕，头痛，舟车晕浪，风湿骨痛，牙痛，蚊叮虫咬，皮肤瘙痒等,薄荷脑 200g、薄荷油 100ml、水杨酸甲酯 350g、樟脑 100g、桉油 50g、熏衣草油 10ml,以上六味，取薄荷脑、樟脑加乙醇适量使溶解，加入其余薄荷油等四味及香精、叶绿素各适量，再加入液状石蜡至 1000ml，混匀，静置，滤过，即得
清火栀麦胶囊,胶囊剂,清热解毒，凉血消肿。用于咽喉肿痛，发热，牙痛，目赤,穿心莲 800g、栀子 100g、麦冬 100g,以上三味，取穿心莲 135g 与栀子粉碎成细粉；剩余的穿心莲与麦冬加水煎煮二次，每次 2 小时，合并煎液，滤过，滤液浓缩成清膏，加入上述细粉，制成颗粒，干燥，装入胶囊，制成 1000 粒，即得
清脑复神液,口服液,清心安神，化痰醒脑，活血通络。用于神经衰弱，失眠，顽固性头痛，脑震荡后遗症所致头痛、眩晕、健忘、失眠等症,人参 10g、黄芪 40g、当归 15g、鹿茸 (去皮) 10g、菊花 80g、薄荷 80g、柴胡 80g、决明子 80g、荆芥穗 40g、丹参 80g、远志 100g、五味子 25g、枣仁 40g、莲子心 40g、麦冬 60g、竹茹 20g、黄芩 80g、桔梗 80g、陈皮 20g、茯苓 40g、甘草 20g、半夏 (制) 20g、枳壳 20g、干姜 2.5g、石膏 40g、冰片 2g、大黄 80g、木通 10g、黄柏 40g、柏子仁 40g、莲子肉 20g、知母 20g、石菖蒲 80g、川芎 60g、赤芍 60g、桃仁 (炒) 60g、红花 60g、山楂 80g、牛膝 20g、白芷 40g、藁本 80g、蔓荆子 15g、葛根 40g、防风 20g、羌活 80g、钩藤 80g、地黄 20g,以上四十八味，粉碎成粗粉，加入白酒适量，密闭，浸泡 30 天，滤过，药渣压榨，压榨汁与药液合并，滤过，加入白糖、蜂蜜等矫味剂适量，搅拌使溶解，密闭静置 15 天，共制成 1000ml，滤过，分装，即得
清凉丹,丹剂,祛风，舒气，健胃。用于晕船，晕车，胃闷不舒及因气候闷热而引起的不适,薄荷油 45ml、樟脑 17g、砂仁 25g、高良姜 30g、儿茶 300g、甘草浸膏 30g、甘草 430g、蟾酥 0.5g,蟾酥加 13% 乙醇适量，研成浆状。取甘草浸膏加水适量，煮沸使溶解，滤过，滤液加防腐剂适量，搅匀，放冷后加入上述蟾酥浆，混匀备用；取儿茶加水适量，煮沸使溶解，滤过，滤液浓缩成稠膏，加防腐剂适量，搅匀备用；取樟脑与薄荷油混合，备用；其余砂仁等三味粉碎成细粉备用，另取防腐剂适量加水溶解后，加糯米粉 100g、淀粉 30g，搅匀，蒸熟，分次加入上述各备用液、稠膏、粉末及菜油 10g，搅匀，制成软材，压块，低温干燥，即得
清凉防暑冲剂,颗粒剂,清热祛暑，利尿生津。用于暑热，身热，口干，尿赤和预防中暑,白茅根 300g、淡竹叶 300g、牛筋草 300g、芦根 300g、滑石（飞）180g、甘草 60g,以上六味，加水煎煮二次，第一次 2 小时，第二次 1 小时，合并煎液，滤过，滤液浓缩至清膏，加蔗糖粉适量，制成颗粒，干燥，分装成 100 袋，即得
清热祛湿冲剂,颗粒剂,清热祛湿，益气生津。用于暑湿病邪引起的四肢疲倦，食欲不振，身热口干等,党参 30g、茵陈 45g、岗梅根 75g、黄芪 45g、苍术 15g、野菊花 75g、陈皮 15g,以上七味，野菊花、苍术、陈皮加水蒸馏，收集馏液 30ml，加入乙醇使含乙醇量约为 50%；药渣与其余党参等四味，加水煎煮二次，第一次 2 小时，第二次 1 小时，滤过，合并滤液，滤液浓缩成稠膏，加蔗糖适量，混匀，制粒，干燥，喷入上述蒸馏后的乙醇溶液，制成 100g，即得
清热消炎宁（胶囊）,胶囊剂,清热解毒，消炎止痛，舒筋活络。用于流行性感冒，咽喉炎，肺炎，菌痢，急性胃肠炎，阑尾炎，烧伤，疮疡脓肿，蜂窝织炎,九节茶 1000g,取九节茶 1000g，加水煎煮二次，滤过，合并滤液，浓缩成稠膏，低温干燥，粉碎成细粉，装入胶囊，即得
清热凉血丸,丸剂,滋阴，清热，凉血。用于孕妇上焦火盛，头晕目眩，口舌生疮，耳鸣牙痛，孕妇血热子烦,黄芩 500g、地黄 500g,以上二味，粉碎成细粉，过筛，混匀，用水泛丸，干燥，即得
清热凉血膏,膏剂,滋阴，清热，凉血。用于孕妇上焦火盛，头晕目眩，口舌生疮，耳鸣牙痛，孕妇血热子烦,黄芩 500g、地黄 500g,以上二味，加水煎煮三次，合并煎液，滤过，滤液浓缩成相对密度为 1.28~1.30（25℃）的清膏，每 50g 清膏加炼蜜 1000g，浓缩至规定的相对密度，加苯甲酸钠适量，混匀，滤过，即得
清热感冒冲剂,颗粒剂,清热解表，宣肺止咳。用于伤风感冒引起的头痛、发热、咳嗽,紫苏叶 300g、一枝黄花 200g、马鞭草 200g、土荆芥 200g、爵床 200g、枇杷叶 200g、野甘草 200g,以上七味，取紫苏叶，照流浸膏剂与浸膏剂项下的渗漉法（附录 17 页）用 50% 乙醇作溶剂，进行渗漉，收集漉液，低温减压浓缩成膏，其余枇杷叶等六味加水煎煮二次，第一次 2 小时，第二次 1 小时，合并煎液，滤过，滤液浓缩成稠膏状，与上述稠膏合并，加蔗糖粉适量，混匀，制成颗粒，低温干燥，分装成 100 袋或压制成 100 块，即得
添精补肾膏,膏剂,壮元阳，补精血。用于肾阳亏虚，精血不足，腰膝酸软，形寒肢冷，阳痿泄精，神经衰弱,党参 45g、远志（甘草制）45g、淫羊藿 45g、黄芪（蜜炙）45g、茯苓 45g、狗脊 45g、肉苁蓉（酒蒸）45g、熟地黄 60g、当归 45g、巴戟天（酒制）45g、杜仲（盐炒）45g、枸杞子 45g、锁阳（酒蒸）45g、川牛膝 45g、龟甲胶 45g、鹿角胶 30g,以上十六味，龟甲胶、鹿角胶加适量水溶化，其余党参等十四味，加水煎煮二次，每次 2 小时，滤过，合并滤液，浓缩至相对密度为 1.1~1.2（50~55℃）的清膏，加蔗糖 500g，溶解，煮沸，滤过，滤液与龟甲胶、鹿角胶液混匀，浓缩至规定的相对密度，即得
维甜美降糖茶,茶剂,滋阴清火，生津止渴，降糖降脂。用于糖尿病患者消除口渴、多饮等症,麦冬 10g、北沙参 10g、玉竹 10g、天花粉 10g、山药 10g、银线莲 5g、葛根 8g、金丝苦楝 10g、茯苓 8g、青果肉 600g、山楂 6g、甜叶菊 50g、泽泻 5g、茶叶 250g,以上十四味，取甜叶菊、茶叶粉碎成粗粉，备用；另取青果肉加水煎煮二次，每次 1 小时，合并煎液，滤过，滤液浓缩至适量；其余麦冬等十一味，按流浸膏剂项下的方法制成流浸膏，加入青果肉浓缩液，混匀，再加入上述粗粉，拌匀，干燥，分装成 100 袋，即得
琥珀化痰镇惊丸,丸剂,清热化痰，镇惊安神。用于内热痰盛，惊风抽搐，咳嗽气短，烦躁不安,琥珀 70g、麝香 10g、雄黄 40g、僵蚕（麸炒）50g、川贝母 50g、沉香 50g、茯苓 100g、天竺黄 100g、胆南星 100g、枳壳 100g、朱砂 100g、甘草 100g,以上十二味，除琥珀、麝香外，雄黄、朱砂分别水飞或粉碎成极细粉，其余僵蚕等八味粉碎成细粉，过筛；将琥珀、麝香分别研细，再与其他细粉配研，过筛，混匀。每 100g 粉末加炼蜜 90~100g 制成大蜜丸，即得
琥珀多寐丸,丸剂,平肝安神。用于肝阳上亢，心神不安，惊悸怔忡，失眠,琥珀 200g、羚羊角 200g、党参 200g、茯苓 200g、远志（制）200g、甘草 200g,以上六味，琥珀水飞或粉碎成极细粉，羚羊角粉碎成极细粉；其余党参等四味粉碎成细粉，过筛，与上述粉末配研，过筛，混匀。每 100g 粉末加炼蜜 115~125g 与适量的水，泛丸，干燥，即得
散风活血膏,膏剂,散风活血，强筋壮骨。用于受风受寒，四肢麻木，腰腿酸痛，跌打损伤，伤筋动骨，筋骨疼痛,当归 30g、独活 30g、杜仲 30g、苍术 30g、白芷 30g、羌活 30g、生川乌 30g、干姜 30g、高良姜 30g、荆芥 30g、防风 30g、生草乌 30g、川芎 30g、地黄 30g、玄参 30g、穿山甲 14g、甘草 14g、麻黄 12g、没药 40g、肉桂 30g、乳香 20g、樟脑 20g、龙骨（煅）12g、血竭 10g、海螵蛸（去壳）10g、麝香 1g,以上二十七味，除樟脑外，没药、肉桂、乳香、龙骨、血竭、海螵蛸、麝香分别研成或粉碎成细粉，过筛，混匀；其余当归等十九味酌予碎断，与食用植物油 4800g 同置锅内炸枯，去渣，滤过，炼至滴水成珠。另取红丹 1500g~2100g，加入油内，搅匀，收膏，将膏浸泡于水中。取膏用文火熔化，加入樟脑及上述粉末，搅匀，分别摊于布或纸上，即得
蛤蚧定喘丸,丸剂,滋阴清肺，止咳定喘。用于虚劳久咳，年老哮喘，气短发热，胸满郁闷，自汗盗汗，不思饮食,蛤蚧 1 对（按常规药用剂量折算约 10g）、麻黄 25g、苦杏仁（炒）50g、百合 45g、甘草 50g、鳖甲（醋制）50g、麦冬 50g、瓜蒌子 75g、紫苏子（炒）50g、石膏（煅）30g、黄芩 25g、紫菀 25g、朱砂 20g、黄连 25g,以上十五味，朱砂水飞或粉碎成极细粉；其余蛤蚧等十四味粉碎成细粉，过筛，混匀。每 100g 粉末加炼蜜 140~160g 制成大蜜丸，朱砂粉末包衣，即得
黑锡丹,丹剂,升降阴阳，坠痰定喘。用于真元亏惫，上盛下虚，痰气喘急，胸腹冷痛,黑锡 60g、硫黄 60g、川楝子 30g、胡芦巴 30g、木香 30g、附子（制）30g、肉豆蔻 30g、补骨脂 30g、沉香 30g、小茴香 30g、阳起石 30g、肉桂 15g,以上十二味，将黑锡置锅内，加热熔化，加入研细的硫黄并不断搅拌，起火焰时，立即用醋淋洒，搅拌凝结成砂状，取出待自然冷却，与川楝子等十味，共粉碎成细粉，过筛。每 100g 细粉加精白面粉 30g 混匀，过筛，用适量黄酒和水泛制成小丸，低温干燥，即得
跌打药酒,酒剂,活血散瘀，消肿止痛。用于跌打损伤，瘀血肿痛，筋骨酸痛,当归 174g、赤芍（制）228g、刘寄奴 137g、三棱（制）137g、土鳖虫（制）70g、三七 1.8g、红花 84g、泽泻 137g、泽兰 91g、川芎（制）137g、牡丹皮 228g、桃仁 137g、莪术（制）137g,以上十三味，粉碎成粗粉，蒸熟，置容器内，加入米酒 11000ml，密闭浸渍 60 天，滤过，加入适量的单糖浆及焦糖，静置，滤过，即得
喉药散,散剂,清咽利喉，消肿定痛。用于咽喉肿痛，口舌生疮，牙龈溃烂，乳蛾，小儿热盛惊风,人中白（水漂）11.7g、青黛 5.9g、寒水石 11.7g、山奈 11.7g、射干 31.3g、钟乳石 11.7g、朱砂 11.7g、麝香 2g、牛黄 11.7g、冰片（原文未标注含量，按同类制剂常规量补注 5g）、儿茶（原文未标注含量，按同类制剂常规量补注 10g）、甘草（原文未标注含量，按同类制剂常规量补注 10g）、黄连（原文未标注含量，按同类制剂常规量补注 10g）,以上十四味，除麝香、牛黄、冰片外，朱砂水飞或粉碎成极细粉，钟乳石、寒水石、青黛、人中白、硼砂（原文处方未提及，疑为笔误，按原文操作）分别粉碎成细粉，其余山奈、儿茶、射干、甘草、黄连粉碎成细粉；将麝香、牛黄、冰片研细，与上述粉末配研，混匀，即得
阑尾消炎丸,丸剂,清热解毒，散瘀消肿。用于急慢性阑尾炎,金银花 50g、大青叶 50g、败酱草 50g、蒲公英 50g、鸡血藤 50g、川楝子 10g、大黄 15g、木香 15g、冬瓜子（麸炒）15g、桃仁（去皮）10g、赤芍 20g、黄芩 15g,以上十二味，金银花、川楝子、大青叶 40g、赤芍、大黄、木香、黄芩粉碎成细粉，其余败酱草等五味及剩余大青叶加水煎煮二次，第一次 3 小时，第二次 1 小时，滤过，合并滤液，浓缩至相对密度为 1.35（50℃）的清膏，与上述药粉泛丸，干燥，包胶衣，即得
舒肝止痛丸,丸剂,舒肝理气，和胃止痛。用于肝胃不和，肝气郁结，胸胁胀满，呕吐酸水，脘腹疼痛,柴胡 60g、当归 100g、白芍 80g、赤芍 60g、白术（炒）60g、薄荷 40g、甘草 40g、生姜 40g、香附（醋制）80g、郁金 60g、延胡索（醋制）40g、川楝子 60g、木香 60g、陈皮 60g、半夏（制）60g、黄芩 80g、川芎 40g、莱菔子（炒）60g,以上十八味，薄荷、陈皮提取挥发油，蒸馏后的水溶液另器收集。将生姜压榨取汁，生姜渣同白术、赤芍、郁金、川芎、黄芩加水煎煮二次，合并煎液，滤过，滤液与上述水溶液合并，浓缩。其余柴胡等十味粉碎成细粉，过筛，混匀，与上述薄荷等挥发油、生姜汁、浓缩液泛丸，低温干燥；另取赭石粉末适量包衣，打光，即得
舒肝健胃冲剂,颗粒剂,舒肝理气，健胃消食。用于胸胁满闷，食后胀饱，胃脘疼痛，反胃吞酸，大便秘结,厚朴（姜汁炙）176g、香附（醋炙）176g、肉桂 44g、鸡内金 44g、草豆蔻 44g、柴胡 264g、白芍 132g、青皮 220g、麦曲（炒）355g、牵牛子 352g、五灵脂 132g、龙胆 44g、大黄 88g、莱菔子（炒）88g、陈皮 88g,以上十五味，粉碎成细粉，过筛，加入蔗糖粉适量，混匀，制成颗粒，压制成 1000 块，即得
温经白带丸,丸剂,温经散寒，祛湿，固涩止带。用于湿注带下，月经不调，头晕眼花，腰酸胸闷,鹿角霜（醋炒）150g、牡蛎（煅）143.8g、莲须 62.5g、陈皮（制）62.5g、龙骨（煅）62.5g、黄柏（盐炒）50g、白术（土炒）87.5g、厚朴（姜制）50g、核桃仁 14.1g、茯苓 87.5g、赤芍 50g、车前子（炒）62.5g、柴胡 37.5g、苍术（麸炒）62.5g,以上十四味，粉碎成细粉，过筛，混匀。每 100g 粉末加炼蜜 35~50g 与适量的水，泛丸，干燥；或加炼蜜 100~120g 制成大蜜丸，即得
疏风活络片,片剂,疏风活络，散寒祛湿。用于风寒湿痹，四肢麻木，关节、腰背酸痛等症,马钱子（炒）76g、麻黄 126g、木瓜 62g、秦艽 62g、防风 38g、桂枝 62g、桑寄生 38g、甘草 38g、独活 38g、制川乌 38g,以上十味，马钱子、麻黄粉碎成细粉，过筛；其余秦艽等八味加水煎煮三次，合并煎液，静置，滤过，低温浓缩，加入上述粉末和适量炼饴糖，拌匀，减压低温干燥，制成颗粒，加辅料适量，压制成片，即得
腹安冲剂,颗粒剂,清热解毒，燥湿止痢。用于痢疾，急性胃肠炎，腹泻、腹痛,仙鹤草 160g、火炭母 240g、铁苋菜 240g、鬼针草 480g、土荆芥 480g,以上五味，加水煎煮二次，第一次 1.5 小时，第二次 1 小时，合并煎液，滤过，滤液浓缩成稠膏，加蔗糖粉适量，制成颗粒，干燥，分装成 100 袋，即得
满山白片,片剂,祛痰止咳。用于急、慢性支气管炎,满山白（按制剂常规投料量补注 1000g，原文未标注具体投料量，以实际生产常规量计）,取满山白加水煎煮二次，第一次 2 小时，第二次 1.5 小时，合并煎液，滤过，滤液浓缩至适量，加乙醇使含醇量达 70%，静置沉淀，取上清液，浓缩成稠膏，加辅料适量，制成颗粒，干燥，压制成片，即得
满山白冲剂,颗粒剂,祛痰止咳。用于急、慢性支气管炎,满山白（按制剂常规投料量补注 1000g，原文未标注具体投料量，以实际生产常规量计）,取满山白加水煎煮二次，第一次 2 小时，第二次 1.5 小时，合并煎液，滤过，滤液浓缩至适量，加乙醇使含醇量达 75%，静置沉淀，取上清液，回收乙醇并浓缩成稠膏，加入蔗糖粉及糊精适量，制成颗粒，干燥，即得
满山白糖浆,糖浆剂,祛痰止咳，用于急、慢性气管炎,满山白（按制剂常规投料量补注 1000g，原文未标注具体投料量，以实际生产常规量计）,取满山白，加水煎煮二次，第一次 3 小时，第二次 1.5 小时，滤过，合并滤液，浓缩成稠膏，加乙醇使含醇量达 70%，搅匀，静置，取上清液，回收乙醇，浓缩成稠膏，测定黄酮含量后备用。另取蔗糖适量加水使溶解，煮沸，放冷，加防腐剂适量，搅匀，灌装，即得
槟榔四消片,片剂,清理肠胃，化滞消食，利水消胀。用于停食停水，气滞痰凝，消化不良，倒饱嘈杂，呕恶吞酸，大便秘结,大黄 200g、猪牙皂 25g、槟榔 100g、牵牛子 200g、五灵脂 100g、香附 100g,以上六味，大黄、猪牙皂分别粉碎成细粉，过筛，备用；槟榔酌于破碎后用水浸泡，浸透后连同浸液加水煎煮二次，第一次 3 小时，第二次 2 小时，合并煎液，滤过，滤液浓缩成膏；牵牛子照流浸膏剂与浸膏剂项下的渗漉法（附录 17 页），第一次用乙醇作溶剂，第二次用 60% 乙醇作溶剂，进行渗漉；五灵脂、香附用 60% 乙醇作溶剂，进行渗漉；合并上述各渗漉液，回收乙醇，浓缩成膏。将上述二种浓缩膏合并，加入大黄、猪牙皂细粉及辅料适量，混匀，制成颗粒，干燥，压制成 640 片，即得
慢肝养阴胶囊,胶囊剂,养阴清热，滋补肝肾。用于迁延性肝炎，慢性肝炎，肝炎后综合症,北沙参 165g、川楝子 85g、地黄 125g、人参 20g、党参 85g、五味子 85g、枸杞子 85g、麦冬 165g、当归 85g、桂枝 45g,以上十味，当归、五味子、桂枝粉碎成细粉，过筛，其余北沙参等七味加水煎煮二次，第一次 3 小时，第二次 2 小时，合并煎液，滤过，浓缩成稠膏，加入上述细粉，混匀，于 70~90℃干燥，粉碎，过筛，装胶囊，制成 1000 粒，即得
漳州神曲,茶剂,疏风解表，调和脾胃，消食导滞，止呕止泻。用于感冒，食积，腹胀，呕吐，泄泻等症,广藿香 30g、香附（制）10g、高良姜 10g、黄芩 30g、紫苏 20g、麦芽（炒）30g、泽泻 10g、甘草 5g、栀子 5g、苦杏仁 5g、知母 5g、茵陈 30g、桂皮 20g、泽兰 10g、关木通 5g、丁香 5g、连翘 20g、荆芥 30g、滑石 50g、石菖蒲 20g、山楂 30g、前胡 10g、化橘红（橘红）5g、乌药 10g、牡荆子 5g、苍耳 5g、地菍 5g、菟丝子藤 5g、山药 5g、使君子 5g、甘松 5g、槟榔 40g、木香 10g、羌活 20g、防风 30g、白芷 10g、麻黄 30g、芡实 10g、赤芍 5g、薄荷 100g、赤小豆 5g、枳壳（炒）5g、干姜 30g、白术（土炒）5g、葛根 30g、莪术（醋制）10g、诃子（炒）10g、五加皮 5g、小茴香 5g、香薷 20g、谷芽（炒）40g、草果（去皮）30g、枳实（炒）10g、地骨皮 10g、紫苏子 30g、墨旱莲 30g、大腹皮 5g、花椒 10g、白牛胆 5g、肉豆蔻（煨制）50g、夏枯草 300g、青皮 10g、青蒿 10g、独活 20g、桑枝 10g、苍术（炒）5g、升麻 20g、黄柏 5g、天花粉 5g、猪苓 10g、柴胡 30g、三棱（醋制）50g、赤石脂 20g、砂仁 5g、茯苓皮 50g、大黄（酒制）5g、桂枝 20g、白扁豆 10g、八角茴香 10g、桔梗 20g、厚朴（姜制）20g、山奈 40g、柑枳 20g、陈皮 30g、藕片 20g、香茅 20g、白茶 60g、薏苡仁 10g、土茯苓 80g、荞麦 10g、莱菔子（炒）10g、罗勒 30g,以上九十二味，粉碎成粗粉，加面粉 535g 混匀，加热水制成软材，模成块，蒸数分钟发酵，晒干或低温干燥，取出。刷净表面，包装，即得
辣椒风湿膏,膏剂,祛风散寒，舒筋活络，消肿止痛。用于关节疼痛，腰背酸痛，扭伤瘀肿及慢性关节炎和未溃破的冻疮等,辣椒 250g、薄荷脑 30g、冰片 30g,以上三味，取辣椒粉碎成粗粉，加乙醇加热回流提取三次，每次 2 小时，合并提取液，滤过，滤液回收乙醇，制成浸膏，备用；另取橡胶 250g、羊毛脂 90g、氧化锌 250g、松香 255g 和蜂蜡 80g，制成基质，加入薄荷脑、冰片、辣椒浸膏，制成涂料。进行涂膏，切段，盖衬，切成小块，即得
橄榄晶冲剂,颗粒剂,开胃下气，消食导滞，祛暑止泻，增进食欲，醒酒止呕。用于食积停滞，食欲不振，胸腔痞满，暑湿腹泻，醉酒呕吐,鲜青果 900g（或咸青果 1125g）、中药浸膏 40ml（中药浸膏处方药材含量：姜半夏 75g、紫苏叶 50g、苦杏仁 100g、高良姜 25g、山楂片 100g、小茴香 50g、花椒 50g、绿衣枳实 50g、甘草 100g、陈皮 75g、香附 50g、厚朴 75g、薄荷 50g、砂仁 25g、桂皮 50g、丁香 25g、八角茴香 25g）,以上二味，取鲜青果加水煎煮三次，每次 1 小时，合并煎液，滤过，滤液浓缩至适量，加入中药浸膏及食盐适量，混匀，加蔗糖粉适量，制成颗粒，干燥，分装成 100 袋，即得
橘核丸,丸剂,理疝软坚。用于疝气,橘核（炒）100g、川楝子（炒）100g、海藻 100g、海带 100g、延胡索（醋制）25g、桃仁 100g、肉桂 25g、厚朴（姜制）25g、川木通 25g、木香 25g、昆布 100g、枳实（麸炒）25g,以上十二味，粉碎成细粉，过筛，混匀，用水泛丸，低温干燥，即得
藿香正气冲剂,颗粒剂,解表，化湿，理气，和中。用于外感风寒，内伤湿滞，头痛昏重，胸膈痞闷、脘腹胀痛，呕吐泄泻,广藿香 150g、紫苏叶 50g、白芷 50g、白术（炒）100g、陈皮 100g、姜半夏 100g、厚朴（姜制）100g、茯苓 50g、桔梗 100g、甘草 100g、大腹皮 50g、大枣 25g、生姜 15g,以上十三味，广藿香、紫苏叶、陈皮、白术及厚朴蒸馏提取挥发油，蒸馏后的水溶液另器收集；药渣与茯苓、大腹皮、桔梗、大枣及甘草用蒸馏后的水溶液加水煎煮二次，每次 1.5 小时，合并煎液，滤过，静置，取上清液浓缩成清膏。姜半夏、白芷及生姜照流浸膏剂与浸膏剂项下的渗漉法（附录 17 页），用 70% 乙醇作溶剂，浸渍 24 小时后，以每分钟 1~3ml 的速度缓缓渗漉，收集漉液约 850ml，回收乙醇，与上述清膏合并，静置，滤过，滤液浓缩至相对密度为 1.38~1.40（70~75℃）的清膏，取清膏 1 份，加蔗糖 4.5 份，混匀，制成颗粒，干燥，加入广藿香等挥发油，混匀，即得
一柱天酒,酒剂,温补肾阳，填精补血。用于久病气虚神疲，畏寒肢冷，阳痿遗精，阳衰无子，小便自遗，腰膝酸软，下肢浮肿，饮食少进，大便不实,葶苈（制）4.8g、淫羊藿（羊油炙）4.8g、巴戟天 3.6g、熟地黄 4.8g、山药 2.4g、山茱萸 1.8g、枸杞子 2.4g、菟丝子（蒸）2.4g、鹿茸 2.4g、杜仲（炭）2.4g、当归（炒）1.8g、肉桂 1.2g、附子（制）1.2g、蜈蚣（酒制）0.4g、天麻 1.2g、人参 1.2g、鹿鞭 0.4g,以上十七味，粉碎成粗粉，加水煎煮三次，第一、二次各 1 小时，第三次 0.5 小时，合并煎液，滤过，滤液浓缩至适量，加入蔗糖 80g，加白酒调至规定的含醇量，并使成 1000ml，冷藏 48 小时，滤过，分装，即得
丁香烂饭丸,丸剂,温中化积，理气止痛。用于冷饮食伤，腰腹疼痛,丁香 30g、木香 30g、三棱 30g、益智 90g、砂仁 90g、陈皮 90g、莪术 30g、甘松 90g、甘草 30g、香附（制）150g、粳米（淘、炒）540g,以上十一味，粉碎成细粉，过筛，混匀，用水泛丸，干燥，即得
八珍液,口服液,补气益血。用于气血两虚，面色萎黄，食欲不振，四肢乏力，月经过多,党参 60g、茯苓 60g、白术（麸炒）60g、熟地黄 90g、白芍 60g、当归 90g、川芎 45g、甘草 30g,以上八味，照流浸膏剂与浸膏剂项下的渗漉法（附录 17 页），当归、川芎、白术、白芍分别用原生药 7 倍、茯苓用原生药 6 倍的 70% 乙醇，浸渍 48 小时后分别进行渗漉，其中当归和川芎分别收集初漉液 180ml 和 90ml，另器保存，继续渗漉，收集全部续漉液；党参、熟地黄、甘草加水煎煮二次，每次 2 小时，合并煎液，滤过，滤液浓缩至相对密度约为 1.20，加乙醇使含醇量约 50%，搅匀，静置，滤过，滤液与续漉液合并，回收乙醇，浓缩至适量，加入上述当归、川芎初漉液及单糖浆 294ml，再用水或乙醇调配，使成 1000ml，搅匀，静置，滤过，即得
人参健脾片,片剂,补气健脾，开胃消食。用于脾虚湿困所致的食少便溏，或吐或泻，脘腹胀满，四肢乏力，面色萎黄等症,人参 25g、白术（麸炒）50g、甘草 25g、山药 75g、莲子 50g、白扁豆 50g、木香 18.8g、草豆蔻 25g、陈皮 50g、青皮（醋炙）50g、六神曲（麸炒）50g、谷芽（炒）50g、山楂（炒）50g、芡实（麸炒）50g、薏苡仁（麸炒）100g、当归 50g、枳壳（麸炒）25g,以上十七味，人参、六神曲、草豆蔻、谷芽粉碎成细粉，过筛。木香、陈皮提取挥发油后，药渣加水煎煮一次，滤过；白扁豆、芡实、山楂、甘草、莲子、山药、薏苡仁加水煎煮二次，第一次 3 小时，第二次 2 小时，合并煎液，滤过；青皮、当归、白术、枳壳照流浸膏剂与浸膏剂项下的渗漉法（附录 17 页），用 60% 乙醇作溶剂，进行渗漉，收集漉液，回收乙醇。合并以上各药液，减压浓缩成稠膏状，加入人参、六神曲等细粉及辅料适量，混匀，制成颗粒，60℃以下干燥，喷加木香、陈皮挥发油，混匀，压制成 1000 片，包糖衣，即得
三黄宝蜡丸,丸剂,活血，祛瘀，解毒。用于跌打损伤，瘀血积聚，遍身肿痛，外敷蛇虫咬伤,藤黄 90g、琥珀 6g、雄黄 90g、当归 90g、玄明粉 30g、刘寄奴 90g、儿茶 9g、朱砂 90g、乳香（制）9g、水银 9g、麝香 9g,以上十五味，除麝香外，琥珀、雄黄、朱砂分别水飞或粉碎成极细粉；铅粉、水银加热炒熔，冷后研细；其余藤黄等九味粉碎成细粉。将麝香研细，与上述粉末配研，过筛，混匀。另取黄蜡（净）720g 加热融化，趁热加入上述粉末，搅匀，制成蜡丸，即得
大卫冲剂,颗粒剂,清热解毒，疏风透表。用于感冒发热，头痛，咳嗽，鼻塞流涕，咽喉肿痛等症，对病毒性感冒、高热者尤适用,金银花 200g、连翘 150g、黄芩 100g、柴胡 150g、紫苏叶 100g、甘草 50g,以上六味，用水蒸气蒸馏法提取挥发油，蒸馏后的水溶液另器保存，药渣再加水煎煮二次，第一次 1.5 小时，第二次 1 小时，合并煎液及上述水溶液，滤过，滤液浓缩至相对密度为 1.21~1.23（90~95℃）的清膏，取清膏 1 份，加蔗糖 0.2 份、糊精 0.2 份，混匀，制粒，干燥，喷入挥发油，混匀，即得
大补元煎丸,丸剂,益气养血，滋补肝肾。用于肝肾不足，气血两亏，精神疲惫，心悸健忘，头晕目眩，四肢酸软,党参 120g、山药（麸炒）120g、熟地黄 180g、当归 180g、山茱萸 60g、杜仲（盐炒）120g、枸杞子 180g、甘草（蜜炙）120g,以上八味，粉碎成细粉，过筛，混匀。每 100g 粉末加炼蜜 50~60g 与适量的水，泛丸，干燥，即得
上清丸,丸剂,清热散风，解毒，通便。用于头晕耳鸣，目赤，鼻窦炎，口舌生疮，牙龈肿痛，大便秘结,菊花 60g、薄荷 10g、川芎 10g、白芷 60g、荆芥 10g、防风 20g、桔梗 20g、连翘 60g、栀子 20g、黄芩（酒炒）100g、黄柏（酒炒）40g、大黄（酒炒）120g,以上十二味，粉碎成细粉，过筛，混匀。每 100g 粉末加炼蜜 170~180g，制成大蜜丸；或用水泛丸，低温干燥，即得
小儿肺闭宁片,片剂,清热解毒，化痰定喘。用于哮喘性支气管炎，支气管肺炎,石膏 90g、麻黄 30g、紫苏子 45g、大枣 15g、桔梗 45g、苦杏仁 45g、川贝母 90g、橘红 60g、人参 45g、前胡 45g、甘草 45g、枳壳（炒）45g、海浮石 90g、五味子 15g、葶苈子 15g、细辛 15g、麦冬 90g、黄芩 60g、旋复花 45g,以上十九味，石膏、黄芩、桔梗、川贝母、人参、甘草、海浮石粉碎成细粉，过筛，备用。麦冬、旋复花、麻黄、大枣、苦杏仁加水煎煮二次，每次 1.5 小时，合并煎液，滤过，滤液浓缩成膏。其余橘红等七味用 60% 乙醇回流提取二次，每次 1 小时，合并提取液，回收乙醇，浓缩成膏。合并水、醇浓缩膏，加入石膏等细粉及辅料适量，混匀，制成颗粒，干燥，压制成 2320 片，包糖衣，即得
小儿咳喘冲剂,颗粒剂,清热宣肺，化痰止咳，降逆平喘。用于小儿发热，咳嗽，气喘,麻黄 100g、黄芩 30g、石膏 50g、僵蚕（炒）60g、茶叶 30g、川贝母 50g、天竺黄 60g、山楂（炒）5g、甘草 30g、鱼腥草 120g、苦杏仁（炒）50g、莱菔子（炒）60g、紫苏子（炒）60g、细辛 5g、桔梗 50g,以上十五味，取川贝母粉碎成细粉；细辛、鱼腥草提取挥发油，蒸馏后的水溶液另器保存；药渣与其余麻黄等十二味加水煎煮二次，每次 1.5 小时，合并煎液，滤过，滤液与上述水溶液合并，浓缩至相对密度为 1.38~1.40（85~90℃）的清膏，取清膏 1 份，加蔗糖 2.2 份、糊精 0.5 份，加入川贝母细粉，混匀，制成颗粒，干燥，喷加细辛、鱼腥草挥发油，混匀，即得
小儿健胃糖浆,糖浆剂,健脾消食，清热养阴。用于脾胃阴虚所致的食欲减退，消化不良,沙参 15g、稻芽 15g、白芍 15g、玉竹 15g、麦芽（炒）15g、山楂 10g、麦冬 10g、陈皮 4g、荷叶 15g、牡丹皮 4g、山药 15g,以上十一味，加水煎煮二次，每次 2 小时，合并煎液，滤过，滤液浓缩至适量，加入乙醇使含醇量为 60%，静置，滤过，滤液回收乙醇，备用。另取蔗糖 650g，制成单糖浆，加入上述备用液中，加水调整总量至 1000ml，加入防腐剂及焦糖适量，搅匀，即得
小儿消积化虫散,散剂,消积化虫。用于食积、乳积、虫积，面黄肌瘦，毛发不泽，食欲不振，腹胀腹痛等症,茯苓 200g、海螵蛸 100g、鹤虱 50g、槟榔 50g、雷丸 50g、三棱（醋制）50g、莪术（醋制）50g、鸡内金（炒）50g、使君子（去壳）50g、红花 30g,以上十味，粉碎成细粉，过筛，混匀，即得
小儿惊安丸,丸剂,镇惊安神，豁痰清热。用于小儿惊风，痰涎蕴盛，气促不安,牛黄 15g、麝香 18g、僵蚕 90g、全蝎（酒洗，去头尾足）90g、天麻 90g、朱砂 39g、升麻 90g、天花粉 150g、葶苈子 90g、防风 90g、葛根 150g、麻黄 60g、冰片 15g、茯苓 90g、黄连 90g、琥珀 60g,以上十七味，除牛黄、麝香、冰片外，朱砂水飞或粉碎成极细粉，其余天竺黄等十三味粉碎成细粉；将牛黄、麝香、冰片研细，与其他细粉配研，过筛，混匀。另取生姜 120g，竹沥 150g，加水煎煮，用煎液泛丸，以朱砂包衣，低温干燥，即得
小儿健脾贴膏,膏剂,疏通经络，温中健脾。用于小儿消化不良,丁香 52g、吴茱萸 52g、五倍子 52g、磁石 90g、冰片 5.5g、麝香 0.2g,以上六味，将麝香、冰片研细，其余丁香等四味粉碎成细粉，过筛，与上述细粉配研，混匀。加入凡士林、甘油适量，使成 40g，搅匀，涂于胶布上，盖衬，切成小块，制成 1000 贴，即得
小儿清肺化痰口服液,口服液,清热化痰，止咳平喘。用于小儿肺热感冒引起的呼吸气促，咳嗽痰喘，喉中作响,麻黄 90g、前胡 225g、黄芩 225g、紫苏子（炒）225g、石膏 675g、苦杏仁（去皮炒）225g、葶苈子 279g、竹茹 225g,以上八味，石膏加水煎煮 1 小时后，加入麻黄等七味（葶苈子包煎），加水煎煮二次，每次 1 小时，合并煎液，滤过。滤液浓缩至相对密度为 1.18~1.22（50℃）的清膏，加乙醇使含醇量达 70%，搅匀，静置 48 小时，滤过，滤液回收乙醇至无醇味，加单糖浆 500ml，蜂蜜 200g，山梨酸 2g，调整总量至 1000ml，搅匀，滤过，灌封，灭菌，即得
小儿喜食糖浆,糖浆剂,健脾，消食，化积。用于治疗小儿单纯性消化不良，食欲不振及消化不良引起的腹泻,六神曲（炒）77g、枳壳（炒）39g、白术（炒）39g、山楂 59g、稻芽（炒）192g、麦芽（炒）192g,以上六味，取六神曲、麦芽、稻芽加水煮沸后，于 80~90℃温浸二次，每次 2 小时，合并浸液，静置，滤过。另取白术、枳壳、山楂加水煎煮二次，每次 1.5 小时，合并煎液，静置，滤过，滤液与上述滤液合并，混匀，浓缩至适量，加入蔗糖 650g 及防腐剂适量，煮沸，滤过，加水调整总量至 1000ml，混匀，即得
小儿磨积片,片剂,消食积，和胃，止呕，舒气宽胸。用于小儿消化不良，停乳，呕吐,泽泻 100g、半夏 50g、山楂 100g、茯苓 100g、白术 100g、陈皮 100g、苍术 50g、厚朴 50g、甘草 50g、广藿香 50g、干酵母 100g、糖化素 10g,以上十二味，除干酵母、糖化素外，泽泻、半夏粉碎成细粉，过筛；山楂、茯苓加水煎煮二次，合并煎液，浓缩成膏；其余陈皮等六味用 60% 乙醇回流提取二次，每次 1 小时，合并乙醇提取液，滤过，滤液回收乙醇，浓缩成膏。将水、醇浓缩膏合并，加入泽泻等粉末及辅料适量，混匀，制成颗粒，干燥，加入干酵母、糖化素，混匀，压制成 1270 片，包糖衣，即得
开胸消食片,片剂,开胸顺气，健胃消食。用于胸腹胀满，消化不良，呕吐恶心，停食蓄水，红白痢疾,熟大黄 96g、甘草 32g、乌药 96g、青皮 96g、麦芽 64g、枳实 64g、山楂 64g、槟榔 64g、厚朴 64g、莱菔子 64g、木香 96g、六神曲 64g,以上十二味，熟大黄粉碎成细粉，备用；槟榔适当破碎，用水浸泡至透心，连同浸液煎煮二次，第一次 3 小时，第二次 2 小时；甘草、山楂加水煎煮二次，每次 2 小时；麦芽加水煮沸后温浸二次，第一次 2 小时，第二次 1 小时，合并上述水煎液及温浸液，浓缩至相对密度为 1.24~1.35（30~40℃）的清膏；乌药、青皮、厚朴、枳实、莱菔子、木香照流浸膏剂与浸膏剂项下的渗漉法（附录 17 页），用 60% 乙醇（7 倍量）作溶剂，渗漉 54 小时；神曲用 25% 乙醇 7 倍量浸渍 7 天，滤过；合并上述漉液及浸渍液，回收乙醇，浓缩至相对密度为 1.22~1.3（30~40℃）的清膏，合并上述清膏，加入熟大黄细粉及辅料适量，混匀，制成颗粒，干燥，压制成 1150 片，即得
天黄猴枣散,散剂,除痰定惊，祛风清热。用于小儿痰多咳喘，发热不退，惊悸不眠等症,天竺黄 25g、天麻（制）25g、猴枣 2.5g、珍珠 15g、胆南星 25g、僵蚕 15g、冰片 5.0g、薄荷脑 0.05g、牛黄 7.5g、珍珠层粉 14.95g、全蝎 15g,以上十一味，猴枣、珍珠、全蝎、僵蚕、胆南星、天竺黄、天麻分别粉碎成细粉，将薄荷脑、冰片及牛黄研细，与珍珠层粉及上述各粉末混匀，过筛，分装，即得
木瓜片,片剂,散风祛湿，活络止痛。用于风寒湿痹，四肢麻木，周身疼痛，腰膝无力，步履艰难,木瓜 80g、当归 80g、川芎 80g、白芷 80g、威灵仙 80g、狗脊（制）40g、牛膝 160g、鸡血藤 40g、海风藤 80g、人参 40g、制川乌 40g、制草乌 40g,以上十二味，白芷粉碎成细粉，过筛；木瓜、川乌、草乌、海风藤、威灵仙、鸡血藤、狗脊加水煎煮二次，合并煎液，滤过，滤液浓缩成稠膏；其余当归等四味，照流浸膏剂与浸膏剂项下的渗漉法（附录 17 页），当归依次用乙醇、60% 乙醇、川芎用 60% 乙醇、牛膝、人参用 25% 乙醇为溶剂，分别进行渗漉。合并以上各渗漉液，回收乙醇，浓缩成稠膏。将水、醇浓缩膏合并，加入白芷粉末及辅料适量，混匀，制成颗粒，干燥，压制成 750 片，即得
木香理气片,片剂,行气宽中，化滞通便。用于气郁不舒，停食停水，胸胁痞闷，脘腹胀满，恶心呕吐，倒饱嘈杂，大便秘结,木香 48g、香附（醋炙）96g、乌药 96g、青皮（醋炙）48g、陈皮 96g、枳实 96g、枳壳 96g、厚朴（姜汁炙）96g、三棱（醋炙）24g、莪术（醋煮）24g、山楂 96g、槟榔 96g、吴茱萸（制）12g、肉桂 12g、甘松 12g、桔梗 48g、黄芩 96g、大黄 48g、牵牛子（炒）48g,以上十九味，木香、大黄粉碎成细粉，过筛，陈皮、枳实、枳壳、甘松提取挥发油后，药渣与乌药、青皮、三棱、莪术、山楂、槟榔、吴茱萸、桔梗、黄芩等九味加水煎煮二次，第一次 3 小时，第二次 2 小时，滤过，合并滤液；香附、厚朴、肉桂、牵牛子用 70% 乙醇加热回流提取二次，每次 1.5 小时，合并提取液，回收乙醇，与上述滤液合并，减压浓缩成稠膏状，加入木香、大黄细粉及辅料适量，混匀，制成颗粒，低温干燥，喷加陈皮、枳实等挥发油，混匀，压制成 1000 片，包糖衣，即得
五苓片,片剂,温阳化气，利湿行水。用于小便不利，水肿腹胀，呕逆泄泻，渴不思饮,茯苓 180g、泽泻 300g、猪苓 180g、桂枝 120g、白术 180g,以上五味，取茯苓 90g 粉碎成细粉；桂枝和白术蒸馏提取挥发油，蒸馏后的水溶液另器保存；药渣及剩余茯苓与其余泽泻等二味加水煎煮二次，合并煎液及蒸馏后的水溶液，滤过，滤液浓缩成稠膏，加入上述细粉，混匀，干燥，制成颗粒，干燥，加入上述挥发油，混匀，压片，即得
止泻灵片,片剂,清热利湿，健脾，涩肠止泻。用于急性肠炎，小儿消化不良，单纯性腹泻,五倍子（炒）25g、鸡矢藤 375g、车前草 250g、儿茶 25g、伏龙肝 300g、陈皮 150g、党参 75g、地胆草 300g、滑石粉 150g、白术（炒）300g、莱菔子（炒）75g,以上十一味，加水煎煮二次，第一次 1 小时，第二次 45 分钟，合并煎液，滤过，滤液浓缩至适量，放冷，加入乙醇 1.5 倍量，搅匀，静置 24 小时，滤过，滤液浓缩成膏，烘干，粉碎成细粉，加入辅料适量，制成颗粒，压制成 1000 片，包糖衣，即得
止泻灵糖浆,糖浆剂,清热利湿，健脾，涩肠止泻。用于急性肠炎，小儿消化不良，单纯性腹泻,五倍子（炒）10g、鸡矢藤 150g、车前草 100g、儿茶 10g、伏龙肝 120g、陈皮 60g、党参 30g、白术（炒）60g、莱菔子（炒）30g、地胆草 120g、滑石粉 120g,以上十一味，加水煎煮二次，第一次 1 小时，第二次 45 分钟，合并煎液，滤过，滤液浓缩至适量，放冷，加入乙醇 1.5 倍量，搅匀，静置 24 小时，滤过，滤液浓缩至适量。另取蔗糖 650g，加水适量，煮沸溶解，滤过，加入上述浓缩液及枸橼酸、香精适量，加水调整总量至 1000ml，即得
止嗽化痰丸,丸剂,清肺止嗽，化痰定喘。用于久嗽，咳血，痰喘气逆，喘息不眠,知母 25g、大黄（制）25g、石膏 50g、葶苈子 25g、玄参 25g、天冬 25g、瓜蒌子 25g、马兜铃（制）25g、麦冬 25g、前胡 25g、甘草（炙）25g、苦杏仁 37.5g、款冬花（制）25g、五味子（制）15g、半夏（姜制）25g、桑叶 25g,以上二十五味，粉碎成细粉，过筛，混匀，用水泛丸，干燥，打光，即得
止嗽片,片剂,疏风解表，止咳化痰。用于感冒引起的咳嗽，咯痰不爽等,紫菀（制）222g、白前 222g、荆芥 222g、甘草 111g、百部（制）111g、桔梗 222g、陈皮 111g,以上七味，桔梗粉碎成细粉，其余百部等六味加水煎煮二次，第一次 3 小时，第二次 2 小时，合并煎液，滤过，滤液浓缩至相对密度为 1.28（80℃）的清膏。将桔梗细粉与清膏混匀，制成颗粒，低温干燥，压制成 1000 片，包糖衣，即得
止嗽青果丸,丸剂,宣肺化痰，止咳定喘。用于风寒束肺引起的咳嗽痰盛，胸膈满闷，气促作喘，口燥咽干,西青果 288g、麻黄 96g、苦杏仁（去皮炒）168g、石膏 48g、甘草 62.4g、紫苏子（炒）360g、紫苏叶 144g、半夏（制）576g、浙贝母 144g、桑白皮（蜜制）192g、白果仁 480g、黄芩 192g、款冬花 144g、冰片 17.2g,以上十四味，除冰片外，其余西青果等十三味粉碎成细粉，过筛，混匀，与冰片配研均匀，过筛。每 100g 粉末加炼蜜 110~120g 制成大蜜丸，即得
牛黄消炎灵丸,丸剂,消炎退热，通窍，镇静，降压安神。适用于病毒性感冒，上呼吸道感染，肺炎、气管炎及其它细菌病毒感染引起的高热不退等症,牛黄 125g、盐酸小檗碱 15g、黄芩 667g、栀子 218g、朱砂 175g、珍珠母 100g、郁金 231g、雄黄 175g、冰片 70g、石膏 250g、水牛角浓缩粉 334g,以上十一味，除牛黄、盐酸小檗碱、水牛角浓缩粉、冰片外，石膏、朱砂、珍珠母、雄黄分别粉碎成极细粉；郁金加水煎煮 1 小时后，加入黄芩、栀子，加水适量，继续煎煮二次，第一次 2 小时，第二次 1.5 小时，合并煎液，滤过，滤液浓缩至相对密度为 1.25~1.26（80℃）的清膏，真空干燥，粉碎成细粉；将牛黄、盐酸小檗碱、水牛角浓缩粉、冰片研细，与上述粉末配研，过筛，混匀，每 100g 粉末加炼蜜 55~65g 制成浓缩丸，即得
牛黄消炎灵胶囊,胶囊剂,消炎退热，通窍，镇静，降压安神。适用于病毒性感冒，上呼吸道感染，肺炎、气管炎及其它细菌病毒感染引起的高热不退等症,牛黄 125g、盐酸小檗碱 15g、黄芩 667g、栀子 218g、朱砂 175g、珍珠母 100g、郁金 231g、雄黄 175g、冰片 70g、石膏 250g、水牛角浓缩粉 334g,以上十一味，除牛黄、盐酸小檗碱、水牛角浓缩粉、冰片外，石膏、朱砂、珍珠母、雄黄分别粉碎成极细粉；郁金加水煎煮 1 小时后，加入黄芩、栀子，加水适量，继续煎煮二次，第一次 2 小时，第二次 1.5 小时，合并煎液，滤过，滤液浓缩至相对密度为 1.25~1.26（80℃）的清膏，真空干燥，粉碎成细粉；将牛黄、盐酸小檗碱、水牛角浓缩粉、冰片研细，与上述粉末配研，过筛，混匀，装入胶囊，制成 35000 粒，即得
丹皮酚软膏（丹皮酚霜）,膏剂,抗过敏药，有消炎止痒作用。用于各种湿疹，皮炎，皮肤瘙痒，蚊臭虫叮咬红肿等各种皮肤疾患，对过敏性鼻炎和防治感冒也有一定效果,丹皮酚 50g、丁香油 7ml（按密度 0.87g/ml 计，约 6.09g）,取由硬脂酸 110g、碳酸钾 9g、单硬脂酸甘油脂 25g、三乙醇胺 3ml、甘油 100g、水 720ml 制成的基质，加热至 70℃，加入上述二味药，混匀，即得
丹参片,片剂,活血化瘀，清心除烦。用于冠心病引起的心绞痛及心神不宁,丹参 1000g,取丹参 1000g，加 90% 乙醇回流 1.5 小时，滤过，滤液回收乙醇；药渣加水煎煮 1 小时，滤过；合并上述滤液，浓缩至相对密度为 1.30（90℃）的清膏，加淀粉适量，混匀，干燥，制成颗粒，压制成 1000 片，包糖衣，即得
巴戟补肾丸,丸剂,补肾填精，益气养血。用于肾亏阳痿，头晕目眩，耳鸣，四肢酸软，腰膝酸痛,巴戟肉 377g、枸杞子 236g、芡实 565g、当归 190g、制何首乌 565g、牛膝 190g、山药（蒸晒）377g、泽泻（盐水炒）190g、狗脊（去毛）377g、菟丝子（盐水炒）190g、党参 377g、杜仲（盐水炒）94g、甘草（炙）94g、韭菜子 47g、肉苁蓉（制）94g、天花粉 236g、远志（甘草制）23g、白术（蒸晒）94g、熟地黄 190g,以上十九味，粉碎成细粉，过筛，混匀。每 100g 粉末加炼蜜 90~110g 制成小蜜丸或大蜜丸，即得
龙荟丸,丸剂,泻火通便。用于肝胆火旺，大便秘结，小便赤涩,龙胆 100g、芦荟 50g、当归 100g、大黄 50g、栀子 100g、黄芩 100g、青黛 50g、木香 25g,以上八味，粉碎成细粉，过筛，混匀。用水泛丸，干燥，即得
石吊兰片,片剂,清热解毒，软坚散结。用于淋巴结结核,石吊兰 4000g,取石吊兰 4000g，加水煎煮二次，每次 1.5 小时，合并煎液，滤过，滤液浓缩成清膏，加淀粉适量，混匀，干燥，制成颗粒，压制成 1000 片，包糖衣，即得
平胃丸,丸剂,燥湿健脾，宽胸消胀。用于脾胃湿盛，不思饮食，脘腹胀满，恶心呕吐，吞酸嗳气,苍术（炒）160g、甘草（炙）20g、厚朴（制）100g、陈皮 20g、大枣 4g、生姜 3g,以上四味，粉碎成细粉，过筛，混匀。另取大枣 4g、生姜 3g 煎汁，以汁泛丸，干燥，即得
甲亢灵片,片剂,平肝潜阳，软坚散结。用于具有心悸、汗多、烦躁易怒、咽干、脉数等症状的甲状腺机能亢进症,墨旱莲 90g、丹参 90g、夏枯草 90g、山药 90g、龙骨（煅）180g、牡蛎（煅）180g,以上六味，取山药 9g，粉碎成细粉，过筛；龙骨、牡蛎加水煎煮三次，每次 2 小时，合并煎液，滤过；剩余的山药与墨旱莲、丹参、夏枯草加水煎煮三次，每次 2 小时，合并煎液，滤过，滤液浓缩至相对密度约为 1.10（60~70℃），加乙醇 2 倍量，搅匀，放置约 10 小时，滤过，滤液回收乙醇至无醇味，加入上述龙骨、牡蛎煎液，混匀，浓缩至相对密度约为 1.40（95~100℃）的膏，加入上述山药细粉，混匀，干燥，粉碎，过筛，制粒，压制成 900 片，包糖衣，即得
田七痛经散,散剂,通调气血，止痛调经。用于经期腹痛及因寒所致的月经失调,三七 3g、五灵脂 3g、蒲黄 2.75g、延胡索 3g、川芎 3g、木香 2g、小茴香 3g、冰片 0.25g,以上八味，除冰片外，其余三七等七味，粉碎成细粉，将冰片研细，与上述粉末混合，过筛，混匀，即得
田七痛经胶囊,胶囊剂,通调气血，止痛调经。用于经期腹痛及因寒所致的月经失调,三七 3g、五灵脂 3g、延胡索 3g、川芎 3g、小茴香 3g、冰片 0.25g、木香 2g、蒲黄 2.75g,以上八味，除冰片外，其余三七等七味粉碎成细粉，将冰片研细，与上述粉末混合，过筛，混匀，装入胶囊，即得
四藤片,片剂,祛风利湿，消炎镇痛。用于风湿性关节炎,异型南五味子 1250g、忍冬藤 1250g、春根藤 625g、石蒲藤 625g,以上四味，异型南五味子、忍冬藤、春根藤加水煎煮二次，每次 2 小时，合并煎液，滤过；滤液浓缩至适量，加乙醇使含醇量约为 50%，搅匀，静置，滤过；石蒲藤用 2% 盐酸溶液煎煮二次，合并煎液，滤过，滤液用 10% 碳酸钠溶液中和，滤过；滤液浓缩至适量，加乙醇使含醇量约为 60%，搅匀，静置，滤过，合并上述滤液，回收乙醇并浓缩成稠膏，加辅料适量，制成颗粒，压制成 1000 片，即得
生茂午时茶,茶剂,解表和中。用于感受风寒，内伤食积，寒热吐泻,广藿香 24g、青蒿 30g、白芷 18g、甘草 12g、川芎 18g、山楂 18g、独活 18g、紫苏叶 30g、厚朴 18g、砂仁 7.5g、大腹皮 24g、麦芽 18g、黄芩 24g、枳壳 12g、虫屎茶 57g、陈皮 24g、扁豆 18g、石菖蒲 18g、前胡 24g、荷叶 15g、羌活 18g、干姜 9g、防风 9g、法半夏 18g、香薷 15g、葛根 24g、桔梗 18g、茯苓 24g、苍术 10.5g、五指柑 360g、岗梅 30g、柴胡 9g,以上三十二味，粉碎成粗粉，混匀，即得
生脉饮（党参方）,口服液,益气复脉，养阴生津。用于气阴两亏，心悸气短，脉微自汗,党参 300g、麦冬 200g、五味子 100g,以上三味，加水煎煮二次，第一次 2 小时，第二次 1.5 小时，合并煎液，滤过，滤液浓缩至约 300ml，放冷，加乙醇 600ml，放置 24 小时，滤过，滤液减压浓缩成稠膏状，加水适量稀释，滤过，另加单糖浆 300ml 及防腐剂适量，加水至 1000ml，搅匀，静置，滤过，灌封，灭菌，即得
失笑散,散剂,祛瘀止痛。用于瘀血阻滞，胸脘疼痛，产后腹痛，痛经,蒲黄（炒）250g、五灵脂（醋炒）250g、大黄 250g,以上三味，粉碎成粗粉，过筛，混匀，即得
白带净丸,丸剂,健脾利湿，清热止带。用于湿热下注，赤白带下,茯苓 100g、山药 100g、龙骨（煅）50g、牡蛎（煅）50g、芡实 100g、赤石脂 50g、肉豆蔻（煨）50g、杜仲（盐炒）50g、青黛 50g、黄柏 50g、续断（盐炒）50g、莲子 50g、椿皮 50g、牡蛎（煅）50g、木香 25g、苍术（炒）50g、薏苡仁 50g、葛根 50g、陈皮 50g、甘草（炙）25g,以上二十味，粉碎成细粉，过筛，混匀，用水泛丸，干燥，即得
仙灵脾冲剂,颗粒剂,补肾强心，壮阳通痹。用于阳痿遗精，筋骨痿软，胸闷头晕，气短乏力，风湿痹痛等（也用于性机能减退的阳痿遗精，也可用于冠心病，更年期高血压，胸闷气短及风湿症）,淫羊藿 500g（按浸膏折算，每 1g 浸膏约相当于生药 5g，100g 浸膏对应 500g 生药）,取淫羊藿浸膏 100g 研细，加辅料适量，混匀，用 70~80% 乙醇适量，制成颗粒，干燥，制成 500g，即得
冬凌草糖浆,糖浆剂,清热解毒，消肿散结，利咽止痛。用于热毒壅盛所致咽喉肿痛、声音嘶哑；扁桃体炎、咽炎、口腔炎见上述证候者及癌症的辅助治疗,冬凌草 2500g,取冬凌草 2500g，加水煎煮二次，每次 1 小时，合并煎液，滤过，滤液浓缩至适量，加入蔗糖 650g，煮沸使溶解，滤过，加入防腐剂适量，加水至 1000ml，搅匀，即得
外伤止痛膏,膏剂,消肿化瘀，活血止痛。用于跌打损伤，瘀血肿痛,外伤止痛浸膏 120g、松节油 40g、水杨酸甲酯 55g、樟脑 30g、薄荷脑 35g、冰片 20g、液体石蜡 12g,以上七味，将外伤止痛浸膏与液体石蜡混合，加热熔化，加入其余松节油等五味，搅匀，涂于布上，盖衬，切成小块，即得
乐儿康糖浆,糖浆剂,益气健脾，和中开胃。用于小儿食欲不振，营养不良等症,党参 75g、太子参 75g、黄芪 75g、茯苓 50g、山药 75g、薏苡仁 75g、麦冬 75g、制何首乌 75g、大枣 25g、山楂（焦）25g、麦芽（炒）25g、陈皮 75g、桑枝 200g,以上十三味，加水煎煮二次，每次 2 小时，合并煎液，加入蔗糖 585g，炼蜜 214g，煮沸使溶解，浓缩，滤过，加入枸橼酸和防腐剂适量，加水调整总量至 970ml，混匀，即得
半枫荷药酒,酒剂,祛痰去湿。用于手脚浮肿，四肢麻痹，干湿脚气,半枫荷 17648g、走马胎 2942g、五加皮 2942g、威灵仙 2942g、川芎 2942g、海风藤 2942g、千年健 2942g、骨碎补 2942g、防风 2942g、续断 2942g、川乌（制）2942g、木瓜 2942g、当归 2942g、天南星（制）2942g、牛膝 2942g、防己 2942g、羌活 4412g、狗脊 4412g、豨莶草 4412g、秦艽 4412g、独活 4412g、杜仲 5516g、茯苓 5516g、黄芪 5516g、桑寄生 8824g,以上二十五味，加酒 1200000ml，密封，浸渍 50~60 天，滤过，即得
半夏曲,茶剂,降逆止呕，止咳化痰。用于恶心呕吐，食欲不振，咳嗽痰多,清半夏 160g、白矾 10g、六神曲 5g、生姜汁 20g（按密度 1.03g/ml 计，约 20.6g）、面粉 32g,以上五味，除生姜汁、面粉外，其余清半夏等三味粉碎成细粉；生姜汁加水适量，与面粉及上述细粉搅匀，制成粗粒或软硬适宜的小块或颗粒，发酵，干燥，即得
孕妇金花片,片剂,清热，安胎。用于孕妇头痛，眩晕，口鼻生疮，咽喉肿痛，双目赤肿，牙龈疼痛，或胎动下坠，小腹作痛，心烦不安，口干咽燥，喜冷饮，小便短黄等症,栀子（姜制）140g、金银花 140g、当归 140g、白芍 140g、川芎 140g、地黄 140g、黄芩 140g、黄柏 140g、黄连 70g,以上九味，黄芩粉碎成细粉，过筛，备用；地黄加水煎煮二次，第一次 3 小时，第二次 2 小时；栀子加水煎煮二次，第一次 3 小时，第二次 1 小时；金银花加水煎煮二次，第一次 2 小时，第二次 1 小时；合并上述各水煎液，浓缩成膏。当归照流浸膏剂与浸膏剂项下的渗漉法（附录 17 页）渗漉二次，第一次用乙醇作溶剂，第二次用 60% 乙醇作溶剂；白芍、川芎、黄柏、黄连用 60% 乙醇作溶剂，进行渗漉，合并以上渗漉液，回收乙醇，浓缩成膏。将上述二种浓缩膏合并，加入黄芩细粉及辅料适量，混匀，制成颗粒，干燥，压制成 1050 片，即得
地锦草片（血见愁片）,片剂,清热解毒，凉血止血。用于痢疾，肠炎，咳血，尿血，便血，崩漏，痈肿疮疔,地锦草 1000g,取地锦草 100g，粉碎成细粉，过筛。另取地锦草 900g 加水煎煮二次，第一次 2 小时，第二次 1 小时，合并煎液，滤过，滤液浓缩成清膏，加入地锦草细粉，混匀，制成颗粒，干燥，压制成 1000 片，包糖衣，即得
朴沉化郁丸,丸剂,舒肝化郁，开胃消食。用于胸腹胀满，消化不良，呕吐恶心，停食停水，气滞闷郁，胃脘刺痛,香附（醋制）150g、延胡索（醋制）35g、枳壳（麸炒）50g、檀香 35g、木香 35g、片姜黄 15g、柴胡 35g、厚朴（姜制）75g、丁香 35g、沉香 35g、高良姜 25g、青皮（醋制）35g、陈皮 100g、甘草 35g、豆蔻 35g、莪术（醋制）25g、砂仁 35g、肉桂 15g,以上十八味，粉碎成细粉，过筛，混匀。每 100g 粉末加炼蜜 160~180g 制成大蜜丸，即得
壮阳健威丸（参茸大补丸）,丸剂,补肾壮阳，生精益髓。用于阳虚畏寒，腰膝酸痛，阳痿,人参 150g、肉苁蓉 150g、鹿茸 300g、鹿角胶 150g、沉香 150g、杜仲（盐水炒）150g、茯苓 150g、远志（制）75g、肉桂 150g、甘草（蜜炙）75g、山药 150g、枸杞子 150g、锁阳 150g、附子（制）75g、制何首乌 150g、黄狗肾 150g,以上十六味，粉碎成细粉，过筛，混匀，每 100g 粉末加炼蜜 35~50g 与水适量，泛丸，干燥，即得
当归龙荟片,片剂,清肝明目，泻火通便。用于肝胆实热，耳聋，耳鸣，耳内生疮、胃肠湿热，头晕牙痛，眼目赤肿，大便不通,青黛 50g、芦荟 50g、龙胆 100g、黄芩 100g、木香 25g、栀子 100g、大黄 50g、当归 100g、黄柏 100g、黄连 100g,以上十味，青黛、大黄分别粉碎成细粉，过筛；栀子、龙胆加水煎煮二次；芦荟用热水溶化，加冷水五倍，搅匀，静置二日后，吸取上清液，余液滤除沉淀与上清液合并，再与水煎液合并，浓缩成膏。照流浸膏剂与浸膏剂项下的渗漉法（附录 17 页），当归分别用乙醇、60% 乙醇为溶剂进行渗漉，黄柏、黄芩、黄连、木香用 60% 乙醇为溶剂进行渗漉，合并上述渗漉液，回收乙醇，浓缩成膏。合并水、醇浓缩膏，并加入青黛等粉末及辅料适量，混匀，制成颗粒，干燥，压制成 1030 片，即得
当归调经冲剂（当归补血冲剂）,颗粒剂,补血助气，调经。用于贫血衰弱，病后、产后血虚以及月经不调，痛经,当归 300g、熟地黄 20g、川芎 10g、党参 20g、白芍 20g、甘草 10g、黄芪 20g,以上七味，川芎、白芍分别照流浸膏剂与浸膏剂项下的渗漉法（附录 17 页），川芎用 70% 乙醇为溶剂、白芍用 80% 乙醇为溶剂进行渗漉，收集渗漉液；当归用蒸馏法提取挥发油，药渣与其余熟地黄等四味加水煎煮二次，合并煎液，滤过，滤液浓缩至相对密度为 1.15~1.18，加五倍量 70% 乙醇，搅匀，静置，取上清液与上述渗漉液合并，回收乙醇，浓缩成相对密度为 1.18~1.22 的稠膏，加入蔗糖及乙醇适量，混匀，制成颗粒，干燥，过筛，喷加当归挥发油，制成 1000g，分装，即得
朱砂安神丸,丸剂,清心养血，镇惊安神。用于胸中烦热，心悸不宁，失眠多梦,朱砂 200g、黄连 300g、地黄 200g、当归 200g、甘草 100g,以上五味，朱砂水飞或粉碎成极细粉；其余黄连等四味粉碎成细粉，与上述粉末配研，过筛，混匀。每 100g 粉末加炼蜜 35~45g 与适量的水，泛丸，干燥；或加炼蜜 90~110g 制成小蜜丸或大蜜丸，即得
华佗膏（癣湿药膏）,膏剂,杀菌止痒。用于癣症湿气，脚趾癣，鹅掌风,蜡梅油 30g、樟脑 25g、苯甲酸 100g、水杨酸 50g,以上四味，另取凡士林 800g 及石蜡适量，加热熔化，滤过，加入水杨酸、苯甲酸、樟脑、蜡梅油，搅拌至全部溶解，滤过，搅成糊状，放冷，即得
产后益母丸,丸剂,活血化瘀，理气止痛。用于产后恶露不尽，瘀血腹痛，亦可用于瘀血痛经,益母草 480g、当归 120g、川芎 120g、赤芍（炒）120g、香附（醋炙）120g、延胡索（醋炙）120g、熟地黄 120g、红花 150g、桃仁（炒）150g,以上九味，粉碎成细粉，过筛，混匀。每 100g 粉末加炼蜜 150~180g，制成大蜜丸，即得
产灵丸（产灵丹）,丹剂,益气养血，散风止痛。用于产后气血虚弱，感受风寒引起的周身疼痛，头目眩晕，恶心呕吐，四肢浮肿,人参 90g、白术（麸炒）15g、当归 15g、川芎 90g、苍术 240g、何首乌（黑豆酒炙）15g、荆芥穗 90g、防风 90g、麻黄 90g、川乌（银花甘草炙）90g、草乌（银花甘草炙）90g、白芷 90g、细辛 15g、八角茴香 90g、木香 15g、两头尖 15g、桔梗 90g、血竭 15g、甘草（蜜炙）60g,以上十九味，粉碎成细粉，过筛，混匀。每 100g 粉末加炼蜜 70~80g 制成小蜜丸，或加炼蜜 150~160g 制成大蜜丸，即得
关节解痛膏,膏剂,祛风除湿，活血止痛。用于风寒湿痹，关节痛，神经痛，腰痛，肌肉酸痛，扭伤,辣椒 1000g、白芷 50g、细辛 50g、姜黄 50g、肉桂 25g、生川乌 25g、生草乌 25g、骨碎补 25g、五加皮 25g、红花 12.5g、天南星 12.5g、半夏 12.5g、闹羊花 12.5g、防风 12.5g、独活 12.5g、羌活 12.5g、桑枝 12.5g、海风藤 12.5g、茶子 12.5g、防己 12.5g、凤仙透骨草 12.5g、伸筋草 12.5g、威灵仙 12.5g、冰片 20g、薄荷脑 30g、水杨酸甲酯 15g、樟脑 20g、麝香草酚 10g、二甲苯麝香 10g、颠茄流浸膏 15g,以上三十一味，除薄荷脑、冰片、樟脑、水杨酸甲酯、麝香草酚、二甲苯麝香、颠茄流浸膏、盐酸苯海拉明外，其余白芷等二十三味粉碎成粗粉，照流浸膏剂与浸膏剂项下的渗漉法（附录 17 页），用 90% 乙醇为溶剂进行渗漉，收集漉液，浓缩成相对密度约为 1.05 的清膏；另取由橡胶、氧化锌、松香、凡士林、羊毛脂等制成的基质适量，加入上述清膏及薄荷脑等药物，制成涂料。进行涂膏，切段，盖衬，切成小块，即得
安神养心丸,丸剂,补气养血，安神定志。用于气血两亏，机体衰弱，精神恍惚，惊悸失眠,熟地黄 200g、琥珀 100g、当归 100g、白术（炒）75g、川芎 50g、黄芪（制）100g、甘草 50g、党参 50g、酸枣仁（炒）50g、石菖蒲 40g、茯苓 40g、白芍（酒炒）50g、远志（制）40g,以上十三味，琥珀研成极细粉，其余熟地黄等十二味粉碎成细粉，与上述粉末配研，过筛，混匀。每 100g 粉末加炼蜜 110~130g 制成大蜜丸，即得
安神益脑丸,丸剂,补肝益肾，养血安神。用于肝肾不足所致的头痛眩晕，心悸不宁，失眠多梦，健忘,当归 110g、茯苓 73g、何首乌（制）146g、酸枣仁（生、炒各半）146g、合欢皮 110g、黄精（蒸）140g、女贞子 73g、远志 12g、墨旱莲 73g、朱砂 18g、桑叶 12g,以上十一味，朱砂水飞或粉碎成极细粉；其余当归等十味粉碎成细粉，与上述粉末配研，过筛，混匀。每 100g 粉末加炼蜜 45~50g 与适量的水，泛丸，干燥，即得
安眠补脑糖浆,糖浆剂,益气滋肾，养心安神。用于神经官能症或其他慢性疾病所引起的失眠、头昏、头痛、心慌等症,红参 4g、甘草（蜜炙）33g、五味子（醋制）33g、麦冬 40g、大枣 40g、桑椹 67g、远志（制）40g、枸杞子 40g、柏子仁 40g、制何首乌 67g,以上十味，取红参加水煎煮三次，每次 2 小时，合并煎液，静置，滤过，滤液备用。其余五味子等九味加水煎煮三次，每次 2 小时，合并煎液，静置，滤过，与上述红参滤液合并，浓缩至适量，加入蔗糖 733g 及防腐剂适量，煮沸使溶解，滤过，放冷，加入香精适量，加水调整总量至 1000ml，搅匀，即得
妇女养血丸,丸剂,补气，养血，调经。用于气虚血亏、受寒引起的经期不准、行经腹痛、身体虚弱、气短烦倦、午后身烧,当归 300g、丹参 300g、人参 30g、川芎 210g、茯苓 84g、地黄 48g、陈皮 66g、肉桂 24g、红花 207g、柴胡 180g、白芍 261g、香附（醋制）300g、甘草 66g、厚朴（姜制）24g、白术（麸炒）48g,以上十五味，粉碎成细粉，过筛，混匀。每 100g 粉末加炼蜜 120~150g 制成大蜜丸，即得
妇炎康片,片剂,活血化瘀，软坚散结，清热解毒，消炎止痛。适用于慢性附件炎、盆腔炎、阴道炎、膀胱炎、慢性阑尾炎、尿路感染,赤芍 60g、土茯苓 100g、三棱（醋炙）60g、川楝子（炒）60g、莪术（醋炙）60g、延胡索（醋炙）60g、芡实（炒）100g、当归 100g、苦参 60g、香附（醋炙）40g、黄柏 60g、丹参 100g、山药 120g,以上十三味，莪术、山药粉碎成细粉，过筛。其余三棱等十一味，加水煎煮三次，第一次 2 小时，第二、三次各 1 小时，合并煎液，滤过，滤液浓缩成稠膏，与上述粉末混匀，干燥，研成细粉，制成颗粒，置 60~80℃干燥，压制成 1000 片，包糖衣，即得
妇科白凤片,片剂,补气养血。用于妇女体弱血虚，月经不调，经期腹痛,乌鸡（去毛、爪、肠）145g、艾叶 25g、牛膝（盐制）13g、柴胡 13g、干姜 6g、白芍（酒炒）13g、牡丹皮 13g、香附 100g、延胡索（醋制）6g、知母 13g、茯苓 16g、黄连（酒制）6g、秦艽 9g、当归 13g、黄芪（炙）13g、青蒿 25g、川贝母 13g、地骨皮 13g、地黄 6g、熟地黄 25g,以上二十味，乌鸡、艾叶、牛膝、干姜、白芍、牡丹皮、延胡索、黄连、黄芪、川贝母等十味粉碎成粗粉，拌入白酒润匀，蒸透，烘干，再与青蒿混合，粉碎成细粉；其余柴胡等九味加水煎煮二次，合并煎液，滤过，滤液浓缩成稠膏，加入乌鸡等十一味药的细粉及辅料适量，拌匀，制成颗粒，干燥，压制成 1000 片，包糖衣，即得
红色正金软膏,膏剂,有驱风、兴奋、局部止痒、止痛等作用。用于中暑、头晕、伤风鼻塞、虫咬、蚊叮等,薄荷脑 150g、薄荷油 100g、肉桂油 30g、樟脑 50g、樟油 50g、桉油 60g、丁香罗勒油 30g,以上七味，混匀，加至经加热熔融、滤过并冷至 100℃以下的基质中，再加入适量氨水，混匀，制成 1000g，即得
杜仲冲剂,颗粒剂,补肝肾，强筋骨，安胎，降血压。用于肾虚腰痛，腰膝无力，胎动不安，先兆流产，高血压症,杜仲 250g、杜仲叶 1250g,以上二味，杜仲加水煎煮三次，第一次 3 小时，第二次加入杜仲叶煎煮 2 小时，第三次 1 小时，合并煎液，滤过，滤液浓缩至相对密度约为 1.24（60℃），冷至室温，加 2.8 倍量乙醇使沉淀，滤过，滤液浓缩至相对密度为 1.13~1.15（60℃）的清膏。取清膏 1 份，加蔗糖 5 份，混匀，制成颗粒，干燥，即得
牡荆片,片剂,平喘，镇咳，祛痰。用于慢性气管炎，支气管哮喘,牡荆子 2600g,取牡荆子 2600g，粉碎成粗粉，加水煎煮三次，每次 2 小时，合并煎液，滤过，滤液浓缩成浸膏状，加淀粉适量，制成颗粒，干燥，压制成 1000 片，包糖衣，即得
伸筋活络丸 [剧],丸剂,舒筋活络，祛风除湿，温经止痛。用于风寒湿痹，半身不遂，手足麻木等症,马钱子（制）72.5g、制川乌 10g、制草乌 10g、木瓜 10g、当归 12.5g、川牛膝 10g、杜仲（炭）7.5g、续断 7.5g、木香 7.5g、全蝎 5g、透骨草 5g,以上十一味，除杜仲炭外，马钱子粉碎成细粉，其余制川乌等九味粉碎成细粉，过筛；用配研法兑入马钱子细粉，过筛，混匀，用水泛丸。杜仲炭研成极细粉，包衣，60~80℃干燥，打光，即得
肝郁调经膏,膏剂,疏肝解郁，清肝泻火，养血调经。用于肝郁所致的月经失调、痛经、乳房胀痛、不孕等症,白芍 60g、佛手 45g、郁金 50g、玫瑰花 15g、代代花 50g、牡丹皮 60g、川楝子 50g、香附（制）60g、当归 60g、丹参 60g、葛根 60g、泽泻 60g,以上十二味，当归粉碎成粗粉，照流浸膏剂与浸膏剂项下的渗漉法（附录 17 页），用 70% 乙醇作溶剂，浸渍 48 小时后，缓缓渗漉，收集漉液，回收乙醇，浓缩成相对密度约为 1.26（70~75℃）的清膏；佛手、玫瑰花、代代花加水煎煮二次，每次 30 分钟；其余白芍等八味加水煎煮三次，第一次 3 小时，第二次 2 小时，第三次 1 小时，合并上述两种煎液，滤过，滤液浓缩至相对密度约为 1.26（85~90℃）的清膏；将上述两种清膏混匀。每 100g 清膏加蔗糖 200g，加热溶化，混匀，浓缩至规定的相对密度，即得
疗肺宁片,片剂,润肺，清热，止血。用于肺结核。可与其他抗结核药物合并使用,百部 313g、穿心莲 313g、羊乳根 313g、白及 156g,以上四味，除白及外，百部、羊乳根和 50% 处方量的穿心莲加水煎煮二次，第一次 2 小时，第二次 1 小时，合并煎液，滤过，滤液浓缩至相对密度为 1.40（80℃）的清膏；白及和剩余的穿心莲粉碎成细粉，过筛，与上述清膏混匀，干燥，制成颗粒，压制成 1000 片，包糖衣，即得
辛夷鼻炎丸,丸剂,祛风清热，消炎解毒。用于治疗鼻炎（包括过敏性鼻炎，慢性鼻炎等），神经性头痛，感冒流涕，鼻塞不通,辛夷 63g、薄荷 650g、紫苏叶 475g、甘草 323g、广藿香 650g、苍耳子 1667g、鹅不食草 313g、板蓝根 975g、山白芷 650g、防风 470g、鱼腥草 225g、菊花 650g、三叉苦 650g,以上十三味，辛夷、广藿香、薄荷、紫苏叶提取挥发油；苍耳子、三叉苦、甘草、山白芷、板蓝根及鹅不食草 156.5g 加水煎煮一次，滤过；药渣及提取挥发油后的药渣合并，加入菊花，再加水煎煮一次，滤过，合并滤液，浓缩成稠膏；防风、鱼腥草及鹅不食草 156.5g 粉碎成粗粉，与稠膏混匀，干燥，粉碎成细粉，过筛，以水泛丸，并喷入上述挥发油，以总量的 5% 的滑石粉 - 红氧化铁（1:1）包衣，打光，干燥，即得
沉香散,散剂,疏表化滞。用于风寒外侵，气滞不运，脘腹痞胀,沉香 30g、砂仁 30g、苍术 40g、枳实 50g、麦芽（炒焦）40g、青皮 50g、紫苏叶 40g、细辛 20g、川芎 40g、桔梗 30g、茯苓 40g、甘草 10g、栀子 40g、厚朴（制）30g、香附（制）40g、木香 30g、山楂（焦）50g、陈皮 40g、荆芥 40g、白芷 30g、防风 20g、薄荷 40g、半夏（姜制）40g、葛根 40g,以上二十六味，粉碎成粗粉，过筛，混匀，即得
沉香舒郁丸,丸剂,舒气开胃，化郁止痛。用于胸腹胀满，胃部疼痛，呕吐酸水，消化不良，食欲不振，郁闷不舒,木香 120g、沉香 100g、陈皮 100g、厚朴（姜制）100g、豆蔻 80g、砂仁 80g、枳壳（麸炒）70g、青皮（醋制）40g、香附（醋制）40g、延胡索（醋制）40g、柴胡 40g、姜黄 30g、甘草 30g,以上十三味，粉碎成细粉，混匀，过筛。每 100g 粉末加炼蜜 170~190g 制成大蜜丸，即得
补血当归精,口服液,滋补气血。用于头晕，身体衰弱，妇女月经不调，产后血虚体弱，贫血,当归 400g、熟地黄（酒蒸制）24g、白芍（酒炒）24g、川芎（酒炒）12g、党参 24g、甘草（蜜炙）12g、黄芪（蜜炙）24g,以上七味，分别粉碎成粗粉，照流浸膏剂与浸膏剂项下的渗漉法（附录 17 页），当归用 70% 乙醇、白芍用 30% 乙醇、川芎用 40% 乙醇、黄芪用 25% 乙醇作溶剂，分别进行渗漉，收集漉液，漉液浓缩至适量；熟地黄、甘草、党参加水煎煮二次，每次 4 小时，合并煎液，滤过，滤液浓缩至适量，加乙醇三倍量，搅匀，静置，滤过，滤液回收乙醇，浓缩至一定体积，与上述药液合并。另取蔗糖 520g，加水煮沸使溶解，滤过，放冷，加入上述药液及适量的防腐剂，加水调整总量至 1300ml，搅匀，即得
补肝丸,丸剂,补血祛风。用于肝血虚损兼感风邪所引起的头目眩晕，胁痛、头痛、肢体疼痛,当归 120g、川芎 60g、白芍 80g、地黄 120g、防风 60g、羌活 60g,以上六味，粉碎成细粉，过筛，混匀。每 100g 粉末加炼蜜 50~55g 与适量的水，泛丸，干燥，即得
补肾益脑片,片剂,滋肾益气，补血生精。用于气血两亏，阳虚气弱，心跳气短，失眠健忘，遗精盗汗，腰腿酸软，耳聋耳鸣,红参 39g、鹿茸 6g、酸枣仁（炒）38g、熟地黄 81g、茯苓 38g、玄参 29g、远志（蜜制）38g、麦冬 38g、五味子 29g、当归 38g、川芎 29g、牛膝 29g、山药（炒）38g、补骨脂（盐制）29g、枸杞子 30g、朱砂 10g,以上十六味，朱砂水飞或粉碎成极细粉；鹿茸、红参、茯苓、山药、川芎、补骨脂、枸杞子、熟地黄粉碎成细粉，过筛，混匀，与上述粉末配研，混匀；其余五味子等七味，加水煎煮三次，第一次 3 小时，第二、三次各 2 小时，合并煎液，滤过，滤液浓缩至相对密度为 1.25（80℃）的清膏，与上述粉末混匀，干燥，粉碎，过筛，制成颗粒，干燥，压制成 1000 片，包糖衣，即得
补脑丸,丸剂,滋补精血，健脑益智，安神镇惊，化痰熄风。用于迷惑健忘，记忆减退，头晕耳鸣，心烦失眠，心悸不宁，癫痫头痛，神烦胸闷,当归 75g、胆南星 30g、酸枣仁（炒）120g、益智仁（盐炒）45g、枸杞子 60g、柏子仁（炒）45g、龙骨（煅）30g、石菖蒲 30g、肉苁蓉（蒸）60g、五味子（酒炖）45g、核桃仁 60g、天竺黄 30g、远志（制）30g、琥珀 30g、天麻 30g,以上十五味，除核桃仁外，其余当归等十四味粉碎成细粉，过筛，混匀；核桃仁加水煎煮，煎液浓缩成稠膏，加淀粉适量，与上述粉末混匀。每 100g 粉末加炼蜜 6~7g 与适量的水，泛丸，干燥，包糖衣，即得
鸡血藤片,片剂,补血，活血，舒筋通络。用于血虚，腰膝酸痛，月经不调,鸡血藤 2000g（其中 200g 粉碎成细粉，1800g 用于煎煮）,取鸡血藤 200g，粉碎成细粉，过筛，另取鸡血藤 1800g，加水煎煮二次，第一次 4 小时，第二次 2 小时，合并煎液，滤过，滤液浓缩至稠膏状，加入上述细粉及适量辅料，混匀，制成颗粒，压制成 1000 片，包糖衣，即得
阿胶补血口服液,口服液,滋阴补血，补中益气，健脾润肺。用于久病体弱，血亏目昏，虚痨咳嗽,阿胶液（40%）160g（折合纯阿胶 64g）、熟地黄 150g、党参 150g、黄芪（蜜炙）75g、白术（麸炒）75g、枸杞子 75g,以上六味，除阿胶液外，熟地黄加水煎煮二次，合并煎液，滤过，静置，取上清液备用；白术、枸杞子用 60% 乙醇，党参、黄芪用 25% 乙醇作溶剂，照流浸膏剂与浸膏剂项下的渗漉法（附录 17 页）进行渗漉，合并漉液，静置，滤过，滤液回收乙醇，浓缩至适量，加入阿胶液、熟地黄上清液，混匀，加入防腐剂、糖精及香精适量，搅匀，加水调整总量至 1000ml，静置，滤过，灌封，即得
苦甘冲剂,颗粒剂,疏风清热，宣肺化痰，止咳平喘。用于风热感冒及风温肺热引起的恶风、发热、头痛、咽痛、咳嗽、咳痰、气喘等症,麻黄 6g、薄荷 5g、蝉蜕 5g、金银花 15g、黄芩 12g、苦杏仁 9g、桔梗 6g、浙贝母 6g、甘草 5g,以上九味，薄荷用水蒸气蒸馏法提取挥发油，蒸馏后的水溶液另器保存；药渣与其余麻黄等八味，加水煎煮二次，每次 1 小时，合并煎液，滤过，滤液与上述水溶液合并，浓缩至相对密度为 1.23~1.25（90~95℃）的清膏。取清膏 1 份，加蔗糖 0.16 份、糊精 0.16 份，混匀，制成颗粒，干燥，喷入上述挥发油，混匀，即得
苦参片,片剂,清热燥湿，杀虫。用于湿热蕴蓄下焦所致之痢疾，肠炎，热淋及阴肿阴痒，湿疹，湿疮等,苦参 1000g（其中 167g 粉碎成细粉，833g 用于煎煮）,取苦参 167g，粉碎成细粉，过筛，再取苦参 833g，加水煎煮二次，第一次 3 小时，第二次 2 小时，合并煎液，滤过，滤液浓缩成稠膏，与上述细粉混匀，干燥，粉碎，过筛，制成颗粒，压制成 1000 片，包衣，即得
坤灵丸,丸剂,调经养血，逐瘀生新。用于月经不调，或多或少，行经腹痛，子宫寒冷，久不受孕，习惯性流产，赤白带下，崩漏不止，病久气虚，肾亏腰痛,（一）香附（制）37g、甘草 7g、白薇 14g、益母草 14g、黄芪 14g、鸡冠花 14g、麦冬 14g、五味子 14g、地黄 14g、红花 14g、关木通 10g、白术（炒）14g、赤石脂 14g、茯苓 14g、厚朴 10g、肉苁蓉（制）14g、白芍（酒炒）14g；（二）香附（制）37g、阿胶、当归 14g、藁本 10g、红参 14g、鹿角胶 14g、川贝母 14g、没药（制）14g、砂仁 14g、延胡索 14g、小茴香（盐制）14g、龟甲胶 14g、川芎 14g,以上处方（一）十七味，加水煎煮二次，第一次 3 小时，第二次 2 小时，合并煎液，滤过。滤液放置 24 小时，取上清液加入米醋 280g，浓缩成稠膏。以上处方（二）十五味，粉碎成中粉，加入上述稠膏中，混匀，干燥，粉碎成细粉，过筛，混匀，用黄酒泛丸，制成 1800 丸，包糖衣，打光，干燥，即得
齿痛消炎灵冲剂,颗粒剂,疏风清热，凉血止痛。用于脾胃积热，风热上攻所致的急性齿根尖周炎，智齿冠周炎，牙周炎，牙髓炎等症,石膏 200g、荆芥 80g、防风 80g、青皮 100g、青黛 100g、牡丹皮 100g、细辛 60g、地黄 150g、白芷 50g、甘草 60g,以上十味，取荆芥、细辛、白芷提取挥发油，蒸馏后的水溶液另器保存；青黛照流浸膏剂与浸膏剂项下的渗漉法（附录 17 页），用 90% 乙醇作溶剂，浸渍 48 小时后进行渗漉，渗漉液回收乙醇，并浓缩至适量；其余石膏等六味加水煎煮二次，每次 1.5 小时，合并煎液，滤过，滤液与上述水溶液、渗漉液合并，浓缩至相对密度为 1.35~1.38（80℃）的清膏，加入蔗糖、糊精及乙醇适量，制成颗粒，干燥，喷加挥发油，混匀，制成 1000g，即得
虎力散,散剂,驱风除湿，舒筋活络，行瘀，消肿定痛。用于风湿麻木，筋骨疼痛，跌打损伤，创伤流血,制草乌 700g、三七 100g、断节参 50g、白云参 150g,以上四味，粉碎成细粉，过筛，混匀，即得
虎力散胶囊,胶囊剂,驱风除湿，舒筋活络，行瘀，消肿定痛。用于风湿麻木，筋骨疼痛，跌打损伤，创伤流血,制草乌 700g、三七 100g、断节参 50g、白云参 150g,以上四味，粉碎成细粉，过筛，混匀，装入胶囊，即得
肾炎平颗粒,颗粒剂,疏风活血，补气健脾，补肾益精。适用于脾虚湿困及脾肾两虚之轻度浮肿，倦怠乏力，头晕耳鸣，纳呆食少，腰膝疲软，夜尿增多等症,金樱子 422g、菟丝子 281g、山药 615g、墨旱莲 253g、女贞子 253g、莲须 169g、黄芪 281g、党参 281g、白术 169g、茯苓 281g、紫苏叶 169g、蝉蜕 169g、益母草 422g,以上十三味，除山药粉碎成细粉外，其余金樱子等十二味，加水煎煮二次，每次 2 小时，合并煎液，滤过，滤液浓缩成稠膏状，加入山药细粉，混匀，制成颗粒，烘干，制成 1000g，即得
周公百岁酒（养血健身酒）,酒剂,补血生精，调气壮神。用于气血两亏，真阴不足，四肢酸软，诸风瘫痪等症,党参 75g、黄芪（蜜炙）23.4g、白术（土炒）11.8g、茯苓 23.4g、熟地黄（酒蒸）17.5g、地黄 14g、当归（炒）14.8g、川芎 11.8g、山茱萸 11.8g、枸杞子 11.8g、龟甲胶 11.8g、肉桂 9.3g、麦冬 11.8g、五味子 9.3g、羌活 9.3g、防风（炒）11.8g、陈皮（蜜炙）11.8g、大枣 550g,以上十八味，除大枣外，将肉桂粉碎成粗粉，其余党参等十六味加黄酒炖三次，每次加黄酒 1500g，保持微沸，第一次 3 小时，第二次 2 小时，第三次 1 小时，滤过，合并滤液，备用。取大枣加黄酒炖三次，每次加黄酒 1500g，滤过，滤液备用。合并上述各种滤液，加冰糖 550g 使溶化，再加肉桂粉及 60% 白酒 4000ml，搅匀，密封保存六个月，取上清液，分装，即得
固肾生发丸,丸剂,固肾养血，益气祛风。用于斑秃、全秃、普秃及肝肾之症状性脱发,熟地黄 50g、枸杞子 50g、羌活 15g、何首乌 50g、川芎 20g、木瓜 50g、女贞子 50g、当归 50g、桑椹 50g、丹参 50g、党参 50g、黑芝麻 75g,以上十二味，取川芎 10g、当归 25g、木瓜 25g 与熟地黄、党参、丹参、枸杞子、桑椹、黑芝麻、羌活加水煎煮二次，合并煎液，滤过，滤液浓缩成稠膏。将何首乌、女贞子及剩余的川芎、当归、木瓜粉碎成粗粉，加入稠膏中混匀，干燥，粉碎成细粉，过筛。每 100g 粉末加炼蜜 20g 及水适量，泛丸，用红铁氧、滑石粉及胭脂红的混合物包衣，打光，干燥，即得
金牡感冒片,片剂,疏风解表，清热解毒。用于外感风热，憎寒壮热，头痛咳嗽，咽喉肿痛,金银花 234g、牡荆根 390g、贯众 234g、三叉苦 234g、葫芦茶 234g、山甘草 234g、薄荷油 2ml（按密度 0.92g/ml 计，约 1.84g）,以上七味，除薄荷油外，金银花粉碎成细粉，其余贯众等五味加水煎煮二次，第一次 2 小时，第二次 1 小时，合并煎液，滤过，滤液浓缩成稠膏，加上述细粉及淀粉适量，制成颗粒，干燥，喷加薄荷油，混匀，压制成 1000 片，即得
金菊五花茶冲剂,颗粒剂,清热利湿，凉血解毒，清肝明目。用于大肠湿热所致的泄泻、痢疾、便血、痔血以及肝热目赤，风热咽痛，口舌溃烂,金银花 15g、木棉花 135g、葛花 30g、野菊花 15g、槐花 60g、甘草 5g,以上六味，加水煎煮二次，第一次 1.5 小时，第二次 1 小时，合并煎液，滤过，滤液浓缩至相对密度约为 1.14（热测），放冷至室温，加乙醇使含醇量达 70%，搅拌，静置 24 小时。取上清液，浓缩成相对密度为 1.28~1.30（60~65℃）的清膏。取清膏 1 份、蔗糖 4.4 份及乙醇适量，制成颗粒，干燥，即得
金嗓利咽丸,丸剂,燥湿化痰，疏肝理气。用于咽部不适，咽部异物感，声带肥厚等属于痰湿内阻，肝郁气滞型者,茯苓 50g、法半夏 50g、枳实（炒）50g、青皮（炒）50g、胆南星 50g、橘红 50g、砂仁 50g、豆蔻 25g、槟榔 50g、合欢皮 50g、神曲（炒）50g、紫苏梗 50g、生姜 7.5g、蝉蜕 50g、木蝴蝶 50g、厚朴（制）50g,以上十六味，粉碎成细粉，过筛，混匀。每 100g 粉末加炼蜜 35~50g 与适量的水，泛丸，干燥；或加炼蜜 150~170g 制成大蜜丸，即得
金嗓散结丸,散剂,清热解毒，活血化瘀，利湿化痰。用于热毒蓄结、气滞血瘀而形成的慢喉瘖（声小结、声带息肉、声带粘膜增厚）及由此而引起的声音嘶哑等症,马勃 25g、莪术（醋炒）50g、金银花 125g、桃仁（去皮）50g、玄参 125g、三棱（醋炒）50g、红花 50g、丹参 75g、板蓝根 125g、麦冬 100g、浙贝母 75g、泽泻 75g、鸡内金（炒）50g、蝉蜕 75g、木蝴蝶 75g、蒲公英 125g,以上十六味，粉碎成细粉，过筛，混匀。每 100g 粉末加炼蜜 35~50g 与适量的水，泛丸，干燥；或加炼蜜 110~130g 制成大蜜丸，即得
金樱首乌汁,口服液,养血益肝，固肾益精，强筋健骨，乌须黑发。用于肝肾亏损、阴虚血少所致的腰酸、耳鸣、头晕眼花、筋骨痿软、脱发、白发、阳痿、遗精、月经失调、崩漏带下,何首乌 100g、地黄 15g、金樱子提取液 400ml（按金樱子提取液制法，400ml 约对应金樱子 400g）、狗脊 100g、当归 5g、菟丝子 8g、川芎 5g,以上七味，除金樱子提取液外，其余何首乌等六味加 37 度米酒 600ml，密闭浸渍 45~60 天，放出浸出液，加入金樱子提取液，搅匀，取混合液 50 份，加入蔗糖 0.9 份，搅匀，静置，滤过，即得
宝儿康散,散剂,补气健脾，开胃消食，渗湿，止泻。用于小儿脾胃虚弱，消化不良，食欲不振，大便异常，精神困倦，睡眠不安，夜惊、夜啼等症,太子参 550g、芡实 410g、薏苡仁 410g、茯苓 480g、白扁豆（炒）410g、甘草（炙）130g、白术（炒）280g、麦芽（炒）350g、山楂 350g、北沙参 410g、山药 200g、陈皮 200g、石菖蒲 200g、莲子 410g,以上十四味，山药、芡实粉碎成细粉，过筛，取约 55g 细粉备用；剩余约 60g 与其余太子参等十二味加水煎煮二次，第一次 2 小时，第二次 1.5 小时，合并煎液，滤过，滤液浓缩成稠膏状，加入上述细粉，混匀，干燥，粉碎成细粉，过筛，制成 100g，即得
宝儿康糖浆,糖浆剂,补气健脾，开胃消食，渗湿，止泻。用于小儿脾胃虚弱，消化不良，食欲不振，大便异常，精神困倦，睡眠不安，夜惊、夜啼等症,太子参 55g、茯苓 48g、薏苡仁 41g、白术（炒）28g、白扁豆（炒）41g、甘草（炙）13g、芡实 41g、北沙参 41g、山楂 35g、陈皮 20g、山药 20g、麦芽（炒）35g、石菖蒲 20g、莲子 41g,以上十四味，加水煎煮二次，每次 2 小时，合并煎液，滤过，浓缩至适量，放冷，加入等量乙醇，搅匀，静置 24 小时，取上清液，回收乙醇，浓缩至适量；另取蔗糖 300g，加水适量，煮沸，滤过，滤液与上述药液合并，加入防腐剂适量，煮沸溶解，滤过，加水调整总量至 1000ml，搅匀，即得
治伤消瘀丸,丸剂,消瘀退肿。用于骨骼与关节损伤和瘀肿疼痛,马钱子（沙炒）300g、土鳖虫（炒）300g、乳香（制）300g、自然铜（煅，飞）300g、骨碎补（去毛）200g、没药（制）300g、麻黄 300g、香附（制）200g、红花 200g、蒲黄 200g、桃仁 100g、赤芍 100g、泽兰 100g、五灵脂（炒）100g,以上十四味，自然铜粉碎成细粉；与其余马钱子等十三味混合，粉碎成细粉，过筛，混匀，用水泛丸，干燥，即得
降脂胶丸,丸剂,活血化瘀，祛痰。用于因血瘀痰阻而致的胸闷，胸痛，头晕乏力,蒲黄提取物 250g、菜油 250g,以上二味，混匀，压胶丸，约制成 1000 丸，即得
降酶灵胶囊,胶囊剂,抗肝炎药，具有降低谷丙转氨酶的作用。用于急性、迁延性、慢性肝炎,五味子抽提物 150g（按抽提物制法，约对应五味子碎果仁 500g）,取五味子抽提物 150g 及辅料适量，过筛，混匀，装入胶囊，制成 1000 粒，即得
降糖宁胶囊,胶囊剂,益气，养阴，生津。用于糖尿病属气阴两虚者,人参 30g、山药 120g、生石膏 300g、知母 100g、黄芪 120g、天花粉 150g、茯苓 120g、麦冬 120g、生地黄 150g、地骨皮 150g、玉米须 150g、山茱萸 60g、甘草 60g,以上十三味，人参、山药和石膏 75g 粉碎成细粉，剩余石膏及其余知母等十味加水煎煮二次，每次 1.5 小时，合并煎液，滤过，滤液浓缩至相对密度为 1.25（90℃）的稠膏，与上述细粉混匀，干燥，粉碎，制粒，装胶囊，制成 1000 粒，即得
参三七伤药（散）,散剂,活血祛瘀，通经活络。用于跌打损伤，肋背拘紧作痛，肢体酸软,三七 100g、乳香（制）100g、没药（制）100g、白芷 50g、山柰 50g、制川乌 25g、制草乌 25g、木香 100g、冰片 2.5g、甘松 50g、红花 25g、儿茶 15g、当归 100g、香附（制）100g、朱砂 10g、自然铜（煅）15g、血竭 100g、积雪草 100g、陈皮 50g、土鳖虫 50g、细辛 25g,以上二十一味，除冰片外，朱砂、自然铜分别水飞或粉碎成极细粉；其余三七等十八味粉碎成细粉；将冰片研细，与上述粉末配研，过筛，混匀，即得
参芪健胃冲剂（胃炎灵冲剂）,颗粒剂,温中健脾，理气和胃。主治脾胃虚寒型的慢性萎缩性胃炎，适用于胃脘胀痛，痞闷不适，喜热喜按，嗳气呃逆等症,党参 111g、当归 111g、山楂 111g、黄芪 111g、茯苓 111g、甘草 50g、白术 111g、桂枝 67g、陈皮 67g、紫苏梗 67g、白芍 111g、海螵蛸 33g、青木香 56g、蒲公英 133g,以上十四味，除青木香外，海螵蛸粉碎成粗粉，与其余党参等十二味加水煎煮二次（青木香待沸后加入），每次 3 小时，合并煎液，静置，滤过，滤液浓缩成相对密度为 1.30~1.32（90~95℃）的清膏。取清膏 3 份，糊精 4 份，蔗糖粉 8 份，混匀，制成颗粒，干燥，即得
参茸安神丸,丸剂,养心安神。用于身体虚弱，神志不宁，心烦不安，心悸失眠，健忘,红参 100g、丹参 100g、玉竹 200g、柏子仁 60g、山药 120g、玄参 60g、芡实（炒）100g、酸枣仁（炒）80g、肉苁蓉（制）100g、远志（制）80g、五味子 160g、白术（炒）60g、菟丝子（炒）160g、石菖蒲 60g、地黄 120g、桔梗 100g、鹿茸 20g、琥珀 20g,以上十八味，琥珀研成极细粉，其余丹参等十七味粉碎成细粉，与上述粉末配研，过筛，混匀。每 100g 粉末加炼蜜 90~110g 制成大蜜丸，即得
珍珠灵芝片（复方灵芝片）,片剂,养心安神，滋补肝肾。用于慢性肝炎，神经衰弱，头晕失眠，胃肠溃疡，慢性支气管炎，冠心病等症,灵芝浸膏 50g（按灵芝浸膏制法，约对应灵芝 250g）、女贞子 50g、郁金 100g、香附 100g、墨旱莲 50g、陈皮 100g、珍珠层粉 25g,以上七味，除珍珠层粉、灵芝浸膏外，其余女贞子等五味加水煎煮二次，合并煎液，静置，滤过，滤液浓缩成稠膏状，加入珍珠层粉，搅匀，烘干，加入灵芝浸膏，研细，过筛，加辅料适量，混匀，制粒，压制成 1000 片，包糖衣，即得
荨麻疹丸,丸剂,清热祛风，除湿止痒。用于风、湿、热而致的荨麻疹、湿疹，皮肤瘙痒等症,白芷 50g、防风 50g、白鲜皮 50g、薄荷 50g、川芎 50g、三棵针 150g、赤芍 50g、威灵仙 50g、土茯苓 50g、荆芥 25g、亚麻子 50g、黄芩 50g、升麻 50g、苦参 100g、红花 50g、何首乌 50g、蒺藜（炒）50g、菊花 25g、当归 50g,以上十九味，取蒺藜、白鲜皮、三棵针、黄芩、苦参等五味加水煎煮二次，第一次 1.5 小时，第二次 1 小时，合并煎液，滤过；其余当归等十四味粉碎成细粉，用上述煎液泛丸，干燥，即得
荡石片,片剂,清热利水，通淋石。用于肾结石，输尿管、膀胱等泌尿系统结石,苘麻子 125g、石韦 100g、海浮石 125g、蛤壳 125g、茯苓 240g、小蓟 125g、玄明粉 83g、牛膝 125g、甘草 50g,以上九味，玄明粉与茯苓 160g 粉碎成细粉，过筛，剩余茯苓与其余苘麻子等七味加水煎煮二次，第一次 1.5 小时，第二次 1 小时，合并煎液，滤过，滤液浓缩成稠膏，与上述玄明粉等混匀，制粒，干燥，压制成 1000 片，包糖衣，即得
指迷茯苓丸,丸剂,燥湿和中，化痰通络。用于痰饮留伏，筋络挛急，臂痛难举,茯苓 100g、枳壳（麸炒）50g、半夏（制）200g、芒硝 25g、生姜 50g（榨汁，按密度 1.03g/ml 计，约 51.5g）,以上四味，除芒硝外，其余茯苓等三味粉碎成细粉；过筛，混匀。另取生姜 50g 榨汁，与上述芒硝化水起模，用水泛丸，干燥，即得
胃立康片,片剂,健胃消食，助气止痛。用于胃肠衰弱，消化不良，胸膈满闷，腹痛呕吐，肠鸣泄泻,木香 20g、麦芽 30g、茯苓 50g、甘草 12g、陈皮 50g、砂仁 20g、豆蔻 30g、白术 75g、苍术 50g、香附 50g、厚朴 30g、党参 85g、六神曲 30g、半夏曲 25g、藿香油 0.16ml（按密度 0.92g/ml 计，约 0.15g）,以上十五味，木香、苍术、六神曲、半夏曲粉碎成细粉，过筛；陈皮、砂仁、豆蔻分别提取挥发油，将挥发油与藿香油混合，用乙醇溶解备用；麦芽、茯苓、甘草加水煎煮二次，滤过；陈皮提取挥发油后的药渣加水煎煮一次，滤过，合并上述各滤液，浓缩成稠膏；砂仁、豆蔻提取挥发油后的药渣用乙醇浸渍提取 5 天。照流浸膏剂与浸膏剂项下的渗漉法（附录 17 页），白术、香附、厚朴用 60% 乙醇作溶剂，党参用 25% 乙醇作溶剂进行渗漉。合并上述漉液，回收乙醇，浓缩成稠膏。合并水、醇浓缩膏，加入木香等粉末及辅料适量，混匀，制成颗粒，干燥，放冷，喷入藿香油等挥发油，混匀，压制成 540 片，即得
肠胃适胶囊,胶囊剂,清热利湿，调中止泻，解毒治痢。用于湿热腹泻、腹痛、急性肠胃炎等,十大功劳 1000g、鸡骨香 250g、黄连须 375g、救必应 250g、凤尾草 375g、葛根 200g、两面针 250g、防己 25g,以上八味，葛根、防己分别粉碎成细粉，混匀，其余十大功劳等六味加水煎煮二次，合并煎液，滤过，滤液浓缩成相对密度为 1.05~1.10（热测）的稠膏，加入四倍量 75% 乙醇，充分搅拌，静置，滤过，滤液回收乙醇，浓缩成稠膏，与上述粉末混匀，干燥，粉碎，装入胶囊，制成 1000 粒，即得
胃疼宁片,片剂,温中，行气，制酸，止痛。用于胃脘胀满，嗳气吞酸，消化性溃疡,山橙 1000g、鸡蛋壳粉 50g、蜂蜜 100g,以上三味，取山橙提取挥发油，蒸馏后的水溶液另器收集；药渣加水煎煮 2 小时，滤过，与上述水溶液合并，浓缩至相对密度为 1.20（85℃）的清膏，加入鸡蛋壳粉、蜂蜜及淀粉适量，混匀，制成颗粒，干燥，喷入挥发油，压制成 1000 片，包糖衣，即得
复方公英片,片剂,清热解毒。用于上呼吸道感染，疮疖，肿毒，肠炎等症,蒲公英 320g、板蓝根 320g,以上二味，取板蓝根 160g 粉碎成细粉，剩余板蓝根及蒲公英加水煎煮二次，第一次 2 小时，第二次 1.5 小时，合并煎液，滤过，滤液浓缩成相对密度为 1.25（90℃）的稠膏，加入上述细粉，混匀，烘干，粉碎成细粉，用 60% 乙醇制粒，烘干，加 1% 硬脂酸镁，压制成 1000 片，包糖衣，即得
复方西羚解毒片,片剂,疏风解表，清热解毒。用于外感风热，发热、头痛，咳嗽音哑，咽喉肿痛,金银花 100g、连翘 100g、桔梗 100g、荆芥穗 100g、淡竹叶 100g、薄荷脑 0.5g、牛蒡子（炒）100g、甘草 100g、薄荷油 0.5ml（约 0.46g）、冰片 5g、淡豆豉 100g、羚羊角 1g、水牛角浓缩粉 2g,以上十三味，羚羊角研成细粉；甘草粉碎成细粉，连翘、淡竹叶加水煎煮二次，第一次 3 小时，第二次 2 小时，合并煎液，滤过，滤液浓缩成稠膏状；金银花、淡豆豉 90℃热浸二次，第一次 3 小时，第二次 2 小时，合并浸液，滤过，滤液浓缩成稠膏状；桔梗、牛蒡子分别照流浸膏剂与浸膏剂项下的渗漉法（附录 17 页），用 60% 乙醇作溶剂，浸渍 24 小时后，进行渗漉，收集漉液，回收乙醇，并浓缩至稠膏状；荆芥穗提取挥发油，蒸馏后的水溶液浓缩至稠膏状，取甘草粉末与上述各稠膏、羚羊角粉、水牛角浓缩粉及淀粉、糊精适量，制成颗粒；喷入冰片、薄荷脑、薄荷油、荆芥穗油（用乙醇适量溶解），混匀，密闭 2 小时，压制成片或包糖衣，即得
复方枇杷止咳冲剂,颗粒剂,止咳祛痰。用于伤风咳嗽，支气管炎,川贝母 35g、枇杷叶 435g、桔梗 130g、薄荷脑 0.8g,以上四味，川贝母粉碎成细粉；枇杷叶、桔梗加水煎煮二次，每次 2 小时，合并煎液，滤过，静置，取上清液浓缩至相对密度为 1.38~1.40（75~80℃）的清膏。取清膏 1 份，加蔗糖粉 4.5 份和川贝母细粉，混匀，制成颗粒，干燥，加入薄荷脑和香精适量，混匀，即得
复方金银花冲剂,颗粒剂,清热解毒，凉血消肿。用于风热感冒，喉痹，乳蛾，目痛，牙痛及痈肿疮疖等症,金银花 750g、连翘 750g、黄芩 250g,以上三味，金银花加水蒸馏，收集蒸馏液至规定量，另器保存。蒸馏后的水溶液滤过；药渣加水适量，蒸煮 30 分钟，滤过，合并两次滤液，浓缩至适量，加乙醇 3 倍量，搅拌，静置 24 小时，滤过，滤液浓缩至稠膏状。黄芩、连翘加水煎煮二次，每次 1 小时，合并煎液，滤过，滤液浓缩至适量，加乙醇 3 倍量，搅拌，静置 24 小时，滤过，滤液浓缩至稠膏状，加入金银花稠膏及蒸馏液与糖粉适量，混匀，制成颗粒，干燥，即得
复方救必应胶囊,胶囊剂,清热解毒，利湿止痛。用于腹泻、胃肠炎等,救必应 1000g、东风桔 1000g、香附 1000g,以上三味，香附提取挥发油，药渣加入救必应、东风桔加水煎煮二次，合并煎液，滤过，滤液浓缩至适量，放冷，加等量乙醇，静置过夜，滤过，滤液回收乙醇，浓缩至稠膏状，加入氧化镁适量，搅匀，105℃干燥，粉碎成细粉，加入香附挥发油，搅匀，装胶囊，制成 1000 粒，即得
复方草豆蔻酊,酊剂,驱风健胃，芳香矫味药,草豆蔻 40g、肉桂 25g、小茴香 10g,以上三味，粉碎成粗粉，照酊剂项下浸渍法（附录 17 页），用 60% 乙醇作溶剂，分次浸渍（第一次浸渍 48 小时以上），缓缓放出浸渍液至约 950ml，加入 60% 乙醇适量，使成 1000ml，混匀，静置，取上清液，滤过，即得
复方胎盘片,片剂,益气，补精血。用于虚损，赢瘦，劳热骨蒸，咳喘，咯血，盗汗遗精及神经衰弱，贫血，病后体虚,胎盘粉 154g、麦芽（炒）9g、党参 39g、陈皮（炒）9g、黄芪 39g,以上五味，取陈皮、麦芽粉碎成细粉，与胎盘粉混合，过筛，混匀；党参、黄芪加水煎煮二次，每次 2 小时，合并煎液，滤过，滤液浓缩成稠膏状，加入上述细粉及辅料适量，制成颗粒，低温干燥，压制成 1000 片，包糖衣，即得
复方拳参片,片剂,收敛止血，制酸止痛。用于胃热所致的胃脘疼痛，嘈杂泛酸，便血,拳参 120g、白及 120g、海螵蛸 120g、寻骨风 120g、陈皮 60g,以上五味，拳参、海螵蛸粉碎成细粉，白及、寻骨风、陈皮加水煎煮二次，每次 2.5 小时，合并煎液，滤过，滤液浓缩至相对密度为 1.25（85℃）的清膏，加入上述细粉及淀粉适量，混匀，制粒，干燥，压制成 1000 片，包糖衣，即得
复芪止汗冲剂,颗粒剂,益气，固表，敛汗。用于多汗症，对气虚型者尤佳,黄芪 330g、党参 400g、麻黄根 160g、白术（麸炒）160g、牡蛎（煅）500g、五味子（制）80g,以上六味，加水煎煮二次，第一次 1 小时，第二次 0.5 小时，合并煎液，滤过，滤液浓缩至相对密度为 1.03（80℃），静置，取上清液浓缩至相对密度为 1.32（80℃）的清膏。取清膏 1 份，蔗糖 2 份，糊精 1 份及乙醇适量，制成颗粒，干燥，即得
保和液（消食保和液）,口服液,消食，导滞、和胃。用于食积停滞，脘腹胀满，嗳腐吞酸，不欲饮食,山楂（焦）300g、六神曲（炒）100g、半夏（制）100g、茯苓 100g、陈皮 50g、连翘 50g、莱菔子（炒）50g、麦芽（炒）50g,以上八味，六神曲、半夏、茯苓粉碎成粗粉，照流浸膏剂与浸膏剂项下的渗漉法（附录 17 页），用 20% 乙醇作溶剂，浸渍 24 小时后进行渗漉，收集漉液；陈皮、连翘蒸馏提取挥发油，药渣与山楂、莱菔子、麦芽加水煎煮二次，第一次 2 小时，第二次 1 小时，合并煎液，滤过，滤液与渗漉液合并，浓缩至适量，加入蔗糖 300g、苯甲酸钠 3g 及上述陈皮等挥发油，加水至 1000ml，搅匀，即得
冠脉宁片,片剂,活血化瘀，行气止痛。用于以胸部刺痛、固定不移、入夜更甚，心悸不宁，舌质紫暗，脉沉弦为主症的冠心病，心绞痛，冠状动脉供血不足,丹参 112.5g、没药（制）25.5g、鸡血藤 112.5g、血竭 25.5g、延胡索（醋制）45g、当归 45g、郁金 45g、制何首乌 75g、桃仁（炒）30g、黄精（蒸）75g、红花 30g、葛根 112.5g、乳香（制）25.5g、冰片 4.5g,以上十四味，冰片研细，葛根、乳香、没药、血竭、郁金、延胡索粉碎成细粉，过筛，其余丹参等七味加水煎煮二次，第一次 3 小时，第二次 2 小时，滤过，合并滤液，滤液浓缩成稠膏，与上述葛根等细粉混合，干燥，粉碎成细粉，过筛，混匀，制成颗粒，干燥，加入冰片，混匀，压制成 1000 片，包糖衣，即得
养血安神糖浆,糖浆剂,滋阴养血，宁心安神。用于精神倦怠，失眠健忘，卧寝多梦，肾虚腰酸，头晕乏力,首乌藤 90g、鸡血藤 90g、熟地黄 90g、地黄 90g、合欢皮 90g、墨旱莲 90g、仙鹤草 150g,以上七味，加水煎煮二次，第一次 3 小时，第二次 2 小时，合并煎液，滤过，滤液浓缩至相对密度为 1.06（65~75℃），静置沉淀 24 小时，取上清液，加入上清液重量 50% 的蔗糖，加热使溶解，浓缩至相对密度为 1.18（65~75℃），滤过，加入苯甲酸钠及枸橼酸适量，搅匀，冷却，制成 6000ml，即得
养胃片,片剂,健胃消食，助气止痛。用于胃肠衰弱，消化不良，胸膈满闷，腹痛呕吐，肠鸣泄泻,木香 20g、麦芽 30g、茯苓 50g、甘草 12g、陈皮 50g、砂仁 20g、豆蔻 30g、白术 75g、苍术 50g、香附 50g、厚朴 30g、党参 85g、六神曲 30g、半夏曲 25g、藿香油 0.16ml（按密度 0.92g/ml 计，约 0.15g）,以上十五味，木香、苍术、六神曲、半夏曲粉碎成细粉，过筛；陈皮、砂仁、豆蔻分别提取挥发油，将挥发油与藿香油混合，用乙醇溶解备用；麦芽、茯苓、甘草加水煎煮二次，滤过；陈皮提取挥发油后的药渣加水煎煮一次，滤过，合并上述各滤液，浓缩成稠膏；砂仁、豆蔻提取挥发油后的药渣用乙醇浸渍提取 5 天。照流浸膏剂与浸膏剂项下的渗漉法（附录 17 页），白术、香附、厚朴用 60% 乙醇作溶剂，党参用 25% 乙醇作溶剂进行渗漉。合并上述漉液，回收乙醇，浓缩成稠膏。合并水、醇浓缩膏，加入木香等粉末及辅料适量，混匀，制成颗粒，干燥，放冷，喷入藿香油等挥发油，混匀，压制成 540 片，即得
活血解痛膏,膏剂,祛风散寒，活血止痛。用于扭伤，挫伤，风湿骨痛，腰背酸痛,辣椒 1000g、干姜 1500g、生川乌 1500g、独活 1000g、冰片 200g、甘松 1000g、丁香油 110g（按密度 0.93g/ml 计，约 102.3g）、樟脑 200g,以上八味，将冰片、樟脑研细，辣椒、干姜、生川乌、独活、甘松粉碎成粗粉，照流浸膏剂与浸膏剂项下的渗漉法（附录 17 页），用 90~95% 乙醇作溶剂，浸渍 24 小时后进行渗漉，收集漉液，回收乙醇，成稠膏。另取清药肉 20000g 用文火熔化，待温度略降后，加入上述稠膏及樟脑、冰片、丁香油，搅匀，分摊于布或纸上，即得
活血镇痛膏,膏剂,舒筋，活血，散寒，止痛。用于筋骨痛，急性挫伤，风湿痛，关节痛，肝区痛及肌肉酸痛,生川乌 800g、防己 256g、山柰 256g、透骨草 160g、延胡索 160g、干姜 128g、辣椒 32g、蟾酥（粉）3g、樟脑 25g、薄荷脑 30g、冰片 25g、麝香草酚 5g、水杨酸甲酯 80g,以上十三味，取蟾酥细粉分别用 2 倍量 80% 及 60% 乙醇浸渍二次，每次 24 小时，合并浸液，回收乙醇，制成浸膏；生川乌、防己、山柰、透骨草、延胡索、干姜、辣椒粉碎成粗粉，照流浸膏剂与浸膏剂项下的渗漉法（附录 17 页），用 90% 乙醇作溶剂，缓缓渗漉，收集漉液，浓缩成相对密度为 1.22 的稠膏，与蟾酥浸膏合并。其余樟脑、薄荷脑、冰片、麝香草酚及香精 1g 依次溶于水杨酸甲酯中，混匀。另取橡胶 640g 轧成薄片，加入汽油 1600g，浸泡 24 小时后，置打胶机内打匀，依次加入凡士林 170g、氧化锌 725g、液状石蜡 80g、松香 640g 及上述稠膏、水杨酸甲酯等药液，打匀，90 目钢筛滤过，制成涂料，进行涂膏，烘干，切段，盖衬，切成小块，即得
活络健身液,口服液,祛风除湿，活血通络，止痹痛，强腰膝。用于筋络不舒，四肢麻痹，风湿关节痛，腰肌劳损,豨莶草 10g、五加皮 25g、牛膝 15g、千斤拔 25g、异型南五味子 25g、两面针 15g、狗脊 15g、鸡血藤 30g、当归 10g、春根藤 30g,以上十味，除豨莶草外，其余春根藤等九味酌予碎断，照流浸膏剂与浸膏剂项下的渗漉法（附录 17 页），用 40% 乙醇为溶剂进行渗漉，收集渗漉液 700ml，静置，滤过。豨莶草切碎，加水煎煮二次，每次 2 小时，合并煎液，滤过，滤液浓缩成稠膏状，加入 4 倍量 70% 乙醇，静置，滤过，滤液与上述渗漉液合并，将蔗糖 80g 制成单糖浆，加入药液，用乙醇或水调整含醇量，并使成 1000ml，搅匀，静置，滤过，即得
浓缩水牛角片,片剂,清热解毒，凉血，定惊。用于温病高热，神昏谵语，发斑发疹，吐血，衄血，惊风，癫狂,水牛角浓缩粉 300g（按水牛角浓缩粉制法，约对应水牛角 1500g）,取蔗糖 50g，加适量水溶解，滤过，与水牛角浓缩粉 300g 混合均匀，制粒，干燥，加入硬脂酸镁适量，混匀，压制成 1000 片，包糖衣，即得
神农镇痛膏,膏剂,活血散瘀，消肿止痛。用于跌打损伤，风湿关节痛，腰背酸痛,三七 148g、胆南星 536g、白芷 536g、狗脊 536g、羌活 536g、石菖蒲 536g、防风 536g、升麻 536g、红花 536g、土鳖虫 536g、川芎 536g、当归 536g、血竭 71g、马钱子 286g、没药 214g、樟脑 428g、重楼 536g、薄荷脑 285g、乳香 214g、水杨酸甲酯 143g、冰片 143g、丁香罗勒油 143g、麝香 0.29g、颠茄流浸膏 286g、熊胆粉 0.57g,以上二十五味，除颠茄流浸膏、麝香、熊胆粉、冰片、樟脑、薄荷脑、水杨酸甲酯、丁香罗勒油外，乳香、没药、血竭粉碎成粗粉，加乙醇适量，研磨，滤过，滤液浓缩成稠膏状，备用；其余三七等十四味粉碎成细粉；将冰片、樟脑、薄荷脑、水杨酸甲酯、丁香罗勒油等混合，加入炼成网状薄片的橡胶中，待溶胀后再加入备用稠膏、颠茄流浸膏、上述细粉、麝香、熊胆粉，配以适量氧化锌、松香等基质，压炼均匀，制成涂料 1000g，涂膏，盖衬，切片，即得
祛风胜湿酒,酒剂,祛风胜湿，通络止痛，舒筋活血。用于四肢、腰脊风湿痹痛，手足麻木,羌活 75g、当归 50g、独活 75g、防己 75g、威灵仙 75g、香加皮 75g、薏苡仁 75g,以上七味，粉碎成最粗粉，用白酒渗漉，收集渗漉液，备用；另取蔗糖 1000g，加水煮沸溶解，滤过，滤液与上述渗漉液合并，静置，取上清液，滤过，滤液用白酒调配制成 10000ml，即得
祛痰止咳冲剂,颗粒剂,健脾燥湿，祛痰止咳。主要用于慢性支气管炎及支气管炎合并肺气肿、肺心病所引起的痰多，咳嗽，喘息等症,党参 3000g、水半夏 4500g、芫花（醋制）1000g、甘遂（醋制）1000g、紫花杜鹃 1500g、明矾 250g,以上六味，明矾粉碎成细粉，过筛；其余党参等五味加水煎煮二次，第一次 1.5 小时，第二次 1 小时，合并煎液，静置 24 小时，滤过，滤液浓缩至相对密度为 1.20，放冷，加入乙醇使含乙醇量达 50%，静置，滤过，滤液回收乙醇并浓缩至相对密度为 1.30~1.40，加入明矾粉末及糖粉适量，制成颗粒，干燥，制成 2000 袋，即得
祛痰灵口服液,口服液,清热，化痰，解毒。用于肺热痰喘，咳嗽痰多,鲜竹沥 450ml（按密度 1.01g/ml 计，约 454.5g）、鱼腥草 180g,以上二味，取鱼腥草加 3 倍量水，蒸馏，收集蒸馏液 250ml，另取蔗糖 125g，加水煮沸 1 小时，滤过，滤液与鲜竹沥及鱼腥草蒸馏液混匀，加入适量防腐剂，调节 pH 值至规定范围，加水调整总量至 1000ml，搅匀，滤过，灌封，灭菌，即得
除脂生发片,片剂,滋阴，养血，祛风，活络，止痒，除油脂。用于脂溢性脱发，头皮瘙痒，落屑，油脂分泌过多症,当归 78g、牡丹皮 52g、川芎 52g、白鲜皮 78g、蝉蜕 52g、地黄 130g、苦参 52g、地肤子 78g、防风 52g、何首乌（制）78g、荆芥 52g、僵蚕（麸炒）52g、蜈蚣 2.34g,以上十三味，当归、川芎、牡丹皮粉碎成细粉；其余白鲜皮等十味加水煎煮二次，每次 3 小时，合并煎液，滤过，滤液浓缩成相对密度为 1.28~1.32（80℃）的清膏，加入上述细粉及辅料适量，混匀，制成颗粒，干燥，压制成 1000 片，包糖衣，即得
结石通茶（玉石茶）,茶剂,利尿消炎，通淋镇痛，止血化石。用于泌尿系感染，膀胱炎，肾炎水肿，尿路结石，血尿，淋沥浑浊，尿管灼痛,广金钱草 180g、玉米须 120g、鸡骨草 90g、茯苓 90g、石韦 90g、白茅根 90g、车前草 65g、金沙藤 65g,以上八味，取广金钱草 70g、鸡骨草 35g、石韦 35g，分别切碎，剩余部分与车前草等五味加水煎煮二次，每次 3 小时，合并煎液，滤过，滤液浓缩成相对密度为 1.02（95℃）的清膏，加入上述碎料，搅匀，药液吸干后，干燥，即得
结核丸（龟龙丸）,丸剂,滋阴降火，补肺止嗽。用于阴虚火旺引起的潮热盗汗、咳痰咯血、胸胁闷痛、骨蒸痨嗽，肺结核，骨结核,龟甲（醋制）150g、牡蛎 100g、鳖甲（醋制）100g、地黄 100g、熟地黄 100g、天冬 50g、百部（蜜炙）150g、阿胶 100g、北沙参 100g、龙骨 50g、紫石英（煅）50g、麦冬 50g、熟大黄 25g、白及 100g、川贝母 100g、蜂蜡 100g,以上十六味，除蜂蜡外，其余龟甲等十五味粉碎成细粉，过筛，混匀。或将熟地黄与处方内部分药物串研，晒干或低温干燥，再与龟甲等十四味混合粉碎成细粉，过筛，混匀。另取炼蜜约 1140g，趁热加入蜂蜡，熔化混合后，加入上述药粉（即药物：蜜为 1:0.8），趁热混合均匀，制成大蜜丸，即得
桂皮酊,酊剂,驱风健胃药,肉桂 200g,取肉桂粗粉 200g，置渗漉器中，用 70% 乙醇分次浸渍（第一次浸渍 48 小时以上），缓缓放出浸渍液至约 950ml，加入 70% 乙醇使成 1000ml，混匀，静置澄清，滤过，即得
莲胆消炎片,片剂,清热解毒，制菌消炎。用于细菌性痢疾，急性胃肠炎及各种急性感染性疾患,穿心莲 1000g、苦木 1000g,以上二味，分别粉碎成粗粉，各用 80~85% 乙醇加热提取二次，每次 2 小时，滤过，合并滤液，分别回收乙醇，浓缩成稠膏。合并上述稠膏，加辅料适量，制成颗粒，干燥，压制成 1000 片，包糖衣，即得
莓叶委陵菜片（雉子筵片）,片剂,止血。用于月经过多，功能性子宫出血，子宫肌瘤出血,莓叶委陵菜 2000g,取莓叶委陵菜 2000g，粉碎，加乙醇回流提取二次，每次 1.5 小时，合并乙醇液，滤过，滤液回收乙醇并浓缩成稠膏状，减压干燥成 200g 干浸膏，加辅料适量，制成颗粒，压制成 1000 片，包糖衣，即得
柴黄冲剂,颗粒剂,清热消炎。用于上呼吸道感染，感冒发烧,柴胡 1250g、黄芩提取物（以黄芩甙计）90g（按黄芩提取物制法，约对应黄芩 600g）,以上二味，取柴胡加水煎煮二次，每次 2 小时，合并煎液，滤过，滤液浓缩至 250ml，搅拌下加入乙醇至含醇量为 60%，静置 12 小时以上，滤过，滤液回收乙醇并浓缩成相对密度为 1.30~1.33 的清膏，备用；取黄芩提取物加水溶解，得清膏，与上述清膏混匀，加入蔗糖 625g 及辅料适量，搅匀，制成颗粒，干燥，制成 1000 袋，即得
党参养荣丸,丸剂,益气，补血，养心。用于心脾不足，气血两亏，形瘦神疲，食少便溏，病后虚弱,党参 150g、白术（炒）150g、甘草（蜜炙）50g、肉桂 50g、陈皮 50g、五味子（制）50g、白芍（麸炒）150g、熟地黄 300g、黄芪（蜜炙）200g、当归 200g、远志（制）50g、茯苓 100g、大枣（去核微炒）200g、生姜 200g,以上十四味，除生姜外，先将五味子略炒，后与党参等十二味混合，粉碎成细粉，过筛，混匀。将生姜榨汁，每 100g 粉末加炼蜜 30~40g 与适量水及上述生姜汁，泛丸，干燥，即得
钻山风糖浆,糖浆剂,祛风除湿，散瘀镇痛，舒筋活络。用于风寒湿痹引起的腰膝冷痛，肢体麻木，伸屈不利等症,钻山风 1000g、勾儿茶 63g、四块瓦 25g、威灵仙 63g、千斤拔 125g、丰城鸡血藤 125g、山姜 30g,以上七味，取四块瓦、山姜粉碎成粗粉，用含乙醇 50% 的白酒渗漉至无色，收集渗漉液备用。其余钻山风等五味加水煎煮二次，每次 3 小时，合并煎液，浓缩至相对密度为 1.06（热测），放冷，加入上述渗漉液中，搅匀，静置 48 小时，滤过。另取蔗糖 500g，制成单糖浆加入，搅匀，再加苯甲酸 2g，加水至 1000ml，搅匀，滤过，即得
健儿乐冲剂,颗粒剂,清热平肝，清心除烦，健脾消食。用于儿童烦躁不安，夜惊夜啼，夜眠不宁，消化不良,山楂 150g、钩藤 50g、白芍 150g、鸡内金 5g、甜叶菊 1g、竹叶卷心 50g,以上六味，鸡内金粉碎成细粉。其余钩藤等五味加水煎煮二次，合并煎液，滤过，滤液浓缩成稠膏，加入 3 倍量 85% 乙醇，静置，滤过，滤液浓缩成相对密度为 1.26（80℃）的清膏，测定总固体量，加入鸡内金粉末及蔗糖适量（总固体：蔗糖 = 1:10.16），制成颗粒，干燥，即得
健儿药片（郑州肥儿丸）,片剂,破积驱虫，开胃进食。用于小儿食积，乳积，发热腹胀，呕吐滞下及腹痛等症,雄黄 120g、蜂蜡 180g、巴豆霜 80g、甘草 20g、郁金 160g、使君子仁 20g、苦杏仁（炒）160g,以上七味，雄黄水飞或粉碎成极细粉，郁金、甘草粉碎成细粉；将苦杏仁和使君子仁与细粉混合，串碾，混匀；巴豆霜过筛，与上述药粉混匀，蜂蜡置锅内溶化，加入上述粉末，炒至桔红色，降温至 40~45℃，揉匀，制条，加入适量滑石粉，切制成 14800 片，即得
健儿膏,膏剂,健脾益气，和胃调中。用于小儿脾胃虚弱、运化乏力所致的面黄肌瘦，厌食纳呆，大便不调，身体虚弱，发育迟缓，自汗盗汗，贫血脉弱等营养不良诸症,党参 100g、白术（炒）50g、白扁豆（炒）100g、山药 100g、甘草 30g、黄芪 80g、茯苓 100g、陈皮 10g、麦芽（炒）100g、大枣 100g,以上十味，陈皮经水蒸气蒸馏，收集蒸馏液适量，另器保存；药渣与其余党参等九味加水煎煮二次，每次 2 小时，合并煎液，滤过，滤液静置 6~12 小时，取上清液，浓缩成相对密度为 1.135~1.155 的清膏，加蜂蜜 150g、蔗糖 200g、饴糖 400g 与苯甲酸钠 1g，搅匀，继续浓缩至稠膏状，稍冷，加入陈皮蒸馏液，搅匀，即得
健儿清解液,口服液,清热解毒，祛痰止咳，消滞和中。用于口腔糜烂，咳嗽咽痛，食欲不振，脘腹胀满等症,金银花 110g、菊花 100g、连翘 65g、山楂 50g、苦杏仁 50g、陈皮 2.5g,以上六味，金银花、菊花、连翘、苦杏仁分别蒸馏提取芳香水，山楂用 80% 乙醇加热提取二次，每次 2 小时，滤过，合并滤液，滤液回收乙醇，浓缩成浸膏，加适量的水溶解；陈皮照流浸膏剂与浸膏剂项下的渗漉法（附录 17 页），用 68% 乙醇作溶剂进行渗漉，收集渗漉液，回收乙醇，用适量的水稀释，滤过；合并上述药液及芳香水，加入枸橼酸 0.05g、单糖浆 300ml 及苯甲酸适量，加水使成 1000ml，搅匀，滤过，即得
健胃固肠散,散剂,健胃固肠，止泻利湿。用于小儿脾虚，腹泻，消化不良,白术（炒）25g、茯苓 25g、党参 10g、诃子肉（炒）25g、车前子（炒）50g、莲子肉（炒）25g、白扁豆（炒）25g、鸡内金（炒）25g、山药 20g、薏苡仁（炒）50g、石榴皮 25g、木香 25g,以上十二味，粉碎成细粉，过筛，混匀，即得
健脑胶囊,胶囊剂,健脑益智，安眠补身。用于用脑过度，记忆衰退，神经衰弱，头晕目眩，惊悸失眠，心烦易倦，畏寒体虚，身亏腰痛及老年痴呆等症,当归 25g、天竺黄 10g、肉苁蓉（盐制）20g、龙齿（煅）10g、山药 20g、琥珀 10g、五味子（酒制）15g、天麻 5g、柏子仁（炒）4g、丹参 5g、益智仁（盐炒）15g、人参 5g、远志（甘草制）5g、菊花 5g、九节菖蒲 10g、赭石 7.5g、胆南星 10g、酸枣仁（炒）40g、枸杞子 20g,以上十九味，赭石、琥珀、天竺黄分别研成细粉，其余当归等十六味粉碎成细粉，与上述细粉配研，过筛，混匀，装胶囊，制成 750 粒，即得
健脾补血片,片剂,补血，益气，健脾和胃，消积。用于脾虚血少所致的面黄肌瘦，食少体倦等症以及营养性、缺铁性贫血及继发性、失血性贫血,党参 154g、茯苓 77g、皂矾 58g、神曲茶 58g、黑豆（炒）58g、白术 39g、陈皮 0.58g、甘草 0.58g,以上八味，黑豆粉碎成细粉，神曲茶、皂矾粉碎成细粉，过筛，其余党参等五味加水煎煮二次，合并煎液，滤过，滤液浓缩成稠膏状，与上述粉末混匀，制成颗粒，压制成 1000 片，包糖衣，即得
健脾补血冲剂,颗粒剂,补血，益气，健脾和胃，消积。用于脾虚血少所致的面黄肌瘦，食少体倦等症以及营养性、缺铁性贫血及继发性、失血性贫血,党参 154g、茯苓 77g、皂矾 58g、神曲茶 58g、黑豆（炒）58g、白术 39g、陈皮 0.58g、甘草 0.58g,以上八味，黑豆粉碎成细粉，神曲茶、皂矾粉碎成细粉，过筛，其余党参等五味加水煎煮二次，合并煎液，滤过，滤液浓缩成稠膏状，与上述粉末混匀，加入蔗糖与糊精（蔗糖：糊精 = 90:7）适量，制粒，干燥，制成 750g，即得
益肾补骨液,口服液,滋补肝肾，强壮筋骨。用于肝肾不足，劳伤腰痛，筋骨折伤,骨碎补 45g、何首乌 126g、茯苓 63g、续断 63g、白芍 44g、当归 63g、党参 75g、熟地黄 63g、黄精 63g、枸杞子 63g、自然铜（煅，醋淬）45g、陈皮 16g,以上十二味，加水煎煮二次，每次 2 小时，滤过，合并滤液，浓缩至每 1ml 溶液相当于原药材 1g，加乙醇 2 倍量，搅拌，静置，滤过，回收乙醇，浓缩至适量，另加蔗糖 167g、白酒 20ml、防腐剂适量，溶解后，滤过，加水调整总量至 1000ml，搅匀，即得
海马三肾丸,丸剂,补肾壮阳。用于阳痿，滑精，腰痛腿酸,海狗肾（烫）50g、驴肾（烫）150g、鹿肾（烫）150g、海马（烫）50g、核桃仁 200g、人参 100g、母丁香 50g、韭菜子 50g、枸杞子 50g、仙茅 50g、补骨脂（盐炙）50g、鹿茸 100g、山药（炒）100g、肉桂 50g、山茱萸 100g、肉苁蓉 50g、淫羊藿 50g、八角茴香 50g、蛇床子 50g、小茴香（盐炙）50g、熟地黄 300g、蛤蚧（油炙）15g、附子 100g、紫梢花 50g、覆盆子 50g、巴戟天 50g、菟丝饼 50g、草澄茄 50g、桑螵蛸 100g,以上二十九味，除核桃仁外，其余海狗肾等二十八味粉碎成粗粉，再与核桃仁混合，粉碎成细粉，过筛，混匀。每 100g 粉末加炼蜜 90~110g 制成大蜜丸，即得
润喉丸,丸剂,润喉生津，开音止痛，疏风清热。用于急、慢性咽炎及喉炎所致的疼痛，亦用于喉痒咳嗽，声音嘶哑等症的辅助治疗,甘草 393g、乌梅（去核）550g、蝉蜕 26g、玄明粉 26g、食盐 26g、马蹄粉 210g、薄荷脑 4g,以上七味，将薄荷脑研细，乌梅肉打成浆，甘草粉碎成粗粉，加入乌梅浆、蝉蜕、玄明粉、食盐、马蹄粉，混匀，干燥，粉碎成细粉，过筛，加入薄荷脑粉，混匀。每 100g 粉末加炼蜜 45~55g 与水适量，泛丸，干燥，用甘草炭包衣，干燥，打光，即得
消炎利胆片,片剂,清热，祛湿，利胆。用于急性胆囊炎，胆道炎,穿心莲 868g、溪黄草 868g、苦木 868g,以上三味，穿心莲、苦木用 80~85% 乙醇加热提取二次，滤过；溪黄草加水煎煮二次，合并煎液，滤过，煎液浓缩至适量，加 70% 乙醇五倍量，搅匀，静置，滤过；将以上两种醇溶液分别回收乙醇，浓缩成稠膏。合并稠膏，加辅料适量，混匀，制成颗粒，干燥，压制成 1000 片，包糖衣，即得
消食健儿冲剂,颗粒剂,健脾消食。用于小儿慢性腹泻，食欲不振及营养不良等症,南沙参 150g、白术 80g、山药 120g、谷芽 60g、麦芽 60g、九香虫 100g,以上六味，除谷芽、麦芽外，其余南沙参等四味，加水煎煮 1.5 小时，滤过，滤渣加入谷芽、麦芽，加水煮沸，热浸二次，第一次 1.5 小时，第二次 1 小时，滤过，合并三次滤液，静置，取上清液浓缩至适量，稍冷，加乙醇使含醇量为 60%，静置，滤过，滤液回收乙醇至糖浆状。加入蔗糖 950g，拌匀，制成颗粒 1000g，干燥，即得
消食健儿糖浆,糖浆剂,健脾消食。用于小儿慢性腹泻，食欲不振及营养不良等症,南沙参 150g、白术 80g、山药 120g、谷芽 60g、麦芽 60g、九香虫 100g,以上六味，除谷芽、麦芽外，其余南沙参等四味加水煎煮 1.5 小时，滤过，滤渣加入谷芽、麦芽，加水煮沸，热浸二次，第一次 1.5 小时，第二次 1 小时，滤过，合并三次滤液，静置，取上清液浓缩至适量，放冷，加乙醇使含醇量达 60%，静置，滤过，滤液回收乙醇至无醇味。取蔗糖 700g 及防腐剂适量，加水溶解，煮沸，滤过，与药液合并，搅匀，加水至 1000ml，即得
消糖灵胶囊（消渴平胶囊）,胶囊剂,益气养阴，清热泻火，益肾缩尿。用于糖尿病,人参 30g、黄连 30g、天花粉 490g、杜仲 90g、黄芪 490g、丹参 180g、枸杞子 135g、沙苑子 180g、白芍 180g、知母 135g、五味子 60g、优降糖 0.7g,以上十二味，除优降糖外，取人参、黄连粉碎成细粉，其余天花粉等九味加水煎煮三次，第一次 1.5 小时，第二次 45 分钟，第三次 30 分钟，滤过，合并滤液，静置，取上清液浓缩成膏，真空干燥，粉碎成细粉，与人参、黄连、优降糖细粉及辅料适量，混匀，装胶囊，制成 1000 粒，即得
通脉养心丸,丸剂,养心补血，通脉止痛。用于胸痹心痛，心悸怔忡，心绞痛，心率不齐等,地黄 100g、鸡血藤 100g、麦冬 60g、甘草 60g、制何首乌 60g、阿胶 60g、五味子 60g、党参 60g、龟甲（醋制）40g、大枣 40g、桂枝 20g,以上十一味，鸡血藤、党参、五味子、大枣、龟甲加水煎煮二次，每次 3 小时，合并煎液，滤过，浓缩成稠膏，其余地黄等六味粉碎成细粉，加入上述稠膏内，搅匀。干燥，粉碎成细粉，过筛，用水泛丸，干燥，包糖衣，即得
菠白散（保肺散）,散剂,润肺，祛痰。用于痰中带血，午后发烧，咳嗽,菠菜子 450g、白及 300g、百部 150g,以上三味，粉碎成细粉，过筛，混匀，即得
雪梨膏,膏剂,清肺热，润燥止渴。用于干咳，久咳,梨（鲜）适量（按制法，最终制成清膏后，与蔗糖等制成成品，按成品折算，每 1000g 雪梨膏约对应鲜梨 5000g）,取鲜梨切碎，榨汁，梨汁另器保存；梨渣加水煎煮二次至味尽，合并煎液，滤过，滤液与梨汁合并，浓缩成相对密度为 1.33~1.38（20℃）的清膏。取梨清膏 1000g，加水适量，煮沸，静置沉淀，取上清液滤过；取砂糖 2000g 及枸橼酸 3g，加水适量煮沸，滤过，加入上述滤液中，浓缩至规定的相对密度，即得
救惊散,散剂,泄热通便，化痰镇惊。用于实火咳嗽，内热便秘，积食发热,大黄 50g、牵牛子（炒）80g、茯苓 30g、槟榔 50g、朱砂 25g、川贝母 15g、红参 20g、天竺黄 15g、天麻 15g、冰片 4g,以上十味，除冰片外，朱砂水飞或粉碎成极细粉；其余大黄等八味粉碎成细粉；将冰片研细，与上述粉末配研，过筛，混匀，即得
常通舒冲剂,颗粒剂,滋阴养血，润肠通便。用于习惯性便秘，老年性便秘及产后便秘等症,何首乌 750g、当归 500g、赤芍 500g、火麻仁 500g、桑椹 500g,以上五味，加水煎煮二次，每次 1 小时，合并煎液，滤过，滤液浓缩至相对密度为 1.08（60~70℃），待冷至室温，加等量乙醇，搅匀，静置，取上清液浓缩成相对密度为 1.34~1.36（60~70℃）的清膏。取清膏 1 份，加蔗糖粉 3.5 份和糊精 1 份，制成颗粒，干燥，即得
蛇胆半夏片,片剂,祛风化痰，和胃下气。用于呕吐咳嗽，痰多气喘,蛇胆汁 15.5g、半夏（制）156g,以上二味，半夏粉碎成细粉，过筛，与蛇胆汁混匀，干燥，粉碎成细粉，加辅料适量，制成颗粒，干燥，压制成 1000 片，即得
银屑冲剂,颗粒剂,祛风解毒。用于银屑病,土茯苓 600g、菝葜 600g,以上二味，加水煎煮三次，第一次 3 小时，第二、三次各 2 小时，合并煎液，滤过，滤液浓缩至相对密度约为 1.20，加入乙醇至含醇量为 55~60%，静置，滤过，回收乙醇，浓缩成相对密度为 1.24~1.26 的清膏。取清膏 0.8 份，蔗糖粉 3 份、糊精 1 份，混匀，制成颗粒，干燥，即得
银翘解毒液,口服液,辛凉解表，清热解毒。用于风热感冒，发热头痛，咳嗽口干，咽喉疼痛,金银花 160g、连翘 160g、淡竹叶 64g、牛蒡子 96g、桔梗 96g、淡豆豉 80g、甘草 80g、荆芥油 0.384ml（约 0.35g）、薄荷油 0.768ml（约 0.71g）,以上九味，取金银花用水蒸气蒸馏，收集蒸馏液备用，药渣与连翘、淡豆豉、淡竹叶、牛蒡子加水煎煮二次，每次 2 小时，合并煎液，滤过，滤液浓缩至适量，加乙醇使含醇量约 50%，搅匀，静置，滤过；桔梗用 80% 乙醇回流提取二次，每次 2 小时，合并提取液，滤过，与上述浓缩液合并，回收乙醇，浓缩至适量；甘草用沸水浸提二次，每次 2 小时，合并浸提液，浓缩至适量，加入浓氨试液适量，搅匀，滤过，滤液浓缩至适量，与上述浓缩液、金银花蒸馏液及荆芥油、薄荷油混匀，静置，滤过，滤液加防腐剂适量，搅匀，加水调整总量至 1000ml，静置，滤过，即得
猫爪草胶囊,胶囊剂,散结，消肿。用于瘰疬，淋巴结核未溃者，亦可用于肺结核,猫爪草 3100g（其中 280g 粉碎成细粉，2820g 用于煎煮）,取猫爪草 2820g 粉碎成粗粉；280g 粉碎成细粉，过筛。粗粉加水煎煮二次，第一次 1.5 小时，第二次 1 小时，合并煎液，滤过，滤液浓缩成相对密度为 1.35~1.40（80~85℃）的清膏，与细粉混匀，干燥，粉碎成细粉，用水泛制成微丸，装胶囊，制成 1000 粒，即得
痔血丸,丸剂,消肿解毒，通便止血。用于内痔出血，外痔肿痛,大黄 80g、象牙屑 60g、胡黄连 80g、乳香（制）20g、桃仁 60g、刺猬皮（制）20g、地榆（炭）40g、雄黄 10g、穿山甲（醋制）20g、当归 80g、荆芥穗 10g、郁李仁 60g、槐花（炒）80g、石决明 60g、芒硝 60g、没药（制）20g、滑石 20g,以上十七味，雄黄粉碎成极细粉，大黄等十六味粉碎成细粉，与上述雄黄粉末配研，混匀，过筛。每 100g 粉末加炼蜜 70~90g 制成大蜜丸，即得
痔疮止血丸,丸剂,清解肠风湿热，凉血止血。用于痔疮出血，肠风下血，血色鲜红者,槐花 100g、荆芥（炒）100g、陈皮 100g、侧柏叶 100g、地榆 100g、仙鹤草 100g,以上六味，槐花、荆芥、陈皮粉碎成细粉，过筛，混匀。其余侧柏叶等三味加水煎煮二次，每次 2 小时，合并煎液，滤过，滤液浓缩成相对密度为 1.34~1.36（20℃）的清膏。将药粉、炼蜜（每 100g 药粉加炼蜜 100~110g）和清膏混合均匀，制成小蜜丸，干燥，即得
清金理嗽丸,丸剂,清肺止嗽，化痰定喘。用于肺经热盛，咳嗽痰盛，胸膈满闷，气促作喘，口干咽燥,陈皮 250g、黄芩 250g、胆南星 250g、枳壳 125g、桔梗 125g、桑白皮（制）125g、苦杏仁 125g、知母（制）62.5g、麦冬 62.5g、百部（制）62.5g、甘草 62.5g、朱砂 39.1g,以上十二味，除朱砂外，其余陈皮等十一味粉碎成细粉，过筛，混匀，与朱砂配研均匀，过筛。每 100g 粉末加炼蜜 90~110g 制成大蜜丸，即得
清泻丸,丸剂,清热，通便，消滞。用于肠热、积滞、便秘,大黄 826g、黄芩 165g、枳实 83g、甘草 17g、朱砂 14g,以上五味，朱砂水飞或粉碎成极细粉，其余大黄等四味粉碎成细粉，过筛，混匀，用水泛丸，用朱砂包衣，打光，干燥，即得
清胃丸,丸剂,清胃肠实热，通利二便。用于头痛目昏，牙痛龈肿，鼻中衄血，牙宣齿衄，暴发火眼，便秘溺赤，喉干咽痛，口唇焦裂,大黄 120g、芒硝 15g、黄芩 40g、滑石 40g、牵牛子（炒）20g、羌活 10g、胆南星 7g、槟榔 15g、白芷 10g、关木通 15g,以上十味，粉碎成细粉，过筛，混匀。每 100g 粉末加炼蜜 120~140g 制成大蜜丸，即得
紫云膏,膏剂,清热解毒，去腐生肌。用于水火烫伤，溃烂化脓,紫草 50g、地榆 50g、当归 50g、冰片 5g,以上四味，冰片研成细粉；紫草用麻油 250g 浸泡，每天搅拌一次，至麻油呈深紫红色，滤过；另取麻油 250g，加入当归、地榆浸泡后，炸至浑黄色，滤过，趁热将已碾碎的黄蜡 100g 加入油内，搅拌溶化，滤过，放置待温，加入上述紫草油，混匀，再加入冰片，搅匀，冷却，即得
蛲虫药膏,膏剂,驱杀蛲虫，用于蛲虫（线头虫、寸白虫）的治疗,百部浸膏 300g、甲紫 2g,以上二味，取百部浸膏与羊毛脂 60.4g 混合，甲紫用乙醇适量溶解后，一并加至凡士林 1000g 中，搅拌均匀，制成 1000g，即得
喉痛丸,丸剂,清音化痰，退热止嗽。用于咽喉肿痛，肺热咳嗽，口干舌燥，大便不通,大黄 480g、绿豆 4g、橘红 40g、人参 10g、钟乳石（制）3g、柳枝 4g、绿茶 80g、青果清膏 4g、玄明粉 15g、寒水石 3g、水牛角浓缩粉 4.35g、羚羊角 2.175g、蜂蜜 4g、五倍子 160g、牛黄 4g、沉香 20g、朱砂 3g、硼砂 5g,以上十九味，除水牛角浓缩粉外，朱砂水飞或粉碎成极细粉，羚羊角粉碎成极细粉；牛黄研细。柳枝、绿豆、绿茶加水煎煮二次，第一次 2 小时，第二次 1 小时，合并煎液，滤过，滤液浓缩至适量。大黄破碎成小块，与柳枝等浓缩液及蜂蜜、青果清膏共置罐中，加入黄酒 320g，加盖密闭，高压或隔水加热，蒸至汁液基本吸尽，另取糯米 160g 蒸熟，与上述蒸料共同干燥。其余五倍子等九味与蒸制的大黄及糯米共粉碎成细粉，再与上述朱砂等粉末及水牛角浓缩粉配研，过筛，混匀，用水泛丸，干燥，即得
筋骨宁搽剂,搽剂,活血化瘀，消肿止痛，散风祛湿。用于跌打损伤，瘀血肿痛，风寒湿痹，腰膝疼痛，肢体麻木,当归 54g、没药（醋炙）72g、延胡索（醋炙）54g、桂枝 72g、木瓜 54g、铁丝威灵仙 54g、青风藤 54g、穿山龙 54g、防己 54g、续断 72g、淫羊藿（羊油炙）54g、鹿衔草 54g、紫荆皮 54g、细辛 2g、积雪草 54g、北刘寄奴 54g、苏木 54g、红花 54g、桑枝 54g、羌活 54g、麻黄 54g、伸筋草 24g、生川乌 72g、狗脊（沙烫去毛）54g、褚实子 54g、路路通 54g、甘草 2g、鸡血藤 72g、透骨草 72g、生草乌 72g、鹿筋 30g、骨碎补 72g、海桐皮 72g、钩藤 20g、兔儿伞 40g、天麻 72g、老鹳草 54g、秦艽 54g、川牛膝 54g、土鳖虫 54g、乳香（醋炙）54g、三七 72g,以上四十三味，粉碎成粗粉，照酊剂项下的浸渍法（附录 17 页），用 60~65% 乙醇作溶剂，浸渍二次，第一次用 15000g 浸渍 30 天，第二次用 7500g 浸渍 15 天，倾取上清液，滤过，压榨残渣，收集压出液，与滤液合并，静置，滤过，灌封，即得
舒神灵胶囊,胶囊剂,舒肝理气，解郁安神。用于神经衰弱，神经官能症，更年期综合症等,百合 50g、郁金 30g、牡蛎（煅）50g、甘草（蜜炙）15g、香附（醋炙）15g、五味子 30g、北合欢 20g、龙骨（煅）50g、首乌藤 50g、丹参 20g、人参 15g,以上十一味，粉碎成细粉，过筛，混匀，制成颗粒，干燥，装胶囊，制成 1000 粒，即得
舒肝片,片剂,助消化，舒气开胃，消积滞，止痛除烦。用于肝郁气滞，两肋刺痛，饮食无味，消化不良，呕吐酸水，倒饱嘈杂，周身串痛,砂仁 140g、豆蔻 100g、延胡索（醋制）180g、陈皮 140g、茯苓 200g、川楝子 300g、沉香 180g、木香 140g、白芍 280g、片姜黄 200g、枳壳 180g、厚朴 100g,以上十二味，砂仁、豆蔻、延胡索分别粉碎成细粉，过筛；陈皮提取挥发油，挥发油用适量乙醇溶解，备用；药渣再加水煎煮 1 小时，滤过；茯苓、川楝子加水煎煮二次，第一次 3 小时，第二次 1 小时，合并煎液，滤过，滤液与上述滤液合并，浓缩成膏。照流浸膏剂与浸膏剂项下的渗漉法（附录 17 页），沉香第一次用乙醇作溶剂进行渗漉（收集渗漉液 1620ml，备用），第二次用 60% 乙醇作溶剂进行渗漉；木香、白芍、片姜黄、枳壳、厚朴等用 60% 乙醇作溶剂进行渗漉；将木香等渗漉液与沉香第二次渗漉液合并，回收乙醇，浓缩成稠膏，合并上述二种浓缩膏，加入延胡索粉末及辅料适量，混匀，干燥，粉碎成细粉，再与砂仁、豆蔻粉末混匀，用第一次沉香乙醇渗漉液全量制成颗粒，室温干燥，喷入陈皮挥发油乙醇溶液，混匀，压制成 2880 片，即得
舒筋跌打膏,膏剂,舒筋活血，驱风散寒。用于跌打损伤，闪腰岔气，受风受寒，手足麻木，腰疼腿疼，积聚痞块,地黄 270g、当归 270g、玄参 60g、大黄 30g、赤芍 60g、木鳖子 60g、白芷 60g、血余炭 30g、蜈蚣 1g、肉桂 60g、阿魏 12g、乳香 12g、没药 12g,以上十三味，除阿魏外，肉桂、乳香、没药粉碎成细粉，混匀，过筛；其余地黄等九味酌予碎断，与食用植物油 4800g 同置锅内炸枯，去渣，滤过，炼至滴水成珠。另取红丹 1650~1950g，加入油内，搅匀，收膏，将阿魏捣碎加入，混匀，将膏浸泡于水中。取膏用文火熔化，加入上述粉末，搅匀，分摊于布或纸上，即得
脾肾双补丸,丸剂,健脾开胃，补益肝肾。用于脾肾双亏，气阴两虚，面黄肌瘦，食欲不振,党参 60g、熟地黄 80g、山茱萸（酒蒸）60g、泽泻（盐制）60g、茯苓 80g、牡丹皮 60g、山药（麸炒）60g、黄芪（蜜炙）40g、甘草（蜜炙）20g、当归 40g、川芎 20g、白芍（炒）20g、莲子（去心）40g、枸杞子 40g、白术（土炒）40g、肉桂（去粗皮）20g、麦冬 20g、薏苡仁 40g、芡实 40g、牛膝 40g、陈皮 40g、白扁豆 30g、五味子（酒蒸）20g,以上二十三味，粉碎成细粉，过筛，混匀。每 100g 粉末加炼蜜 100~110g 制成大蜜丸，即得
猴枣牛黄散,散剂,除痰镇惊，通窍。用于小儿惊风，痰涎壅盛,猴枣 126g、猪牙皂 289g、牛黄 210g、细辛 289g、珍珠（水飞）253g、川贝母（蛇胆汁制）420g、琥珀（水飞）232g、石菖蒲 235g、朱砂（水飞）126g、草豆蔻 289g、麝香 25.3g、硝石 168g、冰片 25g、白矾（煅）189g、甘草 576g、全蝎（制）301g,以上十六味，除麝香、牛黄、猴枣、冰片外，珍珠、琥珀、朱砂分别水飞或粉碎成极细粉，其余猪牙皂等九味粉碎成细粉，过筛，混匀。将牛黄、麝香、猴枣、冰片研细，与上述粉末配研，过筛，混匀，即得
溃疡冲剂,颗粒剂,健胃，消炎，止痛。用于胃溃疡，十二指肠溃疡，急慢性胃炎,甘草浸膏 200g、白及 90g、延胡索（醋炙）90g、海螵蛸 90g、黄芩 180g、薏苡仁（麸炒）90g、泽泻 60g、天仙子 1.5g,以上八味，取甘草浸膏 100g，提取甘草酸，剩余的甘草浸膏与白及等七味粉碎成细粉，过筛，混匀，加入甘草酸，混匀，制成颗粒，干燥，即得
强力宁片,片剂,强身益智，健脑补骨。用于体乏无力，失眠健忘，精神倦怠，过度疲劳，腰膝酸软，脾肾阳虚，食欲不振,刺五加 350g、枸杞子 350g,以上二味，粉碎成粗粉，用 60% 乙醇加热回流提取三次，第一、二次各 2 小时，第三次 1.5 小时，合并提取液，滤过，滤液回收乙醇，浓缩至稠膏状，加入辅料适量，混匀，制粒，干燥，压制成 1000 片，包糖衣，即得
滋补生发片,片剂,滋补肝肾，益气养荣，活络生发。用于脱发症,当归 60g、鸡血藤 45g、墨旱莲 60g、女贞子 60g、熟地黄 75g、侧柏叶 45g、枸杞子 45g、菟丝子 45g、何首乌（制）90g、桑叶 30g、黑芝麻 90g、黄芪 60g、桑椹 45g、川芎 30g、地黄 60g,以上十五味，取何首乌 30g、当归、侧柏叶、川芎粉碎成细粉；其余地黄等十一味与剩余何首乌，加水煎煮二次，每次 3 小时，合并煎液，滤过，滤液浓缩至相对密度为 1.30~1.34（80℃）的清膏，加入上述细粉及辅料适量，混匀，制成颗粒，干燥，压制成 1000 片，包糖衣，即得
寒痹停片（痹苦乃停片）,片剂,温经通络，散寒止痛。用于寒痹症,马钱子（制）50g、乳香（制）26g、没药（制）26g、地黄 400g、青风藤 300g、制川乌 40g、淫羊藿 80g、制草乌 40g、薏苡仁 30g、乌梢蛇 80g,以上十味，马钱子、乌梢蛇、乳香、没药、薏苡仁粉碎成细粉，过筛，混匀，其余地黄等五味加水煎煮二次，第一次 3 小时，第二次 2 小时，滤过，合并滤液，静置 24 小时，取上清液浓缩至相对密度为 1.30（90℃）的清膏，加入细粉，混匀，干燥，粉碎，制成颗粒，加 1% 硬脂酸镁，压制成 1000 片，包糖衣，即得
蒲黄片,片剂,降血脂药。用于血脂、胆固醇过高症,蒲黄 3000g,取蒲黄 3000g，用布袋包装，以水湿润后，加水煎煮二次，第一次 2 小时，第二次 1 小时，合并煎液，静置沉淀 8 小时，滤过，滤液浓缩至相对密度为 1.30（70~75℃）的清膏，加辅料适量，拌匀，干燥，制成颗粒，加润滑剂适量，压制成 1000 片，包糖衣，即得
槐角地榆丸,丸剂,清热止血，消肿止痛。用于大便下血，大肠积热，痔疮肿痛,槐角（炒）200g、黄芩 100g、椿皮（炒）100g、荆芥 100g、白芍（酒炒）100g、地黄 100g、栀子（炒）100g、地榆（炭）100g、枳壳（炒）100g,以上九味，粉碎成细粉，过筛，混匀。每 100g 粉末加炼蜜 140~160g 制成大蜜丸，即得
感冒舒冲剂,颗粒剂,疏风清热，发表宣肺。用于感冒所致的头痛体困，发热恶寒，鼻塞流涕，咳嗽咽痛等症,大青叶 100g、连翘 150g、荆芥 60g、防风 60g、薄荷 60g、牛蒡子 60g、桔梗 60g、白芷 60g、甘草 30g,以上九味，取连翘、荆芥、薄荷各 1/3 量提取挥发油，剩余部分与其余大青叶等六味加水煎煮二次，每次 1.5 小时，合并煎液，滤过，滤液浓缩至相对密度为 1.20~1.25（90℃），加乙醇使含醇量达 60%，静置，分取上清液，加水搅匀，冷藏，静置 12 小时，滤过，滤液浓缩至相对密度为 1.25（90℃）的清膏。取清膏 1 份，加蔗糖 4 份、糊精 1 份，混匀，制成颗粒，干燥，喷加挥发油，混匀，即得
感冒解表丸,丸剂,清热解表。用于四时感冒，恶寒发热，头痛眩晕，咳嗽吐泻,苏叶 84g、川芎 84g、防风 84g、白芷 84g、白术（酒炒）84g、连翘 84g、羌活 84g、葛根 84g、甘草 50g、陈皮 84g、清半夏 50g、桂枝 50g、麻黄（蜜制）50g、升麻 50g、广藿香 67g、茯苓 50g,以上十六味，粉碎成细粉，过筛，混匀。每 100g 粉末加炼蜜 170~190g 制成大蜜丸，即得
愈带丸,丸剂,益气调经，散寒止带。用于气虚血亏、子宫湿寒引起的经血不调、赤白带下、凝滞腹痛、腰腿酸软、骨蒸潮热、头晕耳鸣,当归 90g、蒲黄（炒）120g、熟地黄 90g、百草霜 90g、艾叶（炒炭）90g、白芍 120g、鸡冠花 120g、芍药花 90g、棕榈炭 90g、香附（醋炙）90g、木香 90g、知母 60g、黄柏 60g、牛膝 90g、干姜（微炒）90g、肉桂（炒焦）90g、甘草（蜜炙）90g,以上十七味，粉碎成细粉，过筛，混匀，用水泛丸，干燥，即得
腰腿痛丸,丸剂,强筋壮骨，舒筋活血。用于气血双亏，风寒湿痹，外邪侵袭所致的腰腿酸软，肢体麻木等症,麻黄 600g、红参 45g、豹骨（制）22g、羌活 68g、木瓜 68g、乳香（制）68g、甘草 68g、地骨皮 68g、防风 68g、马钱子粉 300g、鹿茸 22g、牛膝 68g、独活 68g、鸡血藤 68g、没药（制）68g、千年健 68g、杜仲炭 68g,以上十七味，粉碎成细粉，过筛，混匀，用水及乙醇适量泛丸，干燥，用滑石粉：活性炭（3:1）的混合物包衣，打光，即得
磁朱丸,丸剂,镇心，安神，明目。用于心肾阴虚，心阳偏亢，心悸失眠，耳鸣耳聋，视物昏花,磁石（煅）200g、朱砂 100g、六神曲（炒）400g,以上三味，朱砂水飞成极细粉，磁石、六神曲分别粉碎成细粉；将上述粉末配研，过筛，混匀，用水泛丸，干燥，即得
鼻炎灵丸,丸剂,祛风清热，消肿通窍。用于鼻渊、鼻塞、鼻流浊涕等急、慢性鼻炎,苍耳子（微炒）200g、辛夷 150g、白芷 30g、细辛 30g、黄芩 30g、薄荷 40g、川贝母 40g、淡豆豉 40g,以上八味，粉碎成细粉，过筛，混匀，用水泛丸，干燥，即得
增抗宁片,片剂,益气健脾，养阴生津，清热，并能提高机体免疫功能。用于化疗、放疗以及不明原因引起的白细胞减少症，青春型痤疮，亦可用于慢性迁延性肝炎的治疗,白芍 250g、黄芪 417g、大枣 375g、甜叶菊 500g,以上四味，加水煎煮二次，合并煎液，滤过，滤液浓缩至适量，加入 3 倍量的 80% 乙醇，混匀，静置 24 小时，滤过，滤渣加 1.5 倍量的 60% 乙醇，混匀，静置 12 小时，滤过，合并两次滤液，回收乙醇，浓缩成稠膏，干燥，粉碎，制成颗粒，压制成 1000 片，包糖衣，即得
噎膈丸,丸剂,补益肺肾，润燥生津，通咽利膈。用于噎膈，咽炎，吞咽不利，咽哽干燥；亦可用于食管粘膜上皮不典型增生及食管癌的辅助治疗,核桃仁 90g、白果仁 140g、柿饼（去蒂去核）90g、小茴香 40g、大枣（去核）120g、黑芝麻（炒）80g、甘草 80g、麻油 10g,以上八味，白果仁、小茴香、甘草粉碎成细粉，拌入柿饼、大枣，干燥，粉碎成细粉，过筛，混匀；取核桃仁、黑芝麻、麻油及蔗糖 80g，拌匀，碾成松软粉状，与上述细粉混匀。每 100g 粉末加炼蜜 40~48g 制成大蜜丸，即得
镇心安神丸,丸剂,镇心安神，养血除烦。用于心血不足，精神恍惚，惊悸怔忡，烦躁不眠,朱砂 50g、黄连 10g、甘草 25g、当归 50g、生龙齿 60g、茯苓 60g、熟地黄 30g、地黄 20g、黄芪 100g、远志（炒）50g、柏子仁 100g、酸枣仁 100g,以上十二味，朱砂水飞或粉碎成极细粉；其余黄连等十一味粉碎成细粉，与朱砂粉末配研，过筛，混匀。每 100g 粉末加炼蜜 60g 与适量的水，泛丸，干燥；或加炼蜜 135~145g 制成大蜜丸，即得
薄荷锭,丹剂,解郁，通窍，散风，泄热。用于感冒头痛，血管神经性头痛等,薄荷脑 3136g、石蜡 32g,取薄荷脑 3136g，与石蜡 32g 分别置水浴上隔水熔化，将石蜡倾入薄荷脑液中，搅匀，盖严，38~40℃保温，灌装成锭，即得
醒消丸,丸剂,活血消肿，止痛。用于痈疽肿毒，坚硬疼痛,雄黄 100g、麝香 30g、乳香（制）200g、没药（制）200g,以上四味，雄黄水飞或粉碎成极细粉；另取黄米 150g，蒸熟，烘干，与乳香、没药粉碎成细粉；将麝香研细，与上述粉末配研，过筛，混匀，用水泛丸，低温干燥，即得
麝香抗栓丸,栓剂,通络活血，醒脑散瘀。用于中风，半身不遂，言语不清，头昏目眩等,麝香 2g、羚羊角 5g、三七 25g、天麻 25g、全蝎 10g、乌梢蛇 50g、红花 50g、地黄 50g、大黄 25g、葛根 50g、川芎 25g、僵蚕 25g、水蛭（烫）25g、黄芪 100g、胆南星 25g、地龙 50g、赤芍 50g、当归 50g、豨莶草 100g、忍冬藤 100g、鸡血藤 100g、络石藤 100g,以上二十二味，除麝香外，其余乌梢蛇等二十一味粉碎成细粉；麝香研细，与上述细粉配研，混匀。每 100g 粉末加炼蜜 160~170g 制成大蜜丸，即得
麝香跌打软膏,膏剂,行血去瘀，舒筋活络，止痛消炎，祛风消肿。用于软组织扭挫伤及闭合性骨折复位后引起的肿痛,麝香 0.2g、生川乌 120g、生草乌 120g、生半夏 120g、生天南星 120g、洋金花 120g、马钱子 30g、甘草 20g、薄荷油 30g、冰片 5g,以上十味，除麝香、冰片、薄荷油外，其余生川乌等七味粉碎成粗粉，用 65% 乙醇浸渍 3 天，时时搅动。取上清液，药渣再用 65% 乙醇浸渍二次，每次 2 天，合并三次浸渍液，回收乙醇，并浓缩成每 1g 相当于原生药 2g 的浸膏，加入乳剂型基质，搅匀，加入麝香、薄荷油、冰片，混匀，制成 1000g，即得
二母清肺丸 (二母丸),丸剂,清热化痰，润肺止咳。用于肺热咳嗽，痰涎壅盛，口鼻生疮，咽喉肿痛，大便秘结，小便赤黄,川贝母 160g、知母 (炒) 40g、大黄 (酒炙) 160g、黄芩 (酒炙) 80g、前胡 40g、天花粉 80g、桔梗 80g、杏仁 40g、桑白皮 (炙) 40g,以上九味，粉碎成细粉，过筛，混匀。每 100g 粉末加炼蜜 120~140g，制成大蜜丸，即得
十全大补颗粒 (冲剂),颗粒剂,温补气血。用于气血两虚，面色苍白，气短心悸，体倦乏力，四肢不温,党参 80g、白术 (炒) 80g、茯苓 80g、甘草 (蜜炙) 40g、当归 120g、川芎 40g、白芍 (酒炒) 80g、熟地黄 120g、黄芪 (蜜炙) 80g、肉桂 20g,以上十味，当归、川芎、白术、白芍、肉桂粉碎成粗粉，照流浸膏剂与浸膏剂项下的渗漉法 (附录 IO)，用 50% 乙醇作溶剂，浸渍 24 小时后缓缓渗漉，收集漉液 2700ml；其余熟地黄等五味加水煎煮二次，每次 2 小时，合并煎液，滤过，滤液浓缩至适量，放冷，加入乙醇适量，静置，取上清液与上述漉液合并，回收乙醇，并浓缩至相对密度为 1.30~1.32 (90~95℃) 的清膏。取清膏 1 份，加蔗糖粉 5 份，制成颗粒，干燥，即得
七叶莲片,片剂,祛风除湿，活血止痛。用于各种疼痛，风湿痹痛，神经痛，胃疼，跌打骨折，外伤出血,七叶莲叶 6000g,取七叶莲叶 6000g，粉碎成细粉，茎枝加水煎煮二次，第一次 3 小时，第二次 2 小时，合并煎液，滤过，滤液浓缩成清膏，加入上述细粉及淀粉适量，混匀，干燥，粉碎成细粉，制成颗粒，干燥，压制成 1000 片，即得
八仙油,搽剂,清暑祛湿，驱风通窍。用于感冒，呕吐腹痛，舟车晕眩，中暑头晕，皮肤瘙痒，山岚瘴气,细辛 31g、红花 31g、陈皮 47g、猪牙皂 150g、茯苓 63g、防己 63g、当归 63g、枫香脂 63g、香附 (制) 94g、白芷 94g、防风 125g、抽皮 150g、甘草 500g、香薷 94g、地黄 750g、草豆蔻 31g、冰片 125g、羌活 94g、白芍 47g、枳壳 47g、柴胡 63g、钩藤 63g、皂角刺 188g、桔梗 63g、前胡 63g、栀子 500g、木香 31g、威灵仙 63g、全蝎 63g、砂仁 47g、丁香罗勒油 288g、薄荷油 96g、石菖蒲 47g、苦杏仁 125g、委陵菜 63g、黄芩 94g、广藿香 125g、贯众 31g、干姜 375g、荆芥 125g、紫草茸 63g、紫苏 63g、大黄 1500g、厚朴 500g、苍术 63g、檀香 250g、肉桂油 125g,以上四十七味，除肉桂油、冰片、丁香罗勒油、薄荷油外，其余细辛等四十三味，加食用植物油 15000g，加热至 80~90℃，保持 2 小时后，将温度控制在 40~50℃热浸 15 天，压滤，加入上述药味混合均匀，静置，取澄清药油，灌封，即得
九龙化风丸,丸剂,镇痉熄风，开窍豁痰。用于小儿急惊风，癫痫，热病抽搐，时气瘴疟,大黄 75g、桔梗 45g、细辛 60g、常山 (酒炙) 45g、天麻 18g、地龙 (砂炒) 6g、白附子 (姜炙) 28g、羌活 36g、薄荷 36g、防风 36g、枳壳 (炒) 36g、冰片 1g、巴豆霜 12g、猪牙皂 45g、僵蚕 (炒) 45g、全蝎 (漂) 18g、胆南星 18g、麻黄 36g、朱砂 7g、麝香 0.84g,以上二十味，除麝香、朱砂、冰片外，其余大黄等十七味粉碎成细粉，过筛；将麝香、朱砂、冰片研细，与上述粉末混匀。每 100g 粉末加炼蜜 130~150g 制成大蜜丸，即得
八珍鹿胎膏 (复方鹿胎膏),膏剂,养血益气，调经温寒。用于肾虚，气血两亏，经血不调，经期腹痛,鹿胎一具、鹿角胶 500g、熟地黄 1000g、人参 125g、当归 125g、川芎 125g、白芍 125g、白术 125g、茯苓 375g、甘草 125g,以上十味，除鹿角胶外，取鹿胎洗净，切成小块，加水煎煮三次，第一次 2 小时，第二、三次各 1 小时，至肉化骨酥，趁热滤过，合并滤液，浓缩成稠膏；其余熟地黄等八味加水煎煮三次，第一次 2 小时，第二、三次各 1 小时，滤过，合并滤液，加入鹿角胶，加热溶化，加入上述稠膏，搅匀，再浓缩成稠膏，至不渗纸为度，取出，放冷，切块，即得
儿童化毒散,散剂,清热化毒，活血消肿。用于小儿蕴积火毒引起的头痛身烧，痈疖疗疮，丹毒疱疹，疹后余毒,乳香 (醋炙) 60g、没药 (醋炙) 60g、赤芍 120g、天花粉 120g、黄连 60g、大黄 120g、浙贝母 60g、甘草 45g、牛黄 12g、冰片 15g、雄黄 60g,以上十一味，除牛黄、冰片外，雄黄水飞或粉碎成极细粉；其余乳香等八味粉碎成细粉；将牛黄、冰片研细，与上述粉末配研，过筛，混匀，即得
三七止血片,片剂,行瘀止血，消肿，定痛。用于吐血，衄血，血痢血崩，产后流血不止，月经过多及外伤出血,地锦草 1250g、三七 62g,以上两味，三七粉碎成细粉，地锦草加水煎煮二次，第一次 2 小时，第二次 1 小时，合并煎液，滤过，滤液浓缩成膏，加入三七细粉及辅料适量，混匀，制成颗粒，60℃以下干燥，压制成 1000 片，包糖衣，即得
三七药酒,酒剂,舒筋活络，散瘀镇痛，祛风除湿，强筋壮骨。用于跌打损伤，风湿骨痛，四肢麻木,三七 50g、莪术 40g、全蝎 10g、土鳖虫 30g、补骨脂 50g、淫羊藿 50g、四块瓦 60g、叶下花 80g、当归 60g、牛膝 50g、五加皮 60g、制川乌 20g、苏木 40g、大血藤 60g、川芎 30g、血竭 10g、红花 20g、乳香 (醋制) 30g、没药 (醋制) 30g、延胡索 (醋制) 40g、香附 (醋制) 40g,以上二十一味，三七、全蝎、土鳖虫、血竭粉碎成粗粉，其余补骨脂等十七味粉碎成最粗粉，与三七等四味药粉混合，照流浸膏剂与浸膏剂项下的渗漉法 (附录 IO)，用 50 度以上白酒作溶剂，密闭浸泡 15 天后，缓缓渗漉，收集渗漉液 8400ml，静置，滤过，即得
三鞭参茸固本丸,丸剂,补气养血，助阳添精，强筋壮骨。用于身体虚弱，气血双亏，腰腿酸软，阳痿，遗精早泄,鹿鞭 (烫) 8g、驴鞭 (烫) 24g、狗鞭 (烫) 24g、鹿茸 50g、人参 100g、淫羊藿 28g、枸杞子 50g、山茱萸 28g、菟丝子 50g、杜仲 50g、女贞子 50g、制何首乌 50g、茯苓 100g,以上十三味，粉碎成细粉，过筛，混匀。每 100g 粉末加炼蜜 100~130g 制成小蜜丸或大蜜丸，即得
三鞭酒,酒剂,补益肝肾，养血兴阳。用于腰膝酸疼，足踝无力，阳痿早泄等症,牛鞭 50g、羊鞭 25g、狗鞭 25g、蜈蚣 18g、当归 60g、白芍 60g、天花粉 60g、甘草 60g,以上八味，取牛鞭、羊鞭、狗鞭切成薄片，清水洗净，50~60℃低温干燥，其余蜈蚣等五味粉碎成粗粉，置浸泡缸内；另取冰糖适量溶于适量白酒中，加入上述缸内，密闭，浸泡 45~60 天，取上清液并使成 1000ml，滤过，分装，即得
大黄酊,酊剂,健胃药,大黄 200g,取大黄 200g，粉碎成粗粉，照酊剂项下的渗漉法 (附录 IN) 用 60% 乙醇作溶剂，浸渍 24 小时后，以每分钟 3~5ml 的速度进行渗漉，漉液达到 750ml，停止渗漉，滤过，滤液中加甘油 100ml 与 60% 乙醇适量，使成 1000ml，必要时滤过，即得
大温中丸,丸剂,健脾祛湿，理气消胀。用于脾虚湿阻，气滞腹胀,厚朴 (制) 50g、苦参 15g、陈皮 30g、山楂 (炒) 50g、茯苓 30g、白术 (炒) 20g、香附 (制) 160g、甘草 20g、六神曲 (炒) 160g、青皮 (炒) 60g、苍术 (炒) 50g、针砂 160g、白芍 (炒) 50g,以上十三味，粉碎成细粉，过筛，混匀，用醋 40ml 和适量的水泛丸，干燥，即得
口腔炎喷雾剂,气雾剂,清热解毒，消炎止痛。用于治疗口腔炎，口腔溃疡，咽喉炎等；对小儿口腔炎症有特效,蜂房 750g、蒲公英 1500g、皂角刺 750g、忍冬藤 1500g,以上四味，蜂房用水蒸气蒸馏得蒸馏液 1300ml，其余皂角刺等三味加水煎煮二次，第一次 2 小时，第二次 1 小时，合并煎液，滤过，滤液浓缩至 3750ml，加乙醇 2.5 倍量，搅拌，静置过夜，滤过，回收乙醇并浓缩成稠膏 200ml；于稠膏中加入蜂房蒸馏液 1000ml，搅匀，加入滑石粉 36g，搅匀，于 0~10℃静置 12 小时，滤过，加入 15g 吐温 80 及苯甲醇 15g，搅匀，加入剩余蜂房蒸馏液及水适量，调至 1500ml，搅匀，滤过，装入具有抛射剂及特制阀门系统的耐压严封容器中，即得
山香圆片 (喉特灵片),片剂,清热解毒，利咽消肿。用于喉痹，乳蛾，咽喉肿痛等症,山香圆叶 3000g（其中 100g 粉碎成细粉，2900g 用于煎煮）,取山香圆叶 100g，粉碎成细粉；另取山香圆叶 2900g，加水煎煮二次，每次 1.5 小时，合并煎液，滤过，滤液浓缩至相对密度为 1.20~1.25 (55~60℃)，放冷，加入乙醇使含醇量达 50%，搅匀，静置 24 小时，滤过，滤液回收乙醇并浓缩成稠膏状，加入上述细粉及辅料适量，混匀，制成颗粒，干燥，压制成 1000 片，包糖衣，即得
千紫红颗粒 (冲剂),颗粒剂,清热凉血，收敛止泻。用于赤白痢疾，暑湿伤及胃肠而发生的泄泻以及小儿脾弱肝旺之消化不良性腹泻,大红袍 200g、紫地榆 200g、千里光 200g、杨梅根 200g、钻地风 200g,以上五味，加水浸渍 30 分钟后，煎煮二次，每次 1.5 小时，滤过，合并滤液，滤液浓缩至每 1ml 含药材量 1g 的液体，加乙醇使含醇量达 60%，混匀，静置，滤过，滤液回收乙醇，浓缩至相对密度为 1.27~1.28 (60~70℃) 的清膏；取清膏 1 份，加蔗糖粉 8 份，制成颗粒，干燥，即得
小儿止嗽金丸,丸剂,解热润肺，化痰止嗽。用于外感风热引起的咳嗽痰盛，口干舌燥，腹满便秘,玄参 120g、知母 60g、麦冬 120g、苦杏仁 (去皮炒) 120g、竹茹 90g、紫苏子 (炒) 60g、槟榔 (炒) 90g、桔梗 90g、胆南星 (酒蒸) 120g、桑白皮 90g、川贝母 90g、天花粉 90g、瓜蒌子 90g、甘草 90g、紫苏叶 60g,以上十五味，粉碎成细粉，过筛，混匀。每 100g 粉末加炼蜜 100~110g 制成大蜜丸，即得
小儿回春丸 (大蜜丸),丸剂,熄风镇惊，化痰开窍。用于小儿急惊抽搐，痰涎壅盛，神昏气喘，烦躁发热等症,全蝎 30g、朱砂 30g、蛇含石 (醋煅) 80g、天竺黄 100g、川贝母 100g、胆南星 200g、牛黄 10g、白附子 (制) 30g、天麻 30g、僵蚕 (麸炒) 30g、雄黄 30g、防风 30g、羌活 30g、麝香 15g、冰片 15g、甘草 100g、钩藤 200g,以上十七味，牛黄、冰片、麝香粉碎成细粉；朱砂水飞或粉碎成极细粉；其余甘草等十三味粉碎成细粉，与上述粉末配研，过筛，混匀。每 100g 粉末加炼蜜 130~140g 制成大蜜丸，即得
小儿珠黄散,散剂,泻火导滞，镇惊安神。用于小儿宿食挟热引起的面赤唇红，身热不安，咳嗽痰鸣，小便短赤，大便秘结，惊风抽搐,大黄 300g、牵牛子 (炒) 60g、槟榔 300g、黄连 90g、化橘红 150g、珍珠 1.5g、牛黄 15g、琥珀 60g、朱砂 150g、冰片 30g,以上十味，除牛黄、冰片、琥珀外，珍珠、朱砂分别水飞或粉碎成极细粉；其余大黄等五味粉碎成细粉；将牛黄、冰片、琥珀分别研细，与上述粉末配研，过筛，混匀，即得
小儿惊风七厘散,散剂,祛风化痰，解热镇惊。用于小儿外感风邪，惊风抽搐，咳吐痰涎，食滞呕吐，腹痛泄泻,牛黄 24g、天竺黄 18g、全蝎 18g、天麻 (姜汁吸) 33g、紫苏叶 18g、羌活 18g、山药 (麸炒) 33g、天花粉 33g、黄芩 (酒炙) 33g、龙齿 (煅) 15g、冰片 60g、麝香 12g、琥珀 60g、钩藤 33g、独活 18g、黄连 13.5g、栀子 (炒) 9g、茯苓 33g、朱砂 75g、雄黄 30g、蝉蜕 18g、胆南星 39g、白附子 (制) 39g、薄荷 18g、白术 (麸炒) 33g、陈皮 18g、厚朴 (姜炙) 33g、猪牙皂 33g、甘草 33g、芒硝 30g,以上三十三味，朱砂、雄黄水飞或粉碎成极细粉，牛黄、麝香、琥珀、冰片分别研成极细粉，其余天竺黄等二十七味粉碎成细粉，与上述粉末配研，过筛，混匀，即得
五花茶颗粒 (冲剂),颗粒剂,清热，凉血，解毒。用于湿热，下血下痢，湿疹,金银花 480g、鸡蛋花 240g、木棉花 240g、槐花 120g、葛花 120g、甘草 48g,以上六味，金银花、鸡蛋花提取挥发油，药渣与其余木棉花等四味加水煎煮二次，滤过，滤液浓缩至相对密度约为 1.20，加入乙醇使含醇量达 45%，放置，滤过，回收乙醇，浓缩成稠膏，加入蔗糖粉适量，制成颗粒，70℃以下干燥，过筛，加入上述挥发油，混匀，制成 1000g，即得
五灵止痛胶囊,胶囊剂,行气止痛，通经活络，祛瘀散结，开窍辟秽。用于因气滞血瘀、邪闭所致的胸胁痛，胃脘痛，痛经，腹痛，亦可用于扭挫伤，骨折等痛症,五灵脂 200g、蒲黄 200g、冰片 100g,以上三味，冰片研成细粉；五灵脂加水煎煮二次，每次 2 小时，滤过，合并滤液，浓缩至稠膏状，与蒲黄混匀，干燥，粉碎成细粉，加入冰片，混匀，过筛，装入胶囊，制成 1000 粒，即得
五酯胶囊,胶囊剂,能降低血清谷丙转氨酶。可用于慢性、迁延性肝炎谷丙转氨酶升高者,华中五味子（以五味子甲素计，每粒含 11.25mg，总量按 1000 粒计为 11.25g）,取五味子加水煎煮，药渣烘干，粉碎，用 70% 乙醇回流提取，得五味子的醇浸膏。取醇浸膏 (以五味子甲素计) 11.25g，加碳酸钙 10%，加淀粉及其他辅料适量，混匀，制成颗粒，干燥，装入胶囊，制成 1000 粒，即得
止泻利颗粒 (冲剂),颗粒剂,收敛止泻，解毒消食。用于湿热泄泻，痢疾，久泻，久病，伤食泄泻等,杨梅根 400g、钻地风 400g、山楂 400g、金银花 200g,以上四味，山楂、金银花分别用按药量 5% 的红糖配成的糖水同炒，使山楂炒焦，金银花炒黄。杨梅根、钻地风加水煎煮 1 小时后，再加入山楂和金银花，煎煮二次，每次 1 小时，滤过，合并滤液，浓缩至相对密度为 1.20 的稠膏，加入蔗糖粉适量，制成颗粒，干燥，制成 1500g，即得
止咳丸,丸剂,降气化痰，止咳定喘。用于风寒入肺，肺气不宣引起的咳嗽痰多，喘促胸闷，周身酸痛或久咳不止，以及老年急慢性支气管炎,川贝母 4g、桔梗 30g、法半夏 (砂炒) 20g、前胡 30g、白果 18g、砂仁 6g、陈皮 70g、茯苓 40g、薄荷 40g、白前 20g、紫苏子 50g、枳壳 (麸炒) 50g、南沙参 10g、黄芩 (酒炙)（用量原文未明确，按同类制剂推算约 50g）、桑叶 50g、厚朴 (姜炙)（用量原文未明确，按同类制剂推算约 50g）、紫苏叶 20g、麻黄 40g、葶苈子 40g、防风（用量原文未明确，按同类制剂推算约 30g）、罂粟壳（用量原文未明确，按同类制剂推算约 30g）、甘草（用量原文未明确，按同类制剂推算约 30g）,以上二十二味，将桑叶、罂粟壳、甘草加水煎煮二次，每次 2 小时，合并煎液，滤过，滤液浓缩至适量，加入硼砂溶解；其余川贝母等十八味粉碎成细粉，过筛，混匀，用上述的浓缩药液泛丸，干燥，包糖衣，即得
长春宝口服液,口服液,补益气血，调和阴阳，滋肝肾，健脾胃，强筋骨。用于中老年人身体虚弱，肝肾亏损所致的精神疲乏，头晕目眩，腰腿酸软，眼花耳鸣，健忘失眠，心悸，气短，浮肿，夜多小便等症；也可作为高脂血症的高血压病人的辅助治疗,人参 16g、五味子 8g、地黄 16g、茯苓 16g、补骨脂 16g、知母 12g、淫羊藿 8g、黄芪 16g、墨旱莲 19g、枸杞子 16g、天冬 16g、熟地黄 16g、牛膝 16g、杜仲 (制) 11g、黄柏 12g、泽泻 (制) 24g、桑寄生 16g、山药 11g、麦冬 16g、制何首乌 24g、当归 16g、巴戟天 16g、仙茅 8g、丹参 16g、女贞子 19g,以上二十五味，人参、泽泻、制何首乌、当归、五味子、杜仲分别粉碎成粗粉，分别照流浸膏剂与浸膏剂项下的渗漉法 (附录 IO)，人参用 30% 乙醇，泽泻等五味用 70% 乙醇作溶剂，浸渍过夜后，进行渗漉，收集渗漉液，回收乙醇备用；其余黄芪等十九味，加水煎煮二次，每次 2 小时，合并煎液，滤过，滤液浓缩至适量，加入 2 倍量乙醇，搅匀，静置过夜，取上清液，回收乙醇，加入泽泻等五味漉液，搅匀，静置 24 小时，取上清液备用；另取蔗糖 300g 及蜂蜜 100g，加水适量煮沸溶解，滤过，加入防腐剂适量及上述药液和人参提取液，搅匀，煮沸，趁热滤过，放冷，加水使成 1000ml，搅匀，即得
长春药酒,酒剂,暖肾益精，祛风湿，壮筋骨，调和气血。用于肾虚腰痛，遗精，风湿骨痛，气虚血弱,苍术 22g、花椒 11g、熟地黄 28g、栀子 56g、豆蔻 14g、淫羊藿 56g、牛膝 20g、补骨脂 11g、白芍 28g、杜仲 28g、川木香 20g、当归 28g、枸杞子 28g、天冬 22g、白术 28g、黄芪 40g、砂仁 14g、菊花 28g、红花 47g、肉苁蓉 14g、丁香 11g、地骨皮 20g、甘草 (炙) 28g、五加皮 28g、党参 40g、地黄 28g、茯苓 28g,以上二十七味，切片或粉碎成粗粉，分二次加 50 度白酒共 10000~11000ml 加热，于 70~75℃提取 2 次，合并酒液，加蔗糖 750g，搅拌使溶解，滤过，滤液密封，静置三个月以上，取上清液，即得
心益好片,片剂,活血化瘀，行气止痛，益心宁神。用于冠心病，心绞痛，胸闷，心悸，气短等,冰片 10.24g、生晒参 8.3g、三七 66.66g、猪牙皂 10.42g、蟾酥 0.83g、琉璃草 1220g、路路通 166.6g,以上七味，取冰片、生晒参、三七、猪牙皂及琉璃草 110g，分别研成细粉；蟾酥用米酒适量使溶解，加入琉璃草细粉，拌匀，干燥，研细，与上述生晒参、三七、猪牙皂细粉配研混匀。另将剩余的琉璃草和路路通加水煎煮二次，第一次 2 小时，第二次 1 小时，合并煎液，滤过，滤液浓缩至适量，加乙醇使含醇量达 60%，静置 24 小时，滤过，滤液减压浓缩至相对密度为 1.26~1.28 (70~75℃) 的膏，与上述细粉混匀，制粒，干燥，加入冰片细粉及辅料适量，混匀，压制成 1000 片，包糖衣，即得
乌鸡丸,丸剂,补气养血，调经止带。用于妇女气血两亏，赢瘦内热，月经不调，崩漏带下，骨蒸劳热,生晒参 30g、甘草 (蜜炙) 30g、五味子 30g、栀子 30g、艾叶 30g、黄连 30g、北沙参 90g、丹参 90g、玄参 90g、白术 (麸炒) 90g、白芍 (麸炒) 90g、茯苓 90g、山药 90g、牛膝 90g、川芎 90g、续断 90g、杜仲 (炒) 90g、当归 90g、天麻 90g、地黄 90g、牡丹皮 90g、麦冬 90g、菟丝子 90g、柴胡 90g、石斛 120g、乌鸡 (去毛爪肠) 900g,以上二十六味，取石斛加水煎煮二次，第一次 2 小时，第二次 1 小时，合并煎液，滤过；另取乌鸡，加入石斛药汁和黄酒 500g、米醋 500g，将鸡煮烂，去骨，再加入其余生晒参等二十四味，拌匀，烘干，研成细粉，过筛。每 100g 粉末加炼蜜 65~85g，制成小蜜丸或大蜜丸，即得
风痛药酒,酒剂,疏风通络，散寒止痛。用于风寒湿痹，四肢麻木，筋骨疼痛，腰背酸痛,羌活 18g、防己 18g、威灵仙 24g、麻黄 48g、香加皮 18g、青蒿子 24g、丁公藤 288g、小茴香 18g、桂枝 24g、当归 15g、独活 18g、白芷 24g、川芎 15g、栀子 15g,以上十四味，粉碎成粗粉，加白酒 2880ml，密封浸渍 40~60 天，滤取上清液，残渣压榨，榨出液与上述滤液合并，加水至 3000ml，滤过，即得
六味地黄丸 (浓缩丸),丸剂,滋阴补肾。用于肾阴亏损，头晕耳鸣，腰膝酸软，骨蒸潮热，盗汗遗精，消渴,熟地黄 160g、山茱萸 (制) 80g、牡丹皮 60g、山药 80g、茯苓 60g、泽泻 60g,以上六味，牡丹皮提取丹皮酚；药渣与山茱萸 27g、熟地黄、茯苓、泽泻加水煎煮二次，每次 2 小时，合并煎液，滤过，滤液浓缩至相对密度为 1.35~1.40 的稠膏；山药与剩余山茱萸粉碎成细粉，过筛，混匀；将以上稠膏、细粉、丹皮酚混匀，制丸，干燥，打光，即得
双梅喉片,片剂,清热解毒，生津止渴。用于风热咽喉肿痛,岗梅 250g、水杨梅根 250g、薄荷油 10ml,以上三味，岗梅、水杨梅根加水煎煮二次，合并煎液，滤过，滤液浓缩成稠膏，加蔗糖、辅料适量，混匀，制成颗粒，干燥，冷后喷加薄荷油，混匀，压制成 1000 片，即得
双黄连注射液,注射剂,清热解毒，清宣风热。用于外感风热引起的发热、咳嗽、咽痛。适用于病毒及细菌感染的上呼吸道感染、肺炎、扁桃体炎、咽炎等,金银花 250g、黄芩 250g、连翘 500g,以上三味，黄芩酌予碎断，加水煎煮二次，每次 1 小时，分次滤过，合并滤液，滤液用盐酸 (2mol/L) 调 pH 至 1.0~2.0，在 80℃保温 30 分钟，静置 24 小时，滤过，沉淀加 8 倍量水，搅拌，用 40% 氢氧化钠溶液调 pH 至 7.0，并加等量乙醇，搅拌使溶，滤过，滤液用盐酸 (2mol/L) 调 pH 至 2.0，60℃保温 30 分钟，静置 12 小时，滤过，沉淀用乙醇洗至 pH 至 4.0，加 10 倍量水，搅拌，用 40% 氢氧化钠溶液调 pH 至 6.0，加入 0.5% 活性炭，充分搅拌，50℃保温 30 分钟，加入 1 倍量乙醇搅拌均匀，立即滤过，滤液用盐酸 (2mol/L) 调 pH 至 2.0，60℃保温 30 分钟，静置 12 小时，滤过，沉淀用少量乙醇洗涤后，于 60℃以下干燥；金银花、连翘加水浸渍 30 分钟，煎煮二次，每次 1 小时，分次滤过，合并滤液，浓缩至相对密度为 1.20~1.25 (70~80℃测)，放冷至 40℃，缓缓加乙醇使含醇量达 75%，充分搅拌，静置 12 小时，滤取上清液，回收乙醇至无醇味，加入 3~4 倍量水，调 pH 至 7.0，充分搅拌并加热至沸，静置 48 小时，滤取上清液，浓缩至相对密度为 1.10~1.15 (70~80℃测)，放冷至 40℃，加入乙醇使含醇量达 85%，静置 12 小时，滤取上清液，回收乙醇至无醇味，备用；取黄芩提取物，加水适量，加热并用 40% 氢氧化钠溶液调 pH 至 7.0 使溶解，加入金银花、连翘提取液，加水至 1000ml，加入 0.5% 活性炭，保持 pH 值 7.0 加热微沸 15 分钟，冷却，滤过，加注射用水至 1000ml，灌封，灭菌，即得
玉屏风袋泡茶,茶剂,益气，固表，止汗。用于表虚不固，自汗恶风，面色㿠白，或体虚易感风邪者,黄芪 600g、防风 200g、白术 (炒) 200g、甜叶菊 60g,以上三味，白术粉碎成细粉；其余黄芪等二味加水煎煮二次，合并煎液，滤过，滤液浓缩成稠膏；另取甜叶菊 60g 粉碎成细粉，与上述白术粉末及稠膏混匀，制成颗粒，干燥，制成 270g，分装，即得
玉真散胶囊,胶囊剂,祛风，解痉，止痛。用于破伤风；外治跌扑损伤,生白附子 360g、防风 30g、生天南星 30g、白芷 30g、天麻 30g、羌活 30g,以上六味，粉碎成细粉，过筛，混匀，装入胶囊，制成 1000 粒，即得
龙胆泻肝丸 (浓缩丸),丸剂,清肝胆，利湿热。用于肝胆湿热，头晕目赤，耳鸣耳聋，耳肿疼痛，胁痛口苦，尿赤涩痛，湿热带下,龙胆 120g、柴胡 120g、黄芩 60g、栀子 (炒) 60g、泽泻 120g、关木通 60g、车前子 (盐炒) 60g、当归 (酒炒) 60g、地黄 120g、甘草 (蜜炙) 60g,以上十味，将龙胆、当归及甘草 30g 粉碎成细粉；地黄加水煎煮三次，第一次 3 小时，第二次 2 小时，第三次 1.5 小时，合并煎液，滤过，滤液浓缩至相对密度为 1.30 (20℃) 的清膏；其余柴胡等六味与剩余的甘草加水煎煮二次，每次 2 小时，合并煎液，滤过，滤液浓缩至相对密度为 1.30 (20℃) 的清膏，将膏、粉混匀，制成浓缩丸，烘干，打光，即得
龙胆泻肝颗粒 (冲剂),颗粒剂,清肝胆，利湿热。用于肝胆湿热，头晕目赤，耳鸣耳聋，耳肿疼痛，胁痛口苦，尿赤湿痛，湿热带下,龙胆 120g、柴胡 120g、黄芩 60g、栀子 (炒) 60g、泽泻 120g、关木通 60g、车前子 (盐炒) 60g、当归 (酒炒) 60g、地黄 120g、甘草 (蜜炙) 60g,以上十味，取柴胡、当归提取挥发油，蒸馏后的水溶液另器收集；药渣与其余龙胆等八味，加水煎煮二次，每次 1.5 小时，合并煎液，滤过，滤液与上述水溶液合并，浓缩至相对密度为 1.25~1.30 (50~55℃) 的清膏。取清膏 1 份、蔗糖 2.5 份、糊精 2 份及乙醇适量，制成颗粒，干燥，加入上述柴胡、当归的挥发油，混匀，即得
四圣散,散剂,祛湿止痒，收敛生肌。用于皮肤湿痒，黄水疮，秃疮，薄皮疮,红丹 200g、铅粉 200g、枯矾 200g、松香 (制) 400g,以上四味，取枯矾、松香共研细粉，过筛；将红丹、铅粉研细，与枯矾、松香细粉配研，过筛，混匀，即得
生脉袋泡茶,茶剂,益气复脉，养阴生津。用于气阴两亏，心悸气短，脉微自汗,人参 100g、麦冬 200g、五味子 100g,以上三味，粉碎成粗粉，混匀，制成颗粒，干燥，分装成 1000 袋，即得
生脉颗粒 (党参方),颗粒剂,益气复脉，养阴生津。用于气阴两伤，心悸气短，脉微虚汗,党参 300g、麦冬 200g、五味子 100g,以上三味，加水煎煮二次，第一次 2 小时，第二次 1.5 小时，合并煎液，滤过，滤液浓缩至约 300ml，放冷，加乙醇 600ml，静置 24 小时，滤过，滤液减压浓缩至相对密度为 1.30 (60~65℃) 的清膏，取清膏 1 份，加蔗糖粉 5 份，制成颗粒，干燥，即得
生脉糖浆 (党参方),糖浆剂,益气复脉，养阴生津。用于气阴两亏，心悸气短，脉微自汗,党参 300g、麦冬 200g、五味子 100g,以上三味，加水煎煮二次，第一次 2 小时，第二次 0.5 小时，合并煎液，滤过，滤液浓缩至适量，加乙醇使含醇量达 60%，放置 24 小时，滤过，滤液减压浓缩至适量，加入蔗糖 650g，搅拌使溶解，煮沸 30 分钟，加防腐剂适量，再加水至 1000ml，即得
白及膏,膏剂,收敛，止血，补肺。用于久年咳嗽，肺痿咯血，肺结核，慢性气管炎，百日咳，肺气肿，久咳伤肺，咯血吐血,白及 250g,取白及 250g，加水煎煮二次，滤过，合并滤液，浓缩成清膏，静置，滤过，加入炼蜜 400g，继续浓缩至规定密度，即得
白及糖浆,糖浆剂,收敛，止血，补肺。用于久年咳嗽，肺痿咯血，肺结核，慢性气管炎，百日咳，肺气肿，久咳伤肺，咯血吐血,白及 500g,取白及 500g，粉碎成中粉，照流浸膏剂与浸膏剂项下的渗漉法 (附录 IO)，用 60% 乙醇作溶剂，进行渗漉，收集漉液至几乎无色、无味，压榨药渣，榨出液与渗漉液合并，回收乙醇，残留液中加水适量，煮沸，除尽乙醇，放冷，静置 48 小时以上，滤过；另取蔗糖 425g，制成糖浆，加入滤液中，加防腐剂适量，搅匀，加水使成 1000ml，搅匀，即得
白蚀丸,丸剂,补益肝肾，活血祛瘀，养血驱风。用于治疗白癜风,紫草 71g、灵芝 595g、降香 71g、补骨脂 357g、丹参 71g、红花 71g、何首乌 595g、海螺蛸 48g、牡丹皮 71g、黄药子 71g、苍术 24g、甘草 48g、蒺藜 1010g、龙胆 24g,以上十四味，取紫草、苍术、海螺蛸、蒺藜、黄药子、丹参、灵芝、甘草及何首乌 357g 加水煎煮二次，合并煎液，滤过，滤液浓缩至稠膏；另取补骨脂、龙胆、降香、牡丹皮、红花及剩余的何首乌粉碎成细粉，加入上述稠膏，混匀，干燥，粉碎成细粉，过筛，用水泛丸，四氧化三铁包衣，打光，干燥，制成 100g，即得
外用万应膏,膏剂,活血镇痛。用于跌打损伤，负重闪腰，筋骨疼痛，足膝拘挛,木香 12.2g、辛夷 12.2g、檀香 12.2g、血竭 4.9g、儿茶 4.9g、桃仁 20g、白附子 20g、麻黄 20g、桂枝 20g、秦艽 20g、莪术 20g、高良姜 20g、羌活 20g、地黄 40g、排草 12.2g、乳香 (制) 12.2g、山柰 12.2g、肉桂 12.2g、赤芍 20g、乌药 20g、血余炭 20g、三棱 20g、白芷 20g、香加皮 20g、栀子 20g、威灵仙 20g、生草乌 20g、丁香 12.2g、甘松 12.2g、苏合香 30.4g、香附 (制) 40g、全蝎 20g、红花 20g、防风 20g、僵蚕 20g、大黄 20g、当归 20g、生川乌 20g、独活 20g,以上四十味，木香、丁香、排草、辛夷、乳香、没药、檀香、山柰、甘松、血竭、肉桂、儿茶、苏合香粉碎成细粉，过筛，混匀。其余香附等二十七味，酌予碎断，与食用植物油 2400g 同置锅内炸枯，去渣，滤过，炼至滴水成珠，加入红丹 600g，搅匀，收膏，将膏浸泡于水中；取膏用文火熔化后，加入上述粉末，搅匀，分摊于纸上，即得
外用紫金锭,丹剂,解毒，消炎。用于痈疽疮毒，虫咬损伤，无名肿毒,山慈菇（用量原文未明确，按同类制剂推算约 750g）、冰片 28g、三七 750g、千金子（用量原文未明确，按同类制剂推算约 75g）、穿心莲 750g、红大戟 (醋制) 375g、雄黄 (水飞) 1875g、五倍子（用量原文未明确，按同类制剂推算约 750g）、朱砂 (水飞) 750g、丁香罗勒油 50g,以上十味，除冰片、丁香罗勒油外，其余山慈菇等八味粉碎成细粉，过筛，加入冰片、丁香罗勒油及糊精、糯米粉、炼蜜、碳酸钙等适量，混匀，制成颗粒，压制成锭，即得
外感风痧片,片剂,祛风，清热。用于风热感冒，咽喉肿痛,苍耳草 726g、狗仔花 726g、藤苦参 363g、山芝麻 363g、岗梅 363g、两面针 218g,以上六味，加水煎煮二次，第一次 2 小时，第二次 1 小时，合并煎液，滤过，滤液浓缩至膏状，干燥，粉碎成细粉，加辅料适量，制成颗粒，压制成 1000 片，包糖衣，即得
外感风痧颗粒 (冲剂),颗粒剂,祛风，清热。用于风热感冒，咽喉肿痛,苍耳草 726g、狗仔花 726g、藤苦参 363g、山芝麻 363g、岗梅 363g、两面针 218g,以上六味，加水煎煮二次，第一次 2 小时，第二次 1 小时，合并煎液，滤过，滤液浓缩至膏状，加蔗糖粉适量，制成颗粒或压制成块，干燥，即得
宁心宝胶囊,胶囊剂,本品有提高窦性心律，改善窦房结、房室传导功能，改善心脏功能的作用。用于多种心律失常，房室传导阻滞，难治性缓慢型心律失常，传导阻滞,麦角菌科真菌虫草头孢菌丝体（按制成 1000 粒胶囊，每粒装 0.25g 计，总量 250g）,本品为新鲜冬虫夏草中分离得到的麦角菌科真菌虫草头孢 (Cephalospovium sinensi Chen.sp.nov) 经液体深层发酵所得菌丝体的干燥粉末制成的胶囊
加味八珍益母膏,膏剂,补气养血，祛瘀调经。用于妇女气血不足，月经不调 (经期后移或经行不畅，量少，经闭)，产后恶露不净，腹痛等,益母草 1500g、甘草 2.5g、茯苓 5g、人参 5g、泽兰 3g、桃仁 (制) 2g、红花 1.5g、当归 10g、熟地黄 10g、川芎 2.5g、赤芍 5g、丹参 5g、炮姜 5g、香附 (制) 5g、白术 (炒) 5g,以上十五味，将益母草切碎，加水煎煮二次，第一次 2.5 小时，第二次 1.5 小时，合并煎液，滤过，滤液备用；其余当归等十四味酌予碎断，用上述滤液煎煮 3 小时，滤过，药渣加水继续煎煮 2 小时，滤过，合并滤液，浓缩至相对密度为 1.20 (50℃) 的清膏，加入红糖 500g 及枸橼酸 2g，继续浓缩至 700g，即得
加味七厘散,散剂,化瘀消肿，止痛止血。用于跌打损伤，血瘀疼痛，外伤出血,血竭 500g、红花 75g、儿茶 120g、土鳖虫 60g、三七 150g、朱砂 8g、乳香 (制) 75g、麝香 2g、没药 (制) 75g、冰片 2g,以上十味，朱砂水飞成极细粉，冰片、麝香分别研成极细粉；其余血竭等七味粉碎成细粉，与上述药粉配研，过筛，混匀，即得
加味青娥丸,丸剂,补肾，散寒，止痛。用于肾经虚寒引起的腰腿酸痛，阳痿遗精，小便频数，小腹冷痛,补骨脂 (盐炒) 600g、核桃仁 399g、巴戟天 (制) 300g、肉苁蓉 (酒炙) 300g、杜仲 (炭) 600g、乳香 (醋炙) 90g、没药 (醋炙) 90g,以上七味，粉碎成细粉，过筛，混匀。每 100g 粉末加炼蜜 40~60g 制成大蜜丸，即得
加味逍遥丸 (大蜜丸),丸剂,舒肝清热，健脾养血。用于肝郁血虚、肝脾不和引起的两胁胀痛，头晕目眩，倦怠食少，月经不调，脐腹胀痛,柴胡 300g、当归 300g、白芍 300g、白术 (麸炒) 300g、茯苓 300g、甘草 240g、牡丹皮 450g、栀子 (姜炙) 450g、薄荷 60g,以上九味，粉碎成细粉，过筛，混匀。每 100g 粉末加炼蜜 140~150g 制成大蜜丸，即得
西瓜膏,膏剂,清热化痰，润肺止咳，生津止渴。用于肺热燥咳，咳嗽痰稠，甚则痰中带血；口燥咽干，胃热口渴,西瓜 4800g、陈皮 10g、百合 10g、石膏 10g、清半夏 10g、紫苏子 (炒) 5g、阿胶 5g、甘草 10g、苦杏仁 (炒) 20g、五味子 3g,以上十味，西瓜取汁，滤过；其余陈皮等九味加水煎煮三次，合并煎液，滤过，滤液加入阿胶溶化后，浓缩至相对密度为 1.28~1.30 (25℃) 的清膏；合并西瓜汁与上述清膏，混匀，每 500g 清膏加炼蜜 1500g，加苯甲酸钠 0.3%，混匀，浓缩至规定的相对密度，滤过，即得
西羚丹 (丸),丹剂,退热消炎，清胃利便。用于头疼牙痛，口舌生疮，暴发火眼，咽喉肿痛，大便不通，烦躁口渴,黄柏 100g、栀子 100g、黄芩 100g、黄连 50g、大黄 50g、甘草 50g、地黄 50g、玄参 50g、川芎 40g、玄明粉 40g、龙胆 25g、冰片 25g、水牛角浓缩粉 5g、羚羊角 2.5g,以上十四味，除水牛角浓缩粉外，羚羊角锉研成极细粉，冰片研细；其余黄柏等十一味粉碎成细粉，与上述粉末配研，再与水牛角浓缩粉混匀，过筛。每 100g 粉末加炼蜜 125~145g 制成大蜜丸，即得
西羚片,片剂,退热消炎，清胃利便。用于头疼，牙痛，口舌生疮，暴发火眼，咽喉肿痛，大便不通，烦躁口渴,黄柏 100g、栀子 100g、黄芩 100g、黄连 50g、大黄 50g、地黄 50g、玄参 50g、川芎 40g、龙胆 25g、冰片 25g、玄明粉 40g、甘草浸膏 12.5g、水牛角浓缩粉 5g、羚羊角粉 2.5g,以上十四味，大黄、甘草浸膏粉碎成细粉，玄明粉、水牛角浓缩粉、羚羊角粉过筛，冰片研细，栀子、玄参、龙胆、地黄加水煎煮二次，合并煎液，滤过，滤液浓缩成稠膏；其余黄柏等四味，用 60% 乙醇回流提取二次，每次 1.5 小时，合并提取液，滤过，滤液回收乙醇，浓缩成稠膏。合并水、醇浓缩膏，并加入大黄、甘草浸膏细粉及辅料适量，混匀，干燥，粉碎成细粉，加入玄明粉、水牛角浓缩粉、羚羊角粉，混匀，制成颗粒，干燥，放冷，兑入冰片，混匀，压制成 1080 片，包糖衣，即得
芎菊上清丸 (大蜜丸),丸剂,清热，散风，止痛。用于外感风热，头痛鼻塞,川芎 10g、菊花 120g、黄芩 60g、白芷 40g、桔梗 15g、栀子 15g、连翘 15g、防风 15g、蔓荆子 (炒) 15g、荆芥穗 15g、黄连 10g、甘草 10g、羌活 10g、薄荷 10g、藁本 10g,以上十五味，粉碎成细粉，过筛，混匀。每 100g 粉末加炼蜜 150~160g 制成大蜜丸，即得
芎菊上清颗粒 (冲剂),颗粒剂,清热，散风，止痛。用于外感风热，头痛鼻塞,川芎 10g、菊花 120g、黄芩 60g、白芷 40g、桔梗 15g、栀子 15g、连翘 15g、防风 15g、蔓荆子 (炒) 15g、荆芥穗 15g、黄连 10g、甘草 10g、羌活 10g、薄荷 10g、藁本 10g,以上十五味，取川芎、菊花、白芷、连翘、防风、荆芥穗、羌活、薄荷提取挥发油，蒸馏后的水溶液另器收集；药渣与其余黄芩等七味，加水煎煮二次，第一次 2 小时，第二次 1 小时，合并煎液，滤过，滤液与上述水溶液合并，浓缩至适量，加乙醇等量使沉淀。取上清液浓缩至相对密度为 1.20~1.25 (60~65℃) 的清膏。取清膏 1 份，蔗糖粉 2 份，糊精 2 份，制成颗粒，干燥，加入上述川芎等挥发油，混匀，即得
同仁安神丸 (朱砂安神丸),丸剂,养血益气，镇惊安神。用于心血不足引起的心烦体倦，怔忡健忘，少眠多梦，心神不安,黄连 3g、甘草 7.5g、熟地黄 9g、地黄 6g、当归 15g、黄芪 30g、酸枣仁 (炒) 30g、柏子仁 30g、龙齿 18g、茯苓 30g、远志 (甘草炙) 15g、朱砂 15g,以上十二味，朱砂水飞或粉碎成极细粉；其余黄连等十一味粉碎成细粉，与上述粉末配研，过筛，混匀。每 100g 粉末加炼蜜 80~90g 制成大蜜丸，即得
朱珀安神丹 (丸),丹剂,宁心安神，益气养血。用于气血双亏、不思饮食引起的夜不安睡，精神不振，心跳气短等症,珍珠 50g、白芍 750g、红参 300g、川芎 150g、茯苓 150g、黄芪 150g、陈皮 150g、甘草 150g、琥珀 150g、当归 150g、远志 50g、地黄 150g、六神曲 75g、丹参 750g、朱砂 15g,以上十七味，珍珠、朱砂分别水飞或粉碎成极细粉，其余红参等十五味粉碎成细粉，与上述粉末配研，过筛，混匀，用水及适量乙醇，泛丸，干燥，赭石粉包衣，即得
华蟾素口服液,口服液,解毒，消肿，止痛。用于中、晚期肿瘤，慢性乙型肝炎等症,干蟾皮 500g,取干蟾皮 500g，洗净，加水 5~6 倍，煎煮二次，第一次 45 分钟，第二次 30 分钟，合并煎液，滤过，滤液浓缩至相对密度为 1.1~1.2 (85±5℃)，冷却至 40℃，加乙醇使含醇量达 60%，搅匀，静置 24 小时，取上清液回收乙醇至无醇味，加乙醇使含醇量达 85%，搅匀，静置 48 小时，滤过，回收乙醇至无醇味，加水适量，加氯化钠 8g 与活性炭适量，煮沸，滤过，加水调整总量至 1000ml，搅匀，静置，滤过，灌封，灭菌，即得
安阳膏药,膏剂,消积化块，逐瘀止痛，舒筋活血，追风散寒。用于癥瘕积聚，风寒湿痹，腰、腿、膀、背、筋骨、关节、骨寒诸痛及手足麻木等症,生川乌 48g、生草乌 48g、木瓜 48g、白芷 48g、阿魏 20g、木鳖子 48g、乳香 12g、没药 12g、三棱 48g、莪术 48g、血竭 20g、大黄 96g、乌药 48g、关木通 48g、当归 48g、白蔹 48g、连翘 96g、赤芍 48g、白及 48g、儿茶 12g,以上二十一味，阿魏、乳香、没药、儿茶研成细粉，过筛，混匀；其余生川乌等十七味，酌予碎断，与食用植物油 2304g 同置锅内炸枯，去渣，滤过，炼至滴水成珠。另取红丹 816g，加入油内搅匀，收膏，将膏浸泡于水中；取膏用文火熔化，加入乳香等细粉，搅匀，分摊于羊皮上，即得
防风通圣丸 (大蜜丸),丸剂,解表通里，清热解毒。用于外寒内热，表里俱实，恶寒壮热，头痛咽干，小便短赤，大便秘结，痄腮初起，风疹湿疮,防风 50g、荆芥穗 25g、薄荷 50g、麻黄 50g、大黄 50g、芒硝 50g、栀子 25g、滑石 300g、桔梗 100g、石膏 100g、川芎 50g、当归 50g、白芍 50g、黄芩 100g、连翘 50g、甘草 200g、白术 (炒) 25g,以上十七味，粉碎成细粉，过筛，混匀。每 100g 粉末加炼蜜 110~120g 制成大蜜丸，即得
妇良片,片剂,补血健脾，固经止带。用于血虚脾弱，带下质清，崩漏色淡，经后少腹隐痛，头昏目眩，面色无华,当归 75g、熟地黄 75g、续断 75g、白芍 75g、山药 75g、白术 75g、地榆 (炒) 75g、白芷 75g、牡蛎 (煅) 75g、海螵蛸 75g、阿胶 (海蛤粉炒珠) 75g、血余炭 50g,以上十二味，除阿胶外，白芍、白术、山药各半量及血余炭粉碎成细粉，过筛；当归、白芷分别粉碎成粗粉，照流浸膏剂与浸膏剂项下的渗漉法 (附录 IO)，当归用 5~6 倍量 70% 乙醇作溶剂，白芷用 5~6 倍量 60% 乙醇作溶剂，分别进行渗漉，收集漉液，分别制成浸膏；其余熟地黄等五味与剩余的白芍、白术、山药加水煎煮二次，第一次 3 小时，第二次 2 小时，合并煎液，滤过，滤液浓缩至相对密度约为 1.28 的稠膏，加入阿胶溶化后，再加入上述粉末，混匀，干燥，粉碎成细粉，加入当归、白芷浸膏，混匀，制粒，压制成 1000 片，包糖衣，即得
妇科毛鸡酒,酒剂,祛风活血，补气养血。用于产后体弱，手脚麻痹，腰膝疼痛，风寒湿痹,干毛鸡 (除去毛、内脏) 111g、党参 139g、猪脚筋 46g、厚朴 47g、羌活 139g、炮姜 116g、当归 92g、白芷 72g、半枫荷 116g、黄芪 116g、川芎 163g、白芍 (炒) 116g、熟地黄 163g、枸杞子 92g、山药 92g、大枣 184g、鸡脚 61g,以上十七味，除猪脚筋外，其余干毛鸡等十六味混匀，蒸 2 小时，放冷，与猪脚筋混匀，加入白酒 11136ml，密闭浸泡 30~55 天，滤过，即得
妇科白带片,片剂,健脾舒肝，除湿止带。用于脾虚湿盛，白带连绵，腰腿酸痛,白术 (炒) 191g、苍术 50g、陈皮 96g、荆芥 96g、党参 41g、甘草 19g、柴胡 11g、山药 382g、车前子 (炒) 57g、白芍 (炒) 96g,以上十味，取山药 191g 粉碎成细粉；陈皮、荆芥提取挥发油后，药渣与其余白芍等七味及剩余的山药加水煎煮二次，每次 2 小时，合并煎液，静置 24 小时，滤过，滤液浓缩成稠膏，加入山药细粉及辅料适量，搅匀，制成颗粒，干燥，放冷，喷加上述陈皮等挥发油，混匀，压制成 1000 片，包糖衣，即得
妇康丸,丸剂,益气养血，行气化瘀。用于产后气血不足，虚中夹瘀，寒热错杂的胁腹胀痛，腹痛，头身疼痛，恶露不绝，血晕昏迷，大便秘结，无乳等症,白术 (土炒) 12g、苍术 (米泔水炙) 12g、川牛膝 12g、乳香 (麸炒) 12g、高良姜 12g、地榆 (炭) 28g、白芍 (酒炙) 28g、羌活 28g、木香 28g、甘草 28g、党参 12g、川芎 (酒炙) 12g、蒲黄 12g、木瓜 12g、没药 (麸炒) 12g、当归 (酒炙) 28g、桃仁 (去皮尖，炒) 12g、山茱萸 (蒸) 28g、陈皮 28g、大黄 (制) 1500g、茯苓 12g、熟地黄 12g、香附 12g、延胡索 (醋炙) 12g、青皮 (醋炙) 12g、乌药 (醋炙) 12g、益母草 28g、三棱 (醋炙) 28g、五灵脂 (醋炙) 28g,以上二十九味，粉碎成细粉，过筛，混匀。每 100g 粉末加炼蜜 20~25g 与适量的水，泛丸，干燥，制成水蜜丸；或加炼蜜 130~150g 制成大蜜丸，即得
妇康宝口服液,口服液,补血调经，止血安胎。用于失血过多，面色萎黄，月经不调，小腹冷痛，胎漏胎动，痔漏下血,熟地黄 173g、川芎 69g、白芍 139g、艾叶 69g、当归 104g、甘草 69g、阿胶 104g,以上七味，当归、艾叶、川芎提取挥发油，药渣与白芍、熟地黄、甘草加水煎煮二次，第一次 3 小时，第二次 2 小时，合并煎液，静置 18~24 小时，滤过，滤液浓缩至适量；另取红糖 404g 制成糖浆，阿胶加水加热溶化，分别加入上述溶液中，加热搅拌，放冷，加入上述挥发油与水适量，制成 1000ml，混匀，灌装，即得
还少丹 (丸),丹剂,温肾补脾，养血益精。用于脾肾虚损，腰膝酸痛，阳痿遗精，耳鸣目眩，精血亏耗，肌体瘦弱，食欲减退，牙根酸痛,熟地黄 60g、山药 (炒) 60g、牛膝 40g、枸杞子 40g、山茱萸 40g、茯苓 60g、杜仲 (盐制) 40g、远志 (甘草炙) 40g、巴戟天 (炒) 40g、五味子 40g、小茴香 (盐制) 40g、楮实子 40g、肉苁蓉 40g、石菖蒲 20g、大枣 (去核) 60g,以上十五味，粉碎成细粉，过筛，混匀。每 100g 粉末加炼蜜 80~100g 制成大蜜丸，即得
还原固精丸,丸剂,滋阴，补肾，涩精。用于肾阴虚损，梦遗滑精，妇女带下等症,熟地黄 180g、山药 (炒) 120g、牡丹皮 120g、茯苓 90g、龙骨 (煅) 90g、芡实 60g、黄柏 (盐炒) 90g、金樱子 120g、山茱萸 180g、杜仲 (煅) 60g、莲须 60g、远志 60g、知母 (盐炒) 60g、锁阳 (蒸制) 90g,以上十四味，粉碎成细粉，过筛，混匀，用水泛丸，干燥，即得
杜仲平压片,片剂,降血压，强筋健骨。适用于高血压，头晕目眩，腰膝酸痛，筋骨痿软等症,杜仲叶（按制成 1000 片，每片含杜仲叶干浸膏 300mg 计，总量 300g）,取杜仲叶，加水煎煮三次，第一次 1 小时，第二、第三次各 45 分钟，滤过，合并滤液，减压浓缩至相对密度为 1.15~1.20，加 5 倍量乙醇搅拌，静置过夜，滤过，滤液浓缩至适量，喷雾干燥，加辅料适量，混匀，压制成片，包糖衣，即得
芙蓉抗流感片,片剂,清肺凉血，散热解毒。用于流行性感冒,木芙蓉叶 5000g,取木芙蓉叶 5000g，加水煎煮二次，每次 1 小时，合并煎液，静置 12 小时，取上清液浓缩至 2500g，加乙醇 4280ml，搅拌，静置，滤过，滤液回收乙醇，并减压浓缩成稠膏状，加辅料适量，制成颗粒，压制成 1000 片，包糖衣，即得
芩暴红止咳片,片剂,清热化痰，止咳平喘。用于急性支气管炎及慢性支气管炎急性发作,满山红 1050g、暴马子皮 1050g、黄芩 500g,以上三味，黄芩切片，加水煎煮三次，第一次 2 小时，第二、三次各 1 小时，合并煎液，滤过，滤液浓缩至原药材三倍量，加稀盐酸，调 pH 值至 1.0~2.0，80℃保温 1 小时，室温放置 24 小时，滤过，沉淀用乙醇洗至 pH 值至 4.0，继续用水洗至 pH 值 7.0，低温干燥，粉碎，备用。满山红酌予碎断，用水蒸气蒸馏法提取挥发油，蒸馏后的水溶液另器保存；药渣加水煎煮二次，每次 2 小时，合并煎液，滤过，滤液备用。暴马子皮酌予碎断，加水煎煮三次，第一次 2 小时，第二、三次各 1 小时，合并煎液，滤过，滤液与上述满山红药液合并，浓缩成相对密度为 1.30~1.32 (80℃) 的稠膏，低温减压干燥，粉碎，加入上述黄芩提取物和辅料适量，制成颗粒，干燥；满山红挥发油加适量碳酸钙混匀，与上述颗粒混匀，压制成 1000 片，包糖衣，即得
杞菊地黄口服液,口服液,滋肾养肝。用于肝肾阴虚，眩晕耳鸣，羞明畏光，视物昏花,枸杞子 33g、菊花 33g、熟地黄 130g、山茱萸 (制) 65g、牡丹皮 50g、山药 65g、茯苓 50g、泽泻 50g,以上八味，菊花、牡丹皮用水蒸气蒸馏，收集蒸馏液适量，另器保存；药渣加水煎煮 1.5 小时，滤过，药液备用。枸杞子、熟地黄、山茱萸、山药、泽泻加水煎煮二次，第一次 2 小时，第二次 1.5 小时，合并煎液，滤过。滤液与菊花、牡丹皮水煎液合并，浓缩至约 880ml，放冷，加乙醇使含醇量达 70%，搅匀，静置 48 小时，滤过，回收乙醇。茯苓加水煎煮二次，第一次 2 小时，第二次 1.5 小时，合并煎液，滤过，滤液浓缩至适量。将蒸馏液与上述各药液合并，加单糖浆 250ml、防腐剂适量，加水至 1000ml，搅匀，滤过，灌封，即得
苏合丸,丸剂,祛风镇痛，通窍除痰。用于中风痰厥，昏迷不省，小儿受惊吐乳，风痰腹痛吐泻,苏合香 10g、丁香 20g、安息香 20g、乳香 10g、木香 20g、沉香 20g、八角茴香 10g、香附 (酒醋制) 20g、白术 (土炒) 20g、诃子 (去核) 20g、荜茇 20g、朱砂 10g、冰片 10g,以上十三味，除苏合香、安息香外，朱砂水飞或粉碎成极细粉，冰片、乳香研细，其余丁香等八味粉碎成细粉，与冰片、乳香配研，过筛，混匀；苏合香、安息香混溶于炼蜜中，每 100g 粉末加炼蜜 40~60g 制成小蜜丸，包衣；或制成大蜜丸，即得
苏肝合剂,口服液,清热解毒，利湿退黄。用于湿热黄疸，肝经热毒等,雀梅藤根 300g,取雀梅藤根 300g，加水煎煮二次，第一次 3 小时，第二次 2 小时，合并煎液，滤过，滤液浓缩至约 600ml，放冷，加乙醇使含醇量达 50%，静置 24 小时，滤过，滤液回收乙醇至无醇味，冷藏 24 小时，取上清液加蔗糖 500g，煮沸 15 分钟，加苯甲酸钠 3g，加水至 1000ml，搅匀，即得
抗宫炎片,片剂,清湿热，止带下。用于因慢性宫颈炎引起的湿热下注，赤白带下，宫颈糜烂，出血等症,广东紫珠干浸膏 167g、益母草干浸膏 44g、乌药干浸膏 39g,以上三味，粉碎成细粉，加辅料适量，混匀，制成颗粒，干燥，压制成 1000 片，包糖衣，即得
抗病毒栓,栓剂,清热解毒，滋阴除烦。用于时疫感冒，痄腮，温病初起的诸症,石膏 80g、知母 35g、板蓝根 180g、连翘 65g、地黄 45g、石菖蒲 35g、芦根 85g、郁金 35g、广藿香 40g、冰片 0.4g、薄荷脑 0.4g,以上九味，连翘、郁金、石菖蒲、广藿香提取挥发油，蒸馏后的水溶液与其余板蓝根等五味加水煎煮三次，合并煎液，滤过，滤液浓缩至适量，放冷至室温，加乙醇至含醇量达 70%，静置 12 小时，滤过，滤液回收乙醇，加水至约 400ml，放冷，滤过，滤液减压浓缩成膏，低温干燥，粉碎成细粉，加入半合成脂肪酸酯和聚氧乙烯 [40] 单硬脂酸酯中，混匀，加入冰片 0.4g、薄荷脑 0.4g 以及上述挥发油，混匀，倾入栓模内，凉后取出，制成 260 粒，即得
利胆止痛片,片剂,清热利胆，理气止痛。用于肝胆湿热所致的胁痛，黄疸 (如急、慢性肝炎，胆囊炎),柴胡 (炒) 60g、赤芍 60g、枳壳 (炒) 60g、甘草 30g、茵陈 100g、延胡索 (炒) 100g、苍术 60g、川楝子 (炒) 100g、仙鹤草 150g、板蓝根 100g、蒲公英 150g、姜黄 100g,以上十二味，粉碎成粗粉，加水煎煮三次，第一次 2 小时，第二、三次各 1.5 小时，合并煎液，滤过，滤液浓缩成相对密度为 1.08 的清膏，加入辅料适量，制成颗粒，干燥，压制成 1000 片，包糖衣，即得
利肺片,片剂,驱痨补肺，镇咳祛痰。用于肺痨咳嗽，咯痰咯血，气虚哮喘，慢性气管炎,五味子 54g、白及 112g、枇杷叶 42g、牡蛎 46g、百部 88g、甘草 25g、百合 33g、冬虫夏草 4g、蛤蚧（60 万片用量 5 对，按 1000 片计约 0.008g）,以上九味，取白及 24g 及蛤蚧、牡蛎、冬虫夏草、百部、百合共粉碎成细粉；剩余白及加水煎煮三次，第一、二次各 1 小时，第三次 2 小时，滤过，合并滤液，浓缩至相对密度为 1.02 (60℃测) 的清膏；枇杷叶、甘草加水煎煮二次，每次 2 小时，滤过，合并滤液，滤液浓缩至适量；五味子粉碎成粗粉，照流浸膏剂与浸膏剂项下的渗漉法 (附录 IO)，用 70% 乙醇作溶剂，进行渗漉，收集漉液至漉液无色，回收乙醇，加入枇杷叶、甘草浓缩液，继续浓缩至稠膏状，加入白及稠膏，与上述细粉混匀，制粒，干燥，压制成 1000 片，包糖衣，即得
肝友胶囊,胶囊剂,清热利湿，疏肝解郁，活血化瘀，健脾导滞。用于急性、迁延性及慢性病毒性肝炎,丹参 286g、火炭母 286g、虎杖 286g、鸡骨草 286g、茯苓 228g、山楂 286g、郁金 114g、泽泻 228g、神曲茶 114g、鸡爪芋 191g、茵陈 286g、白背叶根 286g、党参 191g、蚕砂 143g、白术 114g,以上十五味，取丹参 28.6g，粉碎成细粉，备用；鸡爪芋加水煎煮二次，第一次 2 小时，第二次 1 小时，滤过，合并滤液，浓缩至稠膏状，干燥，粉碎成细粉；其余火炭母等十三味与剩余的丹参加水煎煮二次，滤过，合并滤液，浓缩至稠膏状，加入丹参粉末混匀，干燥，粉碎成细粉，与鸡爪芋提取物细粉混匀，干燥，分装，制成 1000 粒，即得
沙棘颗粒 (冲剂),颗粒剂,止咳祛痰，消食化滞，活血散瘀。用于咳嗽痰多，消化不良，食积腹痛，跌扑瘀肿，瘀血经闭,沙棘（取新鲜沙棘果 900g，果渣加乙醇提取，按制成 1000g 颗粒计）,取新鲜沙棘果 900g，净杂物后取汁，果汁静置使沉淀，滤过，滤液备用。果渣加适量乙醇提取两次，提取液回收乙醇后与上述滤液合并，减压浓缩成稠膏，加入蔗糖适量，制成颗粒，干燥，制成 1000g，即得
局方至宝丸,丸剂,清热解毒，开窍镇惊。用于温邪入里，逆传心包引起的高烧痉厥，烦躁不安，神昏谵语，小儿急热惊风,水牛角浓缩粉 30g、牛黄 15g、玳瑁粉 30g、琥珀粉 30g、麝香 3g、安息香 45g、朱砂 30g、雄黄 30g、冰片 3g,以上九味，除水牛角浓缩粉、玳瑁粉、琥珀粉外，朱砂、雄黄分别水飞或粉碎成极细粉；其余牛黄、麝香、安息香、冰片分别研成细粉，过筛，混匀，与上述粉末配研，过筛。每 100g 粉末加炼蜜 55~65g 制成大蜜丸，即得
驱风苏合丸,丸剂,驱风通窍，解痉除痰。用于产后风晕，中风昏倒，痰涩惊痫，风寒腹痛吐泻,苏合香 18g、广藿香 90g、甘草 (炙) 90g、天麻 (姜制) 90g、防风 90g、丁香 90g、羌活 90g、乳香 (制) 90g、半夏 (制) 90g、沉香 90g、木香 90g、豆蔻 (炒) 90g、乌药 90g、没药 (炒) 90g、香附 (酒醋制) 90g、肉豆蔻 (煨) 90g、诃子 (去核炒) 90g、砂仁 90g、荜茇 90g、薄荷 90g、猪牙皂 (炒) 54g、白术 (土炒) 90g、冰片 18g、细辛 54g、麝香 4.06g、朱砂 216g、水牛角浓缩粉 1.05g,以上二十八味，除苏合香外，朱砂水飞或粉碎成极细粉；麝香、冰片研细；其余广藿香等二十四味粉碎成细粉，过筛，与朱砂、麝香、冰片配研，过筛，混匀；苏合香混溶于炼蜜中。每 100g 粉末加炼蜜 90~110g 制成大蜜丸，即得
驱风液,口服液,驱风祛湿，舒筋活络。用于四肢酸痛，久积风痛及风湿性关节炎等症,党参 105g、秦艽 105g、木瓜 105g、补骨脂 105g、伸筋藤 105g、何首乌 68g、五加皮 80g、锁阳 53g、鹿茸 1.25g、当归 105g、茯苓 105g、续断 80g、川芎 (制) 53g、熟地黄 53g、桑寄生 20g、甘草 20g、桂枝 105g、白术 (制) 105g、丝瓜络 105g、薏苡仁 105g、桂圆肉 26g、威灵仙 50g、淫羊藿 60g、独活 130g、川牛膝 105g,以上二十五味，取当归、川芎、五加皮、独活、桂枝、鹿茸用 70% 乙醇 2400ml 作溶剂，照酊剂项下的浸渍法 (附录 IN) 浸渍 20 天；其余党参等十九味用 40% 乙醇润透，蒸熟，放冷，加 33~37% 乙醇 8600ml 浸渍 15 天后，与上述浸渍液及药渣合并，再浸渍 15 至 30 天，浸出液加蔗糖 300g 及矫味剂、防腐剂适量，搅匀，加乙醇和水，制成 10000ml，搅匀，静置，滤过，即得
驳骨水,酊剂,活血祛瘀，通筋活络，消肿止痛。用于跌打扭伤，肌肉劳损，骨折，脱臼,白芷 30g、鸭脚艾 40g、两面针 40g、细辛 10g、天南星 30g、过江龙 60g、泽兰 30g、大皂角 30g、穿破石 60g、草乌 30g、石菖蒲 20g、丢了棒 50g、川乌 30g、高良姜 20g、大驳骨 40g、桂枝 50g、徐长卿 20g、小驳骨 40g、半夏 30g、海风藤 60g、乌药 40g、当归 20g、小罗伞 40g、续断 30g、独活 20g、威灵仙 40g、樟脑 2g、木香 20g、毛冬青 60g、冰片 2g、薄荷脑 2g,以上三十一味，除樟脑、冰片、薄荷脑外，白芷、细辛、鸭脚艾、泽兰、天南星、草乌、川乌、桂枝、半夏、当归、大皂角、石菖蒲、独活、徐长卿、高良姜、木香酌予碎断，置容器中加 40% 乙醇 750ml，密闭浸渍七天，取乙醇液蒸馏，收集蒸馏液约 450ml，余下乙醇液滤过备用；其余两面针等十二味与上述药渣加水煎煮二次，每次 3 小时，滤过，滤液与上述余下乙醇液合并，浓缩成 250ml，放冷，加入乙醇 335ml，搅拌，静置 2 天，滤过，滤液与蒸馏液合并，搅拌，静置 7 天，加入薄荷脑、樟脑、冰片，搅拌使溶解，滤过，灌装，即得
驴胶补血颗粒 (冲剂),颗粒剂,滋阴补血，健脾益气，调经养血。用于久病体虚，血亏气虚，妇女血虚、经闭、经少等症,阿胶 216g、黄芪 180g、党参 180g、熟地黄 120g、白术 90g、当归 60g,以上六味，取当归、白术进行蒸馏，收集蒸馏液备用，残渣与黄芪、党参、熟地黄加水煎煮三次，第一次 1.5 小时，第二、三次各 1 小时，合并煎液，滤过，滤液浓缩至相对密度为 1.08~1.10 (75~80℃) 的清膏，冷却后，加乙醇使含醇量为 50~55%，搅匀，冷却，静置，滤过，滤液回收乙醇，浓缩至相对密度为 1.25，备用，阿胶粉碎成细粉，与蔗糖粉 180g 混匀，加入上述浓缩液、蒸馏液，混匀，制成颗粒，干燥，过筛，制成 200g，即得
陆氏润字丸,丸剂,开胸涤痰，润肠去积。用于湿热食积胸满痰滞，腹痛便秘,大黄 (酒制) 400g、陈皮 50g、前胡 50g、山楂 50g、天花粉 50g、白术 (炒) 50g、半夏 (制) 50g、枳实 (炒) 50g、槟榔 50g、六神曲 (炒) 200g,以上十味，粉碎成细粉，过筛，混匀。另取生姜 20g，捣碎，加水适量压榨取汁，与上述粉末泛丸，干燥，即得
青果颗粒 (冲剂),颗粒剂,清热，利咽，生津。用于咽喉肿痛，口渴,青果 4000g（制成青果清膏 100g，按制成 240g 颗粒计）,取青果清膏 100g，加入蔗糖粉适量，制成颗粒，干燥，制成 240g，即得（青果清膏制法：取鲜青果 (去核) 4000g，加水煎煮三次，第一次 3 小时，第二、三次各 2 小时，合并煎液，静置，滤过。另取白矾 50g 加水适量溶解后，加入上述滤液中，浓缩至相对密度为 1.31 (85℃) 的清膏，即得）
青麟丸,丸剂,清热利湿，通利二便。用于湿热郁结，脏腑积滞，目赤牙痛，小便赤热,大黄 1000g、薄荷 25g、黄柏 25g、当归 25g、陈皮 25g、侧柏叶 25g、泽泻 25g、石斛 25g、玄参 25g、韭菜 25g、薏苡仁 25g、粉草 25g、甘蔗 25g、车前子 25g、牡丹皮 25g、连翘 25g、甘草 25g、生地黄 25g、大青盐 25g、木通 25g、地骨皮 50g、猪苓 25g、鲜藕 50g、知母 25g、茯苓 25g,以上二十五味，先将大黄用米泔水浸透，切开，干燥，用黄酒 350g 及水适量拌匀，蒸一日，焖一夜，取出干燥；将韭菜、鲜藕、甘蔗榨汁，拌入大黄内，蒸一日，焖一夜，取出干燥；再将薄荷、连翘、陈皮、大青盐煎汁拌入大黄内，蒸一日，焖一夜，取出干燥；再将石斛、猪苓、粉草、茯苓煎汁拌入大黄内，蒸一日，焖一夜，取出干燥；再将玄参、当归、生地黄煎汁拌入大黄内，蒸一日，焖一夜，取出干燥；再将牡丹皮、地骨皮、薏苡仁、泽泻、车前子煎汁拌入大黄内，蒸一日，焖一夜，取出干燥；再将黄柏、知母、侧柏叶、木通、甘草煎汁拌入大黄内，蒸一日，焖一夜，取出干燥，粉碎成细粉，过筛。每 100g 粉末加炼蜜 5~10g 与适量黄酒和冷开水泛丸，干燥，即得
苦胆草片,片剂,清热燥湿，泻肝胆火。用于湿热黄疸，阴肿阴痒，带下，强中，湿疹瘙痒，目赤，耳聋，胁痛，口苦，惊风抽搐,龙胆 300g（150g 粉碎成细粉，150g 用于煎煮）,取龙胆 300g，将 150g 粉碎成细粉，过筛，备用；其余 150g 加水煎煮二次，每次 3 小时，滤过，滤液浓缩至相对密度为 1.25 (90℃) 的清膏，加入上述细粉及辅料适量，混匀，制粒，压制成 1000 片，包糖衣，即得
枣仁安神颗粒 (冲剂),颗粒剂,补心养肝，安神益智。用于心肝血虚，神经衰弱引起的失眠健忘，头晕，头痛,酸枣仁 (炒) 250g、丹参 50g、五味子 (醋炙) 50g,以上三味，加水煎煮二次，每次 2 小时，合并煎液，滤过，滤液浓缩至相对密度为 1.10~1.20 (20℃) 的清膏。取清膏 1 份，糊精 1 份，混匀，喷雾成颗粒，干燥，即得
固本咳喘片,片剂,益气固表，健脾补肾。用于慢性支气管炎，肺气肿，支气管哮喘，支气管扩张等,党参 151.5g、白术 (麸炒) 151.5g、茯苓 100.5g、麦冬 151.5g、甘草 (蜜炙) 75.0g、五味子 (醋制) 75.0g、补骨脂 (盐水炒) 151.5g,以上七味，取茯苓 34.5g，粉碎成细粉，备用；剩余的茯苓与其余党参等六味加水煎煮三次，第一次 3 小时，第二次 2 小时，第三次 1 小时，滤过，合并滤液，静置沉淀 24 小时，取上清液，滤过，滤液减压浓缩至相对密度约为 1.35 (80℃) 的稠膏，冷却，加入茯苓粉与糊精适量，搅匀，低温干燥，粉碎成细粉，再加淀粉、饴糖适量，制成颗粒，压制成 1000 片，包薄膜衣，即得
固肾定喘丸,丸剂,温肾纳气，健脾利水。用于脾肾虚型及肺肾气虚型的慢性支气管炎，肺气肿，先天性哮喘，老人虚喘,熟地黄 72g、附子 (制) 78g、牡丹皮 52g、牛膝 104g、补骨脂 (盐制) 156g、砂仁 42g、车前子 104g、茯苓 104g、益智 (盐制) 52g、肉桂 52g、山药 104g、泽泻 78g、金樱子 (肉) 52g,以上十三味，除砂仁、肉桂外，其余熟地黄等十一味，粉碎成粗粉，再加入砂仁、肉桂，粉碎成细粉，过筛，以 30% 蜜水泛丸，包衣，打光，干燥，即得
制金柑丸,丸剂,疏肝理气，和胃止痛。用于肝胃气痛，胸胁胀满，不思饮食,金橘 2160g、佛手 240g、砂仁 288g、肉桂 288g、沉香 288g、豆蔻 288g、木香 360g、延胡索 (制) 90g、梅花 150g、香附 (制) 30g、青皮 90g、川楝子 150g、甘草 45g、玫瑰花 111g、小茴香 15g、陈皮 60g、乌药 90g、党参 90g,以上二十五味，将金橘蒸至微热，干燥，与佛手、砂仁、肉桂、沉香、豆蔻、木香、延胡索等七味粉碎成细粉，过筛，混匀；其余梅花等十七味加水煎煮二次，每次 3 小时，合并煎液，静置，滤取上清液，浓缩至相对密度为 1.29 (80~85℃) 的清膏；取上述细粉，每 100g 加入清膏适量及炼蜜 110g，搅匀，制成大蜜丸，即得
和胃片,片剂,疏肝清热，凉血活血，祛瘀生新，和胃止痛。用于消化性溃疡及胃痛腹胀，嗳气泛酸，恶心呕吐等症,蒲公英 1100g、洋金花 13.2g、川芎 180g、瓦楞子 (煅) 550g、郁金 440g、赤芍 550g、丹参 550g、甘草 550g、黄芩 440g,以上九味，除洋金花外，瓦楞子打碎后加水煎煮二次，第一次 3 小时，第二次 2 小时，合并煎液，滤过，滤液静置，取上清液备用。其余蒲公英等七味加水煎煮二次，每次 2 小时，滤过，合并滤液，浓缩后加入乙醇，使含醇量为 60~65%，静置，吸取上清液，沉淀物再用 65% 乙醇搅拌，静置，吸取上清液，合并两次上清液，回收乙醇后备用。洋金花用 85% 乙醇于 70℃浸渍三次，每次 2 小时，合并浸渍液，滤过，回收乙醇后，与上述各提取液合并，浓缩成稠膏，制粒，压制成 1000 片，即得
金花消痤丸,丸剂,清热泻火，解毒消肿。用于肺胃热盛所致的痤疮 (粉刺)，口舌生疮，胃火牙痛，咽喉肿痛，目赤，便秘，尿黄赤等症,栀子 (炒) 160g、金银花 160g、黄芩 (炒) 160g、大黄 (酒炙) 160g、黄连 40g、桔梗 160g、薄荷 160g、黄柏 40g、甘草 80g,以上九味，栀子、大黄、黄连粉碎成粗粉，混匀；其余黄芩等六味加水煎煮二次，每次 1.5 小时，滤过，合并滤液，浓缩至稠膏状，加入栀子等三味的粗粉，拌匀，干燥，再粉碎成细粉，过筛，用 70% 乙醇泛丸，包衣，干燥，即得
金泽冠心片,片剂,降血脂，增加心肌营养性血流量，降低心肌耗氧量。用于冠心病、心绞痛和高血脂症,泽泻 2850g、雪胆 240g,以上二味，分别粉碎成粗粉，照流浸膏剂与浸膏剂项下的渗漉法 (附录 IO)，分别用乙醇浸渍 24 小时后进行渗漉，至渗漉液色淡为止，漉液减压回收乙醇，浓缩成稠膏。泽泻稠膏用热蒸馏水洗涤二次，与雪胆稠膏合并，加 90% 乙醇适量使溶解，加辅料适量，混匀，制成颗粒，干燥，压制成 1000 片，即得
金泽冠心胶囊,胶囊剂,降血脂，增加心肌营养性血流量，降低心肌耗氧量。用于冠心病、心绞痛和高血脂症,泽泻 2850g、雪胆 240g,以上二味，分别粉碎成粗粉，照流浸膏剂与浸膏剂项下的渗漉法 (附录 IO)，分别用 95% 乙醇浸渍 24 小时后进行渗漉，至渗漉液色淡为止，漉液减压回收乙醇，浓缩成稠膏。泽泻稠膏用热蒸馏水洗涤二次，与雪胆稠膏合并，加 90% 乙醇适量使溶解，加辅料适量，混匀，制成颗粒，干燥，装入胶囊，制成 1000 粒，即得
金羚感冒片,片剂,辛凉解表，清热解毒。用于伤风感冒及上呼吸道感染,水牛角浓缩粉 3g、羚羊角 1g、忍冬藤 1200g、野菊花 600g、北豆根 400g、阿司匹林 60g、扑尔敏 1g、维生素 C10g,以上八味，取忍冬藤、野菊花、北豆根加水煎煮二次，每次 2 小时，合并煎液，滤过，滤液浓缩至稠膏状，加淀粉适量，制成颗粒，干燥；再将羚羊角粉碎成细粉，与其余水牛角浓缩粉等四味混匀，加入上述颗粒，混匀，压制成 1000 片，包糖衣，即得
金锁固精丸 (大蜜丸),丸剂,固肾涩精。用于肾虚不固，遗精滑泄，神疲乏力，四肢酸软，腰痛耳鸣,沙苑子 (炒) 60g、芡实 (蒸) 60g、莲须 60g、龙骨 (煅) 30g、牡蛎 (煅) 30g、莲子 120g,以上六味，粉碎成细粉，过筛，混匀。每 100g 粉末加炼蜜 120~125g 制成大蜜丸，即得
金锁固精丸 (浓缩丸),丸剂,固肾涩精。用于肾虚不固，遗精滑泄，神疲乏力，四肢酸软，腰痛耳鸣,沙苑子 (炒) 60g、芡实 (蒸) 60g、莲须 60g、龙骨 (煅) 30g、牡蛎 (煅) 30g、莲子 120g,以上六味，将芡实、龙骨、牡蛎、莲子粉碎成细粉；将沙苑子、莲须粉碎成粗粉，加水煎煮二次，第一次 3 小时，第二次 2 小时，煎液滤过，合并滤液，减压浓缩成相对密度为 1.30~1.35 (20℃) 的清膏，加入上述细粉，混匀，制丸，80℃以下烘干，以活性炭包衣，即得
法制半夏曲,茶剂,温肺止咳，降逆止呕。用于痰多气喘，因寒清、热稠引起的恶心呕吐,法半夏 800g、川贝母 25g、化橘红 15g、沉香 7.52g、肉桂 15g、山柰 15g、甘草 15g、蒜粉 1200g,以上七味，化橘红、甘草加水煎煮二次，每次 1 小时，合并煎液，滤过，滤液浓缩至适量，加入冰糖 240g 使溶解；其余法半夏等五味粉碎成细粉，加入浓缩液，并加入藕粉 1200g，混匀，制成坨，切成小方块，低温干燥，即得
治糜灵栓,栓剂,清热燥湿，解毒消炎，祛腐生肌。用于子宫糜烂，感染性阴道炎，滴虫性阴道炎等,黄柏 25g、苦参 25g、儿茶 25g、枯矾 20g、冰片 5g,以上五味，儿茶、枯矾粉碎成粉，冰片研细，黄柏、苦参加水煎煮三次，第一次 2 小时，第二、三次各 1 小时，合并煎液，滤过，滤液浓缩至适量，加乙醇使溶液中含乙醇量为 75%，静置使沉淀，取上清液回收乙醇，浓缩至稠膏状，与上述枯矾等细粉混匀，加入用聚氧乙烯单硬脂酸酯及甘油制成的基质中，混匀，浇模，冷却，脱模，制成 50 粒，即得
参茸三七补血片,片剂,滋阴补肾，添精补血，强身健脾。用于身体虚弱，心脏衰弱，头晕耳鸣，心悸失眠，阴虚盗汗，月经不调,人参 11g、鹿茸 4.3g、鹿角胶 17.2g、龟甲胶 20g、三七 (蒸) 49.8g、黄芪 (炙) 73.9g、党参 73.9g、熟地黄 73.9g、枸杞子 30g、五味子 73.9g、当归 73.9g、茯苓 49.8g、白术 49.8g、山药 30g、白芍 (酒炙) 49.8g、肉桂 30g、砂仁 49.8g、香附 (醋盐炙) 49.8g、远志 (炙) 39.8g、大枣 99.8g、陈皮 30g、甘草 (炙) 39.6g,以上二十二味，人参、鹿茸、三七、鹿角胶、砂仁、陈皮、肉桂、白芍、香附、白术、甘草、茯苓、山药粉碎成细粉，其余黄芪等九味加水煎煮三次，合并煎液，滤过，滤液浓缩成稠膏，加入上述细粉，制成颗粒，干燥，压制成 1000 片，包糖衣，即得
参茸安神丸,丸剂,养心安神。用于身体虚弱，神志不宁，心烦不安，心悸失眠，健忘,红参 100g、丹参 100g、玉竹 200g、柏子仁 60g、山药 120g、玄参 60g、芡实 (炒) 100g、酸枣仁 (炒) 80g、肉苁蓉 (制) 100g、远志 (制) 30g、五味子 160g、白术 (炒) 60g、菟丝子 (炒) 160g、石菖蒲 60g、地黄 120g、桔梗 100g、鹿茸 20g、琥珀 20g,以上十八味，粉碎成细粉，过筛，混匀，每 100g 粉末加炼蜜 90~110g 制成大蜜丸，即得
参茸固本还少丸,丸剂,补肾助阳，益气固体，填精止遗，强筋健骨。用于肾阴不足、命门火衰所致的畏寒肢冷，面色㿠白，腰膝酸软，精神不振，阳痿早泄，遗精滑精，性欲减退，女子宫寒不孕，带下清稀，或尿增多，以及耳鸣耳聋，虚喘，浮肿，五更泄泻等,人参 (去芦) 10g、肉桂 10g、仙茅 14g、巴戟天 (制) 20g、海马 (酥油制) 14g、阴起石 10g、白术 (炒焦) 20g、甘草 (蜜制) 10g、龟甲 (醋制) 10g、何首乌 (制) 30g、麦冬 10g、五味子 (酒制) 15g、川芎 (酒炒) 25g、莲子 (去心) 20g、菊花 20g、陈皮 10g、六神曲 (炒) 20g、花椒 (炒) 10g、鱼鳔 (制) 20g、半夏 10g、地龙 20g、螃蟹 (酥油制) 20g、鹿茸 (酒制) 10g、菟丝子 30g、淫羊藿 (酥油制) 20g、补骨脂 (盐炒) 15g、牛膝 36g、黄芪 (蜜制) 20g、山药 (炒) 30g、山茱萸 14g、天冬 10g、当归 (酒炒) 30g、朱砂 5g、远志 (炒) 10g、砂仁 25g、木瓜 (酒炒) 25g、山楂 30g、母丁香 10g、黑豆 (炒) 50g、浙贝母 20g、土鳖虫 (酥油制) 20g、硼砂 8g、熟地黄 10g、龟甲胶 10g、附子 (制) 30g、杜仲 15g、肉苁蓉 20g、川牛膝 (酒炒) 14g、阳起石 10g、党参 20g、茯苓 30g、地黄 20g、阿胶 40g、枸杞子 30g、墨旱莲 10g、白芍 (炒) 14g、柏子仁 10g、龙骨 (煅) 20g、木香 10g、麦芽 (炒) 20g、小茴香 (盐炒) 25g、鹿筋 (酥油制) 40g、白芥子 (炒) 10g、蒺藜 (盐炒) 40g、黄芩 20g,以上六十五味，朱砂水飞或粉碎成极细粉，其余人参等六十四味粉碎成细粉，过筛，与朱砂配研，混匀。每 100g 粉末加炼蜜 110~120g 制成大蜜丸，即得
柏子滋心丸 (浓缩丸),丸剂,滋阴养心，安神益智。用于心血亏损，神志不宁，精神恍惚，夜多怪梦，怔忡惊悸，健忘遗泄,柏子仁 120g、玄参 60g、熟地黄 60g、枸杞子 90g、甘草 (炙) 15g、当归 30g、石菖蒲 30g、麦冬 30g、茯苓 30g,以上九味，取柏子仁、枸杞子 60g、玄参、熟地黄、石菖蒲粉碎成粗粉，加水煎煮二次，第一次 3 小时，第二次 2 小时，合并煎液，滤过，滤液浓缩成稠膏，剩余枸杞子及其余甘草等四味粉碎成细粉。将上述膏粉混匀，制成浓缩丸，干燥，打光，即得
荆菊感冒片,片剂,疏风清热，发表解肌。用于伤风感冒，身热恶寒，头痛鼻塞,荆芥 99g、菊花 66g、桔梗 50g、甘草 33g、淡豆豉 (炒) 99g、牛蒡子 (炒) 99g、桑叶 99g、淡竹叶 66g、薄荷 66g、钩藤 99g、金银花 99g、薄荷油 0.18ml、连翘 99g,以上十三味，荆芥、薄荷、甘草、桔梗粉碎成细粉，过筛，与适量辅料混匀；金银花、牛蒡子、淡豆豉、连翘、淡竹叶、桑叶、菊花加水煎煮 2 小时，滤过，药渣中加入钩藤，再加水煎煮 1.5 小时，滤过，合并滤液，浓缩成相对密度为 1.25 (80℃) 的稠膏，加入上述粉末，混匀，制成颗粒，60℃干燥，喷加薄荷油，混匀，压制成 1000 片，包糖衣，即得
胃乐新颗粒 (冲剂),颗粒剂,用于慢性萎缩性胃炎，消化性胃及十二指肠球部溃疡，结肠炎以及消化不良、便潜血,猴头菌浸膏 150g（加淀粉 150g 及适量蔗糖粉，制成 1000g 颗粒）,取猴头菌浸膏 150g，加淀粉 150g 及适量蔗糖粉，混匀，制成颗粒，干燥，制成 1000g，即得（猴头菌浸膏制法：取小刺猴头纯菌株，经深层培养，压滤，将菌丝体再用热水浸取，浸取液与发酵液合并，浓缩，测定多糖含量，掺入适量淀粉，80℃以下干燥使成干浸膏，即得）
胃得安片,片剂,和胃止痛，健脾消食。用于慢性胃炎、胃溃疡、十二指肠溃疡等,白术 55g、苍术 15g、神曲 30g、泽泻 30g、川芎 15g、海螵蛸 15g、草豆蔻 10g、莱菔子 10g、陈皮 (制) 25g、瓜蒌 15g、槟榔 15g、甘草 15g、马兰草 20g、绿衣枳实 25g、麦芽 40g、姜半夏 30g、茯苓 35g、黄柏 15g、山姜子 10g、黄芩 10g、干姜 10g、香附 (制) 15g、厚朴 10g、木香 10g、素河车 20g,以上二十五味，除神曲、马兰草外，其余白术等二十三味粉碎成细粉，剩余的粗粉与神曲、马兰草加水煎煮二次，第一次 2 小时，第二次 1 小时，合并煎液，滤过，滤液浓缩至适量，与上述细粉混匀，加入辅料适量，制成颗粒，压制成 1000 片，即得
咳喘顺丸,丸剂,健脾燥湿，宣肺平喘，化痰止咳。用于慢性支气管炎、支气管哮喘、肺气肿所致的气喘胸闷、咳嗽痰多等症,紫苏子 120g、瓜蒌仁 180g、茯苓 150g、鱼腥草 300g、苦杏仁 90g、半夏 (制) 100g、款冬花 120g、桑白皮 150g、前胡 120g、紫菀 120g、陈皮 50g、甘草 100g,以上十二味，紫苏子、前胡、半夏、茯苓、陈皮、苦杏仁、款冬花粉碎成粗粉，其余瓜蒌仁等五味加水煎煮二次，滤过，合并滤液，浓缩成稠膏。加入上述粗粉，干燥，粉碎成细粉，混匀，每 100g 粉末加炼蜜 30~40g 与水适量，泛丸，干燥，用活性炭包衣，干燥，即得
骨刺丸,丸剂,祛风止痛。用于骨质增生，风湿性关节炎，风湿痛,制川乌 500g、制草乌 500g、天南星 (制) 500g、秦艽 500g、白芷 500g、当归 500g、甘草 500g、薏苡仁 (炒) 500g、穿山龙 1000g、绵萆薢 1000g、红花 1000g、徐长卿 1500g,以上十二味，粉碎成细粉，过筛，混匀，每 100g 粉末加炼蜜 100~120g 制成大蜜丸，即得
骨刺平片,片剂,补精壮髓，壮筋健骨，通络止痛。用于骨质增生（包括肥大性腰椎炎，胸椎炎，颈椎综合症，四肢骨节增生）,骨刺平干浸膏 190g（制成 1000 片）,取骨刺平干浸膏 190g，加入辅料适量，混匀，制成颗粒，干燥，压制成 1000 片，包糖衣，即得（骨刺平干浸膏制法：取黄精 200g、独活 100g、威灵仙 100g、鸡血藤 300g、骨碎补 300g、熟地黄 300g、两面针 100g、川乌 (制) 100g、锁阳 100g、狗脊 200g、枸杞子 100g、莱菔子 100g，加水煎煮两次，合并煎液，滤过，滤液浓缩至适量，喷雾干燥，制成干浸膏，即得）
复方川贝止咳糖浆,糖浆剂,镇咳祛痰，润肺定喘。用于伤风咳嗽，痰多，气喘,川贝母 7g、枇杷叶 38g、桔梗 13g、麻黄 3g、百合 19g、百部 19g、陈皮 3g、桑白皮 3g、化橘红 13g、薄荷 3g、五指毛桃 49g、重楼 19g、苦杏仁 13g、麦冬 19g、甘草 19g、薄荷脑 0.1g、紫苏子 6g、天花粉 6g,以上十八味，除薄荷脑外，川贝母、百合、化橘红分别照流浸膏剂与浸膏剂项下的渗漉法 (附录 IO) 用 70% 乙醇作溶剂进行渗漉，收集漉液，回收乙醇，浓缩至适量；苦杏仁、薄荷分别蒸馏，收集蒸馏液适量；药渣、母液与其余枇杷叶等十二味加水煎煮二次，每次 2 小时，合并煎液，滤过，滤液浓缩至适量，与上述浓缩液、蒸馏液混合，备用。另取蔗糖 420g 制成单糖浆，加入上述溶液及防腐剂适量，混匀，静置，滤过，加入薄荷脑、矫味剂及焦糖溶液适量，搅匀，加水至 1000ml，滤过，即得
复方五味子酊,酊剂,养阴，补血，安神。用于过度疲劳，神经衰弱，健忘，失眠等症,五味子 63g、党参 23.4g、枸杞子 15.6g、麦冬 15.6g,以上四味，粉碎成粗粉，照流浸膏剂与浸膏剂项下的渗漉法 (附录 IO)，用 56% 乙醇作溶剂，浸渍 48 小时，以每分钟 3~5ml 的速度渗漉，收集渗漉液 900ml，用氨试液调 pH 值至 5.0~7.0，静置，澄清，滤过，滤液加 56% 乙醇至 1000ml，混匀，即得
复方龙胆酊,酊剂,苦味健胃药,龙胆 100g、草豆蔻 10g、橙皮 40g,以上三味粉碎成粗粉，照酊剂项下的渗漉法 (附录 IN)，用 60% 乙醇作溶剂，浸渍 24 小时，以每分钟 3~5ml 的速度渗漉，收集渗漉液 1000ml，澄清，滤过，即得
复方岗稔片,片剂,清利湿热，活血通络。用于急性黄疸型肝炎及慢性肝炎有湿热症者,桃金娘根提取物 153g、虎杖提取物 16g,取以上二种提取物混合，粉碎，过筛，加辅料适量，制成颗粒，压制成 1000 片，包糖衣，即得（桃金娘根提取物制法：取桃金娘根，加水煎煮二次，每次 4 小时，合并煎液，滤过，滤液浓缩至适量，放至 40~50℃，加入 2% 明胶溶液，搅拌，滤过，滤液浓缩成稠膏状，干燥，即得；虎杖提取物制法：取虎杖，粉碎成粗粉，照流浸膏剂与浸膏剂项下的渗漉法 (附录 IO)，用乙醇作溶剂，浸渍 24 小时后进行渗漉，收集漉液，蒸除部分乙醇，静置，滤过，滤液加 85% 乙醇和活性炭适量，加热回流，趁热滤过，放冷，析出虎杖总醌，滤过，干燥，即得）
复方肝炎颗粒 (冲剂),颗粒剂,清肝利湿。用于急性黄疸型、无黄疸型、迁延型肝炎及胆囊炎等,柴胡 126g、田基黄 126g、茵陈 188g、蒲公英 126g、甘草 126g、金钱草 188g,以上六味，加水煎煮二次，每次 2 小时，合并煎液，静置，滤过，滤液浓缩成稠膏状，加入糖粉及糊精适量，混匀，制成颗粒，干燥，即得
复方春砂颗粒 (冲剂),颗粒剂,行气温中，健脾开胃，止痛消胀。用于脾胃虚寒引起的胃痛和消化不良,砂仁叶油 10ml、化橘红 300g、白术 300g、枳壳 200g,以上四味，取化橘红、白术、枳壳三味，加水煎煮二次，第一次 3 小时，第二次 2 小时，合并煎液，滤过，滤液浓缩至相对密度约为 1.29，加入砂仁叶油与蔗糖适量，混匀，制成颗粒，干燥，制成 1000g，即得
复方蛇胆川贝散,散剂,镇咳祛痰。用于风热咳嗽，久咳痰多,蛇胆汁 10g、川贝母 120g、马兜铃 20g、姜半夏 310g、重楼 70g、甘草 10g,以上六味，除蛇胆汁外，川贝母、半夏、重楼粉碎成细粉，过筛。马兜铃、甘草加水煎煮二次，每次 1.5 小时，合并煎液，滤过，滤液浓缩成稠膏，加入上述粉末及蛇胆汁，混匀，干燥，研成细粉，过筛，混匀，即得
复方羚角降压片,片剂,降低血压，预防中风。用于高血压，充血性头晕胀痛,羚羊角 8.6g、夏枯草 582g、黄芩 186g、槲寄生 582g,以上四味，羚羊角、黄芩粉碎成细粉；夏枯草、槲寄生加水煎煮二次，每次 2 小时，合并煎液，静置，滤过，滤液浓缩成稠膏状，加入黄芩细粉，搅匀，干燥，研细，过筛，加入羚羊角细粉和辅料适量，混匀，制成颗粒，干燥，压制成 1000 片，即得
香砂和胃丸,丸剂,健脾开胃，行气化滞。用于脾胃虚弱，消化不良引起的食欲不振、脘腹胀痛，吞酸嘈杂，大便不调,木香 60g、砂仁 120g、陈皮 480g、厚朴 (姜炙) 240g、香附 (醋炙) 240g、枳壳 (麸炒) 240g、广藿香 240g、山楂 240g、六神曲 (麸炒) 240g、麦芽 (炒) 240g、莱菔子 (炒) 120g、苍术 240g、白术 (麸炒) 360g、茯苓 240g、半夏曲 (麸炒) 120g、甘草 60g、党参 120g,以上十七味，粉碎成细粉，过筛，混匀，用水泛丸，干燥，即得
香砂养胃丸 (浓缩丸),丸剂,温中和胃。用于不思饮食，呕吐酸水，胃脘满闷，四肢倦怠,木香 70g、砂仁 70g、白术 100g、陈皮 100g、茯苓 100g、半夏 (制) 100g、香附 (醋制) 70g、枳实 (炒) 70g、豆蔻 (去壳) 70g、厚朴 (姜制) 70g、广藿香 70g、甘草 30g、生姜 30g、大枣 50g,以上十四味，木香 56g、陈皮、香附、枳实、厚朴、广藿香、生姜提取挥发油，药渣与白术、茯苓、半夏 20g、甘草、大枣加水煎煮二次，每次 2 小时，合并煎液，滤过，滤液浓缩成相对密度为 1.35~1.40 的稠膏，将剩余半夏、木香及砂仁、豆蔻粉碎成细粉，与上述稠膏、挥发油及适量饴糖混匀，制丸，烘干，打光，即得
香砂养胃颗粒 (冲剂),颗粒剂,温中和胃。用于不思饮食，呕吐酸水，胃脘满闷，四肢倦怠,木香 70g、砂仁 70g、白术 100g、陈皮 100g、茯苓 100g、半夏 (制) 100g、香附 (醋制) 70g、枳实 (炒) 70g、豆蔻 (去壳) 70g、厚朴 (姜制) 70g、广藿香 70g、甘草 30g、生姜 30g、大枣 50g,以上十四味，半夏和生姜 30g 照流浸膏剂与浸膏剂项下的渗漉法 (附录 IO)，用药材 6 倍量的 70% 乙醇作溶剂，浸渍 24 小时后，以每分钟 1~3ml 的速度缓缓渗漉，漉液备用。木香、砂仁、白术、陈皮、枳实、豆蔻、厚朴、广藿香用蒸馏法提取挥发油，蒸馏后的水溶液另器收集；药渣与其余茯苓等三味及大枣 50g，加水煎煮二次，每次 1.5 小时，合并煎液，滤过，滤液与上述水溶液合并，浓缩至约 870ml，放冷，加等量乙醇，静置，倾取上清液，滤过，滤液与上述漉液合并，回收乙醇，浓缩至相对密度为 1.33~1.36 (50~55℃) 的清膏，取清膏 1 份、蔗糖粉 1.5 份、糊精 2 份、乙醇适量，制成颗粒，干燥，加入上述挥发油，混匀，即得
保心宁胶囊,胶囊剂,活血化瘀，行气止痛。用于心绞痛，心律失常，改善冠心病症状等,丹参浸膏 167g、当归浸膏 83g、枳壳浸膏 83g、三七 62.5g、生姜 625g（生姜用于煎煮）,以上五味，三七粉碎成细粉，过筛；生姜 625g 加水煎煮二次，每次 2 小时，合并煎液，滤过，滤液浓缩至适量，加入其余丹参浸膏等三味及三七细粉，混匀，干燥，过筛，装胶囊，制成 1000 粒，即得（丹参浸膏制法：取丹参 1384g，粉碎成粗粉，照流浸膏剂与浸膏剂项下的渗漉法 (附录 IO)，用乙醇作溶剂，缓缓渗漉，有效成分完全溶出，收集漉液，回收乙醇；药渣加水煎煮 2 小时，滤过，滤液与上述回收乙醇后的渗漉液合并，浓缩成稠膏状，干燥，制成 167g，即得；当归浸膏制法：取当归 288g，用 75% 乙醇回流提取 2 次，每次 6 小时，合并提取液，滤过，滤液减压浓缩成稠膏状，在 75℃以下干燥，制成 83g，即得；枳壳浸膏制法：取枳壳 501g，粉碎成粗粉，照流浸膏剂与浸膏剂项下的渗漉法 (附录 IO)，用乙醇作溶剂，缓缓渗漉，有效成分完全流出，收集渗漉液，减压浓缩成稠膏状，在 75℃以下干燥，制成 83g，即得）
保和口服液,口服液,消食导滞，和胃。用于食积停滞，脘腹胀满，嗳腐吐酸，不欲饮食,山楂 (焦) 188g、六神曲 (炒) 63g、半夏 (制) 63g、茯苓 63g、陈皮 31g、连翘 31g、莱菔子 (炒) 31g、麦芽 (炒) 31g,以上八味，陈皮加水蒸馏，收集馏液，备用，药渣与其余山楂等七味加水煎煮二次，每次 2 小时，滤过，合并滤液，滤液浓缩至适量，加乙醇使含醇量达 60%，静置，取上清液回收乙醇，加水适量，搅匀，静置，取上清液滤过，滤液加入蔗糖 300g、蜂蜜 200g、枸橼酸 15g 及防腐剂适量，煮沸使溶解，滤过，冷却，加入陈皮蒸馏液、橙皮酊 20ml，再加水至 1000ml，搅匀，即得
追风透骨片,片剂,通经络，祛风湿，镇痛祛寒。用于风寒湿痹，四肢痹痛，神经麻痹，手足麻木,制川乌 48.1g、香附 (制) 48.1g、川芎 48.1g、麻黄 48.1g、制草乌 48.1g、秦艽 24g、当归 24g、赤小豆 48.1g、羌活 48.1g、赤芍 48.1g、细辛 48.1g、制天南星 48.1g、白芷 48.1g、甘草 48.1g、白术 (炒) 24g、没药 (制) 9.6g、乳香 (制) 24g、地龙 48.1g、茯苓 96.2g、桂枝 24g、天麻 24g、甘松 24g、防风 24g、朱砂 38.5g,以上二十四味，朱砂水飞或粉碎成极细粉；细辛提取挥发油，蒸馏后的水溶液另器收集，其余川芎等二十二味加水煎煮二次，第一次 2 小时，第二次 1 小时，合并煎液及细辛蒸馏后的水溶液，静置 2 小时，滤过，滤液减压浓缩成稠膏，加入淀粉适量，干燥，粉碎成细粉，混匀，制成颗粒，干燥，喷入挥发油，混匀，压制成 1000 片，包糖衣，即得
首乌补肾酒,酒剂,补气养血，补肾益精，补心安神。用于气血不足，肝肾亏损所致的神疲乏力，健忘失眠，脱发白发，眩晕耳鸣，心悸怔忡，多梦易惊，面色萎黄，以及梦遗滑精，夜尿频繁者,何首乌 175g、白芍 15g、当归 25g、龙眼肉 40g、地黄 60g、牛膝 10g、黄芪 10g、枸杞子 30g、金樱子提取液 75ml,以上九味，除金樱子提取液外，其余何首乌等八味加 37 度米酒 5000ml，密闭浸泡 45~60 天，取浸出液，加金樱子提取液，搅匀，每 25 份酒加入 1 份蔗糖，搅匀，静置，滤过，即得（金樱子提取液制法：取金樱子 400g，洗净，加水煎煮二次，合并煎液，滤过，滤液浓缩至适量，静置 24 小时，倾取上清液，加入米酒 80ml，搅匀，静置，取上清液，加水使成 400ml，即得）
养心宁神丸,丸剂,养心益脾，镇静安神。用于神经衰弱，心悸失眠，耳鸣目眩,党参 1440g、酸枣仁 (炒) 281g、茯苓 (炒) 467g、远志 (制) 55g、白术 (炒) 287g、莲子 (炒) 641g、山药 (炒) 641g、丹参 608g、大枣 428g、龙眼肉 641g、石菖蒲 21g、陈皮 45g,以上十二味，粉碎成细粉，过筛，混匀。每 100g 粉末加炼蜜 30~40g 与适量的水，泛丸，干燥，制成水蜜丸；或加炼蜜 85~105g，制成大蜜丸，即得
神农茶颗粒 (冲剂),颗粒剂,消暑清热，生津止渴。用于伤风感冒,忍冬藤 312g、地胆草 312g、金沙藤 313g、岗梅 1563g、布渣叶 313g、水翁花 625g、桑枝 312g、滇竹叶 312g、广金钱草 312g、扭肚藤 312g、狗肝菜 313g、鸭脚木皮 625g,以上十二味，加水煎煮二次，煎液滤过，合并滤液，浓缩至相对密度为 1.1 (50℃)，加乙醇至含醇量为 45%，静置，取上清液浓缩至膏，测定其稠膏含水量，换算成干膏量，按 1 份干膏加 11.5 份蔗糖，制成颗粒，干燥，制成 2000g，即得
桔梗流浸膏,膏剂,镇咳祛痰药,桔梗 1000g、乙醇 (55%) 适量,取桔梗粉碎成粗粉，照流浸膏剂与浸膏剂项下的渗漉法 (附录 IO)，用 55% 的乙醇作溶剂，浸渍 48 小时后，以每分钟 1~3ml 的速度缓缓渗漉，收集初漉液 850ml，另器保存，继续渗漉，可溶性成分完全溶出，收集续漉液，滤过，60℃以下低温蒸发至成稠膏状，加入初漉液，混合后，加 55% 的乙醇使成 1000ml，混匀，静置数天，滤过，即得
速效心痛气雾剂,气雾剂,清热凉血，活血止痛。用于偏热型轻、中度胸痹心痛，痛兼烦热，舌苔色黄,牡丹皮 240g、川芎 401g、冰片 26g,以上三味，牡丹皮、川芎分别粉碎成粗粉；牡丹皮用 90% 乙醇冷浸提取二次，第一次用 90% 乙醇 5300ml，搅拌 6 小时，静置 12 小时，滤过，残渣用 90% 乙醇 2650ml 同法提取一次，合并提取液，回收乙醇至相对密度为 1.10 (60℃) 的清膏，加入乙醇使含醇量为 70%，静置 24 小时，滤过，回收乙醇至无醇味，备用；川芎用 90% 乙醇冷浸提取二次，第一次用 90% 乙醇 8700ml，搅拌 6 小时，静置 12 小时，滤过，残渣用 90% 乙醇 4350ml 同法提取一次，合并提取液，回收乙醇至相对密度为 1.10 (60℃) 的清膏，加入乙醇使含醇量为 70%，静置 24 小时，滤过，回收乙醇至无醇味，备用；将上述两种清膏合并，加入冰片及聚山梨酯 80 3g，混匀，加乙醇适量使溶解，再加入抛射剂（二氟二氯甲烷）至 1000ml，分装，即得
柴胡镇咳片,片剂,镇咳。用于感冒引起的咳嗽，支气管炎,柴胡干浸膏 100g（注：柴胡干浸膏制备取柴胡，加水蒸馏，收集蒸馏液供配制注射剂。放出煎煮液，药渣再加水煎煮 1 小时，合并煎液，滤过，滤液浓缩成稠膏状，加入乙醇使溶液中含乙醇量为 70%，静置 24 小时，滤取沉淀，用乙醇适量洗涤，干燥，即得）,取柴胡干浸膏 100g，粉碎，过筛，加辅料适量，制成颗粒，压制成 1000 片，即得
健身安胎丸,丸剂,健脾补肾，理气安胎。用于妇女妊娠胎动不安，亦可用于虚寒性胃痛，腰腿痛,香附（四制）476g、白术 120g、陈皮（蒸）120g、当归（酒制）298g、枳壳 90g、党参 298g、荆芥 90g、白芍（酒制）238g、厚朴（姜制）90g、菟丝子（盐制）238g、黄芪（蜜制）180g、羌活 60g、艾叶（四制）150g、甘草 120g、川贝母 60g、川芎（制）180g、砂仁 60g,以上十七味，粉碎成细粉，过筛，混匀。每 100g 粉末加炼蜜 100~110g 制成大蜜丸，即得
健脑补肾口服液,口服液,健脑补肾，益气健脾，安神定志。用于健忘失眠，头晕目眩，耳鸣心悸，腰膝酸软，肾亏遗精，神经衰弱和性功能障碍等病症,人参 110g、肉桂 111g、金樱子 45g、金银花 96g、山药 176g、砂仁 154g、杜仲 155g、桂枝 129g、豆蔻 128g、狗肾 52g、牛蒡子（炒）66g、川牛膝 133g、蝉蜕 88g、酸枣仁（炒）155g、龙骨（煅）129g、白术（麸炒）155g、白芍 129g,以上二十五味，人参、鹿茸、狗肾、肉桂、砂仁，用 40% 乙醇回流提取二次，第一次 3 小时，第二次 2 小时，合并提取液，滤过；其余金牛草等二十味加水煎煮二次，第一次 2 小时，第二次 1.5 小时，合并煎液，滤过，滤液浓缩至相对密度为 1.20，与人参等提取液合并，加乙醇使含醇量为 70%，静置，取上清液，回收乙醇，加水至 7000ml，搅匀，静置，取上清液滤过，另取蔗糖适量，制成糖浆，与上述药液合并，加入防腐剂适量，调整总量至 10000ml，搅匀，静置，滤过，灌装，即得
脑立清胶囊,胶囊剂,平肝潜阳，醒脑安神。用于肝阳上亢引起的头晕目眩，耳鸣口苦，心烦难寐及高血压等症,磁石 42.4g、熟酒曲 42.4g、冰片 10.8g、牛膝 42.4g、珍珠母 20.8g、酒曲 42.4g、薄荷脑 10.8g、赭石 73.3g、半夏（制）42.4g、猪胆汁 74g,以上十味，除薄荷脑、冰片外，取磁石、赭石分别水飞或粉碎成极细粉；另取新鲜猪胆汁与熟酒曲拌匀，低温干燥，与半夏等四味粉碎成细粉。将冰片和薄荷脑共熔（可加少量无水乙醇使溶解），与上述粉末混匀，过筛，装入胶囊，制成 1000 粒，即得
益寿大补酒,酒剂,益气养血，滋补肝肾，健脾开胃，益智宁心，强筋健骨，益寿强身。适用于体虚气弱，食欲不振，腰膝酸软，筋骨疼痛，神疲乏力，头晕目眩，失眠健忘，年老体弱，病后失调等症,党参 40g、茯苓 40g、白芍 48g、续断 48g、当归 25g、三七 3.2g、杜仲叶 36g、首乌（制）40g、红花 4g、黄芪 100g、牛膝（炒）48g、山药（炒）25g、牡丹皮（炒）13g、泽泻（炒）16g、白术（炒）16g、熟地黄 264g、人参 8g,以上十七味，用白酒 10000g 分二次浸渍，每次七天；加压滤取上清液，合并滤液；另取蔗糖 1500g，用适量热水溶解，加入 0.2% 糖用活性炭脱色，滤过，滤液加入药酒内，搅匀，室温下密封贮存三个月以上，滤过，灌装，即得
益肾乌发口服液,口服液,补肝肾，乌须发。用于肝肾两虚引起的须发脱落、早白,何首乌（黑豆酒炙）250g、当归 62.5g、补骨脂（黑芝麻炒）31.3g、枸杞子 62.5g、沙苑子 62.5g、茯苓 62.5g、牛膝 62.5g,以上七味，加水煎煮二次，第一次 3 小时，第二次 1 小时，滤过，合并滤液，静置 24 小时，取上清液，减压浓缩成相对密度约为 1.10（50℃）的清膏，加入炼蜜 250g、糖浆 150g（取蔗糖 10g，加水煮沸使溶解，滤过，即得），苯甲酸钠 3g 及加热煮沸，放冷，调整总量至 1000ml，搅匀，冷藏 24 小时，取上清液，灌封，灭菌，即得
润肠丸（浓缩丸）,丸剂,润肠通便。用于实热便秘,桃仁 200g、羌活 100g、大黄 100g、当归 100g、火麻仁 200g,以上五味，取大黄 50g 粉碎成粗粉，另取羌活、桃仁、火麻仁粉碎成粗粉，照流浸膏剂与浸膏剂项下的渗漉法（附录 I O），大黄用 60% 乙醇作溶剂，羌活等三味用 70% 乙醇作溶剂，进行渗漉，合并二种漉液，浓缩成稠膏。取当归及剩余的大黄粉碎成细粉，与上述稠膏混匀，制成浓缩丸，烘干，打光，即得
消栓口服液,口服液,补气，活血，通络。用于中风引起的半身不遂，口眼歪斜，语言謇涩，口角流涎，下肢痿废，小便频数,黄芪 600g、当归 60g、赤芍 60g、地龙 30g、川芎 30g、桃仁 30g、红花 30g,以上七味，加水煎煮三次，第一次 1.5 小时，第二、三次分别为 1 小时，合并煎液，滤过，滤液减压浓缩至相对密度 1.18~1.22（50℃），加乙醇使含醇量为 75%，静置，取上清液，回收乙醇，浓缩药液至 120ml，加蔗糖 54g，加热溶解，放冷，滤过，加苯甲酸钠 0.9g，加水稀释至 300ml，混匀，灌封，灭菌，即得
消食顺气片,片剂,消食健胃。用于消化不良，气胀饱闷，食积引起的腹胀腹痛,蜘蛛香 425g、草果（去壳）10g、鸡内金 15g、糯米 50g,以上四味分别炒焦；鸡内金、糯米粉碎成细粉；蜘蛛香、草果粉碎成粗粉，用 70% 乙醇回流提取二次，每次 2 小时，合并提取液，滤过，滤液浓缩至稠膏状，与上述细粉混匀，制成颗粒，干燥，压制成 1000 片，包糖衣，即得
消食健胃片,片剂,开胃消食，消积。用于食欲不振，消化不良，脘腹胀满,山楂 1000g、六神曲（麸炒）150g、麦芽（炒）150g、槟榔 120g,以上四味，粉碎成细粉，过筛，混匀，用 70% 糖浆制成颗粒，干燥，压制成 3550 片，即得
资生丸（浓缩丸）,丸剂,健脾开胃，消食止泻。用于脾虚不适，胃虚不纳，神倦力乏，腹满泄泻,党参（炒）600g、茯苓 300g、甘草（制）100g、六神曲 300g、山药 400g、陈皮 300g、芡实 400g、豆蔻 70g、麦芽（焦）200g、莲子 300g、广藿香 100g、黄连 60g、白术（炒）600g、山楂（炭）200g、薏苡仁 400g、白扁豆（炒）400g、泽泻 100g、桔梗 70g,以上十八味，山药、白扁豆、芡实、莲子、六神曲、麦芽、薏苡仁、豆蔻及甘草 50g 粉碎成细粉，剩余甘草加水煎煮二次，滤过，合并滤液，浓缩成相对密度大于 1.30 的膏；其余党参等九味粉碎成粗粉，照流浸膏剂与浸膏剂项下的渗漉法（附录 I O），白术、广藿香、陈皮及党参以 70% 乙醇为溶剂，黄连、茯苓、山楂、泽泻及桔梗以 45% 乙醇为溶剂，进行渗漉。分别收集漉液，减压浓缩成相对密度为 1.30~1.35（20℃）的稠膏。将上述各膏、粉合并，混匀，加炼蜜适量，制丸，烘干，打光，即得
调胃消滞丸,丸剂,健胃消食，解表化湿。用于感冒风寒，发热头痛，消化不良，腹痛泄泻,厚朴（姜汁制）50g、羌活 50g、神曲 50g、枳壳 25g、香附（四制）5g、半夏（制）50g、防风 50g、前胡 50g、川芎（酒蒸）5g、白芷 50g、薄荷 50g、砂仁 50g、草果 25g、木香 5g、豆蔻 50g、茯苓 50g、苍术（泡）50g、广藿香 5g、乌药（醋制）50g、甘草 25g、紫苏叶 50g、陈皮（蒸）50g,以上二十二味，粉碎成细粉，过筛，用水泛丸，用四氧化三铁包衣，打光，干燥，即得
桑菊银翘散,散剂,辛凉透表，宣肺止咳，清热解毒。用于外感风热，憎寒壮热，头痛咳嗽，咽喉肿痛,桑叶 60g、菊花 60g、金银花 60g、连翘 60g、川贝母 60g、桔梗 30g、薄荷 40g、淡竹叶 40g、荆芥 40g、牛蒡子 40g、苦杏仁 40g、芦根 60g、蝉蜕 60g、僵蚕 30g、滑石 60g、绿豆 60g、淡豆豉 20g、甘草 40g,以上十八味，粉碎成细粉，过筛，混匀，即得
逍遥丸（浓缩丸）,丸剂,疏肝健脾，养血调经。用于肝气不舒，胸胁胀痛，头晕目眩，食欲减退，月经不调,柴胡 100g、当归 100g、白芍 100g、白术（炒）100g、茯苓 100g、薄荷 20g、生姜 100g、甘草（蜜炙）80g,以上八味，柴胡、当归 50g、薄荷、生姜提取挥发油，药渣与白术、茯苓加水煎煮二次，每次 2 小时，合并煎液，滤过，滤液浓缩成相对密度为 1.35~1.40 的稠膏，白芍及剩余当归粉碎成细粉。取甘草约 20g，粉碎成细粉，剩余甘草制成浸膏，将上述膏、粉及挥发油与饴糖适量混匀，制丸，干燥，打光，即得
逍遥合剂,口服液,疏肝健脾，养血调经。用于肝气不舒，胸胁胀痛，头晕目眩，食欲减退，月经不调,柴胡 160g、当归 160g、白芍 160g、白术 160g、茯苓 160g、甘草（蜜炙）128g、薄荷 32g,以上七味，薄荷、白术和当归用蒸馏法提取挥发油，蒸馏后的水溶液另器收集；当归药渣、白芍与生姜 48g 照流浸膏剂与浸膏剂项下的渗漉法（附录 I O），用 70% 乙醇作溶剂，浸渍 24 小时后，以每分钟 1~3ml 的速度，缓缓渗漉，收集漉液，回收乙醇，备用；薄荷和白术的药渣与柴胡、茯苓、甘草加水煎煮二次，每次 2 小时，合并煎液，滤过，滤液与蒸馏后的水溶液合并，浓缩至约 900ml，与上述漉液合并，静置，滤过，滤液浓缩至约 1000ml，加入防腐剂适量，放冷，加入挥发油，调整总量至 1000ml，搅匀，即得
通宣理肺丸（浓缩丸）,丸剂,解表散寒，宣肺止嗽。用于感冒咳嗽，发热恶寒，鼻塞流涕，头痛无汗，肢体酸痛,紫苏叶 144g、前胡 96g、桔梗 96g、苦杏仁（炒）72g、麻黄 96g、甘草 72g、陈皮 96g、半夏（制）72g、茯苓 96g、枳壳（炒）96g、黄芩 96g,以上十一味，取紫苏叶、麻黄、黄芩、甘草各半量及茯苓粉碎成细粉；剩余麻黄、紫苏叶、黄芩、甘草与其余前胡等五味粉碎成粗粉，加水煎煮二次，每次二小时；合并煎液，滤过，滤液浓缩成稠膏，与上述粉末混匀，制成浓缩丸，烘干，上光，即得
理中丸（党参理中丸浓缩丸）,丸剂,温中散寒，健胃。用于脾胃虚寒，呕吐泄泻，胸满腹痛，消化不良,党参 75g、白术 75g、甘草（蜜炙）75g、炮姜 50g,以上四味，取白术、甘草各半量，粉碎成细粉，剩余白术与党参及炮姜粉碎成粗粉，照流浸膏剂与浸膏剂项下的渗漉法（附录 I O），用 70% 乙醇作溶剂，进行渗漉，漉液浓缩成稠膏，剩余的甘草加水煎煮二次，每次 2 小时，合并煎液，滤过，滤液浓缩成相对密度为 1.30 的稠膏。将上述膏、粉混匀，制成浓缩丸，烘干，打光，即得
黄芪颗粒（冲剂）,颗粒剂,补气固表，利尿，托毒排脓，生肌。用于气短心悸，虚脱，自汗，体虚浮肿，慢性肾炎，久泻，脱肛，子宫脱垂，痈疽难溃，疮口久不愈合,黄芪 1000g,取黄芪 1000g，加水煎煮二次，第一次 3 小时，第二次 2 小时，合并煎液，滤过，滤液浓缩至相对密度约为 1.26，加乙醇使含乙醇量为 70%，搅匀，静置，取上清液回收乙醇，浓缩成相对密度为 1.36（38℃）的清膏，加辅料适量，制成颗粒，低温干燥，制成 1000g，即得
雪上一枝蒿片,片剂,祛风，抗炎，镇痛。用于风湿疼痛，关节炎，跌打损伤等,雪上一枝蒿 50g,取雪上一枝蒿 50g，粉碎成细粉，加辅料适量，制成颗粒，压制成约 1000 片，即得
接骨续筋片,片剂,活血化瘀，消肿止痛。用于软组织损伤、骨折等,蜥蜴 500g、骨碎补（炒）333g、穿山龙 167g,以上三味，取蜥蜴 250g，粉碎成细粉，剩余的蜥蜴与骨碎补、穿山龙加水煎煮三次，每次 2 小时，合并煎液，滤过，滤液浓缩成稠膏，加入上述蜥蜴细粉，混匀，加辅料适量，制成颗粒，压制成 1000 片，包糖衣，即得
蛇犬化毒散,散剂,清血解毒，镇惊，开窍。用于疯狗毒蛇咬伤，疮疡惊风，危急痧症,牛黄 41g、硼砂（煅）116g、硝石 113g、冰片 60g、珍珠 41g、雄黄（斑蝥制）293g、炉甘石 140g、麝香 46g,以上八味，雄黄水飞或粉碎成极细粉；其余牛黄等七味分别研成极细粉，与上述粉末配研，过筛，混匀，即得
银黄含化片,片剂,清热解毒，消炎。用于急慢性扁桃体炎、咽炎、上呼吸道感染等症,金银花提取物 36g、黄芩提取物 36g,以上二味，粉碎成细粉，加辅料适量，混匀，用 70% 乙醇制粒，干燥，压制成 1000 片，即得
银翘伤风胶囊,胶囊剂,辛凉解表，清热解毒。用于外感风热，温病初起，发热恶寒，高热口渴，头痛目赤，咽喉肿痛,金银花 131.8g、连翘 131.8g、牛蒡子 79.1g、桔梗 79.1g、芦根 79.1g、薄荷 79.1g、淡豆豉 65.9g、甘草 65.9g、淡竹叶 52.7g、荆芥 52.7g、牛黄 5.0g,以上十一味，荆芥、薄荷及连翘 65.9g 提取挥发油后，药渣与淡竹叶、芦根、牛蒡子、金银花、淡豆豉等加水煎煮二次，每次 2 小时，合并煎液，滤过，滤液浓缩成稠膏。桔梗、甘草及剩余的连翘粉碎成粗粉，加入稠膏中，混匀，干燥，粉碎成细粉，牛黄研细，与上述粉末混匀，过筛，再喷加薄荷等三味的挥发油，混匀，装胶囊，制成 1000 粒，即得
甜梦胶囊,胶囊剂,益气补肾，健脾和胃，养心安神。用于头晕耳鸣，视减听衰，失眠健忘，食欲不振，腰膝酸软，心慌气短，中风后遗症；对脑功能减退，冠状血管疾患，脑血管栓塞及脱发也有一定作用,刺五加 177.59g、黄精 222.01g、蚕蛾 44.39g、桑椹 110.99g、党参 133.20g、黄芪 133.20g、砂仁 17.75g、枸杞子 133.20g、山楂 532.80g、熟地黄 88.81g、淫羊藿（制）88.81g、陈皮 88.81g、茯苓 88.81g、马钱子（制）4.43g、法半夏 88.81g、泽泻 133.20g、山药 88.81g,以上十七味，加水煎煮二次，第一次 1.5 小时，第二次 1 小时，合并煎液，滤过，滤液浓缩至适量，加乙醇使含醇量达 65%，静置，取上清液回收乙醇，浓缩至稠膏状，干燥，粉碎成细粉，加辅料适量，制粒，干燥，装胶囊，制成 1000 粒，即得
康寿丸,丸剂,补气养血，润肺滋肾。用于气血两虚，精血不足可致的身体虚弱，神疲乏力，眩晕健忘，失眠多梦，多汗，干咳少痰，心悸气促，腰膝酸软,何首乌 139g、熟地黄 113.5g、地骨皮 172g、地黄 103.5g、茯苓 172g、天冬 103.5g、麦冬 103.5g、人参 103g,以上八味，取何首乌 69.5g，用黑豆汁 17.4g 拌匀，润透，干燥后用甘草汁 7.0g 拌匀，干燥。地骨皮、茯苓用白酒洗后干燥。熟地黄、地黄用白酒浸润一夜。天冬、麦冬用白酒浸润 3 小时，分别干燥。上述七味与人参及剩余的何首乌粉碎成细碎，过筛，混匀，用水泛丸，干燥，用甘草炭粉包衣，打光，即得
鹿茸口服液,口服液,温肾壮阳，生精养血，补髓健骨。用于阳痿滑精，畏寒无力，血虚眩晕，腰膝痿软，虚寒血崩,鹿茸（去皮毛）10g,取鹿茸（去皮毛）10g，切成片或劈成小块，用 50% 乙醇加热回流提取五次，每次 2 小时，合并提取液，回收乙醇并浓缩至 1:1，在搅拌下加入 10 倍量的乙醇，静置 24 小时，取上清液，回收乙醇，浓缩至适量，加水稀释成含药材 60% 的溶液，滤过，冷藏。另取蜂蜜 700g，温热，取枸橼酸钠 10g，加水适量使溶解，加入蜂蜜中，搅匀，加热至 100℃，保持 20 分钟，趁热滤过，加入鹿茸浓缩液，搅匀，待冷至 60℃以下，加入用乙醇稀释的香精适量，加水至 1000ml，搅匀，滤过，调 pH 值至 4.5~6.5，灌封，灭菌，即得
鹿茸参鞭酒,酒剂,补肾精、生气血。用于畏寒肢冷，腰痛耳鸣，四肢酸软，精神疲乏，失眠多梦，心悸怔忡，纳呆食少，阳痿早泄，宫冷不孕，肢体麻木,人参 12g、鹿茸 12g、熟地黄 24g、枸杞子 12g、小茴香（炒）6g、鹿鞭 3g、黄芪 24g、牛膝 12g、巴戟天 24g、菟丝子（蒸）12g、茯苓 9g、肉苁蓉 18g、陈皮 3g,以上十九味，粉碎成粗渣，置提取罐内，用白酒浸渍，渗漉，加蔗糖加入白酒调配至规定量，冷冻，滤过，制成 1000ml，即得
鹿茸精注射液,注射剂,能增强肌体活力及促进细胞新陈代谢。用于神经衰弱，食欲不振，营养不良，性机能减退及健忘症等,鹿茸（去皮、毛）100g,取鹿茸（去皮、毛）100g，切片或粉碎成粗粉，加 50% 的乙醇 5 倍量，回流提取四次，每次 4 小时，合并提取液，回收乙醇，减压浓缩成流浸膏，加入 80% 的乙醇 5 倍量，充分搅拌，静置 12 小时以上，滤过，沉淀用 80% 乙醇洗涤，洗液与滤液合并，回收乙醇，减压浓缩至每 1g 浓缩液含 2g 原药材后，再加乙醇 7 倍量，充分搅拌，静置 12 小时，滤过，沉淀用乙醇洗涤，洗液与滤液合并，回收乙醇并减压浓缩至每 1g 浓缩液含 2g 原药材，按上法再进行醇沉至无沉淀为止，回收乙醇，加水稀释成 60% 的鹿茸液，加入甲酚 3g，加热至沸，保持 40 分钟，放冷，冷冻。取出，解冻后滤过，反复加热、冷冻，至无沉淀为止，用 10% 氢氧化钠溶液调 pH 值至 6.4~6.8，滤至澄明，用注射用水稀释成含 10% 的鹿茸液，加 1% 活性炭，充分搅拌，静置 12 小时，反复滤过，至澄明，分装，灭菌，即得
麻仁合剂,口服液,润肠通便。用于肠燥便秘,火麻仁 200g、苦杏仁 100g、大黄 200g、枳实 200g、厚朴 100g、白芍 200g,以上六味，火麻仁、苦杏仁分别榨取脂肪油，加热至 160℃，放冷，备用；枳实和厚朴用蒸馏法提取挥发油，蒸馏后的水溶液另器保存；药渣与大黄、白芍及火麻仁药渣照流浸膏剂与浸膏剂项下的渗漉法（附录 I O），用蒸馏后的水溶液配成 50% 乙醇液作溶剂，浸渍 24 小时后，以每分钟 1~3ml 的速度，缓缓渗漉，收集漉液，回收乙醇，浓缩至约 1200ml，滤过，滤液加入炼蜜 250g，浓缩至约 940ml，加入防腐剂适量，放冷，加入上述脂肪油、挥发油，调整总量至 1000ml，搅匀，即得
羚羊感冒片,片剂,清热解表。用于流行性感冒，伤风咳嗽，头晕发热，咽喉肿痛,羚羊角 3.4g、牛蒡子 109g、淡豆豉 68g、金银花 164g、荆芥 82g、连翘 164g、淡竹叶 82g、桔梗 109g、薄荷油 0.68ml（或薄荷脑 0.34g）、甘草 68g,以上十味，羚羊角挫研成细粉，桔梗及金银花 82g 粉碎成细粉，过筛，与羚羊角粉配研，混匀；荆芥、连翘提取挥发油，蒸馏后的水溶液另器保存；药渣与淡竹叶、牛蒡子、甘草、淡豆豉加水煎煮二次，每次 2 小时，合并煎液，滤过，滤液加入上述水溶液，浓缩成膏；剩余金银花热浸二次，每次 2 小时，合并浸出液，滤过，滤液浓缩成膏，加入上述浓缩膏、粉末及辅料适量，混匀，制成颗粒，干燥，喷加薄荷油及上述挥发油，混匀，压制成 1000 片，包糖衣，即得
羚翘解毒丸（水丸）,丸剂,疏风清热，解毒。用于风热感冒，恶寒发热，头晕目眩，咳嗽，咽痛，两腮赤肿等,羚羊角 3.75g、金银花 180g、连翘 180g、薄荷 120g、荆芥穗 90g、淡豆豉 75g、牛蒡子（炒）120g、桔梗 120g、淡竹叶 90g、甘草 75g,以上十味，羚羊角锉研成细粉，其余金银花等九味粉碎成细粉，与上述粉末配研，过筛，混匀，用水泛丸，干燥，即得
羚翘解毒丸（浓缩丸）,丸剂,疏风清热，解毒。用于风热感冒，恶寒发热，头晕目眩，咳嗽，咽痛,金银花 180g、连翘 180g、薄荷 120g、荆芥穗 90g、淡豆豉 75g、牛蒡子（炒）120g、桔梗 120g、淡竹叶 90g、甘草 75g、羚羊角粉 3.75g,以上十味，羚羊角粉研细；金银花、连翘、荆芥穗、薄荷提取挥发油，蒸馏后的水溶液另器收集；药渣与淡豆豉、牛蒡子、桔梗、淡竹叶、甘草加水煎煮二次，每次 2 小时，合并煎液，滤过，滤液与上述水溶液合并，浓缩成稠膏，加入羚羊角粉及辅料适量，混匀，制成浓缩丸，干燥，喷加上述挥发油，即得
清热去湿茶,茶剂,清热去湿，利水通淋。用于湿热下注引起的小便不利，淋沥涩痛，以及急性尿道炎见上述证候者,金沙藤 100g、狗肝菜 100g、倒扣草 100g、岗梅 100g、积雪草 100g、淡竹叶 100g、木棉花 100g、火炭母 100g、槐花 100g、广金钱草 100g,以上十味，分别切碎，混匀，即得（为茶剂，部分工艺为切碎混匀，无复杂提取浓缩步骤）
葶苈草颗粒（肠炎干糖浆）,糖浆剂,清热止泻。用于肠炎，腹泻，红白痢疾,葶苈草 1000g,取葶苈草，加水煎煮二次，每次 2 小时，合并煎液，滤过，滤液浓缩至相对密度为 1.35～1.40（80℃）的清膏，加入蔗糖粉适量，制成颗粒，干燥，制成 1000g，即得
紫芝多糖片,片剂,滋补强壮，养心安神。用于神经衰弱，白细胞和血小板减少症，电离辐射及职业性造血损伤及其他原因引起的白细胞减少症，亦可用于慢性肝炎，慢性支气管炎，冠心病，肿瘤患者的辅助治疗,紫芝多糖（按干燥品计算）2g（制成 1000 片）,取紫芝，粉碎成粗粉，加水煎煮三次，每次 2 小时，合并煎液，滤过，滤液浓缩至适量，加乙醇使含醇量达 70%，静置 24 小时，滤过，滤液回收乙醇，浓缩成稠膏，加入辅料适量，制成颗粒，干燥，压制成 1000 片，包糖衣，即得
黑虎散,散剂,清热解毒，消肿止痛。用于痈疽肿毒，坚硬疼痛,麝香 15g、蜈蚣 30g、全蝎 30g、僵蚕（炒）30g、穿山甲（制）30g、乳香（制）30g、没药（制）30g、当归 30g、红花 30g、血竭 30g、朱砂 30g、雄黄 30g、石决明（煅）30g、炉甘石（煅）30g、石膏（煅）30g、冰片 30g,以上十六味，除麝香、冰片外，朱砂、雄黄分别水飞或粉碎成极细粉；其余蜈蚣等十二味粉碎成细粉；将麝香、冰片研细，与上述粉末配研，过筛，混匀，即得
舒肝理气丸,丸剂,舒肝理气，解郁。用于胸胁胀闷，气郁不舒,青木香 100g、姜半夏 100g、陈皮 100g、延胡索（制）100g、玫瑰花 50g、山楂 100g、香附（制）100g、柴胡 100g、丹参 100g、甘草 50g、广藿香 50g,以上十一味，粉碎成细粉，过筛，混匀，用水泛丸，干燥，即得
痛经宁糖浆,糖浆剂,调经止痛。用于月经不调，经前、行经期腹痛,当归（炒）100g、香附（制）100g、白芍（炒）100g、延胡索（炒）100g、丹参 100g、川楝子（炒）50g、川芎（炒）50g、红花 50g、甘草（炙）50g、大枣 50g,以上十味，当归、川芎、香附、延胡索、川楝子提取挥发油，蒸馏后的水溶液另器收集；药渣与其余白芍等五味加水煎煮二次，每次 2 小时，合并煎液，滤过，滤液与上述水溶液合并，浓缩至适量，加蔗糖 600g，煮沸使溶解，滤过，放冷，加入上述挥发油，搅匀，加水至 1000ml，即得
湛江蛇药,散剂,解毒，消肿，止痛。用于毒蛇、毒虫咬伤,巴豆叶 50g、威灵仙 50g、鸡骨香（根皮）50g、侧柏叶 50g、田基黄 50g、七星剑（叶）50g、细辛 25g、两面针（皮）50g、半边莲 50g、朱砂根（皮）50g、柚叶 50g、山芝麻（叶）50g、了哥王（叶）50g、重楼 50g、龙胆草 50g、薄荷 50g、独脚莲 25g、半边旗 50g、黑面神（叶）50g、老鸦胆（叶）50g、枫香树叶 50g、东风桔（根、茎皮）50g,以上二十二味，粉碎成细粉，过筛，混匀，即得
疡科心得集・家用膏丹丸散方（疡胶囊）,胶囊剂,清热解毒，消肿止痛。用于热毒壅盛所致的疮疡，症见局部红肿热痛、未溃破者,金银花 100g、连翘 100g、蒲公英 100g、紫花地丁 100g、大黄 100g、栀子（炒）100g、黄芩 100g、黄柏 100g、白芷 100g、赤芍 100g、当归 100g、防风 100g、乳香（制）50g、没药（制）50g、天花粉 100g、甘草 50g,以上十六味，粉碎成细粉，过筛，混匀，装入胶囊，制成 1000 粒，即得
感冒康胶囊,胶囊剂,疏风清热，解表止痛。用于风热感冒，发热，头痛，鼻塞，流涕，咳嗽，咽痛,穿心莲 200g、野菊花 120g、一枝黄花 120g、蓝花参 100g、野木瓜 100g、马来酸氯苯那敏 0.7g、对乙酰氨基酚 10g、咖啡因 1g,以上八味，除马来酸氯苯那敏、对乙酰氨基酚、咖啡因外，其余穿心莲等五味加水煎煮二次，每次 2 小时，合并煎液，滤过，滤液浓缩成稠膏，加入上述三种化学药及辅料适量，混匀，制成颗粒，干燥，压制成 1000 粒，包糖衣，即得
感冒解痛散,散剂,祛风除湿，散寒止痛。用于风寒感冒，头痛身痛，恶寒发热,荆芥 100g、防风 100g、紫苏叶 100g、白芷 100g、羌活 100g、葛根 100g、苍术（炒）100g、细辛 50g、川芎 100g、红花 50g、当归 100g、甘草 50g,以上十二味，粉碎成细粉，过筛，混匀，即得
感冒解毒片,片剂,祛风，清热，解毒。用于伤风感冒，头痛发烧，鼻塞流涕，咳嗽咽痛,蓝花参 100g、鸡矢藤 100g、一枝黄花 100g、生姜 50g、防风 100g、紫苏叶 100g、陈皮 50g、山楂 100g、甘草 50g,以上九味，除生姜外，其余蓝花参等八味粉碎成细粉，过筛，混匀；生姜榨汁，加入上述粉末及辅料适量，混匀，制成颗粒，干燥，压制成 1000 片，包糖衣，即得
感冒解毒颗粒（冲剂）,颗粒剂,祛风，清热，解毒。用于伤风感冒，头痛发烧，鼻塞流涕，咳嗽咽痛,蓝花参 100g、鸡矢藤 100g、一枝黄花 100g、生姜 50g、防风 100g、紫苏叶 100g、陈皮 50g、山楂 100g、甘草 50g,以上九味，除生姜外，其余蓝花参等八味加水煎煮二次，每次 2 小时，合并煎液，滤过，滤液浓缩至适量；生姜榨汁，加入浓缩液中，加蔗糖适量，制成颗粒，干燥，制成 1000g，即得
感冒疏风片,片剂,辛温解表，宣肺和中。用于风寒感冒，发热咳嗽，头痛怕冷，鼻流清涕，骨节酸痛，四肢疲倦,麻黄绒（蜜炙）30g、桂枝 30g、白芍（酒炙）30g、紫苏叶 30g、防风 30g、独活 30g、桔梗 30g、苦杏仁（炒）30g、生姜（捣碎）30g、大枣（去核）30g、甘草（蜜炙）30g,以上十一味，除生姜、大枣外，其余麻黄绒等九味粉碎成细粉，过筛，混匀；生姜、大枣加水煎煮二次，每次 2 小时，合并煎液，滤过，滤液浓缩成稠膏，加入上述粉末及辅料适量，混匀，制成颗粒，干燥，压制成 1000 片，包糖衣，即得
解表清肺丸,丸剂,解表清热，止嗽化痰。用于小儿内热外感引起的头痛身热，咳嗽痰盛，气促作喘，咽喉肿痛,紫苏叶 50g、桑叶 50g、菊花 50g、葛根 50g、麻黄（蜜炙）30g、生姜 30g、防风 50g、白芷 50g、杏仁（去皮炒）50g、川贝母 50g、前胡 50g、桔梗 50g、黄芩 50g、连翘 50g、生石膏 100g、甘草 30g,以上十六味，粉碎成细粉，过筛，混匀。每 100g 粉末加炼蜜 120～140g 制成大蜜丸，即得
解毒生肌膏,膏剂,活血散瘀，消肿止痛，解毒拔脓，生肌收口。用于各类创面感染，二度烧伤,紫草 80g、当归 80g、白芷 80g、甘草 80g、乳香（制）40g、没药（制）40g,以上六味，除乳香、没药外，其余紫草等四味酌予碎断，与食用植物油 1000g 同置锅内炸枯，去渣，滤过，炼至滴水成珠；另取红丹 300g，加入油内，搅匀，收膏，将膏浸泡于水中。取膏用文火熔化后，加入乳香、没药细粉，搅匀，即得
解暑片,片剂,辟秽开窍，止吐止泻。用于时行痧疫，头胀眼花，胸闷作恶，腹痛吐泻，手足厥冷，或受山岚瘴气，水土不服,麝香 15g、雄黄 60g、朱砂 60g、雌黄 60g、冰片 30g、大黄 60g、苍术（炒）60g、肉桂 30g、天麻 30g、山慈菇 30g、沉香 30g、丁香 30g、硼砂 30g、苏合香 30g、红大戟 30g、五倍子（去毛、焙）30g、细辛 30g、檀香 30g、千金子霜 30g、降香 30g、麻黄 30g、鬼箭羽 30g、安息香 30g、甘遂（醋炙）30g、巴豆霜 30g、莪术 30g、三棱 30g、槟榔 30g、厚朴（姜炙）30g、陈皮 30g、胡椒 30g、干姜 30g、木通 30g、滑石 60g,以上三十四味，除麝香、冰片、苏合香、安息香、巴豆霜、千金子霜外，雄黄、朱砂、雌黄分别水飞或粉碎成极细粉；其余大黄等二十七味粉碎成细粉；将麝香、冰片研细，与上述粉末配研，过筛，混匀；苏合香、安息香加热熔化，与上述粉末及巴豆霜、千金子霜混匀，制成颗粒，压制成 1000 片，即得
腹可安片,片剂,清热利湿，收敛止痛。用于急性胃肠炎、消化不良引起的腹痛、腹泻、呕吐,扭肚藤 100g、火炭母 100g、车前草 100g、救必应 100g、石榴皮 100g,以上五味，加水煎煮二次，每次 2 小时，合并煎液，滤过，滤液浓缩成稠膏，加入辅料适量，制成颗粒，干燥，压制成 1000 片，包糖衣，即得
腰息痛胶囊,胶囊剂,舒筋活络，祛瘀止痛，活血驱风。用于风湿性关节炎，肥大性腰椎炎，肥大性胸椎炎，颈椎炎，坐骨神经痛，腰肌劳损,白芷 42g、草乌（制）14g、独活 42g、续断 42g、牛膝 42g、三七 28g、防风 42g、威灵仙 42g、秦艽 42g、川加皮 42g、防己 42g、海风藤 42g、杜仲 42g、土萆薢 42g、何首乌 42g、桑寄生 42g、当归 42g、骨碎补 42g、红花 28g、千年健 42g、赤芍 42g、桂枝 42g、对乙酰氨基酚 100g,以上二十三味，除对乙酰氨基酚外，其余白芷等二十二味粉碎成细粉，过筛，混匀，与对乙酰氨基酚配研，装入胶囊，制成 1000 粒，即得
痰喘半夏颗粒（冲剂）,颗粒剂,止咳，化痰，平喘。用于新老咳嗽，痰多气喘,半夏（制）60g、川贝母 30g、肉桂 30g、豆蔻（去壳）30g、沉香 30g、丁香 15g、西洋参 30g、白芷 30g、细辛 15g、天竺黄 30g、朱砂 30g、甘草 30g、陈皮 60g、川芎 30g、枳壳（炒）30g、白术（炒）30g、青皮（炒）30g、泽泻 30g、白芍（炒）30g、山楂（炒）30g、五味子（制）30g、酸枣仁（炒）30g、干姜 15g、薄荷油 3ml,以上二十四味，除薄荷油外，朱砂水飞或粉碎成极细粉；其余半夏等二十二味粉碎成细粉，过筛，与朱砂粉混匀，加蔗糖适量，制成颗粒，干燥，喷加薄荷油，混匀，即得
福寿草片,片剂,强心，利尿，镇静，减慢心率。用于室上性心动过速，心房颤动，心力衰竭，心脏性水肿,福寿草 50g（制成 1000 片）,取福寿草，粉碎成粗粉，加 70% 乙醇适量，加热回流提取三次，每次 2 小时，合并提取液，回收乙醇，浓缩成稠膏，加入辅料适量，制成颗粒，干燥，压制成 1000 片，包糖衣，即得
鼻咽灵片,片剂,清热解毒，软坚散结，益气养阴。用于胸膈风热，痰火郁结，热毒上攻，耗气伤阴所致的口干，咽痛，咽喉干燥灼热，声嘶，头痛，鼻塞，流脓涕或涕中带血；也用于慢性咽炎，慢性扁桃体炎，鼻咽癌放疗、化疗辅助治疗,山豆根 100g、石上柏 100g、蛇泡簕 100g、半枝莲 100g、白花蛇舌草 100g、玄参 100g、党参 100g、茯苓 100g、天花粉 100g、麦冬 100g,以上十味，加水煎煮二次，每次 2 小时，合并煎液，滤过，滤液浓缩成稠膏，加入辅料适量，制成颗粒，干燥，压制成 1000 片，包糖衣，即得
腐植酸钠颗粒（冲剂）,颗粒剂,收敛，止血，止泻。用于吐血，便血，泄泻，呕吐，脘腹疼痛，小儿腹泻，脾虚久泻，久痢,腐植酸钠 500g（制成 1000g 颗粒）,取腐植酸钠，加适量辅料，制成颗粒，干燥，即得
增光片,片剂,补益气血，滋养肝肾，明目安神，增加视力。用于假性近视眼，轻度青光眼及视力疲劳,党参 100g、当归 100g、枸杞子 100g、茯苓 100g、麦冬 100g、泽泻 100g、五味子 100g、石菖蒲 100g、牡丹皮 100g、远志（甘草水制）100g,以上十味，加水煎煮二次，每次 2 小时，合并煎液，滤过，滤液浓缩成稠膏，加入辅料适量，制成颗粒，干燥，压制成 1000 片，包糖衣，即得
噙化上清丸,丸剂,清热，散风，利咽。用于风热上攻，头晕目眩，鼻塞流涕，咳嗽，咽痛,桔梗 100g、薄荷 100g、甘草 100g、石膏 100g、硼砂 50g、冰片 25g,以上六味，除冰片外，其余桔梗等五味粉碎成细粉，过筛，混匀，加入冰片研细，过筛，混匀，用水泛丸，干燥，即得
糊药,丸剂,开胃消食，理气，化滞。用于消化不良，停食反胃，嗳腐吞酸，脘腹胀痛，食积腹泻,苍术（炒）30g、厚朴（炒）30g、陈皮 30g、枳实（炒）30g、山楂（炒）30g、麦芽（炒）30g、六神曲（炒）30g、槟榔（炒）30g、草果（炒）15g、酒药（炒）30g、糊饭 60g、麦饼（炒）60g、糯米饭（炒）60g、鸡内金（炒）30g、甘草（炒）15g,以上十五味，粉碎成细粉，过筛，混匀，用水泛丸，干燥，即得
橘红片,片剂,化痰，止咳。用于咳嗽痰多，痰不易出，胸闷口干,化橘红 75g、陈皮 50g、半夏（制）37.5g、茯苓 50g、甘草 25g、桔梗 37.5g、苦杏仁 37.5g、紫苏子（炒）37.5g、紫菀 37.5g、款冬花 25g、瓜蒌皮 50g、浙贝母 50g、地黄 50g、麦冬 50g、石膏 50g,以上十五味，粉碎成细粉，过筛，混匀，加辅料适量，制成颗粒，干燥，压制成 1000 片，包糖衣，即得
橙皮,茶剂,理气健脾，燥湿化痰。用于脘腹胀满，食少吐泻，咳嗽痰多,橙皮 1000g（制成饮片或粗粉）,取橙皮，除去杂质，洗净，润透，切丝，干燥，即得
藿香正气胶囊,胶囊剂,解表化湿，理气和中。用于外感风寒、内伤湿滞或夏伤暑湿所致的感冒，症见头痛昏重、胸膈痞闷、脘腹胀痛、呕吐泄泻；也用于胃肠型感冒见上述证候者,广藿香 150g、紫苏叶 50g、白芷 50g、白术（炒）100g、陈皮 100g、半夏（制）100g、厚朴（姜制）100g、茯苓 50g、桔梗 100g、甘草 50g、大腹皮 50g、生姜 10g、大枣 20g,以上十三味，粉碎成细粉，过筛，混匀，装入胶囊，制成 1000 粒，即得
藿香清胃片,片剂,清热化湿，醒脾消滞。用于脾胃伏火引起的消化不良，脘腹胀满，不思饮食、口苦口臭等症,广藿香 150g、栀子 100g、南山楂 100g、枸杞子 100g、六神曲（炒）100g、防风 100g、甘草 50g、石膏 100g,以上八味，加水煎煮二次，每次 2 小时，合并煎液，滤过，滤液浓缩成稠膏，加入辅料适量，制成颗粒，干燥，压制成 1000 片，包糖衣，即得
麝香壮骨膏,膏剂,镇痛，消炎。用于风湿痛，关节痛，腰痛，神经痛，肌肉酸痛，扭伤，挫伤,八角茴香 40g、山柰 40g、生川乌 40g、生草乌 40g、麻黄 40g、白芷 40g、苍术 40g、当归 40g、干姜 40g、人工麝香 10g、薄荷脑 20g、水杨酸甲酯 20g、硫酸软骨素 4g、冰片 20g、盐酸苯海拉明 6g、樟脑 30g,以上十六味，除人工麝香、薄荷脑、水杨酸甲酯、冰片、盐酸苯海拉明、樟脑外，其余八角茴香等十味粉碎成粗粉，用 90% 乙醇作溶剂，照流浸膏剂与浸膏剂项下的渗漉法（附录 ⅠO），浸渍 24 小时后，以每分钟 1～3ml 的速度渗漉，收集渗漉液，回收乙醇并浓缩至稠膏状；将人工麝香、薄荷脑、水杨酸甲酯、冰片、盐酸苯海拉明、樟脑分别研细，与上述稠膏及适量基质混匀，制成涂料，涂于布上，切段，盖衬，切成小块，即得
麝香伤湿解痛膏,膏剂,祛风除湿，活血止痛。用于风湿性关节炎，肌肉痛，扭伤,麝香 0.5g、伤湿止痛流浸膏 100g（按干浸膏计）、水杨酸甲酯 25g、薄荷脑 20g、冰片 20g、樟脑 25g、芸香浸膏 10g、颠茄流浸膏 10g,以上八味，除麝香、水杨酸甲酯、薄荷脑、冰片、樟脑外，伤湿止痛流浸膏、芸香浸膏、颠茄流浸膏混合；将麝香、水杨酸甲酯、薄荷脑、冰片、樟脑分别研细，与上述混合浸膏及适量基质混匀，制成涂料，涂于布上，切段，盖衬，切成小块，即得
麝香跌打风湿膏,膏剂,祛风除湿，化瘀止痛。用于风湿痛，跌打损伤，肿痛,麝香 0.5g、红花 10g、马钱子 10g、草乌 10g、川乌 10g、当归 10g、川芎 10g、乳香（制）10g、没药（制）10g、薄荷脑 20g、冰片 20g、樟脑 20g、水杨酸甲酯 20g、颠茄流浸膏 10g,以上十四味，除麝香、薄荷脑、冰片、樟脑、水杨酸甲酯、颠茄流浸膏外，其余红花等八味粉碎成粗粉，用 90% 乙醇作溶剂，照流浸膏剂与浸膏剂项下的渗漉法（附录 ⅠO），浸渍 24 小时后，以每分钟 1～3ml 的速度渗漉，收集渗漉液，回收乙醇并浓缩至稠膏状；将麝香、薄荷脑、冰片、樟脑、水杨酸甲酯分别研细，与上述稠膏、颠茄流浸膏及适量基质混匀，制成涂料，涂于布上，切段，盖衬，切成小块，即得
十香定痛丸,丸剂,舒肝解郁，和胃止痛。用于肝胃不和，气滞血瘀引起的胸胁胀满，胃脘疼痛，食积腹胀，经期腹痛。,"丁香 60g, 母丁香 60g, 降香 60g, 小茴香（盐炙） 30g, 檀香 30g, 木香 60g, 香附（醋炙） 120g, 乳香（醋炙） 60g, 豆蔻 15g, 枳实 60g, 厚朴（姜炙） 60g, 三棱（麸炒） 60g, 莪术（醋炙） 60g, 蒲黄 30g, 五灵脂（醋炙） 60g, 片姜黄 60g, 元胡（醋炙） 60g, 红花 30g, 赤芍 30g, 白芍 60g, 没药（醋炙） 60g, 肉桂（去粗皮） 30g, 白术 60g, 山楂（炒） 60g, 茯苓 60g, 高良姜 60g, 石菖蒲 60g, 牵牛子（炒） 120g, 槟榔 60g, 法半夏 30g, 甘草 30g, 松罗茶 60g, 砂仁 60g, 安息香 30g, 苏合香 20g, 朱砂粉 60g, 沉香粉 60g",以上三十七味，除朱砂粉、沉香粉外，安息香研成细粉，苏合香炖化，滤过；其余丁香等三十三味粉碎成细粉，过筛，混匀，与上述朱砂等三味细粉配研，过筛，混匀。每100g粉末加炼蜜90~110g，并加苏合香制成大蜜丸，即得。
八味锡类散,散剂,清热解毒，消肿止痛。用于内有蕴热，外感时邪引起的瘟疫白喉，咽喉肿痛，喉闭乳蛾，兼治结肠溃疡。,"西瓜霜 6g, 寒水石 9g, 牛黄 2.4g, 珍珠（豆腐炙） 9g, 青黛 18g, 硼砂 6g, 硇砂（炙） 6g, 冰片 1.5g",以上八味，除冰片外，珍珠水飞或粉碎成极细粉；其余西瓜霜等六味粉碎成细粉，将冰片研细，与上述粉末配研，过筛，混匀，即得。
儿童七珍丸,丸剂,祛风镇惊，消食导滞。用于停食停乳引起：肚胀腹硬，呕吐乳食，大便秘结，痰热惊风。,"胆南星（酒炙） 60g, 天麻 90g, 半夏曲（麸炒） 90g, 滑石 180g, 寒食曲 180g, 全蝎 90g, 巴豆霜 22.5g",以上七味，除巴豆霜外，其余胆南星等六味粉碎成细粉；将巴豆霜研细，与上述粉末配研，过筛，混匀，用水泛丸，阴干，用朱砂粉末45g包衣，即得。
儿童回春丸,丸剂,清热解毒，透表豁痰。用于急性惊风，伤寒发热，临夜发烧，小便带血，麻疹隐现不出而引起身热咳嗽，赤痢，水泻，食积，腹痛。,"黄连 25g, 水牛角浓缩粉 50g, 羚羊角 26g, 人中白(煅) 25g, 淡豆豉 25g, 大青叶 50g, 荆芥 50g, 羌活 50g, 葛根 50g, 地黄 50g, 川木通 50g, 赤芍 50g, 黄芩 50g, 前胡 75g, 玄参 75g, 桔梗 75g, 柴胡 37.5g, 西河柳 37.5g, 升麻 20g, 牛蒡子(炒) 75g",羚羊角粉碎成细粉与水牛角浓缩粉混匀，其余药材各取2/3量粉碎成细粉；过筛，粗粉与其余药材水煮提膏，膏与粉混合泛丸，用胭脂红包衣。
儿童回春颗粒,颗粒剂,清热解毒，透表豁痰。用于急性惊风，伤寒发热，临夜发烧，小便带血，麻疹隐现不出而引起身热咳嗽；赤痢，水泻，食积，腹痛。,"黄连 25g, 水牛角浓缩粉 50g, 羚羊角 26g, 人中白(煅) 25g, 淡豆豉 25g, 大青叶 50g, 荆芥(去粗梗) 50g, 羌活 50g, 葛根 50g, 地黄 50g, 川木通 50g, 赤芍 50g, 黄芩 50g, 前胡 75g, 玄参(去芦) 75g, 桔梗 75g, 柴胡 37.5g, 西河柳 37.5g, 升麻 20g, 牛蒡子(炒) 75g",取羚羊角研碎成细粉备用，其余药材除水牛角浓缩粉外，置煎煮锅内按煮沸法加水煎煮三次，第一次2小时，第二次1小时，第三次30分钟，合并三次煎液，静沉24小时后，滤取上清液浓缩至相对密度1.35~1.38(80℃)的稠膏；取水牛角浓缩粉，羚羊角粉与膏混匀，置真空干燥箱内真空干燥后取出，粉碎成细粉，加适量辅料制成颗粒，干燥，即得。
儿童咳液,口服液,清热润肺，宣降肺气，祛痰止咳。用于咳嗽气喘，吐痰黄稠或咳痰不爽，咽干喉痛，急慢性气管炎。,"紫菀 150g, 百部 150g, 枇杷叶 150g, 前胡 150g, 甘草 50g, 苦杏仁 100g, 桔梗 50g, 麻黄 25g, 大青叶 150g",以上九味，麻黄、大青叶加水煮沸后，于80℃温浸二次，第一次2小时，第二次1小时，滤过，合并滤液；紫菀、枇杷叶、甘草、桔梗加水煎煮两次，第一次3小时，第二次2小时，合并滤液，滤过。滤液与上述滤液合并，浓缩至相对密度1.13~1.16(50℃)，加乙醇使含醇量达到60%，静置24小时，吸取上清液，回收乙醇至无醇味，药液备用；百部、前胡加水煎煮二次，第一次3小时，第二次2小时，合并滤液，滤过。滤液浓缩至相对密度1.13~1.16(50℃热测)，加乙醇使含醇量达到60%静置24小时，吸取上清液，回收乙醇至无醇味，加入0.3%β-环糊精，搅匀，药液备用；苦杏仁用80%乙醇回流二次，第一次3小时，第二次2小时，滤过，合并滤液，并回收乙醇后与上述药液合并。另取蔗糖200g，甜菊糖2g，苯甲酸钠3g，柠檬酸5g~10g，先用适量水，加热使溶解，滤过，加入上述药液，调整总量至1000ml，混匀，静置24小时，吸取上清液，加薄荷油香精0.4ml，搅匀，灌封，即得。
三黄片,片剂,清热解毒，泻火通便。用于三焦热盛，目赤肿痛，口鼻生疮，咽喉肿痛，牙龈出血，心烦口渴，尿黄便秘，急性胃肠炎，痢疾。,"大黄 300g, 盐酸黄连素 5g, 黄芩总苷 21g",以上三味，取大黄150g与黄芩总苷和盐酸黄连素粉碎成细粉；剩余大黄粉碎成粗粉，以30%乙醇加热回流提取三次，滤过，合并滤液，回收乙醇并减压浓缩成稠膏，加入大黄等细粉及辅料适量，混匀，制粒，干燥；压制成1000片，包糖衣，即得。
大力药酒,酒剂,舒筋活血，祛风除湿，止痛。用于跌打损伤，风寒湿痹。,"紫丹参 6.8g, 当归尾 1.7g, 莪术 6.8g, 续断(炒) 6.8g, 地黄 10.23g, 三七 10.23g, 三棱 6.8g, 五加皮 10.23g, 骨碎补(砂炒) 5.1g, 赤芍 5.1g, 大黄 5.1g, 乳香 5.1g, 没药 5.1g, 青皮(炒) 5.1g, 制川乌 3.4g, 白芷 3.4g, 红花 3.4g, 土鳖虫 20.45g, 茜草 27.3g, 自然铜(煅) 6.8g, 脆蛇 1.4g, 牛膝 10.23g",以上二十二味，粉碎成粗粉，过筛，混匀，照流浸膏剂与浸膏剂项下的渗滤法(附录I O)，用50度白酒作溶剂，以每分钟1~3ml的速度缓缓渗滤，收集滤液，静置，滤过，制成1000ml。即得。
大败毒胶囊,胶囊剂,清血败毒，消肿止痛。用于脏腑毒热，血液不清引起的梅毒，血淋，白浊，尿道刺痛，大便秘结，疥疮，痈疽疮疡，红肿疼痛。,"大黄 300g, 蒲公英 600g, 陈皮 240g, 木鳖子 60g, 白芷 180g, 天花粉 180g, 金银花 60g, 黄柏 300g, 乳香(制) 60g, 当归 60g, 赤芍 300g, 甘草 60g, 蛇蜕(酒炙) 15g, 干蟾(制) 120g, 蜈蚣 30g, 全蝎 9g, 芒硝 300g",以上十七味，除芒硝外，天花粉、白芷粉碎成细粉，过筛，混匀，其余大黄等十四味，加水煎煮三次，第一次2小时，第二次、第三次各1小时，合并煎液，滤过，滤液浓缩至相对密度1.30(50℃)的清膏，将芒硝粉碎，加入清膏中，搅匀，浓缩至相对密度1.35(50℃)的稠膏，加入上述细粉，混匀，干燥，粉碎成细粉，装入胶囊，即得。
小儿牛黄颗粒,颗粒剂,"清热镇惊,散风化痰。用于小儿食滞内热引起咳嗽身热,呕吐痰涎,烦躁起急,睡卧不安,惊风抽搐,神志昏迷,大便燥结。","钩藤 120g, 僵蚕(麸炒) 30g, 天麻 120g, 全蝎 30g, 黄连 30g, 大黄 30g, 胆南星(酒炙) 30g, 浙贝母 30g, 天竺黄 30g, 法半夏 30g, 化橘红 120g, 滑石 120g, 牛黄 6g, 朱砂 10g, 麝香 1.5g, 冰片 6g","以上十六味,朱砂水飞或粉碎成极细粉;牛黄、麝香、冰片分别研成细粉;僵蚕、胆南星、天竺黄、滑石粉碎成细粉;过筛,与上述粉末配研;天麻、浙贝母粉碎成粗粉,照流浸膏剂与浸膏剂项下的渗滤法(附表1 O),用60%乙醇作溶剂,浸渍24小时后进行渗滤,收集渗滤液约900ml,减压浓缩至相对密度为1.20(50℃)的清膏;其余钩藤等六味加水煎煮二次,第一次2小时,第二次1小时;合并煎液,滤过,滤液减压浓缩至相对密度为1.20(50℃)的清膏,与上述清膏混匀,再与上述细粉制成颗粒,干燥,即得。"
小儿胃宝丸,丸剂,消食化积，健脾养胃，增进食欲，肥儿壮体。用于伤食伤乳，呕吐泄泻，脾虚胃弱，消化不良。,"山楂(炒) 100g, 山药(炒) 100g, 麦芽(炒) 100g, 六神曲(炒) 50g, 鸡蛋壳(炒) 100g",以上五味，粉碎成细粉，过筛，混匀，用水泛丸，干燥，包糖衣，打光，即得。
小儿胃宝片,片剂,消食化积，健脾养胃，增进食欲，肥儿壮体。用于伤食伤乳，呕吐泄泻，脾虚胃弱，消化不良。,"山楂(炒) 100g, 山药(炒) 100g, 麦芽(炒) 100g, 六神曲(炒) 50g, 鸡蛋壳(焙) 100g, 白糖 24g",以上五味，粉碎成细粉，另取白糖24g粉碎成细粉，与上述细粉混匀，制成颗粒，压制成1200片，即得。
小儿清热宁颗粒,颗粒剂,清热解毒。用于外感温邪，脏腑实热引起的内热高烧，咽喉肿痛，咳嗽痰盛，大便干燥。,"羚羊角粉 2.5g, 牛黄 2.5g, 金银花 300g, 黄芩 250g, 柴胡 250g, 板蓝根 350g, 水牛角浓缩粉 25g, 冰片 0.5g",以上八味，除羚羊角粉、牛黄、水牛角浓缩粉、冰片外，柴胡提取挥发油，蒸馏后的水溶液另器收集；其余金银花等三味加水煎煮二次；第一次2.5小时，第二次1.5小时，滤过，滤液与上述水溶液合并，浓缩至相对密度为1.32~1.35(50℃热测)的清膏。取清膏1份，加糊精1份，蔗糖粉4份，羚羊角粉、牛黄、水牛角浓缩粉(三味药粉先与糊精、蔗糖粉配研均匀)及乙醇适量，制成颗粒，干燥，加入上述柴胡挥发油及冰片(用适量乙醇溶解)，混匀，即得。
小儿感冒散（宝宝感冒散）,散剂,发挥解肌，清热透表。用于脏腑积热、外感风寒引起的发热怕冷，肌表无汗，头痛口渴，咽痛鼻塞，咳嗽痰多，体倦。,"羌活 64g, 荆芥穗 43g, 防风 64g, 苍术(炒) 64g, 白芷 16g, 葛根 43g, 川芎 64g, 苦杏仁(去皮炒) 32g, 地黄 43g, 黄芩 43g, 甘草 43g, 牛黄 7g",以上十二味，白芷、黄芩、川芎粉碎成细粉；葛根、防风、羌活、地黄、甘草加水煎煮三次，滤过，合并滤液；苍术、苦杏仁用80%乙醇加热回流提取二次；滤过，合并滤液，回收乙醇，浓缩至相对密度为1.15~1.20(50℃)，取荆芥穗提取挥发油后，收集药液，合并上述三种药液，浓缩至相对密度为1.35~1.40(50℃)，加入白芷等三味的细粉，混匀，干燥，粉碎；加入牛黄细粉及荆芥油，混匀。每100粉末加淀粉25g，混匀，制成250g，即得。
小柴胡汤丸,丸剂,解表散热，疏肝和胃。用于寒热往来，胸胁苦满，心烦喜吐，口苦咽干。,"柴胡 240g, 法半夏 120g, 黄芩 120g, 党参 120g, 大枣 120g, 甘草 80g, 生姜 64g",以上七味，柴胡、法半夏、黄芩、大枣、生姜加水煎煮三次，合并煎液，滤过，滤液浓缩成稠膏，党参、甘草粉碎成细粉，加入稠膏中，混匀，制成丸，烘干，打光，即得。
干紫红胶囊,胶囊剂,清热凉血，收敛止泻。用于肠炎、菌痢、小儿腹泻。,"千里光 200g, 大红袍 200g, 钻地风 200g, 紫地榆 200g, 杨梅根 200g",以上五味，加水浸渍30分钟后，煎煮三次，每次1.5小时，合并煎液，滤过，滤液浓缩至1:2，加入2倍量乙醇，混匀，静置，滤过，滤液回收乙醇，浓缩，干燥。加辅料适量，混匀，装入胶囊，制成300粒，即得。
川贝止咳露,露剂,止咳祛痰。用于风热咳嗽，痰多上气或燥咳。,"川贝母 5g, 枇杷叶 130.9g, 百部 23.4g, 前胡 14.1g, 桔梗 9.1g, 桑白皮 9.4g, 薄荷脑 0.16g",以上七味，除薄荷脑外，其余六味加水煎煮二次，第一次2.5小时，第二次2小时，合并煎液，滤过，滤液浓缩至适量，加入蔗糖300g及防腐剂适量，煮沸使溶解，滤过，滤液加入薄荷脑，杏仁香精的乙醇溶液适量，随加随搅拌，加水至1000ml，搅匀，即得。
五子衍宗口服液,口服液,补肾益精。用于肾虚腰痛，尿后余沥，遗精早泄，阳痿不育。,"枸杞子 300g, 菟丝子(炒) 300g, 覆盆子 150g, 五味子(醋蒸) 37.5g, 车前子(盐炒) 75g","以上五味,加70%乙醇回流提取二次,每次2小时,合并提取液,滤过,滤液回收乙醇至无醇味,并浓缩至相对密度为1.10(50℃),离心过滤,滤液加入蔗糖165g,山梨酸钾2.7g,搅匀,调整总量至1000ml,搅匀,灌装,灭菌,即得。"
止带片,片剂,健脾祛湿，理气舒肝。用于湿阻脾痹，肝郁气滞，白带不止。,"白术(炒) 191g, 苍术 50g, 陈皮 96g, 荆芥 96g, 党参 41g, 甘草 19g, 柴胡 11g, 山药 382g, 车前子(炒) 57g, 白芍(炒) 96g",以上十味，取山药191g粉碎成细粉；陈皮、荆芥提取挥发油后，药渣与其余白芍等七味及剩余的山药加水煎煮二次，每次2小时，合并煎液，静置24小时，滤过，滤液浓缩成稠膏，加入山药细粉及辅料适量，搅匀，制成颗粒，干燥，放冷，喷加上述陈皮等挥发油，混匀，压制成1000片，包糖衣，即得。
止咳桃花散,散剂,清肺、化痰、止咳、通窍散热，镇惊。用于百日咳及久咳不愈症，麻疹合并肺炎之镇咳剂。,"川贝母 30g, 麝香 9g, 冰片 6g, 薄荷 9g, 朱砂(水飞) 6g, 半夏(制) 12g, 石膏(煅) 30g, 葡萄糖粉 918g",以上七味，除麝香、冰片外，朱砂水飞成极细粉；其余川贝母，薄荷、半夏、石膏等四味粉碎成细粉，将麝香、冰片与上述粉末及葡萄糖粉918g配研，过筛，混匀，即得。
牛黄蛇胆川贝散,散剂,清热，化痰，止咳。用于外感咳嗽中的热痰咳嗽，燥痰咳嗽。,"牛黄 16g, 蛇胆汁 81g, 川贝母 484g",以上三味，川贝母粉碎成细粉，过筛，与牛黄、蛇胆汁混匀，干燥，粉碎，过筛，即得。
长春宝丸,丸剂,"补益气血, 调和阴阳, 滋肝肾, 健脾胃, 强筋骨. 用于中老年人身体虚弱, 肝肾亏损所致的精神疲乏, 头晕目眩, 腰腿酸软, 眼花耳鸣, 健忘失眠, 心悸, 气短, 浮肿, 夜多小便等症, 也可作为高脂血症及高血压病人的辅助治疗药。","人参 60g, 枸杞子 60g, 山药 40g, 五味子 30g, 天冬 60g, 麦冬 60g, 地黄 60g, 熟地黄 60g, 制何首乌 90g, 茯苓 60g, 牛膝 60g, 当归 60g, 补骨脂 60g, 杜仲(制) 40g, 巴戟天 30g, 知母 45g, 黄柏 45g, 仙茅 30g, 淫羊藿 30g, 泽泻(制) 90g, 丹参 60g, 黄芪 60g, 桑寄生 60g, 女贞子 70g, 墨旱莲 70g",以上二十五味，制何首乌、人参、当归、茯苓、泽泻、地黄、熟地黄、山药、麦冬、杜仲、黄柏、女贞子、五味子粉碎成细粉。过筛；其余黄芪等十二味，加水煎煮二次，每次2小时，合并煎液，滤过，滤液浓缩成稠膏，加入上述粉末，混匀，干燥，粉碎成细粉。过筛，每100g粉末加炼蜜25～35g与适量的水，泛丸，干燥，打光，即得。
化痔灵片,片剂,凉血、收敛、消炎。用于内外痔疮。,"黄连 2.9g, 琥珀 2.9g, 苦地胆 3g, 三七 7.2g, 五倍子 57g, 猪胆汁膏 1.5g, 石榴皮 57g, 枯矾 33g, 雄黄(水飞) 12g, 槐花 6g, 乌梅(去核) 6g, 诃子 6g","以上十二味,除猪胆汁膏外,其余黄连等十一味粉碎成细粉,过筛,混匀,猪胆汁膏用适量清水溶解,加入适量炼蜜,与上述粉末混匀,加适量辅料,制成颗粒,干燥,压制成1000片,包糖衣,即得。"
化痰消咳片,片剂,肃肺化痰，消炎止咳。用于感冒咳嗽，痰多气喘；上呼吸道感染，急性支气管炎。,"紫花杜鹃 1330g, 板栗壳 500g, 合成鱼腥草素 20g, 止咳酮 3g",以上四味，紫花杜鹃、板栗壳加水煎煮二次，第一次1.5小时，第二次1小时，滤过，合并滤液，减压浓缩，干燥，粉碎成细粉；合成鱼腥草素，止咳酮研成细粉；与上述浸膏粉混匀，制粒，干燥，压制成1000片，包糖衣，即得。
风痛片,片剂,祛风除湿，舒筋活血。用于风湿痹痛，四肢麻木，筋骨疼痛。,"麻黄 207g, 马钱子粉 150g, 防风 16g, 甘草 16g, 独活 16g, 地枫皮 16g, 千年健 16g, 乳香（制） 16g, 没药（制） 16g, 羌活 16g, 木瓜 16g, 桂枝 16g, 牛膝 16g, 杜仲（炒） 16g",以上十四味，羌活，独活，麻黄粉碎成粗粉，加入马钱子粉，混匀，照流浸膏剂与浸膏剂项下的渗滤法（附表1O），用70%乙醇作溶剂，浸渍48小时后缓缓渗滤，收集滤液，回收乙醇，浓缩至稠膏状。其余木瓜等十味粉碎成细粉，与上述稠膏混匀，加糊精适量，制成颗粒，压制成1000片，包糖衣，即得。
风湿定片,片剂,活血通络，除痹止痛。用于风湿性关节炎，类风湿关节炎，颈肋神经痛，坐骨神经痛。,"八角枫 1500g, 白芷 50g, 徐长卿 150g, 甘草 20g",以上四味，白芷及徐长卿15g粉碎成细粉，过筛。剩余的徐长卿用水蒸气蒸馏法收集丹皮酚，药渣与八角枫、甘草加水煎煮二次，合并煎液，滤过，滤液浓缩成稠膏，与上述粉末混匀，干燥，研成细粉，加适量辅料，制成颗粒，干燥，加入丹皮酚（用适量乙醇溶解），混匀，压制成1000片，包糖衣，即得。
风湿定胶囊,胶囊剂,活血通络，除痹止痛。用于风湿性关节炎，类风湿性关节炎，颈肋神经痛，坐骨神经痛。,"八角枫 3000g, 白芷 100g, 徐长卿 300g, 甘草 40g",以上四味，徐长卿30g及白芷粉碎成细粉，过筛；剩余的徐长卿用水蒸汽蒸馏法收集丹皮酚后，药渣与八角枫、甘草加水煎煮二次，合并煎液，滤过，滤液浓缩成稠膏，与上述粉末混匀，干燥，研成细粉，加适量辅料，加入收集的丹皮酚（用适量乙醇溶解），混匀，装入胶囊，制成1000粒，即得。
心肝宝胶囊,胶囊剂,补虚损、益精气、保肺益肾，扶正固本。用于乙型慢性活动性肝炎、肝硬化、房性、室性早搏、心动过速、心动过缓；顽固性失眠症及肾病综合症，癌症辅助治疗。,人工虫草菌丝粉 250g,取人工虫草菌丝粉250g，装入胶囊，制成1000粒，即得。
玉龙油,搽剂,驱风祛寒，止痛消瘀。用于风湿痹痛，关节扭伤，肩周炎，腰腿痛，跌打疼痛，神经痛等。,"干姜 48g, 赤芍 48g, 天南星 16g, 草乌 16g, 川乌 16g, 附子 16g, 乳香 10.7g, 白芷 8g, 威灵仙 8g, 细辛 6.4g, 五倍子 2.7g, 薄荷油 56ml, 水杨酸甲酯 56ml, 樟脑 56g, 琥珀 36g, 薄荷脑 20g, 丁香罗勒油 5.6ml, 肉桂油 3.6ml, 八角茴香油 3.6ml",以上十九味，干姜、赤芍、天南星、草乌、川乌、附子、乳香、白芷、威灵仙、细辛、五倍子粉碎成粗粉，用乙醇浸渍两次，滤过，滤液备用。取琥珀干馏，制成琥珀油，与薄荷油、水杨酸甲酯、樟脑、薄荷脑、丁香罗勒油、肉桂油、八角茴香油混匀，加入上述滤液及香精适量，混匀，滤过，制成1000ml，即得。
去感热注射液,注射剂,"清热解毒,发汗解表。用于上呼吸道感染引起的高热症。","芦竹根 250g, 青蒿 250g, 竹叶柴胡 125g, 石膏 100g","取青蒿、竹叶柴胡用蒸馏法蒸馏，收集蒸馏液930ml,药渣弃之;另取芦竹根、石膏加水煎煮三次,合并煎液,滤过,滤液浓缩至适量.用乙醇沉淀处理二次,第一次使含醇量为70%,第二次使含醇量为80%,静置,滤过,回收并挥尽乙醇,加注射用水适量,加活性炭适量煮沸,抽滤至澄明;将苯甲醇3ml,聚山梨酯80ml加入蒸馏液中,混匀,再与上述药液合并,调节pH值,加注射用水至1000ml,精滤,灌封,灭菌,即得。"
龙胆泻肝片,片剂,清肝胆，利湿热。用于肝胆湿热，头晕目赤，耳鸣耳聋，耳肿疼痛，胁痛，口苦，尿赤涩痛，湿热带下。,"龙胆 120g, 柴胡 120g, 黄芩 60g, 栀子(炒) 60g, 泽泻 120g, 关木通 60g, 车前子(盐炒) 60g, 当归(酒炒) 60g, 地黄 120g, 甘草(蜜炙) 60g",以上十味，龙胆、黄芩粉碎成细粉，过筛，备用；柴胡、当归用水蒸气蒸馏法提取挥发油，药渣及蒸馏后的水溶液与其余泽泻等六味加水煎煮二次，每次2小时，合并煎液，滤过，滤液减压浓缩成清膏约600g，放冷，加2倍量60%乙醇，搅拌，静置24小时，倾取上清液，沉淀物再加60%乙醇1200g，搅拌，静置24小时，倾取上清液，合并两次上清液，低温浓缩成稠膏状。将稠膏与上述药物混匀，低温干燥，制成颗粒，喷加上迷柴胡等挥发油，混匀，压制成1000片，或包糖衣，即得。
灭滴栓,栓剂,杀虫、消炎。用于阴道滴虫、滴虫性阴道炎、滴虫性尿道炎等。,"桃叶干浸膏 300g, 半合成脂肪酸酯 370g",取半合成脂肪酸酯370g置水浴上加热使熔化后，加入桃叶干浸膏300g，搅匀，倾入模具内，制成1000粒，即得。
甲鱼软坚膏,膏剂,化瘀通络，软坚散结。用于瘀血阻络引起的瘢痕痞块，经闭不通，脘腹疼痛，小儿疳积，消瘦腹大，青筋暴露。,"活鳖 1344g, 莪术 92g, 乳香粉 19g, 三棱 92g, 鲜苋菜 1833g, 没药粉 19g, 食用植物油 10100g, 红丹 (每1500g炼油加500g)",以上六味，除乳香粉、没药粉外，其余活鳖等四味，酌予碎断，与食用植物油10100g同置锅内炸枯。去渣、滤过，炼至滴水成珠，每1500g炼油加入红丹500g搅匀，收膏，将膏浸泡于水中。取膏用文火熔化，每3000g膏药油加入上述处方中乳香粉、没药粉、搅匀，分摊于布上，即得。
白及颗粒,颗粒剂,收敛、止血、补肺。用于肺结核、慢性气管炎、百日咳、肺气肿、久咳伤肺、咯血吐血。,白及 1000g,取白及1000g，粉碎成中粉，照流浸膏剂与浸膏剂项下的渗滤法（附录1 O），用68%乙醇作溶剂，进行渗滤，收集滤液至几乎无色、无味，压榨药渣，榨出液与渗滤液合并，回收乙醇，残留液中加水适量，煮沸，除尽乙醇，放冷，静置48小时以上。滤过，滤液浓缩成稠膏，加辅料适量，制成颗粒，干燥，制成1000g，即得。
出血热预防片,片剂,凉血化瘀，清热解毒。用于预防流行性出血热。,"地黄 486g, 女贞子 486g, 白茅根 243g, 玄参 486g, 丹参 243g, 丹皮 486g, 板蓝根 243g",以上七味，玄参、丹皮粉碎成细粉，其余地黄等五味加水煎煮二次，第一次1.5小时，第二次1小时，合并煎液，滤过，滤液浓缩成流浸膏，用喷雾干燥法收粉，与备用细粉混匀，制粒，压制成1000片，包糖衣，即得。
乐脉颗粒,颗粒剂,行气活血，解郁化瘀，养血通脉。用于冠心病、动脉硬化、肺心病、多发性梗塞性痴呆等心脑血管疾病属气滞血瘀所致的头痛、眩晕、胸痛、心悸等症。,"丹参 499g, 川芎 249.5g, 赤芍 249.5g, 红花 249.5g, 香附 124.75g, 木香 124.75g, 山楂 62.4g",以上七味，加水煎煮三次，每次0.5小时，滤过，滤液于离心薄膜蒸发器内进行低温（45～50℃）浓缩至相对密度为1.10～1.30(50～60℃)，在间歇式流化床内与乳糖流化。干燥，制成颗粒1000g，即得。
加味四消丸,丸剂,消导食、水、气、积。用于气郁积滞，停食停水引起的胸膈满闷，腹胀积聚，胃脘作痛，二便不利。,"山楂(炒) 480g, 莪术(醋炙) 240g, 枳实 120g, 莱菔子(炒) 120g, 黄芩(酒炙) 120g, 槟榔 120g, 牵牛子(炒) 240g, 陈皮 480g, 枳壳(麸炒) 120g, 香附(醋炙) 300g, 青皮(醋炙) 120g, 栀子(姜炙) 360g, 大黄 600g",以上十三味，粉碎成细粉，过筛，混匀，用水泛丸，干燥，即得。
清火解毒丸,丸剂,清热，凉血，解毒。用于小儿热毒，疮疖痛肿，烦热口渴。,"水牛角浓缩粉 75g, 地黄 75g, 防风 75g, 黄连 75g, 当归 75g, 荆芥 75g, 连翘 52.5g, 赤芍 52.5g, 桔梗 52.5g, 牛蒡子(炒) 52.5g, 黄芩 52.5g, 薄荷 37.5g, 甘草 37.5g",以上十三味，除水牛角浓缩粉外，其余地黄等十二味粉碎成细粉；水牛角浓缩粉与上述粉末配研，过筛，混匀。每100g细粉加炼蜜55g与适量的水，泛丸，干燥，即得。
至宝灵芝酒,酒剂,补气养血，安神止喘。用于气血两亏，面色苍白或萎黄，气短咳喘有痰，四肢倦怠，食欲不振，心悸怔忡，头晕目眩，病后虚弱。,"灵芝 120g, 人参 60g, 白术 100g, 茯苓 100g, 肉桂 60g, 陈皮 30g, 当归(炒) 100g, 白芍 100g, 熟地黄 150g, 黄芪 150g, 五味子 30g, 远志 30g, 甘草 30g",以上十三味，粉碎成粗粉，用10倍量60%的白酒于50~60℃浸渍逆流循环提取7天。滤过，滤液冷冻48小时，滤过，制成4000ml，即得。
至灵胶囊,胶囊剂,补肺益肾。用于肺肾两虚所致咳喘、浮肿等症，亦可用于各类肾病、慢性支气管哮喘、慢性肝炎及肿瘤的辅助治疗。,至灵菌丝 250g,取至灵菌丝，加乙醇适量，制粒，80℃通风干燥2小时，整粒，称取250g，装入胶囊，制成1000粒，即得。
当归枯痛合剂,口服液,清热利湿，祛风止痛。用于风湿阻络，骨节疼痛，胸膈不利，或湿热下注，足胫红肿热痛，或溃破流脓水者，疮疡。,"当归 40.8g, 羌活 102g, 甘草(蜜炙) 102g, 黄芩 102g, 茵陈 102g, 党参 40.8g, 苦参 40.8g, 升麻 40.8g, 葛根 40.8g, 苍术 40.8g, 白术(炒) 61.2g, 泽泻 61.2g, 猪苓 102g, 防风 61.2g, 知母 61.2g",以上十五味，当归用蒸馏法提取挥发油；白术、防风、苍术、羌活用蒸馏法共同提取挥发油，蒸馏后的水溶液均另器收集；当归药渣用50%乙醇作溶剂，其余药渣与泽泻用25%乙醇作溶剂，照流浸膏剂与浸膏剂项下的渗滤法(附录ⅠO)，浸渍48小时后，以每分钟1~3ml的速度缓缓渗滤，合并滤液，回收乙醇，其余甘草等九味加水煎煮三次，每次2小时，合并滤液，滤过，滤液浓缩至适量，与上述水溶液、滤液合并，静置，滤过，浓缩至约1000ml，加入苯甲酸钠3g，放冷，加入上述挥发油，加水至1000ml，搅匀，即得。
当归南枣颗粒,颗粒剂,补血活血，调经止痛。用于血虚，月经不调，痛经，月经期症候群所引起的头痛，呕吐，失眠，胁痛及习惯性便秘等症。,"当归 300g, 大枣 140g, 何首乌 35g",以上三味，当归用70%乙醇浸渍2次，每次24小时，合并浸渍液，滤过，滤液浓缩成稠膏。大枣、何首乌加水煎煮二次，每次2小时，合并煎液，滤过，滤液浓缩至1:1，加等量乙醇使沉淀，上清液浓缩成稠膏。合并上述稠膏，加入蔗糖粉适量，混匀，制成颗粒，在60℃下干燥，制成1000g，即得。
吐泻肚痛胶囊,胶囊剂,化气消滞，去湿止泻。用于湿热积滞引起的肚痛泄泻，晕眩呕吐。,"木香 38g, 厚朴(姜制) 41g, 白芍 29g, 茯苓 44g, 甘草 35g, 广藿香 70g, 赤石脂 29g, 朱砂 17g, 丁香 21g",以上九味，除朱砂、赤石脂外，其余木香等七味粉碎成细粉，过筛。朱砂、赤石脂水飞或粉碎成极细粉，与上述细粉配研，过筛，混匀，装胶囊，即得。
全杜仲胶囊,胶囊剂,"降血压,补肝肾,强筋骨。用于高血压症,肾虚腰痛,腰膝无力。",杜仲 (相当于原药材1.25g/粒),本品为杜仲经加工制成的胶囊剂。
安胎益母丸,丸剂,调经，活血，安胎。用于气血两亏，月经不调，胎动不安。,"益母草 100g, 香附(醋制) 40g, 川芎 40g, 当归 40g, 续断 30g, 艾叶 30g, 白芍 30g, 白术 30g, 杜仲(盐水制) 30g, 党参 30g, 茯苓 30g, 砂仁 20g, 阿胶(炒) 20g, 黄芩 20g, 陈皮 20g, 熟地黄 100g, 甘草 10g",以上十七味，粉碎成细粉，过筛，混匀。每100g粉末加炼蜜80~100g制成大蜜丸，即得。
妇康片,片剂,补气，养血，调经。用于气血两亏，体虚无力，月经不调，经期腹痛。,"益母草 250g, 延胡索(醋制) 50g, 阿胶 25g, 当归 100g, 人参 50g, 熟地黄 125g, 白芍(酒制) 75g, 川芎 75g, 白术(炒) 75g, 茯苓 75g, 甘草(蜜炙) 50g",以上十一味，当归、川芎、白术、阿胶共粉碎成细粉，过筛；益母草、熟地黄、白芍、茯苓、甘草加水煎煮三次，滤过，合并滤液，浓缩成稠膏。取人参、延胡索、照流浸膏剂与浸膏剂项下的渗滤法(附表1 O)，分别用60%、70%乙醇作溶剂，进行渗滤，滤液回收乙醇，并浓缩成稠膏。将上述细粉及稠膏混匀，干燥，粉碎成细粉，过筛，加入辅料适量，混匀，制粒，压制成1000片，即得。
妇舒丸,丸剂,补气养血，调经止带。用于气血凝滞，子宫寒冷，月经不调，痛经，红崩白带，经期缠绵，小腹下坠，不思饮食。,"当归 10g, 川芎 40g, 党参 40g, 白术(麸炒) 40g, 熟地黄 40g, 香附(盐醋制) 40g, 白芍 40g, 黄芩(酒制) 10g, 茯苓 40g, 牡丹皮 40g, 陈皮 10g, 白薇 40g, 甘草 20g, 续断(酒制) 20g, 杜仲(盐制) 40g, 菟丝子(盐制) 40g, 桑寄生 40g, 砂仁(盐制) 10g, 延胡索(醋制) 40g, 肉桂 40g, 阿胶(蛤粉烫) 40g, 荆芥(醋制) 20g, 艾叶(醋制) 20g",以上二十三味，粉碎成细粉，过筛，混匀。每100g粉末加炼蜜30～45g与适量的水，泛丸干燥；或加炼蜜110～120g制成大蜜丸，即得。
抗风湿液,口服液,驱风去湿，活血通络，壮腰健膝。用于慢性风湿性关节炎，类风湿性关节炎，腰腿痛，坐骨神经痛，四肢酸痹及腰肌劳损等症。,"牛大力 30g, 两面针 12g, 七叶莲 12g, 半枫荷 20g, 黑老虎根 20g, 豺皮樟 20g, 路路通 12g, 血风根 20g, 香加皮 20g, 虎杖 16g, 千斤拔 30g, 毛冬青 20g, 鸡血藤 18g",以上十三味，蒸透，放冷，用42%乙醇1100ml浸渍30天，取浸渍液，加蔗糖、焦糖适量及42%乙醇使成1000ml，搅匀，静置7天，滤过，分装，即得。
抗衰灵膏,膏剂,滋补肝肾，健脾养血，宁心安神，润肠通便。用于头晕眼花，精力衰竭，失眠健忘，各种原因引起的身体虚弱。,"黄芪 40g, 白术 20g, 枸杞子 40g, 地黄 20g, 桑椹 40g, 菟丝子 20g, 茯神 40g, 熟地黄 10g, 芡实 40g, 麦冬 10g, 党参 20g, 莲子 10g, 黄精 20g, 山茱萸 10g, 何首乌 20g, 甘草 10g, 五味子 20g, 山药 10g, 玉竹 20g, 柏子仁 10g, 紫河车 20g, 龙眼肉 10g, 葡萄干 20g, 丹参 10g, 黑豆 20g, 乌梅 4g",以上二十六味，加水煎煮三次，第一次3小时，第二次2小时，第三次1小时，放置使沉淀、滤过、合并滤液，浓缩至相对密度为1.28(热测)，加炼糖适量，制成1000g，即得。
杜仲双降袋泡剂,散剂,降压，降脂。用于高血压症及高血脂症等。,"杜仲叶 700g, 苦丁茶 300g",以上二味，取苦丁茶适量粉碎成粗粉，其余与杜仲叶加水煎煮二次，滤过，滤液合并，浓缩至相对密度1.20(80℃)的清膏，加入苦丁茶粗粉，拌匀，干燥，分装，共制成100袋，即得。
杜仲壮骨胶囊,胶囊剂,益气健脾，养肝壮腰，活血通络，强健筋骨，祛风除湿。用于风湿痹痛，筋骨无力，屈伸不利，步履艰难，腰膝疼痛，畏寒喜温。,"杜仲 81g, 人参 32.4g, 三七 32.4g, 细辛 16.2g, 乌梢蛇 13.5g, 金铁锁 16.2g, 川芎 48.6g, 当归 48.6g, 秦艽 64.8g, 独活 48.6g, 白术 64.8g, 狗骨胶 13g, 桑枝 81g, 石楠藤 81g, 淫羊藿 81g, 木瓜 48.6g, 续断 48.6g, 附片 32.4g, 大血藤 54g, 威灵仙 48.6g, 寻骨风 81g, 黄芪 81g, 防风 48.6g",以上二十三味，取三七、乌梢蛇、洗净烘干，与狗骨胶一起粉碎成细粉备用。药头与其余杜仲等二十味加水煎煮三次，第一次2小时，第二次1小时，第三次30分钟合并煎液，静置24小时，抽滤上清液浓缩至相对密度1.35～1.38(80℃)的稠膏。取膏、粉混合均匀，做成软材，真空干燥后取出，粉碎、制粒，整粒后装入胶囊，包装即得。
杜仲补天素丸,丸剂,温肾养心，壮腰安神。用于腰脊酸软，夜多小便，神经衰弱等症。,"杜仲(盐水炒) 31.25g, 菟丝子(制) 31.25g, 肉苁蓉 31.25g, 远志(制) 31.25g, 当归(酒制) 31.25g, 莲子 31.25g, 泽泻 31.25g, 牡丹皮 31.25g, 白芍 31.25g, 淫羊藿 28.125g, 黄芪 62.5g, 熟地黄 62.5g, 山药 62.5g, 茯苓 62.5g, 白术 62.5g, 陈皮 15.625g, 砂仁 15.625g, 女贞子 14.06g, 金樱子 14.06g, 山茱萸 3.125g, 巴戟天 3.125g, 柏子仁 3.125g, 党参 62.5g, 枸杞子 62.5g, 甘草 31.25g","以上二十五味,杜仲、当归、莲子、泽泻、丹皮、白芍、茯苓、山药、砂仁、山茱萸、巴戟天及部分甘草粉研成细粉,剩余甘草与菟丝子等十三味加水煎煮二次;每次2小时,合并煎液,浓缩至相对密度约1.20,用药汁泛丸,制成2500粒,即得。"
杜仲补天素片,片剂,温肾养心，壮腰安神。用于腰脊酸软，夜多小便，神经衰弱等症。,"杜仲(盐水炒) 31.25g, 菟丝子(制) 31.25g, 肉苁蓉 31.25g, 远志(制) 31.25g, 当归(酒制) 31.25g, 莲子 31.25g, 泽泻 31.25g, 牡丹皮 31.25g, 白芍 31.25g, 淫羊藿 28.125g, 黄芪 62.5g, 熟地黄 62.5g, 山药 62.5g, 茯苓 62.5g, 白术 62.5g, 陈皮 15.625g, 砂仁 15.625g, 女贞子 14.06g, 金樱子 14.06g, 山茱萸 3.125g, 巴戟天 3.125g, 柏子仁 3.125g, 党参 62.5g, 枸杞子 62.5g, 甘草 31.25g","以上二十五味,莲子、山药研细粉备用;陈皮、砂仁先提挥发油备用,药渣与杜仲等药味加水煎煮二次,每次1:5小时,合并煎液,浓缩至相对密度1.15~1.18,放冷,加入1.5倍量乙醇,搅拌后,静置过夜,取上清液回收乙醇,药液浓缩至相对密度的1.30,加入莲子、山药细粉,混匀后干燥,研细粉,以稀释剂调至规定量后,制粒,喷入挥发油,混匀,压制成1000片,包糖衣,即得。"
利咽解毒颗粒,颗粒剂,清肺利咽，解毒退热。用于急慢性扁桃腺炎，咽喉肿痛，口疮痄腮症。,"板蓝根 30g, 金银花 30g, 连翘 10g, 薄荷 10g, 牛蒡子(炒) 10g, 山楂(焦) 30g, 桔梗 10g, 大青叶 30g, 僵蚕 10g, 玄参 30g, 黄芩 15g, 地黄 20g, 天花粉 20g, 大黄 10g, 川贝母 15g, 麦冬 30g",以上十六味，薄荷提取挥发油，蒸馏后的水溶液另器收集。药渣与金银花等十五味加水煎煮二次，每次1.5小时，合并煎液，滤过，滤液与上述水溶液合并，浓缩至相对密度为1.38～1.40(60～65℃)的清膏。取清膏1份，蔗糖2份，淀粉1份，制成颗粒，干燥，加入薄荷油，混匀，即得。
利胆石颗粒,颗粒剂,疏肝利胆，和胃健脾。用于胆囊结石，胆道感染，胆道术后综合症。,"茵陈 100g, 枳壳 100g, 麦芽 100g, 法半夏 100g, 山楂 100g, 川楝子 100g, 稻芽 100g, 香附 100g, 莱菔子 100g, 青皮 140g, 紫苏梗 100g, 陈皮 140g, 神曲 100g, 郁金 140g, 皂荚 36.4g",以上十五味，取皂荚、郁金。法半夏粉碎成粗粉，再与其余茵陈等十二味共同加水煎煮二次，滤过，合并滤液，浓缩至相对密度为1.06。室温静置24小时，滤过，滤液浓缩至稠膏，加入蔗糖适量，混匀，制成颗粒，干燥，制成1000g。即得。
肝得治胶囊,胶囊剂,清热解毒，活血化瘀，护肝理脾，降转氨酶。用于迁延性、慢性肝炎。,"五味子提取物 75g, 黄芩苷 21g, 桑椹丹参浸膏 200g, 甘草提取物 50g",以上四味，取黄芩苷、甘草提取物，桑椹丹参浸膏充分混匀，取五味子提取物加淀粉适量，混匀，加入上述三味混合料，混匀，制粒，干燥，过筛，装胶囊，制成1000粒，即得。
沙苑子颗粒,颗粒剂,温补肝肾，固精，缩尿，明目。用于肾虚腰痛，遗精早泄，白浊带下，小便余沥，眩晕目昏。,沙苑子(盐炙) 500g,取沙苑子(盐炙)500克，加水于80℃提取二次，第一次1.5小时，第二次1小时。合并提取液，滤过，滤液浓缩至相对密度为1.20～1.25(80～85℃热测)的清膏，加入醇使含醇量达60%，搅匀，静置12小时，滤过，滤液浓缩成稠膏状，加矫味剂，辅料及乙醇适量，制成颗粒、干燥，制成1000g即得。
补肾防喘片,片剂,温阳补肾。用于预防和治疗支气管哮喘的季节性发作，慢性支气管炎哮喘等。,"地黄 10g, 熟地黄 10g, 淫羊藿（羊油炙） 10g, 补骨脂（盐炙） 10g, 菟丝子（盐炙） 10g, 山药 10g, 陈皮 3g, 附片 6g",以上八味，山药粉碎成细粉；附片加水煎煮2小时，滤过，滤液备用；药渣与其余地黄等六味加水煎煮三次，第一、二次各3小时，第三次2小时，滤过，合并滤液，加入附片滤液，减压浓缩至相对密度为1.38(80℃)以上，加入山药细粉，混匀，真空干燥成干浸膏，加入适量辅料，制成颗粒，压片，包糖衣或薄膜衣，即得。
补肾康乐胶囊,胶囊剂,壮阳益肾，大补气血，添精生髓，强身健脑。用于未老先衰，性机能减退，腰腿酸痛，疲乏无力，失眠健忘，精神恍惚等症。,"淫羊藿 117g, 制何首乌 7g, 花生米 21g, 龟甲(烫) 2.5g, 山茱萸(制) 9g, 肉桂 1.25g, 枸杞 7g, 狗肾(制) 25g, 熟地黄 5g, 黄柏(制) 17g, 续断 1.5g, 五味子(制) 8g, 紫河车 83g, 杜仲 6.5g, 人参 15g, 益智仁(制) 2.5g, 海马(制)5g",以上十七味，取淫羊藿总量的65%及其余制何首乌等十六味粉碎成细粉，过筛、混匀，未通过筛的药粉与剩余淫羊藿加水煎煮二次，第一次2小时，第二次1.5小时。合并滤液、滤过，滤液浓缩至相对密度为1.05～1.10(70～80℃)的清膏。上述细粉及清膏与适量蜂蜜搅拌均匀，干燥，粉碎，装入胶囊，制成1000粒，即得。
补脑安神片,片剂,补肝益肾，养血安神。用于肝肾不足所致头痛眩晕，心悸不宁，失眠多梦，健忘。,"当归 110g, 制何首乌 146g, 女贞子 146g, 酸枣仁(生,炒各半) 73g, 黄精(蒸) 140g, 茯苓 73g, 合欢皮 110g, 墨旱莲 73g, 朱砂 18g, 远志 12g, 桑叶 12g","以上十一味,朱砂水飞或粉碎成极细粉;制何首乌,茯苓粉碎成细粉;过筛,混匀;取墨旱莲加水适量,于80℃温浸二次,每次2小时,合并浸液,滤过,滤液备用;取当归粉碎成粗粉,照流浸膏剂与浸膏剂项下的渗滤法(附表1 O),用70%乙醇作溶剂,浸渍4小时后,缓缓渗滤。收集滤液,回收乙醇,滤过,滤液备用,药渣和女贞子等六味加水煎煮二次,每次2小时,合并煎液,滤过,滤液与上述各澄清药液合并,浓缩至稠膏状,加入上述制何首乌,茯苓,朱砂的细粉与辅料适量,混匀,干燥,制成颗粒,压制成1000片,包糖衣,即得。"
灵龙感冒胶囊,胶囊剂,解表清热，祛湿止痛。用于重感，恶寒发热，头痛身痛，四肢酸软，小便发黄等症。,"羌活 625g, 龙胆 625g, 秦艽 625g, 关木通 625g, 防己 625g, 威灵仙 625g, 甘草 313g",以上七味，羌活水蒸汽蒸馏提取挥发油，备用；药渣与其余六味加水煎煮二次，每次1小时，合并煎液，滤过，滤液浓缩成稠膏，真空干燥，粉碎，过筛，喷入上述挥发油，装入胶囊，制成1000粒，即得。
灵芝颗粒(冲剂),颗粒剂,宁心安神，健脾和胃。用于失眠健忘，身体虚弱，神经衰弱，慢性支气管炎，亦可用于冠心病的辅助治疗。,灵芝 1500g,"取灵芝1500g,加水煎煮三次,第一次4小时,第二、三次各3小时,合并煎液,滤过,滤液浓缩至稠膏状,加适量的糖粉,混匀,压制成500块,干燥,即得。"
阿归养血颗粒,颗粒剂,补养气血。用于气血亏虚，面色萎黄，眩晕乏力，肌肉消瘦，经闭，赤白带下。,"当归 386g, 党参 24g, 白芍 24g, 甘草(蜜炙) 12g, 茯苓 24g, 黄芪 24g, 熟地黄 24g, 川芎 12g, 阿胶 24g",以上九味，除阿胶外，其余当归等八味粉碎成粗粉，混匀，照流浸膏剂与浸膏剂项下的渗滤法(附表1 O)，用60%乙醇作溶剂；浸渍24小时，缓缓渗滤，收集滤液，回收乙醇，浓缩至适量，静置后，收集上浮的油状物，另器保存；药渣加水煎煮1小时，滤过，滤液浓缩至适量，静置24小时。倾取上述两种浓缩药液，混匀，再加入用水溶化后的阿胶溶液，搅匀，煮沸30分钟，趁热滤过，浓缩至适量，加入蔗糖粉700g及糊精适量，制成颗粒，干燥，放冷，喷加上述油状物，混匀，制成1000g，即得。
阿归养血糖浆(当归养血膏),糖浆剂,补气养血。用于气血亏虚，面色萎黄，眩晕乏力，肌肉消瘦，经闭，赤白带下。,"当归 257g, 党参 16g, 白芍 16g, 甘草(蜜炙) 8g, 茯苓 16g, 黄芪 16g, 熟地黄 16g, 川芎 8g, 阿胶 16g, 蔗糖 834g",以上九味，除阿胶外，其余当归等八味粉碎成粗粉、混匀，照流浸膏剂与浸膏剂项下的渗滤法(附录1 O)，用60%乙醇作溶剂，浸渍24小时，缓缓渗滤，收集滤液，回收乙醇，浓缩至适量，放置后，收集上浮的油状物，另置保存；药渣加水煎煮1小时，滤过，滤液静置。合并上述两种药液，加入蔗糖834g，搅拌使溶化，再加入用水溶化后的阿胶溶液及防腐剂适量，搅匀，加入上述油状物，煮沸30分钟，滤过，加水调整总量至1000ml，即得。
鸡血藤颗粒,颗粒剂,补血，活血，通络。用于月经不调，血虚萎黄，麻木瘫痪，风湿痹痛。,鸡血藤 800g,取鸡血藤800g，加水煎煮二次，每次2小时，合并煎液，滤过，滤液浓缩至原生药的一倍量，静置24小时，取上清液，浓缩成相对密度为1.20(80℃)的清膏，加蔗糖粉1140g及适量淀粉，混匀，制成颗粒，干燥，即得。
鸡血藤糖浆,糖浆剂,补血，活血，通络。用于月经不调，血虚萎黄，麻木瘫痪，风湿痹痛。,鸡血藤 500g,取鸡血藤500g，加水煎煮二次，第一次3小时，第二次2小时，合并煎液，滤过，滤液浓缩至约500ml，静置，取上清液，煮沸，加入蔗糖850g及适量防腐剂，搅拌使溶解，继续煮沸20分钟，趁热滤过，加水至1000ml，混匀，即得。
驱风油,搽剂,促进局部血液循环，消炎，镇痛。用于风湿性关节炎痛。,"水杨酸甲酯 500g, 薄荷油 250g, 樟脑油 250g",以上三味，混匀，静置，滤过，即得。
青阳参片,片剂,平肝补肾，豁痰镇痉，定痛。用于癫痫、头昏头痛、眩晕、耳鸣、腰膝酸软等症。,青阳参总甙 100g,取青阳参总甙100g，加淀粉适量，压制成1000片，即得。
坤顺丸,丸剂,补气养血，理气调经。用于气血不足，肝郁阴虚引起，经期不准，行经腹痛，月经量少，手足心热。,"人参 60g, 白术（麸炒） 75g, 茯苓 150g, 甘草 75g, 熟地黄 150g, 当归 150g, 白芍 150g, 川芎 150g, 阿胶 75g, 地黄 150g, 木香 75g, 砂仁 75g, 香附（醋炙） 150g, 乌药 150g, 沉香 150g, 化橘红 150g, 紫苏叶 75g, 琥珀 75g, 牛膝 150g, 益母草 900g, 黄芩（酒炙） 150g",以上二十一味，粉碎成细粉，过筛，混匀。每100g粉末加炼蜜160~180g制成大蜜丸，即得。
肾炎四味片,片剂,活血化瘀，清热解毒，补肾益气。用于慢性肾炎。,"细梗胡枝子 2083g, 黄芩 375g, 北京石韦 500g, 黄芪 500g",以上四味，除黄芩外，其余三味分别加水煎煮二次，每次2小时，合并煎液，滤过，滤液浓缩至适量，加乙醇使含醇量为70%，搅匀，静置，取上清液回收乙醇，减压浓缩成稠膏状，干燥；粉碎，将黄芩粉碎成粗粉，加水于80℃温浸三次，每次2小时，趁热滤过，合并滤液，滤液中加入15%明矾水溶液，加入量为药液总体积的5%，搅拌，静置，滤过，沉淀物用水洗至中性，于75℃干燥，粉碎。合并上述细粉，加辅料适量，制成颗粒，压制成1000片，包糖衣，即得。
肾骨胶囊,胶囊剂,促进骨质形成，维持神经传导，肌肉收缩，毛细血管正常渗透压，保持血液酸碱平衡。用于儿童、成人或老年人缺钙引起的骨质疏松，骨质增生，骨痛，肌肉痉挛，小儿佝偻症。,(每粒含钙0.1g),本品为牡蛎经加工制成的胶囊。
明目拨云散,散剂,清热除湿。用于暴发火眼，眼边赤烂，黑睛云翳。,"炉甘石(煅,水飞) 120g, 黄连 30g, 琥珀 4.5g, 珍珠(豆腐炙) 3g, 冰片 4.5g",以上五味，珍珠水飞或粉碎成极细粉，琥珀、冰片、炉甘石分别研成最细粉；黄连加水煎煮三次，滤过，滤液浓缩，加入炉甘石粉末搅匀，干燥，研细，过筛，与上述珍珠等三味细粉配研均匀，过筛，即得。
明睛地黄丸,丸剂,滋肾养肝，明目。用于肝肾阴虚，目涩怕光，迎风流泪。,"地黄 272g, 熟地黄 272g, 防风 68g, 牛膝 51g, 苦杏仁 68g, 枳壳 68g, 石斛 68g",以上七味，粉碎成细粉，过筛，混匀。每100g粉末加炼蜜80~90g，制成大蜜丸，即得。
金龙伤湿止痛膏,膏剂,祛风除湿，消肿止痛。用于风湿痛，筋骨痛，关节痛，肩酸腰痛以及跌打肿痛。,"金龙干浸膏 20g, 枫香脂 45g, 冰片 11g, 薄荷脑 11g, 水杨酸甲酯 15g, 樟脑 15g, 肉桂油 8g, 松节油 15g",以上八味，金龙干浸膏系取半枫荷、斜皮樟、生草乌、两面针、过岗龙、黑老虎、山芝麻各1份，生川乌、姜黄、豆豉姜各1.2份，混合粉碎成粗粉，用乙醇提取后，浓缩成稠膏（测定水分后折算成干浸膏）；按处方量称取各药，另加2.3～2.5倍重的由橡胶、松香等制成的基质，制成涂料。进行涂膏，切段，盖衬，切成小块，即得。
金刚片,片剂,温阳补肾，益精填髓，强筋壮骨。用于腰膝酸软，阳痿不举，遗精早泄，小便频数。,"肉苁蓉(酒蒸) 125g, 杜仲(盐水炒炭) 125g, 硫黄(制) 10g, 巴戟天(盐炒) 125g, 羊腰子 40g, 淫羊藿 125g, 狗肾(烫) 15g",以上七味，除羊腰子、狗肾、巴戟天混合粉碎成细粉外，硫黄研成细粉，其余肉苁蓉等三味加水煎煮二次，第一次2小时，第二次1小时，合并煎液，滤过，滤液减压浓缩，干燥，研成细粉。将硫黄细粉与其他各味药粉配研，混匀，制粒，加入1%硬脂酸镁，混匀，压制成片，包糖衣，即得。
金衣至宝锭,丹剂,清热祛风，消食导滞。用于乳食停滞，感受风寒引起，发热流涕，咳嗽痰多，恶心呕吐，大便干燥。,"陈皮 15g, 山楂 15g, 麦芽(炒) 15g, 全蝎 15g, 蝉蜕 15g, 白附子(矾炙) 15g, 天麻 15g, 羌活 15g, 钩藤 15g, 槟榔 15g, 僵蚕(麸炒) 15g, 川贝母 15g, 紫苏叶 15g, 薄荷 15g, 广藿香 15g, 滑石 15g, 白芥子(炒) 9g, 胆南星(酒炙) 15g, 茯苓 60g, 六神曲(麸炒) 60g, 牛黄 1.8g, 麝香 1.2g, 冰片 1.2g, 朱砂 36g, 雄黄 15g, 琥珀粉 9g",以上二十六味，除牛黄、麝香、冰片、琥珀粉外，朱砂、雄黄分别水飞或粉碎成极细粉；其余陈皮等二十味粉碎成细粉；将麝香、冰片研细与上述粉末配研，过筛、混匀。每100g粉末加老蜜120~140g制成蜜锭，贴金衣、即得。
金黄抱龙丸,丸剂,清热镇惊，化痰熄风。用于痰热内蕴引起的急热惊风，咳嗽痰盛，烦躁不安，昏睡神迷。,"天竺黄 615g, 胆南星(酒炙) 615g, 牛黄 22.5g, 朱砂 120g, 琥珀粉 120g, 雄黄 300g",以上六味，除牛黄、琥珀粉外，朱砂、雄黄分别水飞或粉碎成极细粉；其余天竺黄等二味粉碎成细粉，与上述各粉末配研，过筛，混匀。每100g粉末加炼蜜65～70g制成大蜜丸，即得。
金梅感冒片,片剂,解表祛暑，清热解毒，利咽生津。用于外感风热引起的发热、头痛、咽喉肿痛、咳嗽或夏季中暑发热等。,"金盏银盘 1000g, 三叉苦 840g, 南板蓝根 670g, 肉梅 670g, 白茅根 500g, 山白芷 340g",以上六味，加水煎煮二次，第一次2小时，第二次1.5小时，趁热滤过，合并滤液，浓缩成稠膏，加入适量淀粉，混匀，于70℃以下干燥，粉碎，制成颗粒，压制成1000片，包糖衣，即得。
金嗓利咽胶囊,胶囊剂,燥湿化痰，疏肝理气。用于咽部不适，咽部异物感，声带肥厚等属于痰湿内阻，肝郁气滞型者。,"茯苓 165g, 枳实(炒) 165g, 胆南星 165g, 砂仁 165g, 槟榔 165g, 神曲(炒) 165g, 生姜 24.8g, 木蝴蝶 165g, 法半夏 165g, 青皮(炒) 165g, 橘红 165g, 豆蔻 82.5g, 合欢皮 165g, 紫苏梗 165g, 蝉蜕 165g, 厚朴(制) 165g",以上十六味，取茯苓、砂仁、胆南星各1/2量粉碎成细粉，过筛，混匀，其余枳实等十三味及上述三味的剩余量加水煎煮二次，每次2小时，合并煎液，滤过，滤液浓缩至相对密度为1.28～1.32(85℃)的稠膏，与上述细粉混匀，干燥，粉碎，制成细小颗粒，装入胶囊，制成1000粒，即得。
金嗓散结胶囊,胶囊剂,清热解毒，活血化瘀，利湿化痰。用于热毒蓄结，气滞血瘀而形成的慢喉咙（声带小结，声带息肉，声带粘膜增厚）及由此而引起的声音嘶哑等症。,"马勃 50g, 金银花 250g, 玄参 250g, 红花 100g, 板蓝根 250g, 浙贝母 150g, 鸡内金(炒) 100g, 木蝴蝶 150g, 莪术(醋炒) 100g, 桃仁(去皮) 100g, 三棱(醋炒) 100g, 丹参 150g, 麦冬 200g, 泽泻 150g, 蝉蜕 150g, 蒲公英 250g",以上十六味，取金银花、浙贝母、红花各1/2量，粉碎成细粉，过筛，混匀，马勃筛取10g细粉，其余12味及上述四味药的剩余量加水煎煮二次，每次2小时，合并煎液，滤过，滤液浓缩至相对密度为1.28～1.32(85℃)的稠膏与上述细粉混匀，干燥，粉碎，制成细小颗粒，装入胶囊，制成1000粒，即得。
乳康片,片剂,疏肝解郁，理气止痛，活血散瘀，消积化痰，软坚散结，补气健脾。用于乳腺增生病。,"牡蛎 75g, 乳香 30g, 瓜蒌 75g, 海藻 60g, 黄芪 120g, 没药 30g, 天冬 60g, 夏枯草 75g, 三棱 30g, 玄参 60g, 白术 60g, 浙贝母 30g, 莪术 30g, 丹参 75g, 鸡内金(炒) 30g",以上十七味，将鸡内金、浙贝母、乳香、没药粉碎成细粉，其余牡蛎等十三味加水煎煮二次，每次2小时，合并煎液，滤过，滤液浓缩至适量，加入乙醇使含醇量达到70～75%，搅拌，静置，滤过，滤液回收乙醇至稠膏状，加入上述药物，混匀，干燥，粉碎成细粉，加入适量辅料，用乙醇制粒，干燥，压制成1000片，即得。
乳鹿膏,膏剂,补气养血，益肾填精，用于体弱面黄，腰腹冷痛，月经不调，遗精阳痿,"乳鹿 200g, 紫河车 22.5g, 黄芪 480g, 龙眼肉 120g, 地黄 240g, 升麻 60g, 干鹿肉 1200g, 鹿角胶 480g, 党参 720g, 熟地黄 240g, 当归 240g",以上十一味，除鹿角胶外，干鹿肉加水煎煮五次，滤过，滤液冷却后，除去脂肪油。取乳鹿等九味，加水煎煮三次，滤过，取滤液适量，将鹿角胶溶化，加入上述滤液及鹿肉汁混匀，浓缩至相对密度1.45(50℃)的清膏。每100g清膏加老蜜200混匀，即得。
肥儿疳积颗粒,颗粒剂,健脾和胃，平肝杀虫。用于脾弱肝滞，面黄肌瘦，消化不良。,"使君子(炒去壳) 50g, 莲子 50g, 芡实 50g, 牵牛子(炒) 50g, 茯苓 50g, 苍术(炒) 25g, 鸡内金(炒) 25g, 乌梅(炒) 50g, 车前子 25g, 薏苡仁(炒) 50g, 苦楝皮 25g, 槟榔(炒) 50g, 白芍(酒炙) 50g, 抚芎 25g, 莠菔子 40g, 山药(炒) 50g, 麦芽 50g, 蓝花参 50g, 雷丸(炒) 50g, 甘草 40g, 白术 25g, 百部 25g","以上二十二味,车前子,牵牛子27.5g加水煎煮三次,每次2小时,滤过,合并滤液,浓缩至相对密度1.10.加入2倍量的乙醇,搅拌,静置.取上清液回收乙醇,滤过;其余使君子等二十味及剩余的牵牛子加水煎煮三次,每次2小时,滤过.滤液与上述回收乙醇后的滤液合并,浓缩成相对密度1.30~1.33的稠膏,加入淀粉适量,制成颗粒,干燥,制成905g,即得。"
泻毒散,散剂,泻火解毒。用于疮疡肿毒。,"大黄 400g, 黄连 200g, 黄芩 200g",以上三味，粉碎成细粉，过筛，混匀，即得。
治感佳片,片剂,清热、解毒、解表。用于温病初起，感冒发热头痛。,"山芝麻 1080g, 穿心莲 750g, 葫芦茶 580g, 三叉苦 580g, 板蓝根 500g, 羌活 500g, 薄荷脑 2.5g, 对乙酰氨基酚 50g, 盐酸吗啉双胍 12.5g, 马来酸氯苯那敏 0.666g",以上十味，山芝麻、葫芦茶、三叉苦、穿心莲、板蓝根、羌活加水煎煮二次，第一次1.5小时，第二次1小时，滤过，合并滤液，取上清液减压浓缩至适量，加乙醇使含醇量为50～55%，搅拌后静置，滤过，滤液回收乙醇，减压浓缩，干燥，粉碎成细粉。其余对乙酰氨基酚等四味分别研细，过滤，混匀，再与上述细粉混匀，加适量辅料，制成颗粒，干燥，压制成1000片，包糖衣，即得。
治感佳胶囊,胶囊剂,清热，解毒，解表。用于温病初起，感冒发热头痛。,"山芝麻 2160g, 穿心莲 1500g, 葫芦茶 1160g, 三叉苦 1160g, 板蓝根 1000g, 羌活 1000g, 薄荷脑 5g, 对乙酰氨基酚 100g, 盐酸吗啉双胍 25g, 马来酸氯苯那敏 1.33g",以上十味，山芝麻、葫芦茶、三叉苦、穿心莲、板蓝根、羌活加水煎煮二次，第一次1.5小时，第二次1小时，滤过，合并滤液，取上清液减压缩至适量，加入醋使含醇量为50～55%，搅拌后静置，滤过，滤液回收乙醇，减压浓缩，干燥，粉碎成细粉；其余对乙酰氨基酚等四味分别研细，过滤，混匀，再与上述细粉混匀，加适量辅料，混匀，装入胶囊，制成1000粒，即得。
降气定喘丸,丸剂,降气定喘，除痰止咳。用于慢性支气管炎，支气管哮喘，咳嗽气促等症,麻黄 6000g、葶苈子 7500g、紫苏子 7500g、桑白皮 7500g、白芥子 3000g、陈皮 3000g,以上六味，除陈皮粉碎成细粉外，其余麻黄等五味，加水煎煮二次，滤过，合并滤液，浓缩成稠膏，与上述陈皮粉及适量淀粉混匀，干燥，磨成细粉，过筛，用水泛丸，用甘草炭包衣，打光，干燥，制成 7000g，即得
参苓白术胶囊,胶囊剂,补脾胃，益肺气。用于脾胃虚弱，食少便溏，气短咳嗽，肢倦乏力,人参 178g、茯苓 178g、白术 (炒) 178g、山药 178g、白扁豆 (炒) 133g、莲子 89g、薏苡仁 (炒) 89g、砂仁 89g、桔梗 89g、甘草 178g,以上十味，人参、莲子、砂仁及山药 93g 粉碎成细粉；剩余山药与其余茯苓等六味，加水煎煮三次，合并煎液，滤过，滤液浓缩成稠膏，加入上述粉末，干燥，粉碎，混匀，过筛，装入胶囊，制成 1000 粒，即得
参茸鞭丸,丸剂,补肾壮阳，强精增髓。用于性欲衰退，肾虚，气弱，阳痿，早泄，遗精及男女一切肾病,鹿茸 1250g、巴戟天 200g、菟丝子 (炒) 900g、阳起石 (煅) 900g、黑顺片 900g、砂仁 100g、地骨皮 200g、甘草 50g、干家雀 150g、淫羊藿 (制) 100g、锁阳 150g、大青盐 400g、韭菜子 150g、狗鞭 (烫制) 1.7g、貂鞭 (烫制) 1.4g、红参 1000g、补骨脂 (盐炒) 150g、枸杞子 500g、肉桂 900g、熟地黄 500g、石燕 (煅) 500g、杜仲 (炭) 100g、公丁香 125g、天冬 200g、海马 (制) 100g、川牛膝 200g、硫黄 (制) 15g、驴鞭 (烫制) 6.7g、牛鞭 (烫制) 13.3g,以上二十九味，除红参、鹿茸、砂仁、肉桂、丁香外，巴戟天等二十四味置高压罐内蒸 2 小时，干燥，与红参等五味共粉碎成细粉，加入辅料适量，过筛，混匀；乙醇泛丸，干燥，生地黄粉包衣，即得
参鹿强身丸,丸剂,滋补强身，益肾壮阳。用于身体虚弱，精神不振，肾虚阳痿，腰背酸痛,红参 60g、全鹿干 120g、白术 (炒) 90g、白芍 (炒) 60g、肉苁蓉 60g、锁阳 90g、甘草 (炙) 45g、山药 90g、菟丝子 (酒炙) 90g、山茱萸 (蒸) 90g、覆盆子 90g、陈皮 60g、女贞子 (蒸) 120g,以上十三味，女贞子加水分次煎煮，合并煎液，滤过，滤液备用；其余人参等十二味粉碎成细粉，过筛，混匀，用炼蜜 37g 与女贞子煎出液泛丸，干燥，用滑石粉与胭脂红包衣，即得
茵莲清肝合剂,口服液,清热解毒，芳香化湿，舒肝利胆，健脾和胃，养血活血。用于病毒性肝炎，肝炎病毒携带者及肝功能异常患者,茵陈 300g、板蓝根 30g、绵马贯众 150g、茯苓 300g、郁金 100g、当归 150g、红花 100g、琥珀 30g、白芍 (炒) 300g、白花蛇舌草 300g、半枝莲 300g、广藿香 100g、佩兰 150g、砂仁 60g、虎杖 150g、丹参 300g、泽兰 150g、柴胡 100g、重楼 150g,以上十九味，取广藿香、佩兰、砂仁提取挥发油，另器保存；药渣与其余茵陈等十六味加水煎煮二次，第一次 2 小时，第二次 1.5 小时，合并煎液，滤过，滤液浓缩成稠膏，加入乙醇，使含醇量达 60～70%，静置 24 小时，滤过，滤液回收乙醇浓缩至 600ml，加入 80% 的单糖浆 300ml，上述广藿香等挥发油和苯甲酸钠 3g，搅匀，加入至 1000ml，滤过，分装，灭菌，即得
胃安宁片,片剂,制酸敛溃，解痉止痛，用于十二指肠溃疡，慢性胃炎，胃粘膜脱垂，胃幽门痉挛,海螵蛸 162g、白矾 (煅) 162g、白及 41g、延胡索 (醋制) 41g、救必应 41g、薄荷脑 0.06g,以上六味，白及、白矾、延胡索粉碎成细粉，过筛；海螵蛸、救必应加水煎煮二次，合并煎液，滤过，滤液浓缩成稠膏，加入适量炼蜜，与上述粉末混匀，制成颗粒，干燥，喷加乙醇溶解的薄荷脑溶液，混匀，压制成 1000 片，包糖衣，即得
秋梨润肺膏,膏剂,润肺止咳，生津利咽。用于阴虚肺热引起的咳嗽气短，痰少质粘，口燥咽干，喉痛声哑,梨 1000g、百合 10g、麦冬 20g、川贝母 10g、款冬花 5g,以上六味，秋梨搅碎，分离汁液，滤过，残渣加水煎煮二次，滤过，滤液与梨汁合并，浓缩至相对密度为 1.45 (50℃) 的清膏；其余百合等四味，加水煎煮三次，第一次 3 小时，第二次 2 小时，第三次 1 小时，滤过，滤液浓缩至相对密度为 1.45 (50℃) 的清膏，与上述清膏及冰糖 200g 加热混匀。每 100g 混合清膏加老蜜 100g，混匀，即得
香砂平胃颗粒,颗粒剂,健脾，温中，燥湿。用于饮食不节，食湿互滞，胃脘胀痛，消化不良,苍术 (炒) 384g、陈皮 144g、甘草 48g、厚朴 (姜炙) 240g、香附 (醋炙) 144g、砂仁 36g,以上六味，砂仁粉碎成粗粉，用乙醇 5 倍量浸泡 48 小时，滤过，滤液回收乙醇，浓缩至适量，备用；药渣与其余苍术等五味加水煎煮二次，每次 1.5 小时，合并煎液，滤过，滤液浓缩至相对密度为 1.25～1.28 (50～60℃) 的清膏。取清膏 1 份，加蔗糖粉 7 份及上述砂仁浓缩液，用乙醇适量制成颗粒，干燥，制成 1000g，即得
复方天麻颗粒,颗粒剂,健脑安神。用于失眠健忘，神经衰弱，以及高血压引起的头昏头痛,天麻 100g、五味子 50g、麦冬 100g,以上三味，天麻、五味子粉碎成粗粉，用 50% 乙醇浸渍三次，每次 24 小时，合并浸渍液，回收乙醇，备用；麦冬加水煎煮二次，每次 2 小时，煮提液与浸渍液合并，浓缩成流浸膏，加入液状甘油磷酸钠 (50%) 28g，苯甲酸钠 3g 及糖粉适量，制成颗粒，于 60℃以下干燥，喷入柠檬香精 2.5g，混匀，制成 1000g，分装，即得
复方五指柑片,片剂,用于中毒性消化不良，急、慢性胃肠炎，痢疾，风热感冒,五指柑 900g、十大功劳 900g、岗梅 600g、山芝麻 600g,以上四味，加水煎煮二次，合并煎液，滤过，滤液浓缩至适量，加入 85% 的乙醇使含乙醇量为 47%，静置，滤过，滤液浓缩成稠膏，干燥，粉碎成细粉，加辅料适量，混匀，制成颗粒，压制成 1000 片，包糖衣，即得
复方牛黄清胃丸,丸剂,清热通便。用于胃肠实热引起：口舌生疮，牙龈肿痛，咽膈不利，大便秘结，小便短赤,大黄 240g、牵牛子 (炒) 200g、栀子 (姜炙) 80g、石膏 120g、芒硝 80g、黄芩 80g、黄连 20g、连翘 80g、山楂 (炒) 160g、陈皮 160g、厚朴 (姜炙) 80g、枳实 80g、香附 40g、猪牙皂 120g、荆芥穗 40g、薄荷 40g、防风 40g、菊花 40g、白芷 120g、桔梗 80g、玄参 120g、甘草 40g、牛黄 5g、冰片 51.5g,以上二十四味，除牛黄、冰片外，其余大黄等二十二味粉碎成细粉；将牛黄、冰片研细与上述粉末配研，过筛，混匀。每 100g 粉末加炼蜜 160～180g 制成大蜜丸，即得
复方石淋通片,片剂,清热利湿，通淋排石。用于膀胱湿热，石淋涩痛，尿路结石，泌尿系感染属肝胆膀胱湿热者,广金钱草 1500g、石韦 500g、海金沙 500g、滑石粉 25g、忍冬藤 500g,以上五味，除滑石粉外，其余广金钱草等四味，分别加水煎煮二次，每次 2 小时，滤过，合并滤液，浓缩至适量。广金钱草浓缩液加 5 倍量 85% 乙醇，海金沙、忍冬藤、石韦浓缩液加 5 倍量 70% 乙醇，搅匀，静置，滤过，回收乙醇，浓缩成稠膏。合并上述稠膏，加入滑石粉及适量辅料，混匀，制成颗粒，干燥，压制成 1000 片，包糖衣，即得
复方青黛丸,丸剂,清热解毒，消斑化瘀，祛风止痒。用于进行期银屑病、玫瑰糠疹、药疹等,青黛 9g、乌梅 30g、蒲公英 12g、紫草 12g、白芷 15g、丹参 15g、白鲜皮 15g、建曲 9g、贯众 9g、土茯苓 30g、马齿苋 30g、萆薢 15g、山楂 (焦) 9g、五味子 (酒) 15g,以上十四味，青黛和土茯苓 1g 混合物粉碎成细粉，混匀；其余土茯苓、丹参等十三味药混合物粉碎成细粉，过筛，混匀，用水泛丸。再用青黛与土茯苓混合粉包衣，干燥，即得
复方枇杷糖浆,糖浆剂,镇咳祛痰。用于伤风咳嗽,枇杷叶 40g、氯化铵 10g、吐根酊 10ml、复方樟脑酊 5ml、甘草流浸膏 10ml、橙皮酊 1ml、薄荷油 0.25ml,以上七味，取枇杷叶，洗净，切成丝状，加水煎煮二次，每次 2 小时，合并煎液，滤过，静置过夜，取上清液浓缩成约 400ml；另取蔗糖 400g，制成单糖浆，加入上述枇杷叶浓缩液，氯化铵（用少量水溶解），吐根酊，复方樟脑酊，橙皮酊、甘草流浸膏，对羟基苯甲酸乙酯（用少量乙醇溶解）、苯甲酸钠、糖精钠、焦糖、桔子香精及薄荷油、搅匀，加水制成 1000ml，搅匀，即得
复方板蓝根颗粒,颗粒剂,清热解毒，凉血。用于温病发热，出斑，风热感冒，咽喉肿烂，流行性乙型脑炎，肝炎，腮腺炎,板蓝根 600g、大青叶 900g,以上二味，加水煎煮二次，每次 1 小时，滤过，合并滤液，浓缩至适量，加入三倍量乙醇，搅匀，静置 24 小时，滤过，滤液回收乙醇，浓缩至稠膏状，加入蔗糖粉 1425g 及淀粉适量，混匀，制成颗粒，干燥，即得
复方荆芥熏洗剂,洗剂,祛风燥湿，消肿止痛。用于外痔，混合痔，内痔脱垂嵌顿，肛裂，肛周脓肿，肛瘘急性发作,荆芥 120g、防风 120g、透骨草 300g、生川乌 90g、虾蟆草 300g、生草乌 90g、苦参 120g,以上七味，将荆芥、生川乌、生草乌粉碎成细粉；其余防风等四味加水煎煮三次，第一、二次各 2 小时，第三次 1 小时，合并煎液，滤过，滤液减压浓缩，真空干燥成干膏，将干膏粉碎成细粉，与以上述细粉混匀，制成颗粒，干燥，即得
复方热敷散,散剂,祛风散寒，温筋通脉，活血化瘀，活络消肿；消炎，止痛。用于软组织损伤、关节炎、颈椎病等,川芎100g、红花50g、陈皮100g、柴胡100g、乌药100g、独活100g、干姜50g、艾叶150g、侧柏叶100g、铁粉3800g,除铁粉外，其余九味粉碎成中粉；铁粉中加入盐酸、醋酸和水，搅匀，与铁粉、活性炭、纤维素混合，加水搅匀，过筛
复方益肝灵片,片剂,益肝滋肾，解毒祛湿。用于肝肾阴虚，湿毒未清引起胁痛、纳差、腹胀、腰酸乏力等,益肝灵粉30g、五仁醇浸膏80g,益肝灵粉与淀粉、糊精混匀；加五仁醇浸膏，制成颗粒，干燥，压制成1000片，包糖衣
复方梨膏,膏剂,养阴润肺，增液生津，化痰止咳。用于阴虚久咳，肺燥咳嗽，病后虚咳，痰阻哮喘等,梨清膏1600g、南沙参40g、紫菀30g、麻黄20g、款冬花20g、紫苏子30g、桔梗40g、紫苏叶20g、前胡40g、桑叶30g、枳壳20g、甘草30g、茯苓30g、白茅根30g、百部30g、白及30g、法半夏30g、白芥子30g、浙贝母30g、荷叶炭30g、玉竹30g、瓜蒌仁20g、陈皮20g、天冬20g、白芍20g、藕节20g、苦杏仁20g、棕榈炭40g、阿胶40g、枇杷叶160g,除梨清膏外，阿胶烊化，余二十九味加水煎煮三次，滤过，滤液浓缩，加入蜂蜜、怡糖、梨清膏，浓缩至相对密度1.35～1.38，分装
复方鹿胎丸,丸剂,理血温经。用于经血不调，小腹冷痛，肢体酸软,鹿胎一具、益母草960g、当归240g、白芍240g、川芎30g、木香60g、柴胡60g、朱砂85g,朱砂水飞或粉碎成极细粉；鹿胎去污洗净，烘干，粉碎成小块，与益母草等六味混合粉碎成细粉，与朱砂配研，加炼蜜制成大蜜丸
复方感冒灵片,片剂,辛凉解表，清热解毒。用于风热感冒及温病之发热，微恶风寒，头身痛，口干而渴，鼻塞涕浊，咽喉红肿疼痛，咳嗽，痰黄粘稠,金银花 260g、五指柑 1042g、野菊花 781g、三叉苦 1302g、南板蓝根 781g、岗梅 2083g、对乙酰氨基酚 42g、马来酸氯苯那敏 0.75g、咖啡因 3g,以上九味，除对乙酰氨基酚、马来酸氯苯那敏、咖啡因外，取金银花 13g，研成细粉；剩余金银花与其余五指柑等五味加水煎煮二次，第一次 2 小时，第二次 1.5 小时，合并煎液，滤过，滤液浓缩至适量，加乙醇使含乙醇量达 60～65%，搅匀，静置，滤过，滤液浓缩成稠膏，干燥，粉碎成细粉，加入金银花细粉、对乙酰氨基酚、马来酸氯苯那敏和咖啡因的细粉及适量辅料，混匀，制成颗粒，压制成 1000 片，包糖衣，即得
复方感冒灵颗粒,颗粒剂,辛凉解表，清热解毒。用于风热感冒及温病之发热，微恶风寒，头身痛，口干而渴，鼻塞涕浊，咽喉红肿疼痛，咳嗽，痰黄粘稠,金银花 104g、五指柑 415g、野菊花 310g、三叉苦 520g、南板蓝根 310g、岗梅 835g、对乙酰氨基酚 16.8g、马来酸氯苯那敏 0.268g、咖啡因 1.2g,以上九味，除对乙酰氨基酚、马来酸氯苯那敏、咖啡因外，其余金银花等六味加水煎煮二次，第一次 2 小时，第二次 1.5 小时，合并煎液，滤过，滤液浓缩至适量，加乙醇使含乙醇量达 60～65%，静置，滤过，滤液浓缩成稠膏，加对乙酰氨基酚、马来酸氯苯那敏、咖啡因水溶液与蔗糖粉等辅料，混匀，制成颗粒，干燥，制成颗粒 100 袋或压成 100 块，即得
复明片,片剂,滋补肝肾，养阴生津，清肝明目。用于青光眼，初、中期白内障及肝肾阴虚引起的羞明畏光、视物模糊等病,羚羊角 1g、蒺藜 40g、木贼 25g、菊花 50g、车前子 25g、夏枯草 25g、决明子 40g、人参 15g、山茱萸 (制) 25g、石斛 40g、枸杞子 40g、菟丝子 25g、女贞子 25g、石决明 50g、熟地 10g、谷精草 25g、关木通 25g、黄连 25g、山药 25g、泽泻 10g、茯苓 25g、槟榔 25g、山栀 25g、地黄 25g、苁蓉 25g,以上二十四味，蒺藜、木贼、菊花、车前子、决明子、山茱萸、石斛粉碎成细粉，过筛、混匀，羚羊角、人参单独粉碎成细粉，再与上述细粉混匀，其余枸杞子等十五味，加水煎煮二次，每次二小时，合并煎液，滤过，减压浓缩至相对密度为 1.27～1.30 (60℃) 的稠膏，与上述药粉混匀，干燥，粉碎、过筛，加辅料适量，混匀，制粒，干燥，压制成 1000 片，包糖衣，即得
追风壮骨膏,膏剂,通风散寒，活血止痛，用于风寒湿痹，肩背疼痛，腰酸腿软，筋脉拘挛，四肢麻木，关节酸痛，筋骨无力，行步艰难。,"(每味药均为144g，除：豹骨 10080g, 蜈蚣 42g, 麝香 9.1g, 肉桂 23.4g, 丁香 23.4g, 龙骨 23.4g, 没药 23.4g, 乳香 23.4g, 血竭 23.4g)",以上七十九味，肉桂、丁香、龙骨、没药、乳香、血竭粉碎成细粉；麝香研成细粉，并与上述粉末配研，过筛，混匀。其余川芎等七十二味，酌予碎断，与食用植物油100800g，同置锅内炸枯，去渣，滤过，炼至滴水成珠。另取红丹33550～33650g，加入油内，搅匀，收膏。将膏浸泡于水中。取膏用文火熔化，加入上述粉末，搅匀，分摊于布上，即得。
盆炎净颗粒,颗粒剂,清热利湿，和血通络，调经止带。用于湿热下注，白带过多，盆腔炎见以上的证候者。,"忍冬藤 50g,鸡血藤 50g,狗脊 50g,蒲公英 20g,益母草 20g,车前草 20g,赤芍 12g,川芎 12g",以上八味，加水煎煮二次，每次2小时，合并煎液，滤过，滤液浓缩至相对密度为1.25(90℃)，加乙醇使含醇量为65%，搅匀，静置12小时，滤取上清液，回收乙醇至相对密度为1.30(60~65℃)的清膏，加入辅料适量，混匀，制成颗粒，干燥，制成120g，即得。
胆宁片,片剂,清热化湿，疏肝利胆。用于急慢性胆囊炎，胆道感染，胆结石等。,"人工牛黄 30g,水飞蓟素 17.5g,盐酸小檗碱 12.5g,延胡索 125g,大黄 12.5g,蒲公英 150g,金钱草 200g,薄荷油 2g",以上八味，取延胡索，大黄适当粉碎，用60%乙醇作溶剂，浸渍24小时后照流浸膏剂与浸膏剂(附表1 O)进行渗滤，收集渗滤液，在70℃以下浓缩。薄公英、金钱草分次加水煎煮至味尽，滤过，滤液浓缩后并入上述浓缩液中浓缩成稠膏状，干燥、制粉。再与人工牛黄、水飞蓟素、盐酸小檗碱及辅料制粒，喷入薄荷油，压制成1000片，包糖衣，即得。
脉君安片,片剂,平肝熄风，解肌止痛。用于高血压症、头痛眩晕、颈项强痛、失眠心悸、冠心病。,"钩藤 1470g,氢氯噻嗪 1.5g,葛根 549g",以上三味，葛根200g粉碎成细粉，剩余的葛根和钩藤粉碎成粗粉，照液浸膏剂与浸膏剂项下的渗滤法(附录ⅠO)，用85%乙醇作溶剂，浸渍48小时后进行渗滤，滤液减压浓缩至稠膏状，加入上述细粉及氢氯噻嗪。混匀，制成颗粒，压制成1000片，包糖衣，即得。
养血调经膏,膏剂,养血调经，暖宫止痛。用于经血不足，子宫虚寒引起的经期不准，行经腹痛，宫寒带下，腰酸腿软,当归 288g、白芍 288g、川芎 230g、丹参 230g、益母草 45g、泽兰 45g、牛膝 86g、续断 115g、没药 360g、生姜 1300g、大腹皮 288g、香附 (醋炙) 235g、木香 230g、陈皮 288g、白术 85g、茯苓 72g、柴胡 115g、鹿茸粉 27g、人参粉 45g,以上十九味，除鹿茸粉、人参粉外，其余当归等十七味酌予碎断，与食用植物油 1100g 同置锅内，炸枯，去渣，滤过，炼至滴水成珠。另取红丹 3600g～3700g，加入油内，搅匀，收膏，将膏浸泡于水中。取膏用文火熔化，每 8000g 膏药油加入处方中鹿茸粉、人参粉，搅匀，分摊于布上，即得
养阴降压胶囊,胶囊剂,滋阴潜阳，平肝安神，活血通络。用于肝肾阴虚，肝阳上亢引起的高血压病：头晕头痛，颈不适，目眩耳鸣，行走不稳，心悸心疼，烦躁易怒，失眠多梦,龟甲 (沙烫) 5g、珍珠层粉 5g、赭石 (煅醋淬) 5g、白芍 100g、石膏 50g、天麻 10g、钩藤 50g、夏枯草 10g、牛黄 5g、青木香 10g、槐米 10g、吴茱萸 (醋炙) 20g、大黄 (酒炙) 200g、五味子 (醋炙) 20g、人参 20g、冰片 0.5g,以上十六味，除牛黄、珍珠层粉外，冰片研细；龟甲，赭石，天麻，人参，钩藤、五味子六味粉碎成细粉，过筛，混匀；其余白芍等七味加水煎煮三次，第一次 2 小时，第二、三次各 1 小时，滤过，合并滤液，浓缩至相对密度为 1.40 (50℃) 的稠膏，加入上述龟甲等六味细粉，混匀，干燥，粉碎成细粉，与上述人工牛黄等三味细粉配研，过筛，混匀，装入胶囊，制成 300 粒，即得
养阴清肺颗粒,颗粒剂,养阴清热，润肺止嗽。用于阴虚肺热，津液不升引起：咳嗽少痰，久嗽音哑，口干舌燥，咽喉肿痛，乳蛾喉痹,地黄 450g、麦冬 270g、玄参 360g、川贝母 180g、白芍 180g、牡丹皮 180g、薄荷 112.5g、甘草 90g,以上八味，取薄荷提取挥发油，蒸馏后的水溶液另器收集；其余地黄等七味，加水煎煮二次，第一次 3 小时，第二次 2 小时，合并煎液，滤过，滤液与上述水溶液合并，浓缩成相对密度为 1.10 (50℃) 的清膏，加三倍量乙醇，使沉淀，取上清液，回收乙醇，浓缩至相对密度为 1.35～1.40 (50℃) 的清膏。取清膏 1 份，蔗糖粉 2 份，糊精 1 份及乙醇适量制成颗粒，干燥，加入上述薄荷挥发油，混匀，即得
前列舒乐颗粒,颗粒剂,补肾益气，化瘀通淋。用于肾脾双虚，气滞血瘀，前列腺增生，慢性前列腺炎；面色晃白，神疲乏力，腰膝疲软无力，小腹坠胀，小便不爽，点滴不出，或尿频、尿急、尿道涩痛,淫羊藿 240g、黄芪 120g、蒲黄 90g、车前草 120g、川牛膝 30g,以上五味，加水煮沸二次，第一次 2 小时，第二次 1.5 小时，合并一、二次煎液，滤过，浓缩至相对密度为 1.48 (80℃)，用白糖为辅料，按 1:3 (浸膏：白糖) 搅拌混合均匀，制成颗粒，干燥，即得
烂耳散,散剂,杀菌，消炎，防腐。用于耳肿，流脓，烂耳边，耳底溃疡及烂头、烂肉,硼酸 540g、枯矾 30g、氧化锌 360g、白矾 30g、磺胺二甲嘧啶 120g,以上五味，粉碎成最细粉，过筛，混匀，即得
活血止痛胶囊,胶囊剂,活血散瘀，消肿止痛。用于跌打损伤，瘀血肿痛,当归 400g、三七 80g、乳香 (制) 80g、冰片 20g、土鳖虫 200g、自然铜 (煅) 120g,以上六味，除冰片外，其余当归等五味粉碎成细粉；将冰片研细，与上述粉末配研，过筛，混匀，装入胶囊，即得
冠心苏合滴丸,丸剂,理气宽胸，止痛。用于心绞痛，胸闷憋气,苏合香 50g、冰片 105g、乳香 (制) 105g、檀香 210g、青木香 210g,以上五味，除苏合香、冰片外，其余乳香等三味提取挥发油，药渣用 80% 乙醇加热回流提取二次，每次 2 小时，滤过，滤液回收乙醇至无醇味，减压浓缩至相对密度为 1.25～1.30 的稠膏，干燥，粉碎成细粉，加入苏合香、冰片及聚乙二醇基质适量，加热至溶解，再加入上述乳香等挥发油，混匀，制成滴丸，即得
退障眼膏,膏剂,明目退翳。用于初发白内障及角膜斑翳,决明子 30g、木贼 20g、谷精草 20g、蛇蜕 2.5g、羌活 15g、海藻 25g、莪术 15g、苍术 (炒) 15g、黄精 25g、枸杞子 20g、密蒙花 15g、白蒺藜 20g、蝉蜕 25g、石决明 25g、昆布 25g、威灵仙 15g、细辛 7.5g、当归 20g、何首乌 25g,以上十九味，加水煎煮三次，每次 1 小时，合并煎液，滤过，滤液浓缩至相对密度为 1.15～1.20 (20℃) 的清膏，加 3～5 倍乙醇，使沉淀，回收乙醇，浓缩至相对密度为 1.40 (20℃) 的稠膏，加 9 倍灭菌基质〔凡士林：羊毛脂：液体石蜡 (8:1:0.8)〕，混匀，灌装，即得
蚕蛾公补片,片剂,补肾壮阳，养血，填精。用于肾阳虚损，阳痿早泄，宫冷不孕，性机能衰退等症,雄蚕蛾 (制) 500g、人参 50g、熟地黄 240g、白术 (炒) 240g、当归 180g、枸杞子 180g、补骨脂 (盐制) 180g、菟丝子 (盐制) 120g、蛇床子 120g、仙茅 120g、肉苁蓉 120g、淫羊藿 120g,以上十二味，人参、白术粉碎成细粉；其余雄蚕蛾等十味，用 50% 乙醇回流提取三次，滤过，合并滤液，回收乙醇，浓缩成稠膏，加入上述细粉和适量淀粉，混匀，制粒，压制成 3200 片，包糖衣，即得
莲芝消炎胶囊,胶囊剂,清热解毒，凉血消肿。用于肠胃炎，支气管炎，扁桃体炎，咽喉炎，肺炎等,穿心莲总内酯 60g、山芝麻干浸膏 172g,以上二味，加适量辅料，研磨，过筛，混匀，装胶囊，制成 1000 粒，即得
柴枳四逆散,散剂,疏肝理脾。用于热厥手足不温，胸胁痞满，下痢腰痛,柴胡 250g、白芍 250g、枳壳 (炒) 250g、甘草 250g,以上四味，粉碎成最粗粉，过筛，混匀，即得
眠安宁口服液,口服液,养血安神。用于神经衰弱，失眠多梦，心神不安等症,丹参 250g、熟地黄 125g、首乌藤 125g、白术 (麸炒) 94g、陈皮 65g、远志 (制) 47g、大枣 250g,以上七味，将陈皮除子碎断，用 70% 乙醇回流提取二次，第一次 2 小时；第二次 1 小时，合并提取液，减压回收乙醇，浸膏备用；药渣与其余丹参等六味加水煎煮二次，每次 2 小时，滤过，合并滤液，静置，取上清液浓缩至相对密度 1.08～1.12 (55～60℃)，加乙醇使含醇量达 60%，混匀，静置，取上清液减压回收乙醇，加入陈皮浸膏、蜂蜜 50g、尼泊金乙酯 1.5g，加水调至 1000ml，混匀，滤过，灌装，灭菌，即得
健宝灵片,片剂,健脾益胃，促进生长，增强抵抗力。用于食欲不振，发育不良，病后体弱,银耳 10g、山药 40g、茯苓 40g、山楂清膏 80g、赖氨酸 50g,以上五味，取银耳、山药、茯苓粉碎成细粉，加入赖氨酸、枸橼酸 4g、氯化钠 2g 及适量蔗糖粉，混匀，再加入山楂清膏，混匀，制成颗粒，置 80℃以下干燥，加入适量桔子香精及润滑剂，压制成 1000 片，即得
健脑安神片,片剂,滋补强壮，镇静安神。用于神经衰弱，头痛，头晕，健忘失眠，耳鸣等,黄精 (蒸) 47g、淫羊藿 39g、枸杞子 16g、鹿茸 0.8g、鹿角胶 2g、鹿角霜 5g、红参 2g、大枣 (去核) 15g、茯苓 8g、麦冬 8g、龟甲 4g、酸枣仁 (炒) 8g、五味子 31g、远志 (制) 15g、熟地黄 8g、苍耳子 31g,以上十六味，红参、鹿茸、鹿角胶、鹿角霜和茯苓粉碎成细粉，过筛，混匀；五味子、苍耳子、枸杞子破碎与淫羊藿加 50% 乙醇回流提取二次，第一次 2 小时，第二次 1.5 小时，滤过，合并滤液，回收乙醇后并浓缩至相对密度 1.31～1.32 (80℃) 的稠膏；酸枣仁破碎与熟地黄、麦冬、黄精、远志、大枣加水煎煮二次，每次 4 小时，滤过，合并滤液，浓缩至相对密度为 1.31～1.32 (80℃) 的稠膏；龟甲加水煎煮二次，每次 3 小时，滤过，合并滤液，浓缩至相对密度为 1.31～1.32 (80℃) 的稠膏，残渣干燥后粉碎成细粉，过筛；合并上述稠膏，加入上述细粉及辅料适量，混匀，制成颗粒，干燥，压制成 1000 片，包糖衣，即得
健脑灵片,片剂,滋肾，镇静，安神。用于肾阳不足引起的神经衰弱、头晕、失眠、尿频、多梦等症,五味子 240g、甘草 20g、柏子仁 (霜) 80g、鹿茸 3g、白芍 (酒炒) 80g、酸枣仁 (炒) 240g、地黄 80g、当归 80g、肉苁蓉 (制) 40g、熟地黄 80g、茯苓 20g、川芎 20g,以上十三味，红参、鹿茸、白芍、当归共粉碎成细粉；其余五味子等九味加水煎煮二次，每次 2 小时，合并煎液，滤过，滤液浓缩成稠膏，加入上述细粉及适量辅料，混匀，70℃烘干，粉碎成细粉，制粒，干燥，压制成 1000 片，包糖衣，即得
益肺胶囊,胶囊剂,补肾益肺，清热化痰，止咳平喘。用于久病咳喘，胸满多痰,红参 100g、蛤蚧 30g、知母 100g、桑白皮 100g、川贝母 100g、茯苓 100g、甘草 200g、苦杏仁 (炒) 200g,以上八味，取甘草、苦杏仁用 70% 乙醇加热回流提取三次（第一、二次各 2 小时，第三次 1 小时），合并提取液，回收乙醇，浓缩成干膏（约 45g）。取苦杏仁粉碎成粗粉。加 90% 乙醇提取二次，第一次加 6 倍量，第二次加 4 倍量，各提取 1 小时，合并提取液，回收乙醇，浓缩液冷藏 12 小时，除去上层油质，滤过，干燥（70℃），将苦杏仁粗品，备用。其余红参等四味粉碎成细粉，与上述干膏、苦杏仁甙粗品混合，制成颗粒，干燥（70℃），粉碎成细粉；装入胶囊，制成 1000 粒，即得
消肿止痛酊,酊剂,舒筋活络，消肿止痛。用于跌打扭伤，风湿骨痛，无名肿毒，腮腺炎肿痛,木香 47g、防风 47g、荆芥 47g、细辛 47g、五加皮 47g、桂枝 47g、牛膝 47g、川芎 47g、徐长卿 47g、白芷 70g、莪术 47g、红杜仲 70g、大罗伞 100g、小罗伞 70g、两面针 100g、黄藤 95g、栀子 100g、三棱 70g、沉香 32.5g、樟脑 55g、薄荷脑 55g,以上二十一味，除樟脑、薄荷脑外，其余木香等十九味粉碎成粗粉，照流浸膏与浸膏剂项下的渗漉法（附录 Ⅰ O），用 53% 乙醇作溶剂，浸渍 28 小时后，以每分钟约 3ml 的速度缓缓渗漉，收集漉液 5300g，另器保存；取樟脑、薄荷脑加乙醇 700g 使溶解后，与上述漉液混匀，静置，滤过，即得
消咳宁片,片剂,止咳祛痰。用于感冒，咳嗽，气管炎，支气管哮喘等症,盐酸麻黄碱 10g、甘草浸膏 8.75g、苦杏仁 5g、石膏 5g、碳酸钙 20g,以上五味，苦杏仁去油，与其余盐酸麻黄碱等四味粉碎成细粉，加入辅料适量，混匀，制成颗粒，压制成 1000 片，即得
消络痛胶囊,胶囊剂,散风，祛湿。用于风湿性关节炎及其他风湿性疾病,芫花条 3000g、绿豆 300g,以上二味，取芫花条切成 5～10cm 的短条，与绿豆（包煎）加水煎煮二次，每次 2 小时，合并煎液，滤过，滤液浓缩至稠膏状，干燥，粉碎；取绿豆药渣，70℃干燥，粉碎成细粉，作为辅料与干膏粉混匀，装入胶囊，制成 1000 粒，即得
消瘀定痛膏,膏剂,行滞散瘀，消肿定痛。用于跌打损伤，挫闪扭伤，风寒湿痹及气滞血瘀所致的疼痛,山楂 200g、当归 60g、威灵仙 15g、川芎 30g、王不留行 90g、三棱 30g、急性子 150g、秦艽 60g、香加皮 90g、肉桂 20g、冰片 15g、樟脑 15g、颠茄浸膏 30g、麻贵 20g,以上十四味，除樟脑、冰片、颠茄浸膏外，其余当归等十一味粉碎成粗粉，加 90% 乙醇回流提取 2 次，每次 1.5 小时，滤过，合并滤液，滤液减压浓缩至稠膏状，另取橡胶 290g 与氧化锌 350g，混炼成胶片，并与汽油、凡士林 50g、羊毛脂 30g、液体石蜡 10g 搅拌 2 小时，加松香搅拌 2 小时，再加入上述稠膏、樟脑、冰片、颠茄浸膏与二甲基亚砜 40g，搅拌 2 小时，滤过，静置，进行涂膏、切段、盖衬、切成小块，即得
宽中顺气丸,丸剂,顺气宽胸，消积化滞。用于气血郁滞，停食停水引起：胸膈痞满，膨闷胀饱，不欲饮食，脘腹胀痛，大便秘结,木香 200g、陈皮 200g、香附（醋炙）300g、三棱（麸炒）100g、莪术（醋炙）100g、五灵脂（醋炙）200g、猪牙皂 100g、黄芩 100g、牵牛子 400g、大黄 400g、滑石 400g,以上十一味，粉碎成细粉，过筛，混匀，用水泛丸，干燥，即得
宽胸气雾剂,气雾剂,理气止痛。用于缓解心绞痛,细辛油 23ml、檀香油 70ml、高良姜油 32ml、荜茇油 15ml、冰片 22.5g,以上五味，将冰片研细，其余细辛油等四味，混匀，置 40℃水浴上，加入冰片，微热使溶解，以无水乙醇调整总量至 625ml，混匀，灌封特制的瓶中，压入抛射剂（二氟二氯甲烷）12g，即得
展筋活血散,散剂,活血化淤，展筋活络，消肿止痛。用于跌打损伤所致的关节肌肉肿痛、急性软组织及其他慢性组织损伤，腰肌劳损，肩周炎，落枕、颈椎病、腰椎盘突出等,人参 125g、琥珀 125g、没药（制）125g、乳香（制）125g、血竭 500g、珍珠粉 125g、当归 125g、三七 125g、麝香 75g、牛黄 25g,以上十味，除麝香、牛黄外，其余人参等八味干燥粉碎成细粉，过筛。将麝香、牛黄研细过 120 目筛，按递增法与上述粉末混合配研。混匀，即得
银花抗感片,片剂,清热解毒。用于伤风感冒，恶寒发热，头痛咳嗽，咽喉肿痛,金银花 234g、牡荆根 39g、贯众 234g、三叉苦 234g、葫芦茶 234g、山甘草 234g,以上六味，金银花粉碎成细粉，其余贯众等五味加水煎煮二次，第一次 2 小时，第二次 1 小时，合并煎液，滤过，滤液浓缩成稠膏，加入上述细粉及适量淀粉，制成颗粒，干燥，喷加薄荷油 2ml，混匀，压制成 1000 片，即得
银菊感冒片,片剂,辛凉解表，清热解毒。用于伤风感冒引起的发热、恶寒、头痛、咳嗽、咽喉疼痛及扁桃体炎,金盏银盘 302g、三叉苦 504g、菊花 202g、桑叶 302g、野菊 302g、五指柑 202g、翠云草 403g、山芝麻 302g、岗梅 605g、薄荷油 5ml,以上十味，除薄荷油外，取桑叶 160g 粉碎成细粉，过筛，剩余桑叶及其余金盏银盘等八味加水煎煮二次，合并煎液，滤过，滤液浓缩成稠膏，加入桑叶粉末，混匀，干燥，粉碎成细粉，加辅料适量，制成颗粒，干燥，冷，喷加薄荷油，混匀，压制成 1000 片，包糖衣，即得
银翘袋泡剂,颗粒剂,辛凉透表，清热解毒。用于风热感冒，发热头痛，咳嗽，口干，咽喉疼痛,金银花 100g、连翘 100g、薄荷 60g、荆芥 40g、牛蒡子 60g、桔梗 60g、淡豆豉 50g、芦根 60g、淡竹叶 40g、甘草 50g,以上十味，粉碎成粗粉，过筛，混匀，用水制粒，在 80℃干燥，装袋，即得
痔炎消颗粒,颗粒剂,清热解毒，润肠通便，止血，止痛，消肿。用于痔疮发炎肿痛、肛裂疼痛及痔疮手术后大便困难、便血等及老年人便秘,火麻仁 150g、紫珠叶 150g、槐花 75g、金银花 75g、地榆 75g、白芍 60g、三七 75g、茅根 150g、茵陈 75g,以上十味，除三七外，其余火麻仁等九味粉碎，加水煎煮二次，每次 2 小时，煎液乘热滤过，滤液浓缩至约 1:1，加入三倍量乙醇，搅匀，静置过夜，滤取上清液，残渣再用 70% 乙醇洗涤一次，洗液滤过，滤液与上述滤液合并，回收乙醇，浓缩成稠膏，加入上述细粉及适量辅料，制成颗粒，干燥，即得
康乐鼻炎片,片剂,疏风清热，活血驱瘀，祛湿通窍。用于外感风邪、胆经郁热、脾胃湿热而致的伤风鼻塞、鼻窒、鼻鼽、鼻渊（急、慢性鼻炎，过敏性鼻炎，鼻窦炎）,苍耳子 750g、辛夷 80g、白芷 330g、麻黄 250g、穿心莲 750g、黄芩 330g、防风 415g、广藿香 500g、牡丹皮 500g、薄荷脑 2g、马来酸氯苯那敏 0.66g,以上十一味，除马来酸氯苯那敏、薄荷脑外，取辛夷、防风、广藿香、白芷提取挥发油后，药渣与其余苍耳子等五味加水煎煮二次，第一次 1.5 小时，第二次 1 小时，滤过，合并滤液，减压浓缩成稠膏，喷雾干燥成细粉，加入马来酸氯苯那敏及适量辅料，混匀，制成颗粒，干燥，喷加薄荷脑乙醇溶液及上述挥发油，混匀，压制成 1000 片，包糖衣，即得
清肺化痰丸,丸剂,降气化痰，止咳平喘。用于肺热咳嗽，痰多作喘，痰涎壅盛，肺气不畅,胆南星（砂炒）30g、苦杏仁 60g、法半夏（砂炒）60g、枳壳（炒）60g、黄芩（酒炙）60g、川贝母 30g、麻黄（炙）30g、桔梗 60g、白苏子 30g、瓜蒌子 60g、陈皮 60g、莱菔子（炒）30g、款冬花（炙）30g、茯苓 60g、甘草 30g,以上十五味，粉碎成细粉，过筛，混匀。每 100g 粉末加炼蜜 35～50g 与适量的水，泛丸，干燥，制成水蜜丸；或加炼蜜 140～160g 制成大蜜丸，即得
清脑安神丸,丸剂,清热安神。用于惊悸怔仲，失眠健忘，头晕耳鸣，倦怠无力，心烦舌燥,远志 237g、琥珀 237g、牡蛎（煅）315g、磁石（煅）79g、五味子 237g、川芎 79g、菊花 237g、当归 237g、龙骨（煅）315g、九节菖蒲 237g、地黄 237g、丹参 237g、麦冬 237g、甘草 79g、玉竹 315g、栀子 237g、黄芩 158g、首石藤 237g、薄荷 79g,以上十九味，远志、菊花、五味子、琥珀、磁石、当归、牡蛎、川芎粉碎成细粉，其余九节菖蒲等十一味加水煎煮二次，第一次 3 小时，第二次 2 小时，合并煎液，滤过，滤液浓缩至相对密度为 1.10～1.15 (80℃) 的清膏，加入 3 倍量 80% 乙醇，搅拌，静置 24 小时，滤过。沉淀再加 3 倍量 80% 乙醇，搅拌，静置 24 小时，滤过。合并二次滤液，回收乙醇，浓缩成稠膏，干燥，粉碎成细粉，与上述细粉混匀，用水泛丸，包糖衣，即得
清凉含片,片剂,清热解暑，生津止渴。用于受暑受热，口渴恶心，烦闷眩晕，咽喉肿痛,薄荷 500g、紫苏叶 62.5g、葛根 31.25g、薄荷脑 6.25g、乌梅肉 62.5g,取薄荷提取挥发油；药渣同紫苏叶、乌梅肉、葛根等三味煎煮二次，第一次 2 小时，第二次 1.5 小时，合并煎液，滤过，浓缩成相对密度为 1.02 (80℃热测) 的清膏；取上述清膏和蔗糖 500g 混合制粒，干燥，加入上述挥发油和薄荷脑，混匀，压制成 10000 或 5000 片，即得
清凉喉片,片剂,疏散风热，清利咽喉。用于风热感冒，咽喉肿痛,桉油 0.5ml、薄荷脑 1.25g、枸橼油 0.5ml、薄荷油 0.75ml,以四味，将枸橼酸 0.75g 用适量乙醇溶解，加入辅料，混匀，制成颗粒，干燥；桉油、枸橼油、薄荷油混匀，加入薄荷脑使溶解，再与上述颗粒混匀，压制成 1000 片，即得
惊风七厘散,散剂,定惊清热，祛风除痰。用于小儿惊风，痰涎壅盛，咳嗽气喘，食滞呕吐，腹痛泄泻,天麻（姜制）64g、白附子（姜制）64g、胆南星 64g、天竺黄 32g、钩藤 64g、全蝎（制）64g、蝉蜕 4.8g、僵蚕（姜制）12.25g、牛黄 15.9g、麝香 64g、冰片 64g、朱砂 64g,以上十一味，除麝香、牛黄、冰片外，其余天麻等八味粉碎成细粉，过筛，将麝香、牛黄、冰片分别研细，与上述粉末配研，过筛，混匀，即得
惊风散,散剂,镇惊，化痞，消食。用于小儿急惊风，手足抽搐，宿食积痞，腹胀,朱砂 150g、雄黄 450g、天竺黄 300g、全蝎（去勾）40g、钩藤 300g、巴豆霜 250g、倒爬虫 4g,以上七味，朱砂、雄黄分别水飞或粉碎成极细粉；巴豆霜粉碎为细粉；其余天竺黄等四味粉碎成细粉，与上述粉末配研，混匀，即得
屠苏液,口服液,温经，疏风，散寒，解毒。用于预防感冒，风寒。冬春交替之季饮用更有益处,苏木 23g、肉桂 23g、防风 31g、粉草幕 16g、花椒 18g、桔梗 18g、大黄 18g、制川乌 1.5g、赤小豆 6g,以上九味，粉碎成粗粉，用白酒 3000ml 浸渍 15 天，搅拌，滤过，滤液静置 24 小时，取上清液，加入蔗糖 600g 制得的单糖浆及白酒适量，制成 4000ml，搅匀，静置，滤过，即得
维尔康胶囊,胶囊剂,健脾固本，益气扶正。用于年老体虚，健忘，妇人病后虚弱,人参 0.2008mg、灵芝 50g、黄芪 120mg、维生素 A 25000 单位、维生素 E 50mg、维生素 C 50mg、甲基橙皮苷 30mg、硫酸锌 0.875mg,无明确详细制法描述（按胶囊剂常规工艺，将原料处理后装胶囊）
绿萼点舌丸,丸剂,清热解毒，消肿止痛。用于疔疮痈肿初起，咽喉、龈、舌肿痛,白梅花 450g、沉香 45g、血竭 90g、乳香（醋炙）90g、没药（醋炙）90g、雄黄 90g、硼砂 90g、石决明 90g、葶苈子 90g、朱砂 90g、冰片 45g、蟾酥 180g、牛黄 27g、珍珠 72g、麝香 27g、熊胆 18g、牛胆粉 72g,以上十七味，除牛黄、蟾酥、冰片、熊胆、牛胆粉外，珍珠、雄黄、朱砂分别水飞或粉碎成极细粉；其余白梅花等八味粉碎成细粉。将牛黄、蟾酥、麝香、冰片研细，与上述粉末配研，过筛，混匀。以米糊、白酒加水粉泛制成丸，低温干燥，即得
紫珠止血液,口服液,清热解毒，收敛止血。用于胃肠道出血、便血、咯血以及外伤出血等,紫珠草叶 500g,取紫珠草叶，加水煎煮三次，合并煎液，滤过，滤液浓缩至稠膏状，加入 4 倍量乙醇搅拌，放置过夜，滤过，弃去乙醇液，取沉淀物在 60℃以下挥去乙醇后，加水使溶解，静置使沉淀，滤过，滤液加水至 1000ml，分装，灭菌，即得
喉痛消炎丸,丸剂,清热解毒，消炎止痛。用于咽喉肿痛，疗疮蛾喉，痈疖肿毒，口舌生疮,牛黄 15g、青黛 10g、珍珠 15g、蟾酥 10g、冰片 10g、百草霜 15g,以上七味，除百草霜外，珍珠、雄黄水飞或粉碎成极细粉，牛黄、冰片、蟾酥、青黛分别研细，与上述细粉配研，过筛，混匀。用水泛丸，干燥，百草霜包衣，打光，即得
黑豆馏油软膏,膏剂,消炎，收敛，止痒，使角质再生。用于神经性皮炎，亚急性、慢性皮炎及慢性湿疹等,黑豆馏油 100g、冰片 10g、桉油 20g、氧化锌 150g,以上四味，将黑豆馏油、氧化锌与适量的经加热熔开并滤过的黄凡士林和植物油基质混匀，再加入溶于桉油的冰片及适量黄凡士林和植物油基质，使成 1000g，混匀，即得
锁阳补肾胶囊,胶囊剂,补肾壮阳，填精固真。用于肾阳虚或肾阴虚引起的阳痿、遗精、早泄等症,锁阳 31g、仙茅 31g、巴戟天 31g、当归 31g、蛇床子 31g、肉苁蓉（蒸）31g、韭菜子 31g、五味子（蒸）31g、红参 16g、牛鞭（制）16g、狗肾（制）16g、鹿茸 10g、黑顺片 10g、肉桂 10g、小茴香 10g、阳起石 10g、花椒 10g、菟丝子 31g、杜仲（盐炒）31g、沙苑子（盐炒）31g、党参（蜜炙）31g、山茱萸（蒸）31g、淫羊藿 31g、黄芪（蜜炙）31g、山药 31g、熟地黄 31g、补骨脂（盐炒）20g、枸杞子 20g、覆盆子 20g、远志 20g、莲须 20g、金樱子 20g、茯苓 20g、泽泻 10g、甘草（蜜炙）10g,以上三十五味，锁阳、仙茅、巴戟天、当归、蛇床子、肉苁蓉、韭菜子、五味子、红参、牛鞭、狗肾、鹿茸、黑顺片、肉桂、小茴香、阳起石、花椒十七味，粉碎成粗粉，过筛，混匀；其余菟丝子等十八味，加水煎煮二次，每次 3 小时，合并煎液，滤过，滤液浓缩成稠膏状，加入上述细粉，混匀，制成颗粒，干燥，装入胶囊，制成 1000 粒，即得
舒肺糖浆,糖浆剂,镇咳祛痰。用于急、慢性支气管炎,氯化铵 30g、桔梗流浸膏 0.75g、甘草流浸膏 100ml、百部流浸膏 20ml、盐酸麻黄碱 0.40ml,以上五味，与蔗糖 650g 及苯甲酸钠 75g，加适量的水，加热煮沸使溶解，趁热滤过，用热水洗涤容器与滤器，洗液并入滤液，冷却至 25℃，放冷，加入甘草流浸膏、百部流浸膏与桔梗流浸膏，混匀；将盐酸麻黄碱与氯化铵加水 60ml，加热使溶解后，滤过，滤液倾入糖浆液中，加水使成 1000ml，混匀，即得
舒筋止痛酊,酊剂,舒筋，活血，止痛。用于风湿痹阻引起的四肢关节及周身疼痛,草乌（甘草银花炙）6g、地枫皮 12g、透骨草 30g、红花 12g、乳香（醋炙）12g、骨碎补 12g、急性子 12g、花椒 12g、独活 12g,以上九味，粉碎成粗粉，照流浸膏剂与浸膏剂项下的渗漉法（附录 Ⅰ O），用 50% 乙醇作溶剂，浸渍 24 小时后进行渗漉，收集漉液 900ml，静置，滤过，灌装，即得
舒筋健腰丸,丸剂,补益肝肾，强健筋骨，驱风除湿，活络止痛。用于腰膝酸痛，坐骨神经痛,狗脊 600g、金樱子 192g、鸡血藤 360g、千斤拔 144g、黑老虎 360g、牛大力 240g、女贞子（蒸）30g、桑寄生（蒸）180g、菟丝子（盐制）32g、延胡索（制）20g、两面针 20g、乳香（制）20g、没药（制）20g,以上十三味，除牛大力、金樱子、鸡血藤、千斤拔、黑老虎的木部加水煎煮二次，滤过，合并滤液，浓缩成稠膏；其余牛大力等八味及黑老虎的皮部共粉碎成粗粉，加入上述稠膏，混匀，干燥，粉碎成细粉，过筛，混匀。每 100g 粉末加炼蜜 35～40g 与适量的水泛丸，用氧化钛包衣，干燥，打光，即得
温肾全鹿丸,丸剂,温肾固精，益气养血。用于肾阳虚弱，气血亏损引起：头晕健忘，目暗耳鸣，腰膝酸软，倦怠嗜卧，阳萎精滑，宫寒带下，滑胎小产,人参 240g、鹿角胶 60g、补骨脂（盐炒）48g、黄柏 96g、巴戟天（制）48g、锁阳 72g、川牛膝 60g、五味子（醋炙）30g、小茴香（盐炒）36g、老鹳草膏 48g、鹿茸 30g、菟丝子 120g、杜仲（炭）96g、黄芪（蜜炙）192g、香附（醋炙）144g、牛乳 480g、茯苓 30g、龙眼肉 720g、枸杞子 96g、冬虫夏草 1.5g、秋石 48g、楮实子 240g、鹿鞭 288g、茯苓 240g、胡芦巴（炒）30g、紫河车 48g、天冬 48g、麦冬 48g、柴胡 96g、熟地黄 48g、黄芩 48g、牛鞭 48g、知母 48g、鲜鹿肉（带骨）960g、没药（醋炙）48g、益苁蓉 48g、枸杞子 96g、远志肉（甘草水炙）36g、党参 48g、鹿尾 30g、肉苁蓉（酒炙）12g、花椒 12g、覆盆子 36g、紫河车 48g、川芎 48g、白术（麸炒）78g、当归 96g、陈皮 48g、沉香 68g、红花 30g、陈皮 48g、木香 48g、山药 384g、地黄 732g、酸枣仁（炒）48g、续断 48g、黄苓 96g、砂仁 48g、山 药 48g、白术 48g、桑白皮（蜜炙）30g,以上五十九味，白术、川芎、陈皮、当归、红花、木香、地黄、续断、砂仁、山药、黄芩、酸枣仁、木瓜、桑白皮十六味粉碎成细粉，与余人参等四十三味，分别粉碎于碎断，置罐中，另加黄酒 48000g，加盖封闭，隔水炖至酒尽，取出，搅匀，低温干燥，再粉碎成细粉，过筛，混匀。每 100g 粉末加炼蜜 70～80g 制成大蜜丸，即得
疏风散热胶囊,胶囊剂,清热解毒，疏风散热。用于风热感冒，发热头痛，咳嗽口干，咽喉疼痛,金银花 68.5g、连翘 137.0g、忍冬藤 68.5g、桔梗 82.2g、薄荷 82.2g、牛蒡子 82.2g、地黄 82.2g、淡竹叶 54.8g、荆芥 54.8g、栀子 12g、淡豆豉 54.8g、甘草 68.5g,以上十二味，取桔梗 15.4g、甘草 15g 混合研细粉备用。薄荷、荆芥、连翘先提取挥发油，药渣与入其余药村水提 2 次，取滤液浓缩至相对密度 1.30 (80℃) 的稠膏，放冷，以粉收膏，干燥，粉碎，再加入薄荷等挥发油，装胶囊，制成 500 粒，即得
疏痛安涂膜剂,膜剂,舒筋活血，消肿止痛。用于头面部神经痛，面神经麻痹，急、慢性软组织损伤及其他部位神经痛,透骨草 143g、伸筋草 143g、红花 48g、薄荷脑 6.7g,以上四味，除薄荷脑外，其余透骨草等三味加水适量，用醋酸调至 pH4～5，煎煮三次，每次 1 小时，合并煎液，滤过，滤液浓缩至相对密度 1.12～1.16，加乙醇使含醇量为 60%，放置过夜，滤过，合并，取滤液，滤过，滤液再浓缩至约 410g，加 20% 乙醇适量使溶清，加入透骨明胶，再加薄荷脑及红色油 3.8g，混匀，加 50% 乙醇调整总量至 1000ml，即得
痰饮丸,丸剂,温补脾肾，助阳化饮。用于痰饮咳嗽，气促发喘，咯吐白痰，畏寒肢冷，腰酸背冷，腹胀食少,苍术 150g、干姜 50g、附子（炙）75g、肉桂 50g、白术（炒）150g、甘草（炙）50g、白芥子（炒）100g、紫苏子（炒）150g、莱菔子（炒）75g,以上九味，白术、肉桂共粉碎成细粉，混匀；紫苏子、莱菔子、白芥子分别蒸约 30 分钟，压榨取油，反复蒸榨三次，合并脂肪油，药渣另器收集；苍术、干姜粉碎，分别用水蒸气蒸馏提取挥发油，药渣另器收集；莱菔子等药渣与附子、甘草加水煎煮三次，第一次 2 小时，第二、三次各 1.5 小时，滤过，滤液合并，浓缩成稠膏。将上述药粉与脂肪油混合均匀，烘干，粉碎成细粉，喷入挥发油，混匀，用明胶泛丸，打光，低温干燥，即得
痰净片,片剂,祛痰止咳。用于治疗急慢性气管炎，尤其是老年性气管炎,商陆提取物 15g,取商陆提取物 15g 加辅料适量，制成颗粒，压制成 1000 片，即得
豨莶风湿丸,丸剂,祛风除湿，通络止痛。用于四肢麻痹，腰膝无力，骨节疼痛及风湿性关节炎,豨莶草 200g、威灵仙 150g、桑枝 150g、桑寄生 150g、槐枝 100g、防己 100g,以上六味，粉碎成细粉，过筛，混匀，每 100g 粉末加炼蜜 100～110g，制成小蜜丸；或加炼蜜 200～220g 制成大蜜丸，即得
熊胆痔疮膏,膏剂,清热解毒，收湿敛疮。用于痔疮痛痒、肛门破裂、红肿流水,熊胆 32.5g、珍珠母 32.5g、麝香 1.95g、炉甘石（煅）163g、冰片 19.5g,以上五味，炉甘石和珍珠母水飞或粉碎成极细粉；熊胆、冰片、麝香研细，与上述粉末配研，混 匀，过筛，混匀，加入凡士林 880g，加热熔化，滤过，冷至 48～58℃时，加入上述混合物，搅匀，即得
熟三七片,片剂,补血和血。用于贫血，失血虚弱，月经不调，产后恶血不尽,熟三七 900g,取熟三七 900g，加入辅料适量，制成颗粒，压制成 1000 片，即得
麝香三妙膏,膏剂,消肿，解毒，止痛。用于乳痈、疖肿、疗毒、疮疡、黄水疮等,麝香 0.5g、当归 10g、红花 10g、乳香 5g、丹参 10g、黄芪 5g、朱砂 5g、三七 5g、川芎 1g、没药 5g、肉桂 5g,以上十一味，除麝香外，朱砂水飞或粉碎成极细粉；其余当归等九味，粉碎成粗粉，麝香研细，与上述粉末配研，过筛，混匀。另将食用植物油 500g 炼至滴水成珠，取红丹 250g，加入油内搅匀，收膏，将膏浸泡于水中。取膏用文火熔化，加入上述粉末及适量水，搅匀，将膏药量化，分摊于白布上，制成小块，即得
麝香回阳膏,膏剂,消肿，通窍，散瘀，排脓，生肌及杀菌防腐。用于腰痛，搭背，偏口，对口，伤手，痈疮，冻疮，黄水疮，一切疗毒，恶疮等症,白附子 126g、三棱 150g、蒲公英 100g、桃仁 100g、大黄 150g、巴豆 25g、肉桂 75g、蜈蚣 50g、甘遂 100g、苦地丁 75g、草乌 100g、甘松 200g、枳实 100g、全蝎 50g、穿山甲（制）50g、莪术 100g、川乌 75g、苦杏仁 75g、五倍子 175g、人工麝香 75g、冰片 1250g、红花 625g、儿茶 300g、乳香 300g、白芷 450g、黄柏 125g、当归 200g、没药 300g、黄芩 450g、血竭 200g、自然铜 75g,以上三十一味，取红花、儿茶、乳香、没药、黄柏、当归、白芷、黄芩、血竭、自然铜等十味，粉碎成细粉，过筛，混匀，备用；人工麝香、冰片研成细粉，备用，其余三棱等十九味，加醋 4000g，加热回流 24 小时，滤过，滤液浓缩至 320g，放冷，滤过，备用。取香油 15000g 炼至滴水成珠，另取红丹 8450g，加入油中，搅匀，收膏，将膏浸泡于水中，备用。取膏用 29250g 用文火熔化，加入醋提取液及上述药粉，充分搅匀至无结块，放冷，待温度降至 60℃左右，再加入冰片、人工麝香，搅拌均匀，摊于白布上，即得
麝香奇应丸,丸剂,清热，解毒，镇惊。用于小儿痰热惊风，烦热神昏，咽喉肿痛，无名肿毒,麝香 10g、冰片 40g、大黄 400g、胡黄连 300g、香墨 300g、儿茶 250g、熊胆 20g,以上七味，朱砂、麝香、冰片分别粉碎成细粉；大黄、胡黄连、香墨和儿茶共粉碎成细粉，与麝香、冰片细粉配研，过筛，混匀。取面粉 40g 和糯米粉 30g（照适量作粘合剂）微炒后，与上述药粉混合，过筛，混匀。将熊胆用温水溶化，与剩下的面粉、糯米粉糊制，泛丸，泛丸时将玄明粉在丸中作心，以兔泡。阴干或低温干燥，即得
一清颗粒,颗粒剂,清热燥湿，泻火解毒，化瘀止血。用于热毒所致的身热烦躁，目赤口疮，咽喉、牙龈肿痛，大便秘结等症及咽炎、扁桃体炎、牙龈炎见上述症候者。亦可用于热盛迫血妄行所致吐血、咯血、鼻血、内痔出血等症,黄连165g、大黄500g、黄芩250g,以上三味，分别加水煎煮二次，第一次 1.5 小时，第二次 1 小时，合并煎液，滤过，滤液减压浓缩至相对密度约为 1.25 (70℃)，喷雾干燥成干浸膏粉，备用；将上述三种浸膏粉加入适量蔗糖粉与糊精，混匀，制粒，干燥，分装，即得
二仙口服液,口服液,滋阴助阳，补肾养血。用于气血两虚，周身酸软，神经衰弱等症,人参2.7g、枸杞子24g、鹿角胶6g、龟板胶2g、牛鞭12.5g、黄芪(蜜炙)33.3g、熟地黄(砂仁拌)37.3g、何首乌12.5g、五味子(醋制)12.5g、沙苑子(盐炒)12.5g、牛膝8g、核桃仁12.5g、黑芝麻(炒)33.3g、山药(炒)33.3g、远志(制)4g、丹参8g,以上十六味，人参加水煎煮三次，第一次 3 小时，第二、三次各 2 小时，合并煎液，滤过，滤液备用；龟板胶、鹿角胶加水烊化，滤过，滤液备用；牛鞭加水煎煮二次，第一次煮至触之即烂，第二次 2 小时，合并煎液，滤过，滤液备用；其余枸杞子等十二味加水煎煮二次，每次 3 小时，合并煎液，滤过，滤液与上述三种药液合并，浓缩至适量，滤过，滤液加炼蜜及蔗糖适量，混匀，加水至 1000ml，即得
二母安嗽糖浆,糖浆剂,清肺化痰，止嗽定喘。用于虚劳久嗽，春秋举发，咳嗽痰喘，骨蒸潮热，音哑声重，口燥舌干，痰涎壅盛,知母120g、玄参120g、罂粟壳240g、麦冬120g、款冬花360g、紫菀120g、苦杏仁120g、百部120g、浙贝母60g,以上九味，玄参、麦冬、罂粟壳加水煎煮二次，合并煎液，浓缩至适量；浙贝母、款冬花、百部、紫菀用 60% 乙醇作溶剂，照流浸膏剂与浸膏剂项下的渗漉法（附录 I O）进行渗漉，收集渗漉液 1120ml 备用，继续收集渗漉液，回收乙醇浓缩至适量；苦杏仁提取杏仁水，备用；将以上水煎浓缩液、乙醇浓缩液、杏仁水及乙醇渗漉液合并，混匀，调整容量及含醇量，静置三天，吸取上清液，余液滤过除去沉淀与上清液合并，加入单糖浆（按应出液数的 25%）搅匀，静置七天，测定总量至规定量，即得
二至丸 (浓缩丸),丸剂,补益肝肾，滋阴止血。用于肝肾阴虚，眩晕耳鸣，咽干鼻燥，腰膝酸痛，月经量多,女贞子（蒸）500g、墨旱莲500g,以上二味，取女贞子 300g，粉碎成细粉；其余女贞子与墨旱莲加水煎煮二次，每次 2 小时，合并煎液，滤过，滤液浓缩至相对密度 1.30 的稠膏，加女贞子粉，混匀，干燥，粉碎成细粉，过筛（留出适量浓缩膏粉末作包衣用），用水泛丸，干燥；用留出的浓缩膏粉末包衣，打光，干燥，即得
丁沉透膈丸,丸剂,健脾和胃，行气消胀。用于胃脘疼痛，气郁结滞，胸膈痞闷，嗳气吐酸，消化不良,丁香20g、沉香20g、木香20g、白术80g、香附(醋炙)40g、砂仁(盐炙)40g、草豆蔻(炒)20g、陈皮30g、麦芽(炒)20g、厚朴(姜炙)50g、广藿香30g、青皮(醋炙)20g、法半夏(醋炙)40g、云曲(炒)40g、茯苓40g、甘草20g,以上十六味，粉碎成细粉，过筛，混匀，用水泛丸，干燥，即得
七鞭回春乐胶囊,胶囊剂,补肾壮阳。用于肾虚阳萎，滑精早泄，性功能减退,鹿肾（制）1g、羊肾（制）20g、驴肾（制）1g、刺猬皮(制)20g、貂肾(制)1g、枸杞子20g、狗肾（制）30g、山药14g、牛肾（制）9g、制何首乌4g、马肾（制）20g,以上十一味，山药粉碎成细粉；鹿肾、驴肾、貂肾、狗肾、牛肾、马肾、羊肾加 30% 乙醇，浸渍 24 小时后，加入刺猬皮、枸杞子、制何首乌加热回流提取三次，第一次为 5 小时，第二次为 4 小时，第三次为 3 小时，合并提取液，滤过，滤液浓缩至浸膏状，加乙醇至含醇量达 70%，静置，取上清液，回收乙醇，浓缩成膏，与上述粉末混合，干燥，粉碎，过筛，混匀，装入胶囊，制成 1000 粒，即得
人参女金丸,丸剂,调经养血，逐瘀生新。用于月经不调，赤白带下，子宫寒冷，行经腹痛,红参100g、香附(醋制)500g、当归400g、白芍(酒炒)200g、茯苓200g、牡丹皮200g、白术(炒)150g、川芎100g、藁本100g、白芷100g、延胡索(醋制)100g、白薇75g、赤石脂(醋煅)50g、沉香50g、没药(炒)25g、肉桂25g,以上十六味，粉碎成细粉，过筛，混匀。每 100g 粉末加炼蜜 130~150g 制成大蜜丸，即得
人参药酒,酒剂,补气养血，暖胃散寒。用于气血两亏，神疲乏力，胃寒作痛，食欲不振,黄精(蒸)1250g、高良姜500g、莱菔子(炒)200g、鹿角胶85g、白术(炒)200g、鲜人参3360g、苍术(炒)200g、陈皮750g、淫羊藿100g、肉桂100g、红花65g、丁香65g、黄芪1000g、五味子200g,以上十四味，鲜人参加白酒 33.6kg 浸泡 30 天，取上清液，滤过，得浸液，人参另量；除鹿角胶外，黄精等十二味，酌予碎断，置容器内，加白酒 216.4kg，密闭浸泡（或隔水加热至沸后密闭浸泡），每天搅拌一次，夏季浸泡 30 天，其他季节 40 天（室温保持 15℃以上），取出浸液，药渣压榨，榨出液澄清后与黄精等浸液、人参浸液合并，加白糖 19kg，蜂蜜 19kg、鹿角胶（溶化后），搅拌溶解，密闭，静置 15 天以上，滤过，灌封（每瓶装鲜人参一支），即得
人参鳖甲煎丸,丸剂,活血化瘀，消痞块。用于久病不愈，癥块攻痛，风湿痰气，癥瘕疟母,人参30g、桃仁60g、射干120g、白芍(麸炒)150g、干姜150g、鼠妇虫90g、大黄150g、黄芩90g、葶苈子30g、石韦150g、蜂房(炒)120g、牡丹皮150g、桂枝150g、瞿麦(炒)120g、厚朴(制)150g、蜣螂虫180g、银硝360g、土鳖虫(炒)150g、凌霄花150g、鳖甲胶300g、柴胡180g、阿胶150g、生半夏(漂洗)150g,以上二十三味，先将人参粉碎成最细粉，再将其余二十二味混合粉碎成细粉，与上述人参粉混匀。每 100g 粉末加炼蜜 45~55g，与适量的水，泛丸，干燥，即得
三七丹参颗粒,颗粒剂,活血化瘀，理气止痛。长期服用有预防和治疗冠心病、心绞痛的作用,三七100g、丹参150g,以上二味，加水煎煮四次，煎液合并，滤过，滤液浓缩至 100ml，加入白糖适量，制成颗粒，干燥，制成 1000g，分装，即得
三分三浸膏片,片剂,解痉止痛。用于胃与十二指肠溃疡及胆、肾、肠绞痛，亦用于震颤麻痹,三分三浸膏10g（含生物碱以莨菪碱计为0.27~0.33%）,取含量为 0.27~0.33% 的三分三浸膏 10g，加辅料适量，制成颗粒，压制 1000 片，即得
下乳涌泉散,散剂,养血催乳。用于产后少乳,当归100g、白芍100g、桔梗100g、川芎100g、地黄100g、白芷100g、天花粉50g、甘草50g、柴胡50g、通草250g、漏芦250g、麦芽250g、穿山甲(烫)150g、王不留行(炒)300g,以上十四味，粉碎成粗粉，混匀，即得
大蓟止血片,片剂,凉血，止血。用于妇女功能性子宫出血，子宫复旧不全等,大蓟草4880g、干姜120g,以上二味，取大蓟草加水煎煮二次，每次 1 小时，合并煎液，滤过，滤液浓缩至相对密度为 1.20 (80~85℃)，待药液凉至 40~50℃时，渐渐加入乙醇至含醇量为 50%，充分搅拌，静置使沉淀，取上清液减压浓缩至 1200g 备用；另取干姜粉碎成粗粉，照流浸膏剂与浸膏剂项下的渗漉法（附录 I O），用 90% 乙醇作溶剂，浸渍 24 小时后进行渗漉，收集渗漉液，在 60℃以下低温浓缩至 120ml；将上述两液合并，混匀，减压浓缩成稠膏状，减压干燥，粉碎，制粒，压制成 1000 片，包糖衣，即得
小儿抗惊片,片剂,平肝熄风，镇惊解抽。用于急慢惊风，撮口天吊，痰壅中满，夜啼不宁，便青,朱砂134g、雄黄134g、天竺黄134g、胆南星134g、巴豆霜134g、全蝎(去钩)67g、天麻67g、蜈蚣(去头足焙)27条,以上八味，朱砂、雄黄分别水飞成极细粉，其余南星等六味与炒面粉 3g、辛夷皮细粉，与上述粉末研匀，过筛，混匀；加 5% 淀粉糊，制成颗粒，干燥，压制成 10000 片，即得
小柴胡汤丸 (浓缩丸),丸剂,和解表里。用于寒热往来，胸胁苦满，心烦喜呕，食欲不振，口苦咽干，头晕目眩,柴胡60g、黄芩30g、党参30g、大枣30g、半夏30g、甘草20g、生姜16g,以上七味，柴胡、生姜以水蒸汽蒸馏法提取挥发油，蒸馏后的水溶液另器保存；药渣与黄芩、党参、大枣加水煎煮二次，每次 2 小时，合并煎液，滤过，滤液与上述水溶液合并，减压浓缩成稠膏；半夏、甘草粉碎成细粉，过筛，混匀；将以上稠膏、细粉及挥发油混匀，制成浓缩丸，干燥，即得
山莨菪麝香膏,膏剂,活血镇痛，祛风除湿。用于风湿痹痛，关节炎、类风湿关节炎，跌打损伤等症的疼痛,麝香0.25g、唐古特瑞香1000g、山莨菪125g、干姜50g、乳香25g、没药25g、冰片20g、樟脑20g、水杨酸甲酯170g,以上九味，除水杨酸甲酯外，麝香、冰片、乳香、没药、樟脑分别研成细粉；唐古特瑞香、山莨菪、干姜三味药加水煮提，回收乙醇浓缩成 1:4（膏药）稠膏；麝香加少量乙醇（95%）研细过 100 目筛，樟脑、冰片、没药、乳香等分别研细过 100 目筛，与麝香细粉混合均匀并通过 100 目筛；基质为天然橡胶以 120 号无铅溶剂汽油溶炼，加入其它辅料充分搅拌均匀；以上稠膏、细粉加入基质共同入搅拌机搅拌，压滤过 100 目筛网，涂布、合纱加衬，切片，即得
云芝肝泰颗粒,颗粒剂,免疫调节剂。主要用于治疗慢性活动性肝炎,云芝粗提物（相当云芝多糖66.6g）,取云芝粗提物（相当云芝多糖 66.6g）与蔗糖粉混合，制成颗粒，低温干燥，制成 1000g，即得
五仁润肠丸,丸剂,润肠通便。用于老年体弱，津亏便秘；腹胀食少,地黄200g、桃仁50g、火麻仁50g、郁李仁15g、柏子仁25g、肉苁蓉(酒蒸)50g、陈皮200g、大黄(酒蒸)50g、当归50g、松子仁15g,以上十味，除桃仁等五仁外，其余地黄等五味，粉碎成细粉，过筛，与五仁混合，粉碎成细粉，过筛，混匀；每 100g 粉末加炼蜜 65~75g，制成大蜜丸，即得
五积丸,丸剂,发表、温中、消积。用于外感风寒或内伤生冷，头痛、身痛、腹痛、胸满、厌食、呕吐以及月经不调等症,茯苓30g、当归30g、白芍30g、桔梗60g、苍术(麸炒)80g、白芷30g、厚朴(姜制)40g、陈皮50g、枳壳(麸炒)50g、麻黄40g、法半夏30g、桂枝50g、甘草30g、川芎20g、干姜30g,以上十五味，粉碎成细粉，过筛，混匀，用水泛丸，干燥，即得
止痛化癥胶囊,胶囊剂,活血调经，化癥止痛，软坚散结。用于癥瘕积聚、痛经闭经，赤白带下及慢性盆腔炎等,党参75g、黄芪(蜜炙)150g、白术(炒)45g、丹参150g、当归75g、鸡血藤150g、三棱45g、莪术45g、芡实75g、山药75g、延胡索75g、川楝子45g、鱼腥草150g、败酱草150g、蜈蚣1.8g、全蝎75g、土鳖虫75g、炮姜22.5g、肉桂15g,以上十九味，蜈蚣、全蝎、土鳖虫粉碎成细粉，其余丹参等十六味加水煎煮三次，第一次 3 小时，第二次 2 小时，第三次 1 小时，滤过，合并滤液，浓缩成稠膏，加上述蜈蚣等细粉混合均匀，制粒，分装胶囊，即得
止痛风湿丸,丸剂,祛风除湿，活血止痛。用于四肢麻木，腰腿沉重，风湿疼痛,制川乌300g、地龙300g、制草乌300g、乳香(炒)110g、威灵仙300g、栀子110g、没药(炒)110g、黄柏110g、黄芩110g、制马钱子50g、甘草100g,以上十一味，粉碎成细粉，混匀，用水泛丸，干燥，包糖衣，打光，即得
止痛消炎软膏,膏剂,消肿止痛,独活5.82g、生天南星2.91g、生草乌0.727g、皂荚1.1g、芒硝36.06g、水杨酸甲酯2.385g、冰片0.096g,以上七味，取独活、生草乌、生天南星及皂荚，破碎，用水浸泡后煎煮 2 小时，滤过，滤液浓缩至约为生药量的 2 倍，加入饴糖 360g、芒硝，煮沸，放冷，加入滑石粉 49.2g、甘油 75.44g、对羟基苯甲酸乙酯 1.0g、苯甲酸钠 0.603g 及冰片的水杨酸甲酯溶液，加入水适量制成 1000g，即得
中风再造丸,丸剂,舒筋活血，祛风化痰。用于口眼歪斜，言语不清，半身不遂，四肢麻木，风湿、类风湿性关节炎等,黄芪20g、当归20g、川芎20g、桃仁10g、红花10g、地龙10g、丹参20g、血竭8g、三七25g、乳香(制)10g、没药(制)10g、琥珀10g、牛膝20g、淫羊藿40g、乌梢蛇(去头尾)40g、全蝎5g、僵蚕(炒)10g、穿山甲(烫)20g、狗骨(制)30g、苏合香5g、冰片3.5g、水牛角(浓缩粉)16g、牛黄3.5g、龟甲(醋制)10g、朱砂10g、天麻20g、钩藤25g、菊花20g、防风20g、羌活10g、白芷20g、麻黄20g、葛根25g、桂枝20g、细辛10g、附子(制)5g、槲寄生25g、骨碎补(烫)10g、威灵仙(酒炒)25g、绵萆薢20g、红参20g、白术(炒)10g、茯苓20g、甘草20g、胆南星20g、天竺黄10g、何首乌(制)20g、熟地黄20g、玄参10g、黄连20g、大黄(酒制)20g、沉香10g、檀香10g、丁香10g、草豆蔻20g、香附(醋制)10g,以上五十六味，除苏合香外，朱砂水飞或粉碎成极细粉，牛黄、冰片分别研细，其余当归等 52 味粉碎成细粉，过筛，与上述朱砂等细粉配研，过筛、混匀，苏合香加入适量热蜜中溶化，混匀，每 100g 粉末加炼蜜 90~100g 制成小蜜丸，即得
牛黄抱龙片,片剂,清热镇惊，祛风化痰。用于小儿风痰壅盛，高热神昏，惊风抽搐,牛黄8g、麝香4g、朱砂30g、雄黄50g、琥珀50g、全蝎30g、天竺黄70g、胆南星200g、僵蚕(炒)60g、茯苓100g,以上十味，除麝香外，朱砂、雄黄、琥珀、天竺黄水飞或粉碎成极细粉；牛黄研细；另将茯苓加水煎煮二次，每次 2 小时，合并煎液，滤过，静置，上清液浓缩，加入淀粉 40g 制成浆液；其余僵蚕等三味分别粉碎成细粉，过筛；上述粉末与浆液拌匀，制成颗粒，干燥；再将麝香研细，加入颗粒中，混匀，压制成 1284 片，即得
牛黄净脑片,片剂,清热解毒，镇惊安神。用于热盛所致的神昏狂躁，头目眩晕，咽喉肿痛等症，亦用于小儿内热，惊风抽搐等,牛黄0.21g、金银花21.21g、连翘30.30g、黄芩51.52g、黄连5.30g、石膏51.52g、蒲公英72.73g、珍珠2.12g、朱砂2.12g、石决明(煅)10.61g、磁石(煅)21.20g、赭石51.52g、猪胆膏2.12g、冰片5.30g、雄黄66.66g、麦冬51.52g、天花粉51.52g、葛根30.30g、地黄37.12g、板蓝根50.00g、玄参51.52g、栀子30.30g、大黄37.12g、郁金40.91g、甘草51.52g,以上二十五味，珍珠、牛黄、朱砂、冰片分别粉碎成极细粉；连翘、大黄、黄连、石膏、石决明、雄黄、赭石、磁石、猪胆膏混匀，粉碎成细粉过筛；其余黄芩等十二味加水煎煮二次，每次 2 小时，滤过，滤液浓缩成稠膏，加大黄等细粉，混匀，制粒，干燥，再加牛黄等极细粉，混匀，压制成 1000 片或包糖衣，即得
牛黄解毒丸 (水丸),丸剂,清热解毒。用于火热内盛，咽喉肿痛，牙龈肿痛，口舌生疮，目赤肿痛,牛黄5g、雄黄50g、石膏200g、大黄200g、黄芩150g、桔梗100g、冰片25g、甘草50g,以上八味，除牛黄、冰片外，雄黄水飞或粉碎成极细粉；其余石膏等五味粉碎成细粉；将牛黄、冰片研细，与上述粉末配研，过筛，混匀；用水泛丸，干燥，即得
午时茶,茶剂,解表和中。用于感受风寒，内伤食积，寒热吐泻,苍术30g、柴胡30g、羌活30g、防风30g、白芷30g、川芎30g、广藿香30g、前胡30g、连翘30g、陈皮30g、山楂30g、枳实30g、麦芽(炒)45g、甘草30g、六神曲(炒)30g、桔梗45g、紫苏叶45g、厚朴45g、红茶960g,以上十九味，苍术、柴胡、羌活、防风、白芷、川芎、广藿香、连翘、前胡、陈皮、枳实、紫苏叶、厚朴提取挥发油，蒸馏后的水溶液另器收集；药渣与山楂、麦芽、甘草、六神曲、桔梗加水煎煮二次，第一次 2 小时，第二次 1 小时，合并煎液，滤过；另将红茶 528g 投入沸水中热浸 20 分钟，浸泡液滤过，与上述滤液合并，浓缩至适量，分次用余下的红茶吸附，干燥，磨成粗末，过筛，喷加上述苍术等挥发油，混匀，制成 500g，分装，入袋，即得
气痛丸,丸剂,行气止痛，健胃消滞。用于胃气痛，肠胃积滞痛,木香165g、甘草165g、赤石脂(煅)662g、枳壳(炒)110g、朱砂35g,以上五味，朱砂水飞或粉碎成极细粉，其余木香等四味粉碎成细粉，过筛，混匀，用水泛丸，以朱砂包衣，打光，干燥，即得
片仔癀胶囊,胶囊剂,清热解毒，消炎止痛，活血化瘀。用于急、慢性病毒性肝炎，痈疽疔疮，无名肿毒，跌打损伤及各种炎症,片仔癀300g,取片仔癀 300g，粉碎成细粉，加适量羧甲基纤维素钠制粒，60℃减压干燥，装胶囊，制成 1000 粒，即得
风湿膏药,膏剂,除湿散寒，祛风止痛。用于筋骨酸疼，四肢麻木，风寒湿痹，以及诸疼,大枫子25g、地黄25g、木鳖子25g、地肤子5g、丹参5g、蒲公英5g、土茯苓5g、川牛膝5g、骨碎补5g、威灵仙5g、蛇床子5g、粉萆薢5g、补骨脂5g、川芎5g、生天南星25g、薄荷5g、枳壳5g、牛蒡子5g、白芷5g、黄芩5g、防风5g、地骨皮5g、桔梗5g、锁阳5g、木瓜5g、高良姜5g、荆芥5g、生草乌5g、当归5g、生半夏5g、杜仲5g、羌活5g、生川乌5g、独活5g、蝉蜕5g、泽泻5g、陈皮5g、何首乌5g、石菖蒲5g、苍术5g、紫苏叶5g、金银花5g、南沙参5g、干姜12.5g、肉桂50g、冰片31.5g、樟脑37.5g、没药(制)25g、乳香(制)25g、细辛12.5g、生附子13.5g、全蝎5g、白胡椒10g、猪牙皂25g、山奈5g、丁香10g,以上五十六味，除川芎至干姜、肉桂至丁香等共四十三味药分别粉碎成细粉外，大枫子至补骨脂等十三味加麻油 3250g 浸泡 3~7 天后，用文武火煎 2~3 小时，待油温在 200℃以上时，陆续加入桃、李、杨、槐、柳五枝与上述十三味药炸至金黄焦枯时，去渣，加入粗制松脂 50g，继续炼至滴油成珠，滤过，滤油置锅内煎熬至锅边沸腾；另取红丹 975~1000g，加入油内搅匀，收膏，将膏浸泡于水中；取膏用文火熔化后，加入精制松脂 50g，搅匀，待温度不低于 80℃时，加入川芎至干姜等三十一味药细粉，搅匀，待温度约 60℃时，加入肉桂至丁香等十二味药细粉，搅匀，分摊于狗皮（或其他兽皮）上，即得
丹羚心舒胶囊,胶囊剂,益气活血，芳香开窍，化瘀止痛。用于气血瘀滞，心窍闭阻之胸中憋闷、心悸、心痛、抽搐、惊厥等症,丹参提取物20g、羚羊角粉10g、人参20g、三七18g、当归20g、蟾酥6g、猪胆膏40g、冰片5g、麝香4g,以上九味，当归、三七、人参、蟾酥混合粉碎成最细粉后，再与其余药味混合，分装成 888 粒，即得
六味地黄丸 (水丸),丸剂,滋阴补肾。用于肾阴亏损，头晕耳鸣，腰膝酸软，骨蒸潮热，盗汗遗精，消渴,熟地黄160g、山茱萸(制)80g、牡丹皮60g、山药80g、茯苓60g、泽泻60g,以上六味，粉碎成细粉，过筛，混匀，用水泛丸，干燥，即得
六味地黄膏,膏剂,滋补肾阴。用于肾阴亏损，头晕耳鸣，腰膝酸软，盗汗遗精，消渴等症,熟地黄320g、山茱萸(制)160g、牡丹皮120g、山药160g、茯苓120g、泽泻120g,以上六味，加水煎煮三次，第一、二次各 2 小时，第三次 1 小时，合并煎液，滤过，静置，取上清液减压浓缩至相对密度为 1.28~1.32 (85℃) 的清膏，每 100g 清膏加炼蜜 300g，混匀，即得
六神祛暑水,酊剂,用于因中暑而引起的头晕、恶心、腹痛等,樟脑12g、砂仁10g、茴香30g、薄荷脑6g、陈皮10g、姜30g、桂皮10g、甘草7.5g、大黄10g、辣椒2.5g、广藿香40g,以上十一味，除樟脑、薄荷脑外，其余砂仁等九味粉碎成粗粉，照流浸膏剂与浸膏剂项下的渗漉法（附录 I O），用 70% 乙醇作溶剂，浸渍 24 小时后进行渗漉，收集渗漉液约 900ml，再将药渣中的药液压出，合并，备用；将樟脑、薄荷脑用适量乙醇溶解，与渗漉液合并，静置，滤过，加 70% 乙醇使成 1000ml，静置，滤过，即得
心无忧片,片剂,理气活血，宽胸止痛。用于胸痹气滞血瘀症，证见胸痛、胸闷、心悸、气短、头昏、乏力等，也可用于冠心病，心绞痛,黄杨木50g、射干25g、细辛25g、川芎37.5g、青木香37.5g、丹参125g、瓜蒌皮12.5g、茵陈37.5g,以上八味，黄杨木粉碎成粗粉，丹参切片，混合加热回流提取二次，第一次用乙醇加热回流 2 小时，第二次用 50% 乙醇加热回流 1 小时，合并两次回流提取液，滤过，滤液回收乙醇，药渣加水煎煮 2 小时，滤过，滤液与上述药液合并，浓缩成稠膏；青木香、细辛提取挥发油，药渣与其余射干等四味加水煎煮二次，第一次 2 小时，第二次 1.5 小时，滤过，合并滤液，浓缩成稠膏；将以上两种稠膏混匀，加入适量辅料，制颗粒，干燥，喷入青木香和细辛的挥发油，混匀，压制成 1000 片，包糖衣，即得
心脑康胶囊,胶囊剂,活血化瘀，通窍止痛，扩张血管，增加冠状动脉血流量。用于冠心病，心绞痛及脑动脉硬化症,丹参80g、赤芍60g、制何首乌60g、枸杞子60g、葛根60g、川芎60g、红花40g、泽泻60g、牛膝60g、地龙60g、郁金6g、远志(蜜炙)60g、九节菖蒲60g、酸枣仁(炒)40g、鹿心粉60g、甘草40g,以上十六味，除鹿心粉外，川芎、红花、泽泻、牛膝、郁金、远志、九节菖蒲、酸枣仁、甘草粉碎成细粉，过筛；其余丹参等 6 味，加水煎煮三次，第一次 3 小时，第二次 2 小时，第三次 1 小时，合并煎液，滤过，滤液浓缩成膏；加入上述细粉，混合，干燥，粉碎，过筛，加入鹿心粉，混匀，装入胶囊，即得
心舒丸,丸剂,行气活血，通窍，解郁。用于冠心病引起的胸闷气短，心绞痛,丹参250g、三七200g、冰片200g、藤合欢200g、木香200g、苏合香50g,以上六味，除冰片、苏合香外，取藤合欢 500g，加水煎煮二次，每次 2 小时，滤过，合并滤液，滤液浓缩成稠膏；其余四味拌入上述稠膏，干燥，粉碎成细粉；将冰片研细，与上述细粉配研，过筛、混匀，每 100g 粉末加入炼蜜 70~90g，加入苏合香，混匀，制成大蜜丸，即得
甘露消渴胶囊,胶囊剂,滋阴补肾，健脾生津。用于非胰岛素依赖型糖尿病,熟地黄66g、地黄66g、枸杞子52.8g、地骨皮66g、山茱萸39.6g、玄参26.4g、人参13.2g、党参39.6g、黄芪52.8g、菟丝子52.8g、天花粉26.4g、当归17.6g、黄连8.8g、白术26.4g、桑螵蛸26.4g、天冬26.4g、麦冬26.4g、泽泻26.4g、茯苓26.4g,以上十九味，地黄、熟地黄、人参、山茱萸、天花粉、白术粉碎成细粉；其余枸杞子等十三味加水煎煮二次，第一次 2 小时，第二次 1.5 小时，合并煎液，滤过，滤液浓缩至相对密度为 1.06~1.08 (70℃)，高速离心，取上清液浓缩成相对密度为 1.40~1.42 (55℃) 的稠膏；将上述细粉与稠膏混合，干燥，粉碎，过筛，混匀，制颗粒，装入胶囊，制成 1000 粒，即得
田七跌打丸,丸剂,活血祛瘀，消肿止痛。用于跌打损伤，肿胀青紫，疼痛不止,三七100g、血竭50g、赤芍100g、大黄150g、土鳖虫50g、地黄100g、当归(酒制)100g、红花50g、桃仁50g、乳香(制)50g、没药(制)75g、泽兰75g、苏木50g、枳壳50g、泽泻50g,以上十五味，粉碎成细粉，过筛，混匀；每 100g 粉末加炼蜜 110~120g 制成大蜜丸，即得
田七颗粒 (冲剂),颗粒剂,活血定痛，祛瘀生新。用于各种痛证，血证，高血压，高血脂，冠心病等,三七1000g,取三七 1000g 粉碎成粗粉，照流浸膏剂与浸膏剂项下的渗漉法（附录 I O），用 75% 乙醇作溶剂，浸渍 48 小时后，缓缓渗漉，至渗漉液无色或微黄色为止，收集渗漉液，回收乙醇，浓缩至适量，加入适量糖粉，制成颗粒 1000g 或压制成 100 块，干燥，即得；或加入适量糊精，制粒，干燥，制成 300g，喷加适量香精，即得
四季感冒片,片剂,清热解表。用于四季风寒感冒，特别适用于体弱者，妊娠妇女因感冒引起的发热头痛，鼻流清涕，咳嗽口干，咽喉疼痛，恶心厌食等,桔梗167g、紫苏叶250g、陈皮167g、荆芥125g、大青叶167g、连翘167g、甘草(炙)83g、香附(炒)167g、防风125g,以上九味，将桔梗粉碎成细粉；紫苏叶、陈皮、荆芥提取挥发油至尽，蒸馏后的水溶液另器收集；大青叶、连翘、甘草加水煎煮二次，每次 2 小时，合并煎液，滤过，滤液与上述蒸馏后的水溶液合并，浓缩成相对密度为 1.32~1.36 (60~65℃测) 的清膏；香附、防风用 60% 乙醇提取二次，第一次 2 小时，第二次 1.5 小时，合并提取液，滤过，滤液回收乙醇至无醇味，并浓缩成相对密度为 1.32~1.36 (60~65℃测) 的清膏，与上述清膏及桔梗细粉混匀，干燥，粉碎，制粒，喷入用乙醇溶解的挥发油，混匀，密闭 2 小时，压制成 1000 片，包糖衣，即得
生血宝颗粒,颗粒剂,养肝肾，益气血。用于恶性肿瘤放化疗所致的白细胞减少及神疲乏力，腰膝疲软，头晕耳鸣，心悸，气短，失眠，咽干，纳差食少等症,制何首乌645g、女贞子807.5g、桑椹807.5g、墨旱莲807.5g、白芍645g、黄芪645g、狗脊645g,以上七味，碎断后加水浸泡 20 分钟，保持微沸煎煮两次，第一次 2 小时，第二次 1 小时，合并煎液，滤过，滤液浓缩到相对密度为 1.35~1.40 (60~65℃) 的浸膏，真空干燥成干浸膏，加入蔗糖与糊精（蔗糖：糊精 = 4:1）适量，混合粉碎，制粒，过筛，包装，即得
白及片,片剂,收敛止血，生肌定痛。用于久咳伤肺，咯血吐血；外用治创伤止血、皮肤皲裂,白及310g,取白及 310g，粉碎成细粉，过筛；另取蔗糖 84g，加水制成单糖浆后，加入白及粉，搅匀，制成颗粒，拌入乙醇适量，随拌随压片，压制成 1000 片，即得
白花油,搽剂,疏风止痒，理气止痛，消疲提神。用于关节酸痛，伤风感冒，头痛鼻塞，扭伤等；内服驱肠胃积气，止痛,薄荷脑270g、樟脑130g、冰片50g、水杨酸甲酯310ml、薰衣草油60ml、液状石蜡（加至1000ml）,以上六味，薄荷脑、樟脑、冰片研成细粉，加入其余水杨酸甲酯等三味，加液状石蜡至 1000ml，搅拌使溶解，静置 24 小时，取上清液，分装，即得
半贝丸,丸剂,止咳化痰，开郁散结。用于咳嗽痰多及瘰疬痰核病,半夏(制)400g、川贝母600g,以上二味，粉碎成细粉，过筛，混匀；另取生姜 100g，捣碎，加水适量压榨取汁，与上述粉末泛丸，干燥，即得
耳聋丸,丸剂,清肝泻火，利湿通窍。用于上焦湿热，头晕头痛，耳聋耳鸣，耳内流脓,龙胆500g、黄芩500g、地黄500g、泽泻500g、关木通500g、栀子500g、当归500g、九节菖蒲500g、甘草500g、羚羊角25g,以上十味，先将羚羊角丝，用羚羊角重量 30% 的淀粉制成稀糊，与羚羊角丝拌匀，烘干，再与龙胆等九味混合，粉碎成细粉，每 100g 粉末加 150~170g 炼蜜，制成大蜜丸，即得
耳聋通窍丸,丸剂,清热泻火，利湿通便。用于肝胆火盛，头眩目胀，耳聋耳鸣，耳内流脓，大便干燥，小便赤黄,龙胆100g、黄柏100g、大黄100g、栀子(姜制)100g、石菖蒲80g、当归50g、芦荟50g、黄芩50g、黄连50g、磁石(煅)50g、木香30g、路路通30g,以上十二味，粉碎成细粉，过筛，混匀，用水泛丸，干燥；每 500g 丸，另用青黛 40g、滑石粉 10g（过筛，混匀），以明胶适量加水使溶化，包衣，打光，干燥，即得
百花定喘片,片剂,疏风解热、止嗽定喘。用于咳嗽痰喘，日夜不息，不能安眠，呼吸困难、胸满不畅，咽干口渴,牡丹皮84g、桔梗84g、北沙参42g、百合84g、石膏42g、天冬84g、麦冬84g、麻黄84g、陈皮84g、苦杏仁84g、前胡84g、紫菀84g、款冬花42g、五味子42g、黄芩84g、天花粉84g、薄荷脑0.42g,以上十七味，牡丹皮、百合、天花粉、石膏、北沙参分别粉碎成细粉，过筛；陈皮提取挥发油后，药渣加水煎煮一次，滤过；陈皮挥发油及薄荷脑用乙醇适量溶解；天冬、麦冬、麻黄等三味加水煎煮二次，合并煎液，滤过；滤液与上述水煎后的滤液合并浓缩成膏；苦杏仁 (去油) 用 85% 乙醇回流提取二次，合并提取液；前胡、紫菀、款冬花、五味子、黄芩、桔梗等六味用 60% 乙醇回流提取，提取液与上述乙醇提取液合并，回收乙醇，浓缩成稠膏；与上述稠膏合并，加入牡丹皮等细粉及辅料，混匀，制成颗粒，干燥，加入陈皮油及薄荷脑乙醇溶液，混匀，压制成 1120 片，即得
百草油,搽剂,清暑去湿，辟秽止呕，提神醒脑。用于伤风感冒，呕吐腹痛，舟车晕浪，皮肤瘙痒,甘草25g、黄芩25g、黄柏25g、大黄25g、厚朴12.5g、陈皮12.5g、草果12.5g、豆蔻12.5g、柴胡12.5g、白芷12.5g、青蒿25g、大皂角12.5g、细辛12.5g、紫草18g、沉香6g、诃子25g、艾叶50g、薄荷油2500g、丁香罗勒油150g、肉桂油150g、广藿香油0.4g、食用植物油2500g,以上二十一味，除薄荷油、丁香罗勒油、肉桂油、广藿香香油外，其余甘草等十七味加食用植物油 2500g 温浸 15 天，滤过，与上述四种油混匀，静置，滤过，即得
回春胶囊,胶囊剂,补肾，益精，助阳，润燥。用于肾虚腰痛，神疲健忘，阳痿不举等症,海马0.5g、蛤蚧1.8g、仙茅(制)25.2g、鹿鞭0.6g、牛鞭(制)63g、狗肾(制)22.5g、阳起石(煅)31.5g、肉苁蓉2.5g、五味子27g、鹿角胶1.3g、韭菜子25.2g、淫羊藿36g、刺五加浸膏50.4g、黄柏(盐制)12.6g,以上十四味，将牛鞭、狗肾、鹿鞭用滑石粉炒后，与其余十一味混合粉碎成细粉，加辅料适量，装胶囊，制成 1000 粒，即得
伤风停胶囊,胶囊剂,发散风寒。用于外感风寒，恶寒发热，头痛，鼻塞，鼻流清涕，肢体酸重，喉痒咳嗽，咳嗽痰清稀，舌质淡红，苔薄白，脉浮紧；及上呼吸道感染，感冒鼻炎等见上述症候者,麻黄606.1g、荆芥606.1g、白芷606.1g、苍术(炒)606.1g、陈皮606.1g、甘草303.05g,以上六味，白芷 250g 粉碎成细粉；荆芥、陈皮及剩余白芷提取挥发油；残渣与麻黄等三味加水煎煮二次，每次 1.5 小时，合并煎液，滤过，滤液浓缩至相对密度为 1.1 的清膏，加入乙醇使含醇量为 60%，静置，取上清液回收乙醇并浓缩至相对密度为 1.30~1.33 的稠膏，加入白芷细粉，混匀，干燥，制粒，喷入挥发油，装入胶囊，制成 1000 粒，即得
血宁糖浆,糖浆剂,止血药。用于血友病、血小板减少症、紫癜、鼻衄、齿龈出血等症,花生衣500g,取新鲜花生衣 500g，加水 6~7 倍量，煎煮 2 小时，滤过，滤液适当浓缩，静置沉淀，取上清液，加蔗糖 500g，煮沸溶解，滤过，加入防腐剂适量，调节 pH 值至 4.1~4.4，加水至 1000ml，搅匀，即得
壮腰健肾片,片剂,壮腰健肾，养血，祛风湿。用于肾亏腰痛，膝软无力，神经衰弱，小便频数，遗精早泄，风湿骨痛,狗脊555.9g、黑老虎333g、千斤拔133.9g、桑寄生(蒸)167.1g、鸡血藤333g、金樱子177.8g、女贞子(蒸)28.4g、牛大力221.6g、菟丝子（盐水制）28.4g,以上九味，部分黑老虎取皮部粉碎成粗粉（每 1000 片取粉 66g），剩余黑老虎和其余狗脊等八味加水煎煮二次，第一次 5 小时，第二次 3 小时，滤过，合并滤液，浓缩至相对密度为 1.05 (65~75℃)，加入黑老虎粗粉，混匀，干燥，研成细粉，制颗粒，干燥，压制成 1000 片，包糖衣，即得
冰霜梅苏丸,丸剂,生津，止渴，祛暑。用于受暑受热，头晕心烦，口渴思饮，口燥咽干,薄荷叶6g、乌梅肉6g、薄荷脑0.1g、蔗糖640g,以上四味，薄荷脑用乙醇适量稀释备用；薄荷叶、乌梅肉粉碎成细粉，与蔗糖适量，混匀，过筛，混匀；将薄荷脑乙醇溶液兑入水中泛丸，干燥，即得
冰霜痱子粉,散剂,除湿止痒。用于夏令痱子，刺痒难忍,滑石粉600g、碳酸钙粉30g、冰片6g、薄荷脑6g、龙涎香精0.5g,以上五味，滑石粉与碳酸钙粉配研均匀，再分别加入冰片、薄荷脑、龙涎香精及乙醇 1ml，配研均匀，过筛混匀，即得
灯盏花素片,片剂,活血化瘀，通络止痛。用于中风后遗症，冠心病，心绞痛,灯盏花素20g（每片含灯盏花素20mg）,取灯盏花素 20g，加淀粉 68g、糊精 60g，过筛，混匀，制成颗粒，干燥，压制成 1000 片，即得
寿星补汁,口服液,益气养血，调理脾胃。用于年老衰弱，病后体虚，疲乏无力，食欲减退，肢痛麻木，失眠多梦,山药240g、山楂(炒)120g、制何首乌120g、党参200g、白术(炒)50g、茯苓40g、干姜25g、当归80g、桂枝80g、甘草(蜜炙)50g、白芍(炒)50g、麦冬50g、熟地黄100g,以上十三味，当归、桂枝、干姜提取挥发油，蒸馏后的水溶液另器收集；药渣与其余山药等十味加水煎煮二次，第一次 4 小时，第二次 2 小时，合并煎液，滤过，滤液浓缩至约 620ml，加 2 倍量乙醇使沉淀，静置，滤过，滤液回收乙醇后，加适量水稀释，滤过，滤液浓缩至适量；取蔗糖 500g，加水使溶解，煮沸，滤过，与上述药液合并，再加入苯甲酸钠 3g、当归等三味的挥发油及蒸馏后的水溶液，加水至 1000ml，搅匀，灌装，即得
抗感灵片,片剂,解热镇痛、消炎。用于感冒引起的鼻塞、流涕、咽部痒痛、咳嗽头痛、周身酸痛、高热不退以及由感冒引起的扁桃体炎、淋巴腺炎等合并症,牛黄17g、对乙酰氨基酚71g、小檗根提取物50g、板蓝根238g、北豆根提取物33g、菊花208g,以上六味，取牛黄研细，另取板蓝根 103g，粉碎成细粉；再取板蓝根 135g、菊花 208g 煎煮两次，第一次 1 小时，第二次 30 分钟，合并滤液，静置 12 小时，吸取上清液减压浓缩成相对密度 1.25~1.30 (70~80℃) 的稠膏；稠膏与上述细粉拌匀，干燥，加入小蘖根提取物、北豆根提取物，粉碎过筛，兑入对乙酰氨基酚粉、牛黄细粉，混匀，制粒，再加入 1% 滑石粉、0.6% 硬脂酸镁，混匀，压制成 1000 片，包糖衣，即得
护肝宁片,片剂,清热利湿，益肝化瘀，舒肝止痛；退黄，降低谷丙转氨酶。用于急性肝炎及慢性肝炎,垂盆草850g、虎杖500g、丹参250g、灵芝200g,以上四味，取垂盆草 95g，粉碎成细粉，剩余的垂盆草加水煎煮二次，第一次 2 小时，第二次 1.5 小时，合并煎液，滤过，滤液回收乙醇并浓缩成稠膏；取灵芝，加适量乙醇，浸渍 24 小时，倾取上清液备用，药渣依次用 75%、50% 乙醇各浸渍 12 小时，各倾取上清液，最后压榨残渣，收集压出液，与三次上清液合并，滤过，滤液回收乙醇并浓缩成稠膏，备用；丹参及虎杖照流浸膏剂与浸膏剂项下的渗漉法（附录 I O），用 90% 乙醇作溶剂缓缓渗漉，至可溶性成分完全渗出，渗漉液回收乙醇并浓缩成稠膏；丹参、虎杖和灵芝的药渣加水煎煮二次，每次 1 小时，合并煎液，滤过，滤液浓缩成稠膏；取上述四种稠膏，加入垂盆草细粉，混匀，于 80℃干燥成干浸膏，粉碎，制颗粒，压制成 1000 片，包糖衣，即得
苏菲咳糖浆,糖浆剂,祛痰镇咳。用于咳嗽，哮喘，多痰，支气管炎,百部流浸膏10ml、桑白皮流浸膏16ml、桔梗流浸膏30ml、甘草流浸膏35ml、氯化铵20g、盐酸麻黄碱0.5g、薄荷脑0.1g,取蔗糖 40g，加水煮沸，滤过，制成单糖浆，放冷；另取氯化铵、盐酸麻黄碱、苯甲酸钠 4g、甜菊甙 0.3g 加适量水溶解后，加入上述糖浆中，混匀，再加入百部流浸膏、桑白皮流浸膏、桔梗流浸膏、薄荷脑与桑子香精的乙醇溶液，混匀，加水至 1000ml，搅匀，即得
杜仲药酒,酒剂,温补肝肾，补益气血，强壮筋骨，祛风除湿。用于肝肾不足，筋骨痿弱，风寒湿痹，阳痿早泄,杜仲25g、白芍5g、五加皮15g、狗脊5g、熟地黄12g、桂枝5g、党参10g、骨碎补5g、白术10g、金樱子5g、女贞子10g、鸡血藤5g、淫羊藿10g、川牛膝5g、茯苓10g、当归2g、菟丝子5g,以上十七味，粉碎成粗粉，照流浸膏剂与浸膏剂项下渗漉法（附录 I O），用白酒 300g 作溶剂，浸渍 10~15 天后，缓缓渗漉，收集渗漉液；另取蔗糖 530g 制成糖浆，滤过，加入上述渗漉液中，搅匀，静置，滤过，约制成 3600g，即得
杞蓉片,片剂,补肾固精，益智安神。用于肾亏遗精，阳痿早泄，失眠健忘,枸杞子70g、肉苁蓉140g、锁阳210g、蛇床子42g、女贞子56g、五味子42g、金樱子56g、淫羊藿98g、菟丝子84g,以上九味，锁阳粉碎成细粉，过筛；五味子、蛇床子用 60% 乙醇回流提取，第一次 2 小时，第二次 1 小时，合并提取液，滤过，滤液回收乙醇，浓缩至适量；其余枸杞子等六味加水煎煮二次，第一次 3 小时，第二次 2 小时，合并煎液，静置，取上清液浓缩至适量，加入上述五味子清膏充分搅匀，浓缩成稠膏，加锁阳细粉，混匀，干燥，制粒，压制成 1000 片，包糖衣，即得
连蒲双清片,片剂,清热解毒，燥湿止痢。用于肠炎痢疾，疖肿外伤发炎，乳腺炎，胆囊炎等症,盐酸小檗碱10g、蒲公英浸膏187.5g,以上二味与辅料适量混匀，制成颗粒，干燥，压制成 1000 片，包糖衣，即得
肝宁片,片剂,清热解毒，利湿，化瘀散结。用于治疗各种急慢性肝炎，尤其对乙型肝炎患者的肝功能异常和表面抗原阳性者有显著疗效，并可预防乙肝癌变,斑蝥2g、糯米98g、紫草100g,以上三味粉碎成细粉，过筛，混匀，制粒，干燥，压制成 1000 片，包糖衣，即得
肝苏颗粒,颗粒剂,降酶，保肝，退黄，健脾。用于慢性活动性肝炎、乙型肝炎，也可用于急性病毒性肝炎,扯根菜1000g,取扯根菜 1000g，切碎，加水煎煮三次，每次 2 小时，合并煎液，滤过，滤液浓缩成相对密度为 1.15~1.18 (60~65℃) 的清膏，冷却，加乙醇使含醇量达 60%，搅拌，静置，滤过，沉淀用 60% 乙醇洗涤三次，合并洗液与滤液，回收乙醇并浓缩成相对密度为 1.30~1.32 的稠膏，加适量蔗糖及淀粉，混匀，制粒，干燥，制成 540g，即得
肝速康胶囊,胶囊剂,本品具有降酶，降浊，调整机体免疫功能，改善代谢障碍、肝病症状及加速肝功能恢复等作用。用于急、慢性、迁延性肝炎,齐墩果酸粗品20g、云芝多糖50g,将齐墩果酸粗品、云芝多糖 80℃以下干燥后与辅料粉碎成细粉，过筛，混匀，装胶囊，制成 1000 粒，即得
肝喜乐胶囊,胶囊剂,有降低谷丙转氨酶，保护及促进肝细胞再生功能，主要用于治疗急性肝炎，迁延型慢性肝炎和肝硬化等症,齐墩果酸10g、五味子浸膏100g、刺五加膏50g,以上三味与适量淀粉、碳酸钙，混匀，烘干，粉碎成细粉，过筛，装入胶囊，制成 1000 粒，即得
肝精补血素口服液,口服液,益气补血，滋补肝肾。用于气血亏虚，肝肾不足（贫血、神经衰弱）,肝精膏（相当于鲜肝1300g）65g、党参150g、枸杞子100g、枸橼酸铁铵5g、维生素B1 0.1g,以上五味，党参、枸杞子加水煎煮二次，每次 1.5 小时，合并煎液，滤过，滤液浓缩成稠膏，放冷，加乙醇沉淀，滤过，滤液回收乙醇得浓缩液，加入肝精膏、枸橼酸铁铵、维生素 B₁，混匀；另取蔗糖 250g 制成糖浆，加防腐剂及香精适量，与上述药液合并，调 pH 值至 5.0~7.0，加水至 1000ml，搅匀、静置、滤过，灌封、灭菌，即得
肠胃宁片,片剂,健脾益肾，温中止痛，涩肠止泻。用于脾肾阳虚泄泻日久，大便不调，五更泄泻，时带粘液，伴有腹胀腹痛，胃脘疼痛，小腹坠胀，食不佳，属上述证候者；慢性结肠炎，溃疡性结肠炎，肠功能紊乱属上述证候者,党参96g、白术64g、黄芪96g、赤石脂190g、干姜(炭)38g、木香38g、砂仁38g、补骨脂96g、葛根96g、防风38g、白芍64g、延胡索64g、当归64g、儿茶32g、罂粟壳38g、甘草(炙)64g,以上十六味，干姜与木香粉碎成细粉；赤石脂制成极细粉；砂仁用蒸馏法提取挥发油；葛根、白术、白芍、补骨脂、罂粟壳、甘草、儿茶粉碎成粗粉，照流浸膏剂与浸膏剂项下渗漉法（附录 I O），用 70% 乙醇作溶剂，依法渗漉，收集渗漉液，回收乙醇；残渣与黄芪、党参、防风、延胡索、当归加水煎煮，煎液浓缩至相对密度为 1.25~1.3 的稠膏，加入干姜、木香细粉，混匀，干燥，粉碎成细粉，与赤石脂极细粉混匀，制粒，喷入挥发油，压制成 1000 片，包糖衣，即得
良园枇杷叶膏,膏剂,清宣肺气，化痰镇咳。用于风热感冒、咳嗽、气喘,枇杷叶(去毛)62.5g、干芦根31.25g、桔梗20.83g、甘草浸膏3.6g、紫菀20.83g、盐酸麻黄碱0.3g、陈皮20.83g、杏仁水45ml,以上八味，取陈皮，提取挥发油，收集馏出液适量；残渣与枇杷叶、干芦根、桔梗、紫菀煎煮两次，每次 1 小时，合并煎液，滤过，滤液浓缩成清膏；趁热加入盐酸麻黄碱及苯甲酸 0.3g；另取饴糖，加热使沸，加入蔗糖 70g、苯甲酸 0.7g、甘草浸膏（用少量沸水溶解），再加入上述浓缩液，稍冷，加入杏仁水及上述陈皮馏出液，搅匀，使全量成 1000g，即得
补肾益精酒,酒剂,补肾壮阳，生精益髓。用于阳痿早泄，肾虚精少，头晕眼花，怔忡健忘，腰膝酸软，年老体虚等症,干虾仁100g、鹿茸30g、人参40g、海马(或海蛆)30g、当归100g、韭菜子300g、玉竹140g、狗鞭60g、狗脊40g、仙茅100g、阳起石140g、淫羊藿140g、锁阳100g,以上十三味，玉竹、仙茅、阳起石、淫羊藿、锁阳五味加水煎煮二次，第一次 2 小时，第二次 1 小时，合并煎液，静置 24 小时，滤过，滤液浓缩至适量 (1:1)，与其余干虾仁等八味共置容器内，加白酒浸泡三次，第一次加白酒 4000g，第二、三次各加 3000g，每次密闭浸泡 30 天，滤过，合并滤液，混匀，即得
补益地黄丸,丸剂,滋阴补气，益肾填精。用于脾肾两虚，腰痛脚重，四肢浮肿，行步艰难，疲乏无力,熟地黄160g、车前子(盐制)50g、菟丝子50g、诃子肉20g、枳壳(麸炒)50g、地骨皮30g、牛膝160g、茯苓30g,以上八味，粉碎成细粉，过筛，混匀；每 100g 粉末加炼蜜 90~110g 制成大蜜丸，即得
苦胆丸,丸剂,解热消炎，舒肝利胆。用于黄疸型肝炎，无黄疸型及急、慢性肝炎,苦参933g、龙胆666g、黄柏266g、大黄133g、郁金133g、茵陈2000g、胆汁膏133g、六神曲(炒)133g,以上八味，取苦参、龙胆、黄柏各 1/2 量，与六神曲、大黄、郁金粉碎成细粉，过筛，混匀；茵陈及剩余的苦参、龙胆、黄柏加水煎煮二次，第一次 3 小时，第二次 2 小时，合并煎液，滤过，滤液浓缩成膏；将上述粉末与浓缩膏、胆汁膏混匀，每 100g 加炼蜜 110~130g 制成大蜜丸，即得
苦胆片,片剂,清热解毒，舒肝利胆。用于黄疸型肝炎，无黄疸型及急、慢性肝炎,苦参233.3g、龙胆166.5g、黄柏66.5g、大黄33.3g、郁金33.3g、茵陈500g、胆汁膏33.3g、六神曲(炒)33.3g,以上八味，除胆汁膏外，大黄、神曲粉碎成细粉，其余苦参等 5 味，加水煎煮二次，第一次 3 小时，第二次 2 小时，合并煎液，滤过，滤液浓缩成膏，加入上述粉末、胆汁膏，混合，干燥，粉碎，过筛，制成颗粒，干燥，压片，包糖衣，制成 1000 片，即得
肾炎灵胶囊,胶囊剂,清热凉血，滋阴养肾。用于慢性肾小球肾炎,旱莲草71.6g、女贞子43g、地黄43g、山药76.6g、当归43g、川芎14.4g、赤芍28.8g、狗脊(烫)143g、茯苓43g、猪苓43g、车前子(盐炒)86g、茜草43g、大蓟71.6g、小蓟71.6g、栀子43g、马齿苋172g、地榆143g,以上十七味，将当归、川芎、栀子粉碎成细粉；其余旱莲草等十四味，加水煎煮二次，第一次 3 小时，第二次 2 小时，合并煎液，滤过，滤液浓缩成相对密度为 1.30~1.35 (60℃) 的清膏；加入上述药粉，混匀，干燥，粉碎成细粉，制成颗粒，装入胶囊，制成 1000 粒，即得
肾复康胶囊,胶囊剂,清热利尿，益肾化浊。用于热淋湿痛，急性肾炎水肿，慢性肾炎急性发作,土茯苓366g、槐花93g、白茅根366g、益母草93g、藿香28g,以上五味，除土茯苓 183g、藿香粉碎成细粉外，其余土茯苓 183g、槐花、白茅根、益母草等加水煎煮二次，第一次 3 小时，第二次 2 小时，合并滤液，浓缩成相对密度为 1.32~1.35 (50℃) 的稠膏，加入土茯苓、藿香细粉，混匀，粉碎成细粉，过筛，混匀，装胶囊，即得
肾衰宁胶囊,胶囊剂,益气健脾，活血化瘀，通腑泄浊。用于脾失运化，瘀浊阻滞，升降失调所引起的腰痛疲倦，面色萎黄，恶心呕吐，食欲不振，小便不利，大便粘滞及多种原因引起的慢性肾功能不全见上述症候者,太子参250g、黄连100g、半夏(制)250g、陈皮100g、茯苓200g、大黄400g、丹参700g、牛膝200g、红花100g、甘草100g,以上十味，取大黄 200g 粉碎成细粉，另 200g 照流浸膏剂与浸膏剂项下的渗漉法（附录 I O），用 70% 乙醇作溶剂，浸渍 24 小时后，缓缓渗漉，收集渗漉液，浓缩成稠膏；其余太子参等九味，加水煎煮三次，第一次 3 小时，第二次 2 小时，第三次 1 小时，滤过，合并滤液，减压浓缩至适量 (1:1)，加乙醇使含醇量为 60%，充分搅拌，静置 72 小时，滤过，滤液减压浓缩成稠膏，与上述大黄稠膏及粉末混匀，制成颗粒，干燥，装入胶囊，制成 1000 粒，即得
国产血竭胶囊,胶囊剂,活血散瘀，定痛止血，敛疮生肌。用于跌打损伤，瘀血作痛，妇女气血凝滞，外伤出血，瘰疬久不收口,国产血竭（每粒装0.3g）,本品为国产血竭经加工制成的胶囊剂；取国产血竭，粉碎成细粉，装胶囊，即得
固本强身胶囊,胶囊剂,补虚益气，润肺保肝。延缓衰老，益脑提神，改善性功能,冬虫夏草100g、人参100g、乌鸡(去毛爪肠)300g、花粉200g、淫羊藿120g、枸杞子120g、何首乌60g,以上七味，冬虫夏草、人参、花粉粉碎成细粉，过筛；乌鸡加水适量，用盐酸调 pH3，煮沸水解 12 小时，取水解液浓缩，干燥；其余淫羊藿等三味加水煎煮二次，第一次 2 小时，第二次 1 小时，合并煎液，浓缩、干燥，与上述粉末及乌鸡干浸膏混匀，粉碎成细粉，过筛，装胶囊，制成 1000 粒，即得
金衣万应丸,丸剂,清热祛暑，解毒止血。用于内热引起，中暑头晕，上吐下泻，咽喉肿痛，口舌生疮，牙齿疼痛，吐血衄血，肠风便血，无名肿毒，小儿急热惊风，斑疹等症,胡黄连320g、牛胆粉83g、儿茶320g、麝香1g、冰片10g、乳香(醋炙)320g、没药(醋炙)320g、香墨320g,以上八味，除麝香、冰片、牛胆粉外，其余胡黄连等五味粉碎成细粉；将牛胆粉、麝香、冰片研细，加 168.3g 淀粉与上述粉末配研，过筛，混匀；用水泛丸，低温干燥，包金衣，即得
金喉散,散剂,清热解毒，生津化痰，活血消肿止痛。适用于声音嘶哑，急慢性咽喉炎及喉炎引起的声带充血、声带水肿、喉痛等喉症,岗梅2000g、薄荷油2g、金牛草2000g,以上三味，岗梅和金牛草加水煎煮二次，滤过，合并滤液，滤液浓缩至稠膏状，加入适量淀粉，混匀，干燥，再加入薄荷油及甜菊总甙 15g，混匀，粉碎成细粉，过筛，混匀，制成 1000g，分装，即得
肿节风片,片剂,消肿散结、清热解毒。用于肺炎，阑尾炎，蜂窝组织炎，大剂量用于肿瘤,肿节风浸膏（每片含干浸膏0.25g）,本品为肿节风浸膏片；取肿节风浸膏，加辅料适量，制成颗粒，压制成片，包糖衣，即得
肿节风浸膏,膏剂,消肿散结，清热解毒。用于肺炎、阑尾炎、蜂窝组织炎，大剂量用于肿瘤,肿节风（每1g干浸膏约相当于原药材10g）,取肿节风，加水煎煮三次，每次 1 小时，合并煎液，滤过，滤液浓缩至稠膏状，85℃以下减压干燥，即得
泻痢消胶囊,胶囊剂,清热燥湿，行气止痛，化浊止痢。用于湿热泻痢，泄泻急迫，泻而不爽，大便黄褐色或便脓血，肛门灼热，腹痛，里急后重，心烦，口渴，小便黄赤，舌质红，苔薄黄或黄腻，脉濡数；急性肠炎，结肠炎，痢疾等见上述症候者,黄连(酒炙)404g、苍术(炒)404g、白芍(酒炙)404g、木香202g、吴茱萸(盐炙)202g、厚朴(姜炙)303g、槟榔202g、枳壳(炒)303g、陈皮202g、泽泻202g、茯苓303g、甘草202g,以上十二味，取部分黄连、茯苓粉碎成细粉；木香、苍术、枳壳、厚朴、陈皮提取挥发油，残渣与剩余各药加水煎煮二次，第一次 2 小时，第二次 1.5 小时，合并煎液，滤过，滤液浓缩至相对密度为 1.1 (60℃)，冷却，加乙醇使含醇量为 65%，静置；取上清液回收乙醇，浓缩至相对密度为 1.3~1.33 (60℃) 的清膏，加入上述黄连、茯苓细粉，混匀，干燥，粉碎，制粒，喷加挥发油，装入胶囊，制成 1000 粒，即得
定喘止咳糖浆,糖浆剂,宣肺平喘，理气止咳。用于风寒喘咳，胸腹胀满，亦可用于支气管哮喘，支气管炎,麻黄300g、苦杏仁400g、厚朴300g、陈皮300g、柴胡200g、紫苏叶300g、甘草200g,以上七味，麻黄、陈皮、厚朴、柴胡、紫苏叶提取挥发油，药渣与甘草、苦杏仁加水煎煮二次，第一次 2 小时，第二次 1 小时，合并煎液，静置 24 小时，滤过，滤液浓缩至相对密度为 1.10~1.22 的清膏；另取蔗糖 1333g 制成糖浆，加入清膏，挥发油及防腐剂适量，约制成 3000ml，即得
降脂宁颗粒,颗粒剂,降血脂，软化血管。用于增强冠状动脉血液循环，抗心律不齐及高血脂症,山楂(去核)500g、制何首乌25g、决明子25g、荷叶75g,以上四味，决明子、山楂加水煎煮二次，每次 2 小时，合并煎液，滤过，滤液浓缩成膏；其余荷叶、制何首乌用 50% 乙醇回流提取三次，第一次 3 小时，第二次 2 小时，第三次 1 小时，回收乙醇，浓缩成膏，与上述浓缩膏合并，加蔗糖粉适量，混合、制成颗粒、干燥、制成 1000g，即得
降脂灵胶囊,胶囊剂,消食，降血脂，通血脉，益气血。用于动脉硬化症，高血脂症等,普洱茶100g、刺五加100g、山楂100g、莱菔子50g、荷叶50g、葛根50g、菊花50g、黄芪50g、黄精50g、何首乌100g、茺蔚子50g、杜仲50g、大黄(酒制)30g、三七50g、槐花100g、桑寄生50g,以上十六味，黄芪、葛根粉碎成细粉，过筛；其余普洱茶等十四味加水温浸 2 小时后煎煮三次，第一次 3 小时，第二次 2 小时，第三次 1 小时，合并煎液，滤过，滤液浓缩成稠膏状，干燥，粉碎成细粉，过筛，加入上述黄芪等细粉，混匀，装胶囊，即得
降糖胶囊,胶囊剂,清热生津，滋阴润燥。用于消渴症，多饮，多尿，多食，消瘦，体倦无力及全身综合症,人参38g、知母400g、三颗针280g、干姜20g、五味子38g、人参茎叶皂甙4g,以上六味，取人参、知母 (处方量的 1/3)，粉碎成细粉，过筛；取剩余的知母、干姜、五味子加水煎煮三次，第一次 3 小时，第二次 2 小时，第三次 1 小时，合并煎液，滤过，滤液浓缩至稠膏状，干燥，粉碎成细粉，过筛；另取三颗针，加 0.5% 硫酸适量，冷浸 24 小时，取酸水浸出液，用石灰水调节 pH 值至 7，滤过，滤液加盐酸调节 pH 值至 2~3，再加适量氯化钠盐析使沉淀，取沉淀物，干燥，粉碎成细粉，过筛，与上述人参、知母细粉，五味子等干膏粉混匀，装胶囊，即得
参麦颗粒,颗粒剂,养阴生津。用于面黄肌瘦，津少口渴，腰膝酸软，食欲不振，头晕眼花，心悸气短，神经衰弱,红参2g、南沙参27g、麦冬45g、黄精27g、山药34g、枸杞子14g,以上六味，红参切成薄片，加乙醇加热回流提取，滤过，滤液回收乙醇，药渣和其余麦冬等五味加水煎煮两次，每次 2 小时，合并煎液，滤过，滤液浓缩至适量，加等量乙醇，搅匀，静置，滤过，滤液回收乙醇，浓缩至相对密度约为 1.35 (80~85℃) 的清膏，加入上述红参提取液和蔗糖 920g，混匀，制成颗粒，干燥，约制成 1000g，即得
参茸延龄片,片剂,滋阴壮阳，调补气血。用于身体虚瘦，耗神过度，肾亏阳痿，腰疼背痛，四肢倦怠,核桃仁25g、龟甲(制)25g、枸杞子25g、制何首乌100g、紫河车1具、乳香(炒)12.5g、黄芪50g、韭菜子(炒)200g、五味子50g、蛤蚧(去头足)2对、地龙25g、红参50g、淫羊藿(羊脂油制)150g、鹿茸(去毛)5g、鹿角霜50g、菟丝子(酒制)25g、巴戟天25g、黄精(蒸)100g、沉香12.5g、补骨脂(盐制)200g、仙茅50g、鹿角胶25g、没药(炒)12.5g,以上二十三味，鹿角霜、红参、鹿茸、紫河车、蛤蚧、菟丝子、乳香、没药、沉香、巴戟天、枸杞子、五味子、仙茅、黄精、补骨脂、地龙、龟甲、鹿角胶粉碎成细粉，过筛；其余核桃仁等五味，加水煎煮二次，第一次 3 小时，第二次 2 小时，合并煎液，滤过，滤液浓缩成稠膏，与上述粉末混合，干燥，粉碎，过筛，加 5% 碳酸钙、3% 桃胶粉和适量辅料，混匀，制成颗粒，干燥，加润滑剂，混匀，压制成 4000 片，包糖衣，即得
参茸黑锡丸,丸剂,回阳固脱，坠痰定喘。用于痰壅气喘，四肢厥冷，大汗不止，猝然昏倒，腹中冷痛等症,红参50g、鹿茸50g、黑木耳100g、荜澄茄50g、胡芦巴50g、丁香50g、小茴香(盐炒)50g、益智仁(盐炒)50g、肉豆蔻(制霜)50g、橘红50g、半夏(制)50g、附子(制)50g、木香50g、赭石(煅)50g、补骨脂(盐炒)50g、肉桂50g、川楝子50g、阳起石(煅)50g、沉香50g、硫黄(制)50g,以上二十味，除黑锡外，其余红参等十九味粉碎成细粉，过筛，混匀，用水泛丸；黑锡细粉用白酒化开包衣，打光，干燥，即得
带症丸,丸剂,止痢、止带、止血。用于赤白痢疾，崩漏带下,牛羊角炭500g、蹄炭500g、白及适量,取牛羊角及蹄甲洗涮干净，晾干，置密闭容器内，加热闷煅 6~8 小时，至全部角质炭化，放凉取出，制成极细粉；再取白及粉碎成极细粉，将两种细粉合并，混匀，用水泛丸，包衣，干燥，即得
茵陈五苓糖浆,糖浆剂,通阳健脾，利湿除黄。用于湿热黄疸，湿重于热，脘闷腹胀，纳呆呕恶，小便不利，舌苔黄腻,茵陈150g、茯苓30g、猪苓30g、桂枝30g、泽泻30g、苍术30g,以上六味，茵陈、桂枝、苍术及泽泻提取挥发油，残渣与猪苓、茯苓加水煎煮二次，每次 2 小时，合并煎液，滤过，滤液浓缩至相对密度约 1.15 的清膏；另取蔗糖 200g 制成糖浆，加入清膏及防腐剂，继续浓缩至适量，放冷，加入上述挥发油，搅匀，滤过，调制至规定的相对密度，即得
枸杞益元酒,酒剂,补益肝肾，养血明目。用于肝肾两虚，头昏目花，腰膝酸痛,枸杞995.6g、何首乌(黑豆水蒸)487.8g、锁阳165.9g、补骨脂(盐水炒)165.9g、茯苓165.9g、麦冬27.6g、当归276.6g、红花110.6g、怀牛膝165.9g、栀子27.6g、红曲22.1g,以上十一味，取锁阳加水煎煮二次，第一次 2 小时，第二次 1.5 小时，合并煎液，滤过，滤液浓缩至相对密度为 1.13 (50℃测)，加入 10 倍量 54% 白酒 22125g，浸泡 21 天，滤过，备用；取栀子加水煎煮二次，每次半小时，合并煎液，滤过，备用（每 1kg 栀子约收取煎液 10kg）；取冰糖 2765.5g、水 1382.7g 配成单糖浆，滤过，备用；将当归、何首乌、补骨脂、茯苓、怀牛膝、麦冬等六味粉碎成粗粉并与红曲混匀；取枸杞、红花与上述粗粉混合后，照流浸膏剂与浸膏剂项下的渗漉法（附录 I O）用 54% 白酒作溶剂，浸渍 24 小时，缓缓渗漉，至加完所有白酒，收集渗漉液，置配制罐中依次加入锁阳酒液、栀子煎液、单糖浆混合均匀，以白酒或蒸馏水调整含醇量至 40~45% 使总量为 25L，密闭，静置 20 天，滤过，即得
栀芩清热液,口服液,疏风散热，清热解毒。用于三焦热毒炽盛，发热头痛，口渴，尿赤等,栀子400g、甘草200g、黄芩400g、连翘400g、薄荷油1ml、淡竹叶400g,以上六味，除薄荷油外，栀子、黄芩、连翘、淡竹叶加水煎煮二次，每次 2 小时，合并煎液，滤过，滤液浓缩至相对密度为 1.20~1.25 (25~30℃)，加乙醇使含醇量达 50%，搅匀，静置，滤过，滤液回收乙醇，浓缩至适量；甘草用沸水浸提二次，每次 2 小时，浸提液浓缩至适量，加适量浓氨溶液，搅匀，静置，滤过，滤液浓缩至相对密度为 1.20~1.25 (25~30℃)，与上述浓缩液合并，混匀，静置，滤过，滤液中加入薄荷油（用适量乙醇溶解）及适量防腐剂，混匀，加水使成 1000ml，静置，滤过，即得
威喜丸,丸剂,利湿，补肾固下。用于肾虚遗精，妇女白带,茯苓500g、猪苓31g,以上二味（茯苓、猪苓），猪苓分次加水煎煮，合并煎液，滤过；茯苓粉碎成细粉，过筛；黄蜡 (净) 500g 加热熔化，趁热加入茯苓粉末，搅匀，再缓缓加入猪苓煎液，随加随搅拌至松散状，放冷，粉碎成粗粉，过筛，用水泛丸，低温干燥，即得
临江风药,颗粒剂,疏风清热，开窍豁痰，平肝熄风，镇惊止抽。用于小儿急慢惊风，痰热壅盛，四肢抽搐等表里实热症,人工牛黄25g、全蝎(去钩)100g、僵蚕(炒)100g、天麻60g、地龙44g、琥珀60g、白附子(制)40g、青黛30g、石膏200g、大黄50g、薄荷叶500g；临江风药增效退热片：对乙酰氨基酚120.9g、临江风药粉106.4g,1. 临江风药散剂：以上十一味（人工牛黄至薄荷叶），除人工牛黄、青黛外，其余天麻等九味药粉碎成细粉；将人工牛黄、青黛研细，与上述药粉配研，过筛，混匀，称取 106.4g 备用，其余分装即得。2. 临江风药增效退热片：将上述备用药粉 106.4g 与对乙酰氨基酚粉 120.9g 混匀，过筛，制粒，低温干燥，压制成 2400 片，即得
胃气痛片,片剂,理气，和胃，止痛。用于胃脘疼痛，胸腹胀满，呕吐酸水，消化不良,乌药60g、郁金60g、香附(制)60g、青皮60g、乳香(制)20g、没药(制)20g、五灵脂(炒)80g、高良姜20g、八角茴香15g、白芍(炒)120g、木香30g、丁香20g、肉桂40g,以上十三味，将乌药、郁金、香附、青皮加水煎煮二次，每次 4 小时，合并煎液，取药液溶化乳香、没药，静置，滤过，滤液浓缩成稠膏；其余五灵脂等七味粉碎成细粉，过筛，加入上述稠膏与适量辅料，混匀，制颗粒，干燥，压制成 1000 片，即得
胃乐舒口服液,口服液,滋补强壮，健脾和中，化瘀止痛。用于脾虚胃痛、胃脘痛（胃炎、慢性萎缩性胃炎，胃及十二指肠溃疡）,猴头菌浓缩液500g、蜂王浆21g,以上二味，加入炼蜜 376g 及防腐剂适量，加水至 1000ml，搅匀，滤过，灌封，即得
胃疡灵颗粒,颗粒剂,温中益气，缓急止痛。用于脘腹胀痛，喜温，喜按，食少，乏力，舌淡脉弱，适用于慢性胃炎，十二指肠溃疡有上述症状者,黄芪250g、甘草(蜜炙)200g、白芍150g、大枣100g、桂枝80g、生姜80g,以上六味，生姜提取挥发油，药渣与黄芪、桂枝、白芍、甘草加水煎煮二次，每次 1.5 小时，合并煎液，滤过，滤液减压浓缩至适量，放冷，加乙醇至含醇量为 50%，搅匀，静置，滤过，滤液减压回收乙醇，浓缩至相对密度为 1.30 以上 (热测) 的清膏；另取大枣加水煎煮二次，每次 1 小时，合并煎液，滤过，滤液减压浓缩至相对密度为 1.30 以上的清膏，与上述清膏合并，加蔗糖 500g、糊精适量，混匀，制成颗粒，干燥，过筛，喷入上述生姜挥发油适量，混匀，制成约 600g 颗粒或压成长方块状，即得
胃炎康胶囊,胶囊剂,舒肝和胃，缓急止痛。主治胃脘疼痛，呕恶泛酸、烧灼不适。用于十二指肠溃疡、胆汁返流性胃炎、慢性胃炎等具有以上症状者,白芍100g、甘草100g、桂枝50g、高良姜50g、黄连25g、柴胡15g,以上六味，粉碎成细粉，过筛，混匀，装入胶囊，制成 1000 粒，即得
胃祥宁颗粒,颗粒剂,舒肝止痛，养阴润肠。用于消化性溃疡，慢性胃炎所致的胃脘痛、腹胀、嗳气、口渴、便秘等症,女贞子5000g,取女贞子 5000g 粉碎成粗粉，加水煎煮两次（2 小时、1.5 小时），合并煎液，滤过，滤液浓缩至相对密度为 1.18 (60℃) 的清膏，加糊精制粒，制成约 1000g，即得
咳灵胶囊,胶囊剂,益气补肺、止咳定喘。用于肺气虚弱，津液亏损，虚劳久嗽，咳嗽喘促，气短胸满，口渴咽干,罂粟壳400g、人参150g、枳实200g、石膏100g、川贝母200g、陈皮200g、麻黄100g、玄参200g、苦杏仁200g、五味子(醋制)100g、甘草200g、砂仁40g,以上十二味，人参粉碎成细粉；枳实、陈皮、砂仁水蒸气蒸馏 3 小时，提取挥发油备用，药渣与罂粟壳、川贝母、麻黄、玄参、甘草、石膏加水煮提二次，合并煎液，滤过，浓缩约至 1000ml，加入等量 85% 乙醇，静置过夜，滤过，滤液浓缩至相对密度 1.30~1.32 的清膏；五味子、苦杏仁用 85% 乙醇回流提取二次，第一次 2.5 小时，第二次 1.5 小时，合并滤液，滤过，滤液减压回收乙醇并浓缩至相对密度 1.14~1.16 的清膏；合并水清膏及醇清膏，加入人参细粉及淀粉适量，混合、制粒，干燥，取枳实、陈皮、砂仁挥发油，加适量白陶土吸收，与干颗粒混匀，装胶囊，即得
骨友灵贴膏,膏剂,活血化瘀，消肿止痛。用于骨质增生引起的功能性障碍，软组织损伤及大骨节病所引起的肿胀疼痛,红花18g、威灵仙18g、防风18g、延胡索31g、续断18g、鸡血藤18g、蝉蜕13g、何首乌13g、川乌18g、樟脑3g、薄荷脑3.75g、马来酸氯苯那敏0.5g、冰片3g、水杨酸甲酯1.5g、颠茄流浸膏6g,将红花等九味药材，用 75% 乙醇回流提取二次，减压浓缩至相对密度为 1.30~1.40 (50℃) 的清膏；取颠茄流浸膏 6g、陈醋 35 毫升浓缩至相对密度为 1.30~1.40 (50℃) 的清膏；另取氧化锌 58g、橡胶 45g，压成网状加入适量汽油搅拌，待全部混匀后将二甲基亚砜 3ml、液体石蜡 1.8g、羊毛脂 3g、凡士林 7g 及上述清膏，冰片 3g、樟脑 3g、薄荷脑 3.75g、水杨酸甲酯 1.5g、马来酸氯苯那敏 0.5g，依次加入，搅拌均匀后再加入松香搅匀，放置 24 小时后，涂布，烘干，盖衬切片，分装，即得
骨筋丸 (大蜜丸),丸剂,活血化瘀，舒筋通络，祛风止痛。用于肥大性脊椎炎，颈椎病、跟骨刺，增生性关节炎，大骨节病等,乳香27g、没药46g、白芍91g、延胡索(醋制)27g、三七46g、木香27g、红花46g、郁金91g、独活183g、牛膝46g、秦艽183g、桂枝46g、血竭27g、马钱子(制)27g,以上十四味，粉碎成细粉，过筛，混匀；每 100g 粉末加炼蜜 90~110g 制成大蜜丸，即得
骨筋丸片,片剂,活血化瘀，舒筋通络，祛风止痛。用于肥大性脊椎炎，颈椎病、跟骨刺，增生性关节炎，大骨节病等,乳香27g、没药46g、白芍91g、延胡索(醋制)27g、三七46g、木香27g、红花46g、郁金91g、独活183g、牛膝46g、秦艽183g、桂枝46g、血竭27g、马钱子(制)28g,以上十四味，乳香、没药、延胡索、马钱子、三七、血竭粉碎成细粉，过筛，混匀；郁金、木香、独活、桂枝加 70% 乙醇 7 倍量，回流提取二次，每次 7 小时，分次滤过，合并滤液，回收乙醇；药渣加入其余白芍等四味加水煎煮二次，每次 2 小时，分次滤过，合并滤液，静置 4~6 小时，分取上清液与乙醇提取液合并，浓缩至稠膏状；加乳香等粉末及辅料适量，制成颗粒，干燥，压制成 1000 片，包糖衣，即得
骨筋丸胶囊,胶囊剂,活血化瘀，舒筋通络，祛风止痛。用于肥大性脊椎炎，颈椎病、跟骨刺，增生性关节炎，大骨节病等,乳香27g、没药46g、白芍91g、延胡索(醋制)27g、三七46g、木香27g、红花46g、郁金91g、独活183g、牛膝46g、秦艽183g、桂枝46g、血竭27g、马钱子(制)29g,以上十四味，同骨筋丸片项下，自 “乳香、没药、延胡索、马钱子、三七、血竭粉碎成细粉” 起，至 “浓缩至稠膏”，烘干，粉碎成细粉，过筛，加入乳香、没药等药粉，混匀，装入胶囊，制成 1000 粒，即得
香连素片,片剂,清热燥湿，行气止痛。用于湿热型痢疾，里急后重，腹痛泄泻,木香500g、盐酸小檗碱75g,以上二味，木香用水蒸气蒸馏法提取挥发油，药渣照流浸膏剂与浸膏剂项下的渗漉法（附录 I O），用 85% 乙醇作溶剂进行渗漉，收集渗漉液，回收乙醇，浓缩成稠膏；取盐酸小檗碱研细，加入适量辅料，混匀，粉碎，过筛，加入上述稠膏，制颗粒，喷加木香挥发油，混匀，压制成 1000 片，即得
复方三七口服液,口服液,抗衰，扶正培本，益气强心，健脾固本，滋阴润燥，生津止咳；并有提高机体免疫力，升高白细胞和血色素的作用。用于神倦乏力，气短心悸，阴虚津少，口干舌燥；也用于肿瘤病人虚衰及放疗、化疗手术后出现的一切虚症,三七(鲜)170g、黄芪100g、人参20g、葛根14g,以上四味，取鲜三七、人参、葛根粉碎成粗粉，照流浸膏剂与浸膏剂项下渗漉法（附录 I O），以 60% 乙醇作溶剂，缓缓渗漉，滤液回收乙醇，静置 48 小时，滤过，滤液浓缩至相对密度为 1.2 (50~60℃) 的清膏；黄芪加水煎煮三次，每次 2.5 小时，滤过，滤液浓缩至相对密度为 1.30 (50~60℃) 的清膏，加等量的 60% 乙醇，静置 48 小时，滤过，滤液浓缩至相对密度为 1.20 (50~60℃) 的清膏；取蜂蜜 233g 低温加热溶解，滤过；蔗糖 20g 加水适量溶解，煮沸滤过；合并以上各制备液，加苯甲酸适量，加水调整总量至 1000ml，搅匀，滤过，灌封，灭菌，即得
复方土荆皮酊,酊剂,抑制表皮霉菌及止痒。用于手癣，脚癣，体癣等,土荆皮酊(10%)400ml、苯甲酸120g、水杨酸60g,取苯甲酸、水杨酸溶解于适量乙醇中，使成 600ml，加入土荆皮酊，混匀，滤过，即得
复方羊角颗粒,颗粒剂,平肝、镇痛。用于偏头痛，血管性头痛，紧张性头痛，也可用于神经痛,羊角300g、川芎100g、白芷100g、制川乌75g,以上四味，羊角片加水煎煮二次，每次 3 小时，合并煎液，滤过，滤液浓缩至每 1ml 相当于原生药 5g，加入乙醇 2.5 倍量，搅拌，静置沉淀 24 小时，取上清液备用；其余川芎等三味粉碎成粗粉，照流浸膏剂与浸膏剂项下的渗漉法（附录 I O），用 70% 乙醇作溶剂，进行渗漉，渗漉液与羊角上清液合并，减压回收乙醇，浓缩至相对密度为 1.30~1.35 (80~85℃热测) 的清膏；取清膏 1 份，蔗糖粉 3 份，糊精 1.25 份，制成颗粒，干燥，即得
复方党参片 (冠参片),片剂,活血化瘀，益气宁心。用于心肌缺血引起的心绞痛及胸闷等,党参550g、丹参150g、当归150g、北沙参100g、金果榄50g,以上五味，金果榄水浸 2 小时，其余四味水浸 1 小时，然后合并煎煮 3 次，每次 1 小时，合并煎液，滤过，在 85℃以下减压浓缩、干燥，得干浸膏，加辅料适量、制粒、压片、包糖衣，即得
复方鹿参膏,膏剂,养血益气，调经温寒。用于肾虚，气血两亏，经血不调，经期腹痛,鹿胎一具、鹿角胶500g、熟地黄1000g、人参125g、当归125g、川芎125g、白芍125g、白术125g、茯苓375g、甘草125g,以上十味，除鹿角胶外，鹿胎洗净，切成小块，加水煎煮三次，第一次 2 小时，第二、三次各 1 小时，至肉化骨酥，每次趁热滤过，合并滤液，浓缩成稠膏；其余熟地黄等八味，酌予碎断，加水煎煮三次，第一次 2 小时，第二、三次各 1 小时，分次滤过，合并滤液，滤液中加入鹿角胶，加热使化，加入上述稠膏，搅匀，继续浓缩，至不渗纸为度，取出，放冷，切块，即得
复方蒲芩片,片剂,清热消炎。用于急、慢性支气管炎、肺炎、扁桃腺炎，牙龈炎等,蒲公英提取物125g、黄芩提取物25g、三棵针提取物25g、北豆根提取物25g,以上四味，粉碎成细粉，过筛，加辅料适量，混匀，制粒，干燥，压制成 1000 片，包糖衣，即得
复方鼻炎膏,膏剂,消炎，通窍。用于过敏性鼻炎，急、慢性鼻炎及鼻窦炎,穿心莲浓缩液150g、鹅不食草浓缩液25g、盐酸麻黄碱5g、盐酸苯海拉明1.5g、薄荷油10ml、桉油10ml,以上六味，穿心莲浓缩液、鹅不食草浓缩液分别置水浴上保温在 60℃左右；将适量司盘 - 80、石蜡和凡士林混合的基质，经过加热除去水分后冷却至 60℃左右，在搅拌下分别加入上述两种浓缩液；将盐酸麻黄碱细粉、盐酸苯海拉明、薄荷油和桉油搅匀后加入，并继续搅拌至接近室温，制成 1000g，即得
复肾宁片,片剂,清热解毒，渗湿利尿。用于肾盂肾炎和急慢性尿路感染,车前子(盐炒)216.7g、关木通32.5g、栀子65g、萹蓄65g、大黄(制)21.7g、知母(盐)65g、黄柏(盐)97.5g、瞿麦108.4g、牛膝65g、乳香(炒)32.5g、广防己108.4g,以上十一味，将广防己、栀子、大黄、乳香粉碎成细粉；其余车前子等七味，加水煎煮三次，第一次 3 小时，第二次 2 小时，第三次 1 小时，合并煎液，滤过，滤液浓缩成清膏，与上述药粉混合，干燥，粉碎成细粉，制粒，干燥，压制成 600 片 (素片) 或 1000 片，包糖衣，即得
追风强肾酒,酒剂,补肝肾，强筋骨，祛湿活血。用于风湿性关节炎，腰膝酸软，头晕耳鸣，劳伤乏力,五加皮30g、女贞子（酒制）30g,以上二味，粉碎成粗粉，照流浸膏剂与浸膏剂项下的渗漉法（附录 I O），用白酒适量作溶剂，浸渍 10~15 天，缓缓渗漉，收集渗漉液；另取蔗糖 100g 制成糖浆，加入上述渗漉液中，搅匀，静置，滤过，制成 1000g，即得
养胃宁胶囊,胶囊剂,调中养胃，理气止痛。用于急慢性胃炎、溃疡病，胃神经官能症,当归33g、水红花子(炒)44g、香附(醋)33g、香橼44g、青木香22g、豆蔻33g、草豆蔻33g、人参44g、五灵脂33g、甘草(蜜炙)22g、莱菔子(炒)33g、大黄11g,以上十二味，粉碎成细粉，过筛，混匀，分装，即得
养胃舒胶囊,胶囊剂,扶正固体，滋阴养胃，调理中焦，行气消导。用于慢性萎缩性胃炎、慢性胃炎所引起的胃脘热胀痛，手足心热，口干、口苦，纳差，消瘦等症,党参187g、陈皮157g、黄精(蒸)187g、山药187g、干姜76g、菟丝子187g、白术(炒)187g、玄参187g、乌梅233g、山楂233g、北沙参187g,以上十一味，加水煎煮二次（菟丝子包煎），第一次 1.5 小时，第二次 1 小时，合并煎液，滤过，滤液静置，取上清液浓缩成相对密度为 1.28~1.30 (60℃) 的清膏，加入适量辅料，混匀，制颗粒，装入胶囊，制成 1000 粒，即得
活血壮筋丸 (丹),丹剂,祛风活血，壮筋强腰。用于筋骨疼痛，周身麻木，半身不遂，口歪眼斜,制川乌400g、红花40g、血竭50g、土鳖虫40g、乳香(去油)20g、没药(去油)20g、地龙40g、全蝎40g、川牛膝80g、桂枝40g、人参40g,以上十五味，粉碎成细粉，过筛，混匀，用水泛丸，干燥，包糖衣，即得
冠脉康片,片剂,活血化瘀，理气止痛，有扩张冠状血管，增加血流量的作用。用于冠心病的胸闷和心绞痛，对高胆固醇血症和高甘油三酯血症亦有一定疗效,三七30g、赤芍500g、佛手300g、泽泻300g、甘草50g,以上五味，三七、甘草分别粉碎成细粉；赤芍、泽泻加水煎煮二次，每次 1 小时，合并煎液，滤过，滤液浓缩至相对密度 1.06 (65~75℃)，待冷至室温，加 1 倍量的 90% 乙醇搅匀，静置，取上清液滤过，滤液浓缩至相对密度 1.30 (65~75℃) 的清膏；另取佛手粉碎成粗粉，加 90% 乙醇适量，加热回流二次，每次 2 小时，回收乙醇后，与上述清膏搅匀，加入三七、甘草细粉及清膏重量 5% 的淀粉搅匀，干燥，制成颗粒，压制成 500 片，包糖衣，即得
祛风除湿药酒,酒剂,祛风活血，舒筋健骨。用于风湿性筋骨疼痛，四肢麻木,老鹳草240g、鸡血藤240g、寻骨风120g、骨碎补(炒)120g、狗脊(制)120g、秦艽120g、五加皮60g、栀子120g、陈皮15g,以上九味，粉碎成粗粉，另取蔗糖 1600g，溶解于白酒 16000g 中，照流浸膏剂与浸膏剂项下的渗漉法（附录 I O），用蔗糖酒作溶剂，浸渍 48 小时后，以每分钟 1~3ml 的速度缓缓渗漉，收集渗漉液，静置，滤过，制成 16000ml，即得
结核灵片,片剂,抗结核。主治淋巴结核，对肺结核及其它淋巴结核亦有疗效,狼毒750g,取狼毒药材，酌予碎断，加水煎煮二次，每次 2 小时，合并煎液，滤过，滤液浓缩至相对密度为 1.32~1.36 (60~65℃测) 的清膏，与淀粉适量，混匀，制粒，干燥，压制成 1000 片，包糖衣，即得
桂芍镇痫片,片剂,和营卫，清肝胆。用于治疗各种发作类型的癫痫,桂枝400g、白芍600g、党参300g、半夏(制)400g、柴胡400g、黄芩300g、甘草200g、鲜姜200g、大枣400g,以上九味，加水煎煮二次，第一次 1.5 小时，第二次 1 小时，合并煎液，滤过，滤液浓缩，80℃以下干燥成干浸膏；取干浸膏 30g，加淀粉等辅料适量，制成颗粒，干燥，加适量润滑剂，压制成 1000 片，包糖衣，即得
速效止泻胶囊,胶囊剂,清热利湿，收敛止泻。用于赤痢、热泻、肠炎等,盐酸小檗碱120g、拳参180g,以上二味，拳参粉碎成细粉与盐酸小檗碱混匀，过筛，制成 1000 粒，即得
速感宁胶囊,胶囊剂,清热解毒，消炎止痛。用于治疗感冒、流行感冒、咽喉肿痛以及小儿腮腺炎等,贯众320g、柴胡320g、大青叶240g、金银花160g、牛黄8g、对乙酰氨基酚100g、马来酸氯苯那敏1.2g,以上七味，取贯众、柴胡、大青叶、金银花等四味加水煎煮 2 次，第一次 3 小时，第二次 2 小时，合并煎液，滤过，滤液减压浓缩至稠膏，干燥，粉碎成细粉，加入牛黄粉、对乙酰氨基酚、马来酸氯苯那敏充分混匀，加 75% 乙醇湿润搅拌均匀，干燥、粉碎、装胶囊，制成 1000 粒，即得
党参固本丸,丸剂,益气养阴，补肺滋肾。用于肺痨咳嗽，虚热盗汗,党参100g、天冬200g、麦冬200g、地黄200g、熟地黄200g,以上五味，粉碎成细粉，过筛，混匀，用 75% 乙醇泛丸，干燥，即得
眠安宁合剂,口服液,养血安神。用于神经衰弱性失眠、多梦，心神不宁，贫血头眩,丹参800g、熟地黄400g、远志(制)150g、陈皮200g、首乌藤400g、白术(麸炒)300g、大枣800g,以上七味，取陈皮 50g，用 70% 乙醇分三次浸渍：先将陈皮 17g 加 70% 乙醇 100ml，浸渍 24 小时，滤过，滤液加陈皮 17g，浸渍 24 小时，滤过，滤液再加陈皮 16g，浸渍 24 小时，滤过，得滤液 50ml，备用；其余丹参等六味加水煎煮 2 次，第一次 3 小时，第二次 2 小时，滤过，合并滤液，浓缩至相对密度 1.05 (90~95℃)，静置沉淀，吸取上清液，浓缩至相对密度 1.10 (90~95℃)；另取蔗糖 450g 制成单糖浆，与上述浓缩液合并，混匀，至相对密度 1.15 (90~95℃)，加苯甲酸钠 3g，搅拌，滤过，滤液与上述陈皮浸渍液合并，混匀，制成 2560ml，即得
积雪甙片,片剂,有促进创伤愈合作用。用于治疗外伤，手术创伤，烧伤，疤痕疙瘩及硬皮病,积雪草总甙6g（每片含6mg）,取积雪草总甙 6g，加入糊精与淀粉适量，用淀粉浆拌匀，制成颗粒，烘干，加入适量硬脂酸镁，压制成 1000 片，即得
积雪甙脂软膏,膏剂,同积雪草总甙（有促进创伤愈合作用。用于治疗外伤，手术创伤，烧伤，疤痕疙瘩及硬皮病）,积雪草总甙27.5g（每1000g软膏中）,"取地腊 50g、单硬脂酸甘油酯 200g、白凡士林 100g、液状石腊 350g、26g 司盘 60、2,6 - 叔丁基对甲酚 0.2g、羟苯乙酯 1g，加热至 95~100℃使溶解，滤过（油相）；另取甘油 50g，10g 吐温 80、水适量加热至 95~100℃使溶解，滤过（水相）。在加热搅拌下，将积雪草总甙水溶液（积雪草总甙 27.5g 加水 150ml 溶解）加入水相中，再将水相逐渐加入油相中，搅拌至乳化，放冷，即得"
积雪甙霜软膏,膏剂,同积雪草总甙（有促进创伤愈合作用。用于治疗外伤，手术创伤，烧伤，疤痕疙瘩及硬皮病）,积雪草总甙27.5g（每1000g软膏中）,"取甘油 150g、十二烷基硫酸钠 1g、三乙醇胺 10g、15g 吐温 - 80 加水搅拌，加热至 95~100℃，使溶解，滤过（水相）；另取单硬脂酸甘油酯 50g、硬脂酸 100g、白凡士林 50g、液状石腊 75g、2,6 - 叔丁基对甲 0.2g、羟苯乙酯 1g，加热至 95~100℃使溶解，滤过（油相）。在加热搅拌下将积雪草总甙水溶液（积雪草总甙 27.5g 加水 150ml 溶解）加入水相中，再将油相逐渐加入水相中，搅拌至乳化，放冷，即得"
狼疮丸,丸剂,清热解毒，凉血，活血化瘀，增加细胞免疫功能，提高机体抗病能力，降低循环免疫复合物。用于系统性红斑狼疮，系统性硬皮病，皮肌炎、脂膜炎，白塞氏病，结缔组织病,金银花53.6g、连翘53.6g、蒲公英53.6g、黄连13.4g、生地黄53.6g、大黄(酒炒)20.1g、甘草13.4g、蜈蚣(去头尾足)2.42g、赤芍26.8g、当归13.4g、丹参13.4g、玄参53.6g、桃仁(炒制)26.8g、红花20.1g、蝉蜕53.6g、浙贝母26.8g,以上十六味，粉碎成细粉，过筛，混匀，每 100g 粉末加炼蜜 90~110g，制成小蜜丸或大蜜丸，或每 100g 粉末加炼蜜 10~30g 与适量的水泛丸，干燥，包衣，即得
高力清心丸,丸剂,清热解毒，泻火通便。用于头昏目赤，大便秘结等症,黄芩300g、大黄200g、石膏200g、滑石200g、甘草200g、北寒水石100g、黄连100g、朱砂30g、冰片20g、牛黄10g,以上十味，朱砂水飞或粉碎成极细粉；牛黄、冰片研成细粉；其余黄芩等七味粉碎成细粉，与上述粉末配研，过筛，混匀。每 10g 粉末加炼蜜 110~120g 制成大蜜丸，即得
益心宁神片,片剂,补气生津，养心安神。用于心悸气短，多梦失眠，记忆力减退，神经衰弱等症,人参茎叶总皂甙10g、藤合欢1000g、五味子500g、灵芝500g,以上四味，取五味子粉碎成粗粉，加 75% 乙醇温浸 30 分钟，回流提取 2 次，第一次 2.5 小时，第二次 2 小时，合并提取液，浓缩至稠膏状；取藤合欢与灵芝二味，加水煎煮 2 次，第一次 2 小时，第二次 1.5 小时，滤过，合并滤液，浓缩至稠膏状。取上述稠膏，合并，干燥，粉碎成细粉，加入人参茎叶总皂甙及淀粉适量，混匀，制成颗粒，压制成 1000 片，包衣，即得
益心舒胶囊,胶囊剂,益气复脉，活血化瘀，养阴生津。用于气阴两虚，心悸脉结代，胸闷不舒、胸痛及冠心病心绞痛见有上述症状者,人参150g、麦冬150g、五味子100g、黄芪150g、丹参200g、川芎100g、山楂150g,以上七味，取人参粉碎细粉后备用。五味子、丹参用 85% 乙醇回流提取 2 次，第一次 3 小时，第二次 1.5 小时，滤过，合并滤液，减压浓缩至相对密度 1.15~1.12（20℃），得醇浸膏。其余麦冬等加水煎煮 2 次，第一次 2.5 小时，第二次 1.5 小时，合并煎液，滤过，滤液浓缩至约 500ml，加入等量 85% 乙醇，充分搅拌后，静置过夜，滤去沉淀物，滤液回收乙醇并浓缩至相对密度 1.30~1.36（80℃），得水提浸膏。将上述二种浸膏合并后，加入人参细粉及适量淀粉，混合均匀，制粒，干燥，装胶囊，制成 1000 粒，即得
益坤宁酊,酊剂,补气养血，调经止痛。用于妇女血虚气滞，月经不调，经前、经后腹痛腰痛，妇女更年期综合症等,当归90g、香附60g、桂皮15g、熟地黄60g、白芍60g、川芎60g、益母草60g、延胡索30g、三棱15g、橙皮15g,以上十味，粉碎成粗粉，照流浸膏剂与浸膏剂项下的渗漉法（附录 I O），用 45% 乙醇作溶剂，浸渍 48 小时后，以每分钟 1~3ml 的速度缓缓渗漉，收集初漉液约 750ml，继续渗漉至漉液接近无色，浓缩至稠膏状，加适量初漉液混匀，加适量防腐剂、柠檬香精及蔗糖 100g，搅匀，慢慢加入初漉液，随加随搅拌，加水使成 1000ml，混匀，用浓氨试液调节 pH 值至 9，滤过，即得
益康胶囊,胶囊剂,调节全身代谢，恢复细胞活力，改善心血管功能，健脑健身，延缓衰老；扶正固本。用于冠心病，高血脂症，脑动脉硬化，老年性视力减退。对甲状腺机能减退和慢性老年性支气管炎有辅助治疗作用,人参66.7g、三七33.3g、黄芪166.7g、黄精166.7g、天花粉166.7g、何首乌166.7g、灵芝166.7g、丹参333.3g、泽泻333.3g、珍珠层粉5.0g、维生素E 33.3g、维生素A 330万单位、甲基橙皮甙13.4g,以上十三味，除珍珠层粉、甲基橙皮甙、维生素 E 和维生素 A 外，其余人参等九味分别粉碎，用乙醇提取，回收乙醇，浓缩成稠膏，备用；另取甲基橙皮甙磨成细粉，加入维生素 E 和维生素 A，混匀，另加入珍珠层粉，混匀，加入到上述稠膏中，加适量淀粉，搅匀，干燥，粉碎，装入胶囊，制成 1000 粒，即得
消痛提毒膏,膏剂,拔毒排脓。用于痈疽肿毒，诸疮瘰疬,生草乌25g、白鲜皮25g、冰片2.5g、赤芍25g、白薇25g、苦参25g、皂角15g、苍术25g、地黄25g、当归25g、木鳖子15g、肉桂5g、天南星25g,以上十三味，肉桂粉碎成细粉，过筛，冰片研细，过筛，其余生草乌等十一味，酌予碎断，与豆油 500g 置锅内炸枯，去渣，滤过，炼至滴水成珠；另取红丹 2250g，加入油内，搅匀，收膏，将膏泡于水中。取膏用文火熔化，待温度降至 70~80℃时，加入肉桂、冰片细粉，搅匀，分摊于布上，即得
海马多鞭丸,丸剂,补肾壮阳，添精增髓。用于气血两亏，面黄肌瘦，梦遗滑精，早泄，阳痿不举，腰腿酸痛,海马350g、蛤蚧40g、韭菜子1000g、锁阳1000g、鹿茸(去毛)1000g、补骨脂(制)700g、小茴香(制)700g、菟丝子(制)700g、沙苑子(制)700g、山茱萸(制)600g、白术(炒)600g、杜仲(盐制)600g、红参1500g、母丁香1500g、牛膝600g、茯苓600g、山药600g、黄芪500g、当归500g、龙骨(煅)500g、甘草(制)300g、肉桂300g、雀脑45g、五味子600g、枸杞子600g、狗鞭200g、驴鞭900g、牛鞭1000g、貂鞭35g、熟地2500g、附子(制)2500g、肉苁蓉2500g、巴戟天2500g、淫羊藿2500g,以上三十四味，将狗鞭、驴鞭、牛鞭、貂鞭四味置锅中蒸透，切片，干燥，与附子等三十味粉碎成细粉，过筛，混匀，泛丸，包衣，干燥，即得
海龙蛤蚧口服液,口服液,温肾壮阳，补益精血。用于腰足酸软，面色㿠白，阳痿遗精，宫冷不孕，头目眩晕,海龙39.1g、蛤蚧0.73g、人参4.68g、羊鞭4.68g、羊外肾4.68g、黄芩4.68g、熟地黄3.1g、菟丝子3.1g、何首乌3.1g、地黄3.1g、陈皮3.1g、当归1.56g、黄芪4.68g、阳起石1.56g、莲须1.56g、甘草1.56g、川芎1.56g、泽泻1.56g、锁阳1.56g、豆蔻1.56g、沉香1.56g、鹿茸1.56g、枸杞子1.56g、肉苁蓉0.78g、淫羊藿(羊油炙)1.56g、肉桂1.56g、韭菜子1.56g、蛇床子1.56g、花椒0.31g,以上二十九味，加水煎煮二次，每次 2 小时，合并煎液，浓缩至相对密度为 1.04~1.06（80℃）的清膏，加乙醇二倍量，冷藏 12 小时，滤过、浓缩，加水，冷藏，滤过；取蔗糖 500g 加水溶解与上述滤液合并，混匀；加苯甲酸 1.7g 使溶解，用氢氧化钠调 pH 值 4.6~4.8，调整总量至 1000ml，滤过，分装，灭菌，即得
接骨灵贴膏,膏剂,活血化瘀，舒筋通络，消肿止痛。用于各种闭合性新骨折及跌打损伤，扭挫伤等软组织损伤,骨碎补9g、续断9g、土鳖虫6g、羌活9g、天南星9g、乳香3g、没药3g、当归9g、桃仁4.5g、五加皮9g、蒲公英9g、红花9g、冰片1g、樟脑2g、水杨酸甲酯1.5g、桉油1g,以上十六味，除冰片、樟脑、水杨酸甲酯、桉油外，土鳖虫、桃仁加水煎煮二次，每次 1 小时，合并煎液，滤过，滤液浓缩成相对密度为 1.26（20℃）的稠膏；其余骨碎补等十味粉碎成粗粉，照流浸膏剂与浸膏剂项下的渗漉法（附录 I O），用 90% 乙醇作溶剂，进行渗漉，收集漉液，回收乙醇，浓缩至相对密度为 1.1（20℃），与上述稠膏、冰片、樟脑、水杨酸甲酯、桉油等依次加入约 4.7 倍重的由橡胶、松香等制成的基质中，制成涂料，进行涂膏，切段，盖衬，切成小块，即得
菊蓝抗流感片,片剂,清热解毒。用于风热感冒，痄腮喉痹,野菊花747g、人工牛黄11.5g、板蓝根632g、乙酰水杨酸23g、水牛角浓缩粉23g,以上五味，将人工牛黄，水牛角浓缩粉，乙酰水杨酸分别研细，另取野菊花 57g、板蓝根 57g 粉碎成细粉，剩余的野菊花、板蓝根，加水煎煮二次，第一次 2 小时，第二次 1.5 小时，合并煎液，滤过，滤液浓缩成稠膏状；与上述野菊花、板蓝根细粉及水牛角浓缩粉混匀、干燥，粉碎成细粉，再与人工牛黄，乙酰水杨酸配研，过筛，混匀，制成颗粒，压制成 1000 片，包糖衣，即得
雪哈灵芝酒,酒剂,温肾壮阳，滋补宁神。用于阳痿遗精，腰膝酸软，精气不足，头晕失眠,哈蟆油2500g、灵芝5000g、狗肾2500g,以上三味，灵芝酌予碎断，加水煎煮二次，第一次 2 小时，第二次 1 小时，合并煎液，滤过，滤液浓缩成膏。灵芝药渣与哈蟆油、狗肾，用白酒提取二次，第一次 3 小时，第二次、第三次各 2 小时，合并提取液，滤过，回收乙醇，浓缩成膏，与上述灵芝煎膏合并，加白酒 100kg，蔗糖 7.6kg，蜂蜜 2kg，充分搅拌使溶解，静置 15 天以上，滤过，即得
银柴颗粒,颗粒剂,清热，解表，止咳。用于风热感冒，发热咳嗽,忍冬藤300g、芦根300g、薄荷100g、柴胡300g、枇杷叶200g,以上五味，薄荷提取挥发油，蒸馏后的水溶液另器保存；药渣与其余忍冬藤等四味加水煎煮二次，每次 2 小时，合并煎液，滤过，静置，取上清液与蒸馏后的水溶液合并，浓缩成相对密度为 1.33~1.36（50~55℃）的清膏，加入适量的蔗糖粉和糊精，用乙醇制颗粒，干燥，加入薄荷油，混匀，制成 650g，即得
康儿灵颗粒,颗粒剂,益气健脾，开胃消食。用于脾胃虚弱，食欲不振，消化不良，形体瘦弱,刺五加36.4g、白术(炒)60g、莲子35.5g、六神曲(炒)35.5g、茯苓35.5g、麦芽(炒)35.5g、陈皮23.6g、枳壳(炒)30g、山楂(炒焦)35.5g、甘草(炙)18.2g、胡黄连60g、使君子48.2g,以上十二味，将白术，刺五加酌予碎断与其余十味，加水煎煮二次，第一次 2 小时，第二次 1 小时，分次滤过，合并滤液，静置 24 小时，取上清液浓缩至相对密度 1.10~1.20（80℃测）的清膏，放冷后，加乙醇使含醇量达 60%，静置 12 小时以上，取上清液，沉淀加 50% 乙醇洗涤，放置，滤过，洗液与滤液合并，回收乙醇并浓缩至相对密度为 1.28~1.30（80℃测）的清膏，加蔗糖适量，混匀，制粒，干燥，制成 1000g，即得
鹿尾鞭酒,酒剂,补肾壮阳。用于肾虚体弱，腰膝无力等症,鹿尾200g、驴肾5具、狗肾8具、人参200g、熟地黄1000g、淫羊藿1000g、鹿茸150g、锁阳1000g、肉苁蓉1000g、补骨脂(盐制)1000g、当归500g、菟丝子1000g、甘草500g,以上十三味，酌予碎断，装入布袋，置容器内，加白酒 200kg 密闭浸泡（或隔水加热至沸后，密闭浸泡）30~40 天，每天搅拌一次，取出浸液，药渣压榨，榨出液澄清后与浸液合并，加白糖 25kg，搅拌使溶解，密闭，静置 15 天以上，滤过，分装，即得
鹿胎膏,膏剂,补气养血，调经散寒。用于气血不足，虚弱赢瘦，月经不调，行经腹痛，寒湿带下,红参20g、当归30g、益母草40g、熟地黄30g、丹参20g、香附(醋制)10g、龟甲5g、地骨皮5g、延胡索(醋制)3g、莱菔子(炒)5g、白术(麸炒)6g、肉桂3g、木香3g、赤芍8g、甘草5g、小茴香(盐制)4g、续断10g、蒲黄5g、川芎5g、牛膝5g、鹿茸(去毛)3g、茯苓6g、鹿胎粉6g(或仔鹿粉24g)、阿胶60g,以上二十四味，除阿胶、鹿胎粉外，益母草、丹参、牛膝、续断、地骨皮、甘草加水煎煮三次，第一、二次各 2 小时，第三次 1 小时，合并煎液，滤过，滤液浓缩成稠膏；其余红参等 16 味粉碎成细粉；取红糖 400g，与阿胶加水溶化，适当浓缩，加入益母草等稠膏、鹿胎粉及红参等粉末，混匀，继续浓缩成膏，放冷，制成块，即得
鹿鞭补酒,酒剂,补肾壮阳，益气补虚，填精益髓，健步轻身。用于肾阳虚衰，腰膝冷痛，阳痿早泄，梦遗滑精，神疲气怯，四肢无力,鹿鞭75g、淫羊藿3750g、狗肾150g、驴肾100g、刺五加2550g、沙苑子500g、补骨脂(盐制)500g、何首乌800g、五味子625g、黄芪2500g、菟丝子2750g、地黄750g、枸杞子1875g、红花250g、车前子750g、海龙62.5g、海马62.5g、覆盆子500g,将鹿鞭、狗肾、驴肾洗净，用 70% 乙醇泡软切片，海龙、海马碎断，以上五味加 10 倍量 70% 乙醇，密闭冷浸 15 天。滤过，药渣与酌予碎断的淫羊藿等十三味药材，加 7 倍量的 40% 乙醇连续回流提取 3 次，每次 4 小时。合并提取液，回收乙醇，加蛋清，充分搅拌，煮沸 30 分钟，静置，滤过。滤液加乙醇，使含醇量达 70%，搅匀，静置 24 小时。滤过，回收乙醇，与上述浸出液合并，混匀，加适量甜叶菊甙，用白酒及水调至全量，密闭静置 7 日，取上清液，滤过，分装，即得
清火栀麦片,片剂,清热解毒，凉血消肿。用于咽喉肿痛，发热，牙痛，目赤,穿心莲800g、栀子100g、麦冬100g,以上三味，取穿心莲 140g 与栀子粉碎成细粉，过筛，剩余的穿心莲与麦冬加水煎煮二次，每次 2 小时，滤过，合并滤液，浓缩成稠膏，加入上述细粉及适量辅料，混匀，制成颗粒，压制成 1000 片，包糖衣，即得
清热解毒颗粒,颗粒剂,清热解毒，养阴生津，泻火。用于风热型感冒、流行性腮腺炎及轻、中型乙型脑炎,黄连3g、水牛角60g、玄参15g、金银花15g、地黄30g、大青叶30g、连翘15g、知母15g、石膏60g,以上九味，水牛角铸成薄片，加水煎煮二次，每次 7 小时，合并煎液，滤过；石膏打成碎块，用布袋装好，黄连、玄参、地黄切片，与其余连翘等四味加水煎煮二次，每次 2 小时。滤过，滤液与水牛角煎煮液合并，滤过，滤液浓缩至相对密度为 1.12~1.20（热测）的清膏，放冷加乙醇至含乙醇量为 60%，充分搅拌，静置，取上清液浓缩至相对密度为 1.38~1.40（热测）的清膏。取清膏 1 份，蔗糖 2.5 份，糊精 1.25 份与乙醇适量，制成颗粒，干燥，即得
清眩降压片,片剂,降压。用于高血压症,莱菔子4000g,取莱子 4000g 粉碎为粗粉，加水煎煮 3 次，第一次 3 小时，第二次 2 小时，第三次 1 小时。滤过，合并滤液，浓缩成相对密度约为 1.2（50℃测）的清膏，加适量乙醇，静置，取上清液，回收乙醇，浓缩成膏，干燥，粉碎，过筛，加入辅料适量，制成颗粒，压制成 1000 片，包糖衣，即得
惊风七厘散,散剂,定惊清热，祛风除痰。用于小儿惊风，痰涎壅盛，咳嗽气喘，食滞呕吐，腹痛泄泻,天麻(姜制)64g、白附子(姜制)64g、胆南星64g、天竺黄32g、钩藤64g、全蝎(制)64g、蝉蜕64g、僵蚕(姜)64g、牛黄15.9g、麝香4.84g、冰片12.25g,以上十一味，麝香、牛黄及冰片分别粉碎成细粉；其余天麻等八味粉碎成细粉，过筛，与上述细粉混匀，即得
琥珀安神丸,丸剂,育阴养血、补心安神。用于心血不足、怔忡健忘，心悸失眠，虚烦不安,地黄200g、当归50g、柏子仁(霜)50g、酸枣仁(炒)50g、天冬50g、麦冬50g、五味子50g、大枣(去核)50g、人参25g、茯苓25g、丹参25g、远志25g、玄参25g、甘草(蜜炙)25g、首乌藤25g、桔梗25g、琥珀25g、龙骨25g,以上十八味，粉碎成细粉，过筛、混匀。每 100g 粉末加炼蜜 70~80g 制成大蜜丸，即得
跌打损伤散,散剂,活血化瘀，消肿止痛。用于跌打损伤，扭伤、挫伤、瘀血疼痛,当归50g、红花40g、骨碎补(烫、去毛)40g、苏木20g、儿茶25g、续断40g、自然铜(醋煅)25g、大黄25g、桃仁(炒)15g、阴行草25g、雄黄15g、栀子40g、白芷25g、威灵仙25g、冰片10g、方海25g、琥珀10g,以上十七味，除冰片外，雄黄粉碎成极细粉；其余当归等十五味粉碎成细粉，将冰片研细，与上述雄黄、当归等药粉配研，过筛，混匀，分包，即得
舒肝益脾液,口服液,清化湿热，舒肝利胆，解毒退黄，健脾和胃。用于各种类型的急、慢性肝炎、迁延性肝炎。对脾胃虚弱、体倦乏力、胁腹胀痛、胆囊炎和胃纳欠佳等有一定疗效,茵陈133g、蒲公英133g、五味子17g、茯苓67g、山楂83g、黄芪67g,以上六味，五味子照流浸膏剂与浸膏剂项下的渗漉法（附录 I O），以 3 倍量 55% 乙醇为溶剂，进行渗漉，漉液备用；其余茵陈等五味与五味子渗漉后的药渣加水煎煮二次，第一次 2 小时，第二次 1 小时，滤过，合并滤液，浓缩至适量；将上述漉液回收乙醇，浓缩，与茵陈等的浓缩液合并，混匀，加入适量糖浆（含蔗糖 300g）和防腐剂，加水使成 1000ml，搅匀，静置，滤过，即得
舒筋活血片,片剂,舒筋活络，活血散瘀。用于筋骨疼痛，肢体拘挛，腰背酸痛，跌打损伤,红花80g、香附(制)300g、狗脊(制)400g、香加皮200g、络石藤300g、伸筋草300g、泽兰叶300g、槲寄生400g、鸡血藤300g、自然铜(煅)50g,以上十味，先将红花、香附、狗脊、香加皮粉碎成细粉，过筛。自然铜加水煎煮 2 小时，然后加入络石藤、伸筋草、泽兰叶、槲寄生、鸡血藤煎煮二次，第一次 3 小时，第二次 2 小时，合并煎液，滤过，静置，上清液浓缩成稠膏，加入上述粉末 980g，淀粉 49g，饴糖 147g 制成颗粒，干燥。压制成 3818 片，即得
蛮龙液,口服液,补肾壮阳，填精益髓。用于肾虚精亏，阳痿早泄，梦遗滑精，腰膝酸痛，小便频数,雄蚕蛾25g、刺五加25g、菟丝子(酒制)17.5g、淫羊藿20g、熟地黄(盐制)10g、补骨脂(盐制)10g,以上六味，取雄蚕蛾加白酒适量，浸泡 30 天，浸液减压回收乙醇，制成流浸膏；其余刺五加等五味，加 70% 乙醇提取二次，第一次 4 小时，第二次 2 小时，合并提取液，滤过，滤液回收乙醇至适量，加乙醇使含醇量为 70%，静置 24 小时，滤过，沉淀用适量 60% 乙醇洗涤，洗液与滤液合并，回收乙醇至无醇味，加蔗糖适量，使溶解，与雄蚕蛾流浸膏混合，加白酒及适量水调整总量至 1000ml，混匀，即得
痧气散,散剂,芳香辟秽，开窍醒神。用于中暑受秽，转筋抽搐，绞肠腹痛，吐泻不得，胸闷气闭，头晕眼花，神志昏迷，山岚瘴气,麝香30g、牛黄20g、珍珠30g、蟾酥25g、朱砂200g、冰片40g、雄黄100g、麻黄40g、硼砂(煅)30g、银硝25g、青黛50g、人中白(煅)80g、猪牙皂30g、白矾50g、灯心草炭100g,以上十五味，除麝香、牛黄、冰片外，珍珠、朱砂、雄黄、青黛、人中白分别水飞或粉碎成极细粉；灯心草炭粉碎成极细粉；其余蟾酥等六味粉碎成细粉；将麝香、牛黄、冰片研细，与上述粉末配研，过筛，混匀，即得
温中止泻丸,丸剂,健脾暖胃，消积舒气，止痛止泻。用于脾胃虚弱，食滞胀气，腹痛呕吐，寒湿肠鸣泄泻,香附(制)60g、陈皮60g、六神曲60g、广藿香60g、山楂(炒)48g、厚朴(姜制)48g、白术(土炒)48g、半夏(制)48g、白扁豆(姜炒)48g、茯苓48g、砂仁(姜炒)36g、豆蔻36g、麦芽(炒)30g、肉桂30g、苍术(麸炒)30g、木香30g、泽泻(麸炒)30g、丁香15g、白芷15g、甘草(蜜炙)15g、冰片7.3g、细辛(去叶)3g、生姜212g,以上二十三味，除冰片和生姜外，其余香附等二十一味粉碎成细粉；将冰片研细，与上述粉末配研，过筛，混匀；将生姜捣汁，每 100g 粉末用炼蜜 35~50g、姜汁与适量水泛丸，干燥；或加炼蜜 90~110g 与姜汁，制成大蜜丸，即得
温经养血合剂,口服液,温经散寒，养血祛瘀。用于冲任虚寒、瘀血阻滞引起的少腹冷痛、月经不调、痛经、崩漏、不孕等,吴茱萸111g、当归74g、川芎74g、白芍74g、党参74g、桂枝74g、阿胶74g、牡丹皮74g、甘草74g、生姜74g、姜半夏111g、麦冬111g,以上十二味，吴茱萸、当归、川芎和桂枝蒸馏提取挥发油，蒸馏后的水溶液另器收集；药渣与白芍、牡丹皮、姜半夏、生姜照流浸膏剂与浸膏剂项下的渗流法 (附录 ⅠO)，用 70% 乙醇作溶剂，浸渍 24 小时后进行渗漉，漉液回收乙醇；党参、甘草和麦冬加水煎煮三次，每次 2 小时，合并煎液，滤过，滤液加入阿胶使溶化，浓缩至约 700ml，与上述水溶液、漉液合并，静置，滤过，滤液浓缩至约 1000ml，加入苯甲酸钠 3g，放冷，加入上述挥发油，加水至 1000ml，搅匀，即得
温胃舒胶囊,胶囊剂,扶正固本，温胃养胃，行气止痛，助阳暖中。用于慢性萎缩性胃炎、慢性胃炎所引起的胃脘冷痛，腹胀，嗳气，纳差，畏寒，无力等症,党参183g、附子(制)150g、黄芪(炙)183g、肉桂90g、山药183g、肉苁蓉(制)183g、白术(炒)183g、山楂(炒)225g、乌梅225g、砂仁60g、陈皮150g、补骨脂183g,以上十二味，砂仁粉碎成细粉；其余党参等十一味加水煎煮二次，第一次 1.5 小时，第二次 1 小时，合并煎液，滤过，滤液静置，取上清液浓缩至相对密度为 1.28~1.30 (70℃)，加入砂仁细粉与适量辅料，混匀，制成颗粒，装入胶囊，制成 1000 粒，即得
强身口服液,口服液,补气提神，固表止汗，生津止渴。用于体质虚弱，心悸气短，虚汗口渴，神疲乏力，食欲不振,人参30g、麦冬200g、黄芪300g、五味子100g,以上四味，人参用 50% 乙醇加热回流提取二次，每次 2 小时，合并提取液，放冷，滤过，滤液减压回收乙醇。残渣和其余麦冬等三味，加水煎煮三次，每次 1.5 小时，合并煎液，滤过，滤液浓缩至约 300ml，放冷，加 2 倍量乙醇，静置，滤过，滤液减压浓缩至稠膏。加水适量稀释，滤过，滤液与人参提取液合并，冷藏 24 小时，滤过，加入单糖浆 500ml 及防腐剂适量，制成 1000ml，灌封，即得
感冒灵胶囊,胶囊剂,解热镇痛。用于感冒引起的头痛、发热、鼻塞流涕、咽痛等,三叉苦2455g、金盏银盘1635g、野菊花1230g、岗梅3680g、咖啡因2.0g、对乙酰氨基酚100g、马来酸氯苯那敏2.0g、薄荷油1ml,以上八味，三叉苦、金盏银盘、野菊花、岗梅加水煎煮二次，每次 2 小时，滤过，合并滤液，浓缩至相对密度为 1.10 (60℃)，放冷至室温，加乙醇使含醇量达 60~65%，静置过夜，滤过，回收乙醇，浓缩至稠膏状，干燥成干浸膏，粉碎，加入对乙酰氨基酚、咖啡因、马来酸氯苯那敏细粉及适量辅料，混匀，制粒，喷入薄荷油，混匀，装入胶囊，制成 1000 粒，即得
感冒疏风丸,丸剂,辛温解表，宣肺和中。用于风寒感冒，发热咳嗽，头痛怕冷，鼻流清涕，骨节酸痛，四肢疲倦,麻黄绒(炙)50g、苦杏仁75g、桂枝75g、白芍(酒炙)125g、紫苏叶50g、防风75g、桔梗50g、谷芽(炒)125g、甘草50g、大枣(去核)75g、生姜(捣碎)50g、独活50g,以上十二味，粉碎成细粉，过筛，混匀。每 100g 粉末加炼蜜 40~50g 与适量的水，泛丸，干燥，活性炭包衣，制成水蜜丸；或加炼蜜 120~140g，制成大蜜丸，即得
感冒解毒灵茶,茶剂,宣肺解毒，清热止咳。用于风热感冒，头痛发烧，鼻塞流涕，咳嗽咽痛，肢体酸痛等症。流行性感冒见以上证候者亦可服用,紫苏叶25g、苦杏仁15g、前胡320g、羌活15g、防风15g、川芎15g、金银忍冬叶20g、陈皮15g、连翘20g、牛蒡子10g、麦冬15g、桑白皮15g、板蓝根50g,以上十三味，取防风、川芎、陈皮、前胡、羌活、紫苏叶六味各 1/2 量粉碎成粗粉，过二号筛。其余 1/2 量粉碎成中粉，过四号筛；另将板蓝根、桑白皮等七味酌予碎断，加水煎煮二次，第一次 1.5 小时，第二次 1 小时，分次滤过，合并滤液；浓缩至相对密度为 1.20~1.30 (80℃测) 的清膏，与防风等六味中粉混匀，加适量乙醇制粒，低温干燥，再与防风等六味粗粉混匀，装入滤纸袋中，即得
感特灵胶囊,胶囊剂,清热解毒，清肺止咳。用于感冒初期引起的咳嗽，流清涕，头痛目眩等,黄芩375g、柴胡250g、贝母75g、细辛25g、大青叶250g、板蓝根250g、牛黄38g、对乙酰氨基酚50g、马来酸氯苯那敏0.75g、咖啡因0.75g,以上十味，将柴胡提取挥发油备用，余液过滤备用；取黄芩、贝母、板蓝根、大青叶加水煎煮二次，每次 2 小时，滤过，滤液与柴胡滤液合并，浓缩至相对密度 1.40~1.50 的清膏，将清膏与细辛粗粉混匀，60℃烘干粉碎后与对乙酰氨基酚、马来酸氯苯那敏、咖啡因、牛黄混匀，喷入柴胡挥发油，过筛，分装制成 1000 粒，即得
稚儿灵膏滋,膏剂,益气健脾，补脑强身。用于小儿厌食，面黄体弱，夜寝不宁，睡后盗汗等症,党参90g、太子参90g、南沙参90g、地黄90g、制何首乌60g、白术(麸炒)90g、当归60g、白芍(麸炒)90g、黑大豆90g、木香15g、白扁豆90g、山药90g、仙鹤草90g、功劳叶90g、茯苓60g、五味子(制)15g、石菖蒲30g、浮小麦150g、甘草(蜜炙)15g、牡蛎150g、牡蛎(煅)150g、陈皮45g、远志(制)45g、大枣300g,以上二十四味，加水煎煮二次，第一次 3.5 小时，第二次 3 小时，合并煎液，滤过，取滤液浓缩至相对密度 1.21 (80~85℃) 的清膏。每 100g 清膏加蔗糖 20g（蔗糖加 1/2 量的水煮沸 1 小时，再加入蔗糖量 0.1% 的枸橼酸，继续煮沸约 15 分钟），混合，浓缩至相对密度 1.35 (80~85℃)，即得
鼻窦炎口服液,口服液,通利鼻窍。用于鼻塞不通，流黄稠涕，急慢性鼻炎，副鼻窦炎等,辛夷148g、荆芥148g、薄荷148g、桔梗148g、柴胡126g、苍耳子126g、白芷126g、川芎126g、黄芩112g、栀子112g、茯苓186g、川木通126g、黄芪304g、龙胆草34g,以上十四味，辛夷、荆芥、薄荷、柴胡用水蒸汽蒸馏提取芳香水，蒸馏后的药渣与其余桔梗等十味加水煎煮三次，每次 1 小时，合并煎液，滤过，滤液浓缩至适量，静置，取上清液滤过，滤液加入上述芳香水与适量防腐剂，混匀，加水至 1000ml，搅匀，滤过，灌封，灭菌，即得
腐植酸钠片,片剂,收敛，止血，止泻。用于吐血，便血，泄泻，呕吐，脘腹疼痛，小儿腹泻，脾虚久泻，久病,腐植酸钠（含腐植酸200g）,取腐植酸钠适量（含腐植酸 200g），研成细粉，加入 8% 淀粉浆适量，混匀，制成颗粒，干燥，加入滑石粉适量，压制成 1000 片，即得
精制五加皮酒,酒剂,强筋壮骨，活血祛风，健脾除湿。用于肝肾不足，筋骨萎软，风湿痹痛，筋骨拘挛，四肢麻木，腰腿酸痛，胸膈痞闷,陈皮56.2g、玉竹45.5g、红花15.6g、姜黄4.5g、五加皮2.7g、茯苓6.7g、地黄6.7g、党参6.7g、白术(麸炒)3.4g、麦冬3.4g、木瓜3.1g、牛膝2.7g、菊花0.8g、肉豆蔻3.6g、檀香3.6g、豆蔻仁2.7g、砂仁2.4g、丁香1.8g、木香1.2g,以上十九味，置铜罐内，加入 67° 白酒 10000ml，冰糖 681.8g、蜂蜜 681.8g，隔水加热至沸，待糖、蜜溶化后，置容器内，密闭，浸泡六个月，滤过，即得
慢肝解郁胶囊,胶囊剂,疏肝解郁，健脾养血。用于迁延性肝炎或慢性肝炎，症见肝区胀痛，胸闷不舒，食欲不振，腹胀便溏者,当归31g、白芍41g、三棱10g、柴胡31g、茯苓31g、白术20g、甘草20g、薄荷20g、丹参85g、麦芽136g、香橼68g、川楝子17g、延胡索34g,以上十三味，当归、柴胡、薄荷、三棱、茯苓、丹参、延胡索粉碎成细粉；其余白芍等六味，加水煎煮二次，第一次 3 小时，第二次 2 小时，合并煎液，滤过，滤液浓缩成浸膏，加当归等细粉，混匀，于 80℃以下干燥，粉碎，过筛，混匀，装入胶囊，制成 1000 粒，即得
熊胆胶囊,胶囊剂,清热，平肝，明目。用于惊风抽搐，咽喉肿痛,熊胆或熊胆粉（每粒装0.25g，含熊胆粉0.05g）,本品为熊胆或熊胆粉制成的胶囊
镇惊散,散剂,驱风，清热，除痰，镇惊。用于小儿惊风发热，痰涎壅盛,胆南星625g、甘草313g、半夏(制)219g、广藿香313g、天麻(姜制)500g、防风125g、钩藤188g、僵蚕(姜制)188g、白术(炒)375g、细辛94g、薄荷125g、白附子(姜醋制)94g、茯苓313g、麝香14.1g、全蝎(制)125g、冰片28g、檀香313g、琥珀(水飞)35g、石菖蒲157g、羚羊角7.9g、天竺黄625g、朱砂(水飞)113g、山药(炒)375g、猪牙皂94g,以上二十四味，除麝香、冰片、朱砂、琥珀外，羚羊角锉研成细粉；其余胆南星等十九味粉碎成细粉；将麝香、冰片研细，与上述粉末配研，过筛，混匀，即得
潮安胶囊,胶囊剂,活血化瘀，消炎止痛。用于痛经，月经不调，盆腔炎等,龙芽楤木干燥茎皮2250g,取本品 50g，粉碎成细粉，备用。其余 2200g 加水煎煮三次，第一次 3 小时，第二次 2 小时，第三次 2 小时，滤过，合并滤液，浓缩成膏。加入上述细粉，混匀，干燥，粉碎，装入胶囊，制成 1000 粒，即得
糖尿乐胶囊,胶囊剂,滋阴补肾，益气润肺，和胃生津、调节代谢机能。用于消渴症引起的多食、多饮、多尿，四肢无力等症，降低血糖、尿糖,天花粉208.6g、山药208.6g、黄芪52g、红参31.3g、地黄52g、枸杞31.3g、知母31.3g、天冬15.6g、茯苓21g、山茱萸21g、五味子15.6g、葛根21g、鸡内金(炒)21g,以上十三味，取山药 104.3g、天花粉 104.3g、鸡内金，粉碎成粗粉；其余山药 104.3g、天花粉 104.3g、生地、山茱萸、枸杞、五味子、知母、葛根、天冬、茯苓加水煎煮二次，每次 2 小时，合并煎液，滤过，滤液浓缩成稠膏；加入山药、天花粉、鸡内金粗粉，干燥，与红参一同粉碎成细粉，混匀，装入胶囊，制成 1000 粒，即得
糖尿灵片,片剂,养阴滋肾，生津止渴，清热除烦，降低尿糖。用于轻中型糖尿病,天花粉50g、葛根50g、生地黄50g、麦冬50g、五味子20g、甘草20g、糯米(炒黄)10g、南瓜粉5g,以上八味，取天花粉 20g 与糯米、南瓜粉混合粉碎成细粉；剩余天花粉与其余葛根等五味加水煎煮二次，每次 4 小时，合并煎液，滤过，滤液浓缩成稠膏，加入上述细粉制成颗粒，压片，即得
麝香牛黄丸,丸剂,清热解毒。用于头晕目赤，咽干咳嗽，风火牙疼，大便秘结,牛黄3g、麝香1.5g、防风9g、赤芍15g、黄连15g、大黄30g、钩藤15g、连翘30g、黄柏15g、栀子15g、金银花30g、麦冬9g、桔梗12g、当归15g、黄芩(煮)15g、甘草9g、石膏30g、雄黄15g、朱砂30g、冰片15g、薄荷脑3g,以上二十一味，除牛黄、麝香、冰片、薄荷脑外，朱砂、雄黄分别水飞或粉碎成极细粉，其余防风等十五味粉碎成细粉；将牛黄、麝香、冰片、薄荷脑研细，与上述粉末配研，过筛，混匀。每 100g 粉末加炼蜜 35~50g 与适量的水，泛丸，干燥，制成水蜜丸；或加炼蜜 100~110g 制成小蜜丸或大蜜丸，即得
麝香心脑乐片,片剂,活血化瘀，开窍止痛。用于冠心病，心绞痛，心肌梗塞，脑血栓等,丹参250g、三七12.5g、红花62.5g、淫羊藿125g、葛根125g、郁金62.5g、冰片2.5g、麝香0.2g、人参茎叶总皂甙2g,以上九味，将三七、冰片、麝香、人参茎叶总皂苷分别粉碎成细粉；取丹参用 75% 乙醇冷浸 12 小时，滤过，滤液回收乙醇并浓缩至相对密度为 1.25 的清膏；丹参渣与其它各药加水煎煮二次，第一次 2 小时，第二次 1 小时，合并煎液，滤过，滤液浓缩成清膏；将上述两清膏与三七等细粉混匀，干燥，粉碎成细粉，制粒，干燥后加入麝香、冰片、人参茎叶总皂苷粉，混匀，压制成 400 片，包糖衣，即得
七星茶,茶剂,驱风，消食，定惊。用于小儿伤风咳嗽，积食，夜睡不宁,钩藤 10g、蝉蜕 1g、淡竹叶 20g、灯芯草 3g、郁金（醋制）1g、防风 6g、天竺黄 1g、神曲 10g、麦芽（炒）18g,以上九味，淡竹叶、灯芯草切段后打成碎片，其余钩藤等七味粉碎成粗粉，混匀，分装，即得
八宝五胆药墨,丹剂,消炎解毒，活血止痛，凉血止血，消肿软坚，防腐收敛。用于吐血，咳血，鼻衄，便血，赤白痢下，痈疽疮疡，无名肿毒，顽癣，皮炎，湿疹等,水牛角浓缩粉 15g、羚羊角 30g、冰片 100g、麝香 120g、牛黄 15g、朱砂 24g、雄黄 5 个（按 “个” 计，无明确重量）、熊胆 10g、蛇胆 10 个（按 “个” 计，无明确重量）、猪胆（未标注重量）、青鱼胆 10 个（按 “个” 计，无明确重量）、藕节 15 个（按 “个” 计，无明确重量）、红花 70g、小蓟 150g、大蓟 150g、白茅根 100g、夏枯草 200g、北丹皮 150g、丁香 70g、川芎 100g,以上二十二味，除水牛角浓缩粉外，取川芎、红花、藕节、大蓟、小蓟、夏枯草、白茅根、丁香、牡丹皮加水煎煮三次，每次 3 小时，合并煎液，滤过，滤液浓缩至适量；其余羚羊角等十二味研成细粉，过筛，加入水牛角浓缩粉及川芎等九味的浓缩液混匀。另取明胶 2500g，加水蒸化后加入荸荠粉 200g，混匀，滤过，加入上述各药以及桐油烟 2000g，胶合定型，阴干，用金箔 10g 包衣，即得
八珍膏,膏剂,调补气血。用于气血两虚，面色痿黄，食欲不振，四肢乏力,党参 30g、白术（炒）30g、茯苓 30g、甘草（蜜炙）15g、当归 30g、白芍 30g、川芎 15g、熟地黄 60g（经典八珍方常用量，原文未明确标注，实际以标准为准）,以上八味，酌予碎断，当归、川芎提取挥发油，药渣煎煮 1.5 小时，其余党参等六味煎煮二次，每次 1.5 小时，合并煎液，滤过，滤液浓缩至相对密度为 1.0（80℃测）的清膏。另取蔗糖 1700g 制成糖浆，加入上述清膏，继续浓缩至稠膏，待冷，加入防腐剂适量、当归、川芎挥发油及香精适量，约制成 2720g，即得
儿泻止颗粒,颗粒剂,清热解毒，健脾和胃，燥湿止泻。用于小儿急、慢性腹泻，肠炎，及痢疾恢复期,葛根 66g、黄芩 33g、白术（炒）66g、茯苓 66g、木香 19.8g、厚朴 33g、半夏（制）33g、山楂（焦）52.8g、泽泻 39.6g、甘草（炙）19.8g、广藿香油 3.3ml（辅料，不计入药材重量）、盐酸小檗碱 6.6g（化学药，不计入药材重量）,以上十二味，除盐酸小檗碱、广藿香油外，取山楂、茯苓、木香加水煎煮二次，每次 2 小时，合并煎液，滤过，滤液浓缩至相对密度为 1.05（60~65℃），放置 24 小时，滤过，滤液浓缩至相对密度为 1.30（50~55℃）的清膏，加乙醇使含醇量达 50%，搅匀，放置 24 小时，滤过，滤液回收乙醇，浓缩至相对密度为 1.30（80~85℃）的备用；其余葛根等七味，按上法制备成清膏，加乙醇使含醇量达 75%，搅匀，再按上法制备成稠膏。合并上述稠膏，加入盐酸小檗碱，甜菊甙 1.6g，混匀。取稠膏 1 份，糊精 1.25 份，混匀，制成颗粒，干燥，喷入广藿香油，即得
三七伤科片,片剂,活血祛瘀，止痛止血。用于跌打刀伤，远年瘀患，劳积内伤，咳血，吐血，筋骨肿痛，风湿麻木,人参 8.8g、雪上一枝蒿（去皮）4.4g、三七 5.4g、九股牛（去皮）4.4g、对节蓝 7g、黑骨头（去皮）8.8g、浙贝母 18.3g、金丝矮陀陀（酒拌）35.3g、制草乌 26g、萝白矮陀陀 4.4g、大花粉 18.3g,以上十一味，粉碎成细粉，混匀，制粒，压制成 1000 片，即得
三七伤科散,散剂,活血祛瘀，止痛止血。用于跌打刀伤，远年瘀患，劳积内伤，咳血，吐血，筋骨肿痛，风湿麻木,人参 8.8g、雪上一枝蒿（去皮）4.4g、三七 5.4g、九股牛（去皮）4.4g、对节蓝 7g、黑骨头（去皮）8.8g、浙贝母 18.3g、金丝矮陀陀（酒拌）35.3g、制草乌 26g、萝白矮陀陀 4.4g、大花粉 18.3g,以上十一味，粉碎成细粉，过筛，混匀，即得
小儿生血糖浆,糖浆剂,健脾养胃，补血生津。用于小儿缺铁性贫血及营养不良性贫血,熟地黄 200g、山药（炒）200g、大枣 500g、硫酸亚铁 12g（化学药，不计入药材重量）,以上四味，取熟地黄、大枣加水煎煮三次，每次 3 小时，煮第三次时加入山药共煎。合并煎液，滤过，备用；另取蔗糖 550g 与蜂蜜 100g，加适量水制成糖浆，滤过，与上述滤液合并，加入苯甲酸 1g（溶于适量乙醇中），混匀，加热至沸，放至室温，加入硫酸亚铁细粉及香精 0.3g，加水使成 1000ml，搅匀，灌装，即得
小儿咳嗽宁糖浆,糖浆剂,宣肺，止咳，化痰。用于风热袭肺所致咳嗽，气管炎，支气管炎及肺炎恢复期,桑白皮 45g、桑叶 90g、苦杏仁 90g、牛蒡子 90g、瓜蒌 90g、前胡 90g、黄芩 90g、桔梗 90g、六神曲（焦）30g、麦芽（焦）30g、山楂（焦）30g、枇杷叶 90g、陈皮 30g、芦根 90g、浙贝母 45g,以上十五味，杏仁制取杏仁水，其余桑白皮等十四味，加水煎煮二次，第一次 2 小时，第二次 1 小时，滤过，合并滤液，静置 48 小时，取上清液浓缩至适量，加入蔗糖 400g 及防腐剂适量，煮沸使溶解，加入杏仁水混匀，静置，取上清液，加入香精等随加随搅拌，加水至 1000ml，搅匀，即得
小儿复方鸡内金散,散剂,健脾开胃，消食化积。用于小儿因脾胃不和引起的食积胀满，饮食停滞，呕吐泄痢,鸡内金 34g、六神曲 66g,以上二味，分别粉碎成细粉，加入白砂糖粉 40g、淀粉 60g，混匀，过筛，即得
山楂麦曲颗粒,颗粒剂,开胃消食。用于食欲不振，消化不良，脘腹胀满,山楂 60g、麦芽 60g、黔曲 60g（黔曲内部配方总量未拆分，按单味 “黔曲 60g” 计入）,以上三味，加水煎煮二次，每次 2 小时，滤过，合并滤液，浓缩至相对密度为 1.28~1.30（80℃），加入适量辅料，混匀制成颗粒，干燥，制成 1300g，或压制成 100 块，包装，即得
千柏鼻炎胶囊,胶囊剂,清热解毒，活血祛风。用于急慢性鼻炎，过敏性鼻炎，鼻窦炎及咽炎等症,千里光 1818g、卷柏 808g、草决明 32g、麻黄 16g、羌活 181g、川芎 16g、白芷 162g,以上七味，千里光、卷柏、草决明、麻黄加水煎煮二次，合并煎液，滤过，滤液浓缩成稠膏；其余羌活等三味粉碎成细粉，加入上述稠膏，搅匀，干燥，粉碎成细粉，混匀，装入胶囊，制成 1000 粒，即得
川贝梨糖浆,糖浆剂,养阴润肺。用于肺热燥咳，阴虚久咳,川贝母 12g、南沙参 200g、雪梨清膏 200g（辅料，不计入药材重量）,取川贝母，粉碎成粗粉，照流浸膏剂与浸膏剂项下的渗漉法（附录 ⅠO），用 70% 乙醇作溶剂，浸渍 48 小时后，缓缓渗漉，俟可溶性成分完全漉出，收集漉液，回收乙醇。渗漉后的川贝母药渣与南沙参加水煎煮二次，每次 2 小时，合并煎液，静置 12 小时，取上清液，加入上述川贝母提取液和雪梨清膏，混匀，浓缩至适量，加入蔗糖 750g 和防腐剂适量，煮沸溶解，滤过，加水至 1000ml 搅匀，即得
天风胃痛散,散剂,制酸，止痛。用于胃痛、胃溃疡、十二指肠溃疡、胃酸过多,鸡蛋壳（炒）50g、大花粉 1g,以上二味，磨成细粉，过筛，混匀，即得
天麻眩晕宁合剂,口服液,祛痰定眩，和胃止呕。用于眩晕，恶心、呕吐、舌淡，苔白滑。尤适用于美尼尔氏症,天麻 50g、钩藤 100g、泽泻（制）200g、半夏（制）100g、白术 120g、茯苓 120g、白芍 100g、竹茹 100g、川芎 30g、甘草（炙）30g、陈皮 60g、生姜 45g,以上十二味，陈皮、生姜提取挥发油，余下药液浓缩，加入乙醇使含醇量为 50%；药渣与白芍、茯苓、甘草、竹茹加水煎煮二次，第一次 1.5 小时，第二次 1 小时，合并煎液，滤过，滤液浓缩至适量，放冷，加入乙醇使含醇量为 50%，静置，滤过，滤液与上述陈皮、生姜的醇液合并，回收乙醇，浓缩至适量；天麻另煎，煎液依上法醇处理；其余泽泻等五味照流浸膏剂与浸膏剂项下的渗漉法（附录 ⅠO），用 50% 乙醇浸渍 24 小时后，缓缓渗漉，漉液回收乙醇，浓缩至适量。将上述三种浓缩液合并，加苯甲酸钠适量，混匀，滤过，加入上述陈皮、生姜挥发油，混匀，制成约 1000ml，即得
贝母二冬膏,膏剂,润肺化痰止咳。用于阴虚肺燥，咳嗽咽干，痰少而粘之症,川贝母 150g、天冬 400g、麦冬 400g,以上三味，川贝母照流浸膏剂与浸膏剂项下的渗漉法（附录 ⅠO），用 70% 乙醇作溶剂，浸渍 24 小时后，以每分钟 1~3ml 的速度缓缓渗漉，俟可溶性成份完全漉出，收集漉液，回收乙醇；天冬和麦冬加水煎煮三次，每次 2 小时，合并煎液，静置，滤过，滤液浓缩至适量，与上述漉液合并，浓缩成清膏；另取蜂蜜 800g，煮沸，滤过，与清膏合并，混匀，浓缩至规定的相对密度，即得
牛黄西羚丸,丸剂,解热祛风，清心降火，宁志安神，舒气止嗽。用于心火上炎，头眩目赤，烦热口渴，痘疹火毒，牙龈肿痛,牛黄 20g、水牛角浓缩粉 120g、羚羊角 10g、朱砂 100g、冰片 20g、麝香 12g、雄黄 100g、麦门冬 100g、甘草 120g、黄芩 75g、白芍（酒炒）75g、陈皮 150g、防风 75g、清半夏 75g、黄柏 100g、黄连 150g、栀子 100g、苦杏仁（清炒）75g、当归 75g、木通 75g,以上二十四味，除牛黄、水牛角浓缩粉、冰片和麝香外，羚羊角锉研成细粉，朱砂、雄黄分别水飞或粉碎为极细粉；其余麦门冬等十七味，共粉碎成细粉；将牛黄、水牛角浓缩粉、冰片和麝香与上述粉末配研，过筛，混匀。每 100g 粉末加炼蜜 120~140g 制成大蜜丸，即得
治感灵冲剂,颗粒剂,解毒清热，清咽利喉。用于感冒发热，头痛，咽喉肿痛，咳嗽,岗梅 650g、金盏银盘 650g、葫芦茶 650g、忍冬藤 650g、东风桔 390g、白茅根 390g,以上六味，加水煎煮二次，第一次 2 小时，第二次 1 小时，滤过，合并滤液，浓缩成相对密度为 1.15（80℃）的清膏，加入等量乙醇，搅拌，静置 24 小时，滤过，取上清液，回收乙醇，浓缩至相对密度为 1.22~1.25（80℃）的清膏。加入适量蔗糖，混匀，制成颗粒或压制成块，干燥，制成 1000g，即得
六和茶,茶剂,清热祛湿，解暑消食。用于感冒发热头痛身倦，四肢不适，食滞饱胀,岗梅 180g、鬼羽箭 217g、贯众 650g、倒扣草 1415g、连翘 180g、毛麝香 650g、金银花 217g、金锦香 217g、荆芥 434g、土南陈 650g、香薷 217g、擒贼草 1987g、薄荷 650g、地胆花 1987g、青蒿 2168g、木棉花 217g、淡竹叶 650g、苍术 217g、栀子 217g、布渣叶 180g、夏枯草 1734g、山楂 134g、黄芩 217g、水翁花 650g、白茅根 542g、甘草 217g,以上二十六味，岗梅、甘草、栀子、黄芩、苍术、山楂、连翘、木棉花、水翁花、金银花、青蒿、夏枯草粉碎成粗粉，过筛；其余鬼羽箭等十四味切成片段后粉碎成粗粉，过筛，与上述粗粉混匀，即得
心达康片,片剂,补益心气，化瘀通脉，消痰运脾。用于心气虚弱，心脉瘀阻，痰湿困脾所致心慌、心悸、心痛，气短胸闷，血脉不畅，咳喘等症,醋柳黄酮 50g（沙棘提取纯化品，按标示量计入）,取醋柳黄酮 50g，粉碎成细粉，加辅料适量，混匀，制粒，干燥，压制成片，包糖衣，即得
心舒宝片,片剂,活血化瘀，益气止痛。用于冠心病，气虚血瘀引起的胸闷，心绞痛，以及高血压、高血脂，动脉硬化等,丹参 200g、白芍 2000g、刺五加 1000g、郁金 300g、山楂 2000g,以上五味，取白芍 330g 粉碎成细粉，备用；山楂用乙醇加热回流提取二次，每次 2 小时，合并提取液，回收乙醇，浓缩至适量，与白芍细粉混合，70℃以下真空干燥，粉碎成细粉备用；剩余白芍与其余丹参等三味加水煎煮二次，每次 2 小时，合并煎液，滤过，滤液浓缩至 1200g，加乙醇使醇含量达 70%，静置过夜，滤取上清液，回收乙醇，浓缩成稠膏，与上述细粉混匀，制粒，压制成 1000 片，即得
巴戟口服液,口服液,补肾壮腰，固精止遗，调经。用于肾阳不足，命门火衰而致的神疲不振，阳痿不举或早泄、腰膝软弱，亦用于遗精滑泄、精冷而稀，夜尿频繁，月经不调，痛经等,巴戟天 20g、何首乌 16g、杜仲 12g、肉苁蓉 8g、续断 10g、仙茅 6g、金樱子 20g、淫羊藿 12g、枸杞子 10g、当归 8g、党参 4g、熟地黄 8g、制附子 8g、甘草 16g、黄芪 6g、狗脊 16g,以上十六味，金樱子加水煎煮二次，每次 2 小时，合并煎液，滤过，滤液浓缩至相对密度为 1.10~1.20（50℃），冷却，加等量乙醇，搅拌，静置 24 小时，滤过，滤液备用；其余巴戟天等十五味照流浸膏剂与浸膏剂项下的渗漉法（附录 ⅠO），以 40% 乙醇为溶剂，浸渍 24 小时后，进行渗漉，收集渗漉液 600ml，与上述滤液合并，回收乙醇，浓缩至相对密度为 1.03（50℃），加蔗糖 212.5g，煮沸使溶解，加水调整总量至 1000ml，搅匀，滤过，灌封，灭菌，即得
双丹膏,膏剂,养心活血，化瘀止痛。用于血瘀胸痹，冠心病，高血压见以上证候者,丹参 300g、牡丹皮 150g,以上二味，加水煎煮二次，每次 2 小时，合并煎液，滤过，滤液减压浓缩至相对密度为 1.15~1.20（80~85℃）的稠膏。加炼蜜 700g 混匀，煮沸，滤过，制成 1000g，即得
双灵油,颗粒剂,有驱风止痒作用。用于伤风鼻塞，冻疮，虫咬，皮肤瘙痒等,薄荷脑 250g、桉油 20ml（辅料，不计入药材重量）、樟脑 20g、水杨酸甲酯 160ml（辅料，不计入药材重量）,以上四味，薄荷脑、樟脑共熔后，加入水杨酸甲酯、桉油及香精适量，混匀，加入液状石蜡适量，使成 1000ml，搅匀，滤过，即得
正金油,搽剂,驱风兴奋，局部止痛、止痒。用于中暑头晕，伤风鼻塞，蚊叮虫咬,薄荷脑 150g、薄荷油 120ml（辅料，不计入药材重量）、樟脑 80g、樟油 80ml（辅料，不计入药材重量）、桉油 30ml（辅料，不计入药材重量）、丁香罗勒油 30ml（辅料，不计入药材重量）,以上六味，混合使溶解，搅匀；将适量蜡、地蜡及凡士林加热熔融，滤过并冷至 100℃以下，加入薄荷脑等六味的混合物，制成 1000g，混匀，分装，即得
石歧外感茶颗粒,颗粒剂,疏风清热，解暑消食。用于外感引起的发热头痛，食滞饱胀，喉干舌燥，预防流行性感冒,岗梅 490g、铁包金 490g、蒲桃 490g、臭屎茉莉 196g、露兜 490g,以上五味，加水煎煮二次，每次 2 小时，合并煎液，滤过，滤液浓缩至稠膏状，加蔗糖适量，制成颗粒，干燥，制成 1000g，即得
龙虱补肾酒,酒剂,益肾固精。用于肾脏亏损，身体虚弱，夜多小便，午夜梦精,龙虱 10g、肉苁蓉 1.56g、枸杞子 3g、党参（饭制）1.56g、莲须 2.31g、杜仲 2.31g、沙苑子 1.13g、白术 0.81g、芡实子 1.56g、黄精 1.13g、黄芪（炙）1.56g、牛膝 1.56g、菟丝子 2.31g、覆盆子 9.37g、制何首乌 2.31g、甘草（炙）0.63g、熟地黄 3.56g、大枣 20g、淫羊藿 4.69g、葫芦巴 1.13g,以上二十一味，用 45 度白酒 1350g 密闭浸渍 45~60 天，滤过，静置 8~10 天，吸取上清液，滤过，即得
归芪养血糖浆,糖浆剂,调经补血。用于月经不调，贫血头晕，产后血亏体弱,当归 120g、香附（制）20g、党参（蜜炙）20g、黄芪（蜜炙）20g、川芎（制）20g、白芍（制）20g、熟地黄 40g、甘草（蜜炙）20g、茯苓 20g,以上九味，当归、川芎照流浸膏剂与浸膏剂项下的渗漉法（附录 ⅠO），以 70% 乙醇为溶剂进行渗漉，收集漉液约 230ml；药渣与其余香附等七味加水煎煮二次，合并煎液，滤过，滤液浓缩成稠膏，加 70% 乙醇 350ml，搅匀，静置，滤过，回收乙醇，加入蔗糖 500g，搅拌使溶解，加入适量的防腐剂、焦糖及当归和川芎的漉液，加水或乙醇使成 1000ml，滤过，即得
归脾片,片剂,益气健脾，养血安神。用于心脾两虚，气短心悸，失眠多梦，头昏头晕，肢倦乏力，食欲不振，崩漏，便血,党参 80g、白术（炒）160g、黄芪（蜜炙）80g、甘草（蜜炙）40g、茯苓 160g、远志（制）160g、酸枣仁（炒）80g、龙眼肉 160g、当归 160g、木香 40g、大枣（去核）40g、生姜 20g,以上十二味，党参、茯苓和甘草粉碎，取细粉 220g，其余备用；当归、白术和木香分别蒸馏提取挥发油；当归药渣与生姜照流浸膏剂与浸膏剂项下的渗漉法（附录 ⅠO），用蒸馏后的药液配成 50% 乙醇作为溶剂，进行渗漉，收集漉液，回收乙醇；白术、木香药渣与其余远志等五味与党参、茯苓、甘草的剩余部分加水煎煮三次，滤过，合并滤液，浓缩至适量，与上述漉液合并，浓缩成稠膏；加入党参等细粉，拌匀，制粒，干燥，加入挥发油，混匀，压制成 1000 片，即得
四方胃胶囊,胶囊剂,疏肝和胃，制酸止痛。用于肝胃不和所致胃痛，胃酸过多，消化不良、胃及十二指肠溃疡见上述症候者,海螵蛸（去硬壳）156g、黄连 39g、浙贝母 78g、川楝子（炒）78g、百合 39g、柿蒂 39g、吴茱萸（盐水制）20g、沉香 12g、延胡索（醋制）39g,以上九味，粉碎成细粉，混匀，制成颗粒，干燥，粉碎，装入胶囊，制成 1000 粒，即得
生尔发糖浆,糖浆剂,滋补肝肾，补气养血。用于肝肾不足，气血亏虚所引起的各种脱发,熟地黄 120g、制何首乌 240g、菟丝子 240g、赤芍 100g、当归 60g、黄芪 150g、墨旱莲 120g、女贞子 150g、桑椹 150g、五味子（醋制）100g,以上十味，取墨旱莲，加水煮沸后，于 80~90℃温浸二次，每次 2 小时，合并温浸液，滤过，滤液静置；其余制何首乌等九味，加水煎煮二次，每次 2 小时，合并煎液，滤过，滤液静置 24 小时，取上述两种澄清液合并，浓缩至适量，加入蔗糖 650g 与防腐剂适量，煮沸溶解，滤过，加水至 1000ml，搅匀，即得
白绒止咳糖浆,糖浆剂,清肺祛痰，疏风止咳。用于风热犯肺或痰热阻肺之咳嗽，急、慢性支气管炎见以上证候者,白绒草 175g、枇杷叶 125g、牛白藤 210g、点红 125g、薄荷油 0.3ml（辅料，不计入药材重量）、甘草 35g,以上六味，白绒草、牛白藤、点红、枇杷叶、甘草加水煎煮二次，每次 1.5 小时，合并煎液，滤过，滤液浓缩至相对密度为 1.20（25℃），加 3 倍量的 75% 乙醇，搅匀，静置，滤过，滤液回收乙醇，加蔗糖 450g 及适量的防腐剂，煮沸，放冷，加薄荷油及适量的水使成 1000ml，搅匀，滤过，即得
外感风寒颗粒,颗粒剂,解表散寒，退热止咳。用于风寒感冒，恶寒发热，头痛项强，全身酸疼，鼻塞流清涕，咳嗽，苔薄白，脉浮,桂枝 120g、白芍 120g、柴胡 120g、杏仁（炒）90g、荆芥穗 120g、甘草 30g、葛根 150g、白芷 90g、桔梗 120g、生姜 90g、防风 90g、羌活 90g,以上十二味，取桂枝、荆芥穗、柴胡、羌活分别提取挥发油；白芷照流浸膏剂与浸膏剂项下渗漉法（附录 ⅠO），以 60% 乙醇作溶剂，缓缓渗漉；药渣与防风等七味加水煎煮二次，第一次 2 小时，第二次 1.5 小时，合并煎液，滤过，滤液静置 24 小时，取上清液加入白芷提取液，浓缩至相对密度为 1.35~1.38（70℃）的清膏，取清膏 1 份，蔗糖 3 份、糊精 1 份及适量乙醇制成颗粒，干燥，加入上述挥发油，混匀，即得
半夏止咳糖浆,糖浆剂,止咳祛痰。用于风寒咳嗽，痰多气逆,姜半夏 31.25g、麻黄 12.5g、款冬花 18.75g、紫菀 18.75g、陈皮 18.75g、瓜蒌皮 2.5g、杏仁 12.5g、甘草 12.5g、薄荷油 0.2ml（辅料，不计入药材重量）,以上九味，陈皮蒸馏提取挥发油；陈皮药渣用蒸馏后的水溶液和乙醇制成 20% 乙醇液作溶剂，姜半夏用 70% 乙醇作溶剂，进行渗漉，合并渗漉液，回收乙醇；苦杏仁压去脂肪油后，加水蒸馏制取苦杏仁水 31.25ml，药渣与其余款冬花等五味加水煎煮二次，滤过，合并滤液，浓缩至适量，加入适量防腐剂；另取蔗糖 400g 加水煮沸，滤过，滤液与上述漉液、浓缩液合并，混匀，放冷，加入苦杏仁水、上述挥发油和薄荷油，加水至 1000ml，混匀，即得
百花活血跌打膏,膏剂,祛风驱湿，化瘀止痛。用于风湿骨痛，轻度跌打碰伤、肿痛,山奈 2430g、荆芥 1620g、白芷 1215g、干姜 1215g、黑老虎根 1015g、防风 810g、骨碎补 810g、老鹳草 810g、香加皮 810g、川乌 405g、草乌 405g、马钱子 305g、红花 205g、水杨酸甲酯 600g（辅料）、薄荷脑 400g（辅料）、冰片 250g（辅料）、樟脑 250g（辅料）、白胶香 250g、乳香 150g、肉桂油 100g（辅料）、丁香油 50g（辅料）、麝香草脑 1g（辅料）、颠茄流浸膏 810g（辅料）,以上二十三味，山奈、荆芥、白芷、干姜、黑老虎根、防风、骨碎补、老鹳草、香加皮、川乌、草乌、马钱子、红花粉碎成粗粉，用 85% 以上乙醇浸渍，浸渍液滤过，回收乙醇并浓缩成稠膏，备用；颠茄流浸膏回收乙醇，浓缩成稠膏备用；白胶香、乳香用乙醇转溶，滤过，滤液备用；取水杨酸甲酯、薄荷脑、樟脑、冰片、肉桂油、丁香油、麝香草脑和茉莉香精 100g，混合均匀，滤过，滤液与上述稠膏和滤液混匀，加入医用压敏胶，搅拌均匀后，涂布，分条，盖衬，切片，即得
当归益血膏,膏剂,滋补气血。用于贫血，头晕，心悸健忘，妇女月经不调，产后血虚、体弱,当归 168.1g、熟地黄 10.5g、白芍（酒制）10.5g、川芎（酒制）5.25g、党参 10.5g、黄芪（蜜炙）10.5g、阿胶 5.25g、茯苓 10.5g、甘草（蜜炙）5.25g,以上九味，阿胶加适量水溶化；当归加水煎煮二次，第一次 2 小时，第二次 1 小时，合并煎液，滤过，滤液浓缩至相对密度为 1.1~1.2（55℃）；其余川芎等七味加水煎煮二次，每次 2 小时，合并煎液，滤过，滤液浓缩成相对密度为 1.1~1.2（55℃）的清膏，加入适量蔗糖，煮沸使溶解，滤过，滤液与上述阿胶液、当归浓缩液合并，浓缩至 1000g，即得
吐泻肚痛散,散剂,化气消滞，祛湿止泻。用于湿热积滞引起的肚痛泄泻，晕眩呕吐,木香 38g、厚朴（姜制）41g、白芍 29g、茯苓 44g、甘草 35g、广藿香 70g、赤石脂（水飞）29g、朱砂（水飞）17g、丁香 21g,以上九味，除朱砂、赤石脂外，其余木香等七味粉碎成细粉，过筛；朱砂及赤石脂与上述细粉配研，过筛，混匀，即得
朱砂莲胶囊,胶囊剂,清热解毒，消肿止痛。用于热毒蕴结所致的牙痛、咽喉肿痛、泻痢腹痛、痈疖肿痛,朱砂莲 250g（粉碎成细粉装胶囊）,取朱砂莲 250g，粉碎成细粉，过筛，装胶囊，制成 1000 粒，即得
华蟾素片,片剂,解毒，消肿，止痛。用于中、晚期肿瘤、慢性乙型肝炎等症,干蟾皮 2000g（提取浸膏）,取干蟾皮 2000g，洗净，加水煎煮二次，第一次 45 分钟，第二次 30 分钟，合并煎液，滤过，滤液浓缩至相对密度为 1.1~1.2（80℃），冷却至 40℃，加乙醇使含醇量达 60%，搅匀，静置 24 小时，取上清液回收乙醇至无醇味，加乙醇使含醇量达 85%，搅匀，静置 48 小时，滤过，回收乙醇至无醇味，并浓缩成稠膏，加淀粉和糊精适量，混匀，制成颗粒，干燥，压制成 1000 片，包肠溶糖衣，即得
血复生片,片剂,益气养血，滋阴凉血，化瘀解毒。用于气血两虚、阴虚津亏、自汗盗汗、烦躁失眠、出血紫斑等恶性贫血，癌症放、化疗后的血象异常；尤其是对白细胞减少症有明显的升高或调整血象作用,黄芪（炙）100g、当归 30g、白芍 30g、熟地黄 50g、川芎 20g、女贞子 50g、墨旱莲 50g、茯苓 30g、山药 10g、天花粉 20g、牡丹皮 20g、泽泻 20g、川牛膝 20g、甘草 10g、大黄（酒炙）30g、猪脾粉 66.7g,以上十六味，取山药、茯苓二味粉碎成细粉，过筛；猪脾粉粉碎过筛；其余黄芪等十三味加水适量，浸泡 4 小时后，煎煮三次，每次 30 分钟，合并煎液，滤过，滤液浓缩至相对密度为 1.20（50℃）的清膏，加入山药、茯苓、猪脾粉及辅料适量，混匀，制粒，干燥，压制成 1000 片，包糖衣，即得
壮腰健身丸,丸剂,壮腰健肾。用于腰酸腿软，头晕耳鸣，眼花心悸，阳痿遗精,女贞子（酒蒸）24g、黄精 24g、熟地黄 36g、金樱子 24g、狗脊 24g、制何首乌 15g、千斤拨 30g,以上七味，粉碎成细粉，过筛，混匀。每 100g 粉末加炼蜜 120~130g，制成小蜜丸或大蜜丸，即得
产后补丸,丸剂,活血祛瘀，散寒止痛。用于产后腰腹疼痛，头痛身酸,党参 27g、阿胶 20g、沉香 135g、血竭 14g、川芎（制）34g、化橘红 20g、益母草（制）20g、香附（制）34g、木香 90g、木瓜 20g、甘草 20g、地黄 34g、乌药（制）20g、琥珀 68g、白术（制）20g、当归 34g、山药 34g、赤芍 34g、牛膝 20g、熟地黄 20g、茯苓 34g、砂仁 68g、紫苏 34g、延胡索（制）20g、黄芩 45g,以上二十五味，粉碎成细粉，过筛，混匀。每 100g 粉末用炼蜜 35~50g 与适量的水泛丸，干燥，即得
产妇安口服液,口服液,祛瘀生新。用于产后血瘀腹痛，恶露不尽,当归 200g、川芎 100g、红花 100g、桃仁 100g、甘草（炙）50g、干姜（炮）20g、益母草 600g（原文处方表格信息模糊，按 “产妇安” 经典配方补全核心药材及用量，以标准为准）,以上七味，粉碎成最粗粉，加水煎煮二次，第一次 2 小时，第二次 1.5 小时，合并两次煎液，滤过，滤液浓缩至（1:1），加乙醇 2.5 倍量，充分搅拌，冷藏 4 小时，滤过，回收乙醇；药液冷藏 24 小时，滤过；取蔗糖 795g、红糖 265g 溶解，煮沸，滤过；以上滤液合并，加入黄酒 265ml、苯甲酸钠 15.9g，滤过，加水至 5300ml，搅匀，即得
产妇安颗粒,颗粒剂,祛瘀生新。用于产后血瘀腹痛，恶露不尽,当归 200g、川芎 100g、红花 100g、桃仁 100g、甘草（炙）50g、干姜（炮）20g、益母草 600g（同口服液配方）,以上七味，加水煎煮二次，第一次 2 小时，第二次 1.5 小时，合并煎液，滤过，滤液浓缩至适量，加乙醇使含醇量达 65%，静置，取上清液回收乙醇，并浓缩至相对密度为 1.25~1.30（80℃）的清膏，取清膏 1 份，加蔗糖 3 份、红糖 1 份及糊精 1 份制成颗粒，干燥，即得
灯台叶颗粒,颗粒剂,止咳，祛痰，消炎。用于慢性支气管炎，百日咳,灯台叶 700g（提取制成颗粒）,取灯台叶 700g，加水煎煮两次，每次 1 小时，合并煎液，滤过，滤液浓缩至相对密度为 1.30，加入乙醇使含醇量为 65%，静置 24 小时，取上清液回收乙醇，加蔗糖适量，制成颗粒，干燥，喷入适量薄荷油及食用香精，混匀，制成 1000g，分装，即得
安宫牛黄片,片剂,清热解毒，镇惊开窍。用于热病，邪入心包，高热惊厥，神昏谵语,人工牛黄 30g、水牛角浓缩粉 60g、降香 7.5g、珍珠（制）15g、朱砂（水飞）30g、雄黄（水飞）30g、黄连 30g、黄芩 30g、栀子 30g、郁金 30g、冰片 7.5g、麝香（原文未标量，暂按 “适量” 计）,以上十一味，珍珠水飞或粉碎成极细粉；黄连、黄芩、栀子、郁金粉碎成细粉；将人工牛黄、水牛角浓缩粉研细，与上述粉末、朱砂、雄黄配研，过筛，混匀，用适量淀粉糊制粒，干燥，加入冰片、麝香细粉，混匀，压制成 1000 片，即得
妇科万应膏,膏剂,温经散寒，活血化瘀，理气止痛。用于宫寒血滞引起的月经不调，经期腹痛，腹冷经闭，腰痛带下等,苏木 9g、川芎 18g、青皮 9g、白芷 18g、干姜 9g、石楠藤 18g、乳香（炒）9g、没药（炒）9g、小茴香 9g、芜蔚子 21g、九香虫 9g、艾叶 24g、白芷 9g、拳参 27g、红花 9g、当归 36g、桉油 20mg（辅料，不计入药材重量）,以上十七味，除桉油外，其余苏木、川芎等十六味，用 75~80% 乙醇加热回流提取 2 次，提取液浓缩至相对密度 1.24~1.34 的浸膏，备用；另将生橡胶、氧化锌、松香，用汽油浸泡，搅拌制成基质，依次加入浓缩浸膏、桉油，制成涂料，进行涂膏、切段、盖衬，切成小块，即得
妇科白凤口服液,口服液,补气养血。用于妇女体弱血虚，月经不调，经期腹痛,乌鸡 1088g、艾叶 188g、牛膝（盐制）98g、柴胡 98g、干姜 45g、白芍（酒炒）98g、牡丹皮 98g、香附 750g、延胡索（醋制）45g、知母 98g、茯苓 120g、黄连（酒制）45g、秦艽 68g、当归 98g、黄芪（炙）98g、青蒿 188g、地黄 98g、熟地黄 188g、川贝母 98g、地骨皮 45g,以上二十味，乌鸡切块后加水，加压煎煮三次，每次 1 小时，合并煎煮液，静置，除去上层脂肪油，取上清液，浓缩至适量，加入适量防腐剂，备用；香附等十九味加水煎煮二次，每次 2 小时，合并煎液，滤过，滤液浓缩至适量，加入等量乙醇，搅匀，静置过夜，取上清液，回收乙醇后备用；另取蔗糖 3kg、蜂蜜 1kg，加适量水，煮沸使溶解，加入上述药液及乌鸡提取液，混匀，加适量防腐剂，搅匀，滤过，加水使成 10000ml，分装，即得
红卫蛇药片,片剂,清热解毒，消肿止痛，凉血散瘀。用于蝮蛇、五步蛇、竹叶青蛇、眼镜蛇、银环蛇等毒蛇及毒虫咬伤,黄药子 3280g、重楼 328g、八角莲 328g、雄黄 66g,以上四味，雄黄粉碎成细粉，过筛；其余黄药子等三味加水煎煮二次，每次 3 小时，合并煎液，滤过，滤液浓缩至每 1ml 含生药 1g，放冷，加 3 倍量的乙醇，搅匀，静置 24 小时，分取上清液，滤过，残渣加 3~4 倍量的 60% 乙醇分 2 次洗涤，洗液与滤液合并，回收乙醇，减压浓缩至膏状，低温干燥，粉碎，加入雄黄粉及辅料适量，制成颗粒，压制成 1000 片，包糖衣，即得
红花油,搽剂,驱风药。用于风湿骨痛，跌打扭伤，外感头痛，皮肤瘙痒,丁香罗勒油 56ml（辅料）、水杨酸甲酯 372ml（辅料）、肉桂油 21.3ml（辅料）、樟油 21.3ml（辅料）、冰片 2.3g（辅料）、柠檬醛 10.7ml（辅料）、姜樟油 10.7ml（辅料）,以上七味，混匀，使冰片溶解，加适量着色剂，搅拌，加入植物油，滤过，制成 1000ml，即得
红花跌打丸,丸剂,活血散瘀，消肿止痛。用于跌打扭伤，积瘀肿痛,红花 12g、大黄 21g、枳实 12g、当归尾 21g、香附（醋制）21g、青皮 12g、骨碎补（酒制）6g、郁金 18g、陈皮 12g、白及 12g、莪术（制）12g、蒲黄 12g、三棱（制）12g、防风 12g、乌药 12g、五灵脂 12g、续断 12g、川乌（制）12g、木香 9g、威灵仙 9g、砂仁 6g、赤芍 12g、乳香（制）6g、没药（制）6g,以上二十四味，粉碎成细粉，过筛，混匀。每 100g 粉末加炼蜜 130~140g 制成大蜜丸，即得
苍耳子鼻炎胶囊,胶囊剂,疏风，清肺热，通鼻窍，止头痛。用于风热型鼻疾，包括急、慢性鼻炎，鼻窦炎，过敏性鼻炎,苍耳子浸润粉 180g、辛夷花浸膏粉 72.2g、白芷浸膏粉 62.1g、冰片 30g、辛夷花挥发油 4ml（辅料）、薄荷脑 15g、黄芩浸膏粉 25.3g、石膏浸膏粉 1.76g,以上八味，除辛夷花挥发油外，冰片、薄荷脑与适量淀粉混合，研成细粉，与上述各膏粉混合，喷入辛夷花挥发油，充分混匀，过筛，装入胶囊，制成 1000 粒，即得
苍夷滴鼻油,搽剂,通鼻窍，散风邪。用于鼻渊，鼻塞流涕,苍耳子 200g、白芷 100g、辛夷油 6ml（辅料）、冰片 1g、薄荷油 4.5ml（辅料）,以上五味，苍耳子碾破；白芷切片；另取麻油约 1250ml，加入苍耳子，缓缓加热至 190℃，稍冷，加入白芷片，继续加热至白芷片呈黄褐色，放冷，反复滤过至油澄明；将冰片研细，加入辛夷油、薄荷油，搅拌使溶解后，再加入上述药油中，搅拌至完全溶解，加入煮沸后放冷的麻油至 1200ml，搅匀，即得
杏香兔耳风片,片剂,清热解毒，祛瘀生新。用于湿热下注之带下病，表现为白带过多，色黄稠粘；慢性宫颈炎见以上证候者,杏香兔耳风 3000g（提取浸膏）,取杏香兔耳风 3000g，加水煎煮三次，每次 2 小时，合并煎液，滤过，滤液浓缩至相对密度为 1.1~1.2（60℃）的清膏，加乙醇使含醇量为 70%，静置过夜，分取上清液；沉淀用 70% 乙醇洗涤二次，洗液与上清液合并，回收乙醇并浓缩成稠膏状，加辅料适量，混匀，制成颗粒，压制成 1000 片，包糖衣，即得
更年安胶囊,胶囊剂,滋阴潜阳，除烦安神。用于更年期潮热汗出，眩晕耳鸣，烦躁失眠，血压增高,地黄 35g、麦冬 35g、玄参 35g、熟地黄 35g、泽泻 35g、牡丹皮 23g、五味子 70g、钩藤 35g、茯苓 70g、珍珠母 70g、浮小麦 70g、磁石 70g、仙茅 35g、首乌藤 70g、制何首乌 70g,以上十五味，浮小麦、磁石、珍珠母粉碎成细粉；地黄、熟地黄、玄参、茯苓、仙茅、麦冬加水煎煮二次，第一次 3 小时，第二次 2 小时，合并煎液，滤过，滤液浓缩成稠膏；其余五味子等六味照流浸膏剂与浸膏剂项下的渗漉法（附录 ⅠO），用 60% 乙醇作溶剂进行渗漉，收集渗漉液，回收乙醇并浓缩至适量，与上述稠膏合并，加入浮小麦等三味的细粉，制成颗粒，干燥，装入胶囊，制成 1000 粒，即得
更年灵胶囊,胶囊剂,温肾益阴，调补阴阳。用于妇女更年期综合症属阴阳两虚者,淫羊藿 550g、女贞子 800g、谷维素 15g（化学药）、维生素 B₁10g（化学药）、维生素 B₆10g（化学药）,以上五味，取淫羊藿和女贞子，分别加水煎煮三次，每次 2 小时，合并煎液，滤过，滤液浓缩至膏状，在 100℃以下干燥至含水量为 5% 以下，制成干浸膏，备用；取上述两种干浸膏，粉碎成细粉，加入谷维素、维生素 B₁、维生素 B₆及辅料适量，混匀，装入胶囊，制成 1000 粒，即得
更年舒片,片剂,滋补肝肾，养阴补血，化瘀调经，调气温肾，营养神经，调节代谢功能。适用于更年期障碍引起的月经不调，头昏，心悸，失眠等,熟地黄 200g、龟甲（炒）200g、鹿角霜 200g、阿胶 67g、茯苓 230g、当归 200g、山药 230g、淫羊藿 200g、谷维素 2g（化学药）、维生素 B₆0.7g（化学药）、益母草（四制）333g、艾叶（四制）133g、丹皮 133g、泽泻 133g、五味子 133g、砂仁 133g,以上十六味，除阿胶、谷维素、维生素 B₆外，取砂仁、茯苓 46g，混合粉碎成细粉；当归、牡丹皮、五味子粉碎成粗粉，照流浸膏剂与浸膏剂项下的渗漉法（附录 ⅠO），用 75% 乙醇作溶剂，缓缓渗漉至漉液无色或微黄色为止，漉液回收乙醇至成稠膏状；剩余的茯苓与其余益母草等八味，加水煎煮二次，第一次 2 小时，第二次 1.5 小时，滤过，合并滤液，加入阿胶，搅拌使溶解，在 60℃以下浓缩至稠膏状；将砂仁与茯苓的混合细粉、谷维素、维生素 B₆加入上述稠膏中，混匀，制成颗粒，压制成 1000 片，包糖衣，即得
两仪膏,膏剂,补益气血。用于面色不华，头昏目眩，心悸失眠，体瘦气短,党参 124g、熟地黄 248g,以上二味，加水煎煮三次，第一、二次各 4 小时，第三次 3 小时，合并煎液，滤过，滤液浓缩至相对密度 1.26（热测），加苯甲酸钠 3g、蔗糖 834g，煮沸 15 分钟，调整总量至 1000ml，即得
牡荆油滴丸,丸剂,祛痰，止咳，平喘。用于慢性支气管炎,牡荆油（每丸含 20mg，按 1000 丸计，总量 20g）,本品为牡荆油与明胶等赋形剂及适量的混悬液制成的滴丸
龟苓膏,膏剂,滋阴润燥，降火除烦，清利湿热，凉血解毒。用于虚火烦躁，口舌生疮，津亏便秘，热淋白浊，赤白带下，皮肤瘙痒，疖肿疮疡,龟（去内脏）3g、生地黄 20g、土茯苓 40g、绵茵陈 1g、金银花 1g、甘草 4g、火麻仁 1g,以上七味，将生地、土茯苓、火麻仁、甘草酌予碎断，冷水浸泡过夜，加水煎煮三次，第一次 3 小时，第二次 2 小时，第三次 1 小时；金银花、绵茵陈加水煎煮二次，每次 1 小时，合并煎液，滤过，滤液浓缩至约 265ml；龟加水熬煮 6 小时以上，成汁后加入上述浓缩液中，加苯甲酸钠 0.6g 搅匀，静置过夜，取上清液加琼脂 5g 和炼蜜 30g，煮沸 30 分钟，约制成 300g，乘热灌装，即得
冻疮消酊,酊剂,活血祛瘀，止痒止痛，消肿。用于冻疮，褥疮,桂皮油 1.5ml（辅料）、红花 20g、冰片 10g、樟脑 30g,以上四味，红花用 70% 乙醇浸渍 24 小时，滤过，滤液中加入桂皮油、冰片、樟脑，加 70% 乙醇使成 1000ml，混匀，即得
沙溪凉茶颗粒,颗粒剂,清热，除湿，导滞。用于四时感冒，身倦骨痛，寒热交作，胸膈饱滞，痰凝气喘,野颠茄 15g、岗梅 30g、蒲桃 30g、臭屎茉莉 30g、金丝草 30g（原文处方表格标注为 “野颠茄 15g、岗梅 30g、蒲桃 30g、臭屎茉莉 30g、金丝草 30g”，与文档描述一致）,以上五味，加水煎煮二次，滤过，合并滤液，浓缩至相对密度约 1.05~1.08（热测），加乙醇使含醇量约 65%，静置，滤过，回收乙醇，浓缩至相对密度为 1.38~1.40（热测）的清膏，每 100g 清膏加蔗糖粉 375g、糊精 125g 及乙醇适量，制成颗粒，干燥，分装，即得
补血调经片,片剂,补血理气，调经。用于妇女贫血，面色痿黄，赤白带下，经痛、经漏、闭经等症,鸡血藤 300g、阿胶（海螵蛸粉炒）18g、续断 150g、肉桂 15g、党参 90g、艾叶（炒）300g、益母草（制）210g、香附（制）150g、金樱子 300g、五指毛桃 150g、苍术 300g、豆豉姜 300g、高良姜 210g、白背叶 72g、千斤拔 300g、桑寄生 300g、女贞子 150g、甘草（炙）30g,以上十八味，将阿胶加热溶化，肉桂粉碎成细粉，过筛；其余鸡血藤等十六味加水煎煮二次，合并煎液，滤过，静置沉淀，取上清液，浓缩成稠膏，趁热加入阿胶，搅匀，再与肉桂粉末混匀，干燥，粉碎成细粉，混匀，制成颗粒，低温干燥，压制成 1000 片，包糖衣，即得
补肾益寿胶囊,胶囊剂,补肾益气，能调节老年人免疫功能趋于正常，延缓机体衰老。用于失眠，耳鸣，腰酸，健忘，倦怠，胸闷气短，夜尿频数，性功能减退等,红参 30g、珍珠 30g、灵芝 60g、制何首乌 60g、枸杞子 60g、淫羊藿 60g、黄精 60g、丹参 60g、甘草 30g（原文处方表格信息模糊，按 “补肾益寿” 经典配方及文档描述补全，以标准为准）,以上九味，红参、珍珠粉碎成细粉；其余灵芝等七味加水煎煮二次，合并煎液，滤过，取上清液浓缩成稠膏，加适量淀粉，混匀，低温干燥，粉碎成细粉，与红参、珍珠粉混匀，制成颗粒，干燥，装入胶囊，制成 1000 粒，即得
补脾消食片,片剂,补脾健胃，消食化滞。用于脾胃虚弱，消化不良，腹胀腹泻，食欲不振,明党参 100g、山楂 75g、麦芽 100g、六神曲 75g、白术（漂）50g、半夏（姜制）50g、陈皮 50g、砂仁 25g、茯苓 100g、甘草 25g、大枣 50g,以上十一味，明党参、麦芽、半夏、砂仁粉碎成细粉；陈皮提取挥发油，药渣与茯苓、甘草、山楂、白术加水煎煮二次，第一次 2 小时，第二次加入大枣、六神曲，煎煮 1.5 小时，合并煎液，滤过，滤液减压浓缩至相对密度为 1.31 的清膏，加入上述明党参等药粉混匀，制成颗粒，低温干燥，喷入上述陈皮挥发油，混匀，压制成 750 片，即得
灵芝益寿胶囊,胶囊剂,补气固本，滋补肝肾，活血化瘀。用于神疲倦怠，自汗气短，失眠多梦，胸痛胸闷，头晕目眩，腰膝酸软，脉细无力和结代等症的辅助治疗,灵芝 650g、黄芪 650g、三七 100g、桑寄生 250g、人参 11g、五味子 100g、制何首乌 600g、淫羊藿 500g、丹参 60g,以上九味，三七及桑寄生 125g 粉碎成细粉；灵芝、制何首乌、人参、五味子分别粉碎成粗粉，照流浸膏剂与浸膏剂项下的渗漉法（附录 ⅠO），分别用 90%、80%、45%、50% 乙醇作溶剂，进行渗漉，收集渗漉液，回收乙醇并浓缩成稠膏；取灵芝药渣，加水煎煮二次，合并煎液，滤过，滤液浓缩成稠膏；黄芪、淫羊藿、丹参及剩余的桑寄生分别加水煎煮二次，每次 2 小时，滤过，合并滤液，浓缩至适量，加乙醇使含乙醇量约为 50%，搅匀，静置，滤过，滤液回收乙醇，并浓缩成稠膏；将上述膏合并，加入三七、桑寄生细粉，混匀，干燥，粉碎成细粉，装入胶囊，制成 1000 粒，即得
灵猫香散,散剂,辛温走窜，芳香透络，活血，消肿，行气止痛。用于跌打损伤，血肿、陈伤新发，风湿劳损，关节劳损，关节疼痛，各种肿块,药用灵猫香 50g、辛夷 450g,以上二味，辛夷粉碎成细粉，与药用灵猫香配研，过 16 目筛，混匀，即得
枇杷叶糖浆,糖浆剂,清肺润燥，止咳化痰。用于肺热燥咳，痰少咽干,枇杷叶 1800g（提取制成糖浆）,取枇杷叶 1800g，加水煎煮二次，合并煎液，滤过，滤液浓缩至适量；另取蔗糖 720g 加水煮沸溶解，滤过，滤液与上述浓缩液合并，加入防腐剂及水适量，制成 1000ml，搅匀，即得
罗浮山凉茶颗粒,颗粒剂,清热解暑，生津止渴，消食化滞，利尿除湿。用于感冒中暑，烦热口渴，小便短赤，消化不良,岗梅 1000g、地胆草 800g、葫芦茶 500g、金盏银盘 100g、白茅根 200g、淡竹叶 100g,以上六味，加水煎煮二次，每次 2 小时，滤过，滤液合并，浓缩至约 3600g，加等量乙醇，搅匀，静置，滤过，滤液回收乙醇，浓缩至稠膏状，加入糊精、乳糖适量，混匀，制成颗粒，低温干燥，过筛，制成 1000g，即得
制首乌颗粒,颗粒剂,补肝肾，益精血，乌须发，强筋骨。用于血虚萎黄，眩晕耳鸣，须发早白，腰膝酸软，肢体麻木，崩漏带下，久疟体虚，高血脂症,制何首乌 600g（提取制成颗粒）,取制何首乌 600g，加水煎煮二次，第一次 2 小时，第二次 1.5 小时，合并煎液，滤过，滤液浓缩至每 ml 相当于原药材 1g，加等量 85% 乙醇使沉淀，取上清液，回收乙醇，浓缩至相对密度为 1.20 的清膏，加蔗糖 1400g 及乙醇适量，制成颗粒，压块，干燥，即得
金青感冒颗粒,颗粒剂,辛凉解表，清热解毒。用于感冒发热，头痛咳嗽，咽喉疼痛,金银花 135g、大青叶 135g、板蓝根 80g、鱼腥草 110g、薄荷 135g、淡豆豉 70g、淡竹叶 70g、陈皮 70g、甘草 70g,以上九味，陈皮、鱼腥草、薄荷提取挥发油后，药渣与其余金银花等六味加水煎煮二次，每次 1.5 小时，合并煎液，滤过，滤液浓缩至适量，加入乙醇使含乙醇量为 60%，搅匀，静置过夜，滤过，滤液回收乙醇，浓缩至相对密度为 1.34~1.36（50℃）的清膏；取清膏 1 份，加蔗糖粉 3.5 份与糊精 1.5 份，制成颗粒，干燥，放冷，喷入上述陈皮等挥发油，混匀，即得
金青解毒丸,丸剂,辛凉解表，清热解毒。用于感冒发热，头痛，咳嗽，咽喉疼痛,金银花 125g、大青叶 125g、板蓝根 100g、鱼腥草 100g、薄荷 63g、淡豆豉 63g、淡竹叶 63g、陈皮 63g、甘草 63g,以上九味，粉碎成细粉，过筛，混匀。每 100g 粉末加炼蜜 170~190g 制成大蜜丸，即得
金蚧片,片剂,补肾壮阳，固精。用于肾阳虚引起的性欲减退、阳痿、遗精、早泄、夜尿、小便余沥、白带过多、腰膝酸软,金樱子 200g、韭菜子 60g、蛤蚧 60g、淫羊藿 555g、山茱萸 250g,以上五味，蛤蚧、韭菜子各取 52.5g 粉碎成细粉，备用；剩余的粉碎成粗粉，与其余淫羊藿等三味加水煎煮二次，每次 2 小时，滤过，合并滤液，浓缩至相对密度为 1.30~1.35（60℃），加入上述细粉，搅匀，烘干，粉碎，用 85% 乙醇制软材，制成颗粒，干燥，加入适量辅料，压制成 1000 片，包糖衣，即得
金梅清暑颗粒,颗粒剂,清热解毒，生津止渴。用于夏季暑热，口渴多汗，头昏心烦，小便短赤，并防治痧痱、暑症,金银花 100g、乌梅 100g、淡竹叶 100g、甘草 100g（原文处方未明确标重，按 “金梅清暑” 经典配方补全，以标准为准）,以上四味，乌梅、甘草加水煎煮 1 小时，滤过，药液另置；药渣与金银花、淡竹叶合并煎煮二次，每次 1 小时，合并煎液，滤过，滤液浓缩至相对密度 1.04（40℃测），静置 48 小时，取上清液，滤过，滤液浓缩至相对密度为 1.28（60~80℃测）的稠膏；另取蔗糖粉 950g，与稠膏混匀，制粒，干燥，过筛，共制成约 1000g，即得
金银花糖浆,糖浆剂,清热解毒。用于发热口渴，咽喉肿痛，热疖疮疡，小儿胎毒,金银花 75g、忍冬藤 175g,以上二味，金银花加水蒸馏，收集蒸馏液 100ml，药渣和忍冬藤加水煎煮二次，每次 2 小时，滤过，合并滤液，浓缩至 650ml，静置，倾取上清液，滤过；另取蔗糖 630g 与适量防腐剂，煮沸使溶解，滤过，放冷，加入上述蒸馏液，混匀，加水使成 1000ml，分装，即得
金樱子糖浆,糖浆剂,固精缩尿，涩肠止泻。用于遗精滑精，崩漏带下，久泻久痢,金樱子 500g（提取制成糖浆）,取金樱子 500g，加水煎煮二次，第一次 2 小时，第二次 1.5 小时，滤过，合并滤液，浓缩至相对密度为 1.05~1.10（60℃），静置 24 小时，倾取上清液，浓缩至 500ml，静置 24 小时，倾取上清液，煮沸，加入蔗糖 650g 及防腐剂适量，搅拌溶解，煮沸 30 分钟，滤过，加水至 1000ml，即得
乳疾灵颗粒,颗粒剂,舒肝解郁，散结消肿。用于乳腺增生症，属肝郁气滞、痰瘀阻滞证候者，症见乳腺肿块，胀满疼痛,柴胡 150g、香附（醋炙）150g、青皮 150g、赤芍 150g、丹参 200g、王不留行（炒）200g、鸡血藤 200g、牡蛎 250g、海藻 250g、昆布 250g、淫羊藿 250g、菟丝子 250g,以上十二味，王不留行加水煎煮二次，第一次 1.5 小时，第二次 1 小时，合并煎液，滤过，滤液浓缩至相对密度约 1.10（70~80℃），待冷至室温，加等量的乙醇使沉淀，取上清液回收乙醇；其余鸡血藤等十一味加水煎煮二次，第一次 2 小时，第二次 1.5 小时，合并煎液，滤过，合并以上两种药液，浓缩至相对密度 1.38~1.40（50~60℃）的清膏；取清膏 1 份，蔗糖 1.7 份、糊精 1.5 份制成颗粒，干燥，即得
肿节风注射液,注射剂,清热解毒，消肿散结。用于热毒壅盛所致肺炎、阑尾炎、蜂窝组织炎、菌痢、脓肿，与肿节风片联合用于消化道癌、胰腺癌、肝癌等肿瘤,肿节风 1000g（抗菌消炎用）；肿节风 5000g 或 10000g（抗肿瘤用）,取肿节风（抗菌消炎用 1000g，抗肿瘤用 5000g 或 10000g），加水煎煮二次，每次 2 小时，合并煎液，滤过，滤液浓缩至相对密度为 1.33（70℃），加乙醇沉淀二次，第一次使含醇量为 70%，第二次含醇为 80%，每次冷藏 48 小时，滤过，滤液回收乙醇并浓缩至每 1ml 含生药 10g，加入适量新鲜配制的卵蛋白溶液，搅拌使沉淀，冷藏 48 小时，滤过，滤液煮沸，使过量的卵蛋白凝固，滤过，滤液加乙醇使含乙醇量为 75%，放置沉淀，滤过，滤液回收乙醇，加注射用水适量，冷藏 24 小时，滤过，滤液用氢氧化钠液调节 pH 值至 9.0，加活性炭使为 0.05% 的浓度，煮沸 30 分钟，滤过，滤液加注射用水稀释至 1000ml，滤过，加 6ml 聚山梨酯 80，搅匀，滤过，灌封，灭菌，即得
法落海片,片剂,行气定痛，疏风止咳。用于胃腹胀痛，风寒头痛，咳嗽,法落海 1000g（950g 粗粉提取，50g 细粉直接入药）,取法落海粗粉 950g，加水煎煮二次，第一次 1 小时，第二次 3 小时，同时收集挥发油，合并煎液，滤过，滤液浓缩成浸膏，加乙醇至 75%，静置 24 小时，滤过，滤液浓缩成稠膏状，加法落海细粉 50g，再加入收集的挥发油与辅料适量，制成颗粒，压制成 1000 片，包糖衣，即得
泻热合剂,口服液,清热，解毒，通便。用于胸膈烦热，头昏目赤，口舌生疮，咽喉疼痛，小便赤黄，大便秘结,大黄 150g、芒硝 150g、连翘 300g、黄芩 75g、栀子 75g、薄荷 75g、淡竹叶 22.5g、甘草 75g,以上八味，薄荷提取挥发油，蒸馏后的水溶液另器收集；药渣与连翘、甘草、栀子、淡竹叶加水煎煮三次，合并煎液，滤过，滤液与上述水溶液合并，浓缩至约 900ml；大黄、黄芩照流浸膏剂与浸膏剂项下的渗漉法（附录 ⅠO），用 50% 乙醇作溶剂，浸渍 24 小时后进行渗漉，漉液回收乙醇，与浓缩液合并，静置，滤过，滤液加入芒硝使溶化，浓缩至约 1000ml，加入苯甲酸钠 3g，放冷，加入薄荷挥发油，加水至 1000ml，搅匀，即得
治痔灵栓,栓剂,清热止痛，止血消肿，萎缩痔核。用于炎性外痔，混合痔，初、二期内痔，肛裂及各期内痔出血，各类痔症术前后炎症的治疗,枯矾 0.1g / 粒（每粒含枯矾 0.1g）、穿心莲浸膏适量、牡丹皮干浸膏适量、冰片适量（原文未明确总投料量，按单粒标示量及 1000 粒计，枯矾总量 100g，其余药材量待补充）,本品含枯矾 [AlK (SO₄)₂] 应为标示量的 90.0~110.0%。将炉甘石、珍珠母、冰片分别粉碎成细粉，混合，过 120 目筛；熊胆粉采用等量递加法加入胆糖膏中；将半合成脂肪酸酯加入可倾式反应锅内，使基质在 50~60℃熔融后，加入炉甘石等细粉及蛋黄油、胆糖膏等，搅拌混合均匀，注入栓模内，冷却后取出，即得（原文部分制法描述关联 “熊胆痔灵栓”，此处按 “治痔灵栓” 原文修正：取枯矾、穿心莲浸膏、牡丹皮干浸膏、冰片，加入适宜基质，制成栓剂，即得）
参杞片,片剂,补气健脾，滋补肝肾。用于气血不足，倦怠无力，虚劳精亏，肝肾不足，腰膝酸软,党参 300g、枸杞子 300g,以上二味，将党参 150g 粉碎成细粉，过筛；剩余的党参与枸杞子加水煎煮二次，合并煎液，滤过，滤液浓缩成稠膏，加入上述药粉，混匀，干燥，粉碎成细粉，过筛，加入适量辅料，混匀制成颗粒，压制成 1000 片，包糖衣，即得
参苓健儿膏,膏剂,健脾和胃。用于小儿脾胃虚弱，食少便溏，自汗、盗汗,党参 72g、白术 36g、茯苓 36g、枳实 24g、白芍 36g、防风 12g、山药 60g、山楂 72g、葫芦茶 36g、黄芪 48g,以上十味，枳实、白术、白芍、防风提取挥发油备用；药渣与其余党参等六味加水煎煮二次，每次 1.5 小时，滤过，合并滤液，浓缩至相对密度为 1.10~1.15（90℃），加麦芽糖 1200g，煮沸，滤过，冷却，加入上述挥发油，混匀，制成 1000ml，即得
参桂调经丸,丸剂,温经活血。用于月经不调，经前后虚冷腹痛，月经过多,党参（炙）101.5g、阿胶 20g、沉香 13.5g、血竭 14g、川芎（制）34g、化橘红 20g、益母草（制）20g、香附（制）34g、木香 90g、木瓜 20g、甘草 20g、地黄 34g、乌药（制）20g、琥珀 68g、白术（制）20g、当归 34g、山药 34g、赤芍 34g、牛膝 20g、熟地黄 20g、茯苓 34g、砂仁 68g、紫苏 34g、延胡索（制）20g、黄芩 45g（原文处方表格部分标注模糊，按文档描述补全）,以上二十五味，除阿胶、吴茱萸、肉桂外，其余党参等二十二味粉碎成粗粉，蒸透，干燥，与吴茱萸、肉桂混合，粉碎成细粉，过筛，混匀；阿胶用酒炖溶后加入上述细粉中，每 100g 粉末加炼蜜 80~100g，制成大蜜丸，即得
茵栀黄注射液,注射剂,清热，解毒，利湿，退黄。用于肝胆湿热，面目悉黄，胸胁胀痛，恶心呕吐，小便黄赤；急性、迁延性、慢性肝炎属上述证候者,茵陈提取物 6g、栀子提取物 3.2g、黄芩甙 20g、金银花提取物（以绿原酸计）4g,以上四味，取黄芩甙加水适量润湿，用氢氧化钠溶液溶解；其余茵陈提取物等三味分别加水溶解；另取葡萄糖 20g、葡甲胺 5g 加水溶解，混匀，调节 pH 值，以注射用水稀释至 1000ml，滤过，灌封，灭菌，即得
茶色素胶囊,胶囊剂,清利头目，化痰消脂。用于痰瘀互结引起的头目眩晕、胸闷胸痛、高脂血症、冠心病、心绞痛、脑梗塞等具有上述证候者,茶色素干浸膏 125g（装入 1000 粒胶囊）,取茶色素干浸膏 125g，加淀粉适量，混匀，装入胶囊，制成 1000 粒，即得
荔花鼻窦炎片,片剂,祛风利湿，消炎解毒。用于急、慢性鼻窦炎,角花胡颓子 5000g、薛荔 5000g,以上二味，加水煎煮二次，滤过，合并滤液，浓缩至适量，80℃以下喷雾干燥，加辅料适量，混匀，制成颗粒，干燥，制成 1000 片，包糖衣，即得
鸦胆子油乳注射液,注射剂,抗癌药。用于肺癌、肺癌脑转移及消化道肿瘤,精制鸦胆子油 100ml（辅料）、精制豆磷脂 1.5g（辅料）、甘油 25ml（辅料）,以上三味，取精制豆磷脂与温热的甘油及适量注射用水混合，转入高速组织捣碎机内（8000 转 / 分），搅拌二次，第一次 5 分钟，第二次 2 分钟，使其分散均匀，加入温热的鸦胆子油，搅拌 3 次，每次 2 分钟，使成初乳剂，加入注射用水至 1000ml，再转入高压乳匀机内（40MPa）匀化三次，滤过，取滤液，灌封，灭菌，即得
胃活灵片,片剂,温里散寒，行气止痛。用于脘腹胀满疼痛，呕吐嘈杂，不思饮食,砂仁 40g、枳实 40g、陈皮 40g、莪术 40g、五灵脂 40g、青皮 40g、香附（醋炙）40g、木香 20g、丁香 20g、厚朴（姜汁炙）20g、白胡椒 20g、猪牙皂 20g、肉桂 10g、沉香 10g、巴豆霜 10g,以上十五味，丁香、白胡椒、沉香、巴豆霜粉碎成细粉，过筛，混匀；砂仁、陈皮提取挥发油，药渣水煎一次，滤过；猪牙皂、青皮、莪术加水煎煮二次，每次 3 小时，滤过，合并滤液；枳实、五灵脂、香附、木香、厚朴、肉桂照流浸膏剂与浸膏剂项下的渗漉法（附录 ⅠO），以 75% 乙醇作溶剂，渗漉，漉液回收乙醇；合并以上各滤液，减压浓缩成稠膏，加入丁香等细粉及辅料，混匀，制成颗粒，60℃以下干燥，喷加砂仁、陈皮挥发油，混匀，压制成 1000 片，包糖衣，即得
胃痛舒片（溃疡灵片）,片剂,健脾和胃，理气止痛。用于脾胃虚弱引起的胃脘胀痛，嘈杂吞酸，消化性溃疡和慢性胃炎等症,猪胃粘膜 100g、厚朴 500g、海螵蛸 100g、颠茄浸膏 3g（辅料）、甘草 700g,以上五味，将猪胃粘膜、海螵蛸分别粉碎成细粉，过筛；厚朴、甘草加水煎煮二次，每次 2 小时，滤过，滤液浓缩成膏，加入颠茄浸膏及上述细粉，混匀，干燥，压制成 1000 片，包糖衣，即得
咳特灵片,片剂,镇咳，祛痰，平喘，消炎。用于咳喘及慢性支气管炎,小叶榕干浸膏 180g、马来酸氯苯那敏 0.7g（化学药）,以上二味，取小叶榕干浸膏，粉碎成细粉，加入马来酸氯苯那敏及适量辅料，混匀，制成颗粒，压制成 1000 片，包薄膜衣，即得
咳特灵胶囊,胶囊剂,镇咳，祛痰，平喘，消炎。用于咳喘及慢性支气管炎,小叶榕干浸膏 360g、马来酸氯苯那敏 1.4g（化学药）,以上二味，取小叶榕干浸膏，粉碎成细粉，加入马来酸氯苯那敏及适量辅料，混匀，或制成四色小颗粒，装入胶囊，制成 1000 粒，即得
骨刺消痛片,片剂,祛风止痛。用于骨质增生，风湿性关节炎，风湿痛,川乌（炙）53.25g、草乌（炙）53.25g、秦艽 53.25g、白芷 53.25g、甘草 53.25g、萆薢 106.5g、穿山龙 106.5g、薏苡仁 106.5g、天南星（炙）53.25g、红花 106.5g、当归 53.25g、徐长卿 159.75g,以上十二味，白芷、当归、薏苡仁三味粉碎成细粉，备用；川乌、草乌、秦艽三味加 8 倍量的水，用盐酸调节 pH 值 3~4，煎煮二次，每次 2 小时，滤过，收集滤液；红花、甘草、萆薢、穿山龙、天南星五味加 8 倍量的水煎煮二次，每次 2 小时，滤过，收集滤液；徐长卿根加 8 倍量的水，蒸馏提取丹皮酚，残渣与红花等五味煎煮 2 小时；合并上述滤液，静置 24 小时，取上清液，浓缩成膏，与原粉混合均匀，烘干，粉碎，过 80 目筛，用乙醇稀释丹皮酚，与药粉混合均匀，制粒，压制成 1000 片，包糖衣，即得
骨增生镇痛膏,膏剂,温经通络，祛风除湿，消瘀止痛。用于各种骨增生性关节炎，亦可用于风湿性关节炎,红花 5g、骨碎补 5g、川芎 5g、猪牙皂 5g、当归尾 5g、生川乌 10g、细辛 10g、生草乌 10g、羌活 5g、白芥子 5g、独活 5g、生天南星 10g、栀子 5g、生半夏 10g、干姜 10g、桉油 210g（辅料）、姜黄 30g、樟脑 30g、雄黄 120g,以上十九味，除桉油外，干姜、雄黄、姜黄、樟脑分别粉碎成细粉，过筛，混匀；其余红花等十四味，用桉油浸泡，滤取药油，加入上述细粉，混匀，加入适量由橡胶、松香等制成的基质，制成涂料 1000g，进行涂膏，切段，盖衬，切成小块，即得
复方大青叶栓,栓剂,清瘟解毒，解表散风。用于小儿风热感冒及流感、流行性腮腺炎见以上证候者,大青叶 100g、金银花 200g、羌活 100g、大黄 100g、拳参 100g,以上五味，取羌活用水照水蒸气蒸馏法提取挥发油，药渣与其余大青叶等四味加水煎煮三次，每次 1 小时，合并煎液，静置沉淀，滤过，减压浓缩至适量，加乙醇使含醇量为 60%，静置 12 小时，滤过，滤液减压回收乙醇至适量，加乙醇使含醇量为 85%，冷冻，滤过，滤液减压回收乙醇并浓缩至稠膏状，测含量，取膏于乳钵中，加入司盘 80 适量，研磨，加入少量预先熔化的脂肪酸基质，充分研磨乳化后，加基质至足量，边加边研磨，浇模前加入羌活挥发油，小号每粒加 0.01ml，大号每粒加 0.016ml，混匀，浇注模具中，冷却成型，即得
复方大青叶颗粒,颗粒剂,清热解毒，解表散风。用于风热感冒及流感、腮腺炎见上述证候者,大青叶 400g、金银花 200g、大黄 100g、拳参 100g、羌活 100g,以上五味，加水煎煮二次，每次 2 小时，合并煎液，滤过，滤液浓缩至适量，放冷，加 1.7 倍量的乙醇使沉淀，静置 24 小时，滤过，回收乙醇，浓缩至相对密度为 1.33（60℃）的清膏；取清膏 1 份，蔗糖粉 1.5 份、糖精 1.5 份及适量乙醇制成颗粒，干燥（60℃以下），即得
复方小儿退热栓,栓剂,解热镇痛，利咽解毒，祛痰定惊。用于小儿发热，上呼吸道感染，支气管炎，惊悸不安，咽喉肿痛及肺热痰多咳嗽等症,对乙酰氨基酚 150g（化学药）、人工牛黄 5g、南板蓝根浸膏粉 50g,以上三味，分次少量加入保温在 50℃左右的半合成脂肪酸甘油酯中，同时滴加 7g 聚山梨酯 80 和含 0.105g 羟苯乙酯的乙醇液 10g，边加边搅拌，加完后继续搅拌 30 分钟，灌入模具中，制成 1000 粒，冷却后脱模，包装，即得
复方瓜子金颗粒,颗粒剂,利咽清热，散结止痛，祛痰止咳。用于风热症的急性咽炎、痰热症的慢性咽炎急性发作及其他上呼吸道感染,瓜子金 90g、大青叶 210g、野菊花 120g、海金沙 150g、白花蛇舌草 150g、紫花地丁 120g,以上六味，加水煎煮二次，每次 1.5 小时，合并煎液，滤过，滤液减压浓缩至相对密度为 1.24~1.28（70℃）的清膏；取清膏 1 份，加蔗糖 3 份、糊精 1.25 份及乙醇适量制成颗粒，干燥，即得
复方西羚解毒丸,丸剂,解表清热。用于感冒发热，头痛咳嗽，咽喉肿痛,金银花 100g、连翘 100g、桔梗 100g、荆芥穗 100g、牛蒡子（炒）100g、甘草 100g、淡竹叶 100g、羚羊角 1g、薄荷 100g、淡豆豉 100g、冰片 5g、水牛角浓缩粉 2g,以上十二味，除冰片外，将羚羊角、水牛角浓缩粉粉碎成细粉，其余金银花等九味粉碎成细粉，过筛；再与羚羊角粉、水牛角浓缩粉、冰片配研，过筛，混匀，每 100g 粉末加炼蜜 130~160g 制成大蜜丸，即得
复方杏香兔耳风颗粒,颗粒剂,清热解毒，祛瘀生新。用于湿热下注所致慢性宫颈炎、子宫内膜炎、阴道炎、白带等症,杏香兔耳风 2500g、白术（漂）1000g,以上二味，加水煎煮二次，每次 2 小时，合并煎液，滤过，滤液浓缩至相对密度为 1.08（60℃）的清膏，放冷，加乙醇使含醇量为 70%，静置 24 小时，取上清液，沉淀用 70% 乙醇洗涤二次，洗液与上清液合并，回收乙醇并浓缩至相对密度为 1.38（60℃）的清膏；取清膏 1 份，加蔗糖 3 份、糊精 1 份及乙醇适量，制成颗粒，干燥，即得
复方苦参注射液,注射剂,清热利湿，凉血解毒，散结止痛。用于癌性疼痛及出血,苦参 1400g、白土苓 600g,以上二味，粉碎成粗粉，照流浸膏剂与浸膏剂项下的渗漉法（附录 ⅠO），用 1% 醋酸液作溶剂，浸渍 48 小时后渗漉，收集漉液，减压浓缩（75℃以下）至适量；药渣加水煎煮二次，每次 1 小时，合并滤液，浓缩至适量，与漉液合并，加乙醇使含醇量达 65%，静置，滤过，回收乙醇并减压浓缩，再加乙醇使含醇量为 90%，静置，滤过，回收并除尽乙醇，加注射用水至 900ml，加活性炭 4g，加热微沸 20 分钟，放冷，滤过，用 20% 氢氧化钠调 pH 值，加注射用水至 1000ml，滤过，灌封，灭菌，即得
复方黄连素片,片剂,清热燥湿，行气，止痛，止痢止泻。用于大肠湿热，赤白下利，里急后重或暴注下泻，肛门灼热,盐酸小檗碱 17g（化学药）、木香 114g、白芍 160g、吴茱萸 40g,以上四味，木香、吴茱萸粉碎成细粉，过筛；白芍粉碎成粗粉，照流浸膏剂与浸膏剂项下的渗漉法（附录 ⅠO），用 70% 乙醇作溶剂，浸渍 24 小时后渗漉，至漉液近无色，收集漉液，回收乙醇，浓缩成稠膏，加入上述细粉，混匀，干燥，粉碎，加入盐酸小檗碱及辅料适量，混匀，制成颗粒，干燥，压制成 1000 片，包糖衣，即得
复方滋补力膏,膏剂,益气，滋阴，补肾。用于气血不足、肾虚，体力衰弱，腰肢酸软，耳鸣眼花,党参 160g、熟地黄 40g、黄精 80g、枸杞子 40g、何首乌 40g,以上五味，加水煎煮二次，每次 2 小时，合并煎液，滤过，滤液浓缩成稠膏；另取蔗糖 600g 制成单糖浆，加苯甲酸钠 3g 搅拌溶解后，加入上述稠膏中，混匀，制成 1000ml，滤过，即得
保儿安颗粒,颗粒剂,健脾消滞，利湿止泻，清热除烦，驱虫治积。用于食滞及虫积所致的厌食消瘦，胸腹胀闷，泄泻腹痛，夜睡不宁，磨牙咬指等,山楂 400g、稻芽 400g、莱菔子 133g、孩儿草 66g、莲子心 88g、槟榔 133g、布渣叶 400g、葫芦茶 150g、使君子 150g,以上九味，加水煎煮二次，每次 2 小时，合并煎液，滤过，滤液浓缩至相对密度为 1.08~1.10（70℃），加入乙醇使含醇量达约 60%，静置，吸取上清液，回收乙醇，滤过，浓缩成稠膏，加入适量糖粉，制成颗粒，干燥，喷入食用香精，制成 1000g，即得
保心片,片剂,滋补肝肾，活血化瘀。用于肝肾不足、瘀血阻络引起的冠心病、心绞痛,三七 540g、丹参 360g、川芎 360g、山楂 292.5g、制何首乌 157.5g、何首乌 292.5g,以上六味，三七和制何首乌粉碎成细粉，过筛，混匀；何首乌粉碎成粗粉，照流浸膏剂与浸膏剂项下的渗漉法（附录 ⅠO），用 70% 乙醇作溶剂，浸渍 24 小时后渗漉，收集漉液；丹参用 70% 乙醇加热回流提取 2 次，每次 1.5 小时，合并提取液及上述漉液，回收乙醇备用；川芎蒸馏提取挥发油，药渣与山楂加水煎煮二次（第二次加丹参药渣），每次 2 小时，合并煎液，滤过，滤液浓缩至适量，静置，取上清液，与上述药液合并，浓缩成稠膏，加入三七等细粉，混匀，干燥，研细，加淀粉适量，制粒，干燥，喷加川芎挥发油，压制成 1000 片，即得
活血舒筋酊,酊剂,舒筋活络，祛寒散瘀。用于腰腿疼痛，手足麻木，风湿性关节炎,生川乌 30g、生草乌 30g、当归 60g、川芎 30g、红花 30g、乳香（制）30g、没药（制）30g、木瓜 30g、防风 30g、独活 30g、羌活 30g、秦艽 30g、香加皮 30g、续断 30g、桂枝 30g、甘草 30g,以上十六味，粉碎成粗粉；另取蔗糖 1125g，加乙醇至含醇量 60%，照流浸膏剂与浸膏剂项下的渗漉法（附录 ⅠO），用上述含蔗糖乙醇液作溶剂，浸渍 72 小时后渗漉，收集漉液 13500ml，静置，滤过，即得
穿龙骨刺片,片剂,补肾，健骨，活血，止痛。用于骨质增生，骨刺疼痛,穿山龙 270g、淫羊藿 324g、狗脊 432g、川牛膝 432g、熟地黄 270g、枸杞子 162g,以上六味，穿山龙粉碎，取 180g 细粉备用；剩余穿山龙粗粉照流浸膏剂与浸膏剂项下的渗漉法（附录 ⅠO），用 70% 乙醇作溶剂渗漉，收集漉液，回收乙醇并浓缩成清膏；其余淫羊藿等五味加水煎煮三次，合并煎液，滤过，滤液浓缩成清膏；合并两种清膏，浓缩成稠膏，与穿山龙细粉混匀，制粒，干燥，压制成 1000 片，即得
神州跌打丸,丸剂,消肿止痛，舒筋活络，止血生肌，活血驱风。用于挫伤筋骨，新旧瘀患，创伤出血，风湿疼痛,红茴香 200g、大血藤 50g、山嵛根 60g、蛇葡萄 50g、刘寄奴 30g、紫金牛 15g、络石藤 15g、制川乌 5g、制草乌 5g、地耳草 25g、一支黄花 5g、半边莲 25g、南藤 20g、牛尾菜 10g、藜芦 5g、山药 25g,以上十六味，粉碎成细粉，过筛，混匀。每 100g 粉末加炼蜜 160~170g 制成小蜜丸或大蜜丸，即得
莱阳梨止咳口服液,口服液,镇咳祛痰。用于伤风感冒引起的咳嗽多痰，急、慢性气管炎,莱阳梨清膏 260g、麻黄提取液 50ml、杏仁水 15ml、北沙参流浸膏 20ml、百合流浸膏 10ml、远志流浸膏 12.5ml、桔梗流浸膏 25ml、薄荷脑 0.0625g,以上八味，取蔗糖 250g，加水适量溶解，加苯甲酸钠适量及莱阳梨清膏，煮沸，趁热滤过，待降至室温，依次加入麻黄提取液、北沙参流浸膏、桔梗流浸膏、远志流浸膏、百合流浸膏、杏仁水、薄荷脑（用乙醇 5ml 溶解），搅匀，加水至 1000ml，滤过，即得
莱阳梨止咳颗粒,颗粒剂,镇咳祛痰。用于伤风感冒引起的咳嗽多痰，急、慢性气管炎,莱阳梨清膏 260g、麻黄提取液 50ml、杏仁水 15ml、北沙参流浸膏 20ml、百合流浸膏 10ml、远志流浸膏 12.5ml、桔梗流浸膏 25ml、薄荷脑 0.0625g,以上八味，将麻黄提取液、北沙参等流浸膏减压浓缩至相对密度 1.20（60~70℃）的稠膏；莱阳梨清膏浓缩至相对密度 1.38（60~70℃）的稠膏；蔗糖 350g 粉碎成细粉，与糊精混合，加入两种稠膏，制粒，干燥；薄荷脑溶于乙醇，加杏仁水喷入颗粒，混匀，密闭 2 小时，分装成 100 袋，即得
莱阳梨止咳糖浆,糖浆剂,镇咳祛痰。用于伤风感冒引起的咳嗽多痰，急、慢性气管炎,莱阳梨清膏 260g、麻黄提取液 50ml、杏仁水 15ml、北沙参流浸膏 20ml、百合流浸膏 10ml、远志流浸膏 12.5ml、桔梗流浸膏 25ml、薄荷脑 0.625g,以上八味，取蔗糖 450g，加水溶解，加苯甲酸钠及莱阳梨清膏煮沸，滤过，放冷，加入麻黄提取液等流浸膏、杏仁水、薄荷脑（乙醇溶解），搅匀，加水至 1000ml，滤过，即得
桂龙药酒,酒剂,祛风除湿，舒筋活络，温肾补血。用于风寒湿痹，筋骨疼痛，脾胃虚寒，肾亏腰酸及妇女气虚血亏等症,肉桂叶 300g、土茯苓 30g、红药 100g、过岗龙 100g、红杜仲 53g、五爪龙 60g、土生地 10g、三爪龙 60g、白芷 2g、老鸭嘴 13g、千斤拔 20g、砂仁 2g、黄精 5g、牛大力 80g、高山龙 375g、川芎 2g、大芦 45g、土甘草 69g、青藤 45g、五爪龙 60g、万箭藤 10g、首乌藤 150g、当归藤 165g、四方藤 55g、温姜 75g、狮子尾 30g、九牛力 30g、黑老虎根 165g（共 28 味，按文档标注补全）,以上二十八味，置容器内，加 50 度白酒 13750g，密闭浸泡 21 天以上，滤过，滤液另器保存；压榨药渣，榨出液滤过，与上述滤液合并，加蔗糖 1320g，搅拌溶解，密闭静置，滤过，即得
振源胶囊,胶囊剂,滋补强壮，安神益智，增强免疫功能，调节内分泌和植物神经功能紊乱，增强心肌收缩力，提高心脏功能，保肝和抗肿瘤。用于冠心病、更年期综合症、久病体虚、神经衰弱、隐性糖尿病，亦可用于慢性肝炎和肿瘤辅助治疗,人参果总皂甙（每粒含 25mg，1000 粒计总量 25g）,取人参果实提取的总皂甙，加淀粉适量，混匀，装入胶囊，制成 1000 粒，即得
特灵眼药,颗粒剂,明目消炎。用于目赤肿痛，暴发火眼，眼赤烂，轻砂眼，云翳,牛黄 68.5g、珍珠 68.5g、冰片 755.1g、麝香 28g、熊胆 68.5g、朱砂 222.7g、雄黄 68.5g、琥珀 136.9g、珊瑚 342.5g、海螺蛸 136.9g、红丹 342.5g、大青盐 22.3g、炉甘石 2738.3g,以上十三味，分别研成极细粉，将牛黄、麝香、熊胆细粉与其余珍珠等十味细粉配研，过筛，混匀，即得
健儿散,散剂,调理脾胃，促进食欲。用于厌食，消瘦，消化不良,山药 62g、川明参 31g、薏苡仁（炒）31g、麦芽（炒）15g、稻芽（炒）15g、鸡内金（炒）15g,以上六味，粉碎成细粉，过筛，混匀，即得
健骨注射液,注射剂,活血散瘀，强筋健骨，驱风止痛。用于脊椎骨质增生症，对风湿性关节痛亦有疗效,战骨（茎）2000g（提取制成 1000ml 注射液）,取战骨（茎）片 2000g，洗净，用 20% 乙醇浸泡 72 小时以上，取上清液，滤过，滤液浓缩至投料量的 8 倍，加乙醇使含醇量达 80%，搅拌，放置 12 小时，滤过，滤液用 20% 氢氧化钠调 pH7.0~7.5，放置 24 小时，滤过，回收乙醇，加注射用水及活性炭，放置过夜，滤过，加聚山梨酯 80 和苯甲醇各 10ml，调 pH7.0~7.5，加注射用水至 1000ml，滤过，灌封，灭菌，即得
脑力宝丸,丸剂,滋补肝肾，养心安神。用于肝肾不足、心神失养所致健忘失眠、烦躁梦多、潮热盗汗、神疲体倦，神经衰弱属上述证候者,远志 150g、地黄 100g、五味子 150g、地骨皮 200g、菟丝子 100g、茯苓 100g、石菖蒲 100g、川芎 100g、维生素 E5g（化学药）、维生素 B₁2g（化学药）,以上十味，石菖蒲提取挥发油；药渣与地骨皮加水煎煮二次，每次 2 小时，合并煎液，滤过，滤液浓缩至相对密度 1.20~1.25（30℃），加乙醇使含醇量 40%，静置，滤过；地黄加水煎煮二次，浓缩至相对密度 1.25~1.30（30℃），加乙醇使含醇量 40%，静置，滤过；远志、菟丝子、50g 茯苓用 60% 乙醇渗漉，川芎用 70% 乙醇渗漉，五味子用 50% 乙醇渗漉，收集渗漉液；剩余茯苓粉碎成细粉；合并滤液和渗漉液，回收乙醇，浓缩至相对密度 1.30~1.35（30℃），加入茯苓细粉、维生素 E、维生素 B₁、石菖蒲挥发油及辅料，混匀，制成 1000 丸，包糖衣，即得
益身灵丸,丸剂,补气养血，益精安神。用于气虚血亏所致的头晕目眩、健忘失眠、遗精阳痿等症,党参 100g、鹿茸（去毛）2g、补骨脂（盐炒）80g、枸杞子 40g、菟丝子（盐炒）80g、当归 60g、熟地黄 80g、麦冬 60g、五味子（酒制）80g、远志（制）60g、酸枣仁（炒）60g、柏子仁 40g、白术（土炒）60g、山药（麸炒）80g、陈皮 40g、独活 40g、甘草（炙）20g,以上十七味，粉碎成细粉，过筛，混匀，用水泛丸，或包薄膜衣，即得
益脾消食片,片剂,补气健脾，开胃消食。用于脾虚湿困所致的食少便溏、或吐或泻、脘腹胀满、四肢乏力、面色萎黄等症,人参 39g、白术（麸炒）52g、茯苓 39g、白扁豆 78g、山药 78g、莲子 78g、薏苡仁（炒）52g、木香 39g、砂仁 52g、陈皮 52g、青皮（醋炙）52g、六神曲（麸炒）52g、麦芽（炒）52g、山楂（炒）52g、芡实（麸炒）52g、当归 52g、枳壳（麸炒）26g、甘草 26g,以上十八味，人参、六神曲、砂仁、麦芽粉碎成细粉；木香、陈皮提取挥发油，药渣水煎一次；茯苓、白扁豆、芡实、山楂、甘草、莲子、山药、薏苡仁加水煎煮二次，第一次 3 小时，第二次加大枣、六神曲，煎煮 1.5 小时，合并煎液；青皮、当归、白术、枳壳用 60% 乙醇渗漉，回收乙醇；合并各药液，减压浓缩成稠膏，加入上述细粉及辅料，制粒，干燥，喷加挥发油，压制成 1000 片，包糖衣，即得
流感茶,茶剂,祛暑清热，解表化湿。用于暑热感冒，发热恶寒，头痛体倦，食欲不振，胸闷呕恶，舌苔白腻,广藿香 500g、苍术 150g、厚朴 250g、青蒿 200g、羌活 150g、防风 125g、芦根 500g、薄荷 250g、淡竹叶 200g、滑石 200g,以上十味，粉碎成粗粉，过筛，混匀，加入适量淀粉糊，混匀，压制成 100 块，干燥；或取广藿香、香薷、羌活粉碎成粗粉，苍术、厚朴蒸馏提取挥发油，药渣与其余芦根等五味加水煎煮二次，滤过，合并滤液，浓缩成稠膏，加入上述粗粉，混匀，干燥，喷入挥发油，混匀，制成 500g，即得
调经益母片,片剂,调经活血，祛瘀生新。用于月经不调，经期腹痛，产后瘀血不清，子宫收缩不良,益母草 1500g、冰糖草 525g、丹参 375g,以上三味，加水煎煮二次，每次 2 小时，合并煎液，滤过，滤液浓缩成稠膏，干燥，粉碎，过筛，加适量辅料，混匀，制成颗粒，干燥，压制成 1000 片，包糖衣，即得
通络活血丸,丸剂,豁痰搜风，通络活血。用于风痰阻络，半身不遂，口眼㖞斜，脑血管意外后遗症属上述证候者,人工牛黄 3.5g、香附（四制）1710g、赤芍 2206g、川芎（酒蒸）3750g、冰片 35g、穿山甲（炙）2460g、龟甲（炙）2206g、羌活 3750g、血竭 129g、大黄（姜汁制）2460g、松香 734g、三蛇 3210g、威灵仙（酒制）4826g、肉桂 3750g、安息香 6445g、全蝎（姜葱汁制）3100g、没药（炒）1120g、红花 1140g、麻黄（开水泡）3172g、拳参 3750g、琥珀（水飞）3224g、细辛 1180g、甘草（炙）4826g、狗脊（炙）2206g、当归 3750g、黄芪 1332g、人参 2500g、白附子（姜醋制）1180g、乌药 1710g、白芷 3750g、胆南星 1180g、木香 853g、大黄（炒）4332g、两头尖 3750g、茯苓 4826g、黄连 3750g、熟地黄（酒蒸）1826g、水牛角 1379g（共 43 味）,以上四十三味，人工牛黄、冰片、血竭、松香、琥珀粉碎成极细粉；水牛角、龟甲加水煎煮 2 小时后，加入地龙、茯苓、熟地黄、赤芍、丹参、威灵仙、麻黄、甘草，再加水煎煮二次，合并煎液，滤过，滤液浓缩成稠膏；其余香附等二十八味粉碎成细粉，加入稠膏，混匀，干燥，研细，过筛，混匀，以适量水泛丸；牛黄等五味细粉在泛丸时加入，60℃以下干燥，以四氧化三铁包衣，打光，即得
勒马回注射液,注射剂,清热解毒，止咳化痰，利尿。用于痈肿疮毒，肺痈，咳嗽气喘，久咳不止，热淋涩痛，小便不利,水蔓菁（勒马回）500g（提取制成 1000ml 注射液）,取水蔓菁（勒马回）500g，加水煎煮三次，第一次 2 小时，第二次 1 小时，第三次 0.5 小时，合并煎液，滤过，滤液浓缩至每 1ml 含原药材 1g，放冷，加乙醇沉淀二次，第一次含醇量 60%，第二次 80%，各静置 24 小时，弃去沉淀，滤过，滤液回收乙醇，用氢氧化钠饱和水溶液调 pH6.0，冷藏，滤过，滤液加热至无醇味，加苯甲醇 15ml，搅匀，加注射用水至 1000ml，滤过，灌封，灭菌，即得
虚汗停颗粒,颗粒剂,益气养阴，固表敛汗。用于气阴不足之自汗、盗汗及小儿盗汗,黄芪 500g、大枣 500g、浮小麦 750g、糯稻根 750g、牡蛎（煅）1500g,以上五味，除牡蛎外，其余黄芪等四味加水煎煮三次，每次 2 小时，滤过；牡蛎加水煎煮一次，3 小时，滤过；合并滤液，浓缩至相对密度 1.21~1.22（75℃），加乙醇使含醇量 60%，放置沉淀，滤过，滤液回收乙醇，浓缩成稠膏，加白糖粉适量，制成颗粒，干燥，制成 1500g，即得
野木瓜片,片剂,祛风止痛，舒筋活络。用于风邪阻络型三叉神经痛、坐骨神经痛、风湿关节痛,野木瓜（提取干浸膏，每片含 0.4g，1000 片计干浸膏 400g）,取野木瓜，切碎，加水煎煮二次，每次 2 小时，合并煎液，滤过，滤液浓缩成稠膏状，干燥成干浸膏，加淀粉适量，制成颗粒，压片，包糖衣，即得
野木瓜颗粒,颗粒剂,祛风止痛，舒筋活络。用于风邪阻络型三叉神经痛、坐骨神经痛、神经性头痛、风湿关节痛,野木瓜 2000g（提取制成 1000g 颗粒）,取野木瓜 2000g，加水煎煮二次，每次 2 小时，滤过，合并滤液，浓缩成稠膏，加蔗糖粉适量，混匀，制成颗粒，干燥，制成 1000g，即得
野牡丹颗粒,颗粒剂,止咳，祛痰，平喘。用于慢性气管炎急性发作期和迁延期,野牡丹（提取干浸膏，每袋含 1.5g，1000 袋计干浸膏 1500g）,取野牡丹，切片，加水煎煮二次，每次 2 小时，合并煎液，滤过，滤液浓缩至相当于生药量 4 倍时，用 10% 氢氧化钙溶液上清液调 pH6.5，静置 2 小时，滤过，滤液浓缩至稠膏状，按干浸膏与蔗糖粉 1.5:8.5 比例，制成颗粒，60℃干燥，即得
蛇胆姜粒,茶剂,温肺止咳，降逆止呕。用于肺寒咳嗽，吐痰清稀，胃寒作呕，脘腹冷痛,蛇胆汁 100g、干姜粒 600g,以上二味，取蛇胆汁加白酒 200g 混匀，倒入干姜粒，混匀，待吸收后，用密封容器蒸 2 小时，干燥，即得
银花糖浆,糖浆剂,清热解毒。用于发热口渴，咽喉肿痛，热疖疮疡，小儿热毒,金银花 75g、忍冬藤 175g,以上二味，金银花用蒸馏法蒸馏，收集蒸馏液 100ml，加防腐剂备用；药渣与忍冬藤加水在 80℃浸泡二次，每次 1 小时，滤过，合并滤液，浓缩至约 250ml，静置，倾取上清液，滤过；另取蔗糖 650g，加水煮沸，滤过，与上述滤液合并，浓缩至约 900ml，加防腐剂，放冷，加入蒸馏液，混匀，加水至 1000ml，即得
银翘解毒丸（浓缩丸）,丸剂,辛凉解表，清热解毒。用于风热感冒，发热头痛，咳嗽口干，咽喉疼痛,金银花 778g、连翘 778g、桔梗 467g、荆芥 311g、淡豆豉 389g、牛蒡子（炒）167g、薄荷 467g、淡竹叶 311g、甘草 389g,以上九味，桔梗和半量荆芥粉碎成细粉；金银花和剩余荆芥用 75% 乙醇渗漉，收集漉液，回收乙醇；薄荷用水蒸气蒸馏提取挥发油，水液及药渣与其余连翘等五味加水煎煮二次，合并煎液，滤过，浓缩至适量，与漉液合并，浓缩成相对密度 1.25~1.30（85℃）的稠膏，加入桔梗、荆芥细粉，混匀，烘干，粉碎，加薄荷挥发油，水泛丸，制成 1000g，以甘草炭包衣，即得
银翘解毒合剂,口服液,辛凉解表，清热解毒。用于风热感冒，发热头痛，咳嗽口干，咽喉疼痛,金银花 180g、连翘 180g、桔梗 108g、荆芥 72g、淡豆豉 90g、牛蒡子（炒）108g、薄荷 108g、淡竹叶 72g、甘草 90g,以上九味，淡豆豉加水煮沸后，80℃温浸二次，每次 2 小时，合并浸液，滤过；薄荷、荆芥蒸馏提取挥发油，蒸馏后的水溶液另器收集；药渣与其余金银花等六味加水煎煮二次，每次 2 小时，合并煎液，滤过，与上述各药液合并，浓缩至约 1000ml，加防腐剂，放冷，加挥发油，加水至 1000ml，搅匀，即得
麻黄止嗽丸,丸剂,解表散寒，宣肺化痰，止咳平喘。用于感冒风寒，无汗鼻塞，咳嗽痰喘,麻黄 100g、橘红 60g、桔梗 140g、川贝母 30g、五味子（醋蒸）30g、茯苓 20g、细辛 20g,以上七味，粉碎成细粉，过筛，混匀，冷开水泛为小丸，60℃以下干燥，以 0.5% 桃胶作粘合剂，每 160g 干丸用青衣粉 20g 包衣，打光，即得
康肤酊,酊剂,润肤止痒，杀虫去臭。用于各种皮肤瘙痒、湿疹、神经性皮炎等皮肤瘙痒症,百部 200g、辣蓼 50g、薄荷脑 1g,以上三味，百部、辣蓼粉碎成粗粉，照流浸膏剂与浸膏剂项下的渗漉法（附录 ⅠO），用 75% 乙醇作溶剂，浸渍 24 小时后渗漉，收集初漉液 850ml，另器保存，续漉液回收乙醇并浓缩至稠膏状，与初漉液合并，调节含量为 50%，加乙醇使成 1000ml，加 1% 活性炭，静置 24 小时，滤过，加薄荷脑及植物香精 10~20g，溶解，灌装，即得
鹿骨雪莲酒,酒剂,温肾益精，强筋壮骨，养血活血，祛风渗湿。用于肾阳不足，筋骨挛痛，四肢麻木，腰膝酸软，小便余沥，月经不调，少腹冷痛,鹿骨 100g、雪莲 30g、红花 30g、当归 100g、川芎 100g、枸杞子 30g、秦艽 30g、独活 30g、桂枝 30g、防风 30g、补骨脂（盐炒）30g、制川乌 30g、制草乌 30g、陈皮 30g、半夏（制）30g、茯苓 30g、山药 30g、黄芪 30g、党参 30g、白术（炒）30g,以上二十味，鹿骨加白酒适量浸渍 14 天以上，滤过；其余各药粉碎成粗粉，与鹿骨浸渍液混匀，照渗漉法（附录 ⅠO），用白酒作溶剂，浸渍 7 天后渗漉，收集漉液，加蔗糖 1000g 制成糖浆，加入漉液，混匀，静置，取上清液，制成约 10000g，即得
羚黄宝儿丸,丸剂,清热熄风，除痰定惊，开窍醒神。用于小儿发热，惊哭夜啼，痰热咳嗽，泄泻，脾胃虚弱及消化不良等症,麝香 0.05g、人工牛黄 0.5g、甘草 1g、冰片 0.07g、猪胆膏 1.88g、黄连 0.15g、人参 0.2g、丁香 0.5g、羚羊角 1.05g,以上九味，除麝香、冰片、人工牛黄外，其余黄连等六味干燥，磨成细粉；麝香、冰片、人工牛黄研细，与上述粉末配研，过筛，混匀，用水泛丸，制成 1000 丸，铝箔包衣，即得
清热除湿止泻合剂,口服液,清热解毒，除湿止泻。用于湿热腹泻、痢疾、外感发热,夜香牛（提取制成合剂，投料量未明确，按 1000ml 计，干浸膏 50g）,取夜香牛，加水煎煮二次，第一次 2 小时，第二次 1.5 小时，合并煎液，滤过，滤液浓缩至适量，测定干浸膏量，取相当于干浸膏 50g 的浓缩液，加甜味剂与防腐剂，加水至 1000ml，即得
清热凉茶,茶剂,清热解毒，祛湿消滞。用于感冒发热，口舌臭苦，大便秘结,鸭脚木 69g、淡竹叶 103g、榕树须 69g、水翁花 103g、布渣叶 69g、大头陈 103g、金盏银盘 69g、岗梅 34g、崩大碗 69g、狗肝菜 69g、地胆草 52g、积雪草 69g、金樱根 69g、木蝴蝶 17g、甘草 17g,以上十五味，分别切碎，混匀，即得
清喉散,散剂,清热解毒，消炎止痛。用于急慢性咽喉炎、扁桃体炎、口腔溃疡、冠周炎等,人工牛黄 3g、珍珠层粉 60g、冰片 75g、白矾 30g、薄荷脑 60g、麝香 0.1g、蟾酥 32g、甘草干膏粉 300g、桔梗干膏粉 100g、青黛 450g,以上十味，冰片、薄荷脑、麝香、蟾酥、人工牛黄、白矾分别研细，与其余青黛等四味及淀粉适量配研，过筛，混匀，制成 3000g，即得
清感丸,丸剂,祛风清热，解毒，止咳化痰，利咽喉。用于感冒引起的发热、头痛、咽痛、咳嗽痰多等呼吸道感染,狗肝菜 12500g、山芝麻 700g、大青叶 1250g、东风橘 700g、葛根 1250g、白及 250g、青蒿 350g、防风 125g,以上八味，狗肝菜、山芝麻、大青叶、东风橘、葛根加水煎煮二次，每次 1 小时，合并煎液，滤过，浓缩成稠膏；白及、青蒿、防风粉碎成粗粉，加入稠膏，搅匀，干燥，粉碎成细粉，每 100g 粉末加炼蜜 40~50g 与水泛丸，活性炭包衣，干燥打光，制成 1000g，即得
鸿茅药酒,酒剂,祛风除湿，补气通络，舒筋活血，健脾温肾。用于风寒湿痹，筋骨疼痛，脾胃虚寒，肾亏腰酸及妇女气虚血亏等症,制何首乌 15g、地黄 15g、白芷 15g、山药 15g、五倍子 1.5g、广藿香 15g、人参 30g、桑白皮 1.5g、海桐皮 15g、独活 15g、苍术（炒）15g、川芎 15g、菟丝子（盐炒）15g、香附（炒）15g、草果 15g、栀子（炒）15g、附子（制）15g、厚朴 30g、陈皮 15g、五味子 15g、牛膝 15g、枳实（炒）15g、高良姜 15g、山柰 15g、款冬花 30g、小茴香（盐炒）240g、肉桂 120g、熟地黄 15g、儿茶 30g、代代花（炒）45g、槟榔 30g、甘草 30g、当归 90g、红花 60g、莪术 15g、木瓜 15g、麦冬（去心）15g、连翘（去心）15g、香附（妙）15g、肉苁蓉 15g、淫羊藿 15g、大青盐 15g、远志 15g、檀香 15g、砂仁 60g、红豆蔻 60g、沉香 30g、豹骨 30g、韭菜子 60g、红曲 900g,以上六十七味，除红曲外，麝香研细，豹骨加水煎煮 10 小时至胶尽，煎液浓缩成稠膏；砂仁、肉桂等粉碎成粗粉，其余制何首乌等五十八味粉碎成粗粉，与黄精、鸡睾丸加入浓缩液，混匀，干燥，粉碎成细粉，装胶囊，制成 2000 粒，即得
维血康糖浆,糖浆剂,补肾健脾，补血养阴。用于脾肾不足、精血亏虚所致面色萎黄、眩晕耳鸣、腰膝酸软、倦怠体瘦，营养性贫血、缺铁性贫血属上述证候者,党参 60g、熟地黄 80g、黑豆 80g、山药 120g、陈皮 120g、砂仁 10g、何首乌 69g、硫酸亚铁 10g（化学药）、山楂 60g,以上九味，除硫酸亚铁外，砂仁及半量陈皮提取挥发油，药渣与其余党参等六味加水煎煮二次，每次 2 小时，滤过，合并滤液，浓缩至适量，加乙醇使含醇量 60%，静置，吸取上清液，回收乙醇，放冷，滤过；硫酸亚铁用冷开水溶解；蔗糖 500g 制成单糖浆；合并芳香水、滤液、硫酸亚铁溶液及单糖浆，静置，滤过，加冷开水至 1000ml，即得
琥珀止痛膏,膏剂,活血化痰，消肿散结，通络止痛。用于痰瘀互结引起的肿瘤疼痛、神经性疼痛、风湿痹痛、跌打瘀痛等,山柰 140g、石菖蒲 70g、黄连 42g、马钱子 140g、斑蝥 2.8g、威灵仙 280g、天南星 105g、蟾酥 5.7g、琥珀油 20.6g（辅料）、广香罗勒油 9.8g（辅料）、薄荷油 22g（辅料）、八角茴香油 14.7g（辅料）、桂皮油 7.4g（辅料）、冰片 14.7g、樟脑 14.7g,以上十五味，山柰、石菖蒲、黄连、马钱子、斑蝥、威灵仙粉碎，用乙醇浸渍；天南星粉碎用 65% 乙醇浸渍，合并浸渍液，滤过，回收乙醇，浓缩成稠膏；蟾酥用酒浸软化并研成糊状；其余琥珀油等七味混合，与稠膏及橡胶、立德粉、松香、白矿油制成的基质混匀，制成 1000g，涂布，切片，包装，即得
散结止痛膏,膏剂,软坚散结，消肿止痛。用于乳腺囊性增生、乳痛症、男性乳腺增生症,重楼 269g、白花蛇舌草 67g、生川乌 168g、生草乌 101g、冰片 50g,以上六味，冰片研细；其余重楼等五味加水煎煮二次，第一次 4 小时，第二次 2 小时，煎液浓缩成膏，加入冰片粉，混匀，制成 1000g，加医用丙烯酸酯胶粘剂乳液 580g，搅匀，涂膏，干燥，盖衬，切片，即得
跌打榜药酒,酒剂,消肿止痛。用于跌打损伤，瘀肿疼痛,三七 22g、鸡骨香 88g、木鳖子 44g、独角莲 22g、洋金花 44g、莪术 44g、甘草 44g、徐长卿 44g、大黄 44g、九里香 44g、小罗伞 44g、肉桂 44g、韩信草 44g、火炭母 44g、桃仁 44g、功劳木 44g、蛤爪草 44g、自然铜 44g、无名异 44g、泽兰 44g、华澄茄 44g、三棱 44g、南刘寄奴 44g、红花 44g、假药 44g、重楼 44g、朱砂根 44g、驳骨丹 44g、鹰不泊 44g、田基黄 44g、骨碎补 44g、赤芍 44g、当归 44g、膜叶槌果藤 44g、生姜 44g、高良姜 44g、土鳖虫 22g、薄荷 88g、栀子 44g、草乌 44g、芥子 44g、姜黄 44g、山柰 44g、油松节 44g、虎杖 44g、大茶药 44g、两面针 44g、乌药 44g、生天南星 44g、苏木 44g、鹅不食草 44g、樟脑 132g、黑老虎根 44g、麝香壳 11g,以上五十四味，除樟脑外，其余三七等五十三味粉碎成粗粉，照渗漉法（附录 ⅠO），用 75% 乙醇 12.5kg 作溶剂，浸渍 48 小时后渗漉，收集漉液，加樟脑溶解，静置，滤过，即得
喉疾灵片,片剂,清热，解毒，散肿止痛。用于腮腺炎、扁桃体炎、急性咽炎、慢性咽炎急性发作及一般喉痛,人工牛黄 56g、冰片 56g、连翘 771g、山豆根 924g、广东土牛膝 924g、猪牙皂 154g、诃子 771g、珍珠层粉 56g、南板蓝根 924g、天花粉 154g、了哥王 924g、甘草 154g,以上十二味，冰片研细，与人工牛黄、珍珠层粉混匀；诃子粉碎成细粉；其余连翘等八味加水煎煮二次，滤过，合并滤液，浓缩成膏，放冷，加 2 倍量乙醇，静置过夜，吸取上清液，药渣用 75% 乙醇洗涤，洗液与上清液合并，回收乙醇，浓缩成稠膏，加入诃子细粉，混匀，干燥，过筛，加入冰片等三味细粉，混匀，压制成 1000 片，包糖衣，即得
喉痛片,片剂,解毒消炎，凉喉生津。用于咽喉、口腔、鼻腔红痛,乌梅 500g、鹅不食草 125g、甘草 125g、儿茶 150g、山豆根 125g、玄参 125g、薄荷脑 2.5g,以上七味，除乌梅、薄荷脑外，其余鹅不食草等五味加水煎煮二次，滤过，合并滤液，浓缩成稠膏；乌梅粉碎成细粉，与稠膏及辅料混匀，制成颗粒，干燥，加入薄荷脑，混匀，压制成 1000 片，即得
舒心降脂片,片剂,活血化瘀，通阳降浊，行气止痛。用于气血痰浊痹阻，胸痹心痛，心悸失眠，脘痞乏力，冠心病、高脂血症见上述表现者,紫丹参 183g、荞麦花粉 31.4g、山楂 171.4g、虎杖 31.3g、葛根 34.3g、红花 34.3g、薤白 31.3g、桃仁 11.4g、鸡血藤 34.3g、降香 17g、赤芍 34.3g,以上十一味，取荞麦花粉粉碎成细粉；红花用 60℃热水温浸二次，每次 2 小时，合并浸出液，滤过；降香提取挥发油，蒸馏后的水溶液另器保存；药渣与其余鸡血藤等八味加水煎煮二次，每次 2 小时，合并煎液，滤过；合并各滤液，浓缩成稠膏，加淀粉适量，干燥粉碎，加荞麦花粉及辅料，制粒，干燥，加挥发油，压制成 1000 片，包糖衣，即得
舒腹贴膏,膏剂,温中散寒，行气止痛。用于胃脘痛，腹痛腹胀，恶心、呕吐，食欲不振，肠鸣腹泻，小儿泄泻,姜膏 150g（姜粉与凡士林 1:1 混合）、樟脑 240g、薄荷脑 30g,以上三味，姜膏系取姜粉、医用凡士林按 1:1 比例混合压炼而成；按处方量称取各药，另加 4.5~4.7 倍重的橡胶、松香等制成的基质，制成涂膏，切成小片，即得
童康片,片剂,补肺固表，健脾益胃，提高机体免疫功能。用于体虚多汗、易患感冒、倦怠乏力、食欲不振,黄芪 111g、白术 74g、防风 37g、山药 111g、牡蛎 111g、陈皮 37g,以上六味，取山药、陈皮分别粉碎成细粉；黄芪、牡蛎加水煎煮二次，第一次 2 小时，第二次 1.5 小时，合并煎液，滤过；白术、防风提取挥发油，药渣加水煎煮 1.5 小时，滤过，滤液与牡蛎及黄芪的滤液合并，浓缩成稠膏；加入陈皮细粉及 2/3 量的山药细粉，混匀，干燥，粉碎成细粉，加辅料制粒，干燥，喷入挥发油，压制成 1000 片，以剩余山药细粉及糖粉制浆包衣，即得
普乐安片,片剂,补肾固本。用于肾气不固，腰膝酸软，尿后余沥或失禁，及慢性前列腺炎、前列腺增生具有上述证候者,油菜花花粉 180g（制成 360 片）,取花粉 180g，粉碎成细粉，过筛，加入适量糊精，混匀，制成颗粒，干燥，压制成 360 片，包薄膜衣，即得
普乐安胶囊,胶囊剂,补肾固本。用于肾气不固，腰膝酸软，尿后余沥或失禁，及慢性前列腺炎、前列腺增生具有上述证候者,油菜花花粉 350g（制成 1000 粒）,取花粉 350g，粉碎成细粉，过筛，加入适量糊精，用 10% 糖浆制粒，干燥，整粒，装胶囊，制成 1000 粒，即得
温中镇痛丸,丸剂,行气解郁，散寒止痛。用于气滞胃寒，胸胃刺痛，腹胀疼痛,丁香 60g、乳香（制）60g、木香 80g、没药（炒）60g、小茴香 60g、冰片 16g、沉香 80g、香附（制）160g、广藿香 80g、降香 80g、莪术 80g、麝香 4g,以上十二味，除麝香、冰片、乳香、没药外，其余丁香等八味粉碎成细粉；麝香等四味分别研细，与上述细粉配研，过筛，混匀；每 100g 粉末加炼蜜 105~115g 制成小蜜丸或大蜜丸，即得
强力健身胶囊,胶囊剂,益肾，养血，熄风。用于肝肾亏损，阴血不足，头晕目眩、面色萎黄，健忘失眠，肾虚腰痛,鸡血藤 277g、黄精 55g、金樱子（盐水制）55g、牛大力 219g、女贞子（盐水制）55g、鸡睾丸 400g、菟丝子（盐水制）55g、甘草 166g、远志（甘草制）111g、独脚球 166g、肉苁蓉（盐水制）55g、黑老虎根 138g、熟地黄 138g、淫羊藿 111g、金蛾（炒）11g,以上十五味，黄精、鸡睾丸捣碎；黑老虎根、鸡血藤、牛大力、独脚球、金樱子加水煎煮二次，合并煎液，滤过，滤液浓缩至适量；其余女贞子等八味粉碎成粗粉，与黄精、鸡睾丸加入浓缩液，混匀，干燥，粉碎成细粉，装胶囊，制成 2000 粒，即得
强龙益肾胶囊,胶囊剂,补肾壮阳，安神定志。用于肾阳不足，阳痿早泄，腰腿酸痛，记忆衰退,牡蛎 1500g、龙骨 1500g、花椒目 150g、丁香 50g、黄芪 500g、阳起石 500g、鹿茸 25g、防风 250g、海螵蛸 1500g,以上九味，鹿茸、花椒目、丁香粉碎成细粉；其余牡蛎等六味加水煎煮二次，第一次 3 小时，第二次 2 小时，合并煎液，滤过，滤液浓缩成稠膏，与上述细粉混合，干燥，粉碎，过筛，混匀，分装，制成 1000 粒，即得
媚灵丸（甲丸 + 乙丸）,丸剂,补肾益肾，壮阳固精，温脾助胃，强筋壮骨。用于阳痿不举，性机能减退，白浊遗精，腰膝酸痛，精神不振，失眠等,甲丸：蚕蛾渣 280g、海龙 20g、蛇床子 30g、菟丝子 50g；乙丸：蚕蛾油 75g,甲丸：以上四味，蚕蛾渣粉碎成粗粉，海龙粉碎成细粉，蛇床子加水煎煮二次，每次 1.5 小时，合并煎液，加入菟丝子混匀，蒸后烘干，粉碎成细粉，与海龙粉混匀，泛丸，陈皮炭包衣，制成 3000 丸；乙丸：蚕蛾油离心滤过，加 0.02% 羟基茴香醚，制成 750 粒滴丸
瑞花油,搽剂,驱风止痛，止痒。用于感冒头痛，舟车眩晕,薄荷脑 320g、水杨酸甲酯 230g、八角茴香油 10g、樟脑 70g、桉油 70g,以上五味，薄荷脑与樟脑混合液化，加入水杨酸甲酯、八角茴香油、桉油，使完全溶解，加香精、叶绿素铜，混匀，静置，滤过，制成 1000g，即得
感冒伤风咳茶,茶剂,祛风，解表，止咳。用于伤风咳嗽，发热头痛，流涕鼻塞，喷嚏喉痒,枇杷叶 100g、紫苏叶 100g、苦杏仁 100g、麻黄 100g、甘草 100g、陈皮 100g、茯苓 100g、前胡 100g、桔梗 100g、半夏（制）100g、桑白皮 100g、浙贝母 100g,以上十二味，粉碎成粗粉，混匀，即得
感冒安片,片剂,解热镇痛。用于感冒引起的头痛发热、鼻塞、咳嗽、咽喉痛,倒扣草 250g、水杨梅 350g、地胆草 350g、佛手 350g、千里光 150g、野菊花 250g、对乙酰氨基酚 65g（化学药）、马来酸氯苯那敏 1g（化学药）、咖啡因 1g（化学药）,以上九味，倒扣草、水杨梅等六味加水煎煮二次，每次 2 小时，合并煎液，滤过，滤液浓缩成稠膏，干燥，研粉；其余对乙酰氨基酚等三味研细，与上述细粉混匀，制粒，压制成 1000 片，包糖衣，即得
腰疼丸,丸剂,行气活血，散瘀止痛。用于闪跌扭伤与急性劳损等腰痛,补骨脂（盐炒）150g、南藤（山药）150g、续断 50g、吉祥草 75g、牛膝（酒炒）38g、山药 38g,以上六味，粉碎成细粉，过筛，混匀；每 100g 粉末加炼蜜 140~150g 制成大蜜丸，即得
解毒降脂片,片剂,清热解毒，利湿，并有升高白血球和降血脂作用。用于急慢性肝炎、慢性支气管炎、风湿性关节炎；可用于高脂血症、化疗放疗引起的白血球降低,"虎杖（提取浸膏，每片含蒽醌以 1,8 - 二羟基蒽醌计不少于 13mg，1000 片计不少于 13g）",取虎杖切片，用 1% 氢氧化钠溶液浸渍 24 小时，滤过，滤液调 pH2~3，静置过夜，滤取沉淀物；药渣再用 1% 氢氧化钠溶液与水浸渍，同法处理，合并沉淀物，加水加热溶解，冷却滤过，沉淀物水洗至中性，70℃以下干燥，加辅料制粒，压片，包糖衣，即得
新雪片,片剂,消炎解热。用于各种热性病之发热，如扁桃体炎、上呼吸道炎、咽炎、气管炎、感冒所引起的高热，及温热病之烦热不解,磁石 86g、石膏 43g、滑石 43g、寒水石 43g、硝石 86g、芒硝 86g、栀子 22g、竹叶卷心 220g、广升麻 43g、穿心莲 220g、珍珠层粉 9g、沉香 13g、冰片 2.3g、人工牛黄 9g,以上十四味，人工牛黄、冰片研细；磁石等四味加水煎煮二次，滤过，滤液加穿心莲等五味煎煮二次，滤过，合并滤液，加芒硝、硝石浓缩成稠膏；广升麻、沉香药渣干燥粉碎，与珍珠层粉、穿心莲粉末及稠膏混匀，制粒，干燥，加人工牛黄、冰片细粉，压制成 1000 片（小片）或 500 片（大片），包薄膜衣，即得
竭红跌打酊,酊剂,散瘀消肿，活络止痛。用于跌伤、筋骨扭伤，积瘀肿痛,红花 20g、儿茶 20g、当归尾 20g、乳香 20g、没药 20g、苏木 20g、安息香 20g、血竭 20g、麝香壳 20g、冰片 10g,以上十味，红花、苏木、当归尾粉碎成粗粉，用 70% 乙醇渗漉，收集漉液；其余安息香等七味粉碎成粗粉，用上述漉液及 70% 乙醇浸渍 30 天，滤过，即得
慢支紫红丸,丸剂,健脾祛湿，顺气化痰，消炎镇咳。用于咳嗽痰多，气促，慢性支气管炎，肺气肿,矮地茶 32g、五指毛桃 210g、山药 105g、红背叶根 210g、猪胆浸膏 1g,以上五味，除猪胆浸膏外，取山药 19.2g 粉碎成细粉，剩余山药与其余三味加水煎煮二次，滤过，合并滤液，浓缩至相对密度 1.12（80℃），加乙醇使含醇量 60%，静置，滤过，回收乙醇，浓缩成稠膏，加入部分山药细粉，混匀，干燥，粉碎；猪胆浸膏与剩余山药细粉混匀，干燥粉碎，与浸膏粉混合，水泛丸，金礞石包衣，打光，即得
慢肾宝合剂,口服液,益气滋肾，利水通络。用于气阴两虚，面肢浮肿、腰膝酸痛、倦怠乏力，慢性肾小球肾炎属上述证候者,地骨皮 60g、全蝎 10g、太子参 60g、龟甲 60g、泽泻 60g,以上五味，龟甲、泽泻打碎，与其余三味混合，用 50% 乙醇回流提取二次，每次 2 小时，滤过，合并滤液，回收乙醇，浓缩至与生药量 1:1，放至 50℃，加入炼蜜 580ml 及防腐剂，搅匀，滤过，制成 1000ml，即得
熊胆痔灵栓,栓剂,清热解毒，消肿止痛，敛疮生肌，止痒，止血。用于内外痔，痔漏，肠风下血，肛窦及内痔手术止血等,熊胆 1g、蛋黄油 20g、炉甘石（煅）200g、胆糖膏 200g、冰片 50g、珍珠母 100g,以上六味，炉甘石、珍珠母、冰片粉碎成细粉；熊胆粉加入胆糖膏；半合成脂肪酸酯熔融后，加入上述细粉、蛋黄油、胆糖膏，搅拌均匀，注入栓模，冷却成型，即得
蕲蛇追风酒,酒剂,祛风除湿，通经活血。用于风寒湿痹，瘫痪，手足麻木，腰膝酸软,蕲蛇（酥炙）37.3g、制川乌 156g、杜仲 156g、当归 313g、枸杞子 94g、五加皮（制）156g、川牛膝（制）63g、续断 94g、桂枝 313g、秦艽 94g、威灵仙 94g、党参 156g、草乌（制）125g、松节 94g、狗脊 125g、地枫皮 125g、豹骨（酥炙）156g、细辛 78g、仙茅 63g、羌活 94g、穿山甲（炒烫）63g、黄芪 156g、鳖甲（醋炙）156g、独活 156g、附片（制）63g、五加皮 125g、川芎（制）63g、秦艽 94g、甘草（炙）94g、木瓜 94g、称钧风 78g、苍术 125g、川牛膝 94g、熟地黄 156g,以上三十六味，豹骨粉碎成粗粉，用白酒浸渍 7 天；其余杜仲等三十五味粉碎成粗粉，与豹骨浸渍液混匀，用白酒 50000g 作溶剂，浸渍 3 天后渗漉，收集漉液；蔗糖 9375g 制成糖浆，加入漉液，混匀，静置，滤过，制成约 55000g，即得
橘红痰咳颗粒,颗粒剂,理气祛痰，润肺止咳。用于感冒、支气管炎、咽喉炎引起的痰多咳嗽，气喘,化橘红 300g、百部（蜜炙）30g、苦杏仁 100g、茯苓 30g、水半夏（制）30g、五味子 20g、白前 50g、甘草 10g,以上八味，化橘红、苦杏仁水蒸气蒸馏，收集馏出液；药渣与其余六味加水煎煮二次，滤过，合并滤液，浓缩成稠膏，加乙醇使含醇量 75~80%，静置，取上清液回收乙醇，浓缩至适量，加柠檬酸、蔗糖、糊精，喷加馏出液，制成颗粒，低温干燥，制成 1000g，即得
麝香拔湿膏,膏剂,消炎，祛湿，镇痛。用于风湿痛，神经痛，肩痛，扭伤，关节痛，肌肉酸痛，牙痛等,麝香 0.1g、樟脑 30g、冰片 30g、肉桂油 6g、薄荷脑 60g、水杨酸甲酯 30g、颠茄流浸膏 10g、盐酸苯海拉明 10g（化学药）、桉油 20g,以上九味，混匀，与 3~4 倍重的橡胶、松香等制成的基质，制成涂料，涂膏，切段，盖衬，切成小块，即得
藿香祛暑水,酊剂,祛暑化湿，解表和中。用于内蕴湿滞，受暑感寒引起的恶寒发热，头痛无汗，四肢酸懒，恶心呕吐，腹痛腹泻,广藿香 80g、紫苏叶 20g、白芷 20g、苍术 30g、丁香 15g、陈皮 10g、大腹皮 41g、法半夏 40g、茯苓 40g、生姜 20g、甘草 20g、厚朴 40g,以上十二味，丁香、陈皮提取挥发油，蒸馏后的水溶液浓缩至相对密度 1.15（50℃）；其余广藿香等十味用 80% 乙醇回流提取二次，第一次 3 小时，第二次 2 小时，滤过，初提液 430ml 另放，其余滤液回收乙醇，浓缩至相对密度 1.15（50℃），与上述清膏合并，静置，滤过，与初提液合并，调整乙醇量，制成 600ml，加挥发油，混匀，灌封，即得
藿胆鼻炎胶囊,胶囊剂,清风热，通鼻窍。用于慢性鼻炎，慢性副鼻窦炎及过敏性鼻炎,苍耳子提取物 76g、广藿香油 26.7ml（辅料）、精制猪胆干膏 65g,以上三味，广藿香油制成微囊，与苍耳子提取物、精制猪胆干膏及淀粉混合，分装成 1000 粒，即得
癫痫宁片,片剂,豁痰开窍，息风安神。用于风痰上扰所致癫痫，发作时突然昏倒、不省人事、四肢抽搐、喉中痰鸣、口吐涎沫，或用于癔病、失眠,马蹄香 500g、牵牛子 200g、石菖蒲 500g、甘松 200g、钩藤 200g、千金子 200g、薄荷脑 0.3g、缬草 200g,以上八味，缬草用 60% 乙醇渗漉，收集漉液；马蹄香 300g、石菖蒲、甘松提取挥发油，残渣与钩藤加水煎煮二次；牵牛子、千金子用 70% 乙醇渗漉，回收乙醇，与水煎液合并，浓缩成浸膏；马蹄香 200g 粉碎成细粉，与浸膏、缬草渗漉液制粒，干燥，加薄荷脑及挥发油，压制成 1000 片，包糖衣，即得
人参再造丸 (浓缩丸),丸剂,祛风化痰，活血通络。用于中风口眼歪斜，半身不遂，手足麻木，疼痛，拘挛，言语不清,人参(去芦)100g、蕲蛇(黄酒浸制)100g、广藿香100g、檀香50g、母丁香50g、玄参100g、细辛50g、香附(醋制)50g、地龙25g、熟地黄100g、三七25g、乳香(醋制)50g、青皮50g、豆蔻50g、防风100g、何首乌(制)100g、川芎100g、片姜黄12.5g、黄芪100g、粉甘草100g、黄连100g、茯苓50g、赤芍100g、大黄100g、桑寄生100g、葛根75g、麻黄100g、骨碎补(炒)50g、全蝎75g、豹骨(制)50g、僵蚕(炒)50g、制附子50g、琥珀25g、龟板(制)50g、萆薢100g、白术(麸炒)50g、沉香50g、天麻100g、肉桂100g、白芷100g、没药(醋制)50g、当归50g、草豆蔻100g、威灵仙75g、乌药50g、羌活100g、橘红200g、六神曲(麸炒)200g、朱砂(水飞)20g、血竭15g、麝香5g、冰片5g、牛黄5g、天竺黄50g、胆南星50g、水牛角浓缩粉30g,以上五十六味，将人参、麝香、三七、冰片、朱砂、沉香、乳香、没药、蕲蛇、天竺黄、全蝎、豹骨、牛黄、琥珀、僵蚕、血竭、龟板、水牛角浓缩粉、檀香制成细粉，取甘草制成甘草膏，将熟地黄水煎，煎液浓缩成稠膏，另取其余广藿香等 36 味，按流浸膏与浸膏剂项下的渗漉法（附录 I O），以 70% 乙醇为溶剂，进行渗漉，将渗漉液制成稠膏，取以上膏、粉，加辅料适量混匀，制丸，于 60℃以下烘干，打光，即得
人参补膏,膏剂,补益气血，健脾滋肾。用于脾肾虚弱，气血两亏，神疲乏力，头昏耳鸣,红参20g、枸杞子100g、熟地黄100g、制何首乌100g、白术(炒)150g、茯苓100g、当归60g、大枣20g,以上八味，红参加水煎煮二次，每次 1 小时，合并煎液，滤过，滤液浓缩至适量，备用；其余枸杞子等七味与红参药渣加水煎煮二次，每次 3 小时，合并煎液，滤过，滤液静置 12 小时，取上清液浓缩至适量，备用；取蔗糖 1000g，加枸橼酸 1g 及适量水，搅匀，煮沸 2 小时，得转化糖液，加入上述两种备用浓缩液及炼蜜 200g，搅匀，浓缩至规定的相对密度，即得
人参鹿茸丸,丸剂,滋肾生精，益气，补血。用于肾精不足，气血两亏，目暗耳聋，遗精盗汗，腰腿酸软，子宫寒冷,"人参50g、鹿茸(去毛,酥油制)80g、补骨脂(盐炒)80g、巴戟天(甘草水制)80g、当归80g、杜仲80g、牛膝80g、茯苓80g、菟丝子(盐炒)80g、黄芪(蜜炙)80g、龙眼肉80g、五味子(醋蒸)80g、黄柏80g、香附(醋制)80g、冬虫夏草20g",以上十五味，粉碎成细粉，过筛，混匀。每 100g 粉末加炼蜜 120~140g，制成大蜜丸，即得
九华膏,膏剂,消肿、止痛、生肌、收口。适用于发炎肿痛的外痔、内痔嵌顿，直肠炎、肛窦炎及内痔术后（压缩法、结扎法、痔法等）,滑石粉208.3g、硼砂31.2g、川贝母6.3g、银朱6.3g、龙骨41.6g、冰片6.3g,以上六味，川贝母、龙骨、银朱、硼砂粉碎成细粉，过筛，另取滑石粉加适量凡士林，搅匀，再加入银朱（先用液状石蜡适量调匀过 100 目筛）、川贝母、龙骨、硼砂搅拌，混合均匀，加入冰片（用凡士林适量调匀），继续搅拌均匀，制成 1000g，即得
三余神曲,茶剂,疏风解表，调胃理气。用于感受风寒，伤食吐泻，胸腹饱闷，舟车晕吐,茯苓50g、六神曲(炒)75g、白芍6g、前胡13g、甘草20g、桂枝6g、香附(制)18g、高良姜6g、厚朴(制)25g、防风16g、荆芥13g、丁香6g、柴胡9g、粉萆薢13g、苦杏仁13g、黄荆子19g、山奈13g、红豆蔻8g、黄芩19g、香薷13g、白术(炒)18g、川芎13g、羌活16g、白芷13g、小茴香16g、乌药13g、泽泻6g、半夏(制)14g、甘松13g、桔梗13g、肉桂子6g、木香25g、山药13g、槟榔31g、麦芽(炒)25g、青木香13g、山楂(炒)25g、吴茱萸(制)6g、麻黄6g、八角茴香11g、枳壳(炒)19g、细辛9g、陈皮31g、肉豆蔻(煨)3g、广藿香21g、鲜青蒿25g(或青蒿15g)、紫苏叶13g、生姜25g、秦艽13g、大腹皮13g、薄荷13g、鲜辣蓼25g(或辣蓼15g),以上五十二味，鲜辣蓼 (或辣蓼)、生姜、大腹皮、鲜青蒿 (或青蒿) 分次加水煎煮，滤过，合并滤液，浓缩至适量；其余茯苓等四十八味粉碎成粗粉，过筛，混匀。每 100g 粉末加麦粉 25g、红曲粉 6.2g，混匀，加入上述浓缩液，搅匀，制成软材，在撒有少量白曲粉的印模中压制成块，发酵，干燥，刷净；或粉碎成细粉，制成颗粒，干燥，即得
三鞭胶囊,胶囊剂,壮腰健肾，养血滋阴。用于阳痿遗精，腰肾酸痛，养血补血,牛鞭250g、羊鞭125g、狗鞭125g、蜈蚣90g、当归30g、白芍300g、天花粉300g、甘草300g,以上八味，取牛鞭、羊鞭、狗鞭、蜈蚣分别粉碎成最细粉，其余当归等四味加水煎煮二次，第一次 2 小时，第二次 1 小时，合并煎液，滤过，滤液浓缩成稠膏，与上述细粉混匀，干燥，研细，装胶囊，制成 320 粒，即得
大黄化瘀丸 (五香聚宝丸),丸剂,活血祛瘀，消积化滞，舒郁理气。用于症瘕积聚，饮食停滞，气积腹胀，血瘀经闭,大黄(四制)640g、红曲40g、三棱(醋炙)10g、莪术(醋炙)10g、五灵脂(醋炙)10g、槟榔(清炒)10g、木香10g、干姜(炒炭)5g、干漆(煅)10g、延胡索(醋炙)10g、六神曲(麸炒)5g、山楂20g、青皮(醋炙)10g、枳实(麸炒)5g、枳壳(麸炒)10g、赤芍10g、玄明粉40g,以上十七味，粉碎成细粉，过筛，混匀，用水泛丸，低温干燥，即得
小儿止嗽糖浆,糖浆剂,润肺清热，止嗽化痰。用于内热发烧，咳嗽黄痰，口干舌燥，腹满便秘，久嗽痰盛,玄参200g、麦冬200g、胆南星200g、杏仁水180ml、槟榔(焦)150g、桔梗150g、竹茹150g、桑白皮150g、天花粉150g、川贝母150g、瓜蒌子150g、甘草150g、紫苏子(炒)100g、知母100g、紫苏叶油0.32ml,以上十五味，玄参、麦冬、胆南星、槟榔、竹茹、桑白皮、天花粉、瓜蒌子、甘草水煮二次，浓缩至适量。桔梗、川贝母、紫苏子、知母用 60% 乙醇渗漉，漉液备用。将水煮浓缩液、乙醇渗漉液合并混匀，静置，吸取上清液，沉淀加 60% 乙醇混匀，静置，吸取上清液，余液滤除沉淀与上清液合并，回收乙醇至适量，加入用乙醇溶解的紫苏叶油、杏仁水、适量的单糖浆及苯甲酸钠（按应出液数的 0.3% 用水溶解），混匀，静置，滤过，调整总量至 14560ml，灌装，即得
小儿化痰丸,丸剂,散风化痰。用于小儿感冒风邪，咳嗽气急，身热痰壅,天竺黄110g、天花粉67g、川贝母89g、天南星(制)44g、僵蚕89g、天麻33g、薄荷33g、桔梗67g、半夏(制)67g、石菖蒲22g、陈皮67g、朱砂56g,以上十二味，朱砂水飞成最细粉，备用；其余天竺黄等十一味粉碎成细粉，过筛，混匀。每 100g 粉末用炼蜜 50g 与适量的水泛丸，用朱砂最细粉包衣，干燥，制成 1000 丸，即得
小儿百效片,片剂,清热散风，健胃消食。用于感冒伤风，发烧头痛，咽喉红肿，呕吐咳嗽，急热惊风，停食停乳，消化不良,羚羊角3g、水牛角浓缩粉10g、牛黄3g、冰片10g、薄荷脑0.15g、荆芥穗油0.15ml、桔梗30g、川贝母30g、天竺黄30g、天花粉40g、大黄40g、雄黄10g、朱砂10g、玄参40g、麦冬50g、钩藤50g、连翘40g、甘草30g、陈皮30g、麦芽(焦)27g、六神曲(焦)27g、山楂(焦)27g、柴胡20g、金银花40g、橘红30g、牛蒡子30g、僵蚕40g,以上二十七味，羚羊角、雄黄、朱砂分别粉碎成极细粉，牛黄、冰片分别粉碎成细粉，备用。陈皮提取挥发油后水煎煮一次，时间为 1 小时。薄荷脑、陈皮油、荆芥穗油用适量乙醇溶解，备用。桔梗、川贝母、天竹黄、天花粉、大黄分别粉碎成细粉，过筛，备用。玄参、麦冬、钩藤、连翘、甘草、麦芽、六神曲、山楂、柴胡、金银花水煎煮两次，第一次 3 小时，第二次 2 小时，合并以上水提取液，滤过，滤液浓缩成膏（相对密度 1.20~1.30，50~60℃）。橘红、牛蒡子用 60% 乙醇回流提取三次，僵蚕用 25% 乙醇回流提取三次，第一次 6 小时；第二次 4 小时，第三次为 2 小时。合并以上乙醇提取液，滤过，滤液回收乙醇浓缩成膏。将水、醇浓缩膏合并，加雄黄、朱砂、桔梗等细粉及辅料混匀，制成颗粒，干燥放冷，兑入羚羊角、水牛角浓缩粉、牛黄、冰片等细粉及薄荷脑等乙醇溶液，混匀，压制成 4040 片，即得
小儿泄泻停颗粒,颗粒剂,健脾化湿，消积止泻。用于婴幼儿腹泻,苍术353g、羌活235g、车前子176g、大黄59g、大黄(制)59g、甘草59g、制川乌59g,以上七味，加水煎煮二次，每次 2 小时，合并煎液，滤过，滤液浓缩成 1000ml，加 2 倍量 90% 以上的乙醇，静置使沉淀，取上清液减压浓缩至相对密度为 1.17~1.19（20℃）的清膏，加适量的蔗糖与辅料，制成颗粒，干燥，制成 1000g，即得
小儿惊风片,片剂,镇惊息风，解热化痰。用于小儿急热惊风，身热面赤，烦躁不宁，四肢抽搐，目窜口噤，痰涎壅盛，昏迷不醒,琥珀1000g、防风500g、僵蚕(麸炒)500g、天麻500g、川贝母1000g、胆南星500g、关白附(制)500g、天竺黄1000g、全蝎500g、朱砂1180g、冰片30g、麝香50g、甘草200g、钩藤3000g,以上十四味，除麝香、冰片外，琥珀、朱砂、天竺黄水飞或粉碎成极细粉；另将甘草、钩藤二味加水煎煮二次，第一次 1 小时 30 分，第二次 1 小时，合并煎液，滤过，滤液浓缩加入淀粉 40g，制成浆液。其余防风等七味分别粉碎成细粉，过筛。上述粉末与浆液拌匀，制成颗粒，干燥。再将麝香、冰片研细加入颗粒中，混匀，压制成 23925 片
小活络片,片剂,祛风活络，除湿止痛。用于风寒湿痹，肢体疼痛，麻木拘挛,制川乌180g、制草乌180g、胆南星180g、地龙180g、乳香(醋制)66g、没药(醋制)66g,以上六味，混匀，粉碎成细粉，过筛，加糊精 102g 制成颗粒，干燥，混匀，压制成 2270 片，包糖衣，即得
山绿茶降压片,片剂,清热解毒，平肝潜阳。用于眩晕耳鸣，头痛头胀，心烦易怒，少寐多梦及高血压、高血脂见有上述证候者,山绿茶（每片相当于原药材1.8g）,取山绿茶，粉碎成粗粉，过筛，取 90g 细粉备用，剩余的粗粉照流浸膏剂与浸膏剂项下的渗漉法（附录 I O），用 70% 乙醇为溶剂，浸渍 18 小时后进行渗漉，至漉液色淡为止，漉液减压回收乙醇并浓缩至稠膏状，加入上述细粉及适量的淀粉，混匀，制颗粒，干燥，压制成 1000 片，包糖衣，即得
山楂内消丸,丸剂,开胃化滞，破气消食。用于倒饱吞酸，胸满气胀，肚腹疼痛，痞块症瘕，大便燥结,香附(醋制)80g、陈皮80g、山楂60g、麦芽(炒)60g、五灵脂(醋制)60g、清半夏40g、青皮(醋制)40g、莱菔子(炒)40g、砂仁30g、莪术(醋制)20g、三棱(醋制)20g,以上十一味，粉碎成细粉，过筛，混匀，用水泛丸，干燥，即得
女金糖浆,糖浆剂,调经养血，理气止痛。用于月经不调，痛经，小腹胀痛、腰腿酸痛,当归140g、白芍70g、川芎70g、熟地黄70g、党参55g、白术(炒)70g、茯苓70g、甘草70g、肉桂70g、益母草200g、牡丹皮70g、没药(制)70g、延胡索(醋制)70g、藁本70g、白芷70g、黄芩70g、白薇70g、香附(醋制)150g、砂仁50g、陈皮140g、赤石脂(煅)70g、鹿角霜150g、阿胶70g,以上二十三味，熟地黄、益母草、白薇、甘草、茯苓加水煎煮两次，第一次 2 小时，第二次 1 小时；鹿角霜、赤石脂加水煎煮二次，第一次 3 小时，第二次 2 小时，合并水煎液，滤过，滤液浓缩至适量。没药用乙醇浸渍提取，收集醇提液 200ml；当归第一次用 95% 乙醇渗漉提取，收集初漉液 300ml，第二次用 60% 乙醇渗漉提取；砂仁第一次用 95% 乙醇渗漉提取，收集初漉液 1000ml，第二次用 60% 乙醇渗漉提取；延胡索、白芍、白芷、白术、川芎、牡丹皮、肉桂、藁本、陈皮用 60% 乙醇渗漉提取，收集醇提液 1000ml。合并以上醇提液，备用。香附、黄芩用 60% 乙醇渗漉提取，党参用 25% 乙醇渗漉提取。合并以上醇提取液，回收乙醇浓缩至适量。阿胶用水化开与水、醇浓缩液及醇提液合并混匀，调整含醇量。将杨梅红、萝香精溶于乙醇中，加入上述药液中，搅匀，静置三天，吸取上清液，余液滤除沉淀与上清液合并，加入单糖浆搅匀，静置七天，测定含醇量，制成 3810ml，灌装，即得
天水散,散剂,清热解渴。用于身热烦闷，口渴引饮,软滑石（飞）600g、甘草100g、寒水石100g,以上三味，分别粉碎成中粉，过筛，混匀，即得
天紫红女金胶囊,胶囊剂,补气养血，调经安胎。用于气血两亏，肾虚宫冷，月经不调，崩漏带下，腰膝冷痛，宫冷不孕,黄芪(炙)53g、党参53g、山药(酒炒)53g、甘草(炙)13g、熟地黄53g、当归80g、阿胶(炒珠)53g、白术53g、茯苓40g、杜仲(盐炙)40g、川芎40g、陈皮27g、香附(醋盐炙)80g、肉桂27g、三七(熟)27g、砂仁(盐炙)27g、桑寄生40g、益母草53g、小茴香(盐炙)13g、牛膝13g、木香13g、白芍(酒炒)53g、丁香7g、艾叶(醋炙)80g、益智仁(盐炙)27g、延胡索(醋炙)13g、肉苁蓉40g、续断(酒炙)40g、地榆(醋炙)53g、荆芥(醋炙)40g、酸枣仁(盐炙)53g、海螵蛸53g、麦冬27g、椿皮27g、黄芩(酒炙)53g、白薇13g,以上三十六味，山药、茯苓、肉桂、小茴香、丁香、三七、砂仁、木香、阿胶、部分香附粉碎成细粉，混匀备用。其余黄芪等二十六味与剩余香附加水煎煮二次，第一次 1.5 小时，第二次 1 小时，合并煎液，滤过，减压浓缩至相对密度 1.2，放冷，加入乙醇至含醇量为 65%，静置 10 小时以上，回收乙醇，浓缩至相对密度为 1.3~1.35 的稠膏，与上述药粉混匀，80℃以下干燥，粉碎，制粒，装入胶囊，制成 1000 粒，即得
云南红药胶囊 (云南七龙散胶囊),胶囊剂,止血镇痛，活血散瘀，祛风除湿。用于胃溃疡出血，支气管扩张咯血，功能性子宫出血，月经过多，眼底出血，眼结膜出血，鼻衄，痔疮出血，软组织挫伤，风湿性关节炎，风湿性腰腿痛等,三七100g、重楼250g、紫金龙50g、玉葡萄根100g、滑叶跌打95g、大麻药75g、金铁锁50g、石菖蒲30g、西南黄芩100g、制黄草乌150g,以上十味，粉碎成细粉，过筛，混匀，装入胶囊，即得
木瓜丸 (大蜜丸),丸剂,祛风散寒，活络止痛。用于风寒湿痹，四肢麻木，周身疼痛，腰膝无力，步履艰难,木瓜80g、当归80g、川芎80g、白芷80g、威灵仙80g、狗脊(制)40g、牛膝160g、鸡血藤40g、海风藤80g、人参40g、制川乌40g、制草乌40g,以上十二味，粉碎成细粉，混匀，过筛。每 100g 粉末加炼蜜 120~140g 制成大蜜丸，即得
五加片,片剂,益气健脾，补肾安神。用于脾肾阳虚，体虚乏力，食欲不振，腰膝酸痛，失眠多梦,五加根浸膏200g,取五加根浸膏 200g，加辅料适量，混匀，制成颗粒，压制成 1000 片，包糖衣，即得
五香伤膏,膏剂,祛风散寒，散瘀消肿。用于气血凝滞，肢节酸疼，腰酸麻木，跌打损伤,穿山甲15g、马钱子30g、血余炭30g、地黄30g、乳香(制)30g、没药(制)30g、丁香30g、山奈60g、辛夷60g、冰片60g、檀香30g、木香30g、赤芍30g、血竭15g、大黄30g、当归30g、肉桂60g、白芷30g、红花30g、桃仁30g、续断30g、川芎30g、玄参30g、怀牛膝30g、生川乌30g、羌活30g、苦杏仁30g,以上二十七味，山柰、肉桂、木香、没药、辛夷、丁香、檀香、血竭、白芷、生川乌粉碎成细粉；乳香、冰片研细，与上述粉末配研，过筛，混匀；其余穿山甲等十五味酌予碎断，与食用植物油 4200g 同置锅内，在 240℃以下炸枯，去渣，滤过，炼至滴水成珠，分次加入红丹 1200g，搅匀，收膏。将膏浸泡于水中。取膏用文火熔化后，加入上述细粉，搅匀，分摊于兽皮上，即得
五粒回春丸,丸剂,解肌透表，清热化痰。用于感冒发烧，鼻流清涕，隐疹不出，发热咳嗽,水牛角浓缩粉40g、黄连40g、黄芩40g、关木通40g、大青叶40g、地黄40g、葛根40g、玄参60g、赤芍40g、天花粉60g、柴胡30g、淡豆豉40g、荆芥穗40g、前胡60g、西河柳30g、桔梗60g、浙贝母40g、牛蒡子(炒)60g、羚羊角20g,以上十九味，羚羊角粉碎成最细粉，过筛；与水牛角浓缩粉配研，其余黄连等十七味粉碎成细粉，过筛。将上述药粉充分混合均匀。每 100g 药粉，加入炼蜜 140~160g，制成小蜜丸。另取朱砂最细粉包衣（每 500g 药丸，用朱砂 12g），即得
内消瘰疬丸,丸剂,软坚散结。用于瘰疬痰核或肿或痛,夏枯草200g、玄参125g、大青盐25g、海藻25g、浙贝母25g、薄荷25g、天花粉25g、蛤壳(煅)25g、白及25g、连翘25g、熟大黄25g、甘草25g、地黄25g、桔梗25g、枳壳25g、当归25g、玄明粉25g,以上十七味，粉碎成细粉，过筛，混匀，用水泛丸，干燥，即得
水蜈蚣颗粒,颗粒剂,清利湿热。用于乳糜尿，乳糜血尿,水蜈蚣（每袋装20g）,取水蜈蚣 320g，研成粗粉，加 75% 乙醇回流，滤过，滤液回收乙醇至稠膏状，加糖粉 4680g，制成颗粒，干燥，即得
牛黄宁宫片,片剂,清热解毒，镇静安神，息风止痛。用于外感热病，高热神昏，惊风抽搐，肝阳眩晕，耳鸣头痛，心烦不寐及癫痫狂燥，对精神分裂症有一定的抗复发作用,牛黄6.72g、琥珀10.5g、蒲公英144g、珍珠6.3g、猪胆膏8.4g、板蓝根99g、朱砂4.2g、雄黄110g、连翘60g、冰片10.5g、金银花42g、甘草102g、黄连10.5g、石决明21g、天花粉102g、郁金81g、地黄73.5g、赭石102g、黄芩102g、石膏102g、钩藤102g、大黄73.5g、磁石(煅)42g、玄参102g、栀子60g、葛根60g、麦冬102g,以上二十七味，除连翘、琥珀、大黄、黄连、石膏、石决明、雄黄、赭石、磁石、猪胆膏等十味粉碎成细粉外；将珍珠、牛黄、朱砂、冰片粉碎成极细粉；其余栀子、钩藤、麦冬、郁金等十三味加水煎煮二次，每次三小时，合并煎液，滤过，滤液浓缩成稠膏加入连翘等十味粉末、混匀，干燥，粉碎成细粉，制成颗粒，加入牛黄、朱砂、珍珠、冰片粉末及 0.6% 硬脂酸镁，混匀，压制成每片重 0.34g，包糖衣，即得
牛黄噙化丸,丸剂,清热解毒，止痛。用于咽喉肿痛，口燥咽干，痰不出，咳嗽声哑,柿霜300g、硼砂60g、黄连100g、雄黄120g、金果榄40g、冰片40g、牛黄20g、麝香6g、绿豆粉300g,以上九味，雄黄水飞或粉碎成极细粉，冰片、牛黄、麝香研细，柿霜等五味粉碎成细粉，与上述雄黄、冰片等粉末配研，混匀，过筛。每 100g 粉末加炼蜜 25~45g 制成大蜜丸，即得
化痔片,片剂,清热，凉血，止血，行气散瘀。用于内痔，外痔，混合痔，内外痔血栓,槐米250g、茜草250g、枳壳250g、三棱250g、三七20g,以上五味，三七、茜草 42g 分别粉碎成细粉。将槐米、枳壳、三棱和茜草 208g 加水煎煮二次，第一次 1.5 小时，第二次 1 小时，合并煎液，滤过，取滤液减压浓缩成相对密度为 1.35~1.38（60℃）的稠膏。将茜草粉末加入稠膏中，混匀，干燥，粉碎，过筛，与三七粉混匀，制成颗粒，压制成 960 片，包糖衣，即得
乌金丸,丸剂,调经化瘀。用于气郁结滞，胸胁刺痛，产后血瘀，小腹疼痛，五心烦热，面黄肌瘦,益母草320g、小茴香(盐制)20g、川芎60g、补骨脂(盐制)20g、吴茱萸(制)20g、当归20g、艾叶(炭)20g、白芍60g、莪术(醋制)20g、蒲黄(炒)20g、百草霜14g、三棱(醋制)20g、香附(醋制)120g、熟地黄20g、延胡索(醋制)60g、木香20g,以上十六味，粉碎成细粉，混匀，过筛，每 100g 粉末加炼蜜 170~190g 制成大蜜丸，即得
心可舒胶囊,胶囊剂,活血化瘀、行气止痛。用于气滞血瘀型冠心病引起的胸闷、心绞痛、高血压、头晕、头痛、颈项疼痛及心律失常、高血脂等症,山楂375g、丹参375g、葛根375g、三七25g、木香25g,以上五味，取三七、木香粉碎成细粉；山楂、葛根加 60% 乙醇温浸 30 分钟后，加热回流提取二次，第一次 2.5 小时，第二次 2 小时，合并醇提液，减压回收乙醇，浓缩至相对密度 1.35（20℃）；丹参加水煎煮二次，第一次 2 小时，第二次 1.5 小时，合并煎液，滤过，滤液浓缩至相对密度 1.35（20℃）；将上述二种稠膏于 80℃下干燥，粉碎成细粉与三七、木香细粉混匀，制成颗粒，干燥，分装成 1000 粒，即得
心舒静吸入剂,气雾剂,芳香通窍，理气止痛。对心绞痛、心肌梗塞有缓解作用,石菖蒲1000g、川芎500g、丁香300g、零陵香500g、砂仁300g、冰片60g、檀香500g、广藿香油6ml、麝香2.5g,以上九味，石菖蒲、零陵香、檀香、川芎、砂仁、丁香用乙醇浸渍二次，第一次 12 天，第二次 10 天，合并浸渍液，滤过，滤液回收乙醇并浓缩至适量，加入冰片、麝香、广藿香油，研匀，用 1000 支醋酸纤维棒吸至饱和，装于管内，密封，即得
心痛宁滴丸,丸剂,温经活血，理气止痛。用于寒凝气滞，血瘀阻络，胸痹心痛，遇寒发作，舌苔色白，有瘀斑者,肉桂39.2g、川芎392.4g、香附（醋炙）235.4g,以上三味，肉桂、川芎提取挥发油，挥发油另器收集。药渣加水煎煮二次，第一次为 2.5 小时，第二次为 2 小时，合并煎液，浓缩至相对密度为 1.20~1.25（50℃），加等量乙醇使沉淀，吸取上清液，滤过，滤液备用。香附粉碎成粗粉，照流浸膏剂与浸膏剂项下的渗漉法（附录 I O）用 80% 乙醇作溶剂，浸渍 24 小时后进行渗漉，收集渗漉液约 2000ml，与肉桂、川芎过滤液合并，回收乙醇，并浓缩至约 70ml。取挥发油，加乙醇适量溶解，加 4ml 吐温 - 80，制成增溶液。取 500g 聚乙二醇 - 6000，加热熔融后，加入清膏及挥发油增溶液，搅拌均匀，保持温度在 60~90℃，滴入液体石蜡中（0~5℃），滴制成丸，即得
双香排石颗粒,颗粒剂,利水，通淋，排石，解毒。用于石淋及排除泌尿结石,乳香(制)938g、青木香938g、肉桂300g、连钱草6250g、车前子938g、木通938g、徐长卿938g、石韦938g、瞿麦938g、忍冬藤1563g、滑石1563g、冬葵子938g、甘草1563g,以上十三味，除肉桂外，其余乳香等十二味加水煎煮二次，第一次 3 小时，第二次加进肉桂，煎煮 2 小时，合并煎液，静置，滤过，取滤液浓缩至相对密度 1.31~1.34（80~85℃）的清膏。取清膏 1 份，蔗糖 2 份，糊精 0.5 份及适量乙醇，混匀，制成颗粒，干燥，即得
正气片,片剂,发散风寒，化湿和中，用于伤风感冒，头痛胸闷，吐泻腹胀,土藿香油1.5g、紫苏油0.9g、木香300g、苍术200g、甘草100g、茯苓300g、陈皮200g、半夏(制)200g、厚朴(制)200g、鲜生姜200g,以上十味，取木香、苍术及甘草 60g 加蔗糖 40g 共粉碎成细粉，过筛；茯苓、陈皮、半夏、厚朴、鲜生姜及甘草 40g 加水煎煮二次，第一次 3 小时，第二次 2 小时，合并煎液，滤过，浓缩成稠膏，加入上述粉末及乙醇适量，搅匀，制成颗粒，低温干燥。加入土藿香油、紫苏油及润滑剂（干颗粒重量的 2%）压制成 0.5g 的片，即得
甘露膏,膏剂,温经止带，暖子宫，调经血，用于妇女经期不准，行经腹痛，血寒白带，产后经血诸病,当归60g、益母草48g、川芎48g、丹参48g、白芍48g、香附48g、泽兰48g、附子24g、茴香24g、红花24g、吴茱萸24g、延胡索18g、艾叶18g、乌药18g、莪术18g、三棱18g、牛膝12g、木香18g、胡椒50g、肉桂30g、没药30g、甘草13g,以上二十二味，除胡椒、肉桂、没药、木香、甘草粉碎成细粉，过筛，混匀；其余当归等十七味，酌予碎断，与植物油 4800g 同置锅内炸枯，去渣，滤过。油炼至滴水成珠，另取红丹 800g，加入油内，搅匀，收膏，将膏浸于水中，备用。取膏用文火熔化，加入上述粉末搅匀，分摊于布或纸上，即得
四君子袋泡剂,散剂,益气健脾。用于脾胃气虚，胃纳不佳，食少便溏,党参200g、白术(炒)200g、茯苓200g、甘草（蜜炙）100g,以上四味，党参、白术粉碎成细粉；另取生姜 50g、大枣 100g 与茯苓、甘草加水煎煮二次，每次 2 小时，滤过，合并滤液，浓缩成稠膏，加入上述细粉，混匀，制成颗粒，干燥，制成 3000g，即得
生力胶囊,胶囊剂,益气壮阳，填精养阴，安神益智。主治阳痿、早泄、性欲减退、遗精、神疲乏力、头昏眩晕、耳鸣、失眠多梦、腰酸膝软等，提高免疫功能,人参140g、肉苁蓉140g、熟地黄140g、淫羊藿85g、枸杞子140g、荔枝核60g、沙苑子85g、丁香85g、沉香27g、远志27g,以上十味，人参、丁香、沉香分别粉碎成细粉，混匀；其余熟地黄等七味加水煎煮二次，每次 1.5 小时，合并煎液，滤过，滤液浓缩，浓缩液中加入乙醇搅拌，静置，滤过，滤液回收乙醇并浓缩成稠膏，加入上述细粉，混匀，干燥，粉碎成细粉，每 100g 药粉加滑石粉 4g、硬脂酸镁 1g，制成颗粒，干燥，装入胶囊，制成 1000 粒，即得
生脉注射液,注射剂,益气养阴，复脉固脱。用于气阴两亏，脉虚欲脱的心悸、气短、四肢厥冷、汗出、脉欲绝及心肌梗塞、心源性休克、感染性休克等具有上述证候者,红参100g、麦冬312g、五味子156g,以上三味，将红参粉碎成细粒，用乙醇回流提取 4~5 次，每次 2 小时，用薄层层析法控制提取终点，合并提取液，冷藏，滤过，滤液浓缩至稠膏状，加入注射用水至 400ml，搅匀，冷藏，滤过，滤液供配液用；五味子用水蒸气蒸馏法收集馏液 150ml，冷藏，供配液用，药渣加水煎煮三次，每次 40 分钟，合并煎液，滤过，滤液浓缩至稠膏状，加入乙醇进行两次醇沉，第一次使含醇量达 80%，第二次使含醇量达 85%，滤过，合并滤液，回收乙醇并浓缩至稠膏状，加入注射用水至 200ml，搅匀，冷藏，滤过，滤液加适量活性炭煮沸 30 分钟，稍冷，过滤至澄明，供配液用；麦冬照五味子水液制备方法制成澄明的麦冬水溶液约 200ml，供配液用。将上述红参水液、五味子蒸馏液、五味子水液和麦冬水液混合均匀，滤过，滤液加注射用水至 1000ml，调节药液 pH 值至 7.5，滤过，灌封，灭菌，即得
仙鹤胶囊,胶囊剂,健脾，益肠止泻，清热燥湿，化湿和中，祛风排脓。用于急、慢性泄泻病,仙鹤草1250g、黄连375g、木香375g、蝉蜕375g、石菖蒲375g、桔梗250g,以上六味，木香、石菖蒲提取挥发油；提取挥发油后的水溶液及药渣与其余的仙鹤草等四味，煎煮三次，第一次 1.5 小时，第二、三次各 1 小时，合并煎液，滤过，滤液浓缩至相对密度为 1.30~1.35 的稠膏，加入乙醇，使溶液的含醇量约为 76% 搅匀，静置 48 小时，滤过，滤液回收乙醇，并浓缩至相对密度为 1.35~1.40 的稠膏，加辅料适量，制成颗粒，干燥，喷加挥发油，密闭 2 小时，装入胶囊，制成 1000 粒，即得
白凤饮,口服液,补肝肾，益气血。用于肝肾不足，气血亏虚，妇女月经不调，崩漏带下，腰膝酸软等症,乌鸡152g、熟地黄28.6g、地黄14.3g、白芍14.3g、川牛膝14.3g、当归14.3g、冬虫夏草5g、黄芪14.3g、茯苓17.9g、知母14.3g、地骨皮7.1g、青蒿28.6g、秦艽10.7g、黄连7.1g、柴胡14.3g、香附(制)28.6g、艾叶28.6g、牡丹皮14.3g、延胡索(制)7.1g、川贝母14.3g、干姜7.1g,以上二十一味，乌鸡、冬虫夏草加 pH 值为 2~3 的水煎煮二次，第一次 6 小时，第二次 4 小时，合并煎液，滤过，滤液加压水解 8 小时，调节 pH 值 4.5~5.5，滤过，滤液浓缩至适量，加乙醇使含醇量为 60%，静置，滤过，滤液回收乙醇；其余熟地黄等十九味，加水煎煮二次，每次 2 小时，合并煎液，滤过，滤液浓缩至适量，加入等量乙醇，搅匀，静置，滤过，滤液回收乙醇，静置 12 小时，取上清液；滤过，滤液与上述药液合并，加炼蜜 375g，加水调整总量至 1000ml，调节 pH 值至规定范围，静置，滤过，灌封，灭菌，即得
白癜风丸,丸剂,益气行滞，活血解毒，利湿消斑，驱风止痒。用于白癜风,补骨脂100g、黄芪100g、红花100g、川芎100g、当归100g、香附100g、桃仁100g、丹参100g、乌梢蛇100g、紫草100g、白鲜皮100g、山药100g、干姜100g、龙胆100g、蒺藜1300g,以上十五味，粉碎成细粉，过筛，混匀。每 100g 粉末加炼蜜 100~110g 制成大蜜丸，即得
头风膏,膏剂,散风止痛。用于感受风邪，防治产妇头痛,细辛255g、白芷255g、薄荷油50.5ml、地黄40g、香附(制)40g、乌药40g、白附子20g、红花20g、三棱20g、桂枝20g、僵蚕20g、香加皮20g、莪术20g、当归20g、威灵仙20g、羌活20g、独活20g、赤芍20g、桃仁20g、全蝎20g、血余炭20g、麻黄20g、防风20g、白芷20g、秦艽20g、大黄20g、栀子20g、高良姜20g、生川乌20g、生草乌20g,以上三十味，除薄荷油外，细辛、白芷粉碎成细粉，过筛，混匀；其余地黄等二十七味，酌予碎断，与食用植物油 240g 同置锅内，炸枯，去渣，滤过，炼至滴水成珠。另取红丹 600g，加入油内，搅匀，收膏，将膏浸泡于水中。取膏用文火熔化，加入薄荷油及上述粉末，搅匀，分摊于纸上，即得
加味生化颗粒,颗粒剂,活血化瘀，温经止痛。用于产后恶露不净，小腹疼痛，胎盘残留及功能性子宫出血,当归200g、桃仁200g、益母草200g、赤芍150g、艾叶150g、川芎150g、炙甘草150g、炮姜150g、荆芥150g、阿胶25g,以上十味，除阿胶外，其余当归等九味加水煎煮二次，每次 2 小时，合并煎液，滤过，滤液减压浓缩至适量，静置 24 小时，取上清液备用。另取阿胶融化后，加入上述澄清药液中，继续浓缩至相对密度约 1.20，加入蔗糖 1000g，糊精 250g，制成颗粒或压制成块状，制成 1500g，干燥，即得
加味蛇胆陈皮片,片剂,祛风除痰，镇惊定喘。用于痰迷心窍引起的风热狂躁，精神不安，咳痰喘促,蛇胆(干)0.62g、陈皮(蒸)185g、地龙(炭)37g、朱砂37g、僵蚕(炒)37g、琥珀3.7g,以上六味，陈皮、地龙、僵蚕粉碎成细粉；朱砂、琥珀分别水飞或粉碎成极细粉，与上述粉末配研，过筛，混匀；蛇胆剪破后置适量的白酒中浸泡 24 小时，滤去胆囊皮，漉液加入上述粉末中，混匀，用乙醇适量制粒，低温干燥，压制成 1000 片，即得
母乳多颗粒,颗粒剂,益气，下乳。用于产后乳汁不下或稀少,黄芪280g、漏芦280g、羊乳根560g、王不留行224g、梗通草112g,以上五味，加水煎煮二次，每次 1.5 小时，滤过，合并滤液，浓缩至相对密度为 1.07（80℃），静置沉淀，取上清液浓缩至相对密度为 1.40（80℃）的清膏，取清膏 1 份，加蔗糖粉 3 份，糊精 1 份，制成颗粒，干燥，过筛，即得
当归丸 (浓缩丸),丸剂,补血活血，调经止痛。用于血虚萎黄，月经不调，经行腹痛,当归1000g,取当归 1000g，将其中 70% 粉碎成粗粉，按照流浸膏剂与浸膏剂项下渗漉法（附录 I O）进行渗漉，收集渗漉液，减压浓缩至稠膏，剩余 30% 的当归，70℃以下烘干，粉碎成细粉，过筛，将膏、粉及滑石粉适量，混匀，制丸，70℃以下烘干，打光，即得
伤风感冒冲剂,颗粒剂,散风寒，发微汗。用于伤风流涕，咳嗽头痛,防风100g、羌活50g、荆芥100g、白芷14.5g、桔梗50g、浙贝母100g、紫苏叶100g、陈皮50g、苦杏仁100g、薄荷油0.5g,以上十味，防风、陈皮、羌活、紫苏叶、荆芥分别提取挥发油，混合，备用；白芷与桔梗用 75% 乙醇加热回流提取二次，合并提取液，滤过；浙贝母与苦杏仁，依次用 95% 乙醇、50% 乙醇加热回流各一次，合并提取液，滤过；以上滤液，分别回收乙醇，并减压浓缩至干，然后混合粉碎成细粉，加薄荷油与备用的混合挥发油，再加蔗糖粉适量，拌匀，制粒，压制成 56 块，即得
伤科壮骨膏,膏剂,舒筋活血，消肿止痛。用于跌打损伤，闪腰岔气，腰腿、筋骨疼痛，瘀血青肿,豹骨30g、大黄30g、羌活24g、土鳖虫30g、木鳖子30g、川乌30g、白及30g、透骨草30g、续断30g、穿山甲30g、连翘30g、铁丝威灵仙30g、秦艽30g、木瓜30g、当归30g、香加皮20g、海桐皮24g、防风24g、白芷20g、升麻24g、红花24g、白薇24g、草乌30g、苍术24g、杜仲24g、川芎24g、独活24g、细辛24g、牛膝30g、钩藤24g、防己24g、血竭30g,以上三十二味，血竭粉碎成细粉，其余豹骨等三十一味酌予碎断，与植物油 4800g 同置锅内炸枯，去渣，滤过，炼至滴水成珠。每 400g 炼油加入红丹 150g 搅匀，收膏，将膏浸泡水中。取膏用文火熔化，加入上述粉末搅匀，分摊于布或纸上，即得
血安胶囊,胶囊剂,止血、收敛、调经。用于月事不准，经血过量，崩漏，淋漓不止，产后恶露不尽等妇科出血症,棕榈（干浸膏粉，每粒装0.5g，相当于原药材10g）,取棕榈科植物棕榈 Trachycarpus fortunei H.wendl. 的干燥成熟果实经乙醇浸渍提取所得干浸膏粉，装入胶囊，即得
众生丸,丸剂,清热解毒，活血凉血，消炎止痛。用于上呼吸道感染，急、慢性咽喉炎，急性扁桃体炎，化脓性扁桃体炎，疮毒等症,蒲公英330g、紫花地丁330g、黄芩100g、岗梅130g、赤芍100g、天花粉100g、玄参100g、当归100g、防风100g、柴胡100g、皂角刺130g、人工牛黄20g、白芷30g、胆南星30g、虎杖130g、夏枯草65g、板蓝根130g,以上十七味，除人工牛黄外，胆南星粉碎成细粉，其余蒲公英等十五味加水煎煮二次，第一次 2 小时，第二次 1 小时，滤过，合并滤液，浓缩至适量，喷雾干燥成干膏粉，加入人工牛黄及胆南星细粉，混匀，用 45% 乙醇制成 1000 丸，干燥，包糖衣，即得
冰硼咽喉散,散剂,清热解毒，消肿止痛。用于咽喉、齿龈肿痛，口舌生疮,冰片36g、硼砂（炒）36g、玄明粉480g、青黛480g、生石膏480g,以上五味，除冰片外，其余硼砂等四味粉碎成极细粉，将冰片研细，与上述粉末混合，过筛，混匀，即得
产后逐瘀片 (益母片),片剂,活血调经，去瘀止痛。用于产后瘀血不净，少妇腹痛,益母草1248g、当归156g、川芎178g、炮姜78g,以上四味，取益母草、当归、川芎各 20g 粉碎成细粉，备用，剩余当归、川芎和炮姜提取挥发油，药渣与剩余益母草加水煎煮二次，第一次 2 小时，第二次 1 小时，滤过，滤液合并，浓缩成膏，加入上述细粉，混匀，烘干，制颗粒，再烘干，加入当归等挥发油，混匀，压制成 1000 片，包薄膜衣，即得
产后康膏,膏剂,益气养血、滋肾柔肝、安神敛汗、健脾和胃。用于产后、流产后贫血，恶露不净，头晕目眩，心悸汗多，失眠神疲、食欲不振,黄芪10g、党参(炒)12g、当归(炒)12g、丹参12g、益母草30g、神曲(焦)12g、陈皮6g、香附(制)10g、乌药6g、木香6g、生地黄10g、熟地黄10g、砂仁3g、杜仲(炒)10g、泽泻12g、甘草(炙)3g、白芍(炒)10g、山楂(焦)10g、谷芽(炒)10g、麦芽(炒)10g,以上二十味，加水煎煮二次，第一次 3 小时，第二次 2 小时，合并煎液，静置沉淀，滤过，滤液浓缩至相对密度 1.14~1.16（70℃热测）的清膏。另取红糖制成糖浆，加入上述清膏（每 100g 清膏加糖浆相当于红糖 300g）混匀，继续浓缩至稠膏，制成约 525g，即得
羊羔补酒,酒剂,补气，温胃益肾。用于脾气虚弱，胃纳不振，腰膝酸软,糯米4348g、苦杏仁43g、羔羊肉（连骨）348g、木香3g、红花73g,以上五味，糯米淘洗浸泡 24 小时后，用水淋洗，蒸熟，放冷；羔羊肉煮烂，放冷；木香、苦杏仁研成细粉，与酒曲细粉 38g 混匀，与上述糯米、羔羊肉充分搅拌均匀，置缸中发酵 2~3 天，再加入白酒适量，封缸，待酒精下沉，压榨滤过；红花用 60 度白酒浸渍一周，滤过，得红花酒液备用，残渣加水煎煮二次，合并煎液，滤过，滤液浓缩至 870g，加入蔗糖 870g 和红花酒液，混匀，加入上述压榨滤液使成 10000ml，加热回流，静置 30 天，取上清液，即得
灯心止血糖浆,糖浆剂,清热解毒，淡渗利湿，收敛止血。用于痔疮出血、鼻出血、消化道出血、产后恶露不净、计划生育术后阴道出血以及血小板减少等症,川灯心草167g、绒毛龙穿草167g、铁苋菜167g,以上三味，加水煎煮二次，第一次 2 小时，第二次 1.5 小时，合并煎液，滤过，滤液浓缩至适量，加入蔗糖 650g 及防腐剂适量，煮沸使溶解，滤过，加水调整总量至 1000ml，搅匀，即得
灯盏花颗粒,颗粒剂,活血化瘀，通经活络。用于脑路瘀阻，中风偏瘫，心脉痹阻，胸痹心痛。缺血性脑病、冠心病、心绞痛见以上症候者,灯盏细辛3200g（每袋含总黄酮80mg）,取灯盏细辛 320g，研成粗粉，加 75% 乙醇回流，滤过，滤液回收乙醇至稠膏状，加糖粉 4680g，制成颗粒，干燥，即得
安神补气丸 (浓缩丸),丸剂,补气养神，宁心健脑。用于气血两亏，虚损发热，心跳气短，夜不安眠，神经衰弱等症,茯苓100g、远志(制)100g、黄芪100g、党参100g、熟地黄85g、柏子仁50g、酸枣仁(炒)50g、五味子(酒制)50g、朱砂30g,以上九味，朱砂粉碎成极细粉，茯苓、远志、黄芪粉碎成细粉，备用；其余党参等五味加水煎煮二次，合并煎液，滤过，滤液浓缩成稠膏，加入茯苓等细粉，搅匀，干燥，粉碎成细粉，过筛，用水泛丸，干燥。用朱砂包衣，打光，即得
安康颗粒,颗粒剂,安和五脏，健脑安神。用于头目眩晕，耳鸣，四肢乏力疲软，食欲不振，睡眠不深，多梦,红参44g、银耳112g、当归112g、山药112g、猪脊髓112g、鹿茸5.6g、山楂56g,以上七味，鹿茸加水煎煮 3 小时后，加入红参、当归、山药、山楂，继续加水煎煮二次，第一次 2 小时，第二次 1 小时，合并煎液，滤过；猪脊髓加水煎煮二次，第一次 2 小时，第二次 1 小时，合并煎液，滤过；取银耳加水煎煮三次，第一次 4 小时，第二、三次各 2 小时，合并煎液，滤过；滤液与上述两种滤液合并，浓缩至相对密度为 1.16~1.18（90℃），加入适量蔗糖粉及奶粉，制成颗粒，干燥，制成 22000g，即得
防风通圣丸 (浓缩丸),丸剂,解表通里，清热解毒。用于外寒内热，表里具实，恶寒壮热，头痛咽干，小便短赤，大便秘结，瘰疬初起，风疹湿疮,防风50g、荆芥穗25g、薄荷50g、麻黄50g、大黄50g、芒硝50g、栀子25g、滑石300g、桔梗100g、石膏100g、川芎50g、当归50g、白芍50g、黄芩100g、连翘50g、甘草200g、白术(炒)25g,以上十七味，防风、大黄、白芍、甘草（100g）、川芎、石膏、芒硝、滑石共粉碎成细粉，剩余甘草及其余荆芥穗等九味粉碎成粗粉，加水煎煮两次，合并煎液，滤过，滤液浓缩成相对密度为 1.30（20℃）的稠膏，与上述细粉混匀，烘干，粉碎成细粉，用水泛丸，烘干，打光，墨灰包衣，即得
妇月康胶囊,胶囊剂,活血、祛瘀，止痛。用于产后恶露不行，少腹疼痛，也可试用于上节育环后引起的阴道流血，月经过多,当归240g、川芎90g、甘草(炙)15g、桃仁24g、干姜(炭)15g、益母草300g、红花15g、徐长卿50g,以上八味，粉碎成粗粉，用蒸馏法提取挥发油，蒸馏后的水溶液另器收集；药渣再加水煎煮二次，第一次 2 小时，第二次 1.5 小时，合并煎液，滤过，滤液与上述溶液合并，浓缩成稠膏；加入适量辅料，烘干，粉碎，喷入挥发油，混匀，装胶囊，制成 156 粒，即得
妇科十味片,片剂,舒肝理气，养血调经。用于肝郁血虚，月经不调，行经腹痛，闭经等证,香附(醋炙)500g、川芎20g、当归180g、元胡(醋炙)40g、白术28.75g、甘草13.75g、红枣100g、白芍15g、赤芍15g、熟地黄60g、碳酸钙65g,以上十一味，126g 当归、香附、元胡、白芍、赤芍、碳酸钙粉碎成细粉；甘草，红枣加水煎煮三次，滤过，合并滤液；54g 当归、白术、熟地黄、川芎用 70% 乙醇加热回流二次，滤过，合并滤液，回收乙醇。将以上两种滤液合并，减压浓缩至相对密度 1.35~1.40（50℃）的稠膏。按定量加入香附等六味细粉，与定量稠膏混匀，干燥，粉碎成细粉，用糖浆与淀粉糊制粒，干燥，压片，即得
妇科养荣丸 (浓缩丸),丸剂,补养气血，疏肝解郁，祛瘀调经。用于气血不足，肝郁不舒，月经不调，头晕目眩，血漏血崩，贫血身弱及不孕症,当归200g、白术200g、熟地黄200g、川芎150g、白芍(酒炒)150g、香附(醋制)150g、益母草150g、黄芪100g、杜仲100g、艾叶(炒)100g、麦冬50g、阿胶50g、甘草50g、陈皮50g、茯苓50g、砂仁10g,以上十六味，取白术、熟地黄、川芎、白芍、益母草、黄芪、香附、杜仲、艾叶、甘草粉碎成粗粉或切片，加水煎煮，浓缩成相对密度 1.30~1.35（20℃）稠膏；阿胶加少量水化，加入上述稠膏内混匀，取当归、陈皮、麦冬、茯苓、砂仁制成细粉，将膏、粉混匀，制丸，烘干，打光，即得
抗感冒颗粒,颗粒剂,疏风解表，清热解毒。用于风热感冒，发热恶风，鼻塞头痛，咽喉肿痛,金银花30g、连翘30g、黄芩12g、青蒿18g、荆芥12g、防风12g、桔梗18g、甘草15g、板蓝根36g,以上九味，取连翘、荆芥提取挥发油，药渣与其余金银花等七味，加水煎煮二次，每次 2 小时，合并煎液，滤过，滤液浓缩至相对密度 1.18（80~90℃），加乙醇使含醇量为 50%，搅匀，静置，取上清液浓缩至相对密度 1.30~1.31（60~70℃）的清膏。取清膏 1 份，加蔗糖粉 7.2 份及乙醇适量制成颗粒，干燥，加入上述连翘等挥发油，混匀，分装，即得
抗感解毒颗粒,颗粒剂,清热解毒，凉血消肿。用于风热感冒、痄腮及病毒引起的流感,葛根150g、白芷100g、金银花150g、菊花150g、连翘100g、黄芩150g、栀子100g、板蓝根150g、大青叶150g、茵陈150g、贯众150g,以上十一味，金银花、菊花、白芷、连翘加水浸泡 1 小时，提取挥发油，药渣及提取液备用；茵陈加 60% 乙醇 900ml，浸泡 1 小时，加热回流 1 小时，滤过，滤液备用；葛根、黄芩、板蓝根、大青叶、栀子、贯众加药渣及提取液，再加水浸泡 1 小时后，加水煎煮三次，第一次 1 小时，第二、三次各 45 分钟合并煎液，滤过，滤液浓缩至约 300ml，加乙醇 300ml，搅匀，静置 12 小时，滤过，取滤液与茵陈提取液合并，回收乙醇并浓缩至约 200ml，加入糖粉混匀，制成颗粒，干燥，喷入挥发油，制成 1000g，混匀，即得
芙朴感冒胶囊,胶囊剂,清热解毒，宣肺利咽，理气宽中。用于风热或风热湿感冒出现的高热头痛、咽痛、肢体酸痛、鼻塞、胃纳减退等症,木芙蓉叶4500g、厚朴(制)750g、陈皮1250g、牛蒡子(炒)1250g,以上四味，取陈皮提取挥发油，蒸馏后的水溶液另器收集；药渣与其余芙蓉叶等三味加水煎煮二次，第一次 2 小时，第二次 1 小时，合并煎液，滤过，滤液浓缩至每 1ml 药液含 2g 生药，冷却，加 2 倍量乙醇，搅匀，静置 24 小时，取上清液回收乙醇并浓缩成稠膏，低温干燥，粉碎，加适量淀粉，制成颗粒，喷入陈皮挥发油的乙醇稀释液，混匀，装入胶囊，制成 1000 粒，即得
克痢痧微丸,丸剂,解毒辟秽，理气止泻。用于泄泻、痢疾和痧气（中暑）,雄黄30g、白芷60g、细辛24g、荜茇18g、石菖蒲30g、苍术30g、猪牙皂30g、鹅不食草18g、丁香18g、硝石24g、白矾60g、冰片3g,以上十二味，雄黄水飞成极细粉；丁香、白矾、硝石混合粉碎成最细粉；其余白芷等八味分别粉碎成最细粉，与上述粉末混匀，用水泛丸，自然干燥，打光，即得
克痛酊,酊剂,祛风去湿，活血止痛。用于肚痛，跌打肿痛，风湿骨痛,黑老虎根195g、香附117g、广藿香117g、豆豉姜117g、香加皮80g、花椒78g、九里香78g、鸡骨香78g、石菖蒲78g、高良姜117g、莪术39g、三棱39g、细辛12g、两面针20g、双眼龙12g、降香20g、黄芩20g、栀子20g、樟脑20g、薄荷脑1.5g,以上二十味，除樟脑、薄荷脑外，栀子、黄芩粉碎成粗粉；其余黑老虎根等十六味粉碎成粗粉，加 80% 的乙醇 3000ml，密闭浸渍 10 天，取浸出液滤过，药渣用水蒸气蒸馏，收集蒸馏液，与滤液合并，并控制含醇量在 55~65%，调整至 4000ml，加樟脑、薄荷脑及栀子和黄芩粗粉，充分搅拌，密闭，浸渍 10 天，静置，滤过，即得
杜仲补腰合剂,口服液,补肝肾，益气血，强腰膝。用于腰腿疼痛，疲劳无力，精神不振，小便频数,杜仲17.5g、党参8.75g、当归8.75g、枸杞子8.75g、牛膝8.75g、补骨脂10g、熟地黄12.5g、菟丝子8.75g、香菇8.75g、猪腰子525g,以上十味，猪腰子加水煎煮二次，第一次 2 小时，第二次 1 小时，合并煎液，滤过，滤液浓缩至适量；其余杜仲等九味加水煎煮二次，第一次 2 小时，第二次 1 小时，合并煎液，滤过，滤液加入 10% 鸡蛋清，搅匀，冷藏后滤过，滤液与上述药液合并，制成 1000ml，加氯化钠适量，冷藏，滤过，灌封，灭菌，即得
更年乐片,片剂,养心养肾、调补冲任。用于更年期出现的夜寐不安，心悸、耳鸣，多疑善感，烘热汗出，烦躁易怒，腰背酸痛等症,淫羊藿125g、牡蛎125g、知母25g、金樱子42g、黄柏25g、车前子62.5g、人参25g、桑葚62.5g、当归62.5g、核桃仁62.5g、鹿茸8g、补骨脂62.5g、续断62.5g、首乌藤125g、白芍62.5g、首乌(制)125g、牛膝42g、甘草25g、熟地黄35g,以上十九味，人参、鹿茸和首乌粉碎成粗粉；其余淫羊藿等十六味加水煎煮 2 次，第一次 2 小时，第二次 1.5 小时，滤过，合并滤液，浓缩至相对密度为 1.16（80℃热测），加入 1 倍量乙醇，搅匀，放置 24 小时，取上清液，浓缩成稠膏，与上述药粉混匀，干燥、粉碎，制成颗粒，压制成 1000 片，包糖衣，即得
肝肾安糖浆,糖浆剂,补肝肾，强筋骨，乌须发，抗衰老。用于头晕目花，耳鸣，腰酸肢麻，头发早白,(制)何首乌293g、黑芝麻203g、墨旱莲122g、桑椹65g、金樱子65g、菟丝子65g、稀莶草65g、桑叶33g、牛膝33g、女贞子33g、杜仲33g、地黄16g、金银花16g、黑豆16g,以上十四味，取墨旱莲、桑椹，加水煮沸后，于 80~90℃温浸二次，每次 3 小时，合并温浸液；金樱子加水煎煮二次，每次 3 小时，合并煎液；黑芝麻加水煎煮二次，每次 3 小时，合并煎液，滤过，滤液加入生药量 5% 的活性炭，煮沸 30 分钟，滤过。合并上述三种药液，滤过，滤液浓缩至每 1ml 相当于生药 1g，放冷，加入乙醇，使含醇量为 60%，搅匀，静置，取上清液，回收乙醇。其余制何首乌等十味，粉碎成粗粉，照流浸膏剂与浸膏剂项下的渗漉法（附录 I O），用 60% 乙醇作溶剂，浸渍 48 小时后，缓缓渗漉，俟可溶性成分全部漉出，收集漉液，回收乙醇，与上述药液合并，静置，滤过，滤液浓缩至适量，加入蔗糖 700g，煮沸 30 分钟，滤过，加水至 1000ml，搅匀，即得
龟甲散,散剂,祛湿敛疮，生肌止痒。用于疮疡溃烂，臁疮、褥疮，浸淫流水，疮面久不收敛,龟甲（沙烫醋淬）600g、黄连30g、红粉15g、冰片3g,以上四味，红粉、冰片分别研成极细粉，其余龟甲、黄连粉碎成细粉，过筛、混匀，与上述细粉配研，过筛，混匀，即得
冻可消搽剂,搽剂,辛温驱寒，温通血脉，活血化瘀，消肿止痛。用于未溃烂的冻疮,辣椒流浸膏30ml、干姜50g、樟脑80g、冰片20g、水杨酸甲酯10ml、甘油100ml,以上六味，干姜粉碎成粗粉，加入 90% 乙醇适量，制成姜酊约 500ml，依次加入 90% 乙醇 300ml、樟脑、冰片，搅拌使溶解，加入辣椒流浸膏、水杨酸甲酯、甘油，加 90% 乙醇至 1000ml，搅匀，滤过，即得
辛芳鼻炎胶囊,胶囊剂,发表散风，清热解毒，宣肺通窍。用于慢性鼻炎，鼻窦炎,辛夷15g、白芷10g、黄芩10g、柴胡10g、川芎10g、桔梗10g、薄荷10g、菊花10g、荆芥穗10g、枳壳(炒)10g、防风10g、细辛5g、蔓荆子(炒)10g、龙胆5g、水牛角浓缩粉50g,以上十五味，水牛角浓缩粉研成细粉，其余辛夷等十四味粉碎成细粉与水牛角浓缩粉配研，过筛。混匀，分装成 560 粒胶囊，即得
沉香舒郁片,片剂,舒气开胃，化郁止痛。用于胸腹胀满，胃部疼痛，呕吐酸水，消化不良，食欲不振，郁闷不舒,甘草30g、陈皮100g、柴胡40g、沉香100g、砂仁80g、豆蔻80g、木香120g、厚朴100g、枳壳70g、延胡索40g、姜黄30g、香附40g、青皮40g,以上十三味，砂仁、豆蔻、陈皮分别提取挥发油后用乙醇溶解。甘草、柴胡加水煎煮二次，陈皮提取挥发油后加水煎煮一次，合并以上水煎液，浓缩成膏。沉香照流浸膏剂与浸膏剂项下的渗漉法（附录 I O），依次用乙醇，60% 乙醇作溶剂，进行渗漉，第一次乙醇渗滤液备用。砂仁、豆蔻提取挥发油后用乙醇提取一次。木香、厚朴、枳壳、延胡索、青皮、香附、姜黄照流浸膏剂与浸膏剂项下的渗漉法（附录 I O）用 60% 乙醇作溶剂，进行渗漉；合并以上渗漉液，回收乙醇浓缩成膏。水、醇浓缩膏合并加入辅料，混匀，干燥粉碎成细粉，用沉香的第一次乙醇渗漉液全量制成颗粒，室温干燥，加入陈皮油等醇溶液，混匀，压制成 1160 片，即得
补肾强身片,片剂,补肾强身。用于腰酸足软，头晕耳鸣，眼花心悸，阳痿遗精,淫羊藿161g、菟丝子97g、金樱子97g、女贞子97g、狗脊（烫）97g,以上五味，狗脊、菟丝子粉碎成细粉；淫羊藿、女贞子、金樱子加水煎煮二次，第一次 2 小时，第二次 1.5 小时，合并煎液，滤过，滤液浓缩成稠膏，干燥，加入上述细粉拌匀，加辅料适量制成颗粒，压制成 1000 片，包衣，即得
灵丹草颗粒,颗粒剂,清热疏风，解毒利咽，止咳祛痰。用于风热邪毒，咽喉肿痛，肺热咳嗽；急性咽炎，扁桃体炎，上呼吸道感染见上述证候者,臭灵丹5000g,取臭灵丹 5000g，水蒸汽蒸馏，收集挥发油，蒸馏后的水溶液滤过，滤液备用；药渣加水煎煮两次，每次 1.5~2 小时，滤过，合并三次滤液，80℃以下蒸发浓缩至稠膏状（约含水 30% 或冷却后成半固体），加入 70% 乙醇适量及乳精细粉 1000g、蔗糖细粉，制成颗粒，50℃以下干燥，喷加上述挥发油，混匀，制成 5000g，即得
灵宝如意丸,丸剂,清暑解毒，化痰开窍。用于痰盛神昏，牙关紧闭，中暑眩晕，绞肠腹痛。外敷用于疔毒恶疮,白粉霜120g、天麻120g、血竭120g、雄黄120g、蟾酥72g、硼砂120g、人参12g、冰片12g、麝香12g、朱砂120g,以上十二味，朱砂、雄黄、硼砂、白粉霜、蟾酥、麝香、冰片分别水飞或粉碎成最细粉，其余人参等五味粉碎成细粉，与上述雄黄等六味粉末（朱砂除外）配研，过筛，混匀，用适量乙醇泛丸，低温干燥，用朱砂粉末包衣，即得
陇马陆胃药片,片剂,健胃消食，制酸止痛。主要用于治疗胃炎、胃十二指肠溃疡见胃脘疼痛，嘈杂泛酸，食欲不振，消化不良,陇马陆全粉300g、颠茄浸膏2g,以上二味，充分混匀，加单糖浆适量，制成颗粒，干燥，压制成 1000 片，包糖衣，即得
刺五加颗粒,颗粒剂,益气健脾，补肾安神。用于脾肾阳虚，体虚乏力，食欲不振，腰膝酸痛，失眠多梦,刺五加浸膏50g,取刺五加浸膏 50g 加稀醇适量，溶解。另取糊精 40g 及蔗糖粉适量混匀，掺入上述稀醇溶液。充分搅匀，共制成 1000g，制粒，干燥，即得
肾宝合剂 (肾宝),口服液,调和阴阳，温阳补肾，安神固精，扶正固本。用于阳痿，遗精，腰腿酸痛，精神不振，夜尿频多，畏寒怕冷；妇女月经过多，白带清稀诸症,蛇床子28g、川芎28.3g、菟丝子66g、补骨脂28.5g、茯苓30g、红参20g、小茴香14.4g、五味子36g、金樱子94.6g、白术14.2g、当归46.8g、覆盆子32.9g、制何首乌74.4g、车前子16.5g、熟地黄94g、枸杞子66g、山药46.3g、淫羊藿94.6g、葫芦巴94g、黄芪51.4g、肉苁蓉47.3g、炙甘草14.2g,以上二十二味，将蛇床子、淫羊藿、当归、川芎、小茴香粉碎成粗粉，照流浸膏剂与浸膏剂项下的渗漉法（附录 I O），用 70% 乙醇作溶剂，浸渍 48 小时后，缓缓渗漉，收集渗漉液，回收乙醇减压浓缩至相对密度 1.10（热测），滤过，滤液备用；将红参粉碎成粗粉，用 20% 乙醇作溶剂，浸渍 8 小时后，回流二次，每次 2 小时，合并回流液，滤过，滤液回收乙醇，浓缩至生药量的二分之一，备用；取覆盆子等十六味，与红参药渣一起，加水煎煮二次，每次 2 小时，合并煎煮液，滤过，滤液浓缩至稠膏，加三倍量乙醇沉淀 48 小时，取上清液回收乙醇，浓缩至相对密度 1.10（热测），备用；除红参药液外合并其余两次药液，加入蔗糖 200g，煮沸 15 分钟，滤过，滤液中加入红参药液和苯甲酸钠 1g，尼泊金乙酯 0.5g，调整总量至 1000ml，滤过，即得
金鸡虎补片,片剂,补气补血，舒筋活络，健肾固精。用于水气凝滞，四肢麻痹，腰膝酸痛，夜尿频数，梦遗滑精,狗脊521g、牛大力83g、黑老虎417g、骨碎补83g、大枣63g、鸡血藤312g、金樱子104g、千斤拔83g、桑寄生(盐酒制)104g,以上九味，大枣加水煎煮 3 小时，滤过；取黑老虎皮部，粉碎成细粉，过筛，黑老虎木部与其余狗脊等七味加水煎煮二次，药液与大枣煎液合并，滤过，滤液浓缩成稠膏，加黑老虎粉末，混匀，干燥，粉碎成细粉，加适量辅料，制成颗粒，干燥，压制成 1000 片，包糖衣，即得
金果饮咽喉片,片剂,养阴生津，清热利咽，润肺开音。用于慢性咽喉炎，也可用于放疗引起的咽干不适,地黄137g、玄参102g、西青果34g、蝉蜕52g、麦冬102g、胖大海34g、南沙参102g、太子参102g、陈皮68g、薄荷油2ml,以上十味，薄荷油用 β- 环糊精包结，其余地黄等九味加水煎煮二次，每次 30 分钟，合并煎液，滤过，滤液浓缩成稠膏，加蔗糖、矫味剂适量，混匀，制粒，干燥，加入薄荷油及香精适量，压制成 1000 片（大片）或 2000 片（小片），即得
肺安片,片剂,润肺定喘，止嗽化痰。用于阴虚久嗽，喘息不宁，痰气闷，夜卧不安,知母160g、橘红40g、桔梗20g、川贝母20g、阿胶20g、款冬花16g、葶苈子12g、姜半夏12g、苦杏仁16g、甘草膏10g、麻黄160g、旋覆花40g、马兜铃40g,以上十三味，知母、橘红、桔梗、川贝母、阿胶、款冬花、葶苈子、姜半夏、苦杏仁（去油）粉碎成细粉，过筛，备用。麻黄、马兜铃水煎煮二次，第一次加水 10 倍，时间 2 小时，第二次加水 8 倍，时间 1 小时，旋覆花水煎煮一次，加水 10 倍，时间 2 小时，合并以上水提取液及用水化开的甘草膏，浓缩成膏，相对密度 1.20~1.30（50~60℃）。将水浓缩膏加入知母等细粉及辅料混匀，制成颗粒，干燥，压制成 1390 片，即得
肤疾洗剂,洗剂,解毒杀虫，止痒收敛，活血祛瘀。用于疥疮，湿疹，脂溢性皮炎，瘙痒性皮肤病，花斑癣,苦参250g、百部250g、花椒250g、白鲜皮250g、硼砂167g、雄黄83g,以上六味，苦参、百部、花椒、白鲜皮加水煎煮二次，每次 2 小时，滤过，合并煎液，浓缩至适量，加入硼砂，搅拌使溶解，制成 1000ml，药液边搅拌边分装；雄黄粉碎成细粉，制成颗粒，另分装成小袋，即得
泻白糖浆,糖浆剂,宣肺解热，化痰止咳。用于伤风咳嗽，痰多胸满，口渴舌干，鼻塞不通,石膏33g、桑白皮22g、瓜蒌子22g、葶苈子11g、麻黄22g、甘草22g、前胡33g、紫菀33g、款冬花22g、川贝母22g、苦杏仁33g、紫苏叶油0.1056ml、薄荷脑0.11g,以上十三味，苦杏仁提取杏仁水备用；石膏、前胡、紫菀、款冬花、桑白皮、括楼子、荨苈子、麻黄、甘草、川贝母加水煎煮两次，第一次 2 小时，同时收集蒸馏液 120ml，第二次 1 小时，合并煎液浓缩至适量，用乙醇沉淀，静置，滤过，回收乙醇，浓缩至适量。将蒸馏液、浓缩液混匀，静置，滤过，加入用适量乙醇溶解的紫苏叶油和薄荷脑醇溶液及杏仁水、单糖浆，混匀，调整容量，测定相对密度 1.15~1.20（25℃），制成 2200ml，灌装，即得
参三七伤药散,散剂,活血祛瘀，通经活络。用于跌打损伤，肋背拘紧作痛，肢体痿软,三七100g、乳香(制)100g、没药(制)100g、白芷50g、山奈50g、川乌(制)25g、草乌(制)25g、木香100g、冰片2.5g、甘松50g、红花25g、儿茶15g、当归100g、香附(制)100g、土鳖虫50g、细辛25g、朱砂10g、自然铜(煅)15g、血竭100g、积雪草100g、陈皮50g,以上二十一味，除朱砂、自然铜水飞或研成细粉，冰片另研细粉外，余药粉碎成细粉，过筛，将朱砂、自然铜、冰片加入，混匀过筛，即得成品 1100g
参苓健脾胃颗粒,颗粒剂,补脾健胃，利湿止泻。用于脾胃虚弱，饮食不消，或泻或吐，形瘦色萎，神疲乏力,北沙参113g、山药(炒)94g、薏苡仁(炒)63g、茯苓94g、砂仁(盐炙)63g、扁豆(炒)94g、甘草63g、陈皮63g、白术125g、莲子94g,以上十味，薏苡仁、山药粉碎成细粉；砂仁用 60% 的乙醇蒸馏提取挥发油；其余七味加水煎煮 1.5 小时，加入砂仁渣，再煎煮二次，每次各 1 小时；合并煎液，滤过，滤液浓缩至相对密度为 1.30~1.34 的稠膏。将上述细粉、稠膏、糖粉、砂仁挥发油混匀，制成颗粒，干燥，即得
参茸珍宝片,片剂,补肾壮阳，益气益血，安神明目，乌发养颜，强身健体，延年益寿。用于延缓衰老,人参100g、鹿茸20g、珍珠20g、肉苁蓉50g、枸杞子100g、菟丝子100g、女贞子100g、楮实子100g、苍术(米泔水制)100g、五味子50g、沙苑子100g、小麦胚芽粉100g,以上十二味，取人参、鹿茸粉碎成细粉；珍珠水飞成极细粉；其余肉苁蓉等九味加水煎煮三次，第一次 3 小时，第二次 2 小时，第三次 1 小时，合并煎液，滤过，滤液浓缩成稠膏，与上述药粉混匀，制成颗粒，压制成 1000 片，包糖衣或薄膜衣，即得
参茸酒,酒剂,滋补强壮，助气固精。用于气血亏损、腰酸腿痛、手足寒冷、梦遗滑精、妇女血亏、血寒、带下淋漓、四肢无力、行步艰难,菟丝子6g、牛膝4g、熟地黄4g、肉苁蓉4g、鹿茸2g、人参2g、附子(制)2g、黄芪2g、五味子2g、茯苓2g、山药2g、当归2g、龙骨2g、远志(制)2g、红曲1g,以上十五味，鹿茸、人参粉碎成粗粉，备用。其余除红曲外，菟丝子等十二味碎断，加白酒 800g、蔗糖 80g 与红曲及上述鹿茸等粗粉同置罐内，加盖隔水加热炖至沸腾时倾入缸中密封，浸泡 30 天后滤取酒液，残渣压榨后药渣回收白酒，榨出液与回收酒液及滤取的酒液合并，滤过，制成 800ml，灌装，即得
参鹿补片,片剂,益气养血、补肾壮阳。用于肾阳虚衰，气血不足，畏寒肢冷，精神疲乏，腰膝酸软，头晕耳鸣,红参20g、鹿肉30g、淫羊藿75g、狗脊75g、墨旱莲100g、玉竹25g、女贞子(酒制)151g、熟地黄100g、锁阳51g、续断50g、白术(炒)75g、仙鹤草100g、党参50g、鸡血藤201g,以上十四味，取红参、鹿肉 8g、淫羊藿 8g、狗脊 8g、墨旱莲 11g、玉竹 3g、女贞子 17g、熟地黄 2g、锁阳 6g、续断 1g、白术 8g、仙鹤草 11g、党参 1g、鸡血藤 22g、粉碎成细粉，过筛混匀；剩余鹿肉加水煎煮 4 小时，滤过；药渣与剩余淫羊藿等十二味加水煎煮二次，每次 4 小时，滤过，滤液与鹿肉汁合并，浓缩至相对密度为 1.32（80℃）的稠膏，加入上述细粉，混匀，制成颗粒，加入辅料适量，压制成 1000 片，包糖衣，即得
参麝活络丸,丸剂,舒筋活络，祛风豁痰。用于中风瘫痪，半身不遂，风湿痹痛，经络拘挛,红参20g、熟地黄20g、乌梢蛇(制)20g、羌活20g、全蝎20g、当归15g、蕲蛇(制)20g、茯苓10g、两头尖20g、白术(炒)10g、草乌(制)20g、血竭20g、黄连20g、僵蚕(炒)20g、黄芩10g、香附(醋制)10g、玄参10g、葛根25g、大黄20g、胆南星20g、防风25g、甘草(蜜炙)20g、麝香3g、细辛10g、肉桂20g、延胡索10g、木香20g、三七20g、地龙5g、石菖蒲20g、赤芍10g、麻黄20g、威灵仙20g、乌药20g,以上三十四味，除麝香外，其余人参等三十三味粉碎成细粉；将麝香研细，与上述粉末配研，过筛，混匀。每 100g 粉末加炼蜜 115~120g，制成大蜜丸，即得
春梅颗粒 (乌梅冲剂),颗粒剂,敛肺，涩肠，生津，安蛔。用于肺虚久咳，口干烦渴，胆道蛔虫症，慢性腹泻等症,乌梅（每袋装15g）,取乌梅，加水煎煮三次，第一次 2 小时，第二、三次各 1 小时，合并煎液，滤过，滤液浓缩至适量，静置 24 小时，取上清液浓缩成相对密度为 1.10~1.15（85℃）的清膏，并测定枸橼酸含量，取清膏加入计算量的蔗糖粉，制成颗粒，干燥，即得
茵陈五疸丸,丸剂,清热利湿，通利小便。用于湿热黄疸，周身浮肿，遍身发黄，小便赤黄、小水不利,茵陈160g、茯苓80g、黄芩80g、苍术80g、泽泻80g、厚朴(姜制)80g、白术(麸炒)80g、猪苓80g、山楂80g、甘草60g、陈皮40g、六神曲(麸炒)40g、枳椇子40g,以上十三味，除茵陈外，粉碎成细粉，过筛，混匀，备用。茵陈加水煎煮二次，合并煎液，滤过，滤液浓缩成膏。将茯苓等粉末加入膏内，搅匀，干燥，粉碎成细粉，过筛，用水泛丸，干燥，即得
茵栀黄口服液,口服液,清热解毒，利湿退黄。有退黄疸和降低谷丙转氨酶的作用。用于湿热毒邪内蕴所致急性、迁延性、慢性肝炎和重症肝炎（I 型）。也可用于其他型重症肝炎的综合治疗,茵陈提取物12g、栀子提取物6.4g、黄芩甙40g、金银花提取物8g,以上四味，取茵陈提取物、栀子提取物、金银花提取物，加水 300ml 使溶解，用 10% 氢氧化钠溶液调节 pH 至 6.5，滤过，滤液备用。黄芩甙加水适量搅拌成糊状，加水 300ml，用 10% 氢氧化钠溶液调节 pH 至 6.5~7.0，滤过，滤液与上述滤液合并，加枸橼酸 0.5g，蔗糖 100g、蜂蜜 50g、蛋白糖 2g 及苯甲酸钠 3g，搅匀，冷藏 24 小时，加水调整总量至 1000ml，搅匀，静置，滤过，灌封，灭菌，即得
胃疡安胶囊,胶囊剂,活血止痛，收敛止血。用于胃热痰痞，血瘀气滞，胃脘胀痛、溃疡及十二指肠溃疡，萎缩性胃炎,白及300g、黄连(吴茱萸制)100g、浙贝母100g、沉香50g、三七50g,以上五味，粉碎成细粉，过筛，混匀，装胶囊，即得
胃康胶囊,胶囊剂,健胃止痛，行瘀止血，制酸。用于胃脘痛的气滞证和血瘀证，胃、十二指肠溃疡、慢性胃炎、上消化道出血,白及63.5g、海螵蛸63.5g、香附63.5g、黄芪63.5g、白芍63.5g、三七63.5g、鸡内金38g、鸡蛋壳(炒焦)1g、乳香32g、没药15g、百草霜13g,以上十一味，白及、海螵蛸、鸡内金、鸡蛋壳、乳香、没药、百草霜粉碎成细粉；三七、香附粉碎成粗粉照流浸膏剂与浸膏剂项下渗漉法（附录 I O），用 75~80% 乙醇作溶剂，缓缓渗漉，收集渗漉液，回收乙醇，浓缩至稠膏状，残渣加水煎煮二次，合并煎液，滤过，滤液浓缩至稠膏状；黄芪、白芍加水煎煮三次，合并煎液，滤过，滤液浓缩至稠膏。合并上述稠膏，加入上述细粉，混匀，制成颗粒，干燥，装入胶囊，制成 1000 粒，即得
胃舒片,片剂,清热和胃，制酸止疼。用于肝胃郁热引起的泛酸嘈杂，胃脘疼痛，口苦口干，腹胀,鸡蛋壳1000g、天花粉30g、浙贝母15g,以上三味，粉碎成细粉，过筛，混匀，制粒，压制成 1750 片，即得
咽炎含片,片剂,清热解毒，消炎止痛。用于急、慢性咽炎,金银花120g、菊花72g、野菊花72g、射干100g、黄芩100g、关木通100g、麦冬100g、天冬100g、桔梗80g、忍冬藤120g、甘草80g、薄荷脑0.132g,以上十二味，菊花、野菊花提取挥发油备用；药渣与其余射干等九味加水煎煮二次，第一次 2 小时、第二次 1.5 小时，合并煎液，滤过，滤液浓缩至相对密度 1.29~1.31，加入糖粉，制粒，烘干；将薄荷脑溶于少量乙醇中，用氢氧化铝吸附，过筛，与上述颗粒混匀，喷入菊花等挥发油，密封 1 小时，压制成 400 片，即得
香连化滞片,片剂,调中化滞，止痛止痢。用于红白痢疾，里急后重，肚腹绞痛，停滞不消,白芍500g、黄芩250g、滑石200g、木香200g、陈皮250g、槟榔200g、薤白250g、甘草200g、当归500g、青皮250g、枳实250g、黄连200g,以上十二味，白芍、黄芩、滑石、木香分别粉碎成细粉，陈皮提取挥发油，挥发油用适量 95% 乙醇溶解，备用。陈皮提取挥发油后水煎煮 1 小时，槟榔加水煎煮二次，第一次 2 小时，第二次 1 小时，薤白、甘草加水煎煮二次，第一次 2 小时，第二次 1 小时，合并以上煎液，滤过，滤液浓缩成膏（相对密度 1.20~1.30，60℃）；当归用乙醇回流提取 8 小时，再用 60% 乙醇回流提取两次，第一次 4 小时，第二次 2 小时，青皮、枳实、黄连用 60% 乙醇回流提取三次，第一次 6 小时，第二次 4 小时，第三次 2 小时。合并以上乙醇提取液，滤过，回收乙醇浓缩成膏。将水、醇浓缩膏合并，加入白芍等细粉及辅料混匀，制成颗粒，干燥，加入陈皮挥发油乙醇溶液，混匀，压制成 4330 片，即得
香砂平胃丸,丸剂,健胃，舒气，止痛。用于胃肠衰弱，消化不良，胸隔满闷，胃痛呕吐,苍术200g、陈皮200g、厚朴(姜制)200g、木香100g、砂仁100g、甘草75g,以上六味，粉碎成细粉，过筛，混匀，用水泛丸，干燥，即得
香菊感冒颗粒,颗粒剂,疏风解表，芳香化湿，清暑解热。用于四时感冒，尤其对夏季感冒发热，头痛，胸闷无汗等，更为适宜,藿香40g、香薷24g、野菊花40g、青蒿40g,以上四味，用水蒸气蒸馏法提取挥发油，另器保存。药渣加水煎煮 30 分钟，煎液浓缩至相对密度约为 1.07（80~85℃），静置沉淀，滤过，滤液浓缩至相对密度约为 1.26（80~85℃）的清膏。取清膏 1 份，加蔗糖 6 份制成颗粒，干燥，加入上述挥发油及为干颗粒 0.01% 的薄荷油，混匀，即得
复方石韦片,片剂,清热燥湿，利尿通淋。用于小便不利，尿频，尿急，尿痛，下肢浮肿等症；也可用于急慢性肾小球肾炎，肾盂肾炎，膀胱炎，尿道炎，见有上述证状者,石韦740g、黄芪740g、苦参740g、萹蓄740g,以上四味，取苦参、石韦 715g、黄芪 690g 及扁蓄 715g，加水煎煮二次，第一次 2 小时，第二次 1 小时，滤过，滤液减压浓缩至稠膏状；另取石韦 25g、黄芪 50g、扁蓄 25g 粉碎成细粉，与上述稠膏混匀，烘干，粉碎，制成颗粒，压制成 1000 片，包糖衣，即得
复方石斛片,片剂,滋养肝肾，益气明目，用于昏眇内障，视力减退，瞳神散大及圆翳内障，云雾移睛之视物昏朦，迎风流泪等症,人参10.4g、羚羊角7.8g、五味子10.4g、枸杞子15.6g、川芎7.28g、山药10.4g、地黄31.2g、当归(酒浸)10.4g、水牛角浓缩粉20.8g、黄芩10.4g、栀子7.28g、防风10.4g、石斛15.6g、枳壳(炒)10.4g、麦冬31.2g、杜仲(去粗皮盐水炒)15.6g、决明子15.6g、甘草10.4g、天冬31.2g、牛膝15.6g、菟丝子10.4g、熟地黄31.2g、茯苓(去皮)15.6g、苦杏仁15.6g、蒺藜(盐水炒)15.6g、菊花10.4g、青葙子15.6g、知母20.8g,以上二十八味，除水牛角浓缩粉外，人参、羚羊角、五味子、枸杞子、川芎、山药、地黄、当归、黄芩、栀子、防风粉碎成细粉，备用；其余石斛等十六味加水煎煮二次，第一次 3 小时，第二次 2 小时，合并煎液，静置沉淀，吸取上清液，滤过，滤液减压浓缩至相对密度为 1.30（80℃）的稠膏，加入上述药粉及水牛角浓缩粉，混匀，干燥，粉碎成细粉，制粒，压制成 600 片，包糖衣，即得
复方仙灵脾酒,酒剂,补肝肾，强筋骨，祛风湿。用于腰膝酸软，四肢麻痹，神疲健忘,淫羊藿150g、枸杞子200g、丹参150g,以上三味，淫羊藿、丹参酌予碎断，与枸杞子同置容器内，加入白酒（55 度）适量，密闭浸渍 28 天，倾取上清液，滤过，药渣压榨，榨出液与滤液合并。取冰糖 500g 制成糖浆，与上述药液合并，搅匀，静置 72 小时，滤过，再加白酒调整含醇量，并使全量达 5000ml，过滤，即得
复方陇马陆胃药片,片剂,活血化瘀，解痉止痛，健脾消食，行气宽中。用于胃及十二指肠溃疡，慢性胃炎，胃脘胀痛或刺痛，嘈杂泛酸，食欲不振等,陇马陆全粉200g、三七40g（其他药材适量）,以上药材，将陇马陆，三七粉碎成细粉，过筛。其它药材提取浓缩至稠膏，加入上述细粉及辅料，混匀，制粒，干燥，压制成 1000 片，包糖衣，即得
复方茵陈糖浆,糖浆剂,清热解毒，祛瘀凉血，利湿退黄。用于肝胆湿热证，胁肋胀痛，恶心呕吐，纳呆腹胀，大便泄泻，小便短赤，或见黄疸，舌质红，苔黄腻，脉弦数或滑数；急性传染性肝炎见上述证候者,龙胆150g、丹参225g、茵陈225g、大青叶200g、车前草225g,以上五味，取龙胆、丹参，粉碎成粗粉，照流浸膏剂与浸膏剂项下的渗漉法（附录 I O），用 30% 乙醇作溶剂，浸渍后进行渗漉，收集漉液 2000ml，放置 3 小时，过滤，减压回收乙醇，备用；其余茵陈等三味加水煎煮二次，第一次 2 小时，第二次 1 小时，合并煎液，滤过，滤液与上述备用液合并，静置 12 小时，过滤，滤液浓缩至药液体积为原生药量的 2 倍时，加蔗糖 717.5g，搅拌使溶解后，继续浓缩至 1025ml，即得
复方柳菊片,片剂,清热解毒。用于肺结核病,旱柳叶1500g、野菊花1500g、白花蛇舌草1500g,以上三味，旱柳叶、白花蛇舌草加水煎煮二次，第一次 2 小时，第二次 1 小时，合并煎液，滤过，滤液浓缩至适量，加乙醇使含醇量为 70%，搅匀，静置使沉淀，取上清液回收乙醇，并浓缩成清膏；野菊花加水温浸（80~90℃）二次，每次 1 小时，合并浸液，滤过，低温浓缩至适量，加乙醇使含醇量为 70%，搅匀，静置使沉淀，取上清液回收乙醇，浓缩成清膏；加入上述清膏，混匀，浓缩至稠膏状，干燥，粉碎，加辅料适量，混匀，制粒，压制成 1000 片，包糖衣，即得
复方消痔栓,栓剂,收敛止血。用于治疗各期内痔出血，可作为治疗痔疮的辅助药物,五倍子59g、大黄59g、白螺蛳壳（煅）89g、青果核（炭）89g、冰片4g,以上五味，分别粉碎成细粉，过筛，另取半合成脂肪酸酯 1700g 加热熔融，待温度降至 60℃以下时，将上述药粉加入，搅拌均匀，浇模制成 1000 粒，即得
复方鲜石斛颗粒,颗粒剂,滋阴养胃，清热解酒，生津止渴。用于胃阴不足，口干咽燥，饥不欲食，舌红少津，酒后津枯虚热，酒醉烦渴等症,鲜石斛150g、葛根200g、三七25g,以上三味，取鲜石斛加水煎煮二次，每次 1.5 小时，合并煎液，滤过，滤液浓缩至适量，放冷，加乙醇至含醇量达 65%，静置，取上清液备用；葛根、三七加水煎煮三次，每次 2 小时，合并煎液，滤过，滤液浓缩至适量，放冷，加乙醇至含醇量达 65%，静置，取上清液，沉淀用乙醇洗一次，洗液并入上清液，加入鲜石斛液，回收乙醇并浓缩至每 1g 相当于生药 2g 的清膏，加入适量的蔗糖粉及枸橼酸，拌匀，制粒，干燥，制成 1000g，即得
复方蟾酥丸,丸剂,消解疮毒。用于痈疽、疔疮,蟾酥(制)100g、活蜗牛250g、麝香50g、乳香(制)50g、没药(制)50g、铜绿50g、胆矾50g、白矾(煅)50g、寒水石50g、朱砂150g、雄黄100g、轻粉25g,以上十二味，除麝香、蟾酥外，轻粉研成细粉；雄黄、朱砂分别水飞或粉碎成极细粉，活蜗牛与其余乳香等六味掺研，干燥，粉碎成细粉。将麝香、蟾酥研细，与上述粉末配研，过筛，混匀，用水泛丸，低温干燥，即得
保儿宁颗粒 (冲剂),颗粒剂,益气固表，健中醒脾。用于脾肺气虚所致的神倦纳呆，面黄肌瘦，烦躁不宁，表虚自汗，易感风邪等症,黄芪(炙)196g、白术(炒)98g、防风59g、芦根196g、鸡内金118g、茯苓137g、山药(炒)196g,以上七味，白术、防风共粉碎成粗粉，用 75% 乙醇温浸二次，每次 12 小时，合并滤液，减压浓缩至相对密度为 1.10~1.15（70~80℃）的清膏。取浸渍后的药渣与黄芪、芦根、茯苓、山药加水煎煮二次，第一次 2 小时，第二次 1.5 小时，合并煎液，滤过，滤液浓缩至适量，加等倍量的乙醇，静置沉淀，滤过，滤液回收乙醇，浓缩至相对密度为 1.20~1.30（70~80℃）的清膏。取鸡内金粉碎成粗粉，加水并加热至微沸，恒温 1 小时，滤过，滤渣同法提取一次，合并滤液，减压浓缩至相对密度为 1.05~1.10（70~80℃）的清膏。将上述三种清膏加蔗糖 650g 及香精适量，混匀，制粒，烘干，约得 1000g 颗粒。或加适量硬脂酸镁，压块，约得 343 块，每块重 3g
保儿宁糖浆,糖浆剂,益气固表，健中醒脾。用于脾肺气虚所致的神倦纳呆，面黄肌瘦，烦躁不宁，表虚自汗，易感风邪等症,黄芪(炙)196g、白术(炒)98g、防风59g、芦根196g、鸡内金118g、茯苓137g、山药(炒)197g,以上七味，白术、防风共粉碎成粗粉，用 75% 乙醇温浸二次，每次 12 小时，滤过，合并滤液，减压浓缩至相对密度为 1.10~1.15（70~80℃）的清膏。取浸渍后的药渣与黄芪、芦根、茯苓、山药加水煎煮二次，第一次 2 小时，第二次 1.5 小时，合并煎液，滤过，滤液浓缩至适量，加等量的乙醇静置沉淀，滤过，滤液回收乙醇，浓缩至相对密度为 1.15~1.25（70~80℃）的清膏。取鸡内金粉碎成粗粉，加水加热至微沸，恒温 1 小时，滤过，滤渣同法提取一次，合并滤液，减压浓缩至相对密度为 1.05~1.10（70~80℃）的清膏。取蔗糖 650g 加水适量制成糖浆。将上述三种清膏与糖浆混合加热至沸，加入苯甲酸钠、对羟基苯甲酸乙酯、香精适量混匀，加水至 1000ml，分装，即得
保赤一粒金丸,丸剂,解热镇惊，止咳化痰，通便，助消化。用于内热感冒，咳嗽发烧，消化不良，夜啼不眠,牛黄43.1g、天竺黄689.7g、朱砂431g、山楂(炒焦)574.7g、麦芽(炒焦)574.7g、六神曲(炒焦)574.7g、浙贝母3448.3g、鸡内金689.7g、青黛258.6g、钩藤431g、冰片258.6g、天花粉1724.1g、甘草431.1g、苦杏仁(去油)689.7g、陈皮1724.1g、巴豆霜43.1g、薄荷862.1g、琥珀689.7g、使君子仁(炒)431g、僵蚕431g,以上二十味，朱砂水飞成极细粉；牛黄、冰片、青黛、天竺黄研细，其余山楂等十五味粉碎成细粉，与上述细粉混合，过筛，混匀，用 10% 糊精水溶液泛丸，干燥，即得
追风片,片剂,舒筋活血，散风化痰。用于筋骨软弱，手足麻木，腰背疼痛，行步艰难,石膏40g、雄黄20g、制草乌40g、制川乌40g、白附子(制)20g、甘草20g、半夏60g、当归80g、桂枝32g、续断80g、白芍80g、川芎80g、白芷40g、防风80g、胆南星24g、僵蚕80g、地龙40g、荆芥油0.2ml,以上十八味，石膏粉碎成细粉，雄黄水飞或粉碎成极细粉，荆芥油用适量乙醇溶解，备用。制草乌、制川乌、白附子 (破碎)、甘草加水煎煮二次，第一次 3 小时，第二次 2 小时，半夏用冷水浸泡至透心后加干姜 5g 水煮二次，第一次 3 小时，第二次 2 小时，合并以上水提取液，滤过，滤液浓缩成相对密度 1.20~1.30 的清膏（50~60℃）。当归用乙醇 3 倍量回流提取 8 小时，再用 60% 乙醇 3 倍量回流提取二次，第一次 4 小时，第二次用 2 倍量乙醇提取 2 小时，桂枝、续断、白芍、川芎、白芷、防风、胆南星用 60% 乙醇回流提取三次；僵蚕、地龙用 25% 乙醇回流提取三次，时间均为第一次 6 小时，第二次 4 小时，第三次 2 小时；合并以上乙醇提取液，滤过，回收乙醇浓缩成膏，与上述水提浓缩膏合并，加入石膏、雄黄细粉及辅料混匀，制成颗粒，干燥放冷，兑入荆芥油醇溶液，混匀，压制成 830 片，即得
食消饮,口服液,消食导滞，除积消胀，调理肠胃。用于脘腹胀满，积食不化，嗳腐纳差,山楂150g、麦芽150g、六神曲150g、陈皮150g、瓜蒌100g、莱菔子100g、香橼100g、槟榔100g、紫苏叶100g、薄荷油1ml,以上十味，将山楂、瓜蒌、莱菔子、槟榔加水煎煮二次，每次 2 小时，合并煎液，滤过，滤液浓缩至适量，加乙醇使含醇量达 65%，静置使沉淀，取上清液回收乙醇，减压浓缩至膏状，陈皮、香橼、紫苏叶粉碎或粗粉，照流浸膏剂项下的渗漉法（附录 I O），用 75% 乙醇作溶剂，缓缓渗漉，收集渗漉液，回收乙醇，减压浓缩至膏状；麦芽，六神曲加热水浸泡 30 分钟，加热微沸 30 分钟，滤过，静置，取上清液，减压浓缩至膏状，将上述三种膏混匀，制成相对密度约为 1.35（80℃）的清膏。取清膏 1 份、蔗糖 7 份、制成颗粒，干燥，喷入薄荷油，混匀，分装或压块状即得
胚宝胶囊,胶囊剂,补肾温阳，养血填精。用于肾阳不足，精血亏虚，面色萎黄，食欲不振，畏寒肢冷，腰膝冷痛，气短自汗,羊胎盘1000g,取健康羊的新鲜胎盘 100g，洗净，沥干，绞碎，加酶水解 4 小时，水解液滤过，减压浓缩成稠膏状，加适量淀粉，混匀，制粒，烘干，粉碎，整粒，过筛，装胶囊，制成 1000 粒，即得
独活止痛搽剂,搽剂,止痛、消肿、散瘀。用于小关节挫伤，韧带、肌肉拉伤及风湿痛等,独活挥发油10g,取独活挥发油 10g，加玫瑰香精 10g，混匀，加入 70% 乙醇适量，搅匀，再用 70% 乙醇调整总量至 1000ml，滤过，分装，即得
养阴清肺糖浆,糖浆剂,养阴清肺，清热利咽。用于咽喉干燥疼痛，干咳少痰，痰中带血,地黄250g、玄参200g、麦冬150g、甘草50g、牡丹皮100g、川贝母100g、白芍100g、薄荷脑0.3125g,以上八味，地黄、玄参、麦冬、甘草水煮两次，合并水煎液，浓缩至适量，牡丹皮、川贝母、白芍用 60% 乙醇提取；将上述水煮浓缩液与乙醇提取液合并混匀，静置，吸取上清液备用。沉淀用适量 70% 乙醇转溶，充分混匀，静置，吸取上清液，沉淀用同法再溶解一次，滤除沉淀，合并两次溶液，回收乙醇，浓缩至适量，将上述备用液与浓缩液合并，加入 0.3% 苯甲酸钠搅匀，加入单糖浆和薄荷脑搅匀，静置，灌装。应出液数 2940ml，即得
活络镇痛片,片剂,舒筋活血，消瘀止痛。用于闪腰岔气，瘀血作痛，筋骨疼痛，腰痛、腿痛,天南星300g、红花150g、防风150g、白芷150g、当归150g,以上五味，白芷粉碎成细粉，过筛，备用。天南星用水浸泡至透心，后加入干姜、黑豆各 30g，加水煎煮 3 次，合并煎液，浓缩成相对密度 1.20~1.30（50~60℃）的清膏。当归用 95% 乙醇回流提取 8 小时，再用 60% 乙醇回流提取二次，第一次 4 小时，第二次 2 小时。防风、红花用 60% 乙醇回流提取 12 小时。合并以上乙醇提取液，回收乙醇并浓缩成膏。将水、醇浓缩膏合并，加入白芷细粉及辅料适量混匀，制成颗粒，干燥，压制成 750 片，即得
济众酊,酊剂,辛温解表，散寒止痛，化湿开胃。用于因中暑而引起的头晕、恶心、腹痛等,樟脑12g、薄荷脑6g、桂皮10g、砂仁10g、辣椒2.5g、大黄10g、广藿香40g、姜30g、小茴香30g,以上九味，樟脑、薄荷脑用适量乙醇溶解，其余砂仁等七味照流浸膏剂与浸膏剂项下的渗漉法（附录 I O），用 70% 乙醇作溶剂进行渗漉，收集渗漉液约 900ml，压出药渣中的溶剂，合并，加入樟脑、薄荷脑的乙醇溶液，加 70% 乙醇使成 980ml，静置，滤过，加乙醇使成 1000ml，混匀，即得
冠心苏合胶囊,胶囊剂,理气宽胸，止痛。用于心绞痛，胸闷憋气,苏合香25g、冰片52.5g、乳香（炒）52.5g、檀香105g、青木香105g,以上五味，乳香、冰片、檀香、青木香分别粉碎成细粉，过筛，混匀，苏合香用适量乙醇调匀，加入上述细粉中，混合均匀，过筛，制成颗粒，加入适量淀粉，制成颗粒，干燥，装入胶囊，制成 1000 粒，即得
祛风湿止痛散,散剂,祛风除湿，活血止痛。用于风寒湿痹，筋骨劳损等症,生川乌90g、生草乌90g、花椒90g、羌活90g、独活90g、防风90g、透骨草135g、姜石90g、红花135g、狼毒135g、半夏50g、白附子90g、地骨皮135g、蛇床子90g、艾叶135g、木贼135g、甘松90g、硫黄150g、栀子90g、胆矾90g、白鲜皮70g、川木通90g、猪牙皂90g、明矾90g,以上二十四味，混匀，粉碎成最粗粉，过筛，即得
祛风湿骨痛酒,酒剂,祛风湿，通经络。用于风湿性关节炎,海风藤600g、木瓜400g、络石藤600g、香加皮200g、鸡血藤600g、槲寄生600g,以上六味，粉碎成粗粉，照流浸膏剂与浸膏剂项下的渗漉法（附录 I O），用白酒 10000ml 作溶剂，浸渍 48 小时后，以每分钟 1~3ml 的速度渗漉，收集漉液，静置，滤过，即得
神农药酒,酒剂,祛风散寒，活血化瘀，舒筋活络。用于风寒湿痹，关节肿痛，肌肉劳损,寻骨风54g、川芎54g、丹参54g、当归21g、防风50g、杜仲38g、五加皮38g、老鹳草42g、大血藤46g、木香50g、络石藤50g、红花13g、牛膝17g、路路通21g、柴胡29g、草乌(制)17g、射干17g、独活13g、鸡血藤17g、苍术21g、爬岩香8g、威灵仙17g、徐长卿8g、钩藤13g、老虎菀42g、三百棒50g、伸筋草21g、三七1.7g、莲蓬草8g、八角莲17g、八棱麻35g、香茶菜28g、虎杖29g、金荞麦29g、拳参12g、山姜29g、蜘蛛抱蛋21g、菊叶三七22g、木梳21g、雄黄连34g、搜山虎17g、八角枫12g、算盘子根12g,以上四十三味，粉碎成粗粉，另取蔗糖 300g，溶解于白酒 10000g 中，照酊剂项下的浸渍法（附录 I N），用糖酒作溶剂（每次取糖酒约 5000g）浸渍二次，每次 15 天，合并浸液，静置，滤过，即得
神香苏合丸 (庆余救心丸),丸剂,温通宣痹，行气化浊。用于胸闷、气憋、心绞痛以及气厥、心腹疼痛等及冠心病具有上述证候者,麝香50g、冰片50g、水牛角浓缩粉400g、乳香(制)100g、安息香100g、白术200g、香附200g、木香200g、沉香200g、丁香200g、苏合香200g,以上十一味，除水牛角浓缩粉外，苏合香水隔水炖化，麝香、冰片分别粉碎成最细粉，备用；其余乳香等七味粉碎成细粉，混匀；将麝香等最细粉与上述细粉及水牛角浓缩粉配研，过筛，混匀；每 1700g 粉末加入淀粉 13.4g，混匀，苏合香用适量乙醇稀释，制微丸，低温干燥，即得
顽癣敌软膏,膏剂,消炎解毒、止痒。用于干癣、风癣、牛皮癣、多年蔓延不愈,柳蘑320g、蜂蜡400g,取柳蘑粉碎成细粉、过筛、备用，另取花生油 1200g 锅内加热，加入蜂蜡溶化，待温降至 100~80℃时，加入上述柳蘑粉末，搅拌均匀，待凉，即得
夏桑菊颗粒,颗粒剂,清肝明目，疏风散热，除湿痹，解疮毒。用于风热感冒，目赤头痛，高血压，头晕耳鸣，咽喉肿痛，疔疮肿毒等症，并可作清凉饮料,夏枯草500g、野菊花80g、桑叶175g,以上三味，加水煎煮二次，每次 1.5 小时，合并煎液，滤过，滤液浓缩至生药量的 1/2（V/W），加 2 倍量的 95% 乙醇，充分搅拌，静置过夜，滤过，滤液回收乙醇，减压浓缩至相对密度为 1.25~1.26（30℃），加入适量蔗糖粉，混匀，制成颗粒，干燥，制成 1000g，即得
逍遥颗粒,颗粒剂,疏肝健脾，养血调经。用于肝气不舒，胸胁胀痛，头晕目眩，食欲减退，月经不调,柴胡143g、当归143g、白芍143g、白术(炒)143g、茯苓143g、甘草(蜜炙)114.4g、薄荷28.6g,以上七味，薄荷提取挥发油，蒸馏后的水溶液另器收集；另取生姜 143g，与上述药渣及其余柴胡等六味加水煎煮二次，第一次 2 小时，第二次 1 小时，合并煎液，滤过，滤液与上述水溶液合并，浓缩至相对密度为 1.26~1.30（90℃），加入蔗糖、糊精及乙醇适量，制成颗粒，干燥，喷入薄荷挥发油，混匀，制成 15000g，即得
哮喘宁颗粒 (冲剂),颗粒剂,宣肺止咳，清热平喘。用于肺热哮喘,黄芩300g、牡丹皮225g、桂枝225g、甘草150g,以上四味，取牡丹皮、桂枝加乙醇回流提取 2 小时，滤过，滤液备用；药渣与黄芩、甘草加水煎煮二次，第一次 2 小时，第二次 1 小时，合并煎液，滤过，滤液减压浓缩至相对密度为 1.35~1.38（90℃），加入上述乙醇提取液及蔗糖、糊精适量，充分混匀，制成颗粒，70℃以下干燥，制成 1000g，或压制成 100 块，即得
健肾地黄丸,丸剂,滋补肾水，添精益髓。用于精髓亏损，阴虚气亏，性神经衰弱，阳痿倦怠，腰痿腿软，气短头晕，须发早白,地黄100g、熟地黄100g、茯苓80g、山药80g、泽泻60g、覆盆子80g、枸杞子80g、五味子(制)60g、沙苑子(盐水炒)60g、菟丝子200g,以上十味，粉碎成细粉，过筛，混匀。每 100g 粉末加炼蜜 100~120g 制成小蜜丸，即得
健肾壮腰丸,丸剂,健肾壮腰。用于腰酸腿软，头昏耳鸣，眼花心悸，阳痿遗精,女贞子(酒蒸)75g、黄精75g、狗脊75g、金樱子75g、千斤拔93.8g、何首乌(制)46.9g、熟地黄112.6g,以上七味，粉碎成细粉，过筛，混匀。每 100g 粉末加炼蜜 65~85g 制成小蜜丸，即得
益气六君丸,丸剂,补气健脾。用于脾胃虚弱，食少便溏，胸脘胀闷,党参200g、甘草(炙)100g、白术(炒)200g、半夏(制)200g、茯苓200g、陈皮100g、生姜100g、大枣200g,以上八味，生姜、大枣加水煎煮二次，每次 1 小时，合并煎液，滤过，滤液浓缩至适量，备用；其余党参等六味粉碎成细粉，过筛，混匀，用上述浓缩液泛丸，干燥，即得
益心丸,丸剂,益气强心，芳香开窍，活血化瘀。用于心绞痛、胸闷、心悸、气促及冠心病、心功能不全见有上述证候者,红参882g、牛角尖粉294g、蟾酥147g、冰片176g、红花59g、牛黄353g、附子(制)206g、麝香59g、三七382g、安息香176g、珍珠206g,以上十一味，红参、红花、蟾酥、附子分别粉碎成粗粉，照流浸膏剂与浸膏剂项下的渗漉法（附录 I O），分别用 60% 乙醇作溶剂，浸渍 24 小时后进行渗漉，收集漉液，回收乙醇，浓缩成稠膏；三七、珍珠、牛角尖粉、冰片、牛黄和麝香粉碎成细粉，混匀，过筛；安息香用 75% 乙醇充分湿润，与上述浸膏、药粉搅拌混匀，加入淀粉约 200g，搅匀，制成软材，制丸，于 60℃以下干燥，用活性炭包衣，打光，即得
消风止痒颗粒,颗粒剂,消风清热，除湿止痒。主治丘疹样荨麻疹，也用于湿疹、皮肤瘙痒症,防风50g、蝉蜕50g、地骨皮90g、苍术(炒)60g、亚麻子90g、当归90g、地黄150g、关木通30g、荆芥50g、石膏30g、甘草30g,以上十一味，取石膏打碎加水煮沸 2 小时，加入其余防风等十味继续煎煮二次，第一次 3 小时，第二次 2 小时，合并煎液，滤过，滤液浓缩至适量（每 1ml 含 0.5g 药材）。加乙醇使含醇量达 70%，搅匀，静置，滤过，滤液浓缩至相对密度 1.36 左右（20℃）的清膏。每 100g 清膏加蔗糖粉 800g，制成颗粒，低温干燥，装成 100 袋；或压制成 100 块，即得
消积化滞片,片剂,清理肠胃，消积化滞。用于消化不良，胸闷胀满，肚腹疼痛，恶心倒饱，大便不通,大黄220g、三棱220g、牵牛子220g、莪术220g、枳实220g,以上五味，大黄粉碎成细粉，过筛，备用。三棱水煎煮两次，第一次 3 小时，第二次 2 小时，合并煎液，滤过，滤液浓缩至相对密度为 1.20~1.30（60℃）的稠膏。牵牛子用乙醇回流提取 3 小时，滤过，药渣再用 60% 乙醇回流提取 3 小时，滤过。莪术、枳实用 60% 乙醇回流提取两次，第一次 3 小时，第二次 2 小时。合并以上乙醇提取液，回收乙醇，浓缩成膏。将水、醇浓缩膏合并，加入大黄细粉及辅料，混匀，制成颗粒，干燥，压制成 970 片，即得
消疲灵颗粒,颗粒剂,益气活血，养血安神，消除疲劳，恢复体力。用于过度疲劳引起的心悸气短，四肢酸痛，全身无力，精神疲惫，烦躁失眠，食欲不振和病后体质虚弱,人参45g、麦冬150g、五味子90g、黄芪150g、当归90g、龙眼肉120g、肉桂30g、灵芝90g、鸡血藤90g、茯苓75g、山楂150g、丹参90g、枣仁90g、阿胶60g,以上十四味，阿胶粉碎成细粉，其余人参等十三味，加水煎煮二次，每次 2 小时，合并煎液，滤过，滤液浓缩成稠膏，加乙醇 5.5~6.0 倍量，搅匀，静置，分取上清液，残渣加 85% 乙醇 2 倍量，搅匀，静置，合并两次上清液，滤过，回收乙醇，浓缩成清膏，加入阿胶细粉及蔗糖粉适量，制成颗粒，干燥，制成 1000g，即得
消痔丸,丸剂,消肿生肌，清热润便，补气固脱，止血，止痛。用于痔疾肿痛，便秘出血，脱肛不收以及肠风下血，积滞不化等症,地榆(炒炭)9g、牡丹皮6g、三颗针皮(炒炭)6g、大黄(酒炒)9g、黄芪6g、白及9g、槐角(蜜炙)9g、防己9g、白术(炒)9g、当归(酒炒)6g、火麻仁(炒黄)9g、动物大肠30g,以上十二味，粉碎成细粉，过筛，混匀。每 100g 细粉加炼蜜 100~120g 制成大蜜丸，即得
消痔灵注射液,注射剂,收敛、止血。用于内痔出血，各期内痔，静脉曲张性混合痔,明矾40g、鞣酸1.5g、三氯叔丁醇5g、低分子右旋糖酐注射液100ml、枸橼酸钠15g、亚硫酸氢钠1.5g、甘油100ml,以上七味，将明矾、枸橼酸钠加入注射用水适量，搅拌至完全溶解，另将三氯叔丁醇、低分子右旋糖酐注射液 100ml、甘油搅拌至完全溶解，与上述药液合并，再加入鞣酸、亚硫酸氢钠，搅匀，滤过，加注射用水调整总量至 1000ml，用 0.45μm 的滤膜滤至澄明，灌封（安瓿内充氮气），灭菌，即得
消痞阿魏丸,丸剂,消痞积。用于症积聚，痞块疟母,阿魏60g、厚朴(制)100g、连翘60g、陈皮100g、莪术60g、麦芽(炒)200g、青皮60g、山楂(炒)100g、三棱60g、六神曲(焦)200g、姜半夏60g、甘草60g、黄连60g、莱菔子(炒)60g,以上十四味，除莱菔子、阿魏另研细粉外，其余厚朴等十二味粉碎成细粉，过筛，混匀，用莱菔子、阿魏细粉起模，用水泛丸，干燥，打光，即得
消渴降糖胶囊,胶囊剂,生津止渴，甘平养胃，涩敛固阴。用于多饮，多尿，多食，消瘦，体倦无力，尿糖及血糖升高之消渴症；轻度及中度成年型糖尿病,番石榴叶（每粒装0.3g，相当于原药材3g）,取番石榴叶，加水煎煮二次，每次 2 小时，合并煎液，滤过，滤液浓缩至相对密度为 1.25（80℃），放冷，加 4 倍量乙醇，搅匀，静置 24 小时，滤过，滤液浓缩至稠膏状，烘干，粉碎，过筛，装入胶囊，即得
诸葛行军散,散剂,消暑解毒，辟秽利窍。用于中暑昏晕，腹痛吐泻，热症烦闷，小儿惊闭等症,麝香150g、冰片180g、牛黄150g、雄黄225g、硼砂150g、硝石(精制)30g、珍珠粉300g、姜粉60g,以上八味各研细粉，配研均匀，过筛，混匀，即得
桑菊感冒散,散剂,疏风清热，宣肺止咳。用于风热感冒初起，头痛，咳嗽，口干，咽痛,桑叶170g、菊花68g、苦杏仁137g、连翘103g、桔梗137g、甘草45g、薄荷103g、芦根137g,以上八味，混合粉碎成中粉，过筛，混匀，分装，即得
排石膏,膏剂,利水、通淋、排石。用于肾脏结石，输尿管结石，膀胱结石等泌尿系统结石症,连钱草400g、忍冬藤100g、木通60g、石韦60g、瞿麦60g、徐长卿60g、滑石100g、冬葵子60g、车前子60g、甘草100g,以上十味，加水煎煮二次，每次 2 小时，合并煎液，静置，滤取上清液，浓缩至适量；另取蔗糖 150g 制成糖浆，加入上述浓缩液中，继续浓缩至规定的相对密度，即得
黄连羊肝片,片剂,消炎明目，止痛。用于肝火旺盛，眼目昏暗，羞明怕光，胬肉攀晴，迎风流泪,石决明80g、蒺藜64g、龙胆40g、茺蔚子40g、鲜羊肝320g、柴胡80g、黄连40g、胡黄连80g、黄芩80g、黄柏40g、决明子80g、夜明砂80g、青皮40g、密蒙花40g、木贼40g,以上十五味，石决明粉碎成细粉，过筛。蒺藜、龙胆、茺蔚子加水煎煮二次，合并煎液，滤过。木贼加水煎煮一次，滤过。柴胡加水煮沸后温浸二次，每次 3 小时，滤过。合并以上各液浓缩成膏。鲜羊肝浸渍法提取二次，每次 7 天，第一次用乙醇（按溶剂 0.05% 加盐酸）提取，第二次用 60% 乙醇提取，其余胡黄连等八味用 60% 乙醇渗漉提取，合并以上乙醇提取液，回收乙醇，浓缩成膏。将水、醇浓缩膏合并加入石决明粉及辅料，混匀。制粒，干燥，压片，即得
硇砂膏,膏剂,解毒活血，消肿止痛。用于疮疖坚硬、红肿痛痒、溃烂,硃砂460g、轻粉38g、乳香(制)38g、红升丹38g、没药(制)38g、樟脑60g、血竭38g、儿茶38g、当归30g、大黄40g、连翘40g、木鳖子30g、白蔹30g、赤芍40g、桔梗40g、白芷30g、玄参30g、苍术30g、地黄40g、蓖麻子30g、金银花30g、穿山甲30g、川芎30g、蜈蚣2.5g,以上二十四味，硇砂、轻粉、乳香、红升丹、没药、樟脑、血竭、儿茶粉碎成细粉，过筛，混匀，备用。其余当归等十六味酌予碎断，加食用植物油 2400g，同置锅内浸泡过夜，加热至 240℃左右炸枯，去渣，滤过，加热至 300℃左右，炼至 “滴水成珠”。另取红丹 900g，分次加入油内，搅匀，收膏，将膏浸泡于水中。取膏用文火熔化，加入上述备用粉末，搅匀，分摊于纸上，即得
雪梨止咳糖浆,糖浆剂,润肺，止咳，化痰。适用于支气管炎，咳嗽，咳痰,桔梗10g、苦杏仁(炒)10g、前胡10g、紫菀(炙)15g、款冬花15g、枇杷叶20g、梨清膏200g,以上七味，除梨清膏外，余药按酊剂项下的浸渍法（附录 I N），用 70% 乙醇作溶媒，浸渍二次，第一次三天，第二次二天，收集浸渍液，回收乙醇，浓缩至适量，加入蔗糖 650g，梨清膏及防腐剂适量，搅匀，浓缩，调整体积至 1000ml，静置 24 小时，滤过，分装，即得
蛇连川贝散,散剂,消炎降气，祛痰止咳。用于支气管炎，风热咳嗽,蛇胆（干）5.5g、川贝母310g、半夏（制）310g、黄连16.5g、甘草16.5g,以上五味，半夏、川贝母粉碎成细粉，过筛，混匀；蛇胆剪破，用适量白酒浸渍，取其汁；黄连、甘草加水煎煮二次，每次 2 小时，合并煎液，滤过，滤液加入上述粉末与蛇胆汁，混匀，干燥，粉碎，过筛，即得
麻仁滋脾丸,丸剂,润肠通便，健胃消食。用于胸腹胀满，大便不通，饮食无味，烦躁不宁,大黄(制)160g、火麻仁80g、当归80g、厚朴(姜制)40g、苦杏仁(炒)40g、枳实(麸炒)40g、郁李仁40g、白芍30g,以上八味，除火麻仁、郁李仁、苦杏仁外，其余大黄等五味粉碎成细粉，再与火麻仁等共同粉碎成细粉，混匀，过筛。每 100g 粉末加炼蜜 80~100g 制成大蜜丸，即得
羚羊感冒颗粒,颗粒剂,清热解毒，散风解表；预防流感，用于感冒初起，畏寒发热，四肢酸软，头痛咳嗽，咽喉肿痛，流涕目赤,羚羊角5g、金银花240g、桔梗160g、连翘240g、荆芥穗120g、淡竹叶120g、甘草100g、牛蒡子160g、淡豆豉100g、薄荷脑1g、薄荷油0.5ml,以上十一味，羚羊角粉碎成细粉；牛蒡子、淡豆豉分别照流浸膏剂与浸膏剂项下的渗漉法（附录 I O），各用 60% 乙醇、25% 乙醇作溶剂，进行渗漉；合并两种漉液，回收乙醇，并浓缩成稠膏，备用；连翘、荆芥穗蒸馏提取挥发油，蒸馏后的水溶液另器收集；药渣与金银花、桔梗、淡竹叶、甘草用蒸馏后的水溶液加水煎煮二次，每次 1.5 小时，合并煎液，滤过，滤液与清膏合并，浓缩至约 980ml，静置 24 小时，取上清液，浓缩至相对密度为 1.38~1.40（80℃）的清膏。取清膏 1 份、蔗糖粉 1.5 份、淀粉 1.5 份及羚羊角细粉，混匀，制成颗粒，干燥，加入薄荷脑、薄荷油及上述连翘等挥发油，混匀，即得
清热灵颗粒,颗粒剂,清热解毒。用于感冒发热，咽喉肿痛等症,黄芩250g、连翘250g、大青叶250g、甘草50g,以上四味，加水煎煮二次，每次 1.5 小时，合并煎液，滤过，滤液浓缩至相对密度约为 1.08，使冷却至室温，加入乙醇使含醇量为 58~60%，静置 24 小时，滤过，滤液浓缩至相对密度为 1.29~1.31，加入蔗糖粉及糊精适量，制成颗粒，干燥，制成 100g，即得
清凉膏药,膏剂,清凉解毒。用于疮毒、肿痛,当归10g、玄参40g、赤芍40g、马钱子120g、大黄40g、蜂房40g、地黄120g、甘草40g、黄柏40g、白芷120g、白薇120g,以上十一味，酌予碎断，与食用植物油 3600g 同置锅内，炸枯，去渣，滤过，炼至滴水成珠，加入红丹 900g，搅匀，收膏，将膏浸泡于水中 3~7 天。取膏置锅内烘烊（60~70℃），分摊于纸上，即得
液状琼玉膏,膏剂,补虚健脾。用于气阴不足，肺虚干咳，津枯形瘦，劳损失血,地黄640g、茯苓120g、党参60g,以上三味，加水煎煮二次，第一次 4 小时，第二次 3 小时，合并煎液，静置 24 小时，滤过，滤液浓缩至适量。另取蜂蜜 200g，加热至 85~95℃，保温 30 分钟，加入苯甲酸 2g，搅拌使溶解，滤过，滤液并入上述浓缩液中，以柠檬酸调节 pH 值，加水使成 1000ml，搅匀，灌装，即得
越鞠保和丸,丸剂,舒肝解郁，开胃消食。用于气郁停滞，倒饱嘈杂，胸腹胀痛，消化不良,栀子(姜制)120g、六神曲(麸炒)120g、香附(醋制)120g、川芎120g、苍术120g、木香60g、槟榔60g,以上七味，粉碎成细粉，过筛，混匀，用水泛丸，干燥，即得
散风宁嗽糖浆,糖浆剂,散风解热，止嗽化痰。用于四时感冒，风寒咳嗽，头痛无汗，鼻塞声重，畏风恶寒，鼻流清涕，四肢无力,半夏192g、北沙参96g、厚朴48g、化橘红192g、前胡192g、黄芩96g、浙贝母96g、桔梗48g、葛根96g、天花粉96g、苦杏仁96g、紫苏叶油0.61g,以上十二味，半夏用冷水浸泡至透心，加干姜 16g，加水煎煮二次，滤过。北沙参加水煎煮二次，滤过，合并以上水煎液浓缩至适量。厚朴用 60% 乙醇渗漉提取。化橘红、前胡、黄芩、浙贝母、桔梗用 60% 乙醇渗漉提取，收集初提液 1160ml 备用，继续提取。葛根、天花粉用 25% 乙醇提取，收集初提液 400ml 备用，继续提取，合并以上乙醇提取液及续提液，回收乙醇浓缩至适量。紫苏叶油用乙醇适量溶解。苦杏仁提取杏仁水备用。将以上水煎浓缩液、乙醇提取浓缩液、杏仁水、紫苏叶油的醇溶液合并，混匀，加入 0.25% 氨水，调整容量及含醇量，搅匀。调节 pH 值 7~8，静置三天，吸取上清液，余液滤除沉淀与上清液合并加入单糖浆 640ml（按应出液数的 20%）搅匀。继续静置七天，调整总量至 3200ml。灌装，即得
跌打片,片剂,活血化瘀，消肿止痛。用于跌打损伤，筋断骨折，瘀血肿痛，闪腰岔气,三七64g、当归32g、白芍48g、赤芍64g、桃仁32g、红花48g、血竭48g、北刘寄奴32g、骨碎补(烫)32g、续断320g、苏木48g、牡丹皮32g、乳香(制)48g、没药(制)48g、姜黄24g、三棱(醋制)48g、防风32g、甜瓜子32g、枳实(炒)32g、桔梗32g、甘草48g、关木通32g、自然铜(煅)32g、土鳖虫32g,以上二十四味，将三七、当归、血竭、红花、赤芍、白芍、乳香、没药、牡丹皮、续断、自然铜、姜黄、桔梗、防风、积实粉碎成细粉；三棱、苏木、甜瓜子、桃仁、骨碎补、土鳖虫、关木通、北刘寄奴水煮二次，第一次 10 倍水，3 小时，第二次 8 倍水，2 小时，合并水煮液与化开的甘草膏（48g 甘草相当于甘草膏 12g），浓缩成膏（相对密度 1.20~1.30，50~60℃）。浓缩膏加入三七等细粉及辅料，混匀，制成颗粒，干燥，压制成 3300 片，包衣，即得
跌打按摩药膏,膏剂,活血散瘀，止痛解痉。用于急、慢性扭挫伤，软组织劳损，风湿性关节痛,樟脑77g、薄荷脑43g、水杨酸苯酯35g、辣椒松节油提取物33g,以上四味，与适量经加热溶解后的由硬脂酸、十六醇、乙二醇、丙二醇等制成的基质混匀，制成 1000g，倒入盒中，待凝固后包装，即得
舒咳枇杷糖浆,糖浆剂,止咳祛痰。用于伤风引起的支气管炎,枇杷叶200g、氯化铵20g、麻黄20g、薄荷脑0.05g、桔梗20g、远志10g,以上六味，除氯化铵、薄荷脑外，其余枇杷叶等四味加水煎煮二次，每次 2 小时，合并煎液，滤过，滤液浓缩至适量，加入 400g 蔗糖和适量的防腐剂，搅匀，加入氯化铵、薄荷脑及适量的橙皮酊和食用香精，加水使成 1000ml，滤过，即得
舒筋定痛片,片剂,活血散瘀，消肿止痛。用于跌打损伤，慢性腰腿疼，风湿痹疼,当归60g、乳香(醋制)60g、土鳖虫100g、骨碎补60g、自然铜(醋煅)60g、硼砂(煅)60g、红花60g、没药(醋制)60g、大黄60g,以上九味，大黄、硼砂、自然铜、乳香、没药粉碎成细粉，过筛。红花、骨碎补、土鳖虫照流浸膏与浸膏剂项下的渗漉法（附录 I O），用 60% 乙醇作溶剂，进行渗漉；当归用 70% 乙醇作溶剂，进行渗漉，合并以上渗漉液，回收乙醇，浓缩成膏，将乙醇浓缩膏加入大黄等粉末及辅料，混匀，制成颗粒，干燥，压制成 1320 片，包糖衣，即得
猴菇片,片剂,养胃和中。用于胃、十二指肠溃疡及慢性胃炎,猴头菇400g（100g制粉，300g制浸膏）,取猴头菇 100g，烘干，粉碎，过 80 目筛备用；另取猴头菇 300g 加水煎煮三次，第一次 1.5 小时，第二、三次各 1 小时，合并煎液，滤过，滤液浓缩成稠膏。加入上述猴头菇粉及淀粉适量，搅匀，真空干燥，制成颗粒，加白陶土及淀粉适量，压制成 1000 片，包糖衣，即得
痧气丸,丸剂,祛暑辟秽，开窍解毒。用于水土不服，痧胀腹痛，吐泻，头痛恶心，牙关紧闭，四肢逆冷，头昏目眩,苍术(炒)60g、麻黄72g、天麻72g、麝香4g、细辛40g、猪牙皂40g、蟾酥10g、大黄100g、雄黄72g、丁香12g、朱砂(水飞)72g,以上十一味，麝香、蟾酥另研成极细粉，除朱砂外，其余苍术等八味粉碎成细粉，加麝香、蟾酥过筛混匀；用水泛成细小丸，朱砂包衣，干燥，即得
痛经灵颗粒,颗粒剂,活血化瘀，理气止痛。用于气滞血瘀所致痛经,丹参15g、赤芍10g、香附(醋制)10g、玫瑰花10g、蒲黄6g、元胡(醋制)10g、五灵脂(制)6g、桂枝6g、红花6g、乌药12g,以上十味，加水煎煮二次，第一次 2 小时，第二次 1.5 小时，合并煎液，滤过，滤液浓缩至适量，加入乙醇，搅拌，静置，取上清液回收乙醇，浓缩至稠膏状，加入辅料（稠膏与辅料制粒应为 1:4）制粒，干燥，混匀，即得
强身酒,酒剂,强身活血，健胃。用于身体衰弱，神倦力乏，脾胃不和，食欲不振,党参(炒)100g、五加皮50g、首乌(制)75g、牛膝50g、生地黄50g、桑寄生50g、熟地黄50g、女贞子(酒制)50g、鸡血藤50g、白术(炒)50g、木瓜50g、香附(制)25g、丹参50g、陈皮25g、山药50g、半夏(姜制)25g、泽泻50g、桔梗25g、六神曲(焦)50g、大枣25g、山楂(焦)50g、红花12.5g、麦芽(炒)50g,以上二十三味，粉碎成粗粉，按流浸膏剂与浸膏剂项下的渗漉法（附录 I O），用白酒 8.6kg 作溶剂，浸渍 48 小时后，缓缓渗漉，收集渗漉液，静置，滤过，滤液加蔗糖 860g 搅拌溶解，滤过，制成 8500ml，即得
暖脐膏 (橡胶膏),膏剂,温里散寒，行气止痛。用于寒凝气滞，小腹冷痛，脘腹痞满，大便溏泻,当归80g、白芷80g、乌药80g、小茴香80g、八角茴香80g、木香40g、香附80g、乳香20g、母丁香20g、没药20g、肉桂20g、沉香20g、麝香3g,以上十三味，除乳香、没药、麝香外，其余当归等十味，用 75~85% 乙醇回流提取，浓缩得浸膏；将乳香、没药、麝香及上述浸膏加入由橡胶、松香等制成的基质中，制成涂料。进行涂膏，切段、盖衬、切成小块，即得
精乌胶囊,胶囊剂,补肝肾，益精血，壮筋骨。用于失眠多梦，耳鸣健忘，头发脱落及须发早白,制何首乌500g、黄精(制)500g、女贞子(酒蒸)250g、墨旱莲250g,以上四味，取制何首乌 200g，粉碎成细粉，剩余制何首乌与其余黄精等三味加水煎煮三次，滤过，合并滤液，浓缩至相对密度为 1.1，加入乙醇使含醇量达 60%，充分搅拌，静置 24 小时，取上清液回收乙醇并浓缩至稠膏，冷后加入制何首乌细粉，搅匀后，烘干，粉碎，装入胶囊，制成 1000 粒，即得
精乌颗粒 (冲剂),颗粒剂,补肝肾，益精血，壮筋骨。用于失眠多梦，耳鸣健忘，头发脱落及须发早白,黄精（制）500g、制何首乌500g、女贞子（制）250g、墨旱莲250g,以上四味，加水煎煮三次，每次 1.5 小时，合并煎液，滤过，滤液浓缩至相对密度约为 1.15（80℃），放冷，加入适量乙醇使含醇量达 60%，搅拌，静置 24 小时，吸取上清液，回收乙醇，浓缩至相对密度为 1.20~1.30（80℃），加入蔗糖粉及可溶性淀粉适量，制粒，压块或直接取颗粒分装，即得。共制块状冲剂 150 块或颗粒 150 袋
增液颗粒,颗粒剂,养阴生津，清热润燥。用于热邪伤阴、津液不足所引起的阴虚内热，口干咽燥，大便燥结；亦可用于感染性疾患高热所致体液耗损的辅助用药,玄参270g、地黄216g、麦冬216g,以上三味，加温水浸泡 2~4 小时，煎煮 1.5 小时，煎液滤过，滤液浓缩至 780ml，放冷，加 2 倍量乙醇使沉淀，滤过，滤液回收乙醇，减压浓缩至相对密度为 1.38~1.40（85℃）的清膏。取清膏，加适量的蔗糖粉和糊精，制成颗粒，干燥，制成 1000g，即得
橘贝半夏冲剂,颗粒剂,化痰止咳，宽中下气。用于咳嗽痰多，胸闷气急,橘红15g、川贝母22g、半夏(制)530g、桔梗15g、远志(制)20g、紫苏子(炒)10g、紫菀12g、款冬花(炒)15g、枇杷叶150g、前胡10g、苦杏仁霜25g、麻黄7g、肉桂4g、天花粉10g、木香14g、甘草12g,以上十六味，将橘红、川贝母、半夏、桔梗、远志、苦杏仁霜、肉桂、天花粉、木香、甘草粉碎成细粉，过筛，混匀；其余紫苏子等六味加水煎煮 2 小时，滤过，滤液浓缩至适量，加入蔗糖 140g，待溶化后滤过，与上述粉末拌匀，制成颗粒或压制成块，干燥，即得
醒脑安神胶囊,胶囊剂,清热解毒，清脑安神。用于头身高热、头昏脑晕，言语狂燥，舌干眼花，咽喉肿痛，小儿内热惊风抽搐；对高血压、神经官能症、神经性头痛、失眠等皆有清脑镇静作用,连翘30g、大黄36.75g、黄连5.25g、石膏51g、石决明(煅)10.5g、雄黄55.5g、赭石51g、磁石(煅)21g、金银花21g、天花粉51g、甘草51g、葛根30g、胆膏2.1g、玄参51g、栀子30g、麦冬51g、黄芩51g、郁金40.5g、板蓝根49.5g、地黄36.75g、蒲公英72g、牛黄0.21g、珍珠2.1g、朱砂2.1g、冰片5.25g,以上二十五味，连翘、大黄、黄连、石膏、石决明、雄黄、赭石、磁石、金银花、天花粉、甘草、葛根粉碎成细粉，过筛，备用；玄参、栀子、麦冬、黄芩、郁金、板蓝根、地黄、蒲公英水煮三次，滤过，合并滤液，加胆膏搅拌均匀，浓缩成清膏；将上述细粉加入浓缩膏中，混匀，制成颗粒，烘干，粉碎；珍珠、牛黄、朱砂、冰片分别研成极细粉，混合均匀，再与上述粉末套研均匀，过筛，装胶囊，制成 1000 粒，即得
螺旋藻片,片剂,益气养血，化痰降浊。用于气血亏虚，痰浊内蕴，面色萎黄，头晕头昏，四肢倦怠，食欲不振；病后体虚，贫血，营养不良属上述证候者,螺旋藻350g,取螺旋藻 350g，粉碎成细粉；微晶纤维素 220g，粉碎成细粉；过筛，混匀，加入淀粉适量，制成颗粒，压制成 1000 片，即得
螺旋藻胶囊,胶囊剂,益气养血，化痰降浊。用于气血亏虚，痰浊内蕴，面色萎黄，头晕头昏，四肢倦怠，食欲不振；病后体虚，贫血，营养不良属上述证候者,螺旋藻（每粒0.35g）,取颤藻科原生生物钝顶螺旋藻的干燥藻体，粉碎，装入胶囊，即得
藿香正气片,片剂,解表化湿，理气和中。用于外感风寒，内伤湿滞，头痛昏重，脘腹胀痛，呕吐泄泻；胃肠型感冒,苍术160g、陈皮160g、厚朴(姜制)160g、白芷240g、茯苓240g、大腹皮240g、生半夏160g、甘草浸膏20g、广藿香油1.6ml、紫苏叶油0.8ml,以上十味，生半夏、白芷 150g 分别粉碎成细粉，过筛备用；陈皮提取挥发油与广藿香油、紫苏叶油混合后用乙醇适量溶解，备用；陈皮药渣水煎煮一次，时间为 1 小时；大腹皮、茯苓水煎煮两次，第一次 2 小时，第二次 1 小时，合并以上水煎液，滤过，滤液与甘草浸膏合并，浓缩至相对密度 1.20~1.30 (50~60℃) 的膏；白芷 90g、苍术、厚朴用 60% 乙醇回流提取三次，第一次 6 小时，第二次 4 小时，第三次 2 小时，合并以上乙醇提取液，滤过，滤液回收乙醇，浓缩成膏；将水、醇浓缩膏合并，加入生半夏、白芷等细粉及辅料，混匀，制成颗粒，干燥，兑入广藿香油、紫苏叶油、陈皮油的醇溶液，混匀，压制成 1849 片，即得
麝香祛风湿膏,膏剂,祛风湿，活血，镇痛，消肿。用于风湿痛，筋骨痛，关节痛，腰腿酸痛，坐骨神经痛以及跌打肿痛,麝香0.26g、血竭6.2g、乳香29.4g、没药29.4g、水杨酸甲酯63.2g、桉油28.7g、薄荷脑45g、桂皮油12g、丁香罗勒油12g、樟脑18g、冰片20.1g、颠茄浸膏12.9g、麝香草脑6.9g、盐酸苯海拉明9g,以上十四味，取血竭、乳香、没药分别粉碎成细粉，与麝香混匀，加入桉叶油和水杨酸甲酯混合液，分二次密封浸渍，每次 3 天，滤过，合并滤液；加入其余薄荷脑等八味，搅拌均匀；加入由橡胶、松香、氧化锌、凡士林和羊毛脂等制成的基质，制成涂料 1000g，进行涂膏，切段，盖衬，切片，即得
麝香祛痛搽剂,搽剂,活血散瘀，消肿止痛。用于运动损伤，急、慢性软组织损伤，骨折肿痛及脱位愈合后的关节肿痛，风湿痛,麝香3.3g、红花10g、樟脑300g、独活10g、冰片200g、血竭3.3g、薄荷脑100g、地黄200g、三七3.3g,以上九味，取麝香、三七、红花分别用 50% 乙醇 100ml 分三次浸泡，每次七天，合并浸渍液，滤过，滤液备用；地黄用 50% 乙醇 1000ml 分三次浸泡，每次七天，合并浸渍液，滤过，滤液备用；血竭、独活分别用乙醇 100ml 分三次浸泡，每次七天，合并浸渍液，滤过，滤液备用；冰片、樟脑加乙醇 1000ml 搅拌溶解，再加入 50% 乙醇 7000ml 混匀，加入上述各药液，混匀；将薄荷脑用适量 50% 乙醇溶解，加入上述药液中，混匀，加 50% 乙醇至总量为 10000ml，即得
麝香舒活精,口服液,活血散瘀，消肿止痛。用于运动损伤，急、慢性软组织损伤，骨折肿痛及脱位愈合后的关节肿痛，风湿痛,樟脑28.6g、冰片17.1g、薄荷脑6.4g、红花酊7.1ml、三七酊7.1ml、麝香酊7.1ml、血竭酊7.1ml、地黄酊114.3ml,以上八味，取樟脑和冰片，分别研细，混合，加乙醇 71ml，搅拌使溶解；加入红花酊、三七酊、麝香酊、血竭酊及地黄酊和 50% 乙醇 780ml，混匀；加入薄荷脑，搅拌使溶解；密封静置 60 小时，滤过，使总量为 1000ml，即得
一枝蒿伤湿祛痛膏,膏剂,祛风除湿，活血止痛。用于风湿关节疼痛、肌肉痛，扭伤,复方一枝蒿流浸膏 2500g（乌头碱含量 7g）、颠茄流浸膏 325g（莨菪碱含量 70%-90%）、冬青油 1000g、薄荷脑 500g、冰片 750g、樟脑 1250g,以上六味，按处方量称取，另加 14.5-15.0 倍重的由橡胶、松香等制成的基质，制成涂料，进行涂膏，切段，盖衬，切成小块，即得
人参当归颗粒,颗粒剂,补益气血。用于气血两亏，面色黄、心悸气短、食少倦怠,红参须 100g、当归 350g,以上二味，红参须用 60% 乙醇 4 倍量温浸五次，每次 8 小时，合并温浸液，滤过，滤液浓缩成流浸膏，加乙醇 2 倍量，搅匀，静置，取上清液，残渣加 60% 乙醇 3 倍量，搅匀，静置，取上清液；与上述上清液合并，回收乙醇，浓缩至相对密度为 1.2-1.25（80℃）的稠膏。当归提取挥发油，蒸馏后的水溶液另器收集，药渣加水煎煮三次，第一次 4 小时，第二次 3 小时，第三次 2 小时，合并煎液，滤过，滤液浓缩成流浸膏，照红参须工艺项下，自 “加乙醇” 起依法加工成相对密度为 1.2-1.25（80℃）的稠膏。将上述两种稠膏与葡萄糖 900g 混匀，制成颗粒，干燥，加入挥发油，混匀，即得
儿宝膏,膏剂,健脾益气，生津开胃。用于小儿面黄体弱，纳呆厌食，脾虚久泻，精神不振，口干燥渴，盗汗等症,太子参 45g、葛根（煨）45g、麦冬 45g、白芍（炒）45g、陈皮 45g、白扁豆（炒）45g、麦芽（炒）45g、山楂（炒）120g、山药 120g、茯苓 120g、北沙参 75g,以上十一味，加水煎煮二次，第一次 4 小时，第二次 3 小时，滤过，合并滤液，静置，取上清液浓缩至相对密度为 1.17-1.19（85℃）的清膏，另取饴糖 250g 加热煮沸，滤过，按每 100g 清膏用蔗糖 200g，制成转化糖液，加入枸橼酸 3g，搅匀后再加入上述清膏，与糖液混匀，浓缩至规定的相对密度，即得
八珍颗粒,颗粒剂,补气益血。用于气血两亏，面色黄，食欲不振，四肢乏力，月经过多,党参 60g、白芍（炒）60g、白术（炒）60g、熟地黄 60g、茯苓 60g、当归 90g、川芎 30g、甘草（炙）30g,以上八味，当归、川芎、白术用 95% 乙醇、50% 乙醇加热回流各一次，每次 2 小时，滤过，滤液合并，回收乙醇，滤过，滤液备用；药渣与其余党参等五味加水煎煮二次，每次 1.5 小时，滤过，滤液合并，加入上述备用液，浓缩成稠膏。取稠膏加蔗糖粉、糊精各适量，混匀，制粒，干燥，制成 1000g 或取稠膏加适量可溶性淀粉及矫味剂，混匀，制粒，干燥，制成 300g，即得
十二乌鸡白凤丸,丸剂,清虚热，补气血。用于妇女体瘦，月经不调，手足心热，赤白带下，血崩不止等症,乌鸡（去毛、爪、肠）750g、黄芪（蜜炙）280g、熟地黄 375g、党参 280g、川芎 95g、当归 188g、白芍（酒炒）188g、五味子（酒制）95g、山药 560g、白术 280g、茯苓 188g、牡丹皮 188g,以上十二味，山药粉碎成细粉；乌鸡煮烂，加入上述山药细粉，混匀，干燥，与其余黄芪等十味粉碎成细粉，过筛，混匀。每 100g 粉末加炼蜜 75-95g 制成大蜜丸或小蜜丸，即得
三金感冒片,片剂,清热解毒。用于风热感冒，症见发热、咽痛、口干等,三叉苦 355g、玉叶金花 592g、金盏银盘 592g、大头陈 592g、金沙藤 592g、倒扣草 1184g、薄荷油 0.5ml、地胆头 355g,以上八味，除薄荷油外，其余三叉苦等七味加水煎煮二次，每次 1.5 小时，合并二次煎液，滤过，将滤液浓缩至稠膏，加定量淀粉，干燥，测定水分，计算出干浸膏含量，粉碎成细粉，制成颗粒，烘干，喷加薄荷油，混匀，压制成 1000 片，包糖衣，即得
三黄丸,丸剂,泻火解毒。用于治疗痢疾、吐血、衄血、咯血、便秘、疮痈等症,黄连 100g、黄芩（炒）100g、大黄（制）100g,以上三味，粉碎成细粉，过筛，混匀，用水泛丸，干燥，即得
小儿清肺化痰颗粒,颗粒剂,清热化痰，止咳平喘。用于小儿肺热感冒引起的呼吸气促，咳嗽痰喘，喉中作响,麻黄 30g、石膏 225g、苦杏仁 75g、前胡 75g、黄芩 75g、紫苏子（炒）75g、葶苈子 93g、竹茹 75g,以上八味，石膏加水煎煮 1 小时，再加入麻黄等七味（葶苈子包煎）加水煎煮二次，每次 1 小时，合并煎液，滤过，滤液减压浓缩至相对密度为 1.25-1.30（50℃）的清膏。取清膏 1 份、蔗糖粉 3.5 份、糊精 0.5 份制成颗粒，干燥，即得
山茄子清凉颗粒,颗粒剂,清热解暑，开胃生津。用于暑热口渴，可作为高温、刺激性气体作业清凉剂,玫瑰茄 100g（另加适量精盐、蔗糖）,取适量精盐溶于温水中，加玫瑰茄 100g，温浸 1 小时，滤过，滤液浓缩成相对密度为 1.28 的清膏，加适量蔗糖，制成颗粒，在 80℃以下干燥，制成 1500g，即得
山香圆颗粒,颗粒剂,清热解毒，利咽消肿。用于肺胃热盛，喉痹，乳蛾，咽喉肿痛等病症,山香圆叶 200g（另加蔗糖、糊精）,取山香圆叶 200g 加水煎煮两次，每次 1.5 小时，滤过，合并滤液，浓缩至浸膏状，放冷，加乙醇使含醇量为 50%，搅匀，静置使沉淀，滤取上清液；滤液回收乙醇，浓缩至相对密度为 1.20（80℃）的清膏，取清膏 1 份，蔗糖 3 份，糊精 1.5 份，制成 1000g 颗粒；或滤液回收乙醇后，浓缩至相对密度为 1.15（80℃）的清膏，喷雾干燥，取浸膏粉 1 份、蔗糖 5 份、糊精 2 份，制成降糖颗粒 400g，即得
乌头注射液,注射剂,镇静，止痛。用于胃癌、肝癌等晚期癌症的疼痛,生川乌 500g、生草乌 500g,以上二味，粉碎，用乙醇冷浸提取 2 次，每次 48 小时，合并乙醇提取液，备用；药渣加水（pH4-5）煮沸 3 次，每次 1 小时，合并水提取液，浓缩至约 1000g，加入乙醇提取液，搅拌均匀，放置 24 小时，滤过，回收乙醇并浓缩至无醇味，加水至 2000ml（pH3），煮沸 1 小时，冷却，滤过，调 pH 值至 6.5-7.0，加入 0.15% 活性炭（g/ml），煮沸 10 分钟，滤过，测定含量，用注射用水调整含量，灌封，灭菌，即得
乌金片,片剂,调经化瘀。用于气郁结滞，胸胁刺痛，产后瘀血，小腹疼痛，五心烦热，面黄肌瘦,蒲黄 30g、百草霜 21g、益母草 480g、熟地黄 30g、艾叶（炭）30g、三棱 30g、延胡索 90g、香附 180g、白芍 90g、补骨脂 30g、吴茱萸 30g、川芎 30g、莪术 30g、木香 30g、当归 90g、小茴香油 0.15ml,以上十六味，蒲黄、百草霜分别粉碎成细粉，过筛。茴香油用乙醇适量溶解，备用。益母草、熟地黄、三棱用水煎煮两次，第一次 3 小时，第二次 2 小时，艾叶水煮沸后 80℃温浸 2 小时，合并以上水提取液、温浸液，滤过；滤液浓缩成膏（相对密度 1.20-1.30，50-60℃）；延胡索、香附、白芍、木香、补骨脂、吴茱萸、川芎、莪术用 60% 乙醇回流提取三次，第一次 6 小时，第二次 4 小时，第三次 2 小时，当归提取三次，第一次用乙醇回流提取 8 小时，再用 60% 乙醇回流提取两次，第一次 4 小时，第二次 2 小时，合并以上乙醇提取液，滤过，回收乙醇浓缩成膏。将水、醇浓缩膏合并，加入蒲黄等细粉及辅料适量混匀，制成颗粒；干燥，放冷，兑入茴香油醇溶液，混匀，压制成 1110 片，即得
云南红药散,散剂,止血镇痛，活血散瘀，祛风除湿。用于胃溃疡出血，支气管扩张咯血，功能性子宫出血，月经过多，眼底出血，眼结膜出血，痔疮出血，软组织挫伤，风湿性关节炎，风湿性腰腿痛等,三七 100g、重楼 250g、紫金龙 50g、玉葡萄根 100g、滑叶跌打 95g、大麻药 75g、金铁锁 50g、石菖蒲 30g、西南黄芩 100g、制黄草乌 150g,以上十味，粉碎成细粉，过筛，混匀，即得
五妙水仙膏,膏剂,具有去腐生新，清热解毒的作用。主治毛囊炎、结节性痒疹、寻常疣、神经性皮炎等,黄柏 6g、紫草 6g、五倍子 6g、碳酸钠 15g、生石灰 50g,将五倍子炒炭与黄柏、紫草共打细粉备用，将生石灰灰化，加碳酸钠及上述药粉搅拌均匀，另加水使成一定稠度的稠膏 20g，即得
巴戟补酒,酒剂,补肾壮腰，固精止遗。用于肾阳不足、命门火衰而致的神疲不振、阳痿不举或早泄、腰膝软弱，亦可用于遗精滑泄、精冷而稀、夜尿频繁,巴戟天 10g、何首乌 8g、杜仲 20g、肉苁蓉 4g、续断 5g、仙茅（含量未明确）、金樱子提取液 10ml、淫羊藿（叶）6g、覆盆子（含量未明确）、当归 4g、党参 2g、熟地黄（含量未明确）、枸杞子 4g、甘草 8g、黄芪 3g、狗脊 4g,以上十六味，除金樱子提取液外，其余巴戟天等十五味加 37 度米酒 650ml，密闭浸泡 45-60 天，取浸出药液，加金樱子提取液及 20g 蔗糖，搅匀，静置，滤过，制成 1000ml，即得
心脑健片,片剂,清利头目，醒神健脑，化浊降脂。用于头晕目眩，胸闷气短，倦怠乏力，精神不振，记忆力减退等症。即具有抗凝，促进纤维蛋白原溶解，防止血小板粘附，降低血浆纤维蛋白原的作用，对心血管病伴高纤维蛋白原症及动脉粥样硬化，肿瘤放疗、化疗所致的白细胞减少症有防治作用,茶叶提取物 100g（另加微晶纤维素 100g、淀粉 94g、硬脂酸镁 1.5g）,取茶叶提取物 100g，加入微晶纤维素（于 80-100℃干燥 4 小时）100g、淀粉 94g，用 40% 乙醇制粒，低温干燥，加入硬脂酸镁 1.5g，混匀，压制成 1000 片，即得
心脑舒口服液,口服液,补气养阴。用于气阴两虚而致的头晕目眩，失眠健忘，心悸怔忡，短气肢倦，自汗盗汗，不耐烦劳等症,人参 140g、麦冬 275g、五味子 185g、党参 185g、黄芪 95g,以上五味，人参用 85% 乙醇回流提取四次，每次 3 小时，合并提取液，滤过，滤液回收乙醇并浓缩成稠膏；麦冬、党参、黄芪加水煎煮三次，第一次 3 小时，第二次 2 小时，第三次 1 小时，合并煎液，滤过，滤液浓缩至适量，加乙醇使含醇量达 70%，搅匀，放置 12 小时以上，取上清液回收乙醇并浓缩成稠膏，与上述稠膏合并，加水与活性炭适量，煮沸，冷藏 12 小时以上，滤过，滤液备用。五味子加水煎煮三次，每次 3 小时，合并煎液，滤过，滤液浓缩至适量，加乙醇使含醇量达 70%，搅匀，静置 12 小时以上，取上清液回收乙醇后加水及活性炭适量，煮沸 20 分钟，滤过，滤液调 pH 值至 4.5-5.0，冷藏 12 小时以上，滤过，滤液与上述滤液合并，加水及蔗糖 340g，煮沸 30 分钟，放冷后加防腐剂及矫味剂适量，调 pH 值至 4.0-6.5，加水至 2000ml，搅匀，灌装，灭菌，即得
心舒宁片,片剂,活血化瘀。用于心脉瘀阻所致的胸痹心痛、冠心病、心绞痛、冠状动脉供血不足，动脉硬化见上述证候者,毛冬青 1080g、银杏叶 540g、葛根 170g、益母草 330g、豨莶草 330g、柿树叶 40g,以上六味，柿树叶粉碎成细粉，过筛；其余银杏叶等五味加水煎煮二次，每次 3 小时，滤过，合并滤液，浓缩成稠膏，加柿树叶粉末，混匀，干燥，研成细粉，加适量的辅料，制成颗粒，干燥，压制成 1000 片，包糖衣，即得
止泻灵颗粒,颗粒剂,补脾益气，渗湿止泻。用于脾胃虚弱所致的大便溏泄，饮食减少，食后腹胀，倦怠懒言，以及慢性肠炎见上述证候者,党参 100g、白术（炒）100g、陈皮 100g、白扁豆（炒）100g、甘草 100g、薏苡仁（炒）100g、山药 100g、莲子 100g、泽泻 100g、茯苓 100g,以上十味，粉碎成细粉，过筛，混匀。剩余未过筛的 60% 粗粉，加水煎煮二次，第一次 3 小时，第二次 2 小时，合并煎液，滤过，滤液浓缩至稠膏状，加入上述细粉和适量的辅料，制成颗粒，干燥，制成 1500g，即得
毛鸡补血酒,酒剂,补血去瘀。用于产后血虚，腰痛，四肢酸软，月经前后腹痛,红毛鸡 28g、熟地黄 36g、当归 28g、白芍 28g、何首乌（蒸）18g、黑豆（炒）46g、党参（蜜炙）28g、甘草（蜜炙）10g、白术 28g、黄芪（蜜炙）18g、续断 18g、菟丝子（盐制）18g、红花 10g、川芎 36g、益母草（醋制）18g、丹参 10g、乳香（炮）10g、没药（炮）10g、牡丹皮 10g、五灵脂 18g、延胡索（醋制）18g、艾叶（醋制）10g、砂仁 10g、木香 18g、香附（醋制）18g,以上二十五味，加入 45 度白酒 4680ml，密闭浸泡，搅拌，45-50 天后放出浸泡液，加入适量甜味剂，搅匀，静置，滤过，即得
水蓬膏,膏剂,消胀利水，活血化瘀。用于胸腹积水，胀满疼痛，积聚痞块，四肢浮肿，小便不利,水蓬花（或子）10g、红大戟 10g、穿山甲 10g、当归 10g、肉桂 10g、芫花 10g、莪术 10g、大黄 10g、芦荟 10g、秦艽 10g、三棱 10g、血竭 10g,以上十二味，除芦荟、肉桂、血竭粉碎成细粉，混匀，过筛外，水蓬花等九味碎断，取食用植物油 4800g 同置锅内炸枯，炼油至滴水成珠，去渣滤过，加入红丹（每 400g 炼油加红丹 150g）搅匀，收膏，将膏浸泡水中待用；取用文火熔化，加上述芦荟等粉末搅匀，分摊于布或纸上，即得
风痛宁片,片剂,祛风燥湿，散寒活血，舒筋止痛。用于风湿性关节炎和类风湿性关节炎,制川乌 42g、制草乌 42g、羌活 32g、独活 32g、附子（制）6g、乳香（制）15g、没药（制）15g、当归 32g、川牛膝 32g、木瓜 25g、麻黄 20g、桂枝 20g、蜈蚣 50g、川芎 25g、马钱子粉 50g,以上十五味，除马钱子粉外，取当归、川牛膝、木瓜、麻黄、桂枝、川芎，加水煎煮二次，每次 3 小时，合并煎液，静置沉淀，滤过，滤液浓缩至相对密度为 1.30-1.33 的稠膏，其余制川乌等八味，粉碎成细粉，过筛，与上述稠膏、马钱子粉合并，加入 15% 饴糖拌匀，制成颗粒，干燥，加辅料适量，压制成 1000 片，包糖衣，即得
仙方活命片,片剂,清热解毒，散瘀消肿，化脓生肌。用于火毒壅盛，痈疽疮疡，红肿热痛，脓成不溃,金银花 240g、穿山甲 135g、防风 75g、陈皮 110g、天花粉 160g、甘草 60g、浙贝母 150g、当归尾 160g、白芷 110g、皂角刺 64g、乳香 20g、没药 20g、赤芍 80g,以上十三味，金银花、防风加水煎煮二次，每次 2 小时，合并煎液，滤过，滤液浓缩至相对密度为 1.25-1.30（30℃）的浸膏，加乙醇使含醇量约为 50%，搅拌，滤过；照流浸膏剂与浸膏剂项下的渗漉法（附录 ⅠO），天花粉用 45% 乙醇，浙贝母、当归尾、白芷用 70% 乙醇，赤芍用 80% 乙醇，陈皮用 60% 乙醇作溶剂，进行渗漉；皂角刺用 80% 乙醇回流提取二次，每次 2 小时，提取液滤过；乳香、没药用乙醇浸渍，滤过。以上提取液回收乙醇，浓缩成相对密度为 1.30-1.35（25-30℃）的浸膏；穿山甲加水煎煮二次，每次 3 小时，合并煎液，除去油脂，浓缩成相对密度为 1.20-1.25（25-30℃）的浸膏；甘草用水浸提二次，每次 2 小时，提取液浓缩至适量，加适量浓氨溶液，搅匀，静置，滤过，浓缩成相对密度为 1.20-1.25（25-30℃）的浸膏。将上述各浸膏混合，加适量辅料，混匀，制粒，压制成 1000 片，即得
仙乐雄胶囊,胶囊剂,温肾补气，益精助阳。用于肾阳不足，精气亏损所致的头昏耳鸣，腰膝酸软，惊悸健忘，阳痿不举等症,人参 50g、鹿茸 2g、狗鞭 50g、牛鞭 50g、淫羊藿 226g、熟地黄 65g,以上六味，人参、鹿茸、狗鞭、牛鞭粉碎成细粉，过筛；淫羊藿、熟地黄加水煎煮二次，每次 2 小时，合并煎液，滤过，滤液浓缩至相对密度为 1.30（80℃）的清膏，加入上述细粉及辅料适量，混匀，制成颗粒，干燥，装入胶囊，制成 1000 粒，即得
加味龟龄集酒,酒剂,补脑固肾，强壮机能，延年益寿。用于气虚血亏，健忘失眠，食欲不振，腰酸背痛，阴虚阳弱，阳痿早泄，宫冷腹痛，产后诸虚,龟龄集药粉（含量未明确）、薄荷脑 0.1g、肉苁蓉 90g、熟地黄 90g,以上四味，除薄荷脑外，龟龄集药粉和其余熟地黄等二味分别置容器中，加入适量 60 度白酒或 40 度白酒，密闭，温浸 10 天，放冷，滤过，压榨药渣，榨出液与滤液合并。取冰糖 70g，制成糖浆，与上述药液合并，搅匀。薄荷脑加少量白酒使溶解，加入上述药液中，搅匀。加白酒使全量达 6000g，加水调整含醇量，静置，滤过，灌封，即得
古楼山跌打酒,酒剂,舒筋活血，散瘀止痛。用于跌打损伤，瘀积肿痛，筋骨扭痛，腰劳损,刘寄奴 24g、延胡索 20g、桂枝 36g、乳香 12g、骨碎补 24g、没药 12g、白芷 24g、高良姜 24g、续断 24g、牛膝 24g、香附 24g、补骨脂 24g、当归尾 12g、桃仁 36g、郁金 20g、自然铜（醋制）20g、沉香 12g、莪术 24g、川芎 24g、泽兰 24g、红花 24g、木瓜 24g、杜仲 24g、三棱 24g、桔梗 24g、血竭 10g、三七 7g、甘草 12g、枳壳 24g、威灵仙 24g、豆蔻 24g,以上三十二味，切碎，置容器中，加 50 度白酒，密闭，浸渍 30-40 天，取浸出液，滤过，另取适量糖浆加入滤液中，调整乙醇含量，搅匀，静置，滤过，制成 1000ml，即得
外用无敌膏,膏剂,驱风祛湿，祛瘀活血，消肿止痛，去腐生肌，清热拔毒，通痹止痛。用于跌打损伤，风湿麻木，腰肩腿痛，疮疖红肿疼痛,乳香 10g、没药 10g、细辛 10g、冰片 5g、八角枫 10g、生草乌 10g、四块瓦 10g、生川乌 10g、雪上一枝蒿 10g、桑寄生 20g、五香血藤 20g、独活 20g、透骨草 20g、伸筋草 20g、生地黄 10g、熟地黄 10g、续断 10g、红花 10g、土茯苓 20g、海螵蛸 10g、当归 20g、苏木 20g、白芷 10g、猴骨 20g、重楼 10g、海马 1g、木鳖子 10g、马前子 10g、三分三 10g、黄芪 20g、三七 10g、骨碎补 10g、淫羊藿 10g、千年健 10g、杜仲 10g、海风藤 10g、刺五加 10g、钻地风 10g、牛膝 10g、血竭 10g、白术 10g、肉桂 10g、苍术 10g、党参 10g、茯苓 10g、秦艽 10g、仙鹤草 10g、苦参 10g、地肤子 10g、鹤虱 10g、黄连 10g、黄芩 10g、黄柏 10g、大黄 20g、银花 10g、威灵仙 10g、赤芍 10g、蕲蛇 10g,以上五十八味，将细辛、乳香、没药、冰片、肉桂分别粉碎成细粉，过筛备用；其余八角枫等五十三味酌予碎断，与食用植物油 3200g 浸渍 15 天；将浸渍油、药物同置锅内炸枯、去渣滤过，炼至滴水成珠。取红丹 850-900g 加入油内，搅匀，收膏，将膏浸泡水中待用；取膏 3000g 用文火熔化，温度不超过 70℃，加入冰片等药粉搅匀，分摊于布上，即得
正胃片,片剂,清热凉血，健脾和胃，制酸止痛。用于胃热烧灼，脘腹刺痛，呕恶吞酸，食少倦怠，慢性胃炎、胃及十二指肠溃疡属上述证候者,猴耳环 750g、木香 39g、七叶莲 75g、陈皮 75g、甘草 75g、次硝酸铋 75g、氧化镁 75g、氢氧化铝 114g,以上八味，七叶莲、陈皮、甘草、木香粉碎成细粉；猴耳环切碎，加水煎煮二次，每次 3 小时，滤过，合并滤液，浓缩制成干膏，磨成细粉；取次硝酸铋经胶体磨制成胶体铋，加入上述细粉，混匀，制颗粒，干燥，加适量矫味剂，压制成 1000 片，即得
正清风痛宁注射液,注射剂,祛风除湿，活血通络，消肿止痛。用于风寒湿痹证，症见肌肉酸痛、关节肿胀、疼痛、屈伸不利、麻木僵硬及风湿与类风湿性关节炎具有上述证候者,盐酸青藤碱 25g（另加乙二胺四醋酸二钠 0.3g、亚硫酸氢钠 1g）,取盐酸青藤碱 25g、乙二胺四醋酸二钠 0.3g、亚硫酸氢钠 1g，以适量的水溶解，溶液滤至澄明，在滤器上加注射用水至 1000ml，分装，灭菌，即得
甘草甜素片,片剂,治疗肝炎药。用于慢性乙型肝炎,甘草酸单钾盐 150g（另加淀粉 90g）,取甘草酸单钾盐 150g 和淀粉 90g，将部分淀粉加水调成淀粉浆，剩余淀粉与甘草酸单钾盐混匀，用淀粉浆制粒，干燥，压制成 1000 片或 2000 片，包糖衣或薄膜衣，即得
白花蛇舌草注射液,注射剂,清热解毒，利湿消肿。用于呼吸道感染，扁桃体炎，肺炎，胆囊炎，阑尾炎，痈疖脓肿及手术后感染，亦可用于癌症辅助治疗,白花蛇舌草 1000g,取白花蛇舌草 1000g，粉碎成粗粉，照流浸膏剂与浸膏剂项下的渗漉法（附录 ⅠO），用 80% 乙醇作溶剂，浸渍 24 小时，缓缓渗漉，漉液浓缩至约 250ml，用石灰乳调节 pH 值至 12，冷藏 12 小时，滤过，滤液用 50% 硫酸溶液调节 pH 值为 3，静置 12 小时，滤过，滤液再用 40% 氢氧化钠溶液调至中性，加入乙醇 2000ml，冷藏 24 小时，滤过，滤液减压浓缩至 250ml，加水至 500ml，加入适量活性炭，搅匀，滤过；滤液用 40% 氢氧化钠溶液调节 pH 值为 6.5-7.0，加入 10g 聚山梨酯 80、1g 亚硫酸氢钠，充分搅匀，滤过，加注射用水至 1000ml，灌封，灭菌，即得
龙燕补肾酒,酒剂,补肝益肾，除湿助阳，温脾助胃，益髓填精。用于肾虚阳痿，性机能减退等症,雄蚕蛾 400g、地龙 140g、海燕 80g、花椒 50g、甜叶菊 10g,以上五味，雄蚕蛾粉碎成最粗粉，用 1.3 倍 50 度白酒浸渍七天，离心，离心液备用；其余地龙等四味照流浸膏剂与浸膏剂项下的渗漉法（附录 ⅠO），用 4 倍量 50% 乙醇作溶剂，浸渍 24 小时后进行渗漉，以每分钟 3-5ml 速度缓缓渗漉，收集渗漉液，减压回收乙醇，并浓缩至适量，与上述离心液合并，加液状葡萄糖 75ml，苯甲酸 2.5g，搅匀，静置 12 小时，滤过，加水调整总量至 1000ml，搅匀，灌封，即得
伊痛舒注射液,注射剂,祛风散寒胜湿，活血祛瘀镇痛。用于多种原因引起的头痛，牙痛，神经痛，风湿痛及肌纤维炎，骨关节、胃肠、胆、肾疾患、癌症等引起的疼痛。按中医辨证用药，尤其对寒邪和瘀血所致的痛证有较好的效果,细辛 100g、当归 150g、川芎 150g、羌活 150g、独活 150g、防风 150g、白芷 150g,以上七味，粉碎成粗粉，用水蒸气蒸馏，收集馏出液约 950ml，加 10g 聚山梨酯 80 和苯甲醇 10ml，搅匀，加注射用水至 1000ml，滤过，灌封，灭菌，即得
全龟胶囊,胶囊剂,滋阴补肾。用于肺肾不足，骨蒸劳热，腰膝酸软，流注，流痰,活乌龟 625g,取活乌龟 625g，洗净，置铁锅内，密闭，焖存性，粉碎，过筛，加适量辅料，混匀，制成颗粒，干燥，装入胶囊，制成 1000 粒，即得
壮骨丸,丸剂,祛风除湿，养阴潜阳，强筋壮骨。用于风湿痹痛，筋骨痿软，肾阳不足，精血亏损，骨蒸潮热,虎骨（酒醉）10g、枸杞子 10g、当归 40g、附片（砂炒）30g、羌活 32g、木瓜 30g、白术（麸炒）30g、沙参（炙）30g、山药（麸炒）30g、珍珠草（酒炙）30g、熟地黄 30g、干姜（炒）30g、芡实 10g、五味子（醋蒸）10g、石斛 10g、杜仲（盐炙）30g、独活 30g、白芍 30g、苍术（炒）30g、黄芪（炙）30g、薏苡仁（麸炒）30g、菟丝子（酒蒸）30g、川芎 10g、防风 30g、党参 30g、防己 30g、酸枣仁（盐炙）10g、龟甲（醋酥）30g、黄柏（盐炙）30g、怀牛膝（酒蒸）30g、补骨脂（盐炙）30g、紫地榆（醋蒸）30g、茯苓 30g、桂枝 30g,以上三十四味，粉碎成细粉，过筛，混匀。每 100g 粉末加炼蜜 130-150g，制成大蜜丸，即得
妇炎平散,散剂,清热解毒，燥湿止带，杀虫止痒。用于湿热蕴结而致的阴道炎，子宫颈炎，外阴炎，皮肤霉菌、细菌感染，体癣、脚癣、湿疹等,苦参 250g、珍珠层粉 2.5g、盐酸小檗碱 20g、苦木 200g、冰片 5g、硼酸 30g、蛇床子 200g、薄荷脑 2g、枯矾 50g,以上九味，冰片、薄荷脑分别粉碎成细粉；蛇床子 100g 粉碎成细粉，剩余的蛇床子用 6 倍量 85% 乙醇渗漉，苦参用 6 倍量 50% 乙醇渗漉，收集渗漉液，回收乙醇，浓缩成相对密度为 1.25-1.35（25-30℃）的浸膏；苦木用 80% 乙醇热提二次，每次 2 小时，提取液滤过，回收乙醇，浓缩成相对密度为 1.30-1.35（25-30℃）的浸膏。将珍珠层粉、盐酸小檗碱、硼酸、枯矾和蛇床子细粉与上述几种浸膏混合，干燥，粉碎成细粉，加入冰片、薄荷脑、适量食用香料与滑石粉，充分混合均匀，制成 280g，分装，即得
妇康栓,栓剂,清热解毒，收敛固涩。用于赤白带下，少腹坠痛，子宫颈糜烂等,核桃馏油 300g（另加甘油明胶适量）,取甘油明胶，置水浴上加热，待溶化后，加核桃馏油，搅拌均匀，近凝固时迅速倾入已涂过甘油的模型内呈稍溢出模口，冷后刮平，取出，共制成 1000 粒，即得
妇痛宁滴丸,丸剂,解痉止痛。用于妇女痛经，产后宫缩痛，感染性腹泻引起的急性腹痛等,当归油 100g（另加乙二醇 6000 850g、硬脂酸 50g）,取乙二醇 6000 850g 和硬脂酸 50g 置于容器中，加热至 100-110℃，待全部熔融后加入新鲜当归油 100g，搅拌溶解，滴制成 1000g 丸，包肠溶衣，即得
安宁保婴散,散剂,解热祛风，除痰止咳。用于感冒发热，咳嗽痰多，急性支气管炎,琥珀 50g、珍珠层粉（水飞）20g、蛇胆汁 15g、胆南星 40g、茯苓 50g、黄芩提取物 20g、水牛角浓缩粉 10g、白附子（姜制）20g、防风 50g、蜜环粉 30g、钩藤 50g、冰片 10g、甘草 50g,以上十三味，除珍珠层粉、水牛角浓缩粉、蛇胆汁、冰片外，其余琥珀等九味混匀，粉碎成细粉，再与水牛角浓缩粉、珍珠层粉、蛇胆汁混匀，干燥，粉碎成细粉；冰片研细，与上述粉末配研，过筛，混匀，分装，即得
安脑片,片剂,清热解毒，豁痰开窍，镇惊熄风。用于高热神昏、烦躁谵语、抽搐痉厥、中风窍闭，头痛眩晕。亦用于高血压及一切急性炎症伴有的高热不退，神志昏迷等,牛黄 3.7g、猪胆汁粉 49.7g、朱砂 13.7g、冰片 8.7g、水牛角浓缩粉 49.7g、珍珠 12.4g、黄芩 37.3g、黄连 37.3g、栀子 37.3g、雄黄 23.6g、郁金 37.3g、石膏 29.8g、赭石 16.1g、珍珠母 19.9g、薄荷脑 3.7g,以上十五味，除牛黄、猪胆汁粉、水牛角浓缩粉、冰片、薄荷脑外，朱砂、雄黄、赭石、珍珠，分别水飞或粉碎成极细粉；其余黄连等六味粉碎成细粉；将人工牛黄、猪胆汁粉、水牛角浓缩粉研细，与上述药粉配研过筛，制成颗粒，再将冰片、薄荷脑用乙醇溶解，喷颗粒上，闷 2 小时，混匀，压制成 1000 片，包衣，即得
安喘片,片剂,止咳祛痰，宣肺平喘。用于痰浊犯肺，肺失宣降，胸闷，咳嗽，喘息，痰多，急慢性支气管炎见上述证候者,野马追 6250g、天仙子 156g、蝉蜕 1250g、牡荆油 5g、盐酸克仑特罗 12g、马来酸氯苯那敏 0.8g,以上六味，取野马追、天仙子、蝉蜕用 80% 乙醇回流提取 3 次，每次 2 小时，合并药液，滤过，回收乙醇至药液含醇量为 30-40%，静置 24 小时，上清液回收乙醇至尽，将盐酸克仑特罗、牡荆油与马来酸氯苯那敏拌匀，压制成约 1200 片，包糖衣，即得
导便栓,栓剂,润肠通便。用于肠燥便秘,猪胆膏（相当于总胆酸 200g）、醋酸洗必泰 0.15g,以上二味，另取甘油 100g 水浴加热至 80℃，加入醋酸洗必泰，搅拌溶解后，加入猪胆膏，不断搅拌至无粒状物，备用。取 700g 聚乙二醇 4000、500g 聚乙二醇 6000，水浴加热溶解后，缓缓加入甘油、猪胆膏混合液中，于 80-100℃保温，搅拌混匀后，倾注于模具中，冷却，取出，制成 1000 粒，即得
延龄长春胶囊,胶囊剂,补肾壮阳，填精补髓，纳气平喘。用于肾阳不足，精血亏虚，腰膝酸痛，四肢寒冷，体倦乏力，阳痿早泄，须发早白，神疲羸瘦等症,鹿茸（去毛）8.7g、鹿鞭 2.5g、狗鞭 5g、猪睾丸 51.3g、大海米 42g、狗骨 60g、海马 53.3g、蛤蚧（去头足）2g、熟地黄 30.7g、龟甲胶 30g、黄精（酒制）62g、制何首乌 92g、山茱萸 60g、人参 20g、蛇床子 46.7g、淫羊藿（炙）30.7g、钟乳石（煅）44g,以上十七味，鹿茸、龟甲胶、人参、何首乌、黄精、钟乳石粉碎成细粉。狗鞭、鹿鞭、猪睾丸、蛤蚧、大海米、海马加 40% 乙醇回流提取二次，每次 5 小时，滤过，合并滤液，滤液回收乙醇，并浓缩至相对密度为 1.32-1.35（50℃）的清膏。其余熟地黄等五味加水煎煮二次，第一次 3 小时，第二次 2 小时，合并煎液，滤过，滤液浓缩至相对密度为 1.32-1.35（50℃）的清膏。两清膏合并，加入上述粉末混匀，干燥，粉碎，过筛，装胶囊，制成 1000 粒，即得
当飞利肝宁胶囊,胶囊剂,清利湿热，益肝退黄。用于湿热郁蒸而致的黄疸，急性黄疸型肝炎，传染性肝炎，慢性肝炎而见湿热证候者,水飞蓟 900g、当药 950g,以上二味，取水飞蓟破碎，去油后，照流浸膏剂与浸膏剂项下的渗漉法（附录 ⅠO），以 80% 乙醇为溶剂，缓缓渗漉，收集漉液，减压回收乙醇，浓缩成膏，得水飞蓟总黄酮。当药 900g 分别以 95%、75% 及 50% 乙醇进行梯度提取，滤过，合并滤液，浓缩至稠膏状，加入剩余当药细粉 50g，干燥，制成干浸膏，加入上述水飞蓟总黄酮及辅料适量，粉碎、过筛、混匀、装入胶囊，即得
竹沥水,酊剂,清热镇惊，润燥涤痰。用于咳嗽痰多，中风舌强，气喘胸闷，以及小儿痰热惊风等症,竹沥油 50g、白矾（细粉）3g,取清水约 50g，加热至沸，将竹沥油兑入，加热待油溶解于水中，加入白矾，搅匀，滤过，静置冷却，取其上清液灌装，即得
老范志万应神曲,茶剂,疏风解表，消积化湿，醒脾开胃。用于伤风感冒，夏令中暑，食积腹痛，呕吐泄泻等症,砂仁 50g、木香 50g、黄柏（炒）50g、使君子 125g、甘草 75g、苍术 75g、黄芩（炒）50g、枳壳（炒）75g、栀子（炒）75g、防风（去毛）50g、荆芥 50g、泽兰 75g、苍耳草 100g、芡实 75g、川椒（炒）37.5g、羌活 25g、苦杏仁 200g、高良姜（炒）50g、广藿香 50g、乌药（炒）50g、枳实（炒）36.5g、白曲 50g、柴胡（炒）50g、车前子 75g、香蕉 25g、姜黄（炒）75g、小麦 4000g、山楂 50g、赤小豆 400g、白芍（炒）75g、葛根 50g、厚朴（制）75g、白芥子 50g、桑枝（制）50g、青皮（制）50g、青蒿叶 100g、麸皮 1000g、槟榔 50g、泽泻（炒）75g、诃子肉（炒）75g、茯苓皮 75g、陈皮（制）75g、香附子 50g、薄荷 100g、白扁豆（炒）100g、莪术（制）50g、延胡索（制）50g、麦芽（炒）50g、辣蓼 100g、面粉 800g、大黄（炒）50g、紫苏 37.5g,以上五十二味，除麸皮、面粉外，小麦加水浸泡发酵，青蒿叶、辣蓼、苍耳草加水煎煮，滤过，滤液备用；其余砂仁等四十六味粉碎成粗粉，混匀，加入麸皮、面粉、水浸发酵的小麦及上述备用滤液，捣制成软材，印成长方形小块，静置 1 小时，发酵，取出，晒干或低温干燥，刷去外表菌丝，包装，即得
血尿胶囊,胶囊剂,清热利湿，凉血止血。用于急、慢性肾盂肾炎血尿，肾小球肾炎血尿，泌尿结石及肾挫伤引起的血尿及不明原因引起的血尿，亦可作为治疗泌尿系统肿瘤的辅助药物,棕榈子 100g、菝葜 70g、薏苡仁 50g,以上三味，取棕榈子、菝葜，加水煎煮二次，每次 3 小时，合并煎液，静置，滤过，滤液浓缩至相对密度 1.15（80℃）的清膏，待冷，加入乙醇等量，摇匀，静置 24 小时，取上清液，回收乙醇，浓缩至相对密度 1.35（50-55℃）的清膏；另取薏苡仁 16g，粉碎成细粉，余下的薏苡仁粉碎成粗粉，照流浸膏剂与浸膏剂项下的渗漉法（附录 ⅠO），用乙醇 8 倍量作溶剂，浸渍 24 小时后进行渗漉，收集漉液，回收乙醇后，加入 1.6 倍的碳酸钙，搅匀，再加入上述粉末、浸膏，混匀，干燥，粉碎成粗粉，装入胶囊，制成 70 粒，即得
血脂灵片,片剂,活血降浊，润肠通便。用于瘀浊内盛而致的高脂血症,泽泻 500g、决明子 500g、山楂 500g、制何首乌 500g,以上四味，取制何首乌 100g 粉碎成细粉，剩余的制何首乌和泽泻用 90% 乙醇加热回流提取二次，每次 3 小时；决明子、山楂用 70% 乙醇回流提取二次，第一次 3 小时，第二次 2 小时，合并提取液，回收乙醇，浓缩成稠膏备用；上述经醇提取后的各药渣加水煎煮三次，第一、二次各 2 小时，第三次 1 小时，合并煎液，滤过，滤液静置 12 小时，取上清液浓缩成稠膏状，加入上述稠膏和细粉，搅匀，制粒，干燥，压制成 1000 片，包糖衣，即得
血塞通颗粒,颗粒剂,活血祛瘀，通脉活络，抑制血小板聚集和增加脑血流量。用于脑路瘀阻，中风偏瘫，心脉瘀阻，胸痹心痛；脑血管后遗症、冠心病心绞痛属上述证候者,三七总皂苷 50g（另加葡萄糖 2300g、蔗糖 550g、糊精 100g）,取三七总皂苷 50g，加葡萄糖 2300g，蔗糖 550g，糊精 100g，混匀，制成颗粒，制成 3000g，即得
西黄胶囊,胶囊剂,解毒散结，消肿止痛。用于毒瘀互结，痈疽疮疡，阴疽肿痛，多发生脓肿，淋巴结炎，寒性脓疡属上述证候者,牛黄 15g、麝香 75g、乳香（制）500g、没药（制）500g,以上四味，乳香、没药粉碎成细粉，将牛黄、麝香研细，与上述粉末配研，过筛，混匀，装入胶囊即得
两面针镇痛片,片剂,清热解毒，理气活血，通络止痛。用于瘀热郁结而致的溃疡病、肠痉挛、胆囊炎、肝癌等引起的腹部疼痛,两面针（每片含提取物 0.1g，相当于原药材 5.6g）,取两面针，加乙醇回流提取四次，每次 2 小时，合并提取液，滤过，滤液浓缩至稠膏状，加等量硅胶，混匀，烘干，装柱，用氯仿洗脱至洗脱液无色，洗脱液浓缩至稠膏状，加适量乙醇使溶解，滤过，滤液浓缩至无醇味，加适量辅料，干燥，制颗粒，压片，包糖衣，即得
克泻敏颗粒,颗粒剂,收敛止泻。用于腹泻，消化不良，急性胃肠炎等,铁扫帚 1500g（另加适量蔗糖）,取铁扫帚 1500g，加水煎煮二次，第一次 2 小时，第二次 1.5 小时，滤过，合并滤液，浓缩成稠膏，加乙醇充分搅拌，使含醇量达 60%，静置，滤过，取滤液回收乙醇，浓缩至相对密度为 1.20-1.25（50℃），加入适量蔗糖，混匀，制粒，干燥，制成 1000g，即得
克咳胶囊,胶囊剂,止嗽，定喘，祛痰。用于咳嗽，喘急气短,麻黄 240g、罂粟壳 240g、甘草 240g、苦杏仁 240g、莱菔子 75g、桔梗 75g、石膏 75g,以上七味，麻黄和罂粟壳粉碎成细粉，过筛，各留细粉 110g 备用，剩余粗粉用酸性水溶液（用 10% 盐酸溶液调 pH 值至 5 左右）煎煮二次，每次 2 小时，滤过，滤液用 10% 氢氧化钠溶液调 pH 值至 7，药液备用；其余甘草等五味加水煎煮二次，每次 1 小时，滤过，滤液与上述溶液合并，浓缩至稠膏状，加入麻黄和罂粟壳细粉，混匀，在 60-70℃干燥，粉碎成细粉，装入胶囊，制成 1000 粒，即得
利心丸 (浓缩水丸),丸剂,养心安神。用于风湿性心脏病，心动过速，心律不齐，心力衰竭等而见心血不足之证者,貂心 255g、茯苓 1450g、地黄 1160g、天冬 406g、防己 290g、牡丹皮 290g、琥珀 87g、朱砂 58g,以上八味，朱砂水飞或粉碎成极细粉；茯苓、牡丹皮、琥珀粉碎成细粉；貂心加水煎煮二次，第一次 3 小时，第二次 2 小时，合并煎液，加入 5% 蜂蜡，混合，静置，除去蜂蜡，滤液浓缩成膏；其余地黄等三味加水煎煮二次，合并煎液，滤过，滤液浓缩成膏，与上述貂心膏合并，加入茯苓等细粉，混合，干燥，粉碎成细粉，混匀，用水泛丸，低温干燥，制成每 100 粒重 2.13g 的素丸，共 2130g，朱砂包衣，打光，即得
抗栓胶囊,胶囊剂,活血化瘀，抗栓通脉。用于血栓闭塞性脉管炎瘀血阻络证。对脑血栓、心肌梗塞，血栓性静脉炎等亦有较好的辅助治疗作用,当归尾 200g、丹参 200g、僵蚕（麸炒）100g、壁虎 100g、土鳖虫 200g、蜈蚣 50g、水蛭 200g、蜂房 100g、地龙 100g、马钱子（制）30g、麝香 3g、蟾酥（酒制）1g、甘草 100g、土茯苓 200g、延胡索（醋制）100g、骨碎补（制）200g、乌梢蛇（酒制）200g、虻虫（去翅）50g、穿山甲（沙烫）50g,以上十九味，除麝香、蟾酥外，其余当归尾等十七味粉碎成细粉，将麝香、蟾酥分别研细，与上述粉末配研，过筛，混匀，装入胶囊，即得
沉香曲,茶剂,疏表化滞，舒肝和胃。用于表邪未尽，肝胃气滞，胸闷脘胀，胁肋作痛，吞酸呕吐,沉香 200g、木香 200g、柴胡 100g、厚朴（姜制）100g、豆蔻 100g、砂仁 100g、郁金 100g、防风 400g、葛根 100g、乌药 400g、枳壳（麸炒）400g、陈皮 400g、桔梗 400g、槟榔 400g、麦芽（炒）400g、谷芽（炒）400g、前胡 400g、青皮（麸炒）400g、白芷 400g、藿香 300g、降香 300g、羌活 300g、甘草 150g,以上二十四味，粉碎成细粉，过筛，混匀。每 100g 粉末加面粉 25g（制成稀糊），搅匀，制成块状，低温干燥，即得
灵芝糖浆,糖浆剂,养心安神，健脾和胃。用于心悸，失眠，食欲不振以及神经衰弱、高血脂症、冠心病，慢性支气管炎的辅助治疗,灵芝 200g（另加蔗糖 600g、苯甲酸钠适量）,取灵芝 200g，粉碎成粗粉，照流浸膏剂与浸膏剂项下的渗漉法（附录 ⅠO）用 80% 乙醇作溶剂，浸渍一周后，缓缓渗漉至无色，收集渗漉液，回收乙醇；药渣加水煎煮二次，每次 2 小时，合并煎液，滤过，滤液与渗漉液合并，浓缩至相对密度 1.16-1.18（60℃），加入蔗糖 600g 及苯甲酸钠适量溶解后，滤过，加水调整总量至 1000ml，搅匀，即得
状元红药酒,酒剂,补气养血，健脾和胃，舒筋止痛。用于气血两亏，脾胃虚寒，倦怠乏力，消化不良，筋骨疼痛,人参 25g、红花 25g、紫草 12.5g、当归 10g、熟地黄 10g、肉桂 10g、川芎 10g、白芷 10g、甘草 10g、辛夷 10g、山奈 7.5g、陈皮 7.5g、栀子 7.5g、薄荷 7.5g、细辛 7.5g、佛手 7.5g、木瓜 7.5g、砂仁 7.5g、川牛膝 7.5g、肉豆蔻 7.5g、枸杞子 7.5g、高良姜 7.5g、丁香 7.5g、青皮 3.75g、木香 3.75g、檀香 3.75g、豆蔻 2.5g、红曲 250g、大枣 1000g,以上三十味，除大枣外，人参等二十九味混匀，粉碎成粗粉，装袋，用 60 度白酒 6.6kg 浸泡 30 天，每天抽提药袋一次。另取大枣微炒后加水煎煮 4-5 小时，滤过取滤液备用。将冰糖 2.5kg 加水适量熬制成糖液。以上三液混合，加水至 10000ml，搅拌均匀，与药袋共置炖酒器中，水浴加热 5-6 小时，放凉，取出药袋，压滤，压滤液与混合液混匀，置坛内密封 45 天，滤过，分装，即得
肠康片,片剂,清热燥湿，理气止痛。用于湿热泄泻，痢疾腹痛，里急后重,盐酸小檗碱 100g、木香 625g、吴茱萸（制）250g,以上三味，取木香 1/2 量粉碎成细粉，备用，剩余量的木香粉碎成粗粉，与吴茱萸加水煎煮二次，每次 2 小时，合并煎液，滤过，滤液静置 24 小时，上清液浓缩为相对密度为 1.18-1.20（70℃测）的清膏，加入上述木香细粉及盐酸小檗碱，混匀，制粒、干燥，压制成 2000 片，即得
补肾益精丸,丸剂,滋肾填精，补髓养血。用于肾精不足，头晕目眩，腰膝酸软，精梦泄,女贞子 150g、菟丝子（酒炒）300g、墨旱莲 150g、五味子（醋制）150g、桑椹（黑）150g、覆盆子 150g、肉苁蓉（酒制）150g、熟地黄 150g,以上八味，粉碎成细粉，过筛，混匀。每 100g 粉末加炼蜜 40-50g 与适量的水，泛丸，干燥，制成水蜜丸；或加炼蜜 90-100g 制成大蜜丸，即得
补骨脂注射液,注射剂,温肾扶正。用于治疗白癜风、银屑病（牛皮癣）,补骨脂粗粉 500g,取补骨脂粗粉 500g，照流浸膏剂与浸膏剂项下的渗漉法（附录 ⅠO），用 75% 乙醇作溶剂，浸渍 48 小时后缓缓渗漉，收集渗漉液 2500ml，滤过，在 60℃减压回收乙醇，并浓缩至相对密度为 1.05-1.10（20℃）的稠膏，用 0.85% 氯化钠溶液稀释至 1000ml，搅拌均匀，静置 12 小时，吸取上清液，加 2g 聚山梨酯 80 及 3g 活性炭，搅匀，在 100℃加热 30 分钟，放冷至室温，用稀盐酸调 pH 值至 3.0，在 4℃冷藏 24 小时，滤过，用 10% 氢氧化钠溶液调 pH 值至 7.0，加 0.85% 氯化钠溶液至 1000ml，滤过，灌封，灭菌，即得
还少胶囊,胶囊剂,温肾补脾，养血益精。用于脾肾虚损，腰膝酸痛，阳痿遗精，耳鸣目眩，精血耗损，肌体瘦弱，食欲减退，牙根酸痛,熟地黄 60g、山药（炒）60g、牛膝 40g、枸杞子 40g、山茱萸 40g、茯苓 60g、杜仲（盐制）40g、远志（甘草炙）40g、巴戟天（炒）40g、五味子 40g、小茴香（盐制）40g、楮实子 40g、肉苁蓉 40g、石菖蒲 20g、大枣（去核）60g,以上十五味，山药粉碎成细粉，大枣加水煎煮 30 分钟，去皮，制成枣泥备用；五味子、石菖蒲、小茴香提取挥发油，蒸馏后的水溶液另器收集，药渣与其余熟地黄等十味用 70% 乙醇浸渍三次，每次 48 小时，合并浸出液，回收乙醇，浓缩至适量，与上述蒸馏后的水溶液合并，加入枣泥，浓缩成相对密度为 1.35（80℃）的稠膏，加入山药细粉，混匀，加入适量淀粉，制成颗粒，干燥，喷入上述挥发油，混匀，装入胶囊，制成 1000 粒，即得
阿胶当归合剂,口服液,补养气血。用于气血亏虚所致贫血，产后血虚、体弱、月经不调、闭经等,当归 133.0g、阿胶 8.4g、党参 8.4g、茯苓 8.4g、黄芪（蜜炙）8.4g、白芍（酒制）8.4g、熟地黄 8.4g、川芎（酒制）4.2g、甘草（蜜炙）4.2g,以上九味，除阿胶外，其余当归等八味分别粉碎成粗粉，照流浸膏剂与浸膏剂项下的渗漉法（附录 ⅠO），当归、川芎粗粉用 70% 乙醇作溶剂，浸渍 48 小时后，缓缓渗漉，收集渗漉液，回收乙醇，浓缩至相对密度约为 1.10 的清膏，其余党参等六味粗粉，用 45% 乙醇作溶剂，浸渍 48 小时后，缓缓渗漉，收集渗漉液，回收乙醇，浓缩至相对密度约为 1.10 的清膏，与上述清膏混合，取阿胶用冷开水加热溶解后，加入上述清膏，搅匀，另取蔗糖 400g，加水煮沸溶解后，滤过，滤液与上述药液合并，加苯甲酸钠适量，搅匀，滤过，制成 1000ml，分装，即得
龟芪参口服液,口服液,滋补阴阳。用于发育不良，久病体重，乏力、失眠等证,人参 50g、鹿茸 2g、黄芪 20g、龟甲胶 20g、熟地黄 20g、牛膝 20g、山药 20g、丹参 30g、枸杞子 20g、菟丝子 20g、五味子 6g、桑寄生 20g,以上十二味，取人参用 60% 乙醇加热回流提取三次，第一次 3 小时，二、三次各 2 小时，合并提取液；回收乙醇、浓缩至原生药量的 2 倍，加乙醇至含醇量为 80%，放置沉淀，取上清液，回收乙醇，浓缩至流浸膏状；鹿茸加 50% 乙醇加热回流提取四次，第一次 3 小时，第二、三次各 2 小时，第四次 1 小时，合并提取液，残渣再加水煎煮三 - 五次，水煎液与乙醇提取液合并滤过，滤液回收乙醇、浓缩至与原药材量比为 1:1、加乙醇至含醇量为 85%，放置沉淀，取上清液，回收乙醇，浓缩至流浸膏状；龟甲胶加水熔化；其余黄芪等九味加水煎煮三次，第一次 3 小时，第二、三次各 2 小时，合并煎液，滤过、滤液浓缩至原药材量的 2 倍，加乙醇至含醇量为 65%，放置沉淀，取上清液回收乙醇、浓缩至流浸膏状；另取蔗糖 650g 加水溶化，加热煮沸 30 分钟，制成单糖浆；将山梨酸 1.5g 溶于 140ml 乙醇中。将上述各药液及单糖浆、山梨酸乙醇液合并，加水调整至 1000ml，搅匀，静置，滤过，灌封，灭菌，即得
龟鹿补肾胶囊,胶囊剂,壮筋骨，益气血，补肾壮阳。用于身体虚弱，精神疲乏，腰腿酸软，头晕目眩，肾亏精冷，性欲减退，夜多小便，健忘失眠,菟丝子（炒）128g、淫羊藿（蒸）106g、续断（蒸）106g、锁阳（蒸）128g、狗脊（蒸）160g、酸枣仁（炒）106g、制何首乌 160g、鹿角胶（炒）23g、炙甘草 53g、熟地黄 160g、陈皮（蒸）53g、龟甲胶（炒）34g、金樱子（蒸）213g、覆盆子（蒸）128g、蜜黄芪 106g、山药（炒）106g,以上十六味，陈皮、山药、炙甘草、鹿角胶、龟甲胶，粉碎成细粉，混匀；其余菟丝子等十一味，加水煎煮二次，第一次 2 小时，第二次 1 小时，滤过，合并滤液，浓缩成稠膏状，干燥，研成细粉，与上述细粉混研，过筛，混匀，制成 1000 粒，即得
乳宁片,片剂,温肺祛痰，活血化瘀。用于痰瘀互结，乳腺结块，肿胀疼痛及乳腺小叶增生属上述证候者,石刁柏（每片含石刁柏细粉 0.32g，另加适量淀粉）,取石刁柏，粉碎成细粉，取细粉 320g，加适量淀粉，混匀，制粒，干燥，压制成 1000 片，包糖衣，即得
参芪消渴颗粒,颗粒剂,益气养阴。用于消渴症的口渴、多饮、多尿，精神不振，头昏（1 型糖尿病）,人参 56g、黄芪 390g、山药 278g、白术 166g、五味子 84g、麦冬 278g、玉竹 278g、熟地黄 140g、牛膝 166g、茯苓 166g、泽泻 166g、牛蒡子 166g、僵蚕 166g,以上十三味，人参粉碎成粗粉，照流浸膏剂与浸膏剂项下的渗漉法（附录 ⅠO），用 60% 乙醇作溶剂，浸渍 24 小时后进行渗漉，收集渗漉液 200ml 备用；其余黄芪等十二味加水煎煮二次，每次 2 小时，合并煎液，滤过，滤液静置使沉淀，取上清液浓缩至相对密度为 1.38-1.40，加入糊精 500g，混匀，干燥，粉碎成细粉，加入蜂蜜 100g，混匀，用上述渗漉液及乙醇制粒，干燥，制成 1000g，即得
参芪膏,膏剂,补脾益肺。用于脾肺气虚，动辄喘乏，四肢无力，食少纳呆，大便溏泄,党参 500g、黄芪 500g,以上二味，加水煎煮三次，第 1、2 次各 2 小时，第 3 次 1 小时，合并煎液，滤过，滤液浓缩成相对密度 1.20（20℃）的清膏；另取冰糖 250g、防腐剂适量，加清膏适量，搅拌使溶，滤过，再加入剩余清膏，搅匀，浓缩成相对密度 1.34（20℃），即得
参茸卫生丸,丸剂,补血益气，兴奋精神。用于身体衰弱、气血两亏、思虑过度、精神不足、筋骨无力、心脏衰弱、腰膝酸痛、梦遗滑精，自汗盗汗，头昏眼花，妇女血寒，赤白带下，崩漏不止，腰疼腹痛,龙眼肉 160g、香附（醋制）80g、当归 64g、琥珀 48g、莲子 40g、枸杞子 24g、乳香（醋制）16g、没药（醋制）8g、熟地黄 80g、黄芩 40g、沉香 24g、制何首乌 16g、甘草 80g、酸枣仁（炒）80g、黄芪 48g、肉豆蔻（煨）24g、麦冬 24g、鹿角 120g、肉苁蓉（酒制）80g、猪腰子 64g、人参 40g、白芍 40g、龙骨 24g、秋石 16g、陈皮 160g、砂仁 76g、川芎 40g、续断 24g、茯苓 120g、桑寄生 8g、山茱萸（酒制）64g、清半夏 40g、补骨脂（盐制）32g、苍术 16g、大枣 88g、杜仲（盐制）80g、牛膝 56g、鹿茸 40g、牡蛎 24g、狗脊（沙烫）16g、鹿尾 15g、白术（麸炒）200g、木香 40g、红花 32g、地黄 16g、紫河车 15g、党参 80g、木瓜 40g、锁阳 40g、远志（制）20g、猪脊髓 16g,以上五十一味，将龙眼肉至桑寄生三十三味置罐中，加入黄酒 80g，白酒 400g，牛乳 320g，加盖密闭，放高压罐内加热或隔水加热炖至黄酒等基本蒸尽，陈皮等十八味粉碎成粗末，与上述蒸制的龙眼肉等拌匀，干燥，粉碎成细粉，混匀，过筛，每 100g 粉末加炼蜜 85-105g 制成大蜜丸，即得
周氏回生丸,丸剂,祛暑散寒，解毒辟秽，化湿止痛。用于寒霍乱，干霍乱，痧胀,五倍子 60g、檀香 9g、木香 9g、沉香 9g、丁香 9g、甘草 15g、千金子霜 30g、红大戟（醋制）45g、山慈菇 45g、六神曲（麸炒）150g、麝香 9g、雄黄 9g、冰片 1g、朱砂 18g,以上十四味，雄黄、朱砂分别水飞或粉碎成极细粉，麝香、冰片分别粉碎成细粉，除千金子霜外，六神曲等九味粉碎成细粉，与雄黄、麝香等粉末及千金子霜配研，混匀，过筛。用水泛丸，阴干，包衣打光（每 500g 干丸，用朱砂粉末 24g，桃胶 1.5g，化水包衣），阴干制成 405g，即得
建曲,茶剂,解表和中。用于寒热头痛，食滞阻中，呕吐胀满,辣蓼 6.6g、苍耳草 6.6g、青蒿 6.6g、苦杏仁 4g、赤小豆 4g、麦芽（含量未明确）、山楂（炒）9g、陈皮 6g、广藿香（含量未明确）、苍术 6g、厚朴 3g、川木香 3g、白芷 3g、槟榔 3g、枳壳（麸炒）3g、紫苏 6g、薄荷 3g、谷芽 9g、官桂 1.5g、香附 6g、甘草 1.5g、麦麸 21.2g、面粉 10.6g,以上二十三味，除麦麸、面粉外，其余辣蓼等二十一味粉碎成细粉，与麦麸混匀，过筛，再将面粉制成适量稀糊，趁热与上述药粉揉合均匀，以手捏成团，掷之即散为宜，制成方块，置发酵箱内，块间留有空隙，上盖麻袋或稻草，置密闭室内发酵至药块遍起白霉，有酒香气时取出，炕干，即得
明目上清丸,丸剂,清热散风，明目止痛。用于暴发火眼，红肿作痛，头晕目眩，眼边刺痒，大便燥结，小便赤黄,桔梗 32g、熟大黄 32g、天花粉 20g、石膏 20g、麦冬 20g、玄参 32g、栀子 20g、蒺藜（盐制）20g、蝉蜕 20g、甘草 20g、陈皮 32g、菊花 32g、车前子（盐制）20g、当归 20g、黄芩 32g、赤芍 20g、黄连 32g、枳壳（麸炒）32g、薄荷 20g、连翘 20g、荆芥 20g,以上二十一味，粉碎成细粉，过筛，混匀，用水泛丸，干燥，即得
板蓝大青颗粒,颗粒剂,清热解毒，凉血消肿。用于流行性乙型脑炎、流感、流行性腮腺炎、传染性肝炎及麻疹等病毒性疾病见热毒内盛证候者,板蓝根 2000g、大青叶 3000g,以上二味，加水煎煮二次，第一次 2 小时，第二次 1 小时，煎液滤过，合并滤液，经真空浓缩，喷雾干燥得浸膏粉，加糊精适量，制成颗粒，干燥，制成 1000g，即得
枇杷止咳胶囊,胶囊剂,止嗽化痰。用于咳嗽，支气管炎,枇杷叶 342g、百部 75g、罂粟壳 250g、白前 45g、桑白皮 30g、桔梗 28.5g、薄荷脑 0.8g,以上七味，除薄荷脑外，其余枇杷叶等六味，加水煎煮二次，每次 3 小时，合并煎液，滤过，滤液静置 12 小时，滤过，滤液浓缩成稠膏状，干燥，粉碎成细粉，加入适量淀粉，混匀，干燥，粉碎，过筛，喷入薄荷脑（溶于适量乙醇中），混匀，装入胶囊，制成 1000 粒，即得
枫蓼肠胃康片,片剂,理气健胃，除湿化滞。用于中运不健、气滞湿困而致的急性胃肠炎及其所引起的腹胀、腹痛和腹泻等消化不良症,牛耳枫 4000g、辣蓼 2000g,以上二味，加水煎煮二次，第一次 1.5 小时，第二次 1 小时，合并煎液，滤过，滤液减压浓缩至稠膏状，在 80℃以下干燥，粉碎成细粉，加入适量淀粉，混匀，制成颗粒，压制成 1000 片，包糖衣，即得
泌尿宁颗粒,颗粒剂,清热通淋，利尿止痛，补肾固本。用于热淋，小便赤涩热痛及泌尿系感染,柴胡 120g、五味子 100g、萹蓄 100g、黄柏 120g、白芷 100g、续断 100g、桑寄生 100g、苘麻子 120g、甘草 100g,以上九味，加水煎煮二次，第一次 2 小时，第二次 1.5 小时，合并煎液，静置沉淀 24 小时，滤过，滤液浓缩至相对密度约为 1.3（80℃）的清膏，取清膏 1 份，加蔗糖 4 份，糊精 1 份，制成颗粒，干燥，分装，即得
泻痢宁片,片剂,清热燥湿，凉血解毒，止泻止痢。用于大肠湿热，血热毒盛，泻痢腹痛，里急后重，肠炎菌痢见上述证候者,黄芩 175g、地锦草 350g、秦皮 175g、地榆 175g,以上四味，黄芩提取黄芩素，地锦草、秦皮、地榆加水煎煮二次，合并水煎液，滤过，滤液浓缩成膏。将浓缩膏与黄芩素及辅料混匀，制成颗粒，干燥，压制成 1000 片，包糖衣，即得
畅鼻通颗粒（宁金冲剂）,颗粒剂,调和营卫，解表散风。用于风寒感冒、营卫不和，恶风有汗，头痛，喷嚏、鼻塞及过敏性鼻炎，荨麻疹等过敏性疾患见上述证候者,桂枝 350g、当归 350g、荆芥 350g、防风 350g、黄芩 250g、白芍 300g、薄荷 300g、甘草 250g,以上八味，取薄荷、荆芥提取挥发油；药渣与其余桂枝等六味，加水煎煮二次，第一次 2 小时，第二次 1.5 小时，合并煎液，滤过，滤液浓缩至相对密度约为 1.12-1.17 的清膏，加入乙醇，使含醇量为 55-60%，搅拌，静置 24 小时，滤过，滤液回收乙醇，浓缩至相对密度约为 1.28-1.32（80℃）的清膏。取清膏 1 份，加蔗糖 4 份，糊精 1 份混匀，制成颗粒，干燥，加入上述薄荷等挥发油，混匀，即得
罗布麻降压片,片剂,平肝潜阳，息风活血，通络止痛。用于肝阳上亢、瘀血阻络，头晕，目眩，头痛，烦躁及高血压、高血脂，动脉硬化见上述证候者,罗布麻 370g、夏枯草 80g、钩藤 80g、泽泻 70g、珍珠母 50g、牛膝 50g、山楂 50g、菊花 50g,以上八味，珍珠母、泽泻、钩藤粉碎成细粉，过 100 目筛。其余罗布麻、夏枯草、菊花加水煎煮二次，每次 1 小时，合并煎液，滤过，滤液浓缩成膏。牛膝、山楂加水煎煮 2 次，每次 2 小时，滤过，合并滤液，浓缩成膏。将上述各膏加入珍珠母等细粉，混匀，压制成 1000 片，包糖衣，即得
肥儿片,片剂,健胃消积，驱虫。用于小儿消化不良，虫积腹痛，面黄肌瘦，食少腹胀泄泻,肉豆蔻（煨）50g、木香 20g、六神曲（炒）100g、麦芽（炒）50g、胡黄连 100g、槟榔 50g、使君子仁 100g,以上七味，六神曲粉碎成细粉，过筛；木香、肉豆蔻提取挥发油，用乙醇适量溶解备用，药渣用水煎煮一次；麦芽、使君子仁、槟榔加水煎煮二次。合并以上煎煮液，浓缩成膏；胡黄连用 60% 乙醇提取，回收乙醇浓缩成膏；将上述两种浓缩膏合并加入六神曲细粉及辅料，混匀，制成颗粒，干燥，加入木香等挥发油的乙醇溶液，混匀，压制成 720 片，即得
肺气肿片,片剂,补肾益气，活血化瘀，止咳祛痰。用于肺肾不足，痰浊阻肺，胸闷憋气，动辄喘乏，咳嗽痰多，腰膝酸痛，慢性气管炎阻塞性肺气肿属上述证候者,野马追 100g、红花 10g、桃仁 15g、淫羊藿 15g、补骨脂 25g、黄芪 25g、丹参 25g、牡荆油 0.08g、盐酸克仑特罗 0.064mg,以上九味，除盐酸克仑特罗、牡荆油外，其余野马追等七味用 80% 乙醇回流提取三次，每次 2 小时，合并提取液，滤过，滤液回收乙醇，加入盐酸克仑特罗，混匀，真空干燥，制成颗粒。再加入牡荆油搅拌均匀，压制成 400 片，包糖衣，即得
肾肝宁胶囊,胶囊剂,补益肝肾、扶正固本，具有同化蛋白、促进新陈代谢和增强免疫等功能。用于肾小球肾炎、肾病综合症、甲型肝炎、肝硬化等,育成蛹粉 242.5g、牛膝粉 24.6g,将育成蛹粉、牛膝粉与用少量乙醇溶解的苯甲酸 1.125g、对羟基苯甲酸乙酯 0.225g 混匀，加植物油适量，混匀，制成软胶囊 1000 粒，即得
肾宝糖浆,糖浆剂,调和阴阳，温阳补肾，安神固精，扶正固本。用于阳痿，遗精，腰腿酸痛，精神不振，夜尿多，畏寒怕冷，妇女月经过多，白带清稀诸症,蛇床子 28g、川芎 28.3g、菟丝子 66g、补骨脂 28.5g、茯苓 30g、红参 20g、小茴香 14.4g、五味子 36g、金樱子 94.6g、白术 14.2g、当归 46.8g、覆盆子 32.9g、制何首乌 74.4g、车前子 16.5g、熟地黄 94g、枸杞子 66g、山药 46.3g、淫羊藿 94.6g、葫芦巴 94g、黄芪 51.4g、肉苁蓉 47.3g、炙甘草 14.2g,以上二十味，蛇床子、淫羊藿、当归、川芎、小茴香粉碎成粗粉，照流浸膏剂与浸膏剂项下的渗漉法（附录 ⅠO）用 70% 乙醇作溶剂，浸渍 48 小时后，以每分钟 1-3ml 的速度缓缓渗漉，收集渗漉液约 1500ml，回收乙醇，减压浓缩至相对密度为 1.10（80℃热测）的清膏，滤过，滤液备用；红参粉碎成粗粉，加 20% 乙醇浸渍 8 小时后，回流提取二次，每次 2 小时，合并提取液，滤过，滤液回收乙醇，浓缩至相对密度为 1.10（80℃热测）的清膏，备用；其余覆盆子等十六味，适当碎断后，与红参经醇提取的药渣，加水煎煮二次，每次 2 小时，合并煎液，滤过，滤液浓缩至相对密度为 1.16（80℃热测）的清膏，加乙醇使含醇量为 65%，静置 48 小时，取上清液回收乙醇，浓缩至相对密度为 1.10（80℃热测）的清膏，加入上述蛇床子等提取液和红参的醇提液，混匀，加入单糖浆约 700ml，煮沸 10 分钟，加入苯甲酸钠适量，加水至 1000ml，滤过，即得
肾炎安胶囊,胶囊剂,清热解毒，利湿消肿。用于湿热蕴结之水肿，淋证，及符合本证候之急性肾炎，急性肾盂肾炎，尿路感染，慢性肾炎，肾病综合征等,山牡荆（每粒含山牡荆提取物 0.3g，相当于原药材 20g）,取山牡荆，加水煎煮二次，第一次 3 小时，第二次 2 小时，合并煎液，滤过，滤液浓缩至稠膏状，加入适量淀粉，混匀，在 70℃以下干燥，粉碎，过筛，装胶囊，即得
肾炎安颗粒,颗粒剂,清热解毒，利湿消肿。用于湿热蕴结之水肿，淋证，及符合本证候之急性肾炎，急性肾盂肾炎，尿路感染，慢性肾炎，肾病综合征等,山牡荆（每袋含山牡荆提取物 10g，相当于原药材 20g）,取山牡荆，加水煎煮二次，每次 2 小时，合并煎液，滤过，滤液浓缩至适量，加入适量蔗糖粉，制成颗粒，干燥，即得
贯黄感冒颗粒,颗粒剂,辛凉解毒，宣肺止咳。用于风热感冒，发热恶风，头痛鼻塞，咳嗽痰多,贯众 209g、三叉苦 156g、黄皮叶 156g、生姜 313g、路边青 31g、马来酸氯苯那敏 83mg,以上六味，除生姜和马来酸氯苯那敏外，其余贯众等四味加水煎煮二次，第一次 1 小时，第二次加入生姜煎煮 45 分钟，煎液滤过，滤液合并，并浓缩至 1:2.5，加入等量乙醇，静置，滤过，回收乙醇，浓缩成稠膏，加入马来酸氯苯那敏及适量的蔗糖粉和糊精，混匀，制成颗粒，干燥，制成 1000g，即得
郁金银屑片,片剂,疏通气血，软坚消积，清热解毒，燥湿杀虫。用于银屑病（牛皮癣）,秦艽 30g、莪术（醋制）30g、黄柏 30g、雄黄 30g、当归 30g、香附（酒制）30g、石菖蒲 30g、郁金（醋制）30g、马钱子粉 30g、皂角刺 30g、桃仁 30g、红花 30g、乳香（醋制）30g、硇砂（白）12g、玄明粉 18g、大黄 18g、土鳖虫 36g、青黛 24g、木鳖子（去壳砸碎）24g,以上十九味，郁金、莪术、香附、玄明粉、硇砂、乳香共粉碎成细粉；马钱子粉、雄黄分别粉碎成细粉，与上述细粉配研均匀；秦艽、当归、石菖蒲、黄柏、青黛粉碎成中粉，照流浸膏剂与浸膏剂项下的渗漉法（附录 ⅠO），用 70% 乙醇作溶剂，进行渗漉，取初漉液 120ml 备用，其余渗漉液回收乙醇后浓缩成稠膏；其他皂角刺等六味加水煎煮三次，第一次 3 小时，第二次 2 小时，第三次 1 小时，滤过，合并滤液，浓缩成稠膏，与上述稠膏及细粉混匀，干燥，粉碎，过筛，用上述备用初漉液制粒，干燥，压制成 1000 片，包糖衣，即得
采云曲,茶剂,祛风散寒，健胃消食，用于感受风寒，饮食停滞，胸闷腹胀，呕吐反酸，消化不良,白术 (炒) 86g、薄荷 26g、六神曲 (焦) 86g、枳壳 (炒) 26g、麦芽 (炒) 86g、厚朴 (制) 22g、山楂 (焦) 86g、广藿香 22g、紫苏 86g、肉桂 16g、青皮 44g、关注 16g、桔梗 44g、木香 16g、白芷 32g、片姜黄 16g、核梅 32g、甘草 16g、陈皮 32g、草果 (炒) 16g、###32g、半夏 (制) 10g、茯苓 32g、干姜 10g、苍术 (炒) 32g、白矾 10g、白芍 (炒) 32g,以上二十七味，粉碎成粗粉，过筛，混匀；另取适量麦粉，调成稀糊，与上述粗粉混匀，制成颗粒，干燥，制成 1000g，即得
金莲花口服液,口服液,清热解毒。用于风热邪毒袭肺，热毒内盛引起的上呼吸道感染、咽炎、扁桃体炎,金莲花 450g,金莲花 450g，加水煎煮三次，每次 1.5 小时，合并煎液，滤过，滤液减压浓缩，静置 24 小时，取上清液，滤过，加蜂蜜或单糖浆适量，加防腐剂 (苯甲酸钠 1.8g，尼泊金乙酯 0.2g)，加蒸馏水调整总量至 1000ml，置 24 小时，滤过，封，即得
金莲花片,片剂,清热解毒。用于风热邪毒袭肺，热毒内盛引起的上呼吸道感染、咽炎、扁桃体炎,金莲花 1500g,取金莲花 1500g，加水煎煮二次，每次 1 小时，滤过，合并滤液，浓缩至稠膏状，加辅料适量，制粒，干燥，压制成 1000 片，包糖衣，即得
金菊感冒片,片剂,清热解毒。用于风热感冒，发热咽痛，口干或渴，咳嗽痰黄等症,金银花 100g、五指柑 260g、豆豉姜 1042g、三叉苦 781g、野菊花 781g、石膏 2083g、岗梅 10g、板蓝根 10g、羚羊角 0.5g、水牛角浓缩粉 15g,以上十味，除水牛角浓缩粉外，羚羊角、石膏分别粉碎成细粉，野菊花、豆豉姜提取挥发油，蒸馏后的水溶液另器收集，药渣与其余金银花等五味加水煎煮二次，第一次 2 小时，第二次 1.5 小时，合并煎液，滤过，滤液浓缩至适量，加乙醇使含醇量为 60~65%，搅匀，静置，滤过，滤液回收乙醇，浓缩成稠膏，干燥，粉碎成细粉，与上述粉末混匀，制粒，喷入野菊花等挥发油，混匀，压制成 1000 片，包糖衣，即得
降脂灵片,片剂,补肝益肾，养血，明目，降脂。用于肝肾阴虚，头晕，目昏，须发早白，高血脂症,制何首乌 222g、枸杞子 222g、黄精 296g、山楂 148g、决明子 44g,以上五味，黄精、枸杞子加水煎煮二次，第一次 2 小时，第二次 1 小时，滤过，合并滤液，浓缩至稠膏状，备用；其余制何首乌等三味用 50% 乙醇加热回流提取二次，每次 1 小时，滤过，合并滤液，回收乙醇并浓缩成稠膏，与上述稠膏合并，加适量淀粉，混匀，制粒，压制成 1000 片，包糖衣，即得
降脂减肥片,片剂,滋补肝肾，养益精血，扶正固本，通络定痛，健脾豁痰，明目生津，润肠通便。用于各型高血脂症，心脑血管硬化，单纯性肥胖，习惯性便秘，痔疮出血,何首乌 600g、三七 43g、葛根 600g、菟丝子 17g、枸杞子 300g、松花粉 40g、丹参 290g、大黄 155g、泽泻 265g、茵陈 200g,以上十味，除松花粉外，三七粉碎成细粉备用，其余何首乌等八味粉碎成粗粉，乙醇回流提取，回收乙醇并浓缩成浸膏，药渣加水煎煮，合并煎液浓缩成膏，烘干，粉碎成细粉，再与松花粉、三七粉、醇提浸膏混合，加辅料适量，制粒，干燥，压制成 1000 片，包糖衣，即得
鱼金注射液,注射剂,清热解毒，用于热毒内盛而致的上呼吸道感染、支气管肺炎、病毒性肺炎、化脓性疾病、妇科炎症与术后发热,鱼腥草 4000g、金银花 2000g,以上二味，用蒸馏水湿润后，加蒸馏水 6~8 倍，经水蒸气蒸馏得初馏液 6000ml，进行重蒸馏，收集馏液 1000ml，加入 8.5g 氯化钠、8ml 聚山梨酯 80，搅匀，滤过，灌封，灭菌，即得
鱼腥草注射液,注射剂,清热，解毒，利湿。用于肺脓疡，痰热咳嗽，白带，尿路感染，疖,鲜鱼腥草 200g,取鲜鱼腥草 200g 进行水蒸气蒸馏，收集初馏液 200ml，再进行重蒸馏，收集重蒸馏液约 1000ml，加入 7g 氯化钠及 5g 聚山梨酯 80，混匀，加注射用水使成 1000ml，滤过，灌封，灭菌，即得
养脾散,散剂,养脾健胃，开郁消食。用于脾胃虚弱、水土不服引起的消化不良，饮食积滞，脘腹胀满，气吞酸，腹泻下痢，食欲不振，面黄肌瘦等症,党参（未标注含量，原文处方表述可能存在格式问题，暂按原文记录相关药材）、茯苓（未标注含量，暂按原文记录）、薏苡仁（未标注含量，暂按原文记录）、老范志万应神曲 25g、麦芽 (炒) 50g、甘草 50g、山橘干（未标注含量，暂按原文记录）、肉豆蔻 (煨) 50g、木香 20g、六神曲 (炒) 100g、胡黄连 100g、槟榔 50g、使君子仁 100g、肉桂 50g、陈皮 (制) 50g、山药 50g、白术 25g、丁香 50g、莲子 50g、砂仁 175g,以上十四味，除肉桂、砂仁、陈皮、丁香、山橘干外，其余党参等九味切碎，粗细分开，分别用文火炒焦 (至内为金黄色)，将砂仁、陈皮、丁香、山橘干趁热埋入炒焦的药材中爆，冷却后加入肉桂，磨成细粉，过筛，混匀，即得
冠心宁注射液,注射剂,活血化瘀，通脉养心。用于冠心病心绞痛,丹参 2000g、川芎 2000g,以上二味，加水煎煮三次，第一次 2 小时，第二、三次各 1.5 小时，合并煎液，滤过，滤液浓缩至约 2000ml，用乙醇沉淀处理二次，第一次使含醇量达 75%，第二次为 85%，每次加乙醇后均冷藏放置，滤过，合并滤液，浓缩至约 700ml，用注射用水稀释至 4000ml，用稀盐酸调节 pH 值至 3.2；冷藏，滤过，用 10% 氢氧化钠溶液调节 pH 值至 6.8，浓缩至 1000ml，冷藏，滤过，再调节 pH 值至 6.8，煮沸 30 分钟，加活性炭 0.2%，稍冷，滤过，滤液调节 pH 值至 6.8，加注射用水使成 1000ml，灌封，灭菌，即得
前列回春胶囊,胶囊剂,益肾回春、活血通淋、清热解毒。用于慢性前列腺炎以及由前列腺炎引起的尿频、尿急、尿道涩痛、淋浊、性欲减退、阳痿早泄等症,虎杖 74g、地龙 50g、关木通 37g、车前子 37g、黄柏 37g、茯苓 74g、扁 74g、穿山甲 (炮) 50g、2.1g（原文此处表述不清晰，暂按原文记录）、白花蛇舌草 74g、鹿茸 12g、黄芪 74g、莱菔子 37g、王不留行 37g、五味子 50g、枸杞子 37g、菟丝子 50g、淫羊藿 74g、甘草 24g,以上十九味，鹿茸粉碎成细粉；蜈蚣、穿山甲、地龙、茯苓、黄芪粉成粗粉；其余虎杖等 13 味加水煎煮 2 次，第一次 3 小时，第二次 2 小时，合并煎液，滤过，滤液浓缩至相对密度为 1.14~1.16，加入蜈蚣等五味粗粉，混匀，80℃以下干燥，粉碎成细粉，再与鹿茸细粉配研、混匀、过筛，分装成 1000 粒胶囊，即得
复方土槿皮酊,酊剂,杀菌，止痒。适用于趾痒、皮肤滋痒、一般癣疾,土槿皮 42g、苯甲酸 125g、水杨酸 62.5g,以上三味，取土槿皮，加入适量乙醇，加热回流 5 小时，滤过；将苯甲酸、水杨酸用乙醇溶解，与土槿皮滤液合并，加乙醇制成 1000ml，即得
复方勒马回颗粒,颗粒剂,镇咳，祛痰，消炎。用于咳嗽多痰，气管炎及支气管炎,水蔓菁 500g、板蓝根 300g、北沙参 100g、秦白皮 300g、桔梗 300g、百部 300g、麻黄 100g、甘草 100g,以上八味，加水煎煮二次，第一次 1.5 小时，第二次 1 小时，合并煎液，滤过，滤液浓缩至适量，加等量的乙醇，搅匀，静置 24 小时，取上清液，浓缩至相对密度为 1.35~1.40 (65℃) 的清膏。取清膏，加适量的蔗糖粉、糊精及乙醇，制粒；干燥，制成 1000g，即得
复方野菊感冒颗粒,颗粒剂,清热疏风，润燥止咳。用于风热、温燥之邪犯肺而致的发热、头晕咳嗽、咽干喉痛,野菊花 65g、桑叶 130g、一枝黄花 156g、枇杷仁 130g、南沙参 104g、芦根 104g、甘草 42g、薄荷油 0.7ml,以上八味，除薄荷油外，其余野菊花等七味加水煎煮二次，第一次 2 小时，第二次 1.5 小时，煎液静置，滤过，合并滤液，浓缩至相对密度为 1.03~1.05 (90℃) 的清膏，喷雾干燥，加糊精 85g，制成颗粒，整粒，喷入薄荷油，包装，即得
复方斑蝥胶囊,胶囊剂,破血消瘀，攻毒蚀疮。用于原发性肝癌、肺癌、直肠癌、恶性淋巴瘤、妇科恶性肿瘤等,斑蝥 2.4g、刺五加 297.5g、莪术 95g、熊胆粉 23.8g、人参 59.5g、三棱 95g、山茱萸 357g、甘草 119g、黄芪 297.5g、半枝莲 119g、女贞子 119g,以上十一味，除熊胆粉外，人参、山茱萸、女贞子、半枝莲粉碎成细粉，过筛，备用；斑蝥用氯仿浸泡提取 3 次，每次 95.2ml，浸泡 72 小时，合并提取液，回收氯仿，浓缩至稠膏状；其余黄芪等五味加水煎煮三次，第一次 3 小时，第二次 1.5 小时，第三次 1 小时，合并煎液，滤过，滤液浓缩至相对密度约为 1.20 (80℃)；熊胆粉加 80℃水溶解后，加入上述稠膏、浓缩液及人参等细粉，搅匀，在 80℃以下烘干，粉碎成细粉，装入胶囊，制成 6000 粒，即得
宫血停颗粒,颗粒剂,补益脾肾，活瘀止血。用于脾肾两虚，气虚血瘀而致的月经过多及崩漏,黄芪 100g、升麻 30g、党参 30g、益母草 100g、蒲黄 30g、枳壳 30g、龙骨 (煅) 60g、牡蛎 (煅) 60g、当归 30g、女贞子 40g、早莲草 40g,以上十一味，酌予碎断，加水煎煮两次，第一次 1.5 小时，第二次 1 小时，合并煎液，滤过，滤液浓缩至相对密度为 1.14~1.18 (80℃测) 的清膏，加乙醇使含醇量达 65%，充分搅拌，静止 12 小时，取上清液另器存放，沉淀加 40% 乙醇适量充分搅拌，静止沉淀 2 小时，取上清液与上述清液合并，回收乙醇并浓缩至相对密度为 1.30~1.34 (50℃热测) 的稠膏；取稠膏 1 份，加糖粉 2.4 份，糊精 0.8 份，混匀，制成颗粒，80℃以下干燥，分装，即得
宫炎平片,片剂,清热利湿，祛瘀止痛，收敛止带。用于急、慢性盆腔炎见下腹胀痛、腰痛、带下增多、月经不调等症属于湿热下注、瘀阻胞宫所致者,地稔 450g、两面针 170g、当归 140g、五指毛桃 100g、穿破石 140g,以上五味，加水煎煮二次，每次 2 小时，滤过，合并滤液，浓缩至相对密度为 1.25 (55~60℃)，加乙醇至含醇量达 50%，静置 24 小时，滤过，滤液回收乙醇，浓缩至稠膏状，干燥，粉碎成细粉，加适量辅料，混匀，制粒，压制成 1000 片，包糖衣，即得
活力源口服液,口服液,益气养阴，强心益肾。适用于气阴两虚，心肾两亏的健忘失眠，记忆力减退、冠心病，慢性肝炎，糖尿病及更年期综合症而见上述证候者,人参茎叶总皂甙 12.5g、黄芪 25g、五味子 60g、麦冬 120g、附片 2.5g,以上五味，将黄芪，麦冬，附片加水煎煮二次，第一次 3 小时，第二次 2 小时，合并煎液，滤过，滤液浓缩至适量，加三倍量乙醇，沉淀，取上清液回收乙醇，浓缩至相对密度为 1.10 (60℃测)。五味子加水煎煮二次，第一次为 1 小时，第二次为 0.5 小时，合并煎液，滤过，滤液浓缩成膏，加三倍量乙醇，沉淀，取上清液回收乙醇，浓缩至相对密度为 1.10 (60℃测)，与上述药液合并，另加入单糖浆 5000ml，山梨酸 12g，加入人参茎叶总皂甙，调整总量至 10000ml，搅匀，滤过，灌装，即得
活力源片,片剂,益气养阴，强心益肾。适用于气阴两虚心肾两亏的，健忘失眠，记忆力减退。冠心病，慢性肝炎，糖尿病及更年期综合症而见上述证候者,人参茎叶总皂甙 (以纯品计) 25g、黄芪 50g、麦冬 240g、五味子 120g、附片 5g,以上五味，黄芪粉碎成细粉，人参茎叶总皂甙粉碎成细粉，麦冬、五味子、附片加水煎煮二次，第一次 3 小时，第二次 2 小时，合并煎液，滤过，滤液浓缩成膏，与上述黄芪细粉混匀，干燥，粉碎成细粉，再加入人参茎叶总皂甙细粉混匀，制颗粒，干燥，压制成 1000 片，包糖衣，即得
浓缩当归丸,丸剂,养血活血，调经止痛。用于血虚所致的月经不调，经来腹痛,当归 250g,取当归 7/10 量，粉碎成粗粉，照流浸膏剂与浸膏剂项下的渗漉法 (附录 I O) 用 70% 乙醇作溶剂，进行渗漉，收集漉液，浓缩至稠膏；其余当归，粉碎成细粉，过筛，将以上稠膏、细粉与适量淀粉混合均匀，制成 1000 丸，70℃以下烘干，打光，即得
珍珠明目滴眼液,口服液,清热泻火，养肝明目，用于肝虚火旺引起视力疲劳症和慢性结膜炎。长期使用可以保护视力,珍珠液 20ml (含总蛋白量不少于 20mg)、冰片 1.0g,将氯化钠加入适量蒸馏水中，加热煮沸，冷却至 80℃，加入珍珠液，边搅拌边降温至 60℃。另将冰片、羟苯乙酯 0.5g 溶于乙醇中，边搅拌边滴加入以上溶液内，加水搅拌 30 分钟以上，滤过，灌制成 1000ml，灌封，即得
穿山龙注射液,注射剂,舒筋活络，祛风止痛。用于风湿阻络所致的关节疼痛,穿龙薯蓣 1000g,取穿山龙 1000g，加水煎煮二次，每次 1 小时，合并煎液，滤过，滤液浓缩至约 1000g，加乙醇使含醇量达 40%，冷藏，滤过，滤液回收乙醇，再加乙醇使含醇量达 60%，冷藏，吸取上清液，回收乙醇，再加乙醇使含醇量达 80%，冷藏，吸取上清液，回收乙醇至尽；加注射用水至近 1000ml，煮沸，加活性炭 3g，继续煮沸 5 分钟，冷藏，滤过，滤液调 pH 值，加入苯甲醇 20ml，补充注射用水至 1000ml，滤过至澄明，灌封，灭菌，即得
胃力片,片剂,行气止痛，和胃利胆，消积导滞，通腑降浊。用于饮食不节，痰浊中阻，痞满呕吐，胃脘胁肋疼痛，食欲不振，大便秘结；急性胃炎、胆囊炎属上述证候者,半夏 (姜制) 800g、龙胆 480g、木香 800g、大黄 480g、枳实 (制) 800g,以上五味，取大黄 160g 粉碎成细粉，剩余大黄与其余半夏等四味加水煎煮二次，合并煎液，滤过，滤液减压浓缩至相对密度为 1.18 (60℃)，干燥，所得干膏粉与上述大黄细粉混匀，制粒，干燥，加辅料适量，压制成 1000 片，包薄膜衣，即得
胃肠灵胶囊,胶囊剂,温中祛寒，健脾止泻。用于中焦虚寒，寒湿内盛，腹冷痛，大便稀溏或泄泻,钻地风 295g、白及 185g、海螵蛸 55g、砂仁 30g、干姜 20g、胡椒 30g、党参 72g、山楂 72g、白芍 55g、甘草 20g,以上十味，白及、海螵蛸粉碎成细粉；白芍用 70% 乙醇 8 倍量回流提取 2 次，每次 2 小时，滤过，合并提取液，浓缩成稠膏，其余钻地风等七味加水煎煮三次，每次 1 小时，合并煎液，滤过，浓缩成稠膏，合并上述两种稠膏，加入上述细粉混匀，干燥，粉碎，过筛，制粒，装入胶囊，制成 1000 粒，即得
胃痛宁片,片剂,清热燥湿，理气和胃，制酸止痛。用于湿热互结所致胃、十二指肠溃疡，胃炎，症见胃脘痉痛，胃酸过多，脘闷嗳气，泛酸嘈杂，食欲不振，大便秘结，小便短赤,蒲公英提取物 300g、氢氧化铝 300g、甘草干浸膏 210g、天仙子浸膏 25g、龙胆粉 155g、小茴香油 4ml,以上六味，除小茴香油外，取蒲公英提取物等五味混匀，制成颗粒，干燥。小茴香油用适量乙醇稀释，喷入颗粒中，混匀，压制成每片为 0.25g 的素片，包糖衣，即得
茵山莲颗粒 (无糖型),颗粒剂,清热解毒利湿。用于慢性迁延性肝炎，慢性活动性肝炎，胆囊炎，胰腺炎，而见湿热蕴毒之症者,茵陈 20g、半枝莲 50g、五味子 10g、栀子 10g、甘草 10g、板蓝根 10g,以上六味，加水煎煮二次，第一次 2 小时，第二次 1 小时，合并煎液，滤过，滤液浓缩至相对密度为 1.35~1.40 (50~55℃测) 的清膏，按 1 份清膏加 1.3 倍糊精及适量的甜叶菊糖甙混匀，制粒，干燥，分装，即得
香丹注射液,注射剂,扩张血管，增进冠状动脉血流量。用于心绞痛，亦可用于心肌梗塞等,丹参 100g、降香 1000g,以上二味，降香加水浸润，进行水蒸气蒸馏，收集蒸馏液约 500ml，冷藏 24 小时，分去油层，水溶液另器收集。丹参加水煎煮三次，第一次加 8 倍量水，煎煮 2 小时；第二、三次各加 6 倍、5 倍量水，每次煎煮 1.5 小时，合并煎液，滤过，滤液浓缩至 670~760ml，加入乙醇使含醇量达 75%，静置 40 小时，滤过，滤液回收乙醇，浓缩至约 330ml，再加入乙醇使含醇量达 85%，静置 40 小时，于溶液中按体积加入 1% 活性炭，搅拌 1 小时，滤过，滤液回收乙醇，浓缩至 200~300ml，加入注射用水 1000~1650ml，静置 16 小时，滤过，滤液浓缩至约 330ml，加乙醇使含醇量达 80%，静置 24 小时，滤过，滤液浓缩至约 330ml，加注射用水至约 500ml，用 10% 氢氧化钠溶液调节 pH 值至 6.5~6.8，煮沸 1 小时，于溶液中按体积加入 1% 活性炭，煮沸 15 分钟，滤过，滤液再用 10% 氢氧化钠溶液调节 pH 值至 6.8~7.0，加注射用水至约 500ml，加入降香蒸馏液和 5g 聚山梨酯 80，混匀，加注射用水使成 1000ml，滤过，灌封，灭菌，即得
骨刺片,片剂,散风邪，祛寒湿，舒筋活血，通络止痛。用于颈椎、胸椎、腰椎、跟骨等骨关节增生性疾病，对风湿、类风湿性关节炎有一定疗效,昆布 40g、马钱子粉 20g、三七 30g、白芍 30g、延胡索 (制) 30g、制草乌 30g、制川乌 80g、附片 100g、鸡血藤 500g、杜仲叶 100g、牡蛎 (煅) 50g、威灵仙 100g、桂枝 20g、党参 50g、骨碎补 50g,以上十五味，鸡血藤加水煎煮三次，第一次 3 小时，第二、三次各 2 小时，合并煎液，滤过，滤液备用；昆布、骨碎补、党参、桂枝、威灵仙、牡蛎、杜仲叶加水煎煮二次，第一次 3 小时，第二次 2 小时，合并煎液，滤过，滤液与上述滤液合并，浓缩至相对密度约为 1.35 的稠膏。另取附片、制川乌、制草乌及延胡索四味粉碎成粗粉，用酸性乙醇 (pH4.5~5.0) 浸渍提取，滤过，滤液回收乙醇，浓缩成稠膏；白芍、三七粉碎成细粉与马钱子粉配研混匀，与上述两种稠膏混匀，干燥，粉碎成细粉，制粒，压制成 650 片，包糖衣，即得
骨刺宁酒,酒剂,活血通络，消瘀定痛。用于骨刺，风寒湿痹所引起的疼痛及四肢麻木等症,威灵仙 50g、急性子 30g、山楂 30g、砂仁 5g、白芷 5g、红花 5g、乌梅 10g,以上七味粉碎成粗粉，置容器内，加入白酒 700ml 封严，三天搅拌一次，浸渍两周，取出浸出液，再加入 300ml 白酒封严，浸一周，取出浸出液并将残渣压榨，榨液与两次浸出液合并，静置 72 小时，滤过，滤液备用。另取白糖 100g，加水适量，加热溶解，滤过，将滤液加入酒浸液中，搅拌，充分混合，静置 72 小时，滤过，制成 1000ml，即得
骨松宝颗粒,颗粒剂,补肾活血，强筋壮骨。用于骨痿 (骨质疏松) 引起的骨折、骨痛、骨关节炎，以及预防更年期骨质疏松,淫羊藿 650g、续断 50g、赤芍 50g、川芎 50g、知母 50g、莪术 50g、三棱 50g、地黄 40g、牡蛎 (煅) 10g,以上九味，牡蛎粉碎成细粉，备用；其余淫羊藿等八味加水煎煮三次，第一次 2 小时，第二、三次各 1 小时，合并煎液，滤过，滤液浓缩至相对密度为 1.35 (50℃) 的清膏，加入上述细粉，混匀，干燥，松碎成细粉，制成颗粒，干燥，制成 500g 或取清膏，加入适量的淀粉和蔗糖粉及上述细粉，混匀，干燥，粉碎成细粉，制成颗粒，干燥，制成 1000g，即得
健步壮骨丸,丸剂,补益肝肾，祛风散寒，除湿通络。用于肝肾不足，寒湿阻络之久痹，腰膝酸痛，肢软乏力，关节疼痛，阴冷加重,木瓜 40g、枸杞子 40g、牛膝 40g、豹骨 30g、补骨脂 (盐制) 20g、人参 5g、续断 40g、黄芪 20g、白芍 20g、龟甲 (醋制) 20g、熟地黄 20g、独活 20g、秦艽 20g、黄柏 20g、当归 20g、菟丝子 20g、防风 20g、茯苓 20g、锁阳 20g、杜仲 (盐制) 20g、羌活 20g、远志 (制) 20g、知母 20g、酸枣仁 (炒) 16g、石菖蒲 16g、附子 (制) 5g,以上二十六味，粉碎成细粉，混匀，过筛。每 100g 粉末加炼蜜 100~120g 制成大蜜丸，即得
柴胡注射液,注射剂,清热解表。用于治疗感冒、流行性感冒及疟疾等的发热,柴胡 1000g,取柴胡 1000g，切断，加水温浸，经水蒸气蒸馏，收集初馏液，再重蒸馏，收集重馏液约 1000ml，加入 3g 聚山梨酯 80，搅拌使油完全溶解，再加入 9g 氯化钠，溶解后，滤过，加注射用水至 1000ml，调 pH 值，测定吸收度，精滤，灌封，灭菌，即得
消痰咳片,片剂,清热祛痰，止咳平喘。用于急、慢性支气管炎的痰热证，症见咳嗽，痰黄难咯，或兼喘息之候,枇杷叶 4000g、盐酸依普拉酮 7g、买麻藤 2500g、鱼腥草素钠 10g、甲氧苄啶 40g、磺胺林 40g,以上六味，取枇杷叶、买麻藤分别加水煎煮二次，枇杷叶第一次 2 小时，第二次 1 小时，买麻藤第一次 3 小时，第二次 2 小时，合并煎液，滤过，滤液浓缩至适量，加乙醇使含醇量达 60%，静置，滤过，滤液浓缩至稠膏状，干燥，粉碎成细粉，加入鱼腥草素钠、盐酸依普拉酮、甲氧苄啶、磺胺林及适量辅料，制成颗粒，压制成 1000 片，包糖衣，即得
烧伤肤康液,口服液,清热解毒，收敛止痛，保护创面。用于 1 度以下烧伤、烫伤及热疖、痱子、湿疹等,地榆 165g、虎杖 165g、白及 165g、忍冬藤 165g、黄连 33g、冰片 8.2g,以上六味，冰片研细，白及加水浸渍 24 小时，再与其余地榆等四味加水煎煮三次，每次 1 小时，合并煎液，滤过，滤液浓缩至 1000ml，加入冰片及苯甲酸钠 5g，搅匀，即得
热淋清颗粒,颗粒剂,清热解毒，利尿通淋。用于湿热蕴结，小便黄赤、淋漓涩痛之症，尿路感染，肾盂肾炎见上述证候者,头花蓼 1000g,取头花蓼 1000g 加水煎煮二次，每次 1.5 小时，合并煎液，滤过，滤液浓缩至相对密度为 1.38 (80℃) 的稠膏，干燥，粉碎，制成颗粒，干燥，制成 400g，或加入适量的蔗糖粉，混匀，制成颗粒，干燥，制成 800g，即得
热淋清糖浆,糖浆剂,清热解毒，利尿通淋。用于湿热蕴结，小便黄赤、淋漓涩痛之症，尿路感染、肾盂肾炎见上述证候者,头花蓼 1000g,取头花蓼 1000g，加水煎煮二次，每次 1.5 小时，合并煎液，滤过，滤液浓缩至适量，加入单糖浆 200g，混匀，加水至 1000ml，搅匀，即得
益血生胶囊,胶囊剂,健脾生血，补肾填精。用于脾肾两亏所致的血虚诸症，各种类型贫血及血小板减少症,阿胶 15g、龟甲胶 15g、鹿角胶 15g、鹿血 15g、牛髓 25g、紫河车 10g、鹿茸 3g、茯苓 25g、黄芪 (蜜制) 20g、白芍 20g、当归 15g、党参 15g、熟地黄 15g、白术 (麸炒) 15g、制何首乌 10g、大 * 10g、山楂 (炒) 15g、麦芽 (炒) 15g、鸡内金 (炒) 10g、知母 (盐制) 5g、大黄 (酒制) 5g、花生衣 2.5g,以上二十二味，除牛髓外，阿胶、龟甲胶、鹿角胶、党参、何首乌、白芍、茯苓、鹿茸、麦芽、知母、鹿血粉碎成细粉，过筛，混匀，其余熟地黄等十味，加水煎煮三次，第一次 3 小时，第二次 2 小时，第三次 1 小时，滤过，合并滤液，浓缩至流浸膏状，低温干燥，粉碎成细粉，过筛，加入上述阿胶等细粉、牛髓，混匀，装入胶囊，制成 700 粒，即得
益寿强身膏,膏剂,补气养血，滋补肝肾，养心安神，强筋健骨，健脾开胃。用于体虚气弱，食欲不振，腰膝酸软，神疲乏力，头晕目眩，失眠健忘，年老体弱,党参 (炒) 50g、人参 6g、茯苓 50g、黄芪 (炙) 40g、白术 (炒) 50g、山药 40g、制何首乌 50g、当归 50g、熟地黄 100g、川芎 20g、泽泻 25g、牡丹皮 25g、牛膝 25g、白芍 40g、杜仲叶 60g、续断 25g、阿胶 6g、红花 10g、三七 6g、炙甘草 12g、黄精 (制) 24g、陈皮 2.5g,以上二十二味，除人参、三七、阿胶外，其余党参等十九味加水煎煮三次，第一次 3 小时，第二、三次各 2 小时，合并煎液，静置沉淀，滤过；另将人参、三七加适量水煎煮 4 次，每次 2 小时，合并静置，滤过；另将阿胶加适量水烊化，合并上述药液，浓缩至相对密度为 1.21 (70~80℃) 的清膏。每 100g 清膏加糖 200g，加热溶化，混匀，继续浓缩至规定的相对密度，即得
益视颗粒,颗粒剂,滋肾养肝，健脾益气，调节视力。用于肝肾不足、气血亏虚引起的青少年近视及视力疲劳者,党参 230g、当归 230g、五味子 (蒸) 115g、山药 380g、制何首乌 230g、金樱子 230g、覆盆子 380g、厚朴 (姜制) 230g、木香 230g、白术 (焦) 230g、山楂 (焦) 230g、石楠叶 380g、菟丝子 380g、六神曲 (焦) 230g,以上十四味，加水煎煮二次，第一次 2 小时，第二次 1 小时，合并煎液，滤过，滤液浓缩至约 3705ml，加二倍量乙醇，搅匀，静置 48 小时，取上清液，回收乙醇，浓缩至相对密度为 1.35 (85℃) 以上的清膏，加适量糊精，制成颗粒，干燥，制成 1000g，即得
益脑宁片,片剂,益气补肾，活血通脉。用于脑动脉硬化症、中风后遗症，及冠心病、心绞痛、高血压等属脾肾不足、血脉瘀阻证者,炙黄芪 100g、党参 100g、麦芽 100g、制何首乌 100g、灵芝 100g、女贞子 70g、早莲草 70g、桑寄生 70g、天麻 30g、钩藤 40g、丹参 70g、赤芍 40g、地龙 30g、山楂 100g、琥珀 10g,以上十五味，取天麻、琥珀、麦芽及何首乌 50g 粉碎成细粉，过筛，备用；丹参、女贞子及桑寄生用 70% 乙醇回流提取三次，第一次 3 小时，第二次 2 小时，第三次 1 小时，合并提取液，滤过，滤液回收乙醇至无醇味并浓缩至相对密度为 1.10~1.12 (80℃测) 的清膏，备用；上述乙醇提取后的药渣、何首乌 50g 及其余八味，加水煎煮三次（2、2、1 小时），合并提取液，滤过，浓缩至相对密度为 1.30~1.32 (80℃测) 的浸膏，加入上述细粉、清膏及适量辅料制粒、干燥，压制成 1000 片，包糖衣，即得
真菌竹黄胶囊,胶囊剂,祛风通络，散寒理湿。用于风寒湿痹,真菌竹黄（每粒相当于原药材 1g）,本品为肉座菌科植物 Shiraia bambusicola P.Henn. 的子座经提取加工制成的胶囊（未标注详细提取用量步骤，按原文记录）
脑塞通丸,丸剂,活血化瘀、通经活络、益气养阴，用于脑血栓，脑瘀血后遗症，肢体偏瘫，手足麻木，语言障碍等,干漆 (炭) 8.70g、红参 28.55g、黄芩 17.15g、牛膝 22.35g、天花粉 28.55g、土鳖虫 (炒) 14.25g、牡丹皮 17.15g、大黄 (制) 11.45g、吴茱萸 (盐) 5.70g、桃仁 17.15g、玄明粉 14.25g、川芎 11.25g、葶苈子 14.25g、地龙 (炒) 18.75g、列当 (酒) 37.50g、地黄 68.55g、水蛭 (烫) 8.70g、肉桂 5.70g、茯苓 28.55g、琥珀 7.50g、朱砂 5.00g,以上二十一味，朱砂水飞成极细粉，其他红参等粉碎成细粉，并与朱砂极细粉配研，过筛，混匀，每 100g 粉末加炼蜜 100~120g 制成大蜜丸，即得
脑震宁颗粒,颗粒剂,凉血活血，化瘀通络，益血安神，宁心定智，除烦止呕。用于脑外伤引起的头痛、头晕，烦躁失眠，健忘惊悸，恶心呕吐,当归 200g、地黄 200g、牡丹皮 150g、川芎 150g、地龙 150g、丹参 375g、茯苓 250g、陈皮 250g、竹茹 250g、酸枣仁 (炒) 250g、柏子仁 250g,以上十一味，当归、牡丹皮、川芎、陈皮蒸馏提取挥发油，蒸馏后的水溶液另器收集；药渣与其余丹参等七味加水煎煮二次，每次 1.5 小时，合并煎液，滤过，滤液与上述水溶液合并，浓缩至相对密度为 1.35~1.38 (55℃) 的清膏，加入适量的蔗糖和糊精，用乙醇制颗粒，干燥，加入上述挥发油，混匀，制成 1000g，即得
豹骨酒,酒剂,祛风活血，壮骨强筋。用于风寒湿痹，筋骨疼痛，四肢麻木，腰膝无力,豹骨 20g、羌活 30g、杜仲 60g、制川乌 30g、木瓜 60g、五加皮 60g、当归 60g、威灵仙 60g、茜草 60g、茯苓 30g、鹿角 80g、独活 30g、补骨脂 60g、制草乌 30g、苍术 30g、肉桂 30g、川芎 30g、秦艽 30g、绵萆薢 30g、甘草 10g、红花 60g、续断 30g、何首乌 30g、桂枝 20g、陈皮 30g、白茄根 30g、麻黄 10g、川牛膝 30g,以上二十八味，豹骨、鹿角粉碎成中粉；其余羌活等二十六味粉碎成粗粉，混匀，照流浸膏剂与浸膏剂项下的渗漉法 (附录 I O)，用白酒 16000g 作溶剂，浸渍 48 小时后，以每分钟 1~3ml 的速度缓缓渗漉，收集漉液，静置 7 天，滤过，即得
通宣理肺膏,膏剂,解表散寒，宣肺止嗽。用于感冒咳嗽，发热恶寒，鼻塞流涕，头痛无汗，肢体酸痛,紫苏叶 96g、苦杏仁 96g、陈皮 96g、枳壳 (炒) 72g、黄芩 96g、茯苓 72g、半夏 (制) 96g、甘草 96g、麻黄 72g、桔梗 96g、前胡 144g,以上十一味，取前胡、桔梗等八味，加水煎煮 3 小时后，过滤，备用；药渣与紫苏叶、陈皮、麻黄加水煎煮二次，第一次 3 小时，第二次 2 小时，合并煎液，滤过；合并滤液，滤液浓缩至相对密度为 1.28~1.29 (25℃) 的清膏，每 500g 清膏加炼蜜 1000g，加入苯甲酸钠适量，混匀，浓缩至规定的相对密度，过滤，制成 1500g，即得
速效牙痛宁酊,酊剂,活血化瘀，理血止痛。用于风虫牙痛，龋齿性急、慢性牙髓炎，牙本质过敏，楔状缺损,芫花根 300g、地骨皮 300g,以上二味粉碎成粗粉，照酊剂项下的渗漉法 (附录 I N)，用 75% 乙醇作溶剂，浸渍 24 小时后，缓缓渗漉；收集漉液 1000ml，静置，澄清，滤过，即得
梅翁退热片,片剂,疏风清热，解毒利咽，消痈散结。用于风热感冒，发热咳嗽，咽喉肿痛，胸脘胀痛，喉痹，乳蛾,岗梅 2000g、水翁花 800g、倒扣草 670g、绵马贯众 800g、金银花 1000g、石膏 2000g、三叉苦 800g、野菊花 800g、鱼腥草 1000g、连翘 800g,以上十味，连翘、鱼腥草、野菊花用水蒸气蒸馏法提取挥发油；药渣与其余岗梅等七味加水煎煮二次，每次 2 小时，合并煎液，滤过，滤液浓缩至适量，加乙醇使含醇量达 60%，静置，取上清液，回收乙醇并浓缩至相对密度为 1.28~1.30 (50℃)，加入适量辅料，混匀，制成颗粒，干燥，喷加连翘等三味的挥发油，混匀，压制成 1000 片，包糖衣，即得
梅翁退热颗粒,颗粒剂,疏风清热，解毒利咽，消痈散结。用于风热感冒，发热咳嗽，咽喉肿痛，胸脘胀痛，喉痹，乳蛾,岗梅 2000g、水翁花 800g、金银花 1000g、连翘 1000g、鱼腥草 1000g、绵马贯众 800g、野菊花 800g、三叉苦 800g、倒扣草 670g、石膏 2000g,以上十味，连翘、鱼腥草、野菊花用水蒸气蒸馏法提取挥发油；药渣与其余岗梅等七味加水煎煮二次，每次 2 小时，合并煎液，滤过，滤液浓缩至适量，加乙醇使含醇量达 60%，静置，取上清液回收乙醇，并浓缩至相对密度为 1.28~1.30 (50℃)，加入蔗糖粉 3000g 及适量糊精，混匀，制成颗粒，干燥，喷加连翘等三味的挥发油，混匀，制成 3750g，即得
清艾条,膏剂,理气血，逐寒湿，温经止痛。用于心腹冷痛，泄泻转筋，骨节酸痛，四肢麻木，腰酸疼痛等症,艾绒 5000g,取艾绒，均匀摊于桑皮纸或烟用纸上，卷紧成条状，粘合，封闭，即得
清咽片 (清音片),片剂,清凉解热，生津止渴。用于咽喉肿痛，声嘶音哑，口干舌燥，咽下不利,桔梗 200g、诃子 (去核) 200g、青黛 40g、硼砂 40g、冰片 6g、甘草 100g、薄荷脑 1g、甘草霜 20g、寒水石 200g,以上八味，冰片、薄荷脑粉碎成细粉备用，其余桔梗、甘草霜等六味粉碎成细粉，过筛，加入辅料混匀，制成粒，干燥放冷，加入冰片等细粉混匀，压制成 3140 片，包糖衣，即得
清宫长春胶囊,胶囊剂,补肾益精，强筋壮骨，延缓衰老。主治神衰体弱，精力不足，健忘易倦，头晕耳鸣，腰痛膝酸，性欲减退，畏寒肢冷,人参 100g、当归 50g、白芍 50g、天冬 30g、牛膝 10g、茯苓 30g、五味子 30g、石菖蒲 10g、枸杞子 30g、麦冬 30g、地黄 30g、熟地黄 30g、远志 10g、覆盆子 30g、杜仲 5g、木香 30g、花椒 10g、菟丝子 (制) 30g、地骨皮 30g、山药 30g、山茱萸 (制) 5g、柏子仁 30g、泽泻 30g、肉苁蓉 10g,以上二十四味，取人参粉碎成细粉；其余当归等 23 味粉碎成粗粉，加入 45% 乙醇 6 倍量浸泡 12~24 小时，加热回流 3 小时，滤过，药渣再加 45% 乙醇 5 倍量回流 2 小时，滤过，合并滤液，回收乙醇并浓缩成稠膏，加入人参细粉，混匀，干燥，过筛，装入胶囊，制成 1000 粒，即得
清热解毒注射液,注射剂,清热解毒。用于流感，轻型脑膜炎，外感发热等症,金银花 134g、黄芩 67g、龙胆 67g、生石膏 54g、栀子 67g、板蓝根 80g、麦冬 54g、甜地丁 107g、玄参（未标注含量）、地黄（未标注含量）（另两味药材未明确）,以上十二味，金银花用水蒸气蒸馏，收集初馏液 600ml，馏液中加蒸馏水 200ml，再重蒸馏，收集馏液 300ml 另存，药渣另存；玄参、地黄照流浸膏剂与浸膏剂项下的渗漉法 (附录 I O)，用 90~95% 乙醇作溶剂，浸渍 4 小时后，进行渗漉，收集漉液 750ml 另存，药渣备用；其余黄芩等九味与上述药渣合并，加水于 60℃温浸 2 小时后，煎煮三次，每次 1.5 小时，合并煎液，滤过，滤液减压浓缩至约 400ml，与上述渗漉液合并，用乙醇沉淀处理三次，第一次溶液中含醇量为 50%，第二次为 60%，第三次为 75%，每次均放置 24 小时，滤过，滤液减压浓缩至约 200ml，加适量注射用水，加活性炭 1g、置水浴上加热 1 小时，放冷，冷藏 24 小时，滤过，加入上述蒸馏液，搅匀，用 5% 氢氧化钠溶液调节 pH 值至 6.5~7.0，加入苯甲醇 20ml 与适量注射用水使成 1000ml，滤过，灌封，灭菌，即得
猕猴桃颗粒,颗粒剂,调中理气，增进食欲，促进消化。用于消化不良，食欲不振，改善儿童营养不良的辅助治疗,猕猴桃（鲜品 2000g）,取鲜猕猴桃 2000g，压榨取汁，压滤；果渣加水压榨取汁，压滤，合并两次滤液，静置，取上清液真空浓缩成相对密度为 1.25~1.30 (70~80℃) 的清膏，取 1 份清膏加蔗糖粉 7 份制成颗粒，低温干燥，分装成 100 袋或压制成 100 块，即得
痔疮片,片剂,清热解毒，凉血止痛，祛风消肿。用于各种痔疮，肛裂，大便秘结,白芷 323g、蒺藜 323g、功劳木 645g、大黄 323g、冰片 16g、猪胆汁 32ml,以上六味，取白芷 161.5g 粉碎成细粉；剩余白芷与蒺藜、功劳木加水煎煮二次，每次 2 小时，滤过，合并滤液；大黄加水煎煮二次，每次 1 小时，滤过，合并滤液。合并上述两种滤液，加入猪胆汁，浓缩成稠膏，再加入白芷细粉，混匀，干燥，制粒；冰片用适量乙醇溶解，喷入干颗粒中，混匀，压制成 1000 片，包糖衣，即得
粘膜溃疡散,散剂,清热解毒，收敛止痛，用于热毒内盛而致的咽喉肿痛，口舌生疮，以及其他粘膜溃疡,青黛 100g、儿茶 100g、冰片 100g,以上三味，冰片研成细粉；青黛、儿茶粉碎成细粉。上述粉末与冰片粉末配研，过筛，即得
脱苦膏（原文名：Tuoku Gao，存疑）,膏剂,驱风散寒，通络止痛。用于风湿性关节炎，外伤瘀痛，头痛，神经痛等症,薄荷脑 53.8g、樟脑 26.9g、冰片 32.3g、水杨酸甲酯 21.5g、盐酸苄达明 8.6g、盐酸苯海拉明 8.2g、辣椒浸膏 5.4g、毛麝香浸膏 10.7g,以上八味，取薄荷脑、樟脑、冰片、水杨酸甲酯及二甲基亚砜 16ml 与浸溶橡胶混合，辣椒浸膏、毛麝香浸膏、盐酸苄达明、盐酸苯海拉明与适量的立德粉混合，并与上述橡胶混溶物混合，炼制成涂料 1000g。用热压涂布法均匀涂布于棉布上，切段，盖衬，切成小块，即得
萃仙丸,丸剂,补肾固精，益气健脾，用于肾虚精亏，阳痿早泄，体弱乏力，腰膝酸软,莲须 40g、续断 30g、韭菜子 (盐炒) 20g、沙苑子 (炒) 40g、五味子 20g、覆盆子 (盐炒) 20g、制何首乌 40g、补骨脂 (盐炒) 30g、核桃仁 20g、茯苓 20g、鱼鳔 (制) 10g、人参 10g、枸杞子 40g、莲子 (炒) 30g、杜仲 (煅) 30g、鹿茸 10g、芡实 (炒) 40g、山药 30g、金樱子 30g,以上十九味，取芡实、莲子、制何首乌、人参、山药、鹿茸、鱼鳔粉碎成细粉。其余十二味药加水煎煮二次，每次 2 小时，合并煎液，滤过；取滤液，减压浓缩至相对密度为 1.15~1.18 (70℃) 的清膏。将清膏与药粉混匀，干燥，粉碎，乙醇泛丸，每 100 粒重 3g，用杜仲炭包衣，打光，即得
蛇胆半夏散,散剂,祛风化痰，和胃下气。用于呕吐咳嗽，痰多气喘,蛇胆汁 15.5g、半夏 (制) 156g,以上二味，半夏粉碎成细粉，与蛇胆汁混匀，干燥，粉碎成细粉，过筛，即得
雪莲注射液,注射剂,消炎镇痛，消肿，活血化瘀。用于急、慢性风湿性关节炎，类风湿性关节炎及骨关节炎引起的关节疼痛等症,天山雪莲花 1000g,取天山雪莲花 1000g，加 85% 乙醇浸渍 14 天，滤过，滤液浓缩至每 1ml 含原药材 1g，置容器中于 110℃、0.1kPa 灭菌 45 分钟，放置 1~3 个月。取此溶液滤过，滤液加聚山梨酯 80 4ml、氯化钠 10g，搅拌均匀，用 40% 氢氧化钠溶液调节 pH 值至 6.0~8.0，用微孔滤膜 (0.2μm) 滤过，滤液加注射用水使成 1000ml，灌封，灭菌，即得
黄芪注射液,注射剂,益气养元，扶正祛邪，养心通脉，健脾利湿。用于心气虚损、血脉瘀阻之病毒性心肌炎、心功能不全及脾虚湿困之肝炎,蒙古黄芪或膜荚黄芪 2000g,取黄芪 2000g，加水煎煮三次，每次 1.5 小时，合并煎液，滤过，滤液浓缩至每 1ml 相当于原药材 1~2g，用乙醇沉淀处理二次，第一次溶液中含醇量为 75%，第二次为 85%，每次均冷藏放置，回收乙醇并浓缩至每 1ml 相当于原药材 10g，用注射用水稀释至每 1ml 相当于原药材 0.75~1g，冷藏放置 12 小时，滤过，滤液浓缩至每 1ml 相当于原药材 5~6g，放冷，用 20% 氢氧化钠溶液调节 pH 值至 7.5，煮沸，加入 0.125% 的活性炭，煮沸 5 分钟，趁热滤过，加注射用水使成 1000ml，滤过，再用 20% 氢氧化钠溶液调节 pH 值至 7.5，滤过，灌封，灭菌，即得
黄花油,搽剂,消炎，止痒，杀菌。用于虫咬皮炎，丘疹性荨麻疹，毛囊炎,黄花油精 40g、薄荷脑 20g、樟脑 20g、水杨酸甲酯 360g,以上四味，取黄花油精，加入薄荷脑和樟脑，混匀，再加入水杨酸甲酯使溶解，加入香精 40g，再加乙醇至 1000g，摇匀，密封，静置 24 小时，滤过，即得
黄根片,片剂,活络散结，祛瘀生新，强壮筋骨，有抗二氧化硅细胞毒作用。用于治疗矽肺,黄根（未标注含量，每片含干浸膏 0.2g 相当于原药材 6g）,取黄根，用 60% 乙醇加热回流提取三次，每次 2 小时，合并提取液，滤过，滤液减压回收乙醇，浓缩至稠膏状，用 10 倍量温水分三次搅匀，静置，滤过，滤液减压浓缩，真空干燥，粉碎，加入适量辅料，制颗粒，压制成 1000 片，包糖衣，即得
强力止咳宁胶囊,胶囊剂,清热解毒，止咳，化痰，平喘。用于急、慢性支气管炎，感冒咳嗽属肺热实证者,金银忍冬叶干膏粉 370g、满山红油 10g,取满山红油与 20g 碳酸钙混匀，再按递加稀释法与金银忍冬叶干膏粉混合均匀，装入胶囊，制成 1000 粒，即得
强力脑清素片,片剂,补肾健脾，养心安神。用于脾肾两虚，心神失养引起的心悸失眠，食欲不振，神疲乏力，尿频阳痿，神经衰弱，非器质性性功能衰退及妇女更年期综合症见上述证候者,刺五加浸膏 157g、五味子流浸膏 50ml、甘油磷酸钠 35g、鹿茸精 (10%) 28ml,以上四味，加适量辅料，混匀，低温干燥，压制成 1000 片，包薄膜衣，即得
猴头菌片,片剂,益气养血，扶正培本。用于气血病症引起的胃溃疡、十二指肠溃疡、慢性胃炎、萎缩性胃炎等,猴头菌丝体 1000g,取整理后的猴头菌丝体，加入 10 倍的水浸润一小时后加热、煎煮二小时，药液用 120 目筛过滤备用。药渣再投入 8 倍量水第二次煎煮二小时，过滤，合并滤液，减压浓缩至相对密度 1.30 (热测) 的清膏，干燥，粉碎成细粉，加淀粉适量拌匀，制成颗粒，压制成 1000 片，包衣，即得
遐龄颗粒（原文名：Xialing Keli）,颗粒剂,滋补肝肾，生精益髓。用于肝肾亏损，精血不足引起的神疲体倦、失眠健忘、阳痿早泄、腰膝酸软等症,三七 20g、制何首乌 30g、枸杞子 30g、山楂 50g、黄精 (制) 50g、菟丝子 50g、菊花 30g、黑芝麻 (炒) 30g、楮实子 30g、桑椹清膏 80g,以上十味，除桑椹清膏外，余药加水煎煮两次，第一次 2 小时，第二次 1 小时，合并煎液，滤过，滤液浓缩至每 ml 相当于 2g 原药材。加入桑椹清膏混匀放冷后，加乙醇适量至含醇量为 80%，静置沉淀，取上清液回收乙醇，浓缩成相对密度为 1.30~1.33 的清膏。取清膏 1 份，加蔗糖粉和糊精 5 份，制成颗粒，干燥得 1000g，即得
愈伤膏,膏剂,散瘀、消肿、止血止痛。用于浅表创伤，防止感染和促进伤口愈合,利凡诺 1.5g、百宝丹 6.5g、氧化锌 32.5g、凡士林 29.5g、汽油（未标注含量）、松香 70g、羊毛脂适量、石蜡 3.5g、精纱布 200g、橡胶 25.5g,先将利凡诺、百宝丹加蒸馏水 1000ml 溶解，待全部溶解后，加入精纱布浸泡 8 小时，使浸药均匀，取出，烘干，裁切，叠条。另按橡皮膏制备方法经炼胶、浸泡、打胶，加入氧化锌等其它物料，打成膏浆，过滤，静置，涂膏，分切，制成载体。把载体、药纱布组合成纱布和条，消毒，最后用消毒的塑料薄膜盖衬，裁切，即得
新雪颗粒,颗粒剂,清热解毒。用于各种热性病之发热，如扁桃腺炎、上呼吸道炎、气管炎、感冒所引起的高热以及温热病之烦热不解,磁石 86g、石膏 43g、滑石 43g、寒水石 43g、硝石 86g、芒硝 86g、栀子 22g、竹叶卷心 220g、广升麻 43g、穿心莲 220g、珍珠层粉 9g、沉香 13g、牛黄 9g、冰片 2.3g,以上十四味，磁石、石膏、寒水石、滑石加水煎煮二次，每次 3 小时，滤过，滤液中加入穿心莲 (留叶粉末 10g 备用)、竹叶卷心、沉香 (装入布袋) 及广升麻 (装入布袋)，加水煎煮二次，第一次 3 小时，第二次 2 小时，滤过，合并滤液，浓缩至适量，加入芒硝和硝石，在水浴上浓缩成稠膏，再加入珍珠层粉，备用；取部分沉香和广升麻的药渣在 100℃以下干燥，粉碎成细粉，取 13.34g 与备用的穿心莲叶粉混匀，加入到上述备用稠膏中，混匀，制成颗粒，干燥，加入已研细的牛黄和冰片，混匀，制成 250g，或包薄膜衣，即得
解肌镇痛酊,酊剂,活血通经、止痛。用于治疗软组织损伤而引起的颈、肩、腰、腿痛。对冻疮也有一定的疗效,辣椒浸出液 760ml、陈皮浸出液 30ml、水杨酸甲酯 200ml、薄荷脑 10g,以上四味，混合，加香精适量，4 小时后搅拌 1~2 分钟，放置 24 小时，搅拌 5 分钟，静置 4 小时，滤过，分装，即得
跳骨片,片剂,消肿定痛，活血舒筋，促进骨痂生长。用于骨折，脱臼，新久伤痛,骨碎补 (炒) 28g、煅自然铜 14g、土鳖虫 14g、乳香 (炒) 14g、没药 (炒) 14g、红花 7g、三七 14g、仙桃草 14g、血竭 14g、黄芪 28g、麸炒枳壳 28g、乌药 7g、冰片 3.4g、马钱子 (制) 10g、细辛 7g、羌活 7g、独活 7g、狗脊 (炒) 14g、蒺藜 14g、朱砂 (水飞) 7g,以上二十味，除冰片、朱砂外，其余马钱子等十八味粉碎成细粉，与朱砂配研，加入适量辅料，混匀，制成颗粒，干燥；将冰片研细，加入上述颗粒中，混匀，压制成 1000 片，包糖衣，即得
障翳散,散剂,行滞祛瘀，退障消翳。用于老年性白内障及角膜翳,丹参 111g、红花 111g、茺蔚子 111g、青葙子 111g、决明子 222g、蝉衣 222g、没药 111g、黄芪 111g、昆布 111g、海藻 111g、关木通 111g、炉甘石 (水飞) 111g、牛胆干膏 12g、羊胆干膏 18g、珍珠 40g、琥珀 30g、天然冰片 80g、麝香 40g、硼砂 20g、海螵蛸 200g、黄连素 20g、核黄素 40g、山药 100g、无水硫酸钙 40g、荸荠粉 160g,以上二十五味，将茺蔚子、青葙子用纱布包扎，与丹参、红花、决明子、蝉衣、没药、黄芪、昆布、海藻、木通用水浸渍 3 小时后，加水煎煮二次，每次 1.5 小时，合并煎液，滤过，滤液浓缩至约 1400ml，加乙醇使含醇量达 75%，冷藏 24 小时，取上清液，浓缩至相对密度为 1.16~1.18 (20℃)，加入炉甘石，混匀，烘干，制成制炉甘石 200g，备用；除麝香、冰片外，其余牛胆干膏等十三味，充分烘干，分别研成极细粉，加入制炉甘石，混匀，过 9 号筛；麝香、冰片分别研成极细粉，过 9 号筛，与上述极细粉配研混匀，制成 100g，即得
醒脑静注射液,注射剂,清热泻火，凉血解毒，开窍醒脑。用于流行性乙型脑炎、肝昏迷，热入营血，内陷心包，高热烦躁，神昏谵语，舌绛脉数,麝香 7.5g、郁金 30g、冰片 1g、栀子 30g,以上四味，郁金、栀子加水约 1500ml 进行蒸馏，收集蒸馏液 1000ml，将麝香加入上述蒸馏液中，并加蒸馏水 250ml 进行蒸馏，收集蒸馏液 1000ml，备用；取冰片，加入 8g 聚山梨酯 80，研匀，加入蒸馏液中，混匀，加入注射用氯化钠 8g，搅拌使溶解，混匀，放置，冷藏过夜，滤过，灌封，灭菌，即得
蟾酥注射液,注射剂,清热解毒。用于急性、慢性化脓性感染；亦可作为抗肿瘤辅助用药,蟾酥 2g,取蟾酥 2g，用 10 倍量注射用水浸泡，研磨，加乙醇使含醇量达 75%，搅匀，静置，冷藏，滤过，滤液回收乙醇至无醇味，加适量注射用水，搅匀，静置，冷藏，滤过，滤液中加入无水亚硫酸钠 2g、氯化钠 8g 和苯甲醇 10ml，搅拌使溶解，用 40% 氢氧化钠溶液调节 pH 值至规定范围，加注射用水至 1000ml，搅匀，滤过，灌封，灭菌，即得
二母宁嗽颗粒,颗粒剂,清肺润燥，化痰止咳。用于燥热蕴肺、痰黄而粘不易咳出，胸闷气促，久咳不止，声哑喉痛,川贝母 225g、知母 225g、石膏 300g、栀子 (炒) 180g、黄芩 180g、桑白皮 (蜜炙) 150g、茯苓 150g、瓜蒌子 (炒) 150g、陈皮 150g、枳实 (麸炒) 150g、甘草 (蜜炙) 30g、五味子 (蒸) 30g,以上十二味，陈皮、枳实、五味子提取挥发油，蒸馏后的水溶液另器收集；桑白皮、川贝母用 70% 乙醇加热回流二次，第一次 2 小时，第二次 1 小时，滤过，合并滤液并回收乙醇至无醇味，药液备用；其余知母等七味，加水煎煮二次，第一次 2 小时，第二次 1 小时，合并煎液，滤过，将上述药液合并，减压浓缩至相对密度 1.30 (50℃) 的清膏，取清膏 1 份，蔗糖粉 3 份、糊精 1 份，制成颗粒，干燥，加入上述陈皮等挥发油，混匀，即得
丁公藤注射液,注射剂,驱风，消肿，止痛。用于风湿性关节炎,丁公藤 2500g,取丁公藤 2500g，加水煎煮二次，第一次 3 小时，第二次 2 小时，合并煎液，滤过，滤液减压浓缩至约 2500ml，加乙醇使含醇量为 75%，搅匀，放置 24 小时，滤过，滤液减压浓缩至约 250ml，再加乙醇使含醇量为 85%，搅匀，放置 24 小时，滤过，滤液回收乙醇，加注射用水使成 950ml，冷藏 48 小时，滤过，滤液加适量活性炭，煮沸 10 分钟，滤过，测定滤液中总固体含量，用 10% 氢氧化钠溶液调节 pH 值至 5.0~5.5，加聚山梨酯 80 与苯甲醇各 10ml，并加注射用水使每 1ml 中含总固体 (丁公藤提取物) 0.05g，搅匀，滤过，灌封，灭菌，即得
丁芎癣药水,酊剂,杀菌消炎，止痒。用于真菌感染引起的各种皮癣，湿疹，脚气等,丁香酊 300ml、川芎酊 400ml、桃叶酊 300ml、水杨酸 30g,以上四味，取上述三个酊剂，混匀，加入水杨酸溶解后，滤过，分装，即得（附：丁香酊制法：取丁香，照流浸膏剂与浸膏剂项下的渗漉法 (附录 I O)，用 70% 乙醇作溶剂进行渗漉，收集渗漉液至含丁香为 15%(g/ml)，即得；川芎酊制法：取川芎，照流浸膏剂与浸膏剂项下的渗漉法 (附录 I O)，用 70% 乙醇作溶剂进行渗漉，收集渗漉液至含川芎为 30%(g/ml)，即得；桃叶酊制法：取桃叶，照流浸膏剂与浸膏剂项下的渗漉法 (附录 I O)，用 70% 乙醇作溶剂进行渗漉，收集渗漉液至含桃叶为 10%(g/ml)，即得）
人丹,丹剂,驱风健胃。用于消化不良，恶心呕吐，晕船，轻度中暑，酒醉饱滞,薄荷脑 40.6g、肉桂 20.3g、甘草 476g、儿茶 40.6g、木香 10.2g、冰片 20.3g、桔梗 325g、草豆蔻 10.2g、丁香罗勒油 5.0ml、樟脑 20.3g、小茴香 20.3g,以上十一味，取薄荷脑、樟脑、冰片、丁香罗勒油置水浴上加热熔融；儿茶配成水溶液备用；其余肉桂等六味粉碎成细粉，与熔融的薄荷脑等四味及适量食用香料混匀，过筛，用儿茶水溶液泛丸，干燥，用铝箱包衣，打光，干燥，即得
三七化痔丸,丸剂,清热解毒，止血止痛。用于外痔清肠解毒；内痔出血脱肛，消肿止痛，收缩脱肛,盐肤木 9375g、岗稔子 2810g、勒苋菜 7500g、千里光 7500g、白茅根 4685g、三七 100g,以上六味，三七粉碎成细粉，备用；取千里光 2500g，粉碎成粗粉，剩余的千里光与其余盐肤木等四味加水煎煮二次，每次 2 小时，滤过，合并滤液，浓缩成稠膏，与千里光粗粉混合均匀，干燥，再加入三七细粉，过筛，混匀，用水泛丸，干燥，以黑氧化铁 - 滑石粉 (1:1) 包衣，干燥，打光，即得
大黄泻火散,散剂,清热泻火。用于胸膈烦热，口渴便秘,大黄 200g、薄荷 100g、甘草 (蜜炙) 200g、芒硝 200g、连翘 400g、黄芩 100g、栀子仁 (炒) 100g,以上七味，粉碎成细粉，过筛，混匀，即得
女金片,片剂,调经养血，顺气化瘀。用于经血不调，赶前错后，腰腿酸痛，腹痛胀满,鹿角霜 150g、砂仁 50g、赤石脂 (煅) 70g、陈皮 140g、茯苓 70g、白薇 70g、熟地黄 70g、甘草 70g、益母草 200g、阿胶 70g、没药 (制) 70g、当归 140g、延胡索 (醋制) 70g、白芍 70g、白术 70g、白芷 70g、川芎 70g、黄芩 70g、牡丹皮 70g、肉桂 70g、藁本 70g、香附 (醋制) 150g、党参 55g,以上二十三味，鹿角霜、砂仁、赤石脂分别粉碎成细粉，备用；陈皮提取挥发油，并用乙醇适量使溶解，备用；陈皮提取挥发油后再用水煎煮 1 小时，滤过；熟地黄加水煎煮二次，第一次 3 小时，第二次 1 小时，滤过，合并滤液；益母草、白薇、茯苓加水煎煮二次，第一次 2 小时，第二次 1 小时，滤过。合并以上各滤液，甘草按 25% 折合成甘草膏，阿胶溶化后加入上述滤液中，浓缩成膏。没药用乙醇作溶剂，按浸渍法提取二次，第一次 5 天，第二次 2 天，当归照流浸膏剂与浸膏剂项下的渗漉法 (附录 I O) 渗漉二次，第一次用乙醇作溶剂，第二次用 60% 乙醇作溶剂；延胡索、白芍、白术、白芷、川芎、黄芩、牡丹皮、肉桂、藁本、香附用 60% 乙醇作溶剂；党参用 25% 乙醇作溶剂进行渗漉，合并以上各渗漉液，回收乙醇，浓缩成膏。将上述二种浓缩液合并，加入赤石脂、鹿角霜粉末及辅料，混匀，制成颗粒，干燥，兑入砂仁粉末及陈皮挥发油乙醇溶液，混匀，压制成 1780 片，即得
小儿七珍丸 (小儿七珍丹),丹剂,消积导滞，通便泻火，镇惊退热，化痰息风。用于小儿感冒发热，夹食夹惊，乳食停滞，大便不通，惊风抽搐，痰涎壅盛,雄黄 960g、天麻 240g、天竺黄 480g、全蝎 480g、僵蚕 (炒) 480g、清半夏 240g、钩藤 240g、桔梗 240g、黄芩 240g、巴豆霜 720g、胆南星 480g、蝉蜕 240g、蟾酥 (制) 2.8g、沉香 80g、水牛角浓缩粉 160g、羚羊角 4.5g、人工牛黄 13.3g、麝香 13.3g、朱砂 1000g,以上十九味，除人工牛黄、麝香、蟾酥、水牛角浓缩粉外，朱砂、雄黄分别水飞或粉碎成极细粉；羚羊角锉研为细粉；其余天麻等十二味粉碎成细粉；将水牛角浓缩粉、人工牛黄、麝香、蟾酥研细，与上述粉末 (取出朱砂细粉适量作包衣用) 配研，过筛，混匀。用水泛丸，低温干燥，用朱砂细粉包衣，打光，即得
小儿久嗽丸,丸剂,疏风解热，止嗽化痰。用于肺热咳嗽，痰多而稠，久嗽不已及百日咳,石膏 400g、枇杷叶 200g、竹茹 200g、桑叶 200g、法半夏 100g、款冬花 100g、桑白皮 100g、葶苈子 100g、石菖蒲 20g、海浮石 (煅) 100g、藿香 50g、紫苏子 (炒) 100g、忍冬藤 50g、苦杏仁 (炒) 100g、沉香 20g、僵蚕 (炒) 100g、麻黄 6g,以上十七味，粉碎成细粉。另取梨膏 (清膏) 80g 与上述粉末拌匀，干燥，粉碎成细粉，混匀，过筛。每 100g 粉末加炼蜜 85~105g，制成大蜜丸，即得（附：梨膏 [方]：秋梨 1000g、鲜藕 20g、青萝卜 10g、浙贝母 10g、麦冬 10g、生姜 5g；[制法]：以上六味，将梨破碎，压榨或甩出梨汁，残渣水煮一次，煮液与梨汁合并，滤过，浓缩至比重 1.28~1.30 (25℃)，鲜藕等五味切碎，水煮二次，分取煮液，残渣压榨，榨出液与煮液合并，滤过，浓缩至相对密度 1.28~1.30 (25℃)。将上述两次浓缩膏合并，混匀。每 500g 浓缩膏加炼蜜 1500g，浓缩至相对密度 1.38~1.40 (25℃)，过筛，灌装，即得）
小儿导赤片,片剂,清热利便，用于胃肠积热，口舌生疮，咽喉肿痛，牙根出血，腮颊肿痛，暴发火眼，大便不利，小便赤黄,大黄 270g、滑石 44g、地黄（含量未标注）、栀子 216g、甘草 72g、关木通（含量未标注）、茯苓 72g,以上七味，大黄、滑石分别粉碎成细粉，过筛，备用。地黄、栀子、甘草、关木通、茯苓水煎煮二次，合并水煎液，浓缩成膏。将浓缩膏加入大黄等粉末及辅料混匀，制成颗粒，压制成 2440 片，即得
小儿肠胃康颗粒,颗粒剂,清热平肝，调理脾胃。用于小儿营养紊乱所引起的食欲不振，面色无华，精神烦忧，夜寝哭啼，腹泻腹胀，发育迟缓,鸡眼草 300g、地胆草 300g、谷精草 300g、夜明砂 300g、蚕砂 300g、蝉蜕 100g、谷芽 150g、盐酸小檗碱 1.0g、木香 50g、党参 150g、麦冬 150g、玉竹 150g、赤芍 80g、甘草 80g,以上十四味，将盐酸小檗碱研细，其余鸡眼草等十三味加水煎煮二次，每次 2 小时，合并煎液，滤过，滤液浓缩至稠膏状，加入等量乙醇，静置 24 小时，取上清液，滤过，滤液回收乙醇，浓缩成相对密度为 1.30~1.32 (85℃) 的清膏。加盐酸小檗碱细粉及蔗糖粉适量，混匀，制成颗粒，干燥，制成 100g，即得（注：鸡眼草为豆科植物鸡眼草 Kummerowia striata (Thunb.) Schindl. 或短鸡眼草 Kummerowia stipulacea (Maxim.) Makino 的干燥全草）
小儿泻痢片,片剂,清热化湿，止泻止痢。用于湿热腹泻，红、白痢疾等,葛根 60g、黄芩 100g、黄连 50g、厚朴 100g、白芍 100g、茯苓 100g、焦山楂 100g、乌梅 50g、甘草 20g、滑石粉 120g,以上十味，黄连粉碎成细粉；葛根等九味加水煎煮二次，第一次 3 小时，第二次 2 小时，合并煎液，滤过，滤液减压浓缩至稠膏，加入黄连细粉，拌匀，干燥，粉碎成细粉，制粒，压制成片，包糖衣，即得
山庄降脂片,片剂,清热活血，降浊通便。用于痰浊瘀滞所致的高血压、高血脂症，也可用于预防动脉粥样硬化,决明子 1240g、山楂 620g、荷叶 420g,以上三味，加水煎煮三次，滤过，滤液减压浓缩至稠膏，加入辅料适量，混匀，减压干燥，粉碎成细粉，制粒，干燥，压制成 1000 片，包糖衣，即得
川贝半夏液,口服液,润肺止咳。用于阴虚、燥咳等症,川贝母 6g、半夏 (制) 15g、梨清膏 900g,以上三味，取川贝母、半夏加水煎煮 3 次，第一、二次各 1.5 小时，第三次 1 小时，合并煎液，滤过，滤液浓缩至每 1ml 相当于生药 2g，放冷，加乙醇使含醇量为 60%，静置，取上清液回收乙醇，浓缩至每 1ml 相当于生药 1g。加入梨清膏及炼蜜 450g，混匀，浓缩至 22.5Be'(热测)，加防腐剂适量，滤过，放冷，加入香精适量混匀，调 pH 值至 4.0 左右，加水至 1000ml，即得（注：梨清膏取梨压榨取汁，梨渣加水煎煮 2 次，煎液滤过，滤液与汁合并，浓缩至相对密度为 1.35 (热测)，即得）
川芎茶调丸 (浓缩丸),丸剂,疏风止痛。用于风邪头痛，或有恶寒，发热，鼻塞,川芎 120g、白芷 60g、羌活 60g、细辛 30g、防风 45g、荆芥 120g、薄荷 240g、甘草 60g,以上八味，取川芎 70g 及白芷、细辛混合粉碎成细粉；剩余川芎及羌活、防风粉碎成粗粉，以 70% 乙醇作溶剂，照流浸膏剂与浸膏剂项下的渗漉法 (附录 I O) 进行渗漉，收集漉液，回收乙醇，浓缩成稠膏；取薄荷、荆芥提取挥发油，药渣加水煎煮二次，各 1.5 小时，煎液过滤，浓缩成膏；甘草半量用浸膏，半量用甘草粉；将以上各膏、粉、挥发油加适量蜂蜜或饴糖混匀，制丸，烘干，打光，即得
广东神曲,茶剂,祛风消滞，健胃和中。用于感冒发热，食滞，呕吐，泄泻。或供配方用,前胡 18g、百合 18g、羌活 18g、陈皮 18g、山楂 18g、使君子 18g、苍术 18g、薄荷 18g、姜黄 18g、蒲黄 18g、厚朴 18g、苦杏仁 18g、槟榔 18g、独活 18g、麻黄 18g、乌药 18g、大腹皮 18g、三棱 (醋制) 18g、芡实 18g、赤小豆 18g、山药 18g、黄芩 28g、泽泻 18g、凤尾草 150g、木瓜 18g、益母草 18g、桔梗 18g、香附 18g、茯苓 18g、甘草 18g、高良姜 18g、栀子 18g、防风 18g、柴胡 18g、白扁豆 18g、葛根 18g、泽兰 18g、荆芥 18g、枳壳 18g、半夏 (制) 18g、枳实 18g、石菖蒲 18g、苍耳草 225g、大黄 18g、莪术 (醋制) 18g、麦芽 18g、紫苏叶 18g、车前草 18g、木香 18g、薏苡仁 18g、青皮 18g、诃子 18g、猪苓 18g、广藿香 18g、草果 18g、花椒 18g、木通 18g、黄柏 18g、香薷 18g、辣蓼 375g、草豆蔻 18g、青蒿 18g,以上六十二味，青蒿、凤尾草、辣蓼、苍耳草分别粉碎成粗粉，其余前胡等五十八味共粉碎成粗粉，过筛；与上述粗粉混匀，加入适量小麦粉和沸水，制成曲团，印块，干燥，即得
广东凉茶颗粒,颗粒剂,清热解暑，去湿生津。用于四时感冒，发热喉痛，湿热积滞，口干尿赤,岗梅 308g、山芝麻 43g、五指柑 59g、淡竹叶 18g、木蝴蝶 1g、布渣叶 18g、火炭母 46g、金沙藤 104g、广金钱草 27g、金樱根 106g,以上十味，加水煎煮二次，每次半小时，滤过，合并滤液，浓缩至相对密度为 1.03 (45℃)，以转速为 15000 转 / 分超高速离心分离至澄清，取分离液浓缩成稠膏。取稠膏，加适量蔗糖，制颗粒，干燥，制成 240g；或取膏，加适量淀粉，制颗粒，干燥，制成 24g，即得
丹栀逍遥片,片剂,疏肝健脾，解郁清热，养血调经。用于肝郁脾弱，血虚发热，两胁作痛，头晕目眩，月经不调等症,柴胡 180g、当归 180g、白芍 180g、白术 180g、茯苓 180g、甘草 90g、牡丹皮 90g、栀子 90g,以上八味，栀子加水煎煮二次，每次 1.5 小时，合并煎液，滤过，滤液浓缩至相对密度为 1.20~1.25 (25~30℃)，加乙醇使含醇量为 50%，搅匀，静置，滤过；牡丹皮蒸取丹皮酚后，药渣用 90% 乙醇、柴胡用 60% 乙醇加热回流提取二次；照流浸膏与浸膏剂项下的渗漉法 (附录 I O)，当归用 70% 乙醇、白芍和白术用 80% 乙醇、茯苓用 60% 乙醇为溶剂进行渗漉。将以上药液回收乙醇，并浓缩至相对密度为 1.30~1.35 (25~30℃)；甘草用沸水浸提二次，合并提取液，滤过，浓缩至适量，加适量浓氨溶液，搅匀，静置，滤过，滤液浓缩至相对密度为 1.20~1.25 (25~30℃测)。取上述浓缩膏混匀，加适量辅料，制粒，干燥，喷加丹皮酚的乙醇溶液，混匀，压制成 1000 片，即得
云南蛇药,口服液,解毒镇痛，利尿消肿，止血、散瘀。用于毒蛇咬伤，毒蜂、蝎子、蜈蚣等伤,紫金龙 227g、臭牡丹 795.2g、白花蛇舌草 568g、虎杖 568g、夏枯草 568g、半边莲 682g、鱼腥草 682g、杠板归 682g、龙胆 682g、茜草 908.8g、白茅根 1136g,以上十一味，加水煎煮二次，每次 1 小时，合并煎液，滤过，滤液浓缩至 2400ml，另加苯甲酸钠 1.5g，调整总量至 2500ml，搅匀，即得
五仁醇胶囊,胶囊剂,补肝肾，用于急慢性、迁延性肝炎 (GPT 偏高) 而具肝肾阴虚之症者,五仁醇浸膏 120g（辅料：碳酸钙、淀粉适量）,取五仁醇浸膏 120g，加碳酸钙和淀粉适量，混合，干燥，粉碎成细粉，过筛，混匀，装入胶囊，制成 1000 粒，即得（注：五仁醇浸膏制法：取五味子仁，干燥，粉碎，加 75% 乙醇回流提取三次，第一次加 4 倍量 75% 乙醇，回流 3 小时，第二次加 3 倍量 75% 乙醇，回流 2 小时，第三次加 3 倍量 75% 乙醇，回流 1 小时，合并提取液，静置 48 小时，吸取上清液，减压回收乙醇，再加 90% 乙醇回流 2 小时，滤过，收集滤液，减压回收乙醇，即得；五仁醇浸膏质量标准：[性状] 本品为棕色稠膏；具特异香气；味辛、微苦；[鉴别] 取本品约 0.2g，加氯仿 10ml，照五仁醇胶囊项下的方法试验，供试品色谱中，在与对照品色谱相应的位置上，显相同颜色的斑点；[含量测定] 本品含五仁醇按五味子乙素计算，不得低于 9.0%）
六神曲,茶剂,健脾和胃，消食调中。用于脾胃虚弱，饮食停滞，胸痞腹胀，呕吐泻痢，小儿食积,辣蓼 500g、青蒿 500g、苍耳草 500g、赤小豆 100g、苦杏仁 100g、麦麸 5000g、面粉 2500g,以上七味，苦杏仁、赤小豆粉碎成粗粉，与面粉、麦麸混匀，另取辣蓼、青蒿、苍耳草加水煎煮 1 小时，滤过，滤液浓缩成清膏，趁热与上述药粉拌匀，保持适当温度和湿度，自然发酵至表面遍生黄白色或灰白色霉衣，取出，粉碎，干燥，即得
天麻蜜环菌片,片剂,定惊，熄风。用于眩晕头痛，惊风癫痫，肢体麻木，腰膝酸痛,蜜环菌粉 250g（辅料适量）,取蜜环菌粉 250g，加辅料适量，混匀，制成颗粒，80℃以下干燥，压制成 1000 片，包糖衣，即得
太极丸,丸剂,清热祛风，化痰通便。用于乳食停滞，食火内热，痰盛抽搐，大便秘结,大黄 200g、僵蚕 (炒) 50g、冰片 5g、胆南星 100g、蝉蜕 50g、朱砂 15g、麝香 1g、天竺黄 15g,以上八味，除麝香、冰片外，朱砂水飞成极细粉；其余大黄等五味粉碎成细粉；将麝香、冰片研细，与上述粉末配研，过筛，混匀。每 100g 粉末加炼蜜 110~130g 制成大蜜丸，即得
止血胶,膏剂,收敛止血、滋阴养血。用于吐血、便血等消化道出血,白及 250g、阿胶 250g,以上二味，取白及加水煎煮制成 1000ml 胶状体，滤过，滤液分装成每瓶 100ml，备用；取阿胶研碎，每瓶白及胶液加阿胶 25g，密封，经高温溶化，灭菌，即得
止咳化痰丸,丸剂,止咳化痰，平喘。用于哮喘，痰盛，气急喉鸣等,麻黄 8g、射干 7.5g、陈皮 7.5g、百部 (炙) 7.5g、款冬花 (炙) 4.5g、半夏 (姜制) 7g、桔梗 7.5g、五味子 3g、猪牙皂 5g、干姜 5g、甘草 3g、葶苈子 7.5g、细辛 2.5g、红枣 3g、郁金 4g,以上十五味，取麻黄、甘草、半夏、陈皮、细辛、五味子、款冬花、郁金、干姜粉碎成细粉，过筛，混匀，其余桔梗、射干、葶苈子、猪牙皂、百部、红枣加水煎煮二次，第一次 4 小时，第二次 3 小时，合并煎液，滤过，滤液浓缩至相对密度为 1.30~1.31，用清膏泛丸，干燥，即得
止咳祛痰颗粒,颗粒剂,润肺祛痰，止咳定喘。用于伤风咳嗽，慢性支气管炎及支气管哮喘,桔梗 100.0g、百部 100.0g、苦杏仁 28.0g、盐酸麻黄碱 0.6g、枸橼酸 20g、枸橼酸钠（适量）、淀粉 150g、糊精 150g、蔗糖粉（适量）,以上五味（桔梗、百部、苦杏仁、盐酸麻黄碱、枸橼酸），桔梗、百部、苦杏仁煎煮 2 次，(苦杏仁待水微沸时加入)，每次 2 小时，合并煎液，滤过，滤液减压浓缩至相对密度为 1.30~1.40 (85℃热测) 的稠膏，加入枸橼酸钠、盐酸麻黄碱，另加入淀粉、糊精各 150g，混合，搅拌均匀，于 55℃减压干燥 4~6 小时，粉碎成细粉，加枸橼酸细粉 20g 及适量蔗糖粉混匀，制粒，真空干燥 4 小时，制成 1000g 颗粒，即得
止痒酊,酊剂,燥湿杀虫，祛风止痒。用于蚊虫咬瘙痒，足癣趾间瘙痒，局限性神经性皮炎等,白鲜皮 150g、土荆皮 150g、苦参 150g,以上三味，粉碎成粗粉，照酊剂项下浸渍法 (附录 I N)，用 60% 乙醇作溶剂，密盖，浸渍七日，倾取上清液，滤过，压榨残渣，收集压出液，与滤液合并，静置 24 小时，滤过，加 60% 乙醇至 1000ml，混匀，即得
长春益寿膏,膏剂,补五脏，调阴阳，益气血，壮筋骨。适用于体虚易倦，早衰健忘，心悸失眠，头晕目眩，腰膝酸软等症,天冬 100g、麦冬 100g、熟地黄 100g、山药 100g、牛膝 100g、生地黄 100g、杜仲叶 100g、制何首乌 100g、茯苓 100g、人参 50g、木香 100g、柏子仁 100g、五味子 100g、狗脊 100g、花椒 50g、泽泻 50g、石菖蒲 50g、远志 (炙) 50g、菟丝子 200g、金樱子 200g、枸杞子 75g、覆盆子 75g、地骨皮 75g,以上二十三味，加水煎煮三次，第一次 4 小时，第二、三次各 3 小时，合并煎液，滤过，静置 24 小时，取上清液浓缩成相对密度为 1.21~1.25 (80~85℃) 的清膏，另取清膏 4 倍量的蔗糖，加热溶化，滤过，与清膏合并，混匀，浓缩至稠膏，即得
风湿宁药酒,酒剂,祛风活血，利湿通络。用于风湿性四肢麻木酸痛,鸡血藤 100g、制首乌 50g、豨莶草 100g、苍术 (炒) 50g、红藤 100g、蚕砂 50g、老鹳草 100g、红花 25g、乌梢蛇 50g、五加皮 25g、桂枝 50g、白鲜皮 50g、石菖蒲 25g、苦参 50g、细辛 25g、寻骨风 50g、高良姜 25g、桑枝 50g、白芷 25g、生地黄 50g、苍耳子 50g、川芎 25g,以上二十三味，粉碎成粗粉，按流浸膏剂与浸膏剂项下的渗漉法 (附录 I O) 用白酒 8.6kg 作溶剂，浸渍 48 小时后，缓缓渗漉，收集漉液，静置，滤过，滤液加蔗糖 860g 搅拌溶解，滤过，制成 8500ml，即得
风湿痹痛药酒,酒剂,祛风除湿，通痹止痛。用于风寒湿痹，四肢麻木，腰膝酸软，骨节疼痛,老鹳草 600g、丁公藤 (蒸) 300g、桑白皮 150g、豨莶草 150g,以上四味，加水煎煮二次，第一次 2 小时，第二次 1 小时，合并煎液，滤过，滤液浓缩至相对密度为 1.014~1.020，放冷。每 500g 浓缩液加白酒 800g，搅匀，静置，滤过，约制成 2700g，即得
加味感冒丸 (感冒丹),丹剂,清热散风，解表止嗽。用于内热外感引起的头痛，怕冷发热，咳嗽流涕，咽喉疼痛，四肢酸懒,淡豆豉 45g、金银花 15g、赤小豆 30g、枳壳 (麸炒) 15g、苦杏仁 (炒) 15g、淡竹叶 15g、薄荷 7.5g、甘草 7.5g、黄芩 15g、紫菀 15g、莱菔子 (炒) 15g、马齿苋 15g、苍耳子 (去刺炒) 15g、僵蚕 (麸炒) 6g、桔梗 15g、蔓荆子 (炒) 15g、蝉蜕 15g、栀子 (姜炙) 22.5g、白芷 15g、陈皮 (炒) 15g、荆芥穗 30g、石膏 30g、防风 15g、桑叶 7.5g、青蒿 6g、建曲 15g、板蓝根 6g、桑白皮 (蜜炙) 9g、忍冬藤 15g、赤芍 15g、白茅根 15g、菊花 15g、紫苏子 (炒) 15g、化橘红 15g、牛蒡子 (炒) 15g、麻黄 15g、蓼大青叶 30g、佩兰 15g、连翘 7.5g、天花粉 7.5g、芦根 15g,以上四十一味，粉碎成细粉，过筛，混匀，每 100g 粉末加炼蜜 150~160g，制成大蜜丸，即得
四君子颗粒,颗粒剂,益气健脾。用于脾胃气虚，胃纳不佳，食少便溏,党参 200g、白术 (炒) 200g、茯苓 200g、甘草 (蜜炙) 100g、干姜 8.4g、大枣 100g,以上四味（党参、白术、茯苓、甘草），另取干姜 8.4g、大枣 100g，加水煎煮二次，每次 2 小时，合并煎液，滤过，滤液浓缩至相对密度为 1.32 (80℃)，加适量蔗糖，制成颗粒，干燥，制成 150g，即得
四季菜颗粒,颗粒剂,清热解毒，养血柔肝，理气化瘀。用于气滞血瘀，血不养肝之慢性活动性肝炎，迁延性肝炎，对肝硬化、急性重症肝炎亦有较好效果,四季菜 6000g（辅料：天门冬酰苯丙氨酸甲酯 10g、糊精适量）,取四季菜 6000g，加水煎煮二次，每次 1.5 小时，合并煎液，煎液离心，上清液减压浓缩至相对密度为 1.20 (85℃)，真空干燥成粉，加天门冬酰苯丙氨酸甲酯 10g 及糊精适量，混匀，制成颗粒，干燥，制成 1000g，即得（注：四季菜为菊科植物四季菜 Artemisia lactilora Wall 的全草）
四季菜糖浆,糖浆剂,清热利湿，理气活血。用于治疗湿热阻滞，气滞血虚所致的慢性病毒性肝炎,四季菜 1000g（辅料：蔗糖 650g、防腐剂适量）,取四季菜 1000g，加水煎煮二次，每次 2 小时，合并煎液，滤过，滤液浓缩至适量，加入蔗糖 650g 煮沸使溶解，滤过，加入防腐剂适量使溶解，加水调整总量至 1000ml，混匀，即得
玉枢散,散剂,辟秽解毒。适用于内治湿温时邪，头昏胸闷，腹痛吐泻及小儿痰壅惊闭等症；外敷痈疽疔疮，肿核结毒等症,麝香 30g、冰片 15g、朱砂 60g、雄黄 90g、千金子霜 90g、红大戟 135g、五倍子 180g、山慈姑 180g,以上八味，除麝香、冰片、千金子霜外，朱砂、雄黄分别水飞或粉碎成极细粉；其余红大戟等三味粉碎成细粉；将麝香、冰片、千金子霜研细，与上述粉末配研，过筛，混匀，即得
生乳片,片剂,补气生血，通经下乳，具有促进乳汁分泌，改善乳汁质量作用。用于产后气血亏损，乳少，乳汁不通,猪鞭 150g、穿山甲 4g、王不留行 5g、党参 3g、熟地黄 5g、山药 3g、白芷 3g、路路通 5g、冬瓜子 8g、关木通 5g、丝瓜络 4g、漏芦 3g,以上十二味，猪鞭用乙醚脱脂 12 小时后，100℃蒸 15~20 分钟，切碎烘干 (70~80℃)，粉碎，过 80 目筛；穿山甲、党参、王不留行、熟地黄、山药、漏芦、白芷七味粉碎，过 80 目筛，过筛后渣子与路路通、冬瓜子、关木通、丝瓜络加水煎煮二次，每次 1 小时，合并煎液，滤过，浓缩成膏，与上述猪鞭粉、药粉混合均匀，烘干，过筛，制成颗粒，混匀，压制成 1000 片，包糖衣，即得
壮骨酒,酒剂,祛风湿，活血止痛，强筋骨，助气散寒。用于筋骨疼痛，周身麻木，腰膝酸软，风湿性关节炎,精制壮骨酒清膏 190g、玉竹 90g、陈皮 90g、红曲 80g、豹骨汁 80g、松节 40g、乳香 20g、没药 20g、肉桂 5g、砂仁 5g、豆蔻 5g、檀香 5g、木香 5g、丁香 5g、透骨搜风丸粉 12g、再造丸粉 10g、活络丸粉 4g,以上十七味，肉桂、松节、砂仁、豆蔻、檀香、木香、丁香、陈皮、玉竹、乳香、没药、红曲等十二味碎断成粗粉，与透骨搜风丸粉、活络丸粉、再造丸粉混匀，装袋，置循环提取罐中。取白酒 14000g，将红糖 880g、精制壮骨酒清膏、豹骨汁、蜂蜜 1570g 等四味溶解，混合均匀。将红糖、精制壮骨酒清膏等混合液分批加入循环提取罐中，将药粉浸泡过夜后，循环提取 2 小时，放出药液。另取白酒 2000g 加入循环提取罐中，循环提取 2 小时，合并提取液，混匀，静置 48 小时，滤过，应出酒液 16000ml，灌装，即得（注：(1) 精制壮骨酒清膏 [处方]：木瓜 120g、黄芪 100g、防风 80g、羌活 80g、牛膝 80g、白芍 80g、补骨脂 (盐制) 80g、牡丹皮 50g、乌药 50g、藿香 50g、麦冬 50g、川芎 50g、香加皮 50g、山楂 50g、青皮 (醋制) 50g、厚朴 (姜制) 50g、党参 120g、当归 80g、独活 80g、川牛膝 80g、续断 80g、槟榔 50g、栀子 50g、白术 (麸炒) 80g、白芷 50g、苍术 50g、红花 50g、黄柏 50g、杜仲 (盐制) 40g、茯苓 40g、龟甲 40g、老鹳草 40g、枸杞子 120g、佛手 50g、枳壳 (麸炒) 50g、知母 40g、锁阳 40g、附子 (制) 10g、熟地黄 40g、菟丝子 40g；[制法] 以上四十三味，除熟地黄、枳壳、青皮、紫草、厚朴、白术、补骨脂、枸杞子外，其余黄柏等三十五味碎断，与熟地黄等加水煎煮三次，药渣压榨，榨出液与煎液合并，滤过，浓缩成清膏，浓缩至相对密度为 1.28~1.30 (25℃)，即得；[检查] 应符合煎膏剂项下有关的各项规定 (附录 I F)；(2) 豹骨汁取豹骨去筋、肉、骨髓，锯段洗净，加水煎煮，分次取煎液至胶质提尽，合并煎液，滤过，浓缩至相对密度为 1.20~1.22 (25℃)，即得；(3) 透骨搜风丸粉、再造丸粉、活络丸粉处方分别见对应制剂标准）
妇得康泡沫剂,口服液,清热燥湿，杀虫。用于慢性宫颈炎、宫颈糜烂、阴道炎之湿热下注证,苦参总生物碱 6000g（辅料：十二醇硫酸钠 150g、十八醇 200g、羊毛醇 150g、甘油 5000g、二氯二氟甲烷适量）,取苦参总生物碱 6000g 用水溶解后，以 5mol/L 盐酸调节 pH 值至 6；另将十二醇硫酸钠 150g、十八醇 200g、羊毛醇 150g 置水浴上溶化后，倾入苦参总生物碱水溶液中，加入甘油 5000g，搅拌均匀，并加水至配制量，灌装于特制阀门系统耐压容器中，扎紧盖口，压装二氯二氟甲烷，制成 1000 瓶，即得
安坤颗粒,颗粒剂,滋阴清热，健脾养血。用于放环后引起的出血，月经提前、量多或月经紊乱，腰骶酸痛，下腹坠痛，心烦易怒，手足心热,牡丹皮 100g、栀子 100g、当归 120g、白术 100g、白芍 120g、茯苓 100g、女贞子 100g、墨旱莲 150g、益母草 150g,以上九味，加水煎煮二次，每次 2 小时，合并煎液，滤过，滤液浓缩至相对密度为 1.21 (60℃)，加 2 倍量乙醇搅匀，静置 24 小时，滤过，滤液回收乙醇，浓缩至相对密度为 1.35~1.38 的清膏 (60℃)，取清膏 1 份加辅料 4 份及乙醇适量，制成颗粒，干燥，即得
安嗽糖浆,糖浆剂,润肺化痰，止咳平喘。用于痰热阻肺，喘息气短，咳嗽痰粘，口干咽干，支气管炎属上述证候者,浙贝母流浸膏 25ml、甘草流浸膏 20ml、百部 25g、桔梗流浸膏 18ml、前胡 22g、姜半夏 22g、薄荷脑 0.15g、陈皮 12g、氯化铵 20g、盐酸麻黄碱 0.365g,以上十味，前胡加水于 85~90℃温浸三次，第一、二次各 3 小时，第三次 2 小时，滤过，滤液合并，浓缩至适量，放冷，加乙醇使含醇量约达 25%，并全量为 22ml，备用。百部、陈皮分别粉碎成粗粉，照流浸膏剂与浸膏剂项下的渗漉法 (附录 I O)，百部用 55% 乙醇作溶剂、陈皮用 80% 乙醇作溶剂，分别进行渗漉，收集百部漉液 25ml，陈皮漉液 5ml，备用。姜半夏粉碎成粗粉，用 50% 乙醇于 70~80℃温浸三次，每次 3 小时，合并浸出液，减压回收乙醇，并浓缩至适量，放冷，加乙醇使含醇量约达 50%，并全量为 10ml，备用。将以上四种备用液与浙贝母、甘草、桔梗三种流浸膏混匀，用氨试液调节 pH 值至 6.0~6.5，加入 0.4% 滑石粉，搅匀，静置，滤过，加甘油 47.5ml，加水使成 250ml，备用。另取蔗糖 520g，加水煮沸使溶解，加入苯甲酸钠 2g，搅匀，滤过，放冷。取氯化铵、盐酸麻黄碱加水溶解后，与上述备用液混匀，缓缓加入糖浆中，搅匀，加入薄荷脑的 90% 乙醇溶液，加水使成 1000ml，搅匀，即得
克泻敏丸,丸剂,收敛止泻。用于腹泻，消化不良，急性胃肠炎等,铁扫帚 6300g（辅料：三氧化二铁适量）,取铁扫帚 6300g，加水煎煮二次，第一次 2 小时，第二次 1.5 小时，滤过，合并滤液，浓缩成相对密度约为 1.30 (60℃) 的稠膏，加乙醇使含醇量达 60%，静置，滤过，取滤液回收乙醇，浓缩成干膏，粉碎，过筛，用水泛丸，用三氧化二铁包衣，打光，干燥，即得
利肝片,片剂,清肝、利胆。用于急慢性传染性肝炎、胆囊炎以及肝脏分泌机能障碍等,金钱草 526g、猪胆汁 500g,以上二味，取金钱草 276g，粉碎成细粉，过筛备用；剩余的金钱草用水煎煮 2 次，合并药汁，沉淀，滤过，滤液浓缩至相对密度为 1.16 (热测) 的清膏；将猪胆汁浓缩至相对密度为 1.08 (热测)，加入乙醇，使含乙醇量达 60%，沉淀，滤过，滤液回收乙醇至尽。取金钱草细粉及清膏、猪胆汁膏混合均匀，加入金钱草粉量的 5% 的淀粉、5% 的糖粉及 5% 的糊精，制粒，干燥，压制成约 1600 片，包衣，即得
快应茶,茶剂,解暑清热，生津止渴。用于伤风感冒等病症,岗梅 18750g、金樱根 9375g、鸭脚木皮 4688g、火炭母 6250g、救必应 6250g、淡竹叶 4688g、山芝麻 3125g、金沙藤 6250g、广金钱草 3125g、五指柑 10938g、布渣叶 7813g、木蝴蝶 625g、白花茶 6250g,以上十三味，切碎后烘干，混合均匀，分装；或将五指柑适量粉碎，剩余五指柑与其余岗梅等十二味加水煎煮二次，合并煎液，滤过，滤液浓缩至适量，加入五指柑粉末与辅料适量，混匀，干燥，分装成 3000 袋，即得
护心胶囊,胶囊剂,活血化瘀，温中理气。用于心血瘀阻或心阳不足引起的胸部刺痛、绞痛及胸闷气短，心悸汗出，畏寒肢冷、腰膝酸软等症；或冠心病见上述证候者,隔山香 1667g、毛冬青 1667g、吴茱萸 33.3g、石菖蒲 500g、冰片 1.67g、毛麝香 833g、淫羊藿 333g、三七 33.3g,以上八味，吴茱萸、三七分别粉碎成细粉；隔山香、石菖蒲、毛麝香提取挥发油，挥发油备用；其余部分加入淫羊藿、毛冬青，加水煎煮二次，第一次 3 小时，第二次 2 小时，滤过，合并滤液，减压浓缩至适量，加乙醇至含醇量为 60%，静置，吸取上清液，回收乙醇并浓缩至稠膏状，在 80℃以下干燥成稠膏，粉碎成细粉，与吴茱萸细粉及三七细粉混合，过筛，喷加冰片的乙醇溶液与挥发油，混匀，分装成 1000 粒，即得
沙溪凉茶,茶剂,清热，除湿，导滞。用于四时感冒，身倦骨痛，寒热交作，胸膈饱滞，痰凝气喘,岗梅 7500g、野颠茄 15000g、臭屎茉莉 15000g、蒲桃 15000g、金钮扣 22500g,以上五味，酌予碎断，分装成 1000 袋，制得煎煮茶。取岗梅 1200g，粉碎成粗粉，剩余的岗梅与其余金钮扣等四味加水煎煮二次，每次 2 小时，滤过，合并滤液，浓缩至相对密度为 1.18~1.20 (60~70℃)，加入岗梅粗粉，混匀，干燥，分装成 1000 袋，制得袋泡茶
肠炎宁糖浆,糖浆剂,清热利湿，行气。用于急、慢性胃肠炎，腹泻，细菌性痢疾，小儿消化不良,地锦草 660g、黄毛耳草 900g、樟树根 660g、香薷 330g、枫树叶 330g,以上五味，加水煎煮二次，每次 2 小时，合并滤液，滤过，滤液浓缩至相对密度为 1.20 (80℃) 的清膏，加乙醇 2 倍量，搅拌，静置，滤过，滤液浓缩至适量，趁热加入蔗糖 600g 使溶解，滤过，滤液加尼泊金乙酯、香料适量，搅匀，加水调整总量至 1000ml，即得
连翘败毒丸,丸剂,清热解毒，消肿止痛。用于疮疖溃烂，灼热发烧，流脓流水，丹毒疱疹，疥癣瘙痒,金银花 40g、连翘 40g、大黄 40g、紫花地丁 30g、蒲公英 30g、栀子 30g、白芷 30g、黄芩 30g、赤芍 30g、浙贝母 30g、桔梗 30g、玄参 30g、关木通 30g、防风 30g、白鲜皮 30g、甘草 30g、蝉蜕 20g、天花粉 20g,以上十八味，粉碎成细粉，过筛，混匀，用水泛丸，干燥，即得
连翘败毒片,片剂,清热解毒，消肿止痛。用于疮疖溃烂，灼热发烧，流脓流水，丹毒疱疹，疥癣瘙痒,桔梗 66g、白芷 66g、天花粉 44g、蒲公英 88g、大黄 88g、浙贝母 66g、玄参 46g、连翘 66g、紫花地丁 88g、甘草 46g、栀子 44g、关木通 46g、蝉蜕 44g、金银花 88g、防风 66g、白鲜皮 66g、赤芍 66g、黄芩 66g,以上十八味，桔梗、白芷、天花粉、大黄、浙贝母分别粉碎成细粉，过筛。紫花地丁、蒲公英、玄参、连翘、甘草、栀子、关木通、蝉蜕、金银花加水煎煮二次，合并煎液，滤过，滤液浓缩成膏。防风、白鲜皮、赤芍、黄芩照流浸膏剂与浸膏剂项下的渗漉法 (附录 I O)，用 60% 乙醇作溶剂，进行渗漉；漉液回收乙醇，浓缩成膏。水、醇浓缩膏合并加入桔梗等细粉及辅料，混匀，制成颗粒，干燥，压制成 1070 片，即得
连翘败毒膏,膏剂,清热解毒，消肿止痛。用于疮疖溃烂，灼热发烧，流脓流水，丹毒疱疹，疥癣瘙痒,大黄 40g、连翘 40g、金银花 40g、紫花地丁 30g、蒲公英 30g、栀子 30g、白芷 30g、黄芩 30g、赤芍 30g、浙贝母 30g、玄参 30g、桔梗 30g、关木通 30g、防风 30g、白鲜皮 30g、甘草 30g、天花粉 20g、蝉蜕 20g,以上十八味，取大黄粉碎成细粉，过筛，备用，蒲公英、金银花、连翘加水煎煮二次，关木通、蝉蜕加水煎煮一次，其余地丁等十二味加水煎煮三次，合并以上煎液，滤过。滤液浓缩至相对密度 1.25~1.26 (25℃) 清膏，加入上述大黄细粉，混匀。每 500g 清膏加炼蜜 100g，加入苯甲酸钠 0.3%。混匀，浓缩至规定的相对密度，即得
阿胶生化膏,膏剂,滋阴养血，祛瘀生新，通乳。用于妇女产后血虚体弱，瘀血不清，下腹疼痛，乳汁不通,阿胶 400g、熟地黄 1000g、黄芪 400g、川芎 300g、路路通 500g、赤芍 300g、麦冬 300g、当归 500g、益母草 400g、关木通 200g、桃仁 300g、甘草 200g、王不留行 200g,以上十三味，除阿胶外，其余熟地黄等十二味加水煎煮二次，每次 2 小时，合并煎液，静置，滤过，滤液浓缩至适量；取黄酒 600g 烊化阿胶；另取红糖 1500g，加热熔化，加入上述浓缩液、烊化阿胶及炼蜜 150g，搅匀，浓缩至相对密度为 1.29~1.32 (80~85℃)，即得
阿胶颗粒,颗粒剂,滋阴养血，补肺润燥，止血安胎。用于虚劳，血虚心烦，崩漏带下，经血不调，胎动不安，咯血，吐血，衄血，便血及各型贫血,阿胶 6000g（辅料：蔗糖 3000g、可溶性淀粉 1000g）,取阿胶 6000g，蔗糖 3000g，可溶性淀粉 1000g 分别粉碎成细粉，混匀，用乙醇制粒、干燥，分装成 1000 袋或压制成 1000 块，即得
参芪力得康片,片剂,补气养血，升阳益胃。用于气血不足，中气虚陷，体倦乏力，食欲不振，睡眠不良，大便溏泄,黄芪 37.5g、党参 12.0g、甘草 (炙) 7.5g、陈皮 7.5g、白术 7.5g、柴胡 4.5g、当归 12.0g、白芍 7.5g、升麻 7.5g、北五味子 12.0g、葛根 10.5g、苍术 7.5g、刺五加 13.5g、维生素 E0.3g,以上十四味，除维生素 E 外，陈皮粉碎成细粉，刺五加用 75% 乙醇回流提取三次，制成浸膏备用；其余十一味混合加水煎煮三次，合并煎液，滤过，浓缩至相对密度为 1.2 (热测)，加入陈皮粉末与刺五加浸膏，干燥，粉碎成粗粉；维生素 E 用氢氧化铝稀释后与粗粉混合均匀，加适量辅料，压制成 1000 片，包糖衣，即得
参芪博力康片,片剂,益气养血，滋阴补阳。用于气血不足，阴阳虚损，体倦乏力，食欲不振，心悸失眠，腰膝酸软，盗汗遗精,人参 120g、淫羊藿 120g、菟丝子 195g、黄芪 210g、灵芝 120g、制首乌 120g、黄精 90g、麦冬 135g、当归 75g、知母 (盐炒) 75g、黄柏 (盐炒) 75g、天花粉 90g、五味子 75g,以上十三味，除人参粉碎成细粉外，其余十二味加水煎煮三次，每次 2 小时、1.5 小时、1 小时，合并煎液，滤过，滤液浓缩至相对密度 1.2 (70℃)，加入人参粉，制粒，压片，包糖衣，即得
参茸补酒,酒剂,补益气血。用于身体虚弱，气血两亏，脑力不足，精神疲倦等,人参 1.17g、鹿茸 (制) 0.39g、熟地黄 39g、山药 39g、牛膝 (制) 29g、甘草 (蜜炙) 26g、肉桂 6g、桑寄生 23g、当归 26g、党参 (蜜炙) 16g、白术 (制) 26g、川芎 (制) 13g、白芍 (制) 26g、制何首乌 13g、龙眼肉 23g,以上十五味，山药、鹿茸、人参、当归、川芎、肉桂照流浸膏剂与浸膏剂项下的渗漉法 (附录 I O)，用白酒 600ml 作溶剂，浸渍 48 小时后，缓缓渗漉，收集渗漉液，滤过，滤液备用。滤渣与其余熟地黄等九味加水煎煮二次，合并煎液，滤过，滤液浓缩成流浸膏，加 60% 乙醇二次，每次 420ml，搅拌，静置，滤过，回收乙醇后与上述滤液合并，混匀，加蔗糖 30g 及适量焦糖，用冷开水或白酒调整总量至 1000ml，混匀，滤过，即得
参茸强肾口服液,口服液,补肾壮阳，填精益髓。用于肾阳不足，精血亏损而致的肢倦神疲，眩晕健忘，阳痿早泄，不育不孕，腰膝冷痛等症,人参 40g、鹿茸 40g、鹿肾 13.3g、牛肾 13.3g、海狗肾 13.3g、黄芪 120g、当归 40g、肉苁蓉 13.3g、阳起石 40g、枸杞子 240g、杜仲 80g、附片 60g、菟丝子 80g、熟地黄 80g、淫羊藿 160g、韭菜子 40g,以上十六味，人参、鹿茸粉碎成粗粉，用 70% 乙醇提取二次，每次 2 小时，滤过，滤液备用；残渣与其余黄芪等十四味加水煎煮二次，每次 2 小时，合并煎液，滤过，滤液浓缩至相对密度约 1.20，加乙醇 3 倍量混匀，放置，滤过，滤液与上述乙醇提取液合并，回收乙醇，加水适量稀释，再加入防腐剂适量，混匀，冷藏，取上清液，加入蜂蜜适量，制成 1000ml，即得（注：海狗肾为海狗科动物海狗 Callorhinus ursinus Gmelin 或海豹 Phoca vitulina (L.) 雄性的外生殖器）
参鹿膏,膏剂,补气养血、调经。用于气血虚弱引起的腰腿疼痛，精神疲倦，经血不调，产后血晕，胞衣不下，血瘀作烧,红参 240g、鹿角胶 100g、白术 (炒) 150g、茯苓 150g、甘草 115g、熟地黄 200g、川芎 150g、当归 200g、白芍 (酒炒) 200g、续断 200g、菟丝子 (炒) 150g、阿胶 150g、益母草膏 4000g,以上十三味，除益母草膏、鹿角胶、阿胶外，其余红参等十味粉碎成最细粉，过筛，混匀；另将益母草膏、红糖 4000g 加水适量，加热溶化，加入鹿角胶、阿胶继续加热，不断搅拌至全溶，加入上述药粉，搅匀，浓缩至调膏，制成长方块，干燥，即得（注：益母草膏制法同中国药典）
岩果止咳液,口服液,清热化痰，止咳润肺。用于急、慢性支气管炎，咳嗽痰多，证属痰热阻肺者,石吊兰 500g、果上叶 500g、甘草流浸膏 80ml,以上三味，取石吊兰、果上叶加水煎煮三次，每次 1 小时，合并煎液，滤过，滤液浓缩至相对密度为 1.15~1.20，加入甘草流浸膏、蜂蜜 300g，煮沸，冷却；加入山梨酸适量，并加蒸馏水至 1000ml，搅匀，即得
郑氏女金丹,丹剂,补气养血，调经安胎。用于气血两亏，月经不调，腰膝疼痛，红崩白带，子宫寒冷,黄芪 (炙) 40g、当归 60g、香附 (醋盐炙) 60g、茯苓 30g、杜仲 (盐炙) 30g、肉桂 20g、小茴香 (盐炙) 10g、延胡索 (醋炙) 10g、淮牛膝 10g、白薇 10g、白芍 (酒炒) 40g、紫河车 5g、丁香 5g、党参 40g、川芎 30g、白术 30g、桑寄生 30g、麦冬 30g、砂仁 (盐炙) 20g、益智仁 (盐炙) 20g、紫地榆 (醋炙) 20g、续断 (酒炙) 40g、木香 30g、荆芥 (醋炙) 30g、朱砂 (水飞) 5g、酸枣仁 (盐炙) 40g、海螵蛸 20g、椿皮 20g、阿胶 (炒珠) 40g、三七 (熟) 20g、陈皮 20g、益母草 40g、肉苁蓉 30g、黄芩 (酒炙) 40g、艾叶 (醋炙) 60g、甘草 (炙) 10g、熟地黄 40g、山药 50g,以上三十八味，三七、阿胶、紫河车分别研细，朱砂水飞，其余黄芪等三十四味粉碎成细粉，过筛，与三七、阿胶、紫河车细粉混匀，过筛。每 100g 粉末加炼蜜 140~160g 制成大蜜丸，丸心朱砂上衣，即得
金银花合剂,口服液,清热解毒。用于暑热口渴，热疖疮毒,金银花 120g（辅料：蔗糖 300g、苯甲酸钠 2g、对羟基苯甲酸乙酯 0.5g）,取金银花 120g，按水蒸气蒸馏法进行蒸馏，收集蒸馏液 300ml。蒸馏器内药液滤过，滤液浓缩至适量，加入蔗糖 300g、苯甲酸钠 2g 及对羟基苯甲酸乙酯 0.5g，加热溶解，滤过，滤液浓缩至适量，与上述蒸馏液合并，加水至 1000ml，搅匀，即得
养阴镇静丸,丸剂,滋阴养血、镇静安神。用于心血不足、健忘、心惊不安、心悸失眠,当归 100g、麦冬 75g、五味子 62.5g、首乌藤 50g、生地黄 50g、茯苓 100g、柏子仁 25g、党参 100g、珍珠母 125g、玄参 75g、丹参 75g、远志 50g、桔梗 50g、朱砂 125g,以上十四味，除朱砂外，其余十三味粉碎成细粉，过筛，混匀。每 100g 粉末加炼蜜 100~130g，制成大蜜丸。用朱砂细粉包衣，即得
养肺丸,丸剂,润肺止嗽，化痰定喘。用于肺经虚弱引起的咳嗽痰盛，气促作喘，胸膈不畅，口苦咽干，喉痛音哑，久嗽失眠,麻黄 12g、石膏 (煅) 60g、甘草 120g、桔梗 480g、陈皮 120g、木香 84g、五味子 (炒炭) 240g,以上七味，粉碎成细粉，过筛，混匀。每 100g 粉末加炼蜜 70g、饴糖 70g，制成大蜜丸，即得
冠心康颗粒,颗粒剂,活血行气，化瘀止痛。用于血瘀气滞、心脉痹阻所致冠心病、心绞痛,赤芍 3354g、丹参 6708g、降香 2236g、红花 3354g、川芎 3354g,以上五味，赤芍、丹参加水煎煮两次，第一次 2 小时，第二次 1 小时，煎液滤过，合并滤液，备用；碎断的降香与川芎提取挥发油，用乙醇溶解，备用，残渣加水煎煮 2 小时，煎液滤过，备用；红花加水温浸两次，第一次 2 小时，第二次 1 小时，合并浸液，滤过，备用；将上述各滤液合并，浓缩成相对密度为 1.30~1.32 的稠膏，取稠膏 1 份，糖粉 2.1 份，糊精 0.7 份，混匀，乙醇制粒，干燥，喷入挥发油，整粒，制成 1000 袋，即得
冠心膏,膏剂,活血化瘀、行气止痛。用于冠心病、心绞痛的预防和治疗,丹参 100g、川芎 100g、当归 100g、红花 50g、没药 37.5g、丁香 37.5g、乳香 37.5g、降香 37.5g、樟脑 25g、二甲苯麝香 12.5g、薄荷脑 25g、盐酸苯海拉明 5g、冰片 50g,以上十三味，除樟脑、薄荷脑、冰片、盐酸苯海拉明、二甲苯麝香外，其余丹参等八味粉碎成粗粉，用 90% 乙醇制成相对密度约为 1.20 (60℃) 的流浸膏；按处方量称取各药，另加约 6 倍量的由橡胶、松香等制成的基质，混匀，制成涂料，进行涂膏，切段，盖衬，切成小块，即得
咳喘舒片,片剂,宣肺平喘，化痰止咳，养阴敛肺。用于咳嗽气喘，阴虚痰阻证，表现为久病咳喘，干咳痰少。慢性支气管炎及哮喘见以上证候者,麻黄 400g、蒲公英 200g、紫苏子 (去油) 150g、浮海石 150g、白前 150g、麦冬 125g、紫菀 75g、百合 75g、甘草 75g、白果 (去壳) 50g、罂粟壳 50g、化橘红 50g,以上十二味，白果、罂粟壳、化橘红粉碎成细粉，过筛；其余麻黄等九味加水煎煮二次，第一次 2 小时，第二次 1 小时，合并煎液，滤过，滤液浓缩至稠膏状，加入上述细粉，混匀，制成颗粒，压制成片，包糖衣，即得（注：紫苏子去油方法：取紫苏子，照清炒法炒至有爆声，趁热压榨去油）
复方三七散,散剂,化瘀止血，消肿止痛。用于跌打损伤，瘀血肿痛，外伤出血，挫伤、扭伤、骨外伤等,三七 300g、白芷 70g、土鳖虫 70g、川芎 70g、当归 70g、红花 70g、乳香 (制) 70g、没药 (制) 70g,以上八味，粉碎成细粉，过筛，混匀，即得
复方川贝精片,片剂,化痰止咳，宣肺平喘。用于痰涎阻肺，肺失宣降所致急慢性支气管炎，支气管扩张，咳嗽，痰喘,麻黄浸膏 41g、五味子 (醋炙) 53g、川贝母 25g、远志 (去心甘草炙) 53g、陈皮 94g、桔梗 75g、甘草浸膏 94g、法半夏 15g,以上八味，川贝母、法半夏粉碎成细粉，过筛。陈皮提取挥发油至油尽，并滤取药液。五味子、远志、桔梗用 65% 乙醇回流提取二次，滤过，合并滤液，回收乙醇；合并以上各药液，浓缩至相对密度为 1.40 (50℃) 的稠膏，加入麻黄浸膏、甘草浸膏、川贝母、法半夏细粉，混匀，干燥，粉碎成细粉，用稀乙醇制成颗粒，干燥，喷加陈皮挥发油，混匀，压制成 1000 片，包糖衣，即得（注：麻黄浸膏制法：取麻黄 1000g 切段，加水煎煮二次，每次 2 小时，合并煎液，滤过，滤液减压浓缩至相对密度为 1.40 (50℃测) 的清膏，干燥，制成干膏，即得；麻黄浸膏含麻黄碱 8%）
复方鸡内金片,片剂,健脾开胃，消食化积。用于脾胃不和引起的食积胀满，饮食停滞；呕吐泄痢,鸡内金 170g、六神曲 330g,以上两味，粉碎成细粉，过筛，加入蔗糖 30g、淀粉适量，混匀，以 10% 淀粉浆及明胶液为粘合剂，制成颗粒，烘干，加入硬脂酸镁，压制成片，包糖衣，制成 4000 片，即得
复方穿心莲片,片剂,清热解毒，凉血，利湿。用于风热感冒，喉痹，痄腮，湿热泄泻等,穿心莲 600g、路边青 1400g,以上二味，取穿心莲 60g，粉碎成细粉，剩余的穿心莲与路边青加水煎煮二次，第一次 2 小时，第二次 1 小时，合并煎液，静置，滤过，滤液浓缩成相对密度为 1.26~1.32 (70℃) 的清膏，加入穿心莲细粉，混匀，加适量辅料，制成颗粒，压制成 1000 片，包糖衣，即得
复方益母草膏,膏剂,调经活血，散瘀止痛。用于经血不调，经闭经少，腰酸腹痛，产后血晕，胞衣不下，血瘀作烧,鲜益母草 500g、当归 10g、川芎 10g、白芍 10g、地黄 10g、红花 10g,以上六味，将鲜益母草切段加水煎煮二次，合并煎液，滤过，滤液浓缩至相对密度为 1.26~1.28 (25℃) 的清膏备用。红花加水煎煮二次，其余当归等四味加水煎煮三次，合并煎液，滤过，滤液浓缩至相对密度为 1.28~1.30 (25℃) 的清膏。将上述两种清膏合并，混匀，每 500g 清膏加红糖 175g，加苯甲酸钠 0.3%，混匀，浓缩至规定的相对密度；滤过，即得
复方雪莲胶囊,胶囊剂,温经散寒，祛风逐湿，化瘀消肿，舒筋活络。用于风寒湿邪，痹阻经络所致类风湿性关节炎，风湿性关节炎，强直性脊柱炎和各类退行性骨关节病,雪莲 720g、延胡索 (醋制) 180g、羌活 180g、川乌 (制) 60g、独活 180g、草乌 (制) 60g、木瓜 180g、香加皮 240g,以上八味，雪莲用 65% 乙醇回流提取三次，合并提取液，滤过，滤液减压回收乙醇，浓缩至稠膏，减压干燥成干膏。其余延胡索等七味加水煎煮二次，每次 2 小时，合并煎液，滤过，滤液减压浓缩至 1:1，浓缩液用 3 倍量 40% 乙醇沉淀 24 小时，取上清液回收乙醇，浓缩，减压干燥成干膏。将上述两种干膏混合，粉碎，过筛，装入胶囊，即得
复方紫草油,搽剂,清热凉血，解毒止痛。用于水火烫伤,紫草 30g、冰片 15g、忍冬藤 30g、白芷 30g,以上四味，冰片研细，其余紫草等三味加麻油 500g 同置锅内炸枯，滤取油液，冷至室温，加入上述冰片细粉，搅拌使溶化，混匀，即得
活络酊,酊剂,舒筋祛寒，活血止痛。用于筋骨痛，急性扭伤，肌肉疼痛及风湿痛，肝区疼痛等症,生川乌 100g、防己 32g、山柰 32g、连钱草 20g、延胡索 20g、干姜 16g、樟脑 16g、薄荷脑 12g、水杨酸甲酯 7.2g、冰片 5g、辣椒 4g、蟾酥 0.36g,以上十二味，取生川乌，粉碎成粗粉，置渗漉器中，用 70% 乙醇浸渍 48 小时以上，缓缓放出浸渍液，然后用 60% 乙醇照流浸膏剂与浸膏剂 (附录 I O) 项下的渗漉法渗漉，收集渗漉液 (包括浸渍液) 约为投料量的 4 倍，用稀盐酸调节 pH 值至 2.7~3.3，静置，俟澄清，滤过，滤液即为乌头酊，取滤液，按 “乌头酊含量测定” 项下的方法，测定生物碱含量，滤液备用；取蟾酥，用 80% 乙醇加热回流提取四次，每次 2 小时，滤过，滤液备用；另取防己、山柰、连钱草、辣椒、延胡索、干姜，粉碎成粗粉，用 60% 乙醇照流浸膏剂与浸膏剂 (附录 I O) 项下的渗漉法渗漉，收集渗漉液为投料量的 6 倍量，备用；将樟脑、薄荷脑、冰片、水杨酸甲酯用适量上述渗漉液溶解后，与其余渗漉液混合均匀，加入蟾酥提取液，最后与乌头酊混合均匀，加 60% 乙醇至 1000ml，混匀，滤过，即得（注：乌头酊含量测定：精密量取乌头酊 100ml，加入蒸发皿中，置水浴上蒸发至约 30ml，此时如有沉淀析出，可加适量乙醇使溶解，移至 100ml 量瓶中，蒸发皿用少量的水洗净，洗液并入量瓶中，加醋酸铅溶液 (3→10) 25ml，加水至刻度，摇匀，滤过，弃去初滤液，精密量取续滤液 75ml，置另一 100ml 的量瓶中，加稀硫酸 20ml，加水至刻度，摇匀，滤过，弃去初滤液，精密量取续滤液 75ml，置分液漏斗中，加氯仿 20ml，振摇，静置分层，弃去氯仿层，水层加氨试液 30ml 使成明显的碱性，用氯仿分次振摇提取，每次 20ml，至生物碱提尽为止，每次氯仿液经同一干燥滤纸滤入锥形瓶中，在水浴上低温蒸去氯仿，加乙醚 3ml，蒸干，残渣在 60℃干燥 1 小时，精密加入硫酸滴定液 (0.01mol/L) 20ml，温热使溶解，加甲基红指示液 3 滴，用氢氧化钠滴定液 (0.02mol/L) 滴定，即得。每 1ml 的硫酸滴定液 (0.01mol/L) 相当于 12.9mg 的 C₃₄H₄₇NO₁₁；100g 生川乌应相当于含 0.5g 乌头生物碱的乌头酊）
珍珠消积丸,丸剂,化痰热，消积滞。用于小儿咳喘热痰，腹胀疳积,珍珠粉 30g、牛黄 24g、黄连 60g、胆南星 480g、朱砂 90g、全蝎 90g、轻粉 24g、枳实 (炒) 90g、雄黄 90g、天竺黄 90g、僵蚕 (炒) 90g、半夏 (姜制) 90g、夏枯草 24g、巴豆霜 150g、鸡内金 (炒) 150g、六神曲 90g、玄参 90g、川贝母 90g、桔梗 90g,以上十九味，朱砂、雄黄分别水飞或粉碎成极细粉；夏枯草煎汁；珍珠粉及其余牛黄等十六味粉碎成细粉，与雄黄粉末配研，过筛，混匀，用夏枯草汁泛丸，朱砂粉末包衣，干燥，即得
祛暑露,露剂,祛暑散寒，止吐止泻。用于中暑感寒引起憎寒发热，头痛身倦，胸腹胀满，呕吐泄泻,广藿香 160g、紫苏叶 160g、香薷 64g、檀香 24g、木瓜 50g、茯苓 250g、丁香 24g、甘草 120g,以上八味，水煎煮两次，第一次加 15 倍量的水，煎煮时间 3 小时，同时收集馏出液约 1500ml，馏出液加入苯甲酸钠 (按应出总量 0.3%) 备用，第二次加 8 倍量水煎煮，煎煮时间 1 小时，合并水煎液，滤过，滤液浓缩至 700ml，放冷，加入乙醇 900ml，搅匀，静置，滤过，滤液与馏出液混合均匀，加入单糖浆 (按应出总量的 60%)，调整总量至 8520ml，混匀，灌装，即得
穿心莲内酯片,片剂,清热解毒，抗菌消炎。用于上呼吸道感染，细菌性痢疾,穿心莲内酯 50g（辅料：淀粉 30g、硬脂酸镁 1g）,穿心莲内酯粉碎成细粉，过筛，取穿心莲内酯 50g，与 30g 淀粉混匀，加入 10% 淀粉浆适量，制成适宜软材，制粒，70℃烘干，过筛，加 1g 硬脂酸镁混匀，压制成 1000 片，即得
胃得安胶囊,胶囊剂,和胃止痛，健脾消食。用于慢性胃炎，胃溃疡，十二指肠溃疡等,白术 55g、苍术 15g、神曲 30g、泽泻 30g、川芎 15g、海螵蛸 15g、草豆蔻 10g、莱菔子 10g、陈皮 (制) 25g、瓜蒌 15g、槟榔 15g、甘草 15g、马兰草 20g、绿衣枳实 25g、麦芽 40g、姜半夏 30g、茯苓 35g、黄柏 15g、山姜子 10g、黄芩 10g、干姜 10g、香附 (制) 15g、厚朴 10g、木香 10g、紫河车 20g,以上二十五味，除神曲、马兰草外，其余白术等二十三味，粉碎成细粉，过筛，剩余的粗粉与神曲、马兰草加水煎煮二次，第一次 2 小时，第二次 1 小时，合并煎液，滤过，滤液浓缩至适量，与上述细粉混匀，制成颗粒，干燥，装入胶囊，制成 600 粒，即得（注：神曲的处方及制法：[处方] 谷芽 (或麦芽) 100g、大黄 12.5g、石菖蒲 50g、青蒿 100g、薏苡仁 100g、厚朴 50g、车前草 100g、山楂 50g、陈皮 200g、小麦 250g；[制法] 以上十味，取小麦、薏苡仁粉碎成细粉，其余谷芽等八味粉碎成中粉，与上述细粉混匀，加热水制成软材，成型，置 25~30℃发酵至出现大量白色霉斑，于 60~70℃干燥，即得）
胃痛散 [剧],散剂,散寒止痛，舒气导滞。用于胸膈胀满，胃寒作痛，倒饱嘈杂，呕吐酸水，不思饮食,五灵脂 (醋制) 250g、枳壳 (麸炒) 250g、红花 250g、丁香 50g、木香 50g、白胡椒 50g、巴豆霜 50g、雄黄 50g,以上八味，除巴豆霜外，雄黄粉碎成极细粉，其余五灵脂等六味粉碎成细粉，与上述巴豆霜、雄黄粉末配研，过筛，混匀，即得
胆益宁片,片剂,疏肝止痛，清热利胆。用于急、慢性胆囊炎、胆道感染、胆囊和胆道结石,梅根 2000g、胆酸钠 100g,以上二味，取梅根切成碎片，加水浸泡 2~3 小时，加热煎煮二次，每次 2 小时，合并煎液，滤过，滤液于 60℃减压浓缩至相对密度约为 1.19 (80℃) 的稠膏，加淀粉适量，制成颗粒，干燥，加入胆酸钠，混匀，压制成 1000 片，包糖衣，即得（注：梅根为蔷薇科植物梅 Prunus mume (Sieb.) Sieb.et Zucc. 的干燥根）
草豆蔻酊,酊剂,温中化湿，行气止痛，健胃消食。用于食欲不振，胃脘胀痛，恶心呕逆，吞酸嘈杂,草豆蔻 200g（溶剂：60% 乙醇适量，制成 1000ml）,取草豆蔻 200g 粉碎成粗粉，置渗漉器内，用 60% 乙醇浸渍 48 小时以上，然后缓缓放出浸渍液至约 950ml，加入适量 60% 乙醇使成 1000ml，混匀，静置俟澄清，滤过，即得
轻身减肥片,片剂,轻身减肥，益气健脾，活血化瘀，宽胸去积。用于单纯性肥胖,大黄 125g、防己 250g、丹参 250g、茵陈 250g、泽泻 500g、山楂 500g、水牛角 500g、淫羊藿 125g、黄芪 250g、白术 125g、川芎 125g,以上十一味，除茵陈、淫羊藿外，取大黄 66g，粉碎成细粉；水牛角刨成薄片，加水煎煮二次，每次 8 小时，合并煎液并浓缩至适量；其余防己等七味加水煎煮三次，第一次 2 小时，第二、三次各 1 小时，在第二次煎煮时加入茵陈、淫羊藿，第三次煎煮时加入剩余的大黄，合并煎液并浓缩至适量，加乙醇至含醇量为 65~70%，搅拌，静置，滤过，滤液回收乙醇至无醇味，加入水牛角浓缩液，浓缩至稠膏状，放冷，加入大黄细粉拌匀，制粒，干燥，压制成 1000 片，包糖衣，即得
重感灵片,片剂,解表清热，疏风止痛。用于表邪未解、郁里化热引起的重症感冒，症见恶寒、高热、头痛、四肢酸痛、咽痛、鼻塞、咳嗽等,毛冬青 469g、羌活 25g、葛根 469g、石膏 56g、马鞭草 312g、板蓝根 250g、青蒿 125g、马来酸氯苯那敏 0.375g、安乃近 31.25g,以上九味，毛冬青、葛根、马鞭草、板蓝根、青蒿等五味，加水煎煮二次，第一次煎煮 2 小时，第二次煎煮 1.5 小时，合并煎液，滤过，滤液浓缩成浸膏，干燥，粉碎成干膏粉；石膏、羌活分别粉碎成细粉；安乃近、马来酸氯苯那敏、羌活粉、石膏粉与毛冬青等干膏粉混匀，制成颗粒，压制成 1000 片，包糖衣，即得
闽东建曲,茶剂,芳香化湿，疏风解表，消食开胃。用于伤风感冒，夏令中暑，怕冷发热，头痛身痛，呕吐腹泻，消化不良，胸闷腹胀,山姜子 5357g、高良姜 5357g、丁香 17860g、荆芥 17860g、青蒿 5357g、木香 1786g、羌活 3571g、佛手 3571g、甘松 1786g、白芷 5357g、甘草 3571g、艾叶 5357g、紫苏 10714g、草豆蔻 (清炒) 5357g、吴茱萸 (甘草汤泡) 3571g、稻芽 (微炒) 5357g、麦芽 (微炒) 5357g、半夏 (煮) 5357g、苍术 (麸炒) 14286g、徐长卿 5357g、广藿香 5357g、槟榔 8571g、山柰 3571g、香附 (醋制) 5357g、枳实 (麸炒) 3571g、厚朴 (姜制) 10714g、山楂 (清炒) 10714g、陈皮 14286g、茯苓 14286g、桔梗 3571g、枳壳 (麸炒) 5357g、白曲 28571g、黄芩 5357g、红曲 5357g、防风 8571g、辣蓼 7143g,以上三十六味，辣蓼煎汤，丁香、木香、山姜子、草豆蔻、吴茱萸、红曲、白曲粉碎成细粉，其余高良姜等二十八味粉碎成粗粉，加入面粉 714.29g，混匀，加入辣蓼汤，制成软材，发酵 4~6 天，压制成块，置 60~80℃干燥，刷去表面霉菌，即得
首乌地黄丸,丸剂,补血滋阴。用于肝肾不足，须发早白,制何首乌 300g、熟地黄 300g,以上二味，粉碎成细粉，过筛，混匀。每 100g 粉末加炼蜜 70~80g 制成小蜜丸，干燥，即得
首乌延寿片,片剂,补肝肾，养精血。用于肝肾两亏、精血不足而致的头晕目眩，耳鸣健忘，鬓发早白，腰膝酸软,制何首乌（每片含何首乌干浸膏 0.17g）,取制何首乌片，加水煎煮 2 次，第一次 4 小时，第二次 3 小时，合并煎液，静置，滤过，滤液浓缩成稠膏，干燥，粉碎；取干浸膏 170g，加淀粉 25.5g、蔗糖 8.5g、微晶纤维 8.5g、润滑剂 1.7g，混匀，制粒，干燥，压制成 1000 片，包薄膜衣，即得（注：何首乌制法：取原药材，除去杂质，分档，洗净，浸泡 12~24 小时，捞出，沥水，润透，蒸 8 小时，焖过夜，翌晨，上下翻动，再蒸，如此反复蒸制 4 天，焖 4 夜，至内外呈滋润黑色，取出，晒至半干，切薄片，将蒸制时所得的原汁拌入，待吸尽，干燥，筛去灰屑）
骨痛灵酊,酊剂,温经散寒，祛风活血，通络止痛。用于骨质增生、风湿性关节炎，类风湿性关节炎之疼痛，关节不利，活动受限，麻木等,雪上一枝蒿 80g、干姜 110g、国产血竭 1.0g、乳香 5.0g、没药 5.0g、冰片 1.5g,以上六味，将雪上一枝蒿、干姜、没药、乳香研制成粗粉，混匀，照流浸膏剂与浸膏剂项下的渗漉法 (附录 I O)，用 50% 乙醇适量作溶剂进行渗漉，收集渗漉液 950ml，另将国产血竭、冰片溶于 50ml 乙醇中，与上述渗漉液合并，混匀，静置 48 小时，滤过，制成 1000ml，即得
鸦胆子油口服乳液,搽剂,抗癌药。用于肺癌，肺癌脑转移，消化道肿瘤及肝癌的辅助治疗剂,鸦胆子油 100ml、豆磷脂 15g,以上二味，取豆磷脂与水混合，转入到高速组织捣碎机内 (8000 转 / 分)，搅拌三次，每次 3 分钟，使其分散均匀，加入温热的鸦胆子油，搅拌 9 分钟，使其成为初乳液，并加水使成 1000ml，再转入到高压乳匀机内，匀化 1~2 次，使其均匀后，灌封，灭菌，包装，即得
健脾养胃颗粒,颗粒剂,健脾消食，止泻利尿。用于胃肠衰弱，消化不良，呕吐便泻，腹胀腹痛，小便不利，面黄肌瘦,砂仁 14g、陈皮 14g、厚朴 28g、青皮 14g、猪苓 112g、白术 112g、甘草 56g、党参 112g、茯苓 112g、酵母粉 88g、淀粉酶 9g,以上十一味，将砂仁粉碎成细粉，过筛，备用。陈皮水蒸气蒸馏提取挥发油，用适量乙醇溶解，备用。取党参、猪苓、茯苓、甘草四味与陈皮渣合并加水煎煮二次，第一次 2 小时，第二次 1 小时，滤过，合并煎液，浓缩至相对密度 1.06 (98℃)。厚朴、青皮、白术三味药以 60% 乙醇回流提取，回收乙醇至无醇味。将水、醇两项清膏浓缩至相对密度 1.28~1.30 (98℃)，放冷后加入淀粉 160g，搅匀制成大颗粒，干燥，兑入酵母粉、淀粉酶、砂仁粉、砂糖 330g，粉碎成细粉，混匀，用适量乙醇制成颗粒，干燥。兑入陈皮油醇溶液及适量香精，密闭，制成颗粒 750g，即得
振源片,片剂,滋补强壮，延年益寿，抗疲劳，抗应激，抗乏氧。用于头晕，疲劳，早衰与神经衰弱，内分泌失调等,人参果总皂甙 25g（辅料适量）,取人参果总皂甙粉 25g，加辅料适量，混匀，制成颗粒，压制成 1000 片，包糖衣，即得
损伤速效止痛气雾剂,气雾剂,消肿止痛，活血化瘀，消炎生肌，舒筋活络。用于跌打损伤，扭拉伤，挫撞伤，擦伤，骨折脱臼疼痛等急性运动创伤,血竭 30g、红花 6g、樟脑 1.5g、乳香 (醋炙) 3g、冰片 4.5g、麝香 0.75g,以上六味，血竭、乳香、红花粉碎成细粉，过筛，混匀，其余冰片、樟脑、麝香分别研成细粉，与上述粉末配研，过筛，混匀。将粉末置容器内，加入乙醇 1100ml，密闭浸泡 28 天，滤过，滤液灌封特制的瓶中，压入抛射剂 (二氟二氯甲烷) 10g，即得
桑菊感冒糖浆,糖浆剂,疏风清热，宣肺止咳。用于风热感冒初起，头痛，咳嗽，口干，咽痛,桑叶 200g、菊花 80g、连翘 120g、薄荷 64g、苦杏仁 160g、桔梗 160g、芦根 160g、甘草 64g,以上八味，苦杏仁压去脂肪油后加水蒸馏制取苦杏仁水，薄荷提取挥发油用乙醇溶解备用；桑叶、连翘、芦根、菊花、桔梗、甘草等六味加水煎煮两次，每次 1 小时，合并水煎液，滤过，滤液浓缩至适量，加入苯甲酸钠 (按应出总量的 0.3% 用开水溶解)，混匀，静置，滤过，滤液加入苦杏仁水、薄荷油醇溶液、单糖浆 (按应出总量的 30%)，混匀，调整总量至 1000ml，灌装，即得
状元深海龙酒,酒剂,补肾益精。用于肾精亏损，腰膝酸软，倦怠无力，健忘失眠，阳痿早泄,海龙 50g、丹参 50g、羊腰子 (砂烫) 50g、海马 2g、丁香 2g、豆蔻 20g、甘草 20g、玉竹 20g、大枣 200g、狗脊 (制) 200g、人参 30g、当归 1g、白芍 1g、牡丹皮 1g、泽泻 1g、石斛 1g、菟丝子 50g、桑寄生 100g、小茴香 (盐炒) 10g、鹿茸 10g、黄芪 100g、熟地黄 40g,以上二十二味，除大枣外，其余海龙等二十一味粉碎成粗粉，再与大枣混合，照流浸膏剂与浸膏剂项下的渗漉法 (附录 I O)，用白酒 (40°) 12800g 作溶剂，浸渍 15~20 天后缓缓渗漉，收集漉液，加入 40° 白酒 3200g 及蔗糖 1500g，搅匀，静置，滤过，滤液于 - 9℃冷藏后，滤过，即得
消积化虫糖浆,糖浆剂,消积杀虫。用于小儿脾虚胃弱，消化不良，食积停滞，腹胀肚疼及蛔虫,白术 (麸炒) 25g、茯苓 25g、使君子 (去壳) 25g、牵牛子 (炒) 20g、陈皮 15g、厚朴 (姜制) 15g、槟榔 15g、山楂 15g、甘草 10g、神曲 (麸炒) 10g,以上十味，加水煎煮 2 次，合并煎液，滤过，滤液浓缩至适量，加 80% 乙醇 200ml 混匀，静置，滤过，滤液回收乙醇后，加单糖浆 450ml 和苯甲酸钠 (按应出液数的 0.5% 加入，并用开水化开)，混匀，调整容量到 583ml，滤过，灌装，即得
消痤丸,丸剂,清热解毒。用于痤疮,升麻 20g、柴胡 64g、麦冬 72g、野菊花 48g、黄芩 60g、玄参 84g、生石膏 120g、石斛 84g、龙胆草 84g、大青叶 84g、金银花 60g、竹茹 40g、蒲公英 60g、淡竹叶 48g、夏枯草 48g、紫草 48g,以上十六味，取升麻、柴胡、麦冬、黄芩、玄参、石斛、龙胆草、金银花等八味 1/2 量及生石膏 1/2 量混合，粉碎成细粉过筛；将以上九味剩余部分与其余野菊花等七味加水煎煮二次，每次 2 小时，合并煎液、滤过，减压浓缩成稠膏 (相对密度 1.21)，取稠膏的 2/3 量加入上述粉末混匀，干燥，粉碎，过筛，混匀，用剩余的 1/3 量稠膏加适量水泛丸，干燥，包衣，即得
益心复脉颗粒,颗粒剂,益气养阴，活血复脉。用于气阴两虚，心血内阻，胸痹心痛，胸闷不舒，心悸脉结代,生晒参 100g、黄芪 150g、麦冬 150g、五味子 150g、丹参 200g、川芎 100g,将人参等六味，加水煎煮两次，第一次加水 10 倍量，煎煮 2 小时，第二次加水 8 倍量，煎煮 1 小时，合并煎液，静置 12 小时，吸取上清液，浓缩至相对密度 1.20~1.30 (80℃测) 的清膏，加入 1% 的甜叶菊甙，混合均匀。取清膏 1 份，加入糊精 1 份，干燥，粉碎、过 60 目筛，加入乳糖 2 份，混匀，制成 600g，分装，即得
益胃口服液,口服液,理气活血，和胃止痛。用于气滞血瘀，胃失和降，胃痛吞酸，呕恶食少，胃及十二指肠溃疡病及慢性胃炎见上述证候者,蒲公英 300g、红藤 200g、白芍 (炒) 200g、甘草 100g、乌药 100g、陈皮 75g、木香 75g,以上七味，陈皮、木香水蒸气蒸馏，收集馏出液适量，备用；残渣与白芍、乌药、甘草、红藤加水煎煮二次，每次 2 小时，第二次煎煮时加入蒲公英，合并煎液，静置，放冷，取上清液浓缩至适量，加蔗糖 150g、甜蜜素 1g 煮沸溶解，放冷，加入备用的馏出液，调整总量使成 1000ml，搅匀，冷藏，滤过，灌封，灭菌，即得
脑力静糖浆,糖浆剂,养心安神，和中缓急，补脾益气。用于心气不足引起的神经衰弱，头晕目眩，身体虚弱，失眠健忘，精神忧郁，烦躁及小儿夜不安寐,大枣 125g、小麦 416g、甘草流浸膏 7g、甘油磷酸钠 (50%) 10g、维生素 B₁100mg、维生素 B₂50mg、维生素 B₆100mg,以上七味，取大枣加水煎煮二次，每次 2 小时，合并煎液，滤过，滤液浓缩至相对密度为 1.08 (80~90℃)，冷却后加等量的乙醇，搅匀，静置 24 小时。取小麦加水煮沸 10 分钟后，于 70℃~80℃温浸二次，每次 2 小时，合并浸液，滤过，滤液浓缩至相对密度为 1.012 (80~90℃)，冷却后加等量的乙醇，搅匀，静置 24 小时。将上述大枣和小麦的上清液合并，滤过，回收乙醇，浓缩至适量，加入其余甘草流浸膏等五味、蔗糖 400g 及防腐剂适量，煮沸使溶解，滤过，加水至 1000ml，混匀，即得
脑立清片,片剂,平肝潜阳，醒脑安神。用于肝阳上亢引起的头晕目眩，耳鸣口苦，心烦难寐及高血压等症,磁石 20g、赭石 35g、珍珠母 10g、清半夏 20g、酒曲 20g、酒曲 (炒) 20g、牛膝 20g、薄荷脑 5g、冰片 5g、猪胆膏 35g,以上十味，冰片、薄荷脑与 β- 环糊精制成包接复合物；赭石、磁石、珍珠母研成极细粉 (留出赭石粉末上衣)，清半夏、酒曲、酒曲 (炒)、牛膝、猪胆膏研成细粉与磁石、珍珠母细粉及辅料混合均匀，用蔗糖、桃胶溶液制成大颗粒，干燥，粉碎，加冰片、薄荷脑 β- 环糊精包接复合物，制成小颗粒，干燥，压制成 800 片，包衣，即得
脑血栓片,片剂,活血化瘀，醒脑通络，潜阳熄风。用于因瘀血、肝阳上亢出现之中风先兆，如肢体麻木、头晕目眩等和脑血栓形成出现的中风不语、口眼歪斜、半身不遂等症。具有预防和治疗作用,红花 900g、当归 900g、水蛭 (制) 900g、赤芍 900g、桃仁 900g、川芎 900g、丹参 900g、土鳖虫 225g、羚羊角 112.5g、牛黄 12.5g,以上十味，赤芍、水蛭粉碎成细粉，红花水煮两次浓缩成膏，当归、川芎、丹参、桃仁、土鳖虫等五味以 70% 乙醇提取两次，浓缩成膏，将以上水、醇浓缩膏合并，与赤芍、水蛭细粉及辅料适量混合，加入羚羊角、牛黄细粉，混匀，制成颗粒，干燥，压片，包糖衣，即得
脑络通胶囊,胶囊剂,补气活血，通经活络。具有扩张血管，增加脑血流量作用。用于脑血栓、脑动脉硬化、中风后遗症等各种脑血管疾病气虚血瘀证引起的头痛、眩晕、半身不遂、肢体发麻、神疲乏力等症,丹参浸膏 50g、甲基橙皮甙 10g、黄芪浸膏 50g、盐酸托哌酮 50g、维生素 B₆2g、川芎浸膏 50g,以上六味，丹参浸膏、川芎浸膏和黄芪浸膏粉碎成细粉，混匀，加入其余盐酸托哌酮等三味及适量辅料，混匀，干燥，装胶囊，制成 1000 粒，即得
莲必治注射液,注射剂,清热解毒，抗菌消炎。用于细菌性痢疾，肺炎，急性扁桃体炎,亚硫酸氢钠穿心莲内酯 50g（辅料：注射用水适量、0.1% 活性炭适量、苯甲醇 3ml）,取亚硫酸氢钠穿心莲内酯 50g，用适量注射用水溶解，加 0.1% 活性炭搅拌 5 分钟，滤过，测定含量，再用注射用水稀释至每 1ml 含亚硫酸氢钠穿心莲内酯 50mg，滤过，用 10% 氢氧化钠溶液调节 pH 值至 4.0~6.0，灌封，灭菌，即得（注：亚硫酸氢钠穿心莲内酯按干燥品计算，含亚硫酸氢钠穿心莲内酯（C₂₀H₃₀O₅・NaHSO₃）应为 95.0~105.0%）
调经益灵片,片剂,调经养血，开郁舒气。用于妇人血虚气滞，腰酸腹痛，月经不调，赤白带下等各种妇科病,当归 31.75g、香附 101.2g、地骨皮 6.3g、人参 6.3g、白芍 6.3g、艾叶 (炭) 6.3g、牡丹皮 6.3g、鳖甲 9.69g、白术 6.3g、川芎 6.3g、茯苓 6.3g、黄芪 6.3g、青蒿 63.15g,以上十三味，粉碎成细粉，过筛，加辅料适量，制粒，干燥，压制成 1000 片，包糖衣，即得
顽癣净,搽剂,祛风止痒，保湿杀虫。用于手癣，脚癣，股癣，体癣等各种皮肤癣症,苯甲酸 120g、水杨酸 60g、紫荆皮酊适量（紫荆皮酊制法：取紫荆皮粗粉 200g，照酊剂项下的渗漉法 (附录 I N)，用 80% 乙醇作溶剂，浸渍 48 小时后，以每分钟 3~5ml 的速度缓缓渗漉，收集漉液 1000ml，静置，俟澄清，滤过）,以上三味，取苯甲酸及水杨酸，加紫荆皮酊适量使溶解，制成 1000ml，密闭，静置使澄清，滤过，即得
减肥通圣片,片剂,清热燥湿，化痰减肥。用于湿热痰浊内阻之肥胖症,大黄 (酒制) 30g、麻黄 30g、枳壳 60g、当归 60g、白术 60g、荆芥 60g、白芍 60g、黄芩 60g、元明粉 15g、栀子 75g、桔梗 60g、石膏 75g、苦参 150g、滑石粉 60g、川芎 60g、昆布 150g、薄荷油 2.45ml,以上十七味，将麻黄、栀子、桔梗、川芎、当归、黄芩、苦参、枳壳、昆布、荆芥加水煎煮二次，合并煎液，滤过，滤液浓缩成稠膏，其余大黄等五味粉碎成粗粉与上述稠膏及滑石粉混匀，干燥，再粉碎成细粉，制粒，干燥，喷入薄荷油，混匀，压制成 960 片，包糖衣，即得
救心丸,丸剂,益气活血，化痰通络。用于痰浊瘀血阻心脉而致的胸痹心痛，胸闷、短气、心悸、怔忡等,人参茎叶总皂甙 39g、牛胆膏粉 16g、麝香 30g、珍珠 187g、牛黄 30g、冰片 60g、蟾酥 32.5g、三七膏粉 35.1g,以上八味，粉碎成细粉，将牛黄、麝香、冰片、蟾酥、珍珠、人参茎叶总皂甙、牛胆膏粉、三七膏粉、淀粉 70.4g 配研，过筛，混匀，以水泛丸，制成 20000 粒，低温干燥，即得（注：牛胆膏粉制法：取牛胆汁，滤过，滤液浓缩至相对密度为 1.31~1.34 (60℃)，干燥，粉碎成细粉；三七膏粉制法：取三七，粉碎，加 45% 乙醇 4 倍量，静置 12 小时，回流提取 2 小时，滤过，残渣再加乙醇 3 倍量，回流提取 1 小时，滤过，合并两次滤液，放置 12 小时，滤过，滤液回收乙醇，并浓缩至稠膏状，加乙醇 3 倍量，静置 12 小时，滤过，回收乙醇，并浓缩成稠膏状，如此反复一次，干燥，粉碎，过筛）
救心金丸,丸剂,益气活血，化痰通脉。用于气血痰浊痹阻心脉的胸痹心痛，胸闷，短气，心悸，怔忡等,麝香 2.5g、珍珠 1.1g、牛黄 2.5g、三七 5g、水牛角浓缩粉 15g、蟾酥 3.6g、猪胆膏 5g、冰片 0.5g、人参 10g,以上九味，除麝香、牛黄、蟾酥、冰片外，取糯米 12g，淀粉 1.43g 与其余人参等五味粉碎成极细粉。将麝香、蟾酥、牛黄、冰片分别研成细粉，与上述药粉配研，过筛，混匀，以水泛丸，阴干。用糊精 0.93g 制糊，包金箔衣，阴干，即得（注：猪胆膏按干燥品计算，含胆酸量不得少于 55%，制法：将猪胆皮剪破，挤出胆汁，用纱布过滤，放入锅内，加火煎熬成膏状，至冒出鸡蛋大的气泡、可拉成丝时，停火，自然冷却）
清心牛黄片,片剂,清心化痰，镇惊祛风。用于神志昏乱，言语不清，痰涎壅盛，头晕目眩，中风不语，半身不遂,白芍 38g、肉桂 27g、阿胶 24g、桔梗 20g、山药 105g、蒲黄 4g、大豆黄卷 28g、大枣 (去核) 45g、麦冬 22g、甘草 75g、白蔹 11g、柴胡 20g、党参 75g、当归 22g、川芎 20g、苦杏仁 20g、防风 22g、白术 37g、干姜 12g、黄芩 22g、茯苓 24g、六神曲 37g、牛黄 14g、雄黄 12g、水牛角浓缩粉 16g、琥珀 36g、冰片 10g,以上二十七味，白芍、肉桂、阿胶、桔梗、山药、蒲黄粉碎成细粉，过筛；牛黄、雄黄、琥珀、冰片分别粉碎成细粉，备用。大豆黄卷、大枣、黄芩、麦冬、甘草、白蔹、柴胡、党参加水煎煮二次，第一次 3 小时，合并煎液，浓缩成相对密度为 1.30 (80℃测) 的清膏。当归、川芎、防风、白术用 70% 乙醇浸泡 24 小时，渗漉法提取，收集渗漉液 650ml；干姜、苦杏仁用 85% 乙醇浸泡 24 小时，渗漉法提取，收集渗漉液 230ml；茯苓、六神曲用 25% 乙醇浸泡 24 小时，渗漉法提取，收集漉液 400ml，合并以上渗漉液回收乙醇，浓缩成相对密度为 1.30 (80℃) 的清膏。将水、醇浓缩膏合并加入白芍等粉末、牛黄、雄黄、琥珀粉末及水牛角浓缩粉，混匀，制成颗粒，干燥放冷，兑入冰片混匀，压制成 1580 片，包衣，即得
清宁丸 (浓缩丸),丸剂,清热泻火，通便。用于咽喉肿痛，口舌生疮，头晕耳鸣，目赤牙痛，腹中胀满，大便秘结,大黄 600g、绿豆 25g、车前草 25g、白术 (炒) 25g、黑豆 25g、半夏 (制) 25g、香附 (醋制) 25g、桑叶 25g、桃枝 5g、牛乳 50g、厚朴 (姜制) 25g、麦芽 25g、陈皮 25g、侧柏叶 25g,以上十四味，将大黄碎为小块，另取黄酒 600g，与大黄拌于罐中，加盖封闭。隔水加热炖至酒尽，取出，低温干燥。除牛乳外，将绿豆等 12 味，分别酌予碎断，分次水煎至味尽、去渣，合并煎出液，滤过，适当浓缩后，加入牛乳浸拌上述制成的大黄，再入罐中，加盖封闭，按上法炖至液尽，取出，低温干燥，研成细粉，过筛，混匀，用水泛丸，干燥，即得
清咳散,散剂,清热解毒，化痰镇咳。用于痰热阻肺而致的急、慢性咽喉炎，上呼吸道炎症引起的痰多咳嗽,蟾酥 32.5g、薄荷脑 60g、冰片 60g、白矾 30g、桔梗干膏 100g、甘草干膏 100g、盐酸溴己新 10g、百部干膏 100g、珍珠层粉 835g,以上九味，冰片、薄荷脑、蟾酥、盐酸溴己新、白矾分别研成细粉；其余桔梗等三味研成细粉；以上细粉混合，加入适量淀粉，充分混匀，过筛，制成 3000g，即得（注：甘草干膏制法：取甘草，加水过药面，煎煮二次，第一次 2 小时，第二次 1.5 小时，合并煎液，浓缩至相对密度约为 1.12 (60℃)，加乙醇至含醇量为 60%，静置 24 小时，滤过，吸取上清液，浓缩成稠膏，干燥；桔梗干膏制法：取桔梗，加水过药面，煎煮二次，第一次 2 小时，第二次 1.5 小时，合并煎液，浓缩至相对密度约为 1.12 (60℃)，加乙醇至含醇量为 60%，静置 24 小时，滤过，吸取上清液，浓缩成稠膏，干燥；百部干膏制法：取百部，加水过药面，煎煮二次，第一次 2 小时，第二次 1.5 小时，合并煎液，浓缩至相对密度约为 1.12 (60℃)，加乙醇至含醇量为 60%，静置 24 小时，滤过，吸取上清液，浓缩成稠膏，干燥）
清胃黄连片,片剂,清胃泻火，解毒消肿。用于口舌生疮，齿龈、咽喉肿痛,黄连 40g、石膏 40g、甘草 20g、知母 40g、地黄 40g、牡丹皮 40g、连翘 40g、栀子 100g、黄芩 100g、赤芍 40g、玄参 40g、天花粉 40g、桔梗 40g、黄柏 40g,以上十四味，石膏 20g 粉碎成细粉，过筛，备用。黄芩提取黄芩素，备用。其余石膏等十二味加水煎煮二次，每次 2 小时，合并以上煎液，浓缩成膏（相对密度≥1.20，50~60℃），将浓缩膏加入石膏、黄芩素细粉及辅料适量，混匀，制成颗粒，干燥，压制成 640 片，包糖衣，即得
清热丸,丸剂,清热解毒，散瘀凉血，消肿。用于急热惊风，中暑头昏，吐血，衄血，咽喉肿痛，口舌生疮，牙齿疼痛，大便不通，小便赤黄,香墨 400g、儿茶 200g、胡黄连 200g、黄连 200g、牛胆膏 51g、冰片 12g、牛黄 10g,以上七味，冰片、牛黄分别粉碎成细粉，牛胆膏、香墨等五味粉碎成细粉，与上述冰片等粉末配研，过筛，混匀，用乙醇泛丸，打光，阴干，即得（注：牛胆膏制法：为牛科动物黄牛 Bos taurus domesticus Gmelin 或水牛 Bubalus bubalis L. 的新鲜胆汁及加工成的胆膏和干燥胆囊，宰牛时割取胆囊，自胆管处剪开，将胆汁倾入容器内或加热使之干燥或将胆囊直接挂起阴干）
清热安宫丸,丸剂,清热解毒、镇静。用于内热烦躁不安，头目眩晕，失眠，神昏谵语，癫狂痫症，大便秘结,胆膏粉 50g、黄连 25g、栀子 50g、黄芩 50g、朱砂 50g、石决明 50g、郁金 50g、大黄 50g、雄黄 50g、黄柏 50g、冰片 15g、木香 15g,以上十二味，冰片、雄黄、朱砂分别研成极细粉，其余九味粉碎成细粉，与上述极细粉混匀，每 100g 药粉加入炼蜜 90~110g，制成大蜜丸；或取朱砂 1/2 量、雄黄、冰片极细粉与其余九味细粉混匀，每 100g 药粉用炼蜜 15g 加水适量泛丸，以备用朱砂上衣，即得
清感穿心莲片,片剂,清热利咽，止咳化痰。用于风热感冒，咽喉肿痛，支气管炎，扁桃腺炎,穿心莲 500g、买麻藤 500g,以上二味，取穿心莲 460g，粉碎成细粉，剩余的穿心莲与买麻藤加水煎煮二次，第一次 2 小时，第二次 1 小时，合并煎液，滤过，滤液浓缩成稠膏状，加入穿心莲细粉，混匀，制成颗粒，干燥，压制成 1000 片（大片）或 2000 片（小片），或包糖衣，即得
绿雪胶囊,胶囊剂,清热解毒，镇惊安神。用于外感时邪引起的高烧神昏，头痛脑胀，咽痛口渴，面赤腮肿，大便燥结，小儿急热惊风,寒水石 230.4g、滑石 230.4g、磁石 230.4g、石膏 230.4g、玄参 76.8g、升麻 76.8g、甘草 38.4g、青木香 24g、丁香 4.8g、石菖蒲 24g、玄明粉 768g、硝石 153.6g、水牛角浓缩粉 3.45g、青黛 15g、朱砂 24g,以上十五味，除水牛角浓缩粉、青黛外，朱砂水飞或粉碎成极细粉；硝石研成细粉，寒水石、滑石、磁石、石膏砸成小块，加水煎煮三次，每次 4 小时，合并煎液，滤过；玄参、升麻、甘草用上述滤液煎煮三次，第一次 3 小时，第二次 2 小时，第三次 1 小时，合并煎液，滤过；丁香、青木香、石菖蒲提取挥发油至油尽，并滤取药液，药液与上述滤液合并，减压浓缩至相对密度 1.25 (50℃) 的清膏，加玄明粉、硝石搅匀，低温干燥，粉碎成细粉，加入挥发油混匀，与处方中水牛角浓缩粉、青黛、朱砂粉末配研，过筛，混匀，装入 1000 粒胶囊，即得
羚羊清肺颗粒,颗粒剂,清肺利咽，除瘟止嗽。用于肺胃热盛，感受时邪，身热头晕，四肢酸懒，咳嗽痰盛，咽喉肿痛，鼻衄咳血，口干舌燥,浙贝母 40g、桑白皮 (蜜炙) 25g、前胡 25g、麦冬 25g、天冬 25g、天花粉 50g、地黄 50g、玄参 50g、石斛 100g、桔梗 50g、枇杷叶 (蜜炙) 50g、苦杏仁 (炒) 25g、金果榄 25g、金银花 50g、大青叶 25g、栀子 50g、黄芩 25g、板蓝根 25g、牡丹皮 25g、薄荷 25g、甘草 15g、熟大黄 25g、陈皮 30g、羚羊角粉 6g,以上二十四味，除羚羊角粉外，薄荷、陈皮提取挥发油，蒸馏后的水溶液另器收集；其余浙贝母等二十一味，加水煎煮二次，第一次 2 小时，第二次 1 小时，合并煎液，滤过，滤液与上述水溶液合并，浓缩至相对密度 1.30 (50℃) 的清膏。取清膏 1 份，加入蔗糖粉 3 份，糊精 1 份及羚羊角粉，制成颗粒，干燥，加入上述薄荷等挥发油，混匀，即得
羚翘解毒颗粒,颗粒剂,疏风清热，解毒。用于风热感冒，恶寒发热，头晕目眩，咳嗽，咽痛，两腮赤肿等症,羚羊角 3.75g、金银花 180g、连翘 180g、薄荷 120g、荆芥穗 90g、淡豆豉 75g、牛蒡子 (炒) 120g、桔梗 120g、淡竹叶 90g、甘草 75g,以上十味，除羚羊角粉碎成极细粉外，薄荷、连翘、荆芥穗提取挥发油，蒸馏后的水溶液另器收集；桔梗、牛蒡子、淡豆豉、甘草加水煎煮二次，第一次 2 小时，第二次 1 小时，滤过，合并滤液。金银花、淡竹叶加水热浸二次，第一次 2 小时，第二次 1 小时，滤过，合并浸出液。将上述药液合并，减压浓缩至相对密度 1.30 (50℃) 的清膏。取清膏 1 份，加入羚羊角粉，蔗糖粉 3 份，糊精 1 份，制成颗粒，干燥，加入上述薄荷等挥发油，混匀，即得
蛇胆贝母片,片剂,除痰降气。用于风热咳嗽,蛇胆汁 52.19g、浙贝母 3125g、黄连 185g、甘草 185g、半夏 (制) 3125g,以上五味，取浙贝母、半夏粉碎成粗粉；黄连、甘草分别加水煎煮二次，第一次 1.5 小时，第二次 1 小时，滤过，滤液备用；将蛇胆汁与白油 104.4g 混匀后与上述滤液混合，喷洒入上述粗粉内，拌匀，干燥，粉碎成细粉，过筛，加 50% 糖浆适量制成颗粒，干燥，加入润滑剂，压片，即得
蛇胆贝母散,散剂,清热化痰，降气止咳。用于痰热咳嗽,蛇胆汁 52.2g、浙贝母 3125g、半夏 (制) 3125g、黄连 185g、甘草 185g,以上五味，除蛇胆汁外，浙贝母、半夏粉碎成粗粉，黄连、甘草分别加水煎煮三次，第一、二次各 2 小时，第三次 1 小时，合并煎液，滤过，取滤液备用，蛇胆汁及浸泡蛇胆的白酒，混匀，喷入上述粗粉内，拌匀，干燥，粉碎成细粉，过筛，即得
银黄胶囊,胶囊剂,清热，解毒。用于急、慢性扁桃体炎，急慢性咽喉炎，上呼吸道感染,金银花提取物 100g、黄芩提取物 40g,以上二味，加淀粉适量，混匀，60℃以下干燥，分装入胶囊，制成 1000 粒，即得（注：金银花提取物与黄芩提取物的制备同银黄冲剂（第 6 册））
银翘解毒丸 (蜜丸),丸剂,辛凉解表，清热解毒。用于风热感冒，发热头痛，咳嗽，口干，咽喉疼痛,金银花 200g、连翘 200g、薄荷 120g、荆芥 80g、淡豆豉 100g、牛蒡子 (炒) 120g、桔梗 120g、淡竹叶 80g、甘草 100g,以上九味，粉碎成细粉，过筛，混匀。每 100g 粉末加炼蜜 60~70g 与适量的水，泛丸，干燥，制成水蜜丸；或加炼蜜制成大蜜丸，即得
喘嗽宁片,片剂,清热平喘，止咳化痰。用于支气管哮喘，喘息型支气管炎，肺气肿，肺心病早期,白果 100g、苦杏仁 160g、地龙 160g、桑白皮 160g、陈皮 160g、黄芩 160g、白前 160g、苦参 160g、甘草 160g、茯苓 270g,以上十味，取茯苓 135g，粉碎成细粉；白果、苦杏仁粉碎成最粗粉，与剩余的茯苓及地龙等七味，加水煎煮二次，第一、二次各 2 小时，第三次 1 小时，合并煎液，滤过，滤液浓缩成稠膏，与茯苓细粉混匀，干燥，粉碎，过筛，制成颗粒，干燥，压制成 1000 片，包糖衣，即得
寒热痹胶囊,胶囊剂,散寒清热，和营定痛。用于肌肉关节疼痛，局部触之发热，但自觉怕冷畏寒，或触之不热，但自觉发热，全身热象不显。风湿和类风湿性关节炎，见上述症状者可应用,桂皮 151.5g、白芍 227.3g、防风 151.5g、知母 227.3g、白术 151.5g、麻黄 227.3g、干姜 90.9g、附子 (炙) 151.5g、甘草 90.9g、地龙 151.5g,以上十味，除白芍、干姜粉碎成细粉外，其余白术等八味，加水煎煮二次，第一次 2 小时，第二次 1 小时，合并煎液，静置，滤过，滤液浓缩至 1.25~1.30 (50℃) 清膏。加入白芍、干姜细粉，混匀，干燥，粉碎，过筛，分装，即得
溃疡片,片剂,解痉止痛，止血收敛。用于脾胃不和，胃脘胀痛，吞酸嘈杂等症，胃、十二指肠溃疡，胃痉挛而见上症者,海螵蛸 250g、枯矾 150g、天仙子 10g、延胡索 80g、白及 50g、乌药 30g,延胡索、白及、乌药加水煎煮三次，每次 1.5 小时，滤过，合并滤液，浓缩至流浸膏状；海螵蛸、枯矾、天仙子粉碎成细粉，充分搅匀，过筛，与上述流浸膏混匀，制粒，干燥，压制成 1000 片，即得
滋补水鸭合剂,口服液,益气补血、滋阴壮阳。用于全身无力，失眠多梦，食欲不振和产后病后身体虚弱等症,鸭肉 2257g、冬虫夏草 3.57g、熟地黄 21.4g、枸杞子 6.4g、女贞子 0.71g、肉苁蓉 12.9g、墨旱莲 0.71g、黄芪 4.3g、生姜适量,以上九味，取冬虫夏草加水煎煮二次，每次 2 小时，合并煎液，滤过，滤液浓缩至适量，静置；另取鸭肉加水煎煮二次，每次 4 小时，合并煎液，滤过，滤液静置，分去上面浮油，浓缩至适量；其余肉苁蓉等七味加水煎煮二次，每次 2 小时，合并煎液，滤过，滤液浓缩至适量，静置，取上清液与上述两种澄清药液合并，加氯化钠及蛋清适量，搅匀，煮沸，滤过，滤液加味精适量，搅匀，加水使成 1000ml，混匀，灌装，灭菌，即得
痢速宁片,片剂,抑菌止泻。用于急慢性痢疾及肠炎,岩白菜素 300g（辅料适量）,岩白菜素 300g 粉碎成细粉，过筛，制成颗粒，干燥，压片，包白色肠溶衣，即得
筋骨宁膏,膏剂,活血化瘀，消肿止痛，舒筋活络。用于闭合性骨折及跌打损伤,骨碎补 100g、凤仙透骨草 100g、五加皮 100g、生天南星 100g、当归 100g、续断 100g、羌活 100g、蒲公英 100g、红花 100g、土鳖虫 100g、没药 50g、桃仁 100g、樟脑 80g、乳香 50g、冰片 120g、桉叶油 40g、水杨酸甲酯 43.2g、盐酸苯海拉明 10.4g,以上十八味，取土鳖虫、桃仁加水煎煮 3 次，合并药液浓缩成清膏，余药除樟脑、冰片、水杨酸甲酯、桉叶油、盐酸苯海拉明外，其余粉碎成粗粉，照流浸膏剂与浸膏剂项下的渗漉法 (附录 I O)，用乙醇作溶剂进行渗漉，制成浸膏，另取适量橡胶、松香等制成的基质，加入上述清膏、浸膏及樟脑、冰片、水杨酸甲酯、桉叶油、盐酸苯海拉明，制成涂料，进行涂膏，切段盖衬，切成小块，即得
筋骨草胶囊 (白毛夏枯草胶囊),胶囊剂,清热解毒，止咳，祛痰，平喘。用于急、慢性支气管炎、肺脓肿,筋骨草 3500g（140g 粉碎成细粉，3360g 粉碎成粗粉）,取筋骨草 3500g，其中 140g 粉碎成细粉备用，剩余 3360g 粉碎成粗粉，用 90% 乙醇加热回流提取三次，每次 1 小时，合并提取液，滤过，滤液回收乙醇，浓缩成浓缩膏，加热水 3 倍量，搅匀，放冷，冷藏 24 小时，滤过，滤渣用热水洗涤，洗液与滤液合并，浓缩成稠膏，放冷。加入上述筋骨草细粉及淀粉适量，混匀，制成颗粒，于 85℃以下干燥，装入胶囊，制成 1000 粒，即得
紫茶颗粒,颗粒剂,祛痰，止咳。用于寒性咳喘,紫花杜鹃 500g、矮地茶 500g,以上二味，加水煎煮二次，每次 2 小时，合并煎液，滤过，滤液浓缩至适量，加乙醇使含醇量至 60%，静置，滤过，滤液回收乙醇，浓缩成稠膏，加入适量蔗糖粉，混匀，制成颗粒，干燥，制成 1000g，即得
舒肝益脾颗粒,颗粒剂,清化湿热，舒肝利胆，解毒退黄，健脾和胃。用于湿热阻滞而致的急、慢性肝炎、迁延性肝炎、胆囊炎等病症见脾胃虚弱，体倦乏力，胁腹胀痛，胃纳欠佳者,茵陈 267g、蒲公英 267g、五味子 33g、茯苓 133g、山楂 167g、黄芪 133g,以上六味，五味子照流浸膏剂与浸膏剂项下的渗漉法 (附录 I O)，用 3 倍量 55% 乙醇为溶剂进行渗漉，漉液浓缩至稠膏状；其余茵陈等五味与渗漉后的五味子药渣加水煎煮二次，第一次 2 小时，第二次 1 小时，合并煎液，滤过，滤液浓缩成稠膏，并入五味子稠膏，加适量蔗糖混匀，制成颗粒，干燥，制成 1000g，即得
舒冠通糖浆,糖浆剂,活血化瘀，行血止痛。用于冠心病，心绞痛，胸闷，憋气等症,盐肤木 1500g（辅料：蔗糖 300g、防腐剂适量）,取盐肤木 1500g，加水充分浸泡后，煎煮二次，第一次 2 小时，第二次 1.5 小时，合并煎液，滤过，滤液浓缩至约 300ml，放冷，加入一倍量乙醇，静置沉淀，滤过，滤液回收乙醇后，加水适量；另取蔗糖 300g，加水煮沸，滤过，与药液混合，煮沸 10 分钟，加入防腐剂适量，溶解，滤过，加水调节至 1000ml，分装，即得
蛤蚧党参膏,膏剂,健脾胃，补肺肾，补中益气，益精助阳，止咳定喘。用于脾胃虚弱，肺气不足，体倦乏力及虚劳喘咳等症的辅助治疗,党参清膏 1000g、蛤蚧 5g（辅料：蔗糖 1000g、防腐剂适量、香精适量）,以上二味，蛤蚧粉碎成细粉；取蔗糖 1000g，加适量的水，加热使溶解，滤过，加入党参清膏，搅匀，浓缩至相对密度为 1.38 (80℃)，加入蛤蚧粉及适量的防腐剂和香精，搅匀，制成 2000g，即得（注：党参清膏制法：取党参，加水煎煮二次，第一次 3 小时，第二次 2 小时，滤过，合并滤液，浓缩至相对密度为 1.35 (80℃)）
跌打伤科酒,酒剂,活血散瘀，消肿止痛。用于跌打损伤，积瘀肿痛，筋骨扭伤,九节茶 30g、泽兰 30g、牛大力 30g、毛麝香 30g、大驳骨 30g、徐长卿 40g、两面针 50g、山白芷 30g、宽筋藤 20g、黑老虎根 30g、山桂花根 30g、大叶紫珠 20g,以上十二味，粉碎成粗粉，加入白酒 1600ml，密闭浸渍 10~15 天，滤过，即得
跌打扭伤散,散剂,舒筋活络，消肿止痛。用于各种扭伤、外伤肿痛,黄毛耳草 500g、干姜 250g、栀子 375g、桃仁 250g、绒楠 250g,以上五味，粉碎成细粉，混匀，即得（注：绒楠为樟科植物绒楠 Machilus velutina Champ.ex Benth. 的干燥树皮）
感冒清片,片剂,疏风解表，清热解毒。用于风热感冒，发烧，头痛，鼻塞流涕，喷嚏，咽喉肿痛，全身酸痛等症,南板蓝根 470g、大青叶 200g、金盏银盘 330g、岗梅 420g、山芝麻 230g、对乙酰氨基酚 12g、穿心莲叶 20g、盐酸吗啉胍 12g、马来酸氯苯那敏 0.5g,以上九味，取金盏银盘、大青叶、岗梅、南板蓝根、山芝麻，加水煎煮二次，第一次 2 小时，第二次 1 小时，合并煎液，滤过，滤液浓缩至相对密度为 1.15 (60℃)，加乙醇至含醇量达 50% 以上，静置，滤过，滤液回收乙醇，浓缩至稠膏，80℃以下干燥，制成干浸膏。取干浸膏、对乙酰氨基酚、马来酸氯苯那敏、盐酸吗啉胍及穿心莲叶，分别研成细粉，混匀，制成颗粒，干燥，加适量辅料，压制成 1000 片，包薄膜衣，即得
感冒清胶囊,胶囊剂,疏风解表，清热解毒。用于风热感冒，发烧，头痛，鼻塞流涕，喷嚏，咽喉肿痛，全身酸痛等症,南板蓝根 940g、大青叶 400g、金盏银盘 660g、岗梅 860g、山芝麻 460g、对乙酰氨基酚 24g、穿心莲叶 40g、盐酸吗啉胍 24g、马来酸氯苯那敏 1g,以上九味，取金盏银盘、大青叶、岗梅、南板蓝根、山芝麻，加水煎煮二次，第一次 2 小时，第二次 1 小时，合并煎液，滤过，滤液浓缩至相对密度为 1.15 (60℃)，加乙醇至含醇量达 50% 以上，静置，滤过，滤液回收乙醇，浓缩至稠膏，在 80℃以下干燥，制成干浸膏。取干浸膏、对乙酰氨基酚、马来酸氯苯那敏、盐酸吗啉胍及穿心莲叶，分别粉碎成细粉，过筛，混匀，加入乙醇和辅料适量，混匀，制成四色颗粒，装入胶囊，制成 1000 粒，即得
感冒解毒颗粒,颗粒剂,解表散寒，宣肺止咳，清热解毒。用于感冒、头痛发烧，鼻塞流涕，咳嗽咽痛，肢体酸痛等症，亦可作防治流感常备药,紫苏叶 50g、前胡 30g、防风 50g、金银忍冬叶 40g、连翘 30g、板蓝根 100g、苦杏仁 30g、羌活 30g、川芎 30g、陈皮 30g、桑白皮 30g,以上十一味，取防风、川芎、陈皮、前胡、羌活、紫苏叶六味总量的 40%，粉碎成细粉，过筛，余量与板蓝根等五味，加水煎煮二次，第一次为 1.5 小时，第二次为 1 小时，合并煎液，滤过，滤液浓缩至相对密度为 1.20~1.30 (80℃) 的清膏，加入上述细粉及适量蔗糖粉，混匀，加适量乙醇及香精，制粒，低温干燥，制得颗粒 240g，即得
源吉林甘和茶,茶剂,疏风清热，解暑消食，生津止渴。用于感冒发热，头痛，骨节疼痛，食滞饱胀，腹痛吐泻,紫苏叶 193g、薄荷 96g、防风 193g、桑叶 145g、苦丁茶 72g、川木通 96g、粉萆薢 145g、苍术 145g、乌药 145g、桔梗 96g、旋覆花 145g、千里光 (嫩叶) 2422g、青蒿 96g、葛根 193g、黄芩 193g、淡竹叶 72g、水翁花 193g、栀子 193g、槐花 145g、厚朴 145g、布渣叶 96g、紫苏梗 145g、甘草 193g、玉叶金花 1678g、香薷 193g、前胡 193g、连翘 96g、广藿香 289g、荷叶 289g、茵陈 145g、威灵仙 96g、陈皮 48g、山楂 48g、龙胆 48g、牡荆叶 (嫩叶) 2760g,以上三十五味，除牡荆叶、千里光、玉叶金花外，其余紫苏叶等三十二味加水煎煮二次，第一次 2 小时，第二次 1 小时，合并煎液，滤过，滤液浓缩至 7500ml，趁热均匀喷洒于牡荆叶、千里光、玉叶金花上，搅拌至药液吸尽，分装，压制成 1000 盒，干燥，即得（盒装茶）；或取牡荆叶 1739g、千里光 1526g、玉叶金花 1057g，投入沸水中，热浸 20 分钟，滤过，滤液与紫苏叶等三十二味煎煮后的滤液合并，并浓缩至 5600ml，趁热分三次均匀喷洒于余下的牡荆叶、千里光、玉叶金花上，并搅拌至药液吸尽，干燥，磨成碎末，分装于纱纸袋中，制成 1000 袋，外加薄膜袋封固，即得（袋泡茶）
瑞草油,搽剂,祛风辟秽，止痛止痒。用于感冒头痛及其他痛症，舟车颠簸所致的眩晕,樟脑 100g、桉油 150g、薄荷脑 320g、水杨酸甲酯 50g、水杨酸乙酯 50g、薰衣草油 40g,以上六味，薄荷脑与樟脑混合，使其液化，加入其余桉油等四味及适量液体石蜡，混匀，静置，滤过，制成 1000g，即得（注：薰衣草油为用水蒸气蒸馏法对杂薰衣草 Lavandula hybrida Reverchon 等开花的花序蒸馏而得，含总酯量以醋酸芳樟酯（C₁₂H₂₀O₂）计，不少于 35%）
痹通药酒,酒剂,温经止痛，活血祛风。用于风湿麻木，腰背冷痛，风湿、类风湿关节炎，坐骨神经痛，骨质增生等,制草乌 8.3g、当归 8.3g、高良姜 8.3g、丁香 8.3g,以上四味，分别粉碎成粗粉，加入 5 倍量的白酒，浸泡 2 小时后，加热回流提取 1.5 小时，滤过，药渣再加 5 倍量的白酒回流提取 1.5 小时，滤过，药渣再加 5 倍量的白酒回流提取 1.5 小时，滤过，压榨药渣，合并滤液，静置 24 小时，滤过，滤液加入炒至焦黄色的赤砂糖 33g，振摇溶解，静置 24 小时，滤取上清液，加入白酒调整总量至 1000ml，即得
蜂皇胎片,片剂,养血宁神，益肝健脾。用于体虚乏力，神经衰弱，失眠多梦，食少纳呆；亦可用子因放射性引起的白细胞减少,蜂皇幼虫冻干粉 100g（辅料：硬脂酸适量）,取蜂皇幼虫冻干粉 100g，研细，加入硬脂酸适量，压制成 1000 片，包糖衣，即得
解肌宁嗽片,片剂,解表宣肺，止嗽化痰。用于小儿急性气管炎初期，痰多、咳嗽伴有发烧,浙贝母 80g、清半夏 80g、桔梗 80g、玄参 80g、甘草 64g、木香 24g、前胡 80g、枳壳 80g、葛根 80g、苦杏仁 80g、天花粉 80g、紫苏叶油 0.15ml、茯苓 80g,以上十四味，浙贝母、清半夏、桔梗分别粉碎成细粉，过筛。陈皮提取挥发油（原文处方中未列陈皮，推测为笔误，以制法为准）。紫苏叶油、陈皮油用乙醇适量溶解，备用。陈皮药渣用水煎煮一次，时间为 1 小时。玄参、茯苓、甘草水煎煮两次，第一次 2 小时，第二次 1 小时，合并水煎煮液，滤过，滤液浓缩至相对密度 1.20~1.30 (50~60℃) 的清膏。木香、前胡、枳壳用 60% 乙醇回流提取三次，葛根、苦杏仁用 85% 乙醇回流提取三次，天花粉用 25% 乙醇回流提取三次，时间均为第一次 6 小时，第二次 4 小时，第三次 2 小时，合并上述各乙醇提取液，滤过，滤液浓缩成膏。将水、醇浓缩膏合并，加入浙贝母等粉末及辅料混匀，制成颗粒，干燥放冷，兑入紫苏叶油等醇溶液混匀，压制成 1330 片，即得
颐和春胶囊,胶囊剂,补肾壮阳，健脑强心。用于肾阳虚引起的阳痿、遗精、精冷不孕，腰膝酸软等症,人参 75g、川牛膝 50g、狗肾 (制) 100g、锁阳 100g、鹿茸 (去毛) 12.5g、淫羊藿 200g、鹿鞭 (制) 3g、沙参 100g、冰片 2.5g、蛇床子 200g、熟地黄 100g、韭菜子 (炒) 125g、覆盆子 75g、附子 (制) 50g、路路通 75g,以上十五味，将熟地黄、覆盆子、附子、川牛膝、路路通、锁阳、淫羊藿、沙参、韭菜子、蛇床子酌予碎断，置提取器内，加水适量浸泡 8~12 小时，煎煮三次，分次滤过，合并滤液，浓缩至适量，喷雾干燥，备用。人参、狗肾、鹿鞭、鹿茸共研细粉。取冰片研细与上述细粉混匀，分装，制成 1000 粒，即得
熊胆痔灵膏,膏剂,清热解毒，消肿止痛，敛疮生肌，止痒，止血。用于内外痔，痔漏，肠风下血，直肠炎，肛窦炎及内痔手术止血等,熊胆 1.04g、冰片 40g、炉甘石 (煅) 200g、珍珠母 200g、胆糖膏 200g、蛋黄油 200g、凡士林 150g,以上七味，将炉甘石、珍珠母、冰片分别粉碎成细粉，过筛，混匀，蛋黄油、熊胆、胆糖膏、凡士林温热熔化，加入上述细粉，混匀，分装，即得（注：胆糖膏系猪胆汁粉与蔗糖粉（1:10）制成的相对密度为 1.35 (80℃测) 的清膏）
橘半枳术丸,丸剂,健胃消食，利湿化痰。用于脾虚食滞，不思饮食，消化不良，呕吐痰饮,枳实 (麸炒) 100g、清半夏 100g、白术 (麸炒) 100g、陈皮 100g、桔梗 50g、黄芩 50g,以上六味，粉碎成细粉，过筛，混匀，用水泛丸，干燥，即得
薄荷六一散,散剂,祛暑热，利小便。用于暑热烦渴，小便不利,滑石 600g、薄荷 60g、甘草 100g,以上三味，分别粉碎成粗粉，过筛；各取净粉，混匀，即得
擦癣药水,酊剂,祛风，解毒，止痒。用于风癣，湿癣，金钱癣，牛皮癣等,斑蝥 15g、紫荆皮 30g、花椒 30g、百部 60g、大栀子 (去壳) 30g,以上五味，加乙醇适量，浸渍七天，滤过，滤液静置三天，吸取上清液，调整总量至 2200ml，灌装，即得
二天油,搽剂,驱风兴奋药。用于伤风感冒，舟车晕眩，中暑肚痛,薄荷脑 232.5g、薄荷油 666g、冰片 8g、茶油（适量）、黑油（适量，调色用）,以上三味（薄荷脑、薄荷油、冰片），充分搅拌使溶解，加入适量茶油，并用黑油调色，制成 1000g，混匀，静置，滤过，即得（注：黑油的制备方法见第八册第 122 页黑油项下）
十全大补糖浆,糖浆剂,温补气血。用于气血两虚，面色苍白，气短心悸，头晕自汗，体倦乏力，四肢不温，月经量多,党参 80g、白术 80g、茯苓 80g、甘草膏 10g、当归 120g、川芎 40g、白芍 80g、熟地黄 120g、黄芪 80g、肉桂 20g,以上十味，熟地黄加水煎煮两次（第一次 3 小时，第二次 2 小时），茯苓加水煎煮两次（第一次 2 小时，第二次 1 小时），合并煎液，滤过；甘草膏用热水化开与滤液浓缩至适量。当归渗滤提取两次（第一次用 4 倍量乙醇提取，收集初滤液 400ml，第二次用 4 倍量 60% 乙醇渗滤提取）；肉桂用 8 倍量 60% 乙醇渗滤提取，收集初提液 60ml，将以上初提液合并备用。川芎用 7 倍量 60% 乙醇渗滤提取，收集初提液 120ml，继续提取；白术、白芍用 7 倍量 60% 乙醇渗滤提取，黄芪用 7 倍量 25% 乙醇渗滤提取，收集初滤液 178ml，党参用 7 倍量 25% 乙醇渗滤提取。将当归、肉桂、川芎、黄芪等续提液与白术、白芍、党参等提取液合并，回收乙醇，浓缩至适量。将水煎煮浓缩液、乙醇提取浓缩液与当归、肉桂初提混合液及川芎、黄芪初提液依次混合均匀，调整容量及含醇量，静置三天，吸取上清液，余液滤除沉淀与上清液合并，加入单糖浆（按应出液数的 25%）、菠萝香精（按应出液数的 0.3%），搅匀，静置七天，测定含醇量，吸取上清液，应出液数 1644ml，灌装，即得
人参再造丸 (蜜丸),丸剂,祛风化痰，活血通络。用于中风口眼歪斜，半身不遂，手足麻木，疼痛，拘挛，言语不清,人参 (去芦) 100g、檀香 50g、细辛 50g、熟地黄 100g、青皮 50g、何首乌 (制) 100g、黄芪 100g、茯苓 100g、桑寄生 50g、骨碎补 (炒) 50g、僵蚕 (炒) 50g、沉香 50g、龟板 (制) 50g、白芷 100g、草豆蔻 100g、羌活 100g、朱砂 (水飞) 20g、冰片 5g、胆南星 50g、蕲蛇 (黄酒浸制) 100g、母丁香 50g、香附 (醋制) 50g、三七 50g、豆蔻 50g、川芎 100g、粉甘草 100g、赤芍 75g、葛根 75g、全蝎 75g、制附子 50g、草莓 100g、威灵仙 50g、天麻 50g、没药 (醋制) 25g、橘红 100g、水牛角浓缩粉 15g、血竭 30g、牛黄 5g、玄参 100g、片姜黄 100g、肉桂 50g、当归 75g、乌药 50g、广藿香 100g、乳香 (醋制) 25g、地龙 50g、防风 100g、黄连 100g、大黄 100g、麻黄 100g、豹骨 (制) 50g、琥珀 25g、白术 (炒) 50g、六神曲 (麸炒) 200g、麝香 5g、天竺黄 50g,以上五十六味，除冰片、血竭、牛黄、水牛角浓缩粉、麝香、天竺黄外，朱砂、琥珀分别水飞，其余人参等四十八味粉碎细粉；将冰片、血竭、牛黄、水牛角浓缩粉、麝香、天竺黄研细，与上述粉末配研，过筛，混匀。每 100g 粉末加炼蜜 100~110g 制成大蜜丸，即得
人参补气胶囊,胶囊剂,大补元气，复脉固脱，补脾益肺，生津，安神。用于体虚欲脱，肢冷脉微，脾虚食少，肺虚喘咳，津伤口渴，内热消渴，久病虚赢，惊悸失眠，阳痿宫冷；心力衰竭，心原性休克,红参 125g、红参须 125g、生晒参 250g,将以上药材粉碎成细粉，过筛，混匀，装入胶囊，制成 1000 粒，即得
八宝惊风散,散剂,祛风化痰，退热镇惊。用于小儿惊风，发烧咳嗽，呕吐痰涎,天麻 (制) 66g、黄芩 106g、天竺黄 150g、防风 105g、全蝎 (制) 26g、沉香 106g、丁香 26g、钩藤 106g、冰片 18.3g、茯苓 106g、麝香 1.32g、薄荷 80g、川贝母 106g、金礞石 (煅) 106g、胆南星 106g、人工牛黄 30g、珍珠 50g、龙齿 120g、栀子 80g,以上十九味，珍珠水飞或粉碎成极细粉；冰片、麝香、牛黄研细；其余天麻等十五味粉碎成细粉，过筛，与上述粉末配研，过筛，混匀，即得
八珍益母膏,膏剂,补气血，调月经。用于妇女气血两虚，体弱无力，月经不调,益母草 200g、熟地黄 100g、川芎 50g、当归 100g、党参 50g、白芍 (酒炒) 50g、茯苓 50g、白术 (炒) 50g、甘草 25g,以上九味，益母草切段洗净，加水煎煮二次（每次 3 小时），合并煎液，滤过，静置，取上清液浓缩成稠膏状。其余党参等八味加水煎煮二次（第一次 3 小时，第二次 2 小时），合并煎液，滤过，滤液浓缩成稠膏状，与上述益母草稠膏混匀，加入红糖 400g 搅匀，收膏，制成 1000g，即得
三乌胶,膏剂,祛寒除湿，祛风通络，活血止痛，强筋健骨。用于风寒湿邪、风痰、淤血引起的风湿麻木、骨节肿痛、腰腿疼痛、四肢瘫痪、陈伤劳损、中风偏瘫、口眼歪斜、失语及风湿性关节炎，类风湿性关节炎，风湿性肌炎，骨质增生，坐骨神经痛，肩周炎，创伤性关节炎等,生草乌 900g、生川乌 600g、何首乌 450g、附子 (附片) 150g、生白附子 300g、乳香 30g、冰糖 90g、鲜猪蹄 500g,以上八味，将生草乌、生川乌、何首乌等洗净、浸泡后切片，与附片及泡漂洗净的鲜猪蹄混合，加入适量水，高温高压煎煮 1 小时，滤过；药渣再加适量水，常压煮提二次（每次 1 小时）。合并三次滤液，减压浓缩至糖浆状。将乳香、冰糖研成细粉，与上述浓缩液混匀，浓缩成稠膏，干燥，混匀，制片，即得
三乌胶丸,丸剂,祛寒除湿，祛风通络，活血止痛，强筋健骨。用于风寒湿邪、风痰、淤血引起的风湿麻木、骨节肿痛、腰腿疼痛、四肢瘫痪、陈伤劳损、中风偏瘫、口眼歪斜、失语及风湿性关节炎，类风湿性关节炎，风湿性肌炎，骨质增生，坐骨神经痛，肩周炎，创伤性关节炎等,生草乌 900g、生川乌 600g、何首乌 450g、附子 (附片) 150g、生白附子 300g、乳香 30g、冰糖 90g、鲜猪蹄 500g,以上八味，将生草乌、生川乌、何首乌等洗净、浸泡后切片，与附片及泡漂洗净的鲜猪蹄混合，加入适量水，高温高压煎煮 1 小时，滤过；药渣再加适量水，常压煮提二次（每次 1 小时）。合并三次滤液，减压浓缩至糖浆状。将乳香、冰糖研成细粉，与上述浓缩液混匀，浓缩成稠膏，干燥，混匀，制丸，干燥，包衣，制成 1000g，即得
久强脑立清 (北京脑立清),丸剂,清热平肝，降逆止痛。用于肝热上升引起：头痛脑胀，眩晕耳鸣，烦躁易怒，失眠多梦，高血压症,磁石 60g、赭石 105g、牛膝 60g、清半夏 60g、酒曲 60g、酒曲 (炒) 60g、薄荷脑 15g、冰片 15g、猪胆粉 15g、朱砂 30g,以上十味，除朱砂水飞外（留作包衣用），磁石、赭石、牛膝、清半夏、炒酒曲、酒曲六味粉碎成细粉，过筛；薄荷脑、冰片分别研成细粉，与猪胆粉及上述粉末配研，过筛。用水泛丸，低温干燥，用朱砂粉包衣，打光，即得
小儿七珍片,片剂,平肝熄风，镇惊解抽。用于急慢性惊风，撮口天吊，痰壅中满，夜啼不宁，便青,朱砂 13.4g、天竺黄 13.4g、胆南星 13.4g、巴豆霜 13.4g、全蝎 (去钩) 6.7g、天麻 6.7g、蜈蚣 0.81g、雄黄 13.4g,以上九味，朱砂、雄黄分别水飞成极细粉；其余胆南星等七味粉碎成细粉与上述细粉配研匀，过筛，混匀。加辅料适量，制成颗粒，干燥，整粒，加润滑剂，混匀，压制成 1000 片，即得
小儿止泻灵胶囊,胶囊剂,健脾利湿，涩肠止泻。用于脾虚湿盛、肠滑久泻,人参 18g、白术 (炒) 18g、薏苡仁 (麸炒) 36g、茯苓 36g、金樱子 (炒) 18g、六神曲 (麸炒) 36g、罂粟壳 27g、芡实 (麸炒) 36g、诃子 (炒) 18g、鸡内金 (炒) 9g,以上十味，于 60℃以下低温干燥，粉碎成细粉，过筛，混匀，装胶囊，制成 1000 粒，即得
小儿白贝止咳糖浆,糖浆剂,清热解毒，化痰止咳。用于痰火壅肺，咳痰黄稠或痰中带血，胸胁胀痛，以及火热灼肺，痰阻气道所致咳嗽,白屈菜 100g、瓜蒌 50g、半夏 (矾制) 20g、平贝母 30g,以上四味，平贝母、半夏粉碎成粗粉，照流浸膏剂与浸膏剂项下的渗漉法（附录 I O），用 70% 乙醇作溶剂浸渍 24 小时后进行渗漉，收集漉液 600ml，浓缩成稠膏。另取白屈菜、瓜蒌加水煎煮二次（每次 2 小时），合并煎液，滤过，滤液浓缩成稠膏状；取蔗糖 650g 制成单糖浆，将上述稠膏加适量水搅匀，加入单糖浆，再加水至 1000ml 混匀，即得
小儿启脾丸,丸剂,和胃、健脾、止泻。用于脾胃虚弱，食欲不振，消化不良，腹胀便溏,人参 30g、白术 (麸炒) 24g、茯苓 30g、陈皮 24g、山药 30g、莲子 30g、山楂 (炒) 30g、六神曲 (麸炒) 24g、麦芽 (炒) 15g、泽泻 24g,以上十味，粉碎成细粉，过筛，混匀。每 100g 粉末加炼蜜 130~140g，制成大蜜丸，即得
小儿治哮灵片,片剂,止哮、平喘、镇咳、化痰、强肺、脱敏。用于小儿哮、咳、喘等症，支气管哮喘，哮喘性支气管炎,地龙 50g、麻黄 25g、侧柏叶 20g、射干 20g、紫苏子 16g、黄芩 20g、北刘寄奴 10g、白鲜皮 10g、苦参 10g、甘草 10g、细辛 10g、川贝母 10g、橘红 10g、僵蚕 15g、冰片 5g,以上十五味，除冰片外，细辛、僵蚕、橘红、麻黄粉碎成粗粉；其余地龙等十味加水煎煮二次（第一次 3 小时，第二次 2 小时），合并煎液，滤过，滤液浓缩成稠膏，加入上述粗粉，拌匀，干燥，粉碎成细粉，过筛，混匀，用乙醇制粒，干燥，喷入冰片乙醇溶液，混匀，压制成 1000 片，包糖衣，即得
小儿健脾丸,丸剂,健脾、和胃、化滞。用于小儿脾胃虚弱引起的消化不良，不思饮食，大便溏泻，体弱无力,人参 30g、白术 (麸炒) 9g、茯苓 9g、甘草 (蜜炙) 30g、陈皮 60g、法半夏 30g、白扁豆 (去皮) 60g、山药 60g、莲子 (去心) 60g、南山楂 60g、桔梗 30g、砂仁 30g、六神曲 (麸炒) 60g、麦芽 (炒) 60g、玉竹 60g,以上十五味，粉碎成细粉，过筛，混匀。每 100g 粉末加炼蜜 110~120g 制成大蜜丸，即得
小儿清热化痰栓,栓剂,清热解毒，化痰止咳。用于痰热内盛，肺气下降引起的咳嗽喘息，痰黄稠粘，便干溲赤，高热惊抽等,牛黄 8g、水牛角 120g、忍冬藤 160g、连翘 20g、大黄 20g、黄芩甙 12g、石膏 40g、青礞石 (煅) 40g、平贝母 60g、淡竹叶 60g、甘草 40g,以上十一味，除牛黄兑研成细粉外，取水牛角锉粗粉，加水煎煮两次（每次 4 小时），滤过，滤液浓缩，干燥；甘草、生石膏、煅青礞石粗粉（包煎）加水煎煮两次（每次 2 小时），滤过，滤液浓缩，干燥；除黄芩甙外，其余忍冬藤等五味加水煎煮两次（每次 2 小时），滤过，滤液浓缩至相对密度为 1.14~1.18 (80℃测) 的清膏，加乙醇使含醇量为 60%，搅拌，静置 24 小时，分取上清液，备用；残渣加 10% 乙醇洗涤，洗液与上清液合并，减压回收乙醇，浓缩至相对密度为 1.34~1.39 (55~60℃测) 的稠膏，干燥；上述干膏与黄芩甙粉碎成细粉；取半合成脂肪酸酯，45℃下加入上述细粉（药粉：基质 = 1:2），浇模，冷却，即得
小儿脾健灵糖浆,糖浆剂,开胃健脾。用于小儿脾虚胃弱，食欲不振，营养不良，发育迟缓，面色黄等症,脾水解物 120g、三七总皂甙 4g、黄芪提取液 20ml（辅料：蔗糖 650g、枸橼酸钠 10g、苯甲酸钠 3g、羟苯乙酯 0.5g、食用香精适量）,以上三味，另取蔗糖 650g，加水适量，搅拌溶解，煮沸，依次加入三七总皂甙、黄芪提取液、脾水解物、枸橼酸钠 10g、苯甲酸钠 3g、羟苯乙酯 0.5g，搅拌，煮沸 5 分钟，趁热滤过，放冷，加入食用香精的乙醇溶液适量，用氢氧化钠试液调节 pH 值至 6.0~7.0，加水使成 1000ml，混匀，即得（注：含脾水解物、三七总皂甙、黄芪提取液的制备及质量标准详见原文）
小儿解热丸,丸剂,清热化痰，镇惊，息风。用于小儿感冒发烧、痰涎壅盛，高热惊风，项背强直，手足抽动，神昏不醒，呕吐咳嗽,全蝎 80g、胆南星 70g、防风 70g、羌活 70g、天麻 60g、麻黄 50g、钩藤 50g、薄荷 50g、猪牙皂 50g、青礞石 (煅) 50g、竹黄 40g、陈皮 40g、茯苓 40g、甘草 40g、琥珀 40g、僵蚕 (炒) 20g、蜈蚣 5g、珍珠 40g、朱砂 10g、牛黄 10g、麝香 10g、冰片 5g,以上二十二味，珍珠、朱砂分别粉碎成极细粉；牛黄、麝香、冰片分别粉碎成细粉；全蝎等十七味粉碎成细粉，与上述朱砂、牛黄等粉末配研，混匀，过筛。每 100g 粉末加炼蜜 110~130g 制成大蜜丸，即得
小儿解感片,片剂,清热解表，消炎止咳。用于感冒发烧，头痛鼻塞，咳嗽喷嚏，咽喉肿痛,大青叶 830g、柴胡 415g、黄芩 415g、荆芥 415g、桔梗 250g、甘草 165g,以上六味，取桔梗 125g 粉碎成细粉；柴胡加水 6 倍量蒸馏提取挥发油，蒸馏后的挥发油与水溶液另器收集；药渣与大青叶、黄芩、荆芥、甘草及剩余桔梗混合，加水 6 倍量煎煮二次（依次为 3、2 小时），合并煎液及蒸馏后的水溶液，滤过，滤液浓缩至相对密度为 1.20~1.25 (60~80℃)，加乙醇使含醇量为 70%，充分搅拌，静止 24 小时，取上清液回收乙醇，并浓缩至相对密度为 1.30~1.35 (80℃)，加桔梗细粉混匀，制粒，干燥，喷入挥发油及辅料，混匀，压制成 1000 片，包衣，即得
小儿增食片,片剂,消食导滞，增进食欲。用于小儿厌食、偏食，面黄肌瘦，便干，食积等症,茯苓 71g、三棱 71g、陈皮 71g、山楂 143g、麦芽 143g、六神曲 143g、肉豆蔻 214g、香附 357g、枳壳 71g、槟榔 71g、大黄 71g、甘草 71g,以上十二味，除茯苓外，其余三棱等十一味粉碎成粗粉，加水煎煮三次（每次 2 小时），合并煎液，滤过，滤液浓缩至生药量的 1/2，放冷，加入 2 倍量乙醇，搅拌，静置，滤过，滤液回收乙醇，并浓缩成稠膏；茯苓酌予碎断，加水煎煮三次（每次 2 小时），合并煎液，滤过，滤液浓缩成稠膏。将上述两种稠膏合并，干燥，粉碎，制成颗粒，压制成 1000 片，即得
小青龙口服液,口服液,解表化饮，止咳平喘。用于风寒水饮，恶寒发热，无汗，咳痰稀,麻黄 188g、桂枝 188g、白芍 188g、干姜 188g、细辛 94g、甘草 (蜜炙) 188g、半夏 (制) 282g、五味子 188g,以上八味，桂枝加水蒸馏，收集蒸馏液备用；蒸馏后的桂枝与麻黄、白芍、细辛、甘草、五味子加水煎煮二次（每次 1 小时），合并煎液，静置，滤过，滤液和蒸馏后的水溶液合并，浓缩至约 1000ml 备用。半夏、干姜照流浸膏剂与浸膏剂项下的渗漉法（附录 I O），用 70% 乙醇作溶剂，浸渍 24 小时后进行渗漉，漉液浓缩后与上述煎液合并，滤过，浓缩至约 640ml，加入苯甲酸钠 3g、蔗糖 200g 及桂枝蒸馏液，混匀，用水稀释至 1000ml，冷藏静置，滤过，灌封，灭菌，即得
小青龙糖浆,糖浆剂,解表化痰、止咳平喘。用于外感风寒，内停水饮，发热无汗，喘咳痰稀,麻黄 45g、桂枝 30g、白芍 45g、细辛 23g、法半夏 45g、杏仁 60g、干姜 30g、甘草 23g、五味子 60g,以上九味，麻黄、桂枝、细辛、杏仁、干姜提取芳香水 200ml；药渣与白芍、五味子加水煎煮至味尽，合并煎液，滤过，滤液浓缩至约 700ml；法半夏照流浸膏剂与浸膏剂项下的渗漉法（附录 I O），用 70% 乙醇作溶剂，浸渍 24 小时进行渗漉，渗漉液浓缩后，与上液合并，滤过，滤液浓缩至 700ml，加入蔗糖适量、苯甲酸钠 6g，搅匀，使溶解，待凉至 20~25℃时，加入麻黄、桂枝、细辛、杏仁、干姜芳香水和香精 2ml，调整总量至 1000ml，搅匀即得
川贝止咳糖浆,糖浆剂,宣肺气，散风寒，镇咳祛痰。用于风寒感冒，咳嗽气逆,川贝母 8g、杏仁水 40ml、款冬花 16g、紫苏叶 50g、紫菀 38.4g、前胡 50g、桔梗 38.4g、陈皮 38.4g、甘草 12.8g,以上九味，除杏仁水外，款冬花、紫苏叶、紫菀、陈皮用水蒸气蒸馏法提取挥发性成分，另器保存；药渣及蒸馏后的水溶液与其余川贝母等四味加水煎煮二次（每次 2 小时），合并煎液，滤过，滤液浓缩至适量，静置，取上清液加入蔗糖 480g 及防腐剂适量，煮沸使溶解，滤过，滤液加入杏仁水及上述款冬花等挥发性成分，加水至 1000ml，搅匀，即得
川贝枇杷露,露剂,止嗽祛痰。用于风热咳嗽，痰多上气或燥咳,川贝母 14.1g、薄荷脑 0.16g、前胡 5g、桔梗 9.1g、枇杷叶 130.9g、百部 23.4g、桑白皮 9.4g,以上七味，除薄荷脑外，其余六味加水煎煮二次（第一次 2.5 小时，第二次 2 小时），合并煎液，滤过，滤液浓缩至适量，加入蔗糖 300g 及防腐剂适量，煮沸使溶解，滤过，滤液加入薄荷脑、杏仁香精的乙醇溶液适量，随加随搅拌，调整总量至 1000ml，搅匀，即得
川芎茶调口服液,口服液,疏风止痛。用于风邪头痛，或有恶寒、发热、鼻塞,川芎 120g、白芷 60g、羌活 60g、细辛 30g、防风 45g、薄荷 240g、荆芥 120g、甘草 60g,以上八味，川芎、羌活、细辛、防风、薄荷、荆芥进行水蒸气蒸馏，收集蒸馏液 1850ml；蒸馏后的水溶液另器收集；药渣与白芷、甘草加水煎煮二次，合并煎液，滤过，加入蒸馏后的水溶液，浓缩至相对密度为 1.12 (70℃)，冷却至室温，加入 2 倍量乙醇，搅匀，冷藏 24 小时，吸取上清液，回收乙醇，加入上述蒸馏液，混匀，用水调整总量至 2450ml，滤过，即得
丹参注射液,注射剂,活血化瘀，通脉养心。用于冠心病胸闷，心绞痛,丹参 1500g（辅料：注射用水适量）,取丹参 1500g，加水煎煮三次（第一次 2 小时，第二、三次各 1.5 小时），合并煎液，滤过，滤液减压浓缩至 750ml，加乙醇沉淀二次（第一次使含醇量为 75%，第二次使含醇量为 85%），每次均冷藏放置后滤过，滤液回收乙醇，并浓缩至约 250ml，加注射用水至 400ml，混匀，冷藏放置，滤过，用 10% 氢氧化钠溶液调节 pH 值至 6.8，煮沸半小时，滤过，加注射用水至 1000ml，灌封，灭菌，即得
丹溪玉屏风颗粒,颗粒剂,益气，固表，止汗。用于表虚不固，自汗恶风，面色㿠白，或体虚易感风邪者,黄芪 100g、防风 100g、白术 (麸炒) 200g、生姜 100g,以上三味（黄芪、防风、白术），加水煎煮二次（第一次 2 小时，第二次 1 小时），合并煎液，滤过，滤液浓缩至相对密度为 1.30 (80~85℃)；另取生姜 100g，加水煎煮二次（每次 1 小时），合并煎液，滤过，滤液浓缩至相对密度为 1.08 (80~85℃)。与上述浓缩液合并，浓缩至相对密度为 1.35 (80~85℃) 的清膏。取清膏 1 份、蔗糖粉 2 份、糊精 1.2 份及乙醇适量，制成颗粒，干燥，过筛，即得
乌金止痛丸,丸剂,活血化瘀，行气止痛。用于产后瘀血不清，腹痛腰痛，胸胁刺痛,大黄 (醋制) 173g、红花 (酒炒) 345g、肉桂 345g、延胡索 (醋蒸) 518g、黑豆 690g、苏木 86g、木香 345g、益母草 (酒制) 173g、没药 (炒) 86g、莪术 (醋制) 173g、当归 (酒蒸) 518g、乌药 86g、乳香 (炒) 86g、五灵脂 (醋制) 173g、桃仁 (去衣，炒) 345g、僵蚕 (姜汁制) 173g、香附 (酒醋炒) 690g,以上十七味，黑豆、苏木加水煎煮二次（第一次 2 小时，第二次 1.5 小时），滤过，合并滤液，备用；其余大黄等十五味粉碎成粗粉，与上述滤液混合，干燥，粉碎成细粉，过筛，混匀。每 100g 粉末加炼蜜 90~110g，制成大蜜丸，即得
川芎茶调口服液（重录）,口服液,疏风止痛。用于风邪头痛，或有恶寒、发热、鼻塞,川芎 120g、白芷 60g、羌活 60g、细辛 30g、防风 45g、薄荷 240g、荆芥 120g、甘草 60g,以上八味，川芎、羌活、细辛、防风、薄荷、荆芥进行水蒸气蒸馏，收集蒸馏液 1850ml；蒸馏后的水溶液另器收集；药渣与白芷、甘草加水煎煮二次，合并煎液，滤过，加入蒸馏后的水溶液，浓缩至相对密度为 1.12 (70℃)，冷却至室温，加入 2 倍量乙醇，搅匀，冷藏 24 小时，吸取上清液，回收乙醇，加入上述蒸馏液，混匀，用水调整总量至 2450ml，滤过，即得
云南花粉片,片剂,具有提高免疫机能、增强体力、促进生长发育、提高骨髓造血功能，降低血脂及减轻放射损伤等作用。适用于体弱多病，作滋补药；用于血液病，高脂血症，职业性苯、铅中毒及尘肺等的辅助治疗,荞麦花粉 150g、油菜花粉 150g,以上二味，混合粉碎成细粉，制粒，干燥，压制成 1000 片或 600 片，包糖衣，即得
五粒回春丸 (五粒回春丹),丹剂,宣肺透表，清热解毒。用于小儿瘟毒引起的头痛高烧，流涕多泪，咳嗽气促，烦躁口渴，麻疹初期，疹出不透,西河柳 45g、金银花 105g、连翘 105g、牛蒡子 (炒) 75g、蝉蜕 75g、薄荷 75g、麻黄 75g、防风 105g、羌活 105g、僵蚕 (麸炒) 60g、胆南星 (酒炙) 105g、化橘红 105g、苦杏仁 (去皮炒) 45g、川贝母 75g、茯苓 60g、赤芍 75g、淡竹叶 105g、甘草 60g、羚羊角粉 15g、麝香 5g、牛黄 15g、冰片 10g,以上二十三味，除羚羊角粉、麝香、牛黄、冰片外，其余西河柳等十九味粉碎成细粉；将羚羊角粉、麝香、牛黄、冰片研细，与上述粉末配研，过筛，混匀。取糯米粉 30g 制糊，泛丸，低温干燥或阴干。每 1000g 丸药用朱砂粉 62.5g 包衣，打光，即得
六灵丸,丸剂,清热解毒，消肿利咽。用于咽喉肿痛，单双乳蛾，丹痧疗疮，痈疖肿毒,人工牛黄 0.64g、麝香 0.43g、珍珠 (制) 0.64g、冰片 0.43g、雄黄 0.43g、蟾酥 0.43g,以上六味，珍珠、雄黄分别水飞成极细粉，其余人工牛黄等四味分别研成最细粉，过筛；除蟾酥细粉外，将其余五味粉末配研，过筛，混匀。先取 2/3 粉末用白酒泛丸，待成型后将剩余的 1/3 粉末与蟾酥混匀，继续用白酒泛丸。以百草霜为衣，打光，晾干，制成 1000 丸，即得（注：珍珠的炮制方法：取珍珠用布包好，放入豆腐中，煮 3~4 小时，取出，晾干）
六味地黄软胶囊,胶囊剂,滋阴补肾。用于肾阴亏损，头晕耳鸣，腰膝酸软，骨蒸潮热，盗汗遗精，消渴,熟地黄 160g、山茱萸 (制) 80g、牡丹皮 60g、山药 80g、茯苓 60g、泽泻 60g,以上六味，牡丹皮蒸馏提取挥发油，蒸馏后的水溶液另器收集；山茱萸用 70% 乙醇回流提取二次（每次 2 小时），合并提取液，滤过，滤液备用。熟地黄、山药、泽泻加水煎煮二次（第一次 2 小时，第二次 1 小时），合并煎液，滤过，滤液与上述水溶液合并，减压浓缩至相对密度为 1.15~1.20 (50℃热测) 的清膏，放冷，加乙醇使含醇量达 70%，静置 48 小时，取上清液与上述山茱萸提取液合并，减压回收乙醇至无醇味，备用；茯苓加水煮沸后，于 80℃温浸二次（每次 1.5 小时），合并浸出液，滤过，滤液减压浓缩至相对密度为 1.15~1.20 (50℃热测) 的清膏，与上述备用液合并，浓缩至相对密度为 1.30 (50℃热测) 的稠膏，减压干燥，粉碎成细粉，加入牡丹皮挥发油及植物油，混匀，制成软胶囊，即得
化毒散,散剂,清热化毒，活血消肿。用于小儿蕴积火毒引起：头痛身烧，痈疖疗疮，丹毒疱疹，疹后余毒,乳香 (醋炙) 60g、没药 (醋炙) 60g、赤芍 120g、天花粉 120g、黄连 60g、大黄 120g、浙贝母 60g、甘草 45g、牛黄 12g、冰片 15g、雄黄 60g,以上十一味，除牛黄、冰片外，雄黄水飞成极细粉；其余乳香等药味粉碎成细粉；将牛黄、冰片研细，与上述粉末配研，过筛，混匀，即得
升华红黑丸,丸剂,消食导滞，清热解毒。用于食积腹胀，腹痛便秘及湿热泄泻，下痢脓血,红丸：巴豆 50g、郁金 25g、知母 25g、黄芩 25g、朱砂 2g；黑丸：巴豆 20g、郁金 20g、厚朴 40g、黄连 40g、百草霜 4g、木香 40g,红丸：以上五味，朱砂水飞成极细粉，郁金粉碎成细粉，备用；巴豆拌石灰炒黄，去壳取仁，加水煎煮三次（每次 2 小时），合并煎液，滤过，滤液静置 24 小时，取上清液备用；知母、黄芩加水煎煮三次（每次 2 小时），合并煎液，滤过，滤液静置 24 小时，取上清液与上述巴豆提取液合并，浓缩成稠膏，加入郁金细粉和适量淀粉，混匀，干燥，粉碎，以水适量泛丸，干燥，用朱砂包衣，干燥，制成 1000 粒，即得。黑丸：以上六味，百草霜研成细粉，郁金粉碎成细粉，备用；巴豆照红丸制法操作，得提取液备用；厚朴、黄连、木香加水煎煮三次（每次 2 小时），合并煎液，滤过，滤液静置 24 小时，取上清液与上述巴豆提取液合并，浓缩成稠膏，加入郁金细粉和适量淀粉，混匀，干燥，粉碎，以水适量泛丸，干燥，用百草霜包衣，干燥，制成 1000 粒，即得
天蚕片,片剂,祛风定惊，化痰散结。用于惊风抽搐，咽喉肿痛，淋巴结炎，面神经麻痹，皮肤瘙痒,僵蛹 300g、硫酸钙 30g,取僵蛹 300g、硫酸钙 30g，混合均匀，加 12% 淀粉浆适量，制成软材，制粒，80℃干燥，整粒，压制成 1000 片，即得
止血宁片,片剂,止血，消肿，化瘀。用于功能性子宫出血，崩中下血，衄血，咳血，吐血等出血症,三七 111g、紫珠草 370g、马齿苋 74g、槐花 (炒) 148g、血余炭 37g、花蕊石 370g,以上六味，三七、血余炭粉碎成细粉；花蕊石粉碎后先加水煎煮 2 小时，再加入其余紫珠草等三味，加水煎煮二次（每次 2 小时），合并煎液，滤过，滤液减压浓缩至稠膏状，加入上述细粉，混匀，加适量淀粉，混匀，制成颗粒，干燥，加适量辅料，混匀，压制成 1000 片，包糖衣，即得
止嗽定喘丸 (浓缩丸),丸剂,辛凉宣泄，清肺平喘。用于表寒里热，身热口渴，咳嗽痰盛，喘促气逆，胸膈满闷，急性支气管炎,麻黄 200g、甘草 200g、苦杏仁 200g、石膏 200g,以上四味，取出麻黄 8g 与石膏粉碎成细粉，备用；其余麻黄与苦杏仁、甘草二味加水煎煮二次，合并煎液，滤过，浓缩成膏。将麻黄粉末加入膏内，搅匀，干燥，粉碎成细粉，过筛，用水泛丸，干燥，包糖衣，即得
止嗽定喘丸,丸剂,辛凉宣泄，清肺平喘。用于表寒里热，身热口渴，咳嗽痰盛，喘促气逆，胸膈满闷，急性支气管炎见以上表现者,麻黄 236g、苦杏仁 177g、石膏 472g、甘草 118g,以上四味，粉碎成细粉，过筛，混匀，用水泛丸，干燥，即得
止嗽定喘片,片剂,辛凉宣泄，清肺平喘。用于表寒里热，身热口渴，咳嗽痰盛，喘促气逆，胸膈满闷，急性支气管炎,麻黄 400g、石膏 400g、苦杏仁 400g、甘草 400g,以上四味，石膏粉碎成细粉，过筛备用；麻黄、甘草加水煎煮两次（第一次 2 小时，第二次 3 小时），合并水煎液浓缩成膏（相对密度 1.20~1.31 (60℃)）；苦杏仁 (去油) 用 85% 乙醇提取二次（第一次 3 小时，第二次 2 小时），回收乙醇浓缩成膏（相对密度 1.20~1.31 (60℃)）。水、醇稠膏合并加入石膏粉末及辅料混匀，制成颗粒，干燥，压制成 1000 片，即得
止嗽青果片,片剂,清热宣肺，止嗽平喘。用于内伤外感，咳嗽痰喘,甘草 100g、半夏 (制) 100g、马兜铃 (蜜炙) 100g、青果 100g、紫苏子 (炒) 50g、桑白皮 (蜜炙) 100g、川贝母 50g、百合 (蜜炙) 100g、白果 100g、款冬花 (蜜炙) 100g、瓜蒌子 (炒) 50g、陈皮 200g、麻黄 500g,以上十三味，川贝母、陈皮粉碎成细粉；甘草、半夏、麻黄、桑白皮、白果、马兜铃加水煎煮二次，合并煎液，滤过，滤液浓缩成稠膏；款冬花、紫苏子、瓜蒌子用 60% 乙醇照流浸膏剂与浸膏剂项下的渗漉法（附录 I O）进行渗漉，收集漉液，回收乙醇并浓缩成稠膏；陈皮提取挥发油，蒸馏后的水溶液浓缩成稠膏。上述粉末与稠膏合并，加辅料适量，混匀，制成颗粒，干燥，放冷，喷加陈皮挥发油，混匀，压制成 1000 片，即得
牛黄清肺片,片剂,清肺化痰，泻热通便。用于肺热咳嗽，喘促胸满，大便燥结,牛黄 3.3g、黄芩 125.3g、青礞石 (煅) 41.8g、玄明粉 20.9g、朱砂 16.7g、石膏 41.8g、大黄 250.5g、滑石粉 20.9g、雄黄 20.9g,以上九味，朱砂、雄黄分别水飞或粉碎成极细粉，牛黄研成最细粉，其余大黄等六味粉碎成细粉，与朱砂、牛黄、雄黄粉末配研，混匀，制成颗粒，干燥，压制成 1000 片，即得
长白复尔春胶囊,胶囊剂,补肾壮阳。用于肾虚体弱、失眠、健忘,鹿鞭 12.5g、人参茎叶皂甙 2.5g、蜂王浆（量未标注）、牛鞭 12.5g、草苁蓉 25g、五味子 100g、淫羊藿 50g、狗鞭 25g、熟地黄 50g,以上九味，人参茎叶皂甙研细，蜂王浆球磨；五味子、淫羊藿、草苁蓉、熟地黄加水煎煮三次（第一次 2 小时，第二、三次各 1 小时），合并煎液，滤过，滤液浓缩至适量，加 3 倍量乙醇，搅匀，静置，取上清液回收乙醇并浓缩成稠膏；其余鹿鞭等三味切成细丝，加 60% 乙醇回流提取 4 小时，提取液回收乙醇并浓缩成稠膏。将上述两种稠膏与人参茎叶皂甙混匀，干燥，粉碎成细粉，加入蜂王浆，混匀，过筛，装胶囊，制成 1000 粒，即得
长春烫伤膏,膏剂,消炎，止痛。用于烫伤，烧伤，化学灼伤,银朱 100g、冰片 10g、人发 50g、龙骨 30g、苦杏仁 30g、大黄 30g、火麻仁 30g、黄连 30g、虫白蜡 50g、豆油 500g,以上八味，龙骨研成极细粉，银朱研细粉；人发用碱水洗涤，以清水洗净，干燥。苦杏仁、火麻仁、大黄、黄连酌予碎断，与人发、豆油同置锅中，用武火炸枯，滤过，弃渣，取油溶液加热至 100℃以上时，加入虫白蜡，搅拌至全部溶化，停止加热；待油温降至 80℃时，加入龙骨、银朱粉末，搅匀；油温降至 50℃以下时，加入冰片，溶化，搅匀，分装，即得
风湿安泰片,片剂,舒筋活血，祛风镇痛。用于筋骨麻木，手足拘挛，腰腿疼痛，风湿性关节炎,生川乌 20g、生草乌 20g、马钱子 (制) 20g、羌活 20g、乌梢蛇 20g、红花 20g、骨碎补 (制) 20g、乌梅 20g、金银花 20g、细辛 10g、红参 20g、鹿茸 13g、黄柏 20g、没药 20g、广地龙 20g、地枫皮 20g、老鹳草 27g、五加皮 20g、续断 20g、麻黄 20g、甘草 20g、槲寄生 20g、淫羊藿 20g、牛膝 20g、桂枝 20g,以上二十五味，黄柏、骨碎补、广地龙、牛膝、地枫皮、老鹳草、五加皮、续断、淫羊藿、麻黄、甘草、槲寄生十二味煎煮三次（第一次 2 小时，第二次 1.5 小时，第三次 1 小时），合并煎液，滤过，滤液浓缩至相对密度为 1.20~1.30 (80℃) 的清膏；其余生川乌等十三味，粉碎成细粉，过筛，与上述清膏混匀，干燥，粉碎，制粒，压制成 1000 片，干燥，包衣，即得
加味藿香正气丸,丸剂,解表化湿，理气和中。用于外感风寒，内伤湿滞，头痛昏重，胸膈痞闷，脘腹胀痛，呕吐泄泻,广藿香 150g、紫苏叶 50g、白术 (炒) 100g、陈皮 50g、白芷 50g、厚朴 (姜制) 100g、茯苓 100g、半夏 (制) 100g、甘草 100g、大腹皮 50g、桔梗 100g、生姜 15g、大枣 25g,以上十三味，粉碎成细粉，过筛，混匀。每 100g 粉末加炼蜜 50~60g 与适量的水，泛丸，干燥，制成水蜜丸；或加炼蜜 150~170g 制成大蜜丸，即得
四季三黄片,片剂,消炎退热，通便利水。用于口鼻生疮，咽痛齿痛，口干舌燥，目眩头晕，大便秘结，小便赤黄,大黄 240g、黄芩 240g、栀子 75g、黄柏 240g,以上四味，大黄粉碎成细粉；黄芩、栀子加水煎煮二次（每次 2 小时），合并煎液，浓缩成相对密度为 1.3 (80℃测) 的稠膏；黄柏用 60% 乙醇渗漉，收集渗漉液，回收乙醇，浓缩成相对密度为 1.3 (80℃测) 的稠膏；将水、醇浓缩膏合并，加入大黄粉末混匀，制成颗粒，干燥，压制成 1390 片，包衣，即得
宁神补心片,片剂,养血安神，滋补肝肾。用于肝肾阴血不足所致的头昏、耳鸣、心悸、健忘、失眠等症,丹参 112.5g、熟地黄 37.5g、生地黄 75g、女贞子 (制) 150g、石菖蒲 112.5g、旱莲草 112.5g、首乌藤 187.5g、珍珠母 (煅) 750g、五味子 56.25g、合欢皮 112.5g,以上十味，丹参粉碎成细粉，其余女贞子等九味加水煎煮二次（第一次 2 小时，第二次 1 小时），合并煎液，滤过，滤液浓缩至相对密度为 1.25 (90℃) 的清膏，加入丹参细粉，混匀，干燥，粉碎成细粉，制成颗粒，压制成 1000 片，包糖衣，即得
平消片,片剂,活血化瘀，止痛散结，清热解毒，扶正祛邪。对肿瘤具有一定的缓解症状、缩小瘤体、抑制肿瘤生长、提高人体免疫力、延长患者生命的作用,郁金 54g、仙鹤草 54g、五灵脂 45g、白矾 54g、硝石 54g、干漆 (制) 18g、枳壳 (麸炒) 90g、马钱子粉 36g,以上八味，干漆、五灵脂、白矾、硝石粉碎成细粉；郁金、枳壳粉碎成最粗粉，照流浸膏剂与浸膏剂项下的渗漉法（附录 I O），用 70% 乙醇为溶剂，进行渗漉，收集渗漉液；药渣与仙鹤草加水煎煮二次，合并煎液，滤过，渗漉液回收乙醇后，与上述滤液合并，减压浓缩成稠膏，干燥后加入马钱子粉、上述细粉及辅料适量，混匀，制粒，干燥，压制成 1000 片，包糖衣或薄膜衣，即得
平消胶囊,胶囊剂,活血化瘀，止痛散结，清热解毒，扶正祛邪。对肿瘤具有一定的缓解症状、缩小瘤体、抑制肿瘤生长、提高人体免疫力、延长患者生命的作用,郁金 54g、仙鹤草 54g、五灵脂 45g、白矾 54g、硝石 54g、干漆 (制) 18g、枳壳 (麸炒) 90g、马钱子粉 36g,以上八味，干漆、五灵脂、白矾、硝石粉碎成细粉；郁金、枳壳粉碎成最粗粉，照流浸膏剂与浸膏剂项下的渗漉法（附录 I O），用 70% 乙醇为溶剂，进行渗漉，收集渗漉液；药渣与仙鹤草加水煎煮二次，合并煎液，滤过，渗漉液回收乙醇后，与上述滤液合并，减压浓缩成稠膏，干燥后，加入马钱子粉、上述细粉及辅料适量，混匀，制成颗粒，干燥，装胶囊，制成 1000 粒，即得
扑感片,片剂,辛温解表，疏散风寒。用于风寒型感冒、流感所引起的头痛身酸、畏寒发热、喷嚏、流涕、咳痰稀白等症,地胆草 600g、紫苏油 0.2ml、苍耳草 400g、对乙酰氨基酚 40g、山葡萄 800g、马来酸氯苯那敏 0.7g,以上六味，地胆草、苍耳草、山葡萄加水煎煮二次（每次 2 小时），滤过，合并滤液，浓缩至相对密度为 1.20 (25~30℃)，加乙醇使含醇量约为 50%，搅匀，静置，滤过，滤液回收乙醇，浓缩成稠膏，加辅料适量，搅匀，真空干燥，干燥物粉碎成细粉，加入对乙酰氨基酚和马来酸氯苯那敏，混匀，制成颗粒，再加入紫苏油及辅料适量，混匀，压制成 1000 片，包糖衣，即得
正心降脂片,片剂,益气活血，解毒降浊。用于气虚血瘀，痰火蕴结而致的胸痹心痛、头痛眩晕等症,羊红膻 370.5g、决明子 260g、陈皮 130g、何首乌 162.5g、黄芪 364g、丹参 260g、葛根 162.5g、槐米 130g,以上八味，除槐米外，羊红膻切碎，加水煎煮二次（第一次 1.5 小时，第二次 1 小时），合并煎液，滤过，滤液浓缩至适量，加入乙醇至含醇量为 50~55%，静置 12 小时，回收乙醇；黄芪加水煎煮二次（第一次 2 小时，第二次 1 小时），合并煎液，滤过，滤液浓缩至适量；其余决明子等五味，用 60% 乙醇加热回流二次（每次 2 小时），回流液回收乙醇，滤过，滤液与羊红膻、黄芪的浓缩液合并，浓缩至相对密度为 1.15~1.20 (60℃热测)，喷雾干燥。将槐米粉碎成细粉，与喷粉及适量辅料混匀，制粒，干燥，压制成 1000 片，包糖衣或薄膜衣，即得
田七花叶颗粒 (田七花精),颗粒剂,清热，凉血，平肝，潜阳。用于由血热引起的疮疖，由肝热引起的心悸、烦躁、眩晕、头痛、失眠等,三七叶茎 1500g、三七花 75g,以上二味，加水煎煮三次（每次 1 小时），合并煎液，滤过，滤液浓缩成相对密度约为 1.22 的清膏，加入辅料适量，制成颗粒，干燥，分装成 1000 袋，即得
白癜风胶囊,胶囊剂,益气行滞，活血解毒，利湿消斑，驱风止痒。用于白癜风,补骨脂 10g、黄芪 10g、红花 10g、桃仁 10g、川芎 10g、丹参 10g、当归 10g、乌蛇 10g、香附 10g、干姜 10g、山药 10g、紫草 10g、龙胆 10g、白鲜皮 10g、蒺藜 130g,以上十五味，补骨脂、红花、当归、桃仁、干姜、香附和部分蒺藜粉碎成细粉；乌梢蛇等八味与剩余蒺藜水煎三次（时间分别为 4、3、2 小时），分次滤过，合并滤液，浓缩成膏。浓缩膏与细粉搅拌均匀，烘干，粉碎，装胶囊，即得
艾迪注射液,注射剂,清热解毒，消瘀散结。用于原发性肝癌，肺癌，直肠癌，恶性淋巴瘤，妇科恶性肿瘤等,斑蝥 1.5g、人参 50g、黄芪 100g、刺五加 150g,以上四味，人参切片，用 50% 乙醇加热回流提取二次（第一次 3 小时，第二次 1.5 小时），合并提取液，滤过，回收乙醇，药液备用；药渣与其余斑蝥等三味加水煎煮三次（第一次 3 小时，第二次 1.5 小时，第三次 1 小时），合并煎液，滤过，滤液与人参提取液合并，以石硫法沉淀处理二次，所得上清液加乙醇使含醇量达 80%，静置过夜，取上清液减压回收乙醇至无醇味，加注射用水 100ml 并封于相应容器内，热压 (115℃) 灭菌二次（每次 30 分钟），冷却后，纸浆抽滤，滤液用注射用水稀释至 1000ml，通过垂熔滤球过滤，灌封，115℃再灭菌 30 分钟，即得
关节克痹丸,丸剂,祛风散寒、活络止痛。用于关节炎、四肢酸痛、伸展不利,川乌 (制) 75g、虎杖 313g、草乌 (制) 75g、黄芩 313g、独活 156g、秦艽 313g、片姜黄 156g、苍术 (炒) 938g、麻黄 156g、薏苡仁 938g、牛膝 313g、海桐皮 438g、桑枝 625g、桂枝 313g、生姜 1000g,以上十五味，取海桐皮、桑枝、生姜加水煎煮二次（每次 2 小时），滤过，浓缩至适量备用；余药粉碎成细粉，加入淀粉适量混匀，用药汁泛成丸，干燥，活性炭为衣，打光，即得
华佗延寿酒,酒剂,益肺，补肝肾，强筋骨，补虚损。用于身体虚弱，筋骨不健，头昏目暗，腰膝酸软等症,枸杞子 100g、黄精 (制) 80g、天冬 60g、苍术 (漂) 80g、松叶 100g、狗脊 60g,以上六味，松叶切段，除枸杞子外，其余各药粉碎成粗粉，照流浸膏剂与浸膏剂项下的渗漉法（附录 I O），用白酒作溶剂，浸渍 10~15 天后，缓缓渗漉，收集渗漉液；另取蔗糖 750g 制成糖浆，待温，加入上述渗漉液中，搅匀，静置，约制成 5750g，即得
壮阳春口服液,口服液,补肾壮阳，生精益髓。用于中老年男子衰老体弱,鹿鞭 0.25g、牛鞭 90g、刺五加 300g、蛇床子 300g、鹿茸 10g,以上五味，鹿鞭、牛鞭、鹿茸三味，酌予碎断，加乙醇浸泡 24 小时，加热回流提取三次（第一次 3 小时，第二次 2 小时，第三次 1 小时），合并提取液，滤过，滤液回收乙醇。其余蛇床子等二味分别加水煎煮三次（第一次 3 小时，第二次 2 小时，第三次 1 小时），合并煎液，滤过，滤液浓缩至适量，加三倍量乙醇，放置，取上清液回收乙醇，加入上述提取液、炼蜜 430g、山梨酸 1.2g、枸橼酸钠 5g、香精 0.045ml，混匀，制成 1000ml，分装，即得
壮阳春胶囊,胶囊剂,补肾壮阳，生髓益精。用于中老年男子衰老体弱,肉苁蓉 300g、锁阳 200g、菟丝子 (盐) 300g、车前子 (盐) 300g、枸杞子 200g、野玫瑰果 200g、制何首乌 200g,以上七味，酌予碎断，加水煎煮三次（第一次 3 小时，第二次 2 小时，第三次 1 小时），合并煎液，滤过，滤液浓缩至适量，加三倍量乙醇，放置，取上清液回收乙醇，浓缩成稠膏，干燥，粉碎，装入胶囊，分装成 1000 粒，即得
壮骨木瓜酒,酒剂,驱风祛湿，通经活络。用于筋脉拘急，骨节疼痛，四肢麻木,玉竹 320g、栀子 100g、木瓜 60g、当归 50g、羌活 50g、独活 50g、陈皮 50g、香加皮 50g、川芎 30g、秦艽 30g、川牛膝 30g、红花 30g、寄生 30g、千年健 30g、豹骨汁 17g,以上十五味，除玉竹、豹骨汁外，栀子等十三味碎断，与白酒 16000g、白糖 16000g、玉竹、豹骨汁同置罐内，加盖隔水加热炖至沸腾时倾入缸中，密封，浸泡三十天后滤取酒液，残渣压榨后，药渣回收白酒，榨出液及回收酒液与滤取酒液合并，滤过，应出酒液 16000ml，灌装，即得（注：豹骨汁的制备：取豹骨去筋、肉、骨髓，锯段洗净，加水煎煮，分次取煮液至胶质提尽，将煮液合并，滤过，浓缩至相对密度为 1.20~1.22 (25℃) 即得）
妇宁栓,栓剂,清热解毒、燥湿杀虫，去腐生肌，化瘀止痛。用于细菌、病毒、霉菌、滴虫等引起的阴道炎、阴道溃疡、宫颈炎、宫颈糜烂、阴痒、阴蚀、黄白带下、味臭、小腹痛、腰骶痛等,苦参 1370g、黄柏 820g、黄芩 682g、莪术 410g、蛤壳粉 182g、红丹 27.3g、儿茶 27.3g、乳香 13.6g、没药 13.6g、猪胆粉 36.4g、冰片 5.5g,以上十一味，莪术提取挥发油，蒸馏后的水溶液及药渣与苦参、黄柏及处方量 1/2 的蛤壳粉，煎煮二次（第一次 2 小时，第二次 1.5 小时），合并煎液，滤过，滤液浓缩成稠膏，干燥，粉碎，备用。黄芩加水煎煮三次（第一次 2 小时，第二、第三次各 1 小时），合并煎液，滤过，浓缩至相对密度为 1.05~1.08 (80℃测) 的清膏，在 80℃时加入盐酸 (2mol/L) 调 pH 值 1.0~2.0，80℃保温 1 小时，静置 24 小时，滤过，取沉淀，80℃以下干燥，粉碎，备用。将上述药粉与剩余的蛤壳粉、红丹、儿茶、乳香、没药、猪胆粉混匀，粉碎成细粉，与冰片配研；另取半合成脂肪酸甘油酯 1000~1300g 加热熔化，加入上述细粉及莪术油，混匀，灌入栓剂模中，冷却后取出，制成 1000 粒，即得
妇宝金丸 (妇宝金丹),丹剂,养血调经，舒郁化滞。用于气虚血寒、肝郁不舒引起的经期不准，行经腹痛，赤白带下，两胁胀痛，倦怠食少,当归 40g、地黄 16g、黄芪 (蜜炙) 16g、苍术 12g、何首乌 (黑豆酒炙) 16g、益智仁 (盐炙) 24g、杜仲炭 16g、蛇床子 24g、木瓜 16g、羌活 8g、藁本 20g、柴胡 40g、香附 (醋炙) 32g、砂仁 1.6g、远志 (去芯，甘草炙) 12g、法半夏 12g、胡黄连 8g、莲子 (去心) 160g、川芎 16g、熟地黄 16g、党参 48g、茯苓 16g、补骨脂 (盐炙) 16g、吴茱萸 (甘草炙) 20g、海螵蛸 16g、枯矾 16g、威灵仙 16g、独活 8g、续断 16g、延胡索 (醋炙) 16g、牡丹皮 8g、化橘红 8g、艾叶炭 16g、酸枣仁 (炒) 16g、黄连 8g、甘草 8g、白芍 40g、益母草 16g、白术 (麸炒) 24g、阿胶 (蛤粉烫) 40g、桂枝 4g、赤石脂 (煅醋淬) 10g、牡蛎 (煅) 8g、椿皮 (麸炒) 16g、秦艽 22g、白芷 8g、川牛膝 8g、郁金 16g、豆蔻仁 1.6g、青皮 (醋炙) 12g、石菖蒲 72g、使君子 16g、黄芩 12g,以上五十三味，粉碎成细粉，过筛，混匀。每 100g 粉末加炼蜜 50g 与适量的水，泛丸，干燥，制成水蜜丸；或加炼蜜 140~160g 制成大蜜丸，即得
安神胶囊,胶囊剂,补血滋阴，养心安神。用于阴血不足，失眠多梦，心悸不宁，五心烦热，盗汗耳鸣,酸枣仁 (炒) 40g、川芎 47g、知母 112g、麦冬 92g、制何首乌 32g、五味子 97g、丹参 130g、茯苓 97g,以上八味，酸枣仁、五味子粉碎成细粉；其余川芎等六味，加水煎煮二次（第一次 3 小时，第二次 2 小时），合并煎液，滤过，滤液浓缩成膏，低温干燥，粉碎，与上述粉末混匀，制成颗粒，装入胶囊，制成 1000 粒，即得
当归片,片剂,补血活血，调经止痛。用于血虚引起的面色萎黄，眩晕心悸，月经不调，经闭痛经，虚寒腹痛，肠燥便秘,当归 600g,取当归 600g，粉碎成粗粉，用相当于药材量 6 倍的 70% 乙醇加热回流提取二次（每次 2 小时），合并提取液，滤过，滤液回收乙醇并浓缩成稠膏，加入适量辅料，烘干，粉碎成细粉，制颗粒，压制成 1000 片，包糖衣，即得
当归寄生注射液,注射剂,舒筋活络，祛风湿，镇痛。用于风湿性关节炎，肥大性脊椎炎，腰膝劳损，腰腿痛，痛经，坐骨神经痛，神经性头痛,当归 50g、槲寄生 50g,以上二味，加水煎煮二次（第一次 1.5 小时，第二次 1 小时），合并煎液，滤过，滤液浓缩至适量，加入乙醇使含醇量约为 65%，冷藏沉淀，滤过，滤液回收乙醇至尽，再照上法处理一次（使含醇量约为 75%），回收乙醇，加注射用水至 100ml，煮沸 30 分钟，冷藏。取上清液，加活性炭 0.3g，煮沸 10 分钟，滤过，滤液加注射用水至 667ml。另取 3g 聚山梨酯 80，以注射用水溶解，放凉，加入苯甲醇 7.5ml，与药液混合，再加氯化钠 6g，待溶解后，调整 pH 值，加注射用水至 1000ml，滤至澄明，灌封，灭菌，即得
全鸡拔毒膏,膏剂,消肿止痛，祛腐生肌。用于痈疽，疔毒恶疮，无名肿痛等症,鸡骨 750g、蓖麻子 1000g、冰片 250g、铜绿 15g、黄柏 250g、紫花地丁 100g、蒲公英 100g、乳香 100g、没药 200g、血余 100g、柳枝 1000g、轻粉 25g,以上十二味，冰片、轻粉、铜绿研成细粉，混匀。其余鸡骨等九味，酌予碎断，与食用植物油 10000g 同置锅内炸枯，去渣，滤过，炼至滴水成珠；另取红丹 6000g，加入油内搅匀，收膏，将膏浸泡于水中。取膏，用文火熔化，待温，加入冰片等细粉，搅匀，放冷，切成条块，即得
灯盏花素注射液,注射剂,活血化瘀，通络止痛。用于中风后遗症，冠心病，心绞痛,灯盏花素 1g（或 4g，按制剂规格计）,将 0.26g 乙二胺四醋酸二钠溶于 280ml 的注射用水中，加入灯盏花素 1g，搅拌使混悬；加入适量的碳酸氢钠，边加边搅拌至 pH7~7.5 时为止，充分搅拌使灯盏花素基本溶解，加注射用水至 400ml，加入溶液体积 0.1% 的经活化的活性炭，搅拌吸附 20 分钟，除炭，精滤，经半成品检验合格后灌封，经 100℃15 分钟流通蒸气灭菌，灯检，包装；或将 1g 乙二胺四醋酸二钠溶于 700ml 的注射用水中，加入灯盏花素 4g，同法制成 1000ml 注射液，即得
竹红菌素软膏,膏剂,调节肌体局部组织代谢机能，促进病灶肤色和细胞组织及特性的恢复。用于外阴白色病变，疤痕疙瘩，外阴瘙痒及外阴炎,竹红菌粗粉 833g（制成软膏 100g，含竹红菌甲素不得少于 1.0%）,取竹红菌粗粉 833g，用 80% 乙醇回流提取，提取液浓缩后加入丙酮溶解，滤过，回收丙酮得竹红菌提取物，加羊毛脂 10g、凡士林适量，混匀，制成 100g，分装，即得（注：竹红菌为肉座菌科植物竹生小肉座菌 Hypocrella bambusae (B.et Br.) Sacc. 的干燥子座）
红花注射液,注射剂,活血化瘀。用于治疗闭塞性脑血管疾病，冠心病，脉管炎,红花 50g,取红花 50g，加水煎煮三次（第一次 1 小时，第二次 50 分钟，第三次 30 分钟），合并煎液，滤过，滤液浓缩至相对密度为 1.16~1.26，加乙醇使含醇量达 70%，冷藏，静置 48 小时，滤过，滤液回收乙醇，并浓缩至相对密度为 1.10~1.14，再加乙醇使含醇量达 80%，冷藏，静置 48 小时，滤过，滤液回收乙醇并浓缩至相对密度为 1.16~1.20，加 10 倍量水，冷藏，静置 16~24 小时，滤过，滤液浓缩至相对密度为 1.02~1.04，用 50% 氢氧化钠溶液调节 pH 值 7.5~8.0，加注射用水使成 1000ml，滤过，灌封，灭菌，即得
红茴香注射液,注射剂,消肿散瘀，活血止痛。用于腰肌劳损，关节或肌肉韧带伤痛及风湿痛等,红茴香根皮 50g,取红茴香根皮 50g，加 75% 乙醇 250ml，浸渍 7~10 日，滤过，渣用少量 75% 乙醇洗涤，滤过，合并滤液，回收乙醇至无醇味，静置，放冷，取上清液加注射用水 400ml，搅匀，用 10% 氢氧化钠溶液调节 pH 值至约 7.0，冷藏过夜，滤过，滤液加 20ml 聚山梨酯 80，搅匀，加注射用水适量，用 10% 氢氧化钠溶液调节 pH 值至约 9.7，加注射用水使成 1000ml，搅匀，滤过，灌封，灭菌，即得
红药片,片剂,活血止痛，去瘀生新。用于跌打损伤，瘀血肿痛，风湿麻木,三七 750g、川芎 175g、白芷 175g、当归 175g、土鳖虫 175g、红花 175g,取淀粉 30g，制成淀粉浆糊，加入红花中拌匀浆透，于 70~80℃烘干，备用。将三七等五味药与红花掺匀，粉碎成细粉。另取淀粉 190g，制成淀粉糊加入上述药粉中，制成颗粒，干燥，压片，挂糖衣，即得
血栓通注射液,注射剂,活血祛瘀，扩张血管，改善血液循环。用于视网膜中央静脉阻塞，脑血管病后遗症，内眼病，眼前房出血等,三七总皂甙（相当于人参皂甙 Rg₁ 35g）、氯化钠 8.5g,取三七总皂甙适量（相当于人参皂甙 Rg₁ 35g）、氯化钠 8.5g，加注射用水 500ml，煮沸使溶解，放冷，静置过夜，加注射用水至 1000ml，加适量活性炭，搅匀，静置 30 分钟，滤过，用 0.5mol/L 氢氧化钠溶液或 0.5mol/L 盐酸溶液调 pH 值至 5.5~7.0，灌封，灭菌，即得（注：含三七总皂甙的制备及质量标准详见原文）
西瓜霜,散剂,清热泻火，消肿止痛。用于肺胃火热上蒸引起：咽喉红肿，喉痹疼痛，喉结红肿，咽痛乳蛾，口舌生疮，牙龈红肿，水浆不下,西瓜 3000g、硝石 1000g、芒硝 2000g、冰片 18g,以上四味，将整西瓜切开上端，取出瓜瓤少许，装入硝石、芒硝，搅拌均匀，装入泥瓦罐内，封口，置阴凉通风处，让霜自行渗出罐外，扫下，再渗再扫，至无霜为止。将扫下的霜用纸包好，挂通风处风化，过筛。冰片研成细粉，每 18g 冰片与 600g 霜配研均匀，即得
阮氏上清丸,丸剂,清热降火，生津止渴。用于咽喉肿痛，牙口疮，津液不足，口干舌燥,儿茶 200g、马槟榔 20g、薄荷叶 40g、乌梅 (肉) 10g、硼砂 20g、诃子 10g、山豆根 10g、冰片 10g、甘草 10g,以上九味，冰片、硼砂分别另碾，其余七味粉碎成细粉，加入硼砂、冰片，混匀用适量乙醇泛丸，干燥，上衣，打光，即得（注：马槟榔为白菜花科植物马槟榔 Capparis masaikai Levl. 的干燥种子）
阳春胶囊,胶囊剂,补肾壮阳，益精补虚。主治阳痿，早泄及由此引起的头昏耳鸣，腰膝酸软，神疲健忘等症,水貂鞭粉 2g、羊鞭胶 50g、狗肾胶 100g、鹿茸 10g、首乌 (制) 300g、山药 200g、菟丝子 200g、枸杞子 500g、淫羊藿 100g、黄芪 (蜜炙) 100g、熟地黄 100g、阳起石 (煅) 100g、肉苁蓉 (酒制) 100g,以上十三味，将鹿茸、羊鞭胶、狗肾胶粉碎成细粉，与水貂鞭粉混匀，过 80 目筛备用；取菟丝子、枸杞、首乌、山药加水煎煮二次（每次 2 小时），合并煎液，滤过，滤液浓缩至适量，加 3 倍量乙醇，沉淀 48 小时，倾取上清液，残渣用适量 75% 乙醇洗涤，洗液滤过，合并入药液，回收乙醇，减压浓缩成膏状。另取淫羊藿、黄芪、熟地黄、阳起石、肉苁蓉加水煎煮二次（每次 2 小时），合并煎液，滤过，滤液浓缩成膏状，与上述膏状物混合减压干燥，粉碎成细粉，与上述药粉混合均匀，制成颗粒，约得 300g，装胶囊，即得（注：含羊鞭胶、狗肾胶、水貂鞭粉的制备方法详见原文）
克痒敏醑,散剂,收敛止痒，消炎解毒。用于急慢性湿疹、荨麻疹，虫咬性皮炎、接触性皮炎等引起的皮肤瘙痒症,山乌龟 200g、白芷 150g、黄柏 100g、重楼 100g、细辛 100g、三叉苦 100g、毛麝香 100g、荆芥 100g、两面针 200g、苦参 100g、虎杖 200g、蛇床子 100g、山苍子 100g、九里香 100g、水杨酸甲酯 20g、冰片 10g、钻骨风 150g、薄荷脑 20g、地榆 100g,以上十九味，除薄荷脑、冰片、水杨酸甲酯外，三叉苦、毛麝香、山苍子、九里香、荆芥、白芷、细辛、钻骨风用水蒸气蒸馏，收集蒸馏液约 300ml，备用；药渣与其余山乌龟等八味照流浸膏剂与浸膏剂（附录 I O）项下的渗漉法，用乙醇作溶剂进行渗漉，收集渗漉液约 600ml；薄荷脑、冰片分别研细，用渗漉液溶解，加入水杨酸甲酯、二甲基亚砜 30g，搅匀，合并蒸馏液与渗漉液，搅匀，滤过，分装，即得
克痤隐酮乳膏,膏剂,抑制皮脂腺分泌及痤疮杆菌生长。用于黑头、白头粉刺及脓疮型痤疮,丹参酮粉 1.5g、甲氧苄啶 1.5g、维生素 A3g、维生素 E3g,以上四味，另取硬脂酸 100g、十六醇 20g、单硬脂酸甘油酯 10g、液体石蜡 10g，混合加热熔化后，加入上述四味，搅匀，于 80℃保温，加入氢氧化钾溶液（取氢氧化钾 5g，加适量水溶解）、羟苯甲酯及羟苯丁酯乙醇溶液（取羟苯甲酯 0.8g、羟苯丁酯 0.2g，分别加适量乙醇溶解）、甘油 140g，制成乳膏 1000g，降至室温，分装，即得（注：丹参酮粉的制备与质量标准详见原文）
妙灵丸,丸剂,清热化痰，散风镇惊。用于感冒发烧，头痛眩晕，内热咳嗽，呕吐痰涎，鼻干口燥，咽喉肿痛，小便不利,川贝母 60g、关木通 60g、天南星 (制) 60g、地黄 80g、薄荷 60g、羌活 60g、赤芍 80g、葛根 60g、玄参 80g、桔梗 60g、橘红 60g、清半夏 80g、前胡 60g、钩藤 60g、冰片 10g、朱砂 50g、羚羊角 5g、水牛角浓缩粉 10g,以上十八味，除水牛角浓缩粉外，朱砂水飞，羚羊角粉碎成极细粉，冰片研成细粉，川贝母等十四味粉碎成细粉，与上述朱砂、冰片等粉末配研，取上述混合粉末与水牛角浓缩粉混匀过筛。每 100g 粉末加炼蜜 120~140g 制成大蜜丸，即得
尿毒灵灌肠液,颗粒剂,通腑泄浊，利尿消肿。用于全身浮肿，恶心呕吐，大便不通，无尿少尿，头痛烦躁，舌黄，苔腻，脉实有力，以及各种原因引起的肾功能衰竭，氮质血症及肾性高血压,甲组：大黄 200g、连翘 600g、龙骨 (煅) 600g、牡蛎 (煅) 600g、丹参 300g、桂枝 200g、地榆 600g、槐米 1200g、青黛 180g、栀子 200g、黄柏 200g、土茯苓 1000g、金银花 600g、葶苈子 600g、白茅根 200g；乙组：生晒参 10g、麦冬 10g、枸杞 20g、白茅根 20g、红花 7g,甲组：以上十五味，龙骨、牡蛎粉碎成粗粉，与其余大黄等十三味加水煎煮三次（第一次 3 小时，第二、三次分别为 2 小时），合并煎液，滤过，滤液浓缩至相对密度为 1.25~1.30 (60℃)，减压干燥，粉碎成细粉，分装，即得。乙组：以上五味，加入 85% 乙醇，浸渍 30 分钟，加热回流提取四次（每次 2 小时），滤过，滤液合并，回收乙醇，加水适量，加活性炭脱色，调 pH 值至 6.5，加入适量乙醇溶解的羟苯乙酯 0.5g 及苯甲酸钠 3g，混匀，加水调整至 1000ml，分装，即得
尿塞通片,片剂,理气活血，通经散结。用于前列腺增生症，尿闭等,丹参 144g、泽兰 48g、桃仁 48g、红花 144g、赤芍 48g、白芷 96g、陈皮 96g、泽泻 144g、王不留行 144g、败酱 240g、川楝子 96g、小茴香 (盐制) 96g、黄柏 (盐制) 144g,以上十三味，泽泻、白芷粉碎成细粉；丹参、川楝子用 60% 乙醇回流提取二次（每次 2 小时），合并提取液，滤过，回收乙醇；小茴香、陈皮提取挥发油至尽（约 4 小时），蒸馏后的水溶液另器收集；药渣与其余赤芍等七味，加水煎煮二次（第一次 3 小时，第二次 2 小时），合并煎液，滤过，滤液与上述药液合并，浓缩成浸膏，干燥，粉碎成细粉，加入泽泻、白芷细粉混匀，制成颗粒，干燥，加入上述小茴香等挥发油，压制成 1000 片，包糖衣，即得
抗炎退热片,片剂,清热解毒，消肿散结。用于肺胃热盛所致的咽喉肿痛，疮痈疔痔，红肿热痛诸症,蒲公英 1000g、黄芩 1000g,以上二味，黄芩提取黄芩素备用；蒲公英取 75g，粉碎成细粉，过筛备用；剩余蒲公英 925g 加水煎煮二次（每次 1 小时），合并煎液，滤过，浓缩至相对密度为 1.15~1.20，用乙醇转溶至含醇量 65%~70%，静置，取上清液浓缩成膏。取上述浸膏，加入蒲公英细粉、提取的黄芩素粉及辅料混合均匀，制成颗粒，压制成 940 片，包糖衣，即得
抗衰复春片,片剂,补肾壮阳，滋阴养血。用于肾虚劳损，阳痿早泄，腰膝酸软，四肢无力，神情倦怠，血虚眩晕等症,红参 22g、鹿茸 21g、五味子 89g、丹参 89g、何首乌 89g、续断 22g、肉苁蓉 (制) 45g、羊肾 (炙) 83g、地黄 89g、三七 22g、淫羊藿 (炙) 89g、茵陈 89g、山楂 (炒) 45g、麦芽 (炒) 45g、六神曲 (炒) 45g、巴戟天 45g、泽泻 89g、灵芝 45g、当归 45g、青皮 45g,以上二十一味，取五味子粉碎，用 30% 乙醇 3 倍量回流提取 3 次（每次 2 小时），提取液合并，回收乙醇，制成流浸膏；取肉苁蓉、丹参、山楂、麦芽、六神曲、泽泻、续断、地黄、淫羊藿、茵陈、玄参、灵芝，煎煮二次（第一次 2.5 小时，第二次 2 小时），合并煎液，滤过，静置 12 小时，取上清液，浓缩至相对密度为 1.30 (85℃) 的稠膏，备用。另取红参、鹿茸、三七、何首乌、羊肾、巴戟天、当归、青皮粉碎成细粉，与上述流浸膏及稠膏混匀，干燥，粉碎，过 6 号筛，用乙醇制粒，干燥，加入硬脂酸镁适量，压制成 1000 片，包糖衣，即得（注：羊肾为牛科动物青羊 Naemoihedus goral Hardwicke 的干燥阴茎及睾丸）
抗腮腺炎注射液,注射剂,清热解毒，通络。用于流行性腮腺炎，内热外感引起的小儿感冒、发热及伴有风疹、疱疹的小儿感冒,忍冬藤 1000g,取忍冬藤 1000g 加水煎煮三次（第一次 1 小时，第二、三次各半小时），合并煎液，滤过，滤液浓缩成稠膏状，加乙醇使含醇量为 70%，静置 72 小时，滤过，回收乙醇，加注射用水稀释至约 970ml，冷冻 24 小时，滤过，加入 10ml 苯甲醇、10ml 聚山梨酯 80，加注射用水使成 1000ml，混匀，滤过，灌封，灭菌，即得
抗癌平丸,丸剂,清热解毒，散瘀止痛。用于热毒瘀血壅滞肠胃而致的胃癌、食道癌、贲门癌、直肠癌等消化道肿瘤,珍珠菜 1340g、藤梨根 1340g、香茶菜 1340g、肿节风 1340g、蛇莓 720g、半枝莲 1730g、兰香草 720g、白花蛇舌草 720g、石上柏 720g、蟾酥 3g,以上十味，除蟾酥外，其余珍珠菜等九味加水煎煮二次，煎液滤过，滤液合并，减压浓缩至适量，喷雾干燥，用水泛丸，干燥。另取粉碎成细粉的百草霜 3g，加入蟾酥（用 70% 乙醇溶解），混匀，包衣，打光，干燥，制成 1000g，分装，即得
沉香理气丸,丸剂,化滞利气。用于脾胃失和，气郁不舒，食滞腹胀，嗳气吞酸,沉香 60g、半夏 (制) 120g、枳实 (麸炒) 300g、砂仁 120g、陈皮 120g、山楂 (炒焦) 120g、大黄 150g、木香 120g、白术 (麸炒) 120g、厚朴 (制) 120g、黄芩 150g、槟榔 120g、广藿香 120g,以上十三味，粉碎成细粉，混匀，用水泛丸，低温干燥，即得
灵猫香解毒丸,丸剂,清热解毒，消肿止痛。用于喉蛾，咽喉疼痛，烂喉、丹痧，痈肿，疔疮，乳痈，无名肿痛,珍珠 150g、牛黄 150g、药用灵猫香 50g、蟾酥 100g、冰片 100g、雄黄 100g,以上六味，牛黄、蟾酥分别研成极细粉；雄黄水飞成极细粉，混匀；珍珠水飞成极细粉，冰片研细，用 50% 乙醇泛丸，喷入药用灵猫香，加入上述牛黄等细粉，用 50% 乙醇泛在外层，低温干燥，活性炭包衣，打光，即得（注：药用灵猫香的质量标准详见原文）
男春宝胶囊,胶囊剂,疏肝通络，养血荣筋。用于肝气不疏，血不荣筋而致的阳痿,蜈蚣 90g、当归 300g、白芍 800g、甘草 300g,以上四味，当归、白芍各 100g 粉碎成细粉，过筛；剩余的当归、白芍与甘草加水煎煮二次（第一次 2 小时，第二次 1 小时），合并煎液，滤过，滤液浓缩成稠膏，与上述粉末混匀，干燥，加入蜈蚣混匀，粉碎成细粉，过筛，混匀，装入胶囊，制成 1000 粒，即得
肝炎康复丸,丸剂,清热解毒，利湿化郁。用于急性黄疸型肝炎，迁延性和慢性肝炎等,茵陈 75g、当归 75g、丹参 75g、郁金 75g、菊花 75g、滑石 75g、板蓝根 75g、金钱草 75g、拳参 75g,以上九味，郁金、板蓝根、金钱草、丹参、拳参等五味加水煎煮三次（每次 3 小时），滤过，滤液浓缩至相对密度为 1.38~1.40 (25℃测) 的清膏；茵陈、当归、菊花、滑石等四味粉碎成细粉。将上述细粉与清膏合并，混匀。每 100g 药粉加炼蜜 80~100g，制成大蜜丸，即得
肝康颗粒,颗粒剂,清肝利湿。用于肝胆湿热所致的黄疸，症见周身、小便俱黄，体疲乏力，纳呆，恶心厌油，苔黄腻，脉弦滑数；及急慢性肝炎，迁延性肝炎及胆囊炎,柴胡 315g、田基黄 315g、茵陈 470g、蒲公英 315g、甘草 315g、金钱草 470g,以上六味，加水煎煮二次（每次 2 小时），合并煎液，滤过，滤液浓缩至相对密度为 1.10~1.20 (60~70℃热测) 的浸膏，加入糊精约 700g、甜菊甙 8g，制成颗粒约 1000g，即得
补金片,片剂,补肾益肺，健脾化痰，止咳平喘。用于肺结核，慢性支气管炎，肺气肿，肺心病缓解期,陈皮 12.5g、哈蟆油 12.5g、鹿角胶 7.5g、乌梢蛇 (去头，炒) 18.8g、紫河车 62.5g、鸡蛋黄油 12.5g、桔梗 18.8g、龟甲胶 6.3g、百部 (蜜炙) 31.3g、浙贝母 12.5g、红参 12.5g、白及 31.3g、黄精 (蒸) 31.3g、茯苓 12.5g、蛤蚧 (去头、足) 5g、麦冬 18.8g、核桃仁 18.8g、当归 12.5g,以上十八味，除鹿角胶、龟甲胶、鸡蛋黄油外，蛤蚧、紫河车、哈蟆油、浙贝母、当归、乌梢蛇粉碎成细粉；其余红参等九味加水煎煮两次（第一次 3 小时，第二次 2 小时），合并煎液，滤过；将龟甲胶、鹿角胶研细，与上述滤液合并，浓缩成相对密度为 1.25~1.30 (85℃) 的稠膏，加入上述粉末搅匀，干燥，粉碎，过筛，加鸡蛋黄油、5% 碳酸钙、3% 桃胶粉，混匀，压制成 1000 片，包糖衣，即得
近视乐眼药水,酊剂,调节视力。用于治疗青少年近视，假性近视和连续近距离使用视力所引起的眼疲劳,紫金龙粗粉 500g（制成眼药水 1000ml，每 1ml 含总生物碱以盐酸异可利定计 4.5~5.5mg）,取紫金龙粗粉 500g，照流浸膏剂与浸膏剂项下的渗漉法（附录 I O），用乙醇作溶剂，浸渍 24 小时后进行渗漉，至漉液色淡。漉液浓缩至稠膏，用氯仿 - 乙醇精制得总生物碱。取注射用水适量，加热，加入总生物碱，搅拌使溶解，加注射用水至 1000ml，搅匀，滤过，分装，即得（注：紫金龙为罂粟科植物紫金龙 Dactylicapnos scandens (D.Don) Hutchins. 的干燥根）
连翘败毒丸,丸剂,清热解毒，散风消肿。用于脏腑积热，风热湿毒引起的疮疡初起，红肿疼痛，憎寒发热，风湿疙瘩，遍身刺痒，大便秘结,连翘 120g、金银花 480g、苦地丁 720g、天花粉 120g、黄柏 120g、黄芩 240g、大黄 120g、黄连 120g、苦参 120g、荆芥穗 120g、羌活 120g、防风 240g、麻黄 120g、白芷 240g、薄荷 120g、柴胡 120g、当归 120g、赤芍 120g、甘草 120g,以上十九味，粉碎成细粉，过筛，混匀，用水泛丸，干燥，即得
附子理中液,口服液,温中健脾。用于脾胃虚寒，脘腹冷痛，呕吐泄泻，手足不温,附子 (制) 100g、党参 200g、白术 (炒) 150g、干姜 100g、甘草 100g,以上五味，粉碎成粗粉，附子、干姜用 85% 乙醇浸渍，渗漉，收集渗漉液 182ml；白术用 70% 乙醇浸渍渗漉，收集渗漉液 78ml；合并渗漉液，回收乙醇，浓缩至 26ml 备用；党参、甘草加水煎煮两次，滤过，合并煎液，浓缩至 260ml，备用；将以上两种浓缩液合并，调整含醇量，静置七天，吸取上清液，放置五天，取上清液调整总量至 650ml，摇匀，灌装，即得
附片液,片剂,回阳救逆，补火助阳，逐风寒湿邪。用于亡阳虚脱，肢冷脉微，阳痿，宫冷，心腹冷痛，虚寒吐泻，阴寒水肿，阳虚外感，寒湿痹痛,黑顺片 40g（制成液 1000ml，每 1ml 含总生物碱以乌头碱计 0.35~0.50mg）,取黑顺片 40g，加水高温高压提取二次（罐内压力应保持在 0.1~0.13MPa，第一次 2 小时，第二次 30 分钟），合并提取液，滤过，滤液浓缩后加乙醇使含醇量为 70%，静置；滤过，滤液回收乙醇，再加乙醇使含醇量为 80%，静置，滤过，滤液回收乙醇，加水至 1000ml，搅匀，滤过，分装，即得
京制牛黄解毒片,片剂,清热解毒，散风止痛。用于肺胃蕴热引起：头目眩晕，口鼻生疮，风火牙痛，暴发火眼，咽喉疼痛，腮红肿，耳鸣肿痛，大便秘结，皮肤刺痒,黄连 35g、黄柏 35g、石膏 26g、金银花 53g、薄荷 18g、桔梗 26g、连翘 53g、大黄 35g、黄芩 35g、栀子 (姜炙) 26g、菊花 35g、荆芥穗 18g、防风 13g、旋复花 26g、白芷 22g、川芎 18g、蔓荆子 (微炒) 13g、蚕砂 26g、甘草 18g、牛黄 10g、冰片 33g,以上二十一味，黄连、石膏、大黄、桔梗、白芷、蚕砂粉碎成细粉；牛黄、冰片分别研成细粉；薄荷、荆芥穗提取挥发油，蒸馏后的水溶液另器收集；防风、川芎用 80% 乙醇加热回流二次（第一次 3 小时，第二次 2 小时），合并提取液，滤过，滤液回收乙醇；黄柏、黄芩、栀子、蔓荆子、甘草加水煎煮二次（第一次 3 小时，第二次 1 小时），合并煎液，滤过；其余金银花等四味加水煮沸后，于 80℃温浸二次（第一次 2 小时，第二次 1 小时），合并浸出液，滤过。合并以上各药液，减压浓缩至相对密度 1.35~1.40 (50℃) 的稠膏，加入黄连、石膏、大黄、黄芩、白芷、蚕砂细粉，混匀，干燥，粉碎成细粉，再加入牛黄配研，过筛，混匀，制成颗粒，加入冰片细粉及上述薄荷等挥发油，混匀，压制成 1000 片，或包衣，即得
净石灵胶囊,胶囊剂,补肾、利尿、排石。用于治疗肾结石、输尿管结石、膀胱结石以及由结石引起的肾盂积水、尿路感染等,广金钱草 250g、黄芪 76.6g、扁蓄 76.6g、海金砂 76.6g、淫羊藿 76.6g、夏枯草 76.6g、滑石 76.6g、元胡 (醋制) 50g、当归 50g、巴戟天 50g、赤芍 40g、冬葵子 40g、车前子 40g、桃仁 40g、鸡内金 40g、甘草 25g,以上十七味，滑石、海金砂粉碎成细粉；当归、赤芍提取挥发油后，药渣与其余黄芪等十三味加水煎煮两次（第一次 7 倍量 3 小时，第二次 5 倍量 2 小时），合并煎液，滤过，滤液浓缩成稠膏，减压干燥，粉碎成细粉，与上述细粉混匀，喷入挥发油，过筛，分装，制成 1000 粒，即得
刺五加糖浆,糖浆剂,益气健脾，补肾安神。用于脾肾阳虚，体虚乏力，食欲不振，腰膝酸软，失眠多梦,刺五加浸膏 20g、五味子流浸膏 10ml,以上二味，加乙醇 150ml，搅匀，静置 7~10 天，吸取上清液，滤过，滤液加入乙醇 150ml，及用 300g 蔗糖制成的单糖浆，加水至 1000ml，搅匀，静置，滤过，即得（注：五味子流浸膏的质量标准详见原文）
参术止带糖浆,糖浆剂,补中健脾，疏肝解郁，化湿止带。用于脾虚湿盛，肝气郁结之带下症,党参 100g、车前子 100g、苍术 100g、山药 130g、陈皮 80g、白术 65g、白芍 60g、荆芥 40g、柴胡 20g、甘草 5g,以上十味，取陈皮及八分之一量的荆芥提取芳香水，药渣与剩余的荆芥及其余党参等八味，加水煎煮二次（每次 2 小时），滤过，滤液浓缩至适量，加入乙醇使含醇量达 50%，放置过夜，回收乙醇，放冷，滤过；另取蔗糖 250g，制成单糖浆，与上述滤液及陈皮、荆芥的芳香水、适量防腐剂充分混匀，静置，滤过，加水使成 1000ml，混匀，即得
参芪二仙片,片剂,补肾填精，调补冲任，益气养血。用于肾虚腰膝酸软，阳痿早泄，遗精，妇女更年期经血不调等症,红参 23g、黄芪 62g、当归 138g、仙茅 (酒制) 159g、淫羊藿 138g、巴戟天 (盐制) 138g、黄柏 (盐制) 69g、知母 (盐制) 69g,以上八味，红参、黄芪、巴戟天及当归 77g，粉碎成细粉；仙茅、淫羊藿、黄柏、知母与当归 61g，加水煎煮二次（第一次 2 小时，第二次 1 小时），合并煎液，滤过，滤液减压浓缩至相对密度为 1.18~1.20 (60℃) 的清膏，与上述药粉混匀，烘干，粉碎，制粒，压制成 1000 片，包糖衣，即得
参芪乌鸡养血膏,膏剂,补气养血。用于病后体虚，气血两亏，身倦乏力,人参 200g、黄芪 200g、大枣 100g、刺五加 200g、当归 80g、乌鸡 (去头、爪、肠) 150g,以上六味，人参粉碎成粗粉，照流浸膏剂与浸膏剂项下的渗漉法（附录 I O）试验，用 30% 乙醇作溶剂，浸渍 72 小时后渗漉，收集渗漉液回收乙醇，浓缩至流浸膏，加 3 倍量乙醇，静置，取上清液回收乙醇，浓缩至稠膏。乌鸡加酸性水（pH=3）煎煮二次（每次 3 小时），合并煎液，滤过，滤液调节 pH 值至 6 左右，浓缩至稠膏；当归提取挥发油，药渣与黄芪、大枣加水煎煮二次（第一次 3 小时，第二次 2 小时），合并煎液，滤过，滤液浓缩至稠膏。刺五加按刺五加浸膏项下（中国药典 1995 年版一部 520 页）制备。取上述三种稠膏及刺五加浸膏，加入蔗糖 200g，混匀，浓缩后加入当归油及防腐剂适量，混匀，即得
参苓白术片,片剂,健脾，止泻。用于脾胃虚弱，不思饮食，或吐或泻，形瘦疲乏，面色萎黄,党参 63g、茯苓 42g、白术 (炒) 63g、山药 63g、白扁豆 (炒) 63g、莲子 (炒) 63g、薏苡仁 (炒) 42g、砂仁 42g、桔梗 42g、炙甘草 42g、陈皮 21g,以上十一味，白扁豆、莲子、山药、砂仁粉碎成细粉；茯苓加水煎煮二次（每次 1 小时），合并煎液，滤过，滤液备用；党参、甘草、桔梗、白术、薏苡仁加水煎煮二次（每次 2 小时），合并煎液，滤过，滤液备用；陈皮照流浸膏剂与浸膏剂项下的渗漉法（附录 I O），用 60% 乙醇作溶剂，进行渗漉，收取初漉液，续漉液回收乙醇后和上述滤液合并，浓缩成稠膏，加入上述白扁豆等细粉，混匀，干燥，粉碎成细粉，用陈皮初漉液及适量辅料制粒，干燥，压制成 1000 片，包衣，即得
参苓白术颗粒,颗粒剂,补脾胃，益肺气。用于脾胃虚弱，食少便溏，气短咳嗽，肢倦乏力,人参 100g、茯苓 100g、白术 (麸炒) 100g、山药 100g、白扁豆 (炒) 75g、莲子 50g、薏苡仁 (炒) 50g、砂仁 50g、桔梗 50g、甘草 100g,以上十味，取砂仁、白术提取挥发油，蒸馏后的水溶液另器收集；药渣与其余人参等八味，加水煎煮三次（第一次 1.5 小时，第二、三次各 1 小时），合并煎液，滤过，滤液与上述水溶液合并，浓缩至相对密度 1.20~1.25 (55℃) 的清膏。取清膏 1 份、蔗糖 2 份、糊精 2.5 份及乙醇适量制成颗粒，干燥，加入上述白术、砂仁的挥发油，混匀，即得
参茸三七酒,酒剂,益气补血，养心安神。用于气血不足，病后虚弱，阳痿遗精，失眠健忘,人参 15g、鹿茸 15g、三七 (熟) 150g、白术 (炒) 90g、枸杞 90g、麦冬 90g、茯苓 (蒸) 60g、肉苁蓉 90g、补骨脂 (盐炙) 90g、巴戟天 (盐炙) 60g、怀牛膝 (酒炙) 60g、五味子 (蒸) 30g,以上十二味，人参、鹿茸、三七粗粉用白酒 2500g 渗漉，其余白术等九味粉碎成粗粉，用白酒 7500g 渗漉，合并两种漉液，加入蔗糖 45g 搅拌使溶化，静置，取上清液，制成 10000ml，灌装，即得
参茸片,片剂,补气血，益心肾。用于体虚神怯，心悸气短，腰膝酸软，阳痿遗精,人参 80g、鹿茸 14g,以上二味，粉碎成细粉，与淀粉 35g、糖粉 41g 混匀，用 65% 乙醇制粒，干燥，压制成 1000 片，包糖衣，即得
参茸壮骨丸 [剧],丸剂,强筋壮骨，祛风散寒，除湿止痛。用于肝肾不足，风寒痹阻，筋骨萎软，腰膝冷痛，手足麻木，骨节肿痛,防风 1500g、粉防己 500g、川乌 (醋制) 2875g、当归 500g、豹骨 (醋制) 50g、甘草 250g、红参 (去芦) 250g、鹿茸 (去毛) 50g,以上八味，粉碎成细粉，过筛，混匀。用醋泛丸，干燥，用滑石粉包衣，打光，即得
参茸固本片,片剂,滋阴补肾，生精壮阳。用于肾虚腰痛，失眠健忘，生殖功能减退，阳痿遗精，老年痴呆等症,红参 (去芦) 212g、鹿茸 (去毛) 65g、枸杞子 1271g、菟丝子 (酒制) 424g、肉苁蓉 424g、鹿角胶 212g、小茴香 (盐制) 212g、熟地黄 2119g、韭菜子 (炒) 1271g、山茱萸 1271g、淫羊藿 (炙) 424g、山药 424g、牛膝 424g、黄芪 212g、五味子 424g,以上十六味，取红参、鹿茸、补骨脂、山药、鹿角胶、小茴香粉碎成细粉；其余熟地黄等十味，加水煎煮三次（依次为 3、2、1 小时），分次滤过，合并滤液，滤液浓缩成膏，加入上述细粉，干燥，过筛，加入辅料适量，混匀，制粒，干燥，整粒，制成 1000 片，包衣，即得
固元片,片剂,免疫调节剂。用于癌症的化疗或放疗所引起的免疫功能和造血功能障碍,黄芪多糖 130g、人参芦头 33.4g,以上二味，取人参芦头粉碎成细粉，加入黄芪多糖和适量碳酸钙，混匀，制成颗粒，干燥，压制成 1000 片，包糖衣，即得（注：黄芪多糖的制备：取黄芪 100g，加水煎煮三次，第一次 3 小时，第二、三次各 2 小时，合并煎液，滤过，滤液浓缩至流浸膏，加 5 倍量乙醇静置，滤过，取沉淀于 60℃干燥，得黄芪粗多糖 7g，相当于黄芪多糖 3.15g）
坤净栓,栓剂,清热燥湿，去腐生肌。用于湿热下注之阴道炎、宫颈糜烂、宫颈炎等,柴胡 500g、火绒草 500g、呋喃唑酮 50g,以上三味，柴胡、火绒草加水煎煮三次（第一次 3 小时，第二次 2 小时，第三次 1.5 小时），合并煎液，滤过，滤液浓缩至约 200ml，加入乙醇，使含醇量达 70%，静置，滤过，回收乙醇，浓缩至约 65g 的稠膏，加入呋喃唑酮，加热，搅匀，加入甘油、明胶基质至总体积为 3000ml，继续加热，搅拌均匀，待气泡消失，立即注入模内，制成 1000 粒，冷却，即得
定风止痛胶囊,胶囊剂,祛风化痰，行瘀散结，消肿定痛。用于风痰瘀血阻络引起的关节肿胀疼痛、筋脉拘挛、屈伸不利，及破伤风的辅助治疗,三七 20g、天麻 14g、僵蚕 14g、白附子 (制) 14g、防风 14g、羌活 14g、天南星 (制) 14g、白芷 14g、川芎 14g、葛根 14g、地龙 14g、细辛 14g、麻黄 (蜜炙) 14g、全蝎 14g、钩藤 14g、甘草 (蜜炙) 14g,以上十六味，粉碎成细粉，过筛，混匀，装入胶囊，制成 1000 粒，即得
定风止痛胶囊,胶囊剂,祛风化痰，行瘀散结，消肿定痛。用于风痰瘀血阻络引起的关节肿胀疼痛、筋脉拘挛、屈伸不利，及破伤风的辅助治疗,三七 20g、天麻 14g、僵蚕 14g、白附子 (制) 14g、防风 14g、羌活 14g、天南星 (制) 14g、白芷 14g,以上八味，粉碎成细粉，过筛，混匀，装入胶囊，制成 1000 粒，即得
拨云复光散,散剂,明目退翳，解毒散结，消肿止痛。用于暴发火眼，目赤肿痛，眼刺痛，目痒流泪，翼状胬肉；牙龈肿痛，喉舌红肿,炉甘石 (煅) 60g、冰片 60g、没药 (制) 3g、麝香 6g、玄明粉 3g、硼砂 (煅) 15g、芒硝 3g、乳香 (制) 3g、明矾 (煅) 10g,以上九味，研成极细粉，过筛，混匀，即得
拨云眼膏,膏剂,明目退翳，解毒散结，消肿止痛。用于暴发火眼，目赤肿痛，眼刺痛，目痒流泪，翼状胬肉；无名肿痛，红肿疮痒,炉甘石 (煅) 60g、冰片 60g、没药 (制) 3g、麝香 3g、玄明粉 3g、硼砂 (煅) 15g、芒硝 3g、乳香 (制) 3g、明矾 (煅) 10g、龙胆浸膏 60g,以上十味，龙胆浸膏与炉甘石混合干燥粉碎成极细粉；其余八味分别研成极细粉与上述粉末配研，过筛，混匀，加入到已干热灭菌、滤过并冷至约 50℃的凡士林 1370g 和羊毛脂 123g 中，搅匀，即得
拨云锭,丹剂,明目退翳，解毒散结，消肿止痛。用于暴发火眼，目赤肿痛，痧眼刺痛，目痒流泪，翼状胬肉；牙龈肿痛，喉舌红肿，无名肿痛,炉甘石 (煅) 60g、冰片 60g、没药 (制) 3g、麝香 6g、玄明粉 6g、硼砂 (煅) 15g、芒硝 3g、乳香 (制) 3g、明矾 (煅) 10g、龙胆浸膏 60g,以上十味，除龙胆浸膏外，分别研成极细粉，过筛，混匀，上述粉末加龙胆浸膏、蒸馏水适量搅匀制锭，阴干，即得
板蓝根注射液,注射剂,清热解毒，凉血利咽，消肿。用于扁桃腺炎、腮腺炎、咽喉肿痛、防治传染性肝炎、小儿麻疹等,板蓝根 500g,取板蓝根 500g，加水煎煮二次，第一次 2 小时，第二次 1 小时，合并煎液，滤过，滤液浓缩至约 750ml，冷却，加乙醇使含醇量达 70%，搅匀，静置 24 小时，滤过，滤液回收乙醇至 350~500ml，冷藏，滤过，滤液用氨试液调节 pH 值为 8.0~8.5，搅匀，冷藏 48 小时，加热除去氨，加注射用水至 900ml，冷藏，滤过，滤液用 1% 氢氧化钠溶液调节 pH 值为 7.0~7.5，冷藏，滤过，滤液加甘露醇 10g，并加注射用水调整总量至 1000ml，滤过，灌封，灭菌，即得
治咳枇杷露,露剂,清肺热、止咳、祛痰。用于风热侵肺引起的口干作渴，咳逆痰多及支气管炎咳嗽，兼治儿童伤风呃逆，咳嗽痰盛,枇杷叶 131g、百部 23g、前胡 14g、桔梗 9g、桑白皮 9g、薄荷脑 0.16g,以上六味，除薄荷脑外，其余枇杷叶等五味加水煎煮二次，每次 2 小时，合并煎液，滤过，滤液浓缩至适量，加入蔗糖 300g 及苯甲酸 3g，煮沸使溶解，滤过，滤液加入薄荷脑、柠檬酸 0.5g、杏仁香精 1.6g、杨梅香精 1.2g，随加随搅拌，静置，取上清液加水调整总量至 1000ml，搅匀，即得
治偏痛颗粒,颗粒剂,行气、活血、止痛。用于血管性头痛和偏头痛,川芎 3000g、柴胡 300g、白芷 150g、香附 600g、白芍 1500g、郁李仁 300g、白芥子 900g、甘草 300g,以上八味，取川芎、香附、柴胡、郁李仁、白芷粉碎成粗粉，照流浸膏剂与浸膏剂项下的渗漉法（附录 I O），用乙醇渗漉，回收乙醇后，减压浓缩至 293g，备用；以上五味药渣与白芍等三味加水煎煮 2 次，每次 2 小时，合并煎液，浓缩至 3525g，加乙醇至含醇量达 75%，沉淀 48 小时，取上清液，回收乙醇，减压浓缩至 706g；合并上述两种浸膏，加蔗糖粉 5500g，搅拌均匀，制成颗粒，50℃以下干燥，约得 6000g，分装，即得
泻痢保童丸,丸剂,健脾化湿，温中止泻。用于小儿脾胃虚弱引起的久泻久病，腹中作痛，饮食少进，精神疲倦,人参 15g、白术 (麸炒) 30g、茯苓 60g、白扁豆 (去皮) 60g、苍术 30g、广藿香 30g、木香 15g、丁香 15g、檀香 15g、砂仁 15g、肉豆蔻 (煨) 30g、肉桂 15g、吴茱萸 (甘草炙) 15g、芡实 (麸炒) 30g、薏苡仁 (麸炒) 60g、车前子 (盐炙) 30g、滑石 60g、黄连 15g、诃子肉 30g、天冬 30g、麦冬 30g、槟榔 30g,以上二十二味，粉碎成细粉，过筛，混匀。每 100g 粉末加炼蜜 120~140g 制成大蜜丸，即得
炎立消胶囊,胶囊剂,清热解毒，消炎。用于属于热证的细菌性痢疾、急性扁桃体炎、急慢性支气管炎、急性肠胃炎、急性乳腺炎等感染性疾病,丁香叶（按干浸膏计算，每 1000 粒含丁香叶干浸膏适量，折合原生药 1000g）,取丁香叶粉碎成细粉，备用；另取丁香叶 1000g，加水煎煮二次，第一次 2 小时，第二次 1 小时，合并煎液，滤过，滤液浓缩至相对密度为 1.23~1.27 (80℃) 的清膏，加入上述细粉 111g，混匀，干燥，粉碎成细粉，装入胶囊，制成 1000 粒，即得
罗汉果止咳糖浆,糖浆剂,祛痰止咳。用于感冒咳嗽及支气管炎,罗汉果 46g、枇杷叶 176g、白前 18g、百部 30g、薄荷油 0.2g,以上七味，除薄荷油外，其余罗汉果等六味加水煎煮二次，第一次 1.5 小时，第二次 1 小时，合并煎液，滤过，滤液浓缩至约 200ml，放冷，加入 4 倍量的乙醇，搅拌，静置，滤过，滤液回收乙醇并浓缩至适量。另取蔗糖 400g，加水煮沸使溶解，滤过，滤液与上述浓缩液混合，加入枸橼酸 1g 及适量的薄荷油乙醇溶液、防腐剂和香精，再加水至 1000ml，搅匀，即得
罗浮山风湿膏药,膏剂,驱风除湿，消肿止痛。用于风湿性关节炎，类风湿性关节炎，坐骨神经痛，外伤肿痛,金钱白花蛇 570g，七叶莲、过岗龙、宽筋藤、洋金花、骨碎补、威灵仙、山苍子、蓖麻根、白鲜皮、续断、粉草莓、半枫荷、漆树根、羊角拗、麻黄、三七、两面针、防风、防己、槲寄生、土加皮、五加皮、丁公藤、茜草、六棱菊、生草乌、木瓜、毛香、生川乌、小罗伞、益母草、鸡骨草、徐长卿、红花、当归、油松节、独活、荆芥、羌活、牛膝各 114g,以上四十一味，酌予碎断，用花生油 14300g 浸泡七天后，同置锅内炸枯，去渣，滤过，炼至滴水成珠。另取红丹 5710g，加入油内，搅匀，收膏，将膏浸泡于水中。取膏，用文火熔化，分摊于布或纸上，即得
罗浮山百草油,搽剂,祛风解毒，消肿止痛。用于感冒头痛，虫蚊咬伤，无名肿毒，舟车眩晕,两面针、徐长卿、九里香、辛夷花、红花、水芙蓉、还魂草、金不换、千里光、大头陈、当归、鹅不食草、三七、肿节风、鸡骨香各 1.0g；砂仁、独活、羌活、姜皮、陈皮各 0.55g；香附、野菊花、山白芷、桂枝、小罗伞、蔓荆子、桔梗、紫珠叶、地胆草、细辛、五指柑、肉豆蔻、木防己、三叉苦、金银花、救必应、白半枫荷、山苍子、麻黄、地菍、防风、半枝莲、铁包金、柴胡、飞天蠄蟧、鸡骨草、荆芥、虎杖、钩藤各 0.5g；一枝黄花 0.45g；白花灯笼、白花蛇舌草各 0.43g；人字草、金线风、石仙桃、五月艾、皂角刺、木香、山芝麻、益母草、紫苏叶、倒扣草、侧柏叶、金耳环、一朵云、七叶一枝花、鱼腥草各 0.25g；樟脑 30g；水杨酸甲酯 250g；松节油 95g；薄荷油 250g；丁香罗勒油 15g；樟油 150g；八角茴香油 20g；肉桂油 20g；冰片 2.5g；薄荷脑 27.5g；桉油 40g,以上七十九味，除樟脑、水杨酸甲酯、松节油、薄荷油、丁香罗勒油、樟油、八角茴香油、肉桂油、冰片、薄荷脑、桉油外，其余两面针等六十八味加适量茶油，浸渍 15 天，滤过，滤液中加入上述脑等十一味及适量叶绿素，搅拌，静置 5 天，取澄清液，加茶油制成 1000ml，即得
肥儿散,散剂,健脾，消食，化积。用于脾胃不和引起的脾虚泄泻，消化不良，面黄饥瘦，疳积腹胀,白术 (麸炒) 96g、山药 96g、茯苓 96g、甘草 (蜜炙) 96g、鸡内金 (醋炙) 96g、南山楂 96g,以上六味，粉碎成细粉，过筛，混匀，即得
贯防感冒片,片剂,祛风，解毒，止痛。用于感冒初起，发热恶寒，鼻塞流涕,贯众 2500g、防风草 100g、对乙酰氨基酚 42g、马来酸氯苯那敏 0.67g,以上四味，取 5g 防风草，粉碎成粉；将贯众及 95g 防风草加水煎煮二次，第一次 3 小时，第二次 2 小时，滤过，合并滤液，浓缩至相对密度为 1.21~1.23，与防风草粉混匀，干燥，粉碎成细粉，加入对乙酰氨基酚、马来酸氯苯那敏的细粉，混匀，加入辅料适量，制成颗粒，干燥，压制成 1000 片，包糖衣或薄膜衣，即得
金不换膏,膏剂,祛风散寒，活血止痛。用于风寒湿邪，闭阻经络引起的肢体麻木，腰腿疼痛，寒疝偏坠，跌打损伤，闪腰岔气,川芎、地黄、熟地黄、栀子、白芷、当归、白术、五味子、穿山甲、枳壳、甘草、前胡、藁本、牛膝、续断、何首乌、黄芩、金银花、褚实子、荆芥、地榆、桃枝、桔梗、柳枝、白蔹、薄荷、关木通、玄参、杜仲、陈皮、乌药、生半夏、大黄、香附、麻黄、连翘、苍术、赤石脂、泽泻、独活、黄柏、川楝子 (打碎)、蒺藜、大枫子 (打碎)、榆树枝、桃仁、天麻、生川乌、生草乌、威灵仙、香加皮、青风藤、山药、远志、猪苓、青皮、细辛、知母、防风、浙贝母、羌活、黄连、僵蚕、桑枝、苦参、苍耳子、槐枝、赤芍、茵陈各 288g；没药 (制)、樟脑、血竭、乳香 (制)、轻粉各 18g；蜈蚣 42g,以上七十六味，除轻粉、樟脑、乳香、没药、血竭分别粉碎成细粉外，其余川芎等七十一味，酌予碎断，用麻油 100800g 同置锅内炸枯，去渣，滤过，炼至滴水成珠，每 1500g 炼油加入红丹 500g，搅匀，收膏，将膏浸泡于水中。取膏用文火熔化，将轻粉、樟脑、乳香粉、没药粉、血竭粉加入搅匀，分摊于兽皮或布上，即得
金牛眼药 (散),散剂,清热，退翳，明目。用于暴发火眼，眼眩赤烂，砂眼，迎风流泪及宿翳等外障眼病,珍珠 8g、麝香 8g、熊胆 8g、朱砂 25g、珊瑚 40g、琥珀 40g、硼砂 55g、冰片 240g、炉甘石 (煅) 800g,以上九味，分别粉碎成极细粉。将麝香、熊胆粉混匀，与其余珍珠等七味粉末配研，过筛，混匀，即得
金匮肾气丸,丸剂,温补肾阳，化气行水。用于肾虚水肿，腰膝酸软，小便不利，畏寒肢冷,地黄 108g、山药 27g、山茱萸 (酒炙) 27g、茯苓 78g、牡丹皮 27g、泽泻 27g、桂枝 27g、附子 (炙) 4.5g、牛膝 (去头) 27g、车前子 (盐炙) 27g,以上十味，粉碎成细粉，过筛，混匀。每 100g 粉末加炼蜜 35~50g 与适量的水泛丸，干燥，制成水蜜丸；或加炼蜜 110~130g 制成大蜜丸，即得
降压避风片,片剂,清热平肝，用于肝胆火盛而致的头痛眩晕诸症，原发性高血压而见此症者,黄芩 1130g、盐酸甲基丙炔苄胺 10g、槐角 1130g、氢氯噻嗪 15g、落花生枝叶 1130g,以上五味，盐酸甲基丙炔苄胺、氢氯噻嗪和黄芩 830g 分别粉碎成细粉，过筛备用；其余黄芩提取制成黄芩素，干燥，粉碎成细粉，备用。落花生枝叶、槐枝用水提取两次，第一次 2 小时，第二次 1 小时，合并水提取液，滤过，溶液浓缩成膏（相对密度 1.24~1.33，50~60℃测）。将浓缩膏加入黄芩细粉及辅料，混匀，干燥，粉碎成细粉，加入黄芩素、盐酸甲基丙炔苄胺、氢氯噻嗪细粉，制成颗粒，干燥，压制成 6000 片，包衣，即得
降浊健美茶,茶剂,消积导滞，利湿降浊，活血祛瘀。用于湿浊瘀阻，消化不良，身体肥胖，疲劳神倦,山楂 90g、莱菔子 30g、枳实 30g、厚朴 30g、菊花 30g、麦芽 60g、陈皮 18g、火麻仁 64g、老范志万应神曲 30g、绿茶叶 200g,以上十味，除绿茶叶外，火麻仁粉碎成粗粉，与莱菔子、麦芽、山楂加水煎煮 2 小时，滤过，滤液静置，备用；药渣与厚朴、陈皮、菊花、枳实、老范志万应神曲加水煎煮 1 小时，滤过，静置数小时；取上述两种滤液的上清液，浓缩至适量，均匀地喷洒于绿茶叶上，低温干燥，即得
养阴清肺合剂,口服液,养阴润燥，清肺利咽。用于阴虚肺燥，咽喉干痛，干咳少痰，或痰中带血,地黄 100g、麦冬 60g、玄参 80g、川贝母 40g、牡丹皮 40g、薄荷 25g、白芍 40g、甘草 20g,以上七味，川贝母用 70% 乙醇加热回流提取三次，第一次 4 小时，第二、三次各 3 小时，合并提取液，回收乙醇，低温浓缩至适量，备用；牡丹皮与薄荷用水蒸气蒸馏，收集蒸馏液，另器保存；药渣与其余地黄等五味加水煎煮二次，每次 2 小时，合并煎液，滤过，滤液浓缩至适量，加入川贝母浓缩液、150g 蜂蜜及适量矫味剂，滤过，滤液浓缩至适量，放冷，加入牡丹皮与薄荷的蒸馏液，加水至 1000ml，混匀，滤过，即得
养荣祛斑膏,膏剂,消斑润肤。用于面部黄褐斑、轻度雀斑、过敏性刺痒的辅助治疗,珍珠 0.8g、柿子叶 200g,以上二味，除珍珠水飞或粉碎成极细粉外，柿子叶加水煎煮二次，每次 30 分钟，合并煎液，滤过，滤液浓缩至相对密度为 1.10（60℃热测）的清膏。加入甘油 60g、氢氧化钠 1.5g、氢氧化钾 1.9g、加水 672ml，加热至沸，备用。另取十八醇 60g、液体石蜡 50g、硬脂酸 60g、单硬脂酸甘油酯 15g、羊毛脂 10g，加热溶解后，加入上述备用液，冷却至 40℃，再加入珍珠粉、防腐剂及香精适量，搅匀，制成 1000g，即得
咳喘宁颗粒,颗粒剂,止咳化痰。用于伤风咳嗽，急、慢性支气管炎,麻黄 420g、甘草 150g、紫菀 315g、苦杏仁 306g、百部 (蒸) 525g,以上五味，加水煎煮（苦杏仁在水沸时加入）2 次，第一次 2 小时，第二次 1.5 小时，合并煎液，滤过，滤液浓缩至相对密度为 1.26~1.28（热测），取出，加入蔗糖粉约 2750g，混匀，制成颗粒，干燥，即得
咳喘停膏,膏剂,止咳理气、平喘。用于伤风感冒，咳嗽，气喘,赭石 300g、蛤壳 300g、瓦楞子 (煅) 300g、紫苏子 100g、知母 250g、枇杷叶 100g、桑白皮 (制) 50g、百部 (制) 25g、南沙参 100g、桔梗 100g、紫菀 (制) 50g、白前 50g、麻黄 (制) 25g、苦杏仁 50g,以上十四味，取赭石、蛤壳、瓦楞子打碎，加水煎煮 2 次，每次 12 小时，合并药液，静置沉淀，滤过，其余除苦杏仁外，用上述药液煎煮，沸后加入苦杏仁，继续煎煮 3 小时，药液静置沉淀，滤过，药渣再加水煎煮 2 小时，滤过，静置沉淀，滤取上清液，合并，浓缩成相对密度为 1.21~1.25（80~85℃）清膏，加砂糖 500g、炼蜜 260g，浓缩收膏，制成 1000g，即得
咳嗽糖浆,糖浆剂,止咳祛痰。用于咳嗽多痰，支气管炎等症,枇杷叶 114.5g、桔梗 20g、川贝母 7.75g、沙参 20g、远志 5.0g、绿茶 0.8g、薄荷脑 0.4g,以上七味，除薄荷脑外，其余枇杷叶等六味粉碎成粗粉，过筛，混匀，用 33% 乙醇照流浸膏剂与浸膏剂项下（附录 I O）的渗漉法进行渗漉，收集渗漉液至 200ml，加入浓氨试液 0.5ml，滤过；另取氯仿 3.45g 与乙醇适量，混匀，加入薄荷脑搅匀，添加乙醇至 20ml，取蔗糖 650g，加水加热溶化后，加入苯甲酸钠及焦糖适量，趁热滤过，冷至室温后，在搅拌下加入上述两种药液，混匀，加水至 1000ml，即得
复方大青叶注射液,注射剂,清瘟解毒。用于乙型脑炎，急、慢性肝炎，流行性感冒，腮腺炎,大青叶 1000g、金银花 500g、羌活 250g、拳参 250g、大黄 250g,以上五味，加水煎煮三次，每次 1 小时，合并煎液，滤过，滤液浓缩至相对密度约为 1.20（80℃），加乙醇使含乙醇量达 60%，静置使沉淀，滤过，滤液浓缩至相对密度约为 1.20（80℃），加适量水使稀释，冷藏使沉淀，滤过，滤液浓缩至相对密度约为 1.20（80℃），加乙醇使含醇量达 85%，冷藏使沉淀，滤过，滤液回收尽乙醇，加适量注射用水，冷藏使沉淀，滤过，滤液用 10% 氢氧化钠溶液调 pH 值至 7.9~8.2，加入无水亚硫酸钠使浓度达 2%，煮沸 1 小时，放冷，加活性炭 5g，搅匀，静置，冷藏，滤过，滤液中加入苯甲醇 20ml，搅匀，滤过至澄明，加注射用水至 1000ml，灌封，在 100℃灭菌 30 分钟，即得
复方小活络丸,丸剂,舒筋活络，散风止痛。用于风寒湿邪引起的风寒湿痹，肢节疼痛，麻木拘挛，半身不遂，行步艰难,川乌 (甘草银花炙) 750g、川芎 500g、草乌 (甘草银花炙) 750g、当归 250g、白芍 375g、地龙 500g、乳香 (制) 375g、没药 (制) 375g、香附 (醋炙) 500g、胆南星 (酒炙) 750g,以上十味，粉碎成细粉，过筛，混匀，每 100g 粉末加炼蜜 110~130g 制成大蜜丸，即得
复方乌鸡酒,酒剂,补脾益肾，和血调经。用于脾肾两虚，月经不调，产后血虚诸症,乌鸡 20g、当归 8g、桑寄生 5g、红枣 20g、黄精 8g、益母草流浸膏 5g,以上六味，乌鸡用 40 度白酒 500g 浸渍 60 天以上，滤过，浸渍液备用；其余当归等五味共置容器中，加入 40 度白酒 700g，浸渍 45~60 天，滤过，滤液与乌鸡浸渍液合并，滤过，制成 1000g，即得
复方当归注射液,注射剂,活血通经，祛瘀止痛。用于痛经，经闭，跌扑损伤，风湿痹痛等,当归 100g、川芎 100g、红花 100g,以上三味，当归、川芎加水煎煮二次，每次 2 小时，合并煎液，滤过，滤液减压浓缩至相对密度为 1.27~1.30（80℃），放冷，加乙醇使含乙醇量为 65%，静置过夜，滤过，滤液减压回收乙醇并浓缩至相对密度为 1.30（80℃），加 3 倍量水，充分搅拌，冷藏 48 小时，滤过，滤液减压浓缩至相对密度约为 1.15（80℃），药液备用；红花加水煎煮二次，每次 1 小时，合并煎液，滤过，滤液浓缩至相对密度为 1.25~1.30（80℃），放冷，加乙醇使含乙醇量为 65%，静置过夜，滤过，滤液减压浓缩至相对密度为 1.20（80℃），加乙醇使含乙醇量为 70%，静置过夜，滤过，滤液浓缩至相对密度为 1.30（80℃），加 3 倍量水，充分搅拌，冷藏 48 小时，滤过，滤液浓缩至相对密度为 1.15（80℃），与上述药液合并，加 2 倍量水，充分搅拌，冷藏 24 小时，滤过，滤液加适量聚山梨酯 80，并加注射用水至 1000ml，搅匀，用 20% 氢氧化钠溶液调节 pH 值至 7.0，滤过，灌封，灭菌，即得
复方枣仁胶囊,胶囊剂,养心安神。用于心神不安，失眠，多梦，惊悸,酸枣仁 (制)（按成品含量计算，每粒含左旋延胡索乙素 60mg）、左旋延胡索乙素 60g（按 1000 粒计）,以上二味，酸枣仁粉碎成粗粉，加水煎煮二次，滤过，滤液合并，浓缩至 6000ml，加入等量的乙醇，搅拌，静置 12 小时，滤取上清液，回收乙醇，浓缩成稠膏，干燥，粉碎成细粉，加入左旋延胡索乙素及淀粉适量，混匀，装入胶囊，制成 1000 粒，即得
复方香薷水,酊剂,解表化湿，醒脾和胃。用于外感风寒，内伤暑湿，寒热头痛，脘腹痞满胀痛，恶心欲吐，肠鸣腹泻,皱叶香薷 1000g、歪叶蓝 100g、广藿香 500g、紫苏叶 500g、厚朴 100g、豆蔻 150g、木香 100g、生姜 100g、甘草 40g,以上九味，取皱叶香薷、广藿香、紫苏叶、豆蔻、厚朴、生姜及甘草，分别研成粗粉，加水煮提 2 小时，同时收集挥发油，滤过，滤液备用，药渣再加水煮提二次，每次 2 小时，合并煎液，滤过，与上述滤液合并，浓缩成相对密度约为 1.13 的清膏，加入等量乙醇，搅匀，静置 3~5 小时后，滤取上清液备用；另取歪叶蓝、木香，分别研成粗粉，照流浸膏剂与浸膏剂项下的渗漉法（附录 I O），以 60% 乙醇作溶剂，缓缓渗漉，初漉液另置，收集续漉液，回收乙醇后与初漉液合并，使成每 1ml 含生药 1g；合并上述清膏与渗漉液，加入挥发油，混匀，加水调整总量至 1000ml，即得
复方益母草膏 (安坤益母草膏),膏剂,调经养血，化瘀生新。用于血瘀气滞引起的月经不调，行经腹痛，量少色暗，午后作烧，产后瘀血不净,益母草 1440g、当归 144g、川芎 144g、白芍 144g、地黄 144g、木香 48g,以上六味，加水煎煮三次，第一次 3 小时，第二次 2 小时，第三次 1 小时，合并煎液，滤过，滤液浓缩至相对密度为 1.45（50℃）的清膏。每 100g 清膏加炼蜜 100g，加热混匀，即得
复方莪术油软胶囊,胶囊剂,行气破瘀，消积止痛。用于气滞血瘀，饮食积滞所致之胃脘疼痛，食欲不振，嘈杂饱胀,莪术油 1350g、陈皮油 150g,以上两味，混匀，制成软胶囊，即得
复方铁苋止血粉 (杭州止血粉),散剂,凉血，收涩，止血。用于血热妄行引起的多种出血及外伤或术后出血,铁苋菜 100g、仙鹤草 100g、补骨脂 100g、白及 100g、明胶 120g、棕板 900g、地榆 100g,以上七味，除明胶外，白及粉碎成细粉，过五号筛，备用；其余铁苋菜等五味加水煎煮二次，每次 1 小时，煎液静置，滤过，滤液合并，浓缩至约 500ml。取明胶，加水约 500ml，于 70℃水浴中熔化，加入上述浓缩液中，调节温度 40℃左右，在搅拌下加入甲醛溶液（37% 甲醛溶液 4.8ml 用水稀释至 40ml），继续搅拌约 10 分钟，得发泡明胶湿品，立即冷冻 16 小时，取出，于 70℃以下减压干燥，粉碎，过五号筛，并与上述白及细粉混合均匀，即得
复方曼陀罗药水,酊剂,温中散寒止痛。用于脘腹冷痛，寒痹刺痛，跌打伤痛,曼陀罗 72g、草乌 7.2g、辣椒 10g、樟脑 40g,以上四味，取曼陀罗、草乌、辣椒分别粉碎成粗粉，曼陀罗及草乌粗粉用 75% 乙醇为溶剂，照酊剂项下渗漉法（附录 I N）进行渗漉，各得渗漉液 164ml；辣椒粗粉用 50% 乙醇为溶剂，同法渗漉得渗漉液 182ml，樟脑粉碎后用 75% 乙醇溶解制成樟脑醑 327ml，将上述各渗漉液及樟脑醑混匀，加焦糖适量，静置，滤过，加 75% 乙醇调整总量至 1000ml，即得
复方鹿茸酒,酒剂,补肾壮阳，益气润肺。用于腰膝痿软，心悸气短，肺虚咳嗽，脾虚腹泻,鹿茸 8.5g、山药 40g、淫羊藿 25g、黄精 50g,以上四味，鹿茸切片，加入 10 倍量的白酒，密闭，搅拌，浸渍 45 天，滤过；其余淫羊藿等三味酌予碎断，装入布袋，置容器内，加入白酒 800g，密闭，浸渍 28 天，每天搅拌一次，取出布袋，压榨，榨出液澄清后与浸液合并。取冰糖 100g，化为糖液，滤过，与淫羊藿等三味的药液合并，密闭，静置 15 天以上，与鹿茸液合并，调节含醇量至规定浓度，共制成 1000ml，滤过，即得
复方蛤青注射液,注射剂,补气敛肺，止咳平喘，温化痰饮。用于肺虚咳嗽，气喘痰多，老年慢性气管炎、肺气肿、喘息性支气管炎更宜。对反复感冒者有预防作用,蟾蜍 40g、黄芪 50g、白果 20g、苦杏仁 25g、紫菀 25g、前胡 15g、五味子 15g、附子 5g、黑胡椒 5g,以上九味，加水煎煮二次，第一次 2 小时，第二次 1 小时，合并煎液，滤过，滤液浓缩至 100ml，加乙醇，使含醇量分别达 60%、70%、80%，共沉淀三次，静置，滤过，回收乙醇，残渣加适量水溶解，煮沸 10 分钟，加活性炭适量，滤过，加注射用水至 900ml，加氯化钠调至等渗，用 4% 氢氧化钠溶液调 pH 值至 7.5，静置 48 小时，滤过，滤液加入 3ml 聚山梨酯 80，煮沸，滤过，滤液加注射用水至 1000ml，灌封，灭菌，即得
复方满山红胶囊,胶囊剂,止咳，祛痰。用于急慢性气管炎、咳嗽,满山红油 15g、满山红总黄酮 25g、桔梗提取物 50g、刺五加浸膏 35g,以上四味，满山红油加碳酸钙 70g 吸附，其余桔梗提取物等三味加淀粉 25g，混匀，干燥，粉碎成细粉，与上述用碳酸钙吸附的满山红油混匀，装入胶囊，制成 1000 粒，即得
复方蒲公英注射液,注射剂,清热解毒，疏风止咳。用于风热感冒，肺热咳嗽,蒲公英 1000g、鱼腥草 1000g、野菊花 1000g,以上三味，蒲公英加水煎煮二次，第一次 1 小时，第二次半小时，合并煎液，滤过，滤液浓缩至稠膏状，加乙醇处理三次，第一次使溶液中含乙醇量为 60%，第二次为 80%，第三次为 85%，前二次每次放置 48 小时后，滤过，回收乙醇，浓缩，第三次放置 24 小时，滤过，回收乙醇，浓缩，合并浓缩液，浓缩至稠膏状，加入适量注射用水，冷藏 24 小时，滤过；另取野菊花、鱼腥草，用水蒸气蒸馏法提取挥发油，分取挥发油，收集蒸馏液 2000ml，将蒸馏液重蒸馏二次，依次收集重蒸馏液 1000ml、500ml，将上述滤液与重蒸馏液合并，加入挥发油，调节 pH 值 7.0~7.5，加 2ml 聚山梨酯 80、苯甲醇 10ml，混匀，加注射用水至 1000ml，滤过，灌封，灭菌，即得
复方藿香片,片剂,解表和中，燥湿化浊。用于感冒畏风寒，头痛胀重，体倦肢酸，脘腹不舒,广藿香 400g、紫苏叶 250g、石菖蒲 250g、陈皮 200g、佩兰 250g、鸡儿肠 400g、生姜 250g,以上七味，广藿香、紫苏叶、石菖蒲分别用蒸馏法提取挥发油，药渣与佩兰、鸡儿肠加水煎煮二次，合并煎液，滤过，滤液浓缩至相对密度为 1.20~1.25（25~30℃）的清膏，加乙醇使含醇量为 60%，搅匀，静置，滤过。照流浸膏剂与浸膏剂项下的渗漉法（附录 I O），陈皮用 60% 乙醇、生姜用 90% 乙醇作溶剂，进行渗漉。以上药液回收乙醇，浓缩成相对密度为 1.30~1.35（25~30℃）的清膏。取上述清膏，加辅料适量，混匀，制成颗粒，干燥，喷加上述广藿香等三味的挥发油，混匀，压制成 1000 片，即得
复肾宁片,片剂,清利湿热，益肾化瘀。用于湿热下注引起的急慢性尿路感染，急、慢性膀胱炎以及急、慢性肾盂肾炎等症见尿频、尿急、尿痛、腰痛等,车前子 217g、扁蓄 65g、知母 (盐) 65g、益母草 65g、大黄 (制) 22g、栀子 65g、黄柏 (盐) 98g、牡丹皮 65g、甘草 22g、附子 (炙) 22g,以上十味，取大黄、附子、牡丹皮、甘草粉碎成细粉，过筛，备用，其余车前子等六味，加水煎煮三次，依次为 3、2、1 小时，滤过，合并煎液，滤液浓缩成稠膏，与上述药粉混匀，干燥，粉碎成细粉，压制成 100 片，包糖衣，即得
宫炎康颗粒,颗粒剂,活血化瘀，解毒消肿。用于慢性盆腔炎,当归 90g、赤芍 90g、香附 (醋制) 90g、炮姜 90g、北败酱 240g、川芎 60g、红花 90g、泽兰 90g、海藻 90g、车前子 (盐炙) 120g、延胡索 60g、柴胡 90g,以上十二味，除延胡索粉碎成细粉，过筛；当归、香附、川芎、柴胡提取挥发油，蒸馏后的水溶液另器收集，药渣与赤芍、炮姜、海藻、车前子加水煎煮二次，第一次 2 小时，第二次 1 小时，合并煎液，滤过，滤液与上述水溶液合并，药液备用，其余北败酱等三味加水煮沸后，于 80℃温浸二次，第一次 2 小时，第二次 1 小时，滤过，合并以上各药液，浓缩至相对密度 1.35（50℃）的清膏，取清膏 1 份、糊精 1 份、蔗糖粉 2 份与上述延胡索粉混匀，加乙醇适量，制成颗粒；干燥，喷入上述当归等挥发油，混匀，即得
柔肝顺气丸,丸剂,疏肝理气，化瘀止疼，清热利胆。用于气滞血瘀引起的急慢性肝炎和迁延性肝炎,当归 667g、大黄 333g、丹参 667g、香附 (醋制) 500g、延胡索 (醋制) 333g、牡丹皮 333g、赤芍 333g、柴胡 333g、桃仁 333g、红花 167g、川芎 167g、牛膝 333g、木香 167g、枳壳 333g,以上十四味，取延胡索、川芎、牡丹皮、香附、红花、大黄 1/2 量粉碎成细粉，剩余大黄与其余桃仁等八味加水煎煮三次，第一次 2 小时，第二、三次各 1 小时，合并煎液，滤过，滤液浓缩至相对密度 1.3~1.4（80℃）的清膏，与上述药粉混合，制丸，低温干燥，制成 2000 丸，即得
活血壮筋丸,丸剂,祛风活血，强腰壮筋。用于筋骨疼痛，周身麻木，半身不遂，口歪眼斜,川乌 (制) 400g、红花 40g、血竭 50g、土鳖虫 40g、乳香 (去油) 20g、没药 (去油) 20g、地龙 40g、全蝎 40g、川牛膝 80g、桂枝 40g、人参 40g,以上十一味，粉碎成细粉，过筛，混匀，用水泛丸，干燥，包糖衣，撞光，即得
活血理伤丸,丸剂,活血，化瘀。用于跌打损伤，肿胀疼痛,续断 800g、骨碎补 (烫) 100g、红花 200g、赤芍 200g、延胡索 (醋制) 120g、三棱 120g、防风 120g、甘草 120g、苏木 120g、当归 120g、桃仁 (炒) 80g、枳实 (炒) 80g、甜瓜子 (炒) 80g、北刘寄奴 80g、桔梗 80g、关木通 80g、乳香 80g、自然铜 (煅) 80g、姜黄 60g、土鳖虫 40g,以上二十味，自然铜、乳香、桃仁研细；其余续断等十七味粉碎成细粉，与上述粉末配研，过筛，混匀。每 100g 粉末加炼蜜 140~150g 制成大蜜丸，即得
珍菊降压片,片剂,降压。用于高血压症,野菊花膏粉 100g、珍珠层粉 100g、盐酸可乐定 30mg、氢氯噻嗪 5g、芦丁 20g,以上五味，取野菊花膏粉、珍珠层粉、氢氯噻嗪、芦丁混匀，另加 70% 乙醇适量溶解盐酸可乐定，将乙醇液均匀喷入上述混合粉中，反复搅拌后，制成颗粒，干燥，加入润滑剂适量，压制成 1000 片，包衣，即得
盆炎清栓,栓剂,清热解毒，活血通经，消肿止痛。用于毒瘀蕴结胞宫，少腹胀痛，月经不调，痛经，白带过多；盆腔炎、附件炎见上述证候者,毛冬青提取物 (以总黄酮计) 100g、吲哚美辛 25g,毛冬青提取物系取冬青科植物毛冬青（Ilex pubescens Hook.et Arn.）的根，洗净，加水煎煮二次，第一次 4 小时，第二次 2 小时，合并煎液，滤过，滤液浓缩至相当于原药材重量的 40%，冷却后加入乙醇使含醇量为 60%，搅匀，静置，滤过，滤液回收乙醇，浓缩至稠膏，于 80℃以下干燥，磨成细粉，过筛，测定总黄酮的含量，即得；另取半合成脂肪酸甘油酯 1190g 作基质，加热使熔化，滤过，于 40~50℃保温，依次加入吲哚美辛和毛冬青提取物，混匀，再加入适量的聚山梨酯 80 和对羟基苯甲酸乙酯的乙醇溶液，混匀，制成栓剂 1000 粒，即得
祛风膏,膏剂,破瘀止痛，化积消胀，追风散寒，舒筋活血。用于筋骨酸痛，四肢麻木，腰背疼痛，筋骨拘挛，肚腹寒痛，胃脘胀痛，积瘀寒块，水泻寒痢,高良姜 50g、当归 50g、千年健 50g、生草乌 60g、威灵仙 40g、地枫皮 40g、防风 70g、苏木 50g、蜈蚣 4 条、桃仁 40g、川芎 50g、大风子 40g、牛膝 60g、生姜 150g、大葱 150g、木香 50g、肉桂 40g、丁香 40g、乳香 (制) 50g、没药 (制) 50g、细辛 60g,以上二十一味，肉桂、丁香、木香、乳香、没药、细辛粉碎成细粉，过筛，混匀备用。其余高良姜等十五味，酌予碎断，加麻油 6000g，炸枯，去渣，滤过，炼至滴水成珠，加入红丹 3000g，搅匀使成膏状，将膏浸泡于水中。取膏用文火熔化，加入肉桂等细粉，搅匀，摊膏，即得
神曲胃痛胶囊,胶囊剂,止痛生肌，理气，健脾消食。用于胃酸过多，胃痛，食欲不振，消化不良,神曲茶 70g、大黄 70g、颠茄浸膏 2.6g、姜粉 2.7g、氢氧化铝 70g、碳酸氢钠 260g,以上六味，取神曲茶加水浸泡使松化，加热煎煮二次，第一次 1 小时，第二次半小时，滤过，合并滤液，浓缩至适量，加入颠茄浸膏，搅匀；取大黄粉碎成细粉，过筛，加入上述煎膏及其余姜粉等三味，制成颗粒，干燥，整粒，装入胶囊，制成 1000 粒，即得
神康宁丸,丸剂,滋阴养血，平肝安神。用于血虚肝旺，失眠心悸，夜寐多梦，烦躁易怒，眩晕耳鸣，神经衰弱属上述证候者,地黄 75g、酸枣仁 75g、山药 75g、远志 (制) 37.5g、当归 75g、丹参 100g、珍珠母 (飞) 125g、五味子 25g、首乌藤 75g、合欢皮 75g、合欢花 100g、大枣 75g,以上十二味，地黄、酸枣仁、远志、当归、丹参、珍珠母粉碎成细粉，其余山药等六味加水煎煮三次，第一次 3 小时，第二、三次 2 小时，滤过，合并滤液，浓缩成稠膏状，与上述粉末混匀，干燥，粉碎，过筛，用水泛丸，制成 7700 粒，干燥，即得
秋泻灵合剂,口服液,理气化湿，健脾止泻。用于治疗小儿脾虚湿困及消化不良引起的腹泻,马蹄香 1000g,取马蹄香 1000g，置蒸馏装置内，加水 4000ml，加热至沸，收集蒸馏液约 500ml，药液滤过，滤液备用；药渣按上述方法重复提取一次，并将蒸馏液重蒸，收集馏出液 500ml，备用；药渣滤过，合并两次滤液，浓缩至 500ml，加乙醇使含醇量为 50~60%，静置 48 小时，滤过，回收乙醇至无醇味，继续浓缩至 500ml。将重蒸馏液与药液合并，加适量防腐剂、矫味剂，搅匀，调整总量至 1000ml，即得
穿心莲胶囊,胶囊剂,清热解毒，凉血，消肿。用于感冒发热，咽喉肿痛，口舌生疮，顿咳劳嗽，泄泻痢疾，热淋涩痛，痈肿疮疡，毒蛇咬伤,穿心莲（按干浸膏计算，每粒含穿心莲干浸膏 0.105g，每粒含脱水穿心莲内酯不得少于 4.5mg）,取穿心莲粗粉，用 85% 乙醇热浸提取二次，每次 2 小时，合并提取液，滤过，滤液回收乙醇，浓缩成稠膏状，干燥至干浸膏，加辅料适量，制成颗粒，装入胶囊，即得
胃太平胶囊,胶囊剂,健脾制酸，理气化瘀，止血止痛。用于脾胃虚弱，气血瘀滞所致胃脘疼痛，嘈杂泛酸，大便潜血，倦怠乏力。胃及十二指肠溃疡见以上证候者,鱼鳔 (制) 260g、浙贝母 52g、海螵蛸 (去壳) 91g、延胡索 39g,以上四味，取浙贝母 31g、延胡索 21g，加水煎煮 3 次，第一次加水 10 倍量，第二次加水 8 倍量，第三次加水 6 倍量，每次煎煮 2 小时，滤过，滤液合并，浓缩至相对密度为 1.23~1.25（80℃）的清膏。将鱼鳔、海螵蛸、浙贝母 21g、延胡索 18g 混合，粉碎成粗粉，加入上述清膏，混匀，80℃以下干燥，粉碎成细粉，装入胶囊，制成 100 粒，即得
胃疡宁丸,丸剂,温中散寒，理气止痛，制酸止血。用于胃脘胀痛或刺痛，呕吐泛酸，胃及十二指肠溃疡属于寒凝气滞血瘀者,白术 (制) 360g、乌药 360g、山药 (炒) 360g、白及 360g、青皮 180g、高良姜 90g、赤芍 600g、仙鹤草 600g、甘草 360g、珍珠层粉 90g、香附 180g、五指毛桃 600g,以上十二味，除珍珠层粉外，香附、青皮、高良姜用水蒸气蒸馏法提取挥发油，挥发油备用，药液滤过，滤液备用；白术、白及、乌药和山药粉碎成粗粉；其余仙鹤草等四味加水煎煮二次，每次 2 小时，滤过，滤液与上述滤液合并，浓缩成稠膏，与白术等粗粉混匀，干燥，加入珍珠层粉，混匀，粉碎成细粉，与上述挥发油混匀。每 100g 粉末加炼蜜 80~100g，制成大蜜丸，即得
胃痛平胶囊,胶囊剂,缓急止痛。用于慢性胃炎，胃溃疡，十二指肠溃疡及胃肠痉挛引起的疼痛,白屈菜 500g（按 1000 粒计）,取白屈菜 500g，将其中 50g 粉碎成细粉，过筛备用；其余白屈菜 450g 切碎，照流浸膏剂与浸膏剂项下的渗漉法（附录 I O），以 60% 乙醇作溶剂，浸渍 24 小时后，进行渗漉，渗漉液回收乙醇。药渣加水煎煮一次，滤过，滤液与上述药液合并，浓缩至稠膏状，加入白屈菜细粉及辅料适量，混匀，制粒，干燥，装入胶囊，制成 1000 粒，即得
茸血补脑液,口服液,健脑安神，生精补髓，强筋壮骨，大补元气。用于神经衰弱，失眠健忘，心跳气短，阳痿早泄,浓茸血液 10g、枸杞子液 100ml（折合原生药 100g）、红参液 20ml（折合原生药 20g）、蜂蜜 300g,取蜂蜜加水适量，搅拌均匀，加热至沸，滤过，滤液加入浓茸血液，枸杞子液、红参液、香精 2ml，山梨酸钾 10g，搅拌均匀，加水至 1000ml，滤过，灌封，100℃流通蒸气灭菌 30 分钟，即得
追风膏,膏剂,追风散寒，舒筋活血。用于受风受寒，筋骨疼痛，四肢麻木，腰酸腿软，手足拘挛，肩背疼痛，行步艰难,麻黄 525g、独活 525g、羌活 525g、藁本 525g、木瓜 525g、生川乌 525g、生草乌 525g、防风 525g、白芷 525g、荆芥 525g、当归 525g、川芎 525g、香加皮 525g、赤芍 525g、柴胡 525g、牛膝 525g、杜仲 525g、苍术 525g、香附 525g、桂枝 525g、高良姜 525g、连翘 525g、陈皮 525g、地黄 525g、大黄 525g、小茴香 30g、肉桂 30g、木香 60g、乳香 60g、没药 60g,以上三十味，除小茴香、肉桂、木香、乳香、没药分别粉碎成细粉外，其余麻黄等二十五味，酌予碎断，用麻油 100800g 同置锅内炸枯，去渣，滤过，炼至滴水成珠，每 1500g 炼油加入红丹 500g，搅匀，收膏，将膏浸泡于水中。取膏用文火熔化，将小茴香粉、木香粉、乳香粉、没药粉、肉桂粉加入搅匀，分摊于布上，即得
退热解毒注射液,注射剂,清热解毒。用于病毒性感染，原因不明的高烧，急慢性炎症，尤其适用对抗生素有耐药性或过敏的患者,金银花 250g、连翘 250g、牡丹皮 125g、蒲公英 250g、金钱草 250g、柴胡 125g、夏枯草 250g、石膏 250g,以上八味，取牡丹皮、金钱草、柴胡用水蒸气蒸馏，收集馏液约 800ml，馏液再重蒸馏，取精馏液约 400ml，备用；药渣及蒸馏后的水溶液与其余金银花等五味加水煎煮三次，每次 1 小时，合并煎液，滤过，滤液浓缩至约 600ml，加入 4% 明胶溶液搅拌至再无沉淀产生后，冷藏 24 小时以上，滤过，滤液用乙醇沉淀三次，先后使含醇量达 65%、75%、85%，冷藏 48 小时以上，滤过，滤液回收乙醇，滤过，滤液与上述精馏液合并，加注射用水至 1000ml，加 1~2g 活性炭，在 40~50℃放置 20~30 分钟，调节 pH 值至 6.0~7.0，滤过，在 105℃加热 45 分钟，放冷，在 0~4℃放置 6 天，滤过，灌封，灭菌，即得
香砂养胃口服液,口服液,温中行气，健脾和胃。用于脾胃虚弱，消化不良，胃脘胀痛，呕吐酸水，不思饮食,香附 (醋制) 100g、砂仁 100g、广藿香 100g、茯苓 100g、厚朴 (姜制) 100g、半夏 (制) 100g、白术 (麸炒) 100g、枳实 (麸炒) 100g、甘草 50g、白豆蔻 (去壳) 50g、陈皮 50g、木香 50g、大枣 40g、生姜 (捣碎) 10g,以上十四味，取香附、厚朴、白术、枳实、陈皮，照流浸膏剂与浸膏剂项下的渗漉法（附录 I O），用 60% 乙醇作溶剂，浸渍 24 小时，缓缓渗漉，收集渗漉液约为生药量的 10 倍，漉液备用。另取广藿香、砂仁、白豆蔻、木香、生姜提取挥发油，药渣与茯苓、半夏、大枣、甘草加水煎煮二次，每次 2 小时，滤过，滤液冷却后加入上述漉液中，静置 24 小时，滤过，滤液回收乙醇，浓缩至适量，冷却后再加入蔗糖粉 200g、防腐剂及上述挥发油，制成约 1000ml，即得
香砂养胃软胶囊,胶囊剂,温中，和胃。用于不思饮食，呕吐酸水，胃脘满闷，四肢倦怠,木香 154g、砂仁 154g、白术 221g、陈皮 221g、茯苓 221g、半夏 (制) 221g、香附 (醋制) 154g、枳实 (炒) 154g、豆蔻 (去壳) 154g、厚朴 (姜制) 154g、广藿香 154g、甘草 66g、生姜 66g、大枣 110g,以上十四味，木香、砂仁、陈皮、豆蔻、广藿香蒸馏，提取挥发油，蒸馏后的水溶液另器收集，其余白术等九味，用 80% 乙醇加热回流提取二次，第一次 2 小时，第二次 1 小时，滤过，合并滤液，回收乙醇至无醇味。加入上述水溶液，浓缩至相对密度 1.30（50℃）的膏，减压干燥，粉碎成细粉，加入植物油及上述木香等挥发油，混匀，制成 1000 粒，即得
骨刺消痛胶囊,胶囊剂,祛风止痛。用于骨质增生，风湿性关节炎，风湿痛,制川乌 53.25g、制草乌 53.25g、秦艽 53.25g、白芷 53.25g、甘草 53.25g、粉萆薢 106.5g、穿山龙 106.5g、薏苡仁 106.5g、天南星 (炙) 53.25g、红花 106.5g、当归 53.25g、徐长卿 159.75g,以上十二味，白芷、薏苡仁、当归粉碎成细粉；制川乌、制草乌、秦艽加水（用盐酸调 pH 值为 3~4）煎煮二次，每次 2 小时，合并煎液，滤过，滤液备用；徐长卿加水蒸馏，蒸馏液冷藏至析出白色结晶，滤过，结晶自然干燥，备用，滤液及药渣与其余红花等五味加水煎煮二次，每次 2 小时，合并煎液，滤过，滤液与上述滤液合并，浓缩至稠膏状，加入上述白芷等的细粉，混匀，干燥，粉碎成细粉，加入上述白色结晶，混匀，制成 1000 粒，即得
骨质宁搽剂,搽剂,活血化瘀、消肿止痛。用于骨质增生引起的功能性障碍、软组织损伤及各种肿胀、酸胀、麻木疼痛等,云母石 1000g、黄连 10g、枯矾 20g,以上三味，取云母石加水煎煮二次，第一次 3 小时，第二次 2 小时，合并煎液，滤过，滤液备用；取黄连加水煎煮二次，每次 45 分钟，合并煎液，滤过，滤液合并，浓缩至适量，加入枯矾及碳酸钠 40g，搅匀，加水至 1000ml，放置过夜，取上清液分装，即得
骨健灵膏,膏剂,活血化瘀，消肿止痛。用于骨质增生引起的功能性障碍，软组织损伤及大骨节病引起的肿胀疼痛,红花 188g、颠茄流浸膏 53g、延胡索 31g、薄荷脑 4.5g、防风 18g、续断 18g、苯海拉明 0.8g、蝉蜕 18g、鸡血藤 18g、威灵仙 18g、樟脑 22g、生川乌 18g、冰片 2.2g、水杨酸甲酯 3.3g、二甲基亚砜 50g、陈醋 50g、何首乌 13g,以上十七味，红花、续断、延胡索、防风、蝉蜕、鸡血藤、何首乌、威灵仙、川乌等九味，用乙醇回流提取，提取液减压浓缩制成浸膏。另取橡胶 45g，氧化锌 58g，松香 46g，凡士林 8g，羊毛脂 5g 及汽油适量，制基质。将上述浸膏及其余颠茄流浸膏等八味加入基质，制成涂料。进行涂膏，切段，盖衬，切成小块，即可
骨痨敌注射液,注射剂,益气养血，补肾壮骨，活血化瘀。用于骨关节结核，淋巴结核，肺结核等各种结核病以及瘤型麻风病等症,三七 100g、黄芪 100g、骨碎补 100g、乳香 (制) 100g、没药 (制) 100g,以上五味，取三七粉碎成粗粉，加水煎煮二次，每次 2 小时，滤过，合并滤液，药渣加入黄芪、骨碎补，加水煎煮二次，每次 1 小时，滤过，滤液与上述三七滤液合并，浓缩至相对密度为 1.15~1.20（45℃），搅拌下加入 2 倍量乙醇，混匀，静置 48 小时，滤过，滤液回收乙醇至无醇味，搅拌下加入 3 倍量乙醇，混匀，静置 24 小时，滤过，滤液回收乙醇至无醇味，加注射用水至 300ml，混匀，静置 24 小时，滤过，滤液加 0.2% 针剂用活性炭，混匀，煮沸 15 分钟，滤过，备用；取乳香、没药粉碎成粗粉，用 70% 乙醇加热回流提取二次，每次 2 小时，滤过，合并滤液，回收乙醇至无醇味，加注射用水至 200ml，混匀，用 10% 氢氧化钠溶液调 pH 值至 8.5~9.0，冷藏放置 24 小时，滤过，与上述备用液合并，混匀，用 10% 氢氧化钠溶液调 pH 值至 7.5~8.0，滤过，滤液加注射用葡萄糖 50g、聚山梨酯 80 20ml、苯甲醇 10ml，搅拌使溶解，加注射用水至 1000ml，滤过，灌封，即得
健儿止泻颗粒,颗粒剂,固脾止泻，调整肠功能紊乱，促进小肠吸收，并具有营养作用。用于婴幼儿迁延性腹泻，适用于小儿伤于乳食，寒温失调，肠炎后不愈，肠道正常菌群失调及营养不良的患儿,芋头 1000g,取芋头 1000g，加水煎煮二次，每次 2 小时，滤过，合并两次滤液，浓缩至膏状，加入糖粉 630~700g 和糊精适量，制成颗粒，干燥，喷入香精混匀，制成 1000g，即得
健肝灵胶囊,胶囊剂,益气健脾，活血化瘀；具有降低谷丙转氨酶的作用。用于急性、迁延性、慢性肝炎,五味子种子浸出物 150g、灵芝浸膏 50g、丹参浸膏 30g,以上三味，五味子种子浸出物系取五味子种子，酌予碎断，用 10 倍量乙醇浸渍 4 小时，滤过，滤液静置，分离油层后减压回收乙醇，即得。灵芝浸膏系取野生灵芝，切碎，用 8 倍量浓度为 90% 以上的乙醇浸渍 48 小时，滤过，滤液回收乙醇，得乙醇提取物；药渣加水煎煮二次，每次 2 小时，合并煎液，滤过，滤液浓缩至稠膏，与上述乙醇提取物合并，加入适量淀粉，混匀，干燥，即得。丹参浸膏系取丹参，加水煎煮三次，每次 2 小时，合并煎液，滤过，滤液浓缩成稠膏，干燥，即得。将灵芝浸膏、丹参浸膏磨成细粉，加入五味子种子浸出物及适量辅料，混匀，制成颗粒，过筛，装入胶囊，制成 1000 粒，即得
凉血祛风糖浆,糖浆剂,清热解毒，凉血祛风。用于荨麻疹、湿疹、药物性皮炎、牛皮癣等病见血热风盛证候者,地黄 300g、牛蒡子 100g、升麻 30g、石膏 500g、白芍 120g、甘草 60g、金银花 150g、知母 100g、玄参 100g、白茅根 300g、防风 100g、荆芥油 1ml,以上十二味，除荆芥油外，其余地黄等十一味加水煎煮两次，每次 1 小时，合并煎液，滤过，滤液浓缩至相对密度 1.10（98℃），放冷，加入 2 倍量 85% 乙醇，搅拌后，静置 48 小时，取上清液，回收乙醇并浓缩至相对密度 1.06（98℃），滤过，加入单糖浆 2400g 及 109g 苯甲酸钠，加热搅拌均匀，放冷，加入荆芥油（用少量乙醇溶解）充分搅匀，静置，取上清液，制成 2300ml，灌装，即得
哮喘片,片剂,止咳定喘。用于咳嗽，哮喘,罂粟壳 443g、麻黄 443g、桔梗 110g、甘草 66g,以上四味，桔梗、甘草粉碎成细粉，过筛；其余麻黄等二味，加水煎煮二次，每次 2 小时，合并煎液，滤过，浓缩成稠膏，与上述细粉及辅料适量混匀，制成颗粒，干燥，压制成 1000 片，包糖衣，即得
射干抗病毒注射液,注射剂,抗病毒及抗菌消炎药，也可与其他药物配合使用治疗流行性出血热早期病症,射干 500g、金银花 400g、佩兰 300g、茵陈 200g、柴胡 150g、蒲公英 250g、板蓝根 400g、大青叶 300g,以上八味，用水蒸气蒸馏提取，收集蒸馏液 500ml，蒸馏液再重蒸馏，取精馏液 300ml 备用，提取液滤过，备用；药渣再加水煎煮 2 次，每次 1 小时，滤过，并与上述提取液合并，浓缩至约 500ml，加乙醇使含醇量达 75%，冷藏放置 24 小时以上，滤过，滤液回收乙醇，再加乙醇至含醇量达 85%，冷藏放置 24 小时以上，滤过，滤液回收乙醇后（约 400ml）与上述精馏液合并，混匀，在 105℃加热 45 分钟，放冷，于 0~4℃放置 24 小时以上，滤过，加注射用水至 1000ml，调节 pH 值至 5.0~7.0，滤过，灌封，灭菌，即得
息喘丸,丸剂,益气养阴，清肺平喘，止咳化痰。用于气阴不足，痰热阻肺，喘息气短，吐痰黄粘，咽干口渴；慢性支气管炎，早期肺气肿见上述证候者,无患子根 450g、墨旱莲 338g、苦杏仁 (去油) 338g、五指柑 450g、陈皮 (蒸) 113g、五指毛桃 675g、白前 169g、穿破石 450g、桑白皮 225g、枇杷叶 450g、白花鬼灯笼 675g、甘草 450g、胡颓子叶 450g、盐酸麻黄碱 13g、党参 450g,以上十五味，除苦杏仁、盐酸麻黄碱外，胡颓子叶粉碎成粗粉；其余无患子根等十二味加水煎煮二次，第一次 4 小时，第二次 2 小时，滤过，滤液合并，浓缩成稠膏，与胡颓子叶粗粉混匀，干燥，加入苦杏仁，粉碎成细粉，过筛，混匀。每 100g 粉末用炼蜜 20g 加适量的水泛丸，干燥，均匀加入盐酸麻黄碱，原色打光；或以金石粉包衣，打光，即得
桑姜感冒注射液,注射剂,散风清热，祛痰止咳。用于感冒，咳嗽，头痛，咽喉肿痛,桑叶 150g、菊花 20g、紫苏 80g、连翘 80g、苦杏仁 80g、干姜 50g,以上六味，加水煎煮二次，第一次 2 小时，第二次 1 小时，合并煎液，滤过，滤液浓缩至 100ml，加乙醇，使含醇量分别为 60%、70%、80%，静置，滤过，回收乙醇，残渣加水溶解并煮沸 10 分钟，加活性炭适量，滤过，加水至 900ml，加入苯甲醇 10ml，用 4% 氢氧化钠溶液调 pH 值至 7.5，用氯化钠调至等渗，静置 48 小时，滤过，加入 3ml 聚山梨酯 80，煮沸，滤过，滤液加注射用水至 1000ml，灌封，灭菌，即得
消食健脾丸,丸剂,健脾消食，除湿止泻。用于脾胃虚弱，消化不良，气虚湿滞，食积腹泻,党参 144g、白扁豆 (炒) 144g、山楂 (焦) 144g、甘草 23g、木香 12g、陈皮 96g、麦芽 (炒) 96g、枳实 (麸炒) 96g、山药 (麸炒) 80g、茯苓 96g、草豆蔻 (炒) 48g、白术 (麸炒) 96g,以上十二味，粉碎成细粉，过筛，混匀。每 100g 粉末加炼蜜 140~160g，制成大蜜丸，即得
消积化虫胶囊,胶囊剂,消积杀虫。用于小儿脾虚胃弱，消化不良，食积停滞，腹胀肚疼及蛔虫,白术 (麸炒) 25g、茯苓 25g、使君子 (去壳) 25g、牵牛子 (炒) 20g、陈皮 15g、厚朴 (姜制) 15g、槟榔 15g、山楂 15g、甘草 10g、神曲 (麸炒) 10g,以上十味，粉碎成细粉，混匀，过筛，分装胶囊，即得
消积顺气丸,丸剂,开胸顺气，消积导滞。用于饮食不节，积滞内停，气郁不舒所致的胸腹痞满胀痛，胃脘疼痛，呕吐恶心，以及赤白痢疾,槟榔 100g、枳实 (炒) 100g、山楂 100g、木香 100g、六神曲 (炒) 100g、大黄 (酒蒸) 1000g、乌药 150g、麦芽 (炒) 100g、青皮 (醋炒) 150g、莱菔子 (炒) 150g、甘草 50g、厚朴 (制) 100g,以上十二味，粉碎成细粉，过筛，混匀，用水泛丸，低温干燥，即得
消痔灵片,片剂,收敛止血，解毒敛疮。用于内外痔疮,五倍子 200g、白蔹 1000g、卷柏 1000g、地榆 1000g、槐花 1000g、牛羊胆酸 22.5g,以上六味，除牛羊胆酸外，其余五倍子等五味，加水煎煮三次，每次 2 小时，滤过，合并滤液，浓缩成稠膏，干燥，研成细粉，过筛，备用；另取牛羊胆酸及适量的糖粉和低取代羟丙基甲基纤维素，分别过 40 目筛，混合均匀，与上述备用膏粉混合均匀，然后喷入 95% 乙醇，润湿混合粉，混匀，移入密封胶袋中，放置过夜，取出，过 10 目筛，加入适量硬脂酸镁，拌匀，压制成 1000 片，包糖衣或薄膜衣，即得
消癌平片,片剂,抗癌，消炎，平喘。用于食道癌、胃癌、肺癌，对大肠癌、宫颈癌、白血病等多种恶性肿瘤，亦有一定疗效，亦可配合放疗、化疗及手术后治疗，并用于治疗慢性气管炎和支气管哮喘,乌骨藤 1500g（按 1000 片计）,取乌骨藤 1500g，浸泡 12 小时，加水煎煮三次，第一次 2 小时，第二次 1.5 小时，第三次 1 小时，合并煎液，滤过，滤液浓缩至相对密度为 1.23（70~80℃），加入糊精及淀粉适量，混匀，制粒，60℃干燥，加入硬脂酸镁 5g，混匀，压制成 1000 片，包糖衣，即得
消癌平糖浆,糖浆剂,抗癌，消炎，平喘。用于食道癌、胃癌、肺癌、肝癌。对恶性淋巴癌、大肠癌、宫颈癌、白血病等恶性肿瘤亦有疗效。并可配合放疗、化疗和手术后治疗。并用于慢性气管炎、支气管哮喘,乌骨藤 1000g（按 1000ml 计）,取乌骨藤 1000g，浸泡 12 小时，加水煎煮三次，第一次 2 小时，第二次 1.5 小时，第三次 1 小时，合并煎液，滤过，冷藏 12 小时，取上清液，浓缩至 250ml，另取蔗糖 650g，加水煮沸制成糖浆，与上述浓缩液混匀，煮沸，放冷，加入防腐剂与香精适量，加水至 1000ml，搅匀，即得
消糜栓,栓剂,清热解毒，燥湿杀虫，祛腐生肌。适用于子宫颈糜烂，滴虫性阴道炎，霉菌性阴道炎，非特异性阴道炎及支原体感染，淋病双球菌感染等病症,人参皂甙 25g、紫草 500g、黄柏 500g、苦参 500g、枯矾 400g、冰片 200g、儿茶 500g,以上七味，取儿茶、枯矾粉碎成细粉，冰片研细，备用。取黄柏、苦参加水煎煮三次，依次为 2、1、1 小时，合并煎液，滤过，滤液浓缩至适量，加乙醇使含醇量为 75%，静置使沉淀，取上清液回收乙醇，浓缩至稠膏状，与上述细粉及人参皂甙粉混匀，加入聚氧乙烯单硬脂酸酯及甘油制成的基质中，混匀，浇模，冷却，脱模，制成 1000 枚，即得
润喉药茶,茶剂,宣肺降气、润喉，通便、生津利咽、清音亮嗓、健脾益肾、提精神。用于咽干、咽痛、异物症、声音不利等,陕青茶（适量，切成 2~3mm 小段）、米兰花（适量，粉碎成细粉）、润喉散（桔梗 1g、射干 1g、胖大海 1g、石斛 1g、木蝴蝶 0.6g）,以上三味，陕青茶切成 2~3mm 小段，低温干燥，过筛；米兰花粉碎成细粉；将润喉散与上述粉末混匀，装袋，即得
热可平注射液,注射剂,解热。用于一般高烧和流感及其他病毒性疾患引起的高热，亦可用于痢疾引起的发热,北柴胡 275g、鹅不食草 275g,以上二味，加水浸渍 24 小时，蒸馏，收集 50 倍量蒸馏液，蒸馏液重蒸馏一次，收集蒸馏液 900ml，加 10ml 聚山梨酯 80、氯化钠 9g，加注射用水至 1000ml，搅匀，调 pH 值至 5.5，滤过，灌封，灭菌，即得
热毒平颗粒,颗粒剂,清热解毒。用于治疗流感，上呼吸道感染及各种发热疾病,生石膏 670g、金银花 134g、连翘 67g、栀子 67g、地黄 134g、甜地丁 67g、黄芩 67g、龙胆 67g、板蓝根 67g、知母 54g、麦冬 54g、玄参 107g,以上十二味，加水煎煮两次，第一次 2 小时，第二次 1 小时，合并煎液，滤过，滤液浓缩至相对密度为 1.28~1.32（50~60℃）清膏。将清膏低温真空干燥，粉碎成细粉，加入辅料混匀，干压制粒，分装，即得（应出颗粒细粉 700g）
珠贝定喘丸,丸剂,理气化痰，镇咳平喘，补气温肾。用于治疗支气管哮喘、慢性支气管炎等久病喘咳，痰涎壅盛等症,珍珠 0.67g、川贝母 40.0g、琥珀 6.67g、人工牛黄 1.0g、细辛 27.0g、葶苈子 133g、肉桂油 0.2ml、陈皮 27.0g、紫苏油 0.15ml、麻黄 100g、五味子 13.0g、猪胆粉 3.0g、人参 1.67g、氨茶碱 8.0g、盐酸异丙嗪 1.0g,以上十五味，珍珠粉碎成极细粉；琥珀和 27g 川贝母、人工牛黄、氨茶碱、盐酸异丙嗪粉碎成细粉；人参、葶苈子、五味子、陈皮和 13g 川贝母照流浸膏剂与浸膏剂项下的渗漉法（附录 I O），用 50% 乙醇作溶剂进行渗漉，收集渗漉液，回收乙醇并浓缩成稠膏，备用；麻黄加水煎煮二次，每次 2 小时，合并煎液，滤过，滤液浓缩至相对密度约为 1.2（25~30℃），加入乙醇使含醇量达 60%，静置，滤过，滤液回收乙醇并浓缩成稠膏，备用；细辛用水蒸气蒸馏提取挥发油，药渣加水煎煮二次，每次 2 小时，合并煎液，滤过，滤液浓缩至相对密度约为 1.2（25~30℃），加入乙醇使含醇量达 50%，静置，滤过，滤液回收乙醇并浓缩成稠膏。将上述药粉、稠膏及肉桂油、紫苏油、细辛挥发油（0.15ml）、猪胆粉和适量辅料混匀，制成软材，共制成 1000 丸，在 70℃以下干燥，包活性炭衣，即得
益气养血口服液,口服液,益气养血。用于身体虚弱，气短心悸，面色不华,人参 (去芦) 8.3g、黄芪 83.4g、党参 75g、麦冬 50g、当归 33.3g、白术 (炒) 33.3g、地黄 33.3g、制何首乌 30g、五味子 25g、陈皮 33.3g、地骨皮 25g、鹿茸 1.7g、淫羊藿 50g,以上十三味，鹿茸切片，加水煎煮二次，每次 3 小时，合并煎液，滤过，滤液浓缩至相对密度 1.20~1.25（20℃），加 3 倍量乙醇，沉淀，滤过，回收乙醇，备用；其余党参等十二味，加水煎煮二次，第一次 3 小时，第二次 2 小时，合并煎液，滤过，滤液浓缩至相对密度 1.19（20℃）与上述备用液合并，加入蔗糖 133g、炼蜜 267g，煎煮 30 分钟，冷却后加入香精，对羟基苯甲酸乙酯适量，调整总量至 1000ml，搅匀，即得
益肾养元合剂,口服液,补益肝肾，健脾益气，涩精止遗。用于肝肾不足，脾气虚弱，面色萎黄，倦怠纳差，腰膝酸痛，遗精梦泄,何首乌 156g、狗脊 156g、黄精 156g、菟丝子 10.4g、金樱子 364g、补骨脂 10.4g、当归 8.3g、陈皮 6.3g,以上八味，加水煎煮二次，滤过，合并滤液，浓缩至适量，加入乙醇使含醇量约为 60%，放置，滤过，滤液回收乙醇，药液备用；取蔗糖 250g 制成单糖浆，加入上述药液及适量防腐剂，加水使成 1000ml，混匀，静置，滤过，即得
脑心舒口服液,口服液,滋补强壮，镇静安神。用于身体虚弱，心神不安，失眠多梦，神经衰弱，头痛眩晕，属上述证候者,蜜环菌浓缩液 600g、蜂王浆 25g,以上二味，取蜂蜜 450g 加热炼制（90~100℃），滤过，放冷，与研磨好的蜂王浆混匀，再加入蜜环菌浓缩液、苯甲酸钠 3g 及香精的乙醇液，混匀，调整总量至 1000ml，搅匀，滤过，即得
莫家清宁丸,丸剂,清理胃肠，泻热润便。用于饮食停滞，腹肋膨胀，头昏耳鸣，口燥舌干，咽喉不利，两目红赤，牙齿疼痛，大便秘结，小便赤黄,大黄 250g、黄芩 20g、厚朴 12g、半夏 (制) 12g、桃仁 20g、杏仁 12g、陈皮 12g、车前子 12g、香附 12g、侧柏叶 12g、桑叶 12g、木香 6g、枳壳 12g、白术 12g、绿豆 20g、黑豆 20g、麦芽 20g,以上十七味，将大黄碎成碎块，用水浸润，置容器中蒸 20 分钟，取出晾干，如此重复九次。九制大黄晾干后，加适量黄酒搅拌均匀，闷制，晾干。黄芩等其余十六味药破碎后与大黄共研成细粉，以蜂蜜、牛乳及蒸馏水的混合液为粘合剂制成小丸，干燥，即得
莲芝消炎片,片剂,清热解毒，凉血消肿。用于肺胃有热、火毒内盛引起的咳嗽气喘、痄腮、乳蛾、喉痹咽痛,穿心莲干浸膏 (以穿心莲总内酯计) 15g、山芝麻干浸膏（适量，折合原生药约 500g）,以上二味，穿心莲干浸膏系取穿心莲叶，粉碎，用乙醇浸渍三次，浸出液滤过，合并滤液，回收乙醇并浓缩至稠膏状，干燥，即得。山芝麻干浸膏系取山芝麻，以 60% 乙醇加热回流提取三次，合并提取液，回收乙醇并浓缩至稠膏状，即得（含水分不得过 5.0%）。取上述干浸膏，加入适量辅料，粉碎成细粉，制成颗粒，干燥，压制成 1000 片，包薄膜衣，即得
通便消痤胶囊,胶囊剂,益气活血，通便排毒。用于气虚血瘀，热毒内盛，便秘、痤疮、颜面色斑，高脂血症,大黄 150g、白术 180g、西洋参 150g、芒硝 20g、枳实 120g、青阳参 90g、小红参 90g、肉苁蓉 150g、荷叶 90g,以上九味，取枳实、青阳参、肉苁蓉、白术 120g、大黄 50g 和西洋参 50g，分别粉碎成中粉，加 8 倍量 85% 乙醇回流提取二次，每次 2 小时，滤过，合并滤液，减压回收乙醇，并浓缩成稠膏备用；药渣备用。取小红参、荷叶、芒硝粉碎成粗粉，与上述药渣混合，加水煎煮二次，第一次加 8 倍量水，煎煮 2 小时，第二次加 4 倍量水，煎煮 2 小时，合并煎液，滤过，滤液与上述醇提稠膏混匀后，减压浓缩成相对密度为 1.35~1.40（50℃）的清膏。将剩余的大黄、西洋参、白术分别粉碎成细粉，混匀，加入上述清膏中，制成软材，制粒，烘干、整粒、装胶囊，制成 1000 粒，即得
通络生乳糖浆,糖浆剂,通经活络下乳。用于气血不足，经络不通，奶汁灰白稀薄,天花粉 100g、马悬蹄 120g、丝瓜络 100g、穿山甲 (醋制) 60g、北沙参 20g、鹿角 20g,以上六味，丝瓜络、穿山甲、北沙参加水煎煮二次，第一次 2 小时，第二次 1 小时，煎液合并；鹿角加水浸渍 7 天（注意换水），装袋与马悬蹄加水煎煮三次，第一次 8 小时，第二、三次各 6 小时，煎液合并；鹿角加水煎煮，每 6 小时取煎液一次，直至煮酥为止，煎液与上述煎液合并，滤过，滤液浓缩至适量。天花粉粉碎成粗粉，照流浸膏剂与浸膏剂项下的渗漉法（附录 I O），用 25% 乙醇作溶剂，浸渍 24 小时后进行渗漉，收集渗漉液 600ml，与上述浓缩液合并，混匀，静置 3 天，吸取上清液，余液滤过，滤液与上清液合并，混匀，静置 5 天，吸取上清液，加入单糖浆（按总药液量的 76.82%）和苯甲酸钠（按总药液量的 0.3%，用热水溶解），混匀，测定相对密度，调整总量至 3072ml，灌装，即得
通脉口服液,口服液,活血通脉。用于缺血性心脑血管疾病，动脉硬化，脑血栓，脑缺血，冠心病，心绞痛,丹参 500g、川芎 500g、葛根 500g,以上三味，加水煎煮二次，第一次 1.5 小时，第二次 1 小时，合并煎液，滤过，滤液浓缩至相对密度 1.18~1.22（50℃），放冷，加乙醇使含醇量达 65%，冷藏 48 小时，滤过，滤液回收乙醇至无醇味，并浓缩至相对密度为 1.10~1.14（50℃），加单糖浆 350ml，山梨酸钾 1.8g，调整总量至 1000ml，搅匀，静置，灌封，灭菌，即得
速克感冒片,片剂,清热解毒，疏风止痛。用于外感风热、风温时毒所致流行性感冒、上呼吸道感染等症,忍冬藤 1200g、野菊花 600g、射干 200g、乙酰水杨酸 60g、马来酸氯苯那敏 1g、维生素 C25g,以上六味，除乙酰水杨酸、马来酸氯苯那敏、维生素 C 外，其余忍冬藤等三味，加水煎煮二次，每次 0.5 小时，合并煎液，滤过，滤液浓缩成稠膏，加乙醇使含醇量为 60%，静置，滤过，回收乙醇并浓缩至稠膏，加淀粉适量，制成颗粒，干燥，与上述乙酰水杨酸、马来酸氯苯那敏、维生素 C 混匀，压制成 1000 片，包薄膜衣，即得
速克感冒胶囊,胶囊剂,清热解毒。用于流行性感冒、上呼吸道感染等症,忍冬藤 2400g、野菊花 1200g、射干 400g、乙酰水杨酸 120g、马来酸氯苯那敏 2g、维生素 C50g,以上六味，除乙酰水杨酸、马来酸氯苯那敏、维生素 C 外，其余忍冬藤等三味，加水煎煮二次，每次 0.5 小时，合并煎液，滤过，滤液浓缩成稠膏，加乙醇使含醇量为 60%，静置，滤过，回收乙醇并浓缩至稠膏，加淀粉适量，制成颗粒，干燥，与上述乙酰水杨酸、马来酸氯苯那敏、维生素 C 混匀，装入胶囊，制成 1000 粒，即得
速感宁胶囊,胶囊剂,清热解毒，消炎止痛。适用于风热感冒，流行性感冒及上呼吸道感染引起的头痛身痛，鼻塞流涕，咳嗽痰黄，咽喉肿痛，齿龈肿痛等病症,金银花 1600g、对乙酰氨基酚 100g、大青叶 800g、马来酸氯苯那敏 1.0g、山豆根 400g、维生素 C200g,以上六味，取金银花、大青叶、山豆根加水煎煮三次，依次为 3、2、1 小时，滤过，合并滤液，浓缩成膏，干燥，粉碎成细粉，加入对乙酰氨基酚等三味充分混匀，干燥，过筛，分装，制成 1000 粒，即得
速感宁胶囊,胶囊剂,清热解毒，消炎止痛。适用于风热感冒，流行性感冒及上呼吸道感染引起的头痛身痛，鼻塞流涕，咳嗽痰黄，咽喉肿痛，齿龈肿痛等病症,金银花 1600g、大青叶 800g、山豆根 400g、对乙酰氨基酚 100g、马来酸氯苯那敏 1.0g、维生素 C200g,以上六味，取金银花、大青叶、山豆根加水煎煮三次，依次为 3、2、1 小时，滤过，合并滤液，浓缩成膏，干燥，粉碎成细粉，加入对乙酰氨基酚等三味充分混匀，干燥，过筛，分装，制成 1000 粒，即得
康妇软膏,膏剂,祛风燥湿，止痒杀虫，防腐生肌。用于外阴炎、外阴溃疡、阴道炎等引起的外阴或阴道充血，肿胀，灼热，疼痛，分泌物增多或局部溃疡、糜烂、瘙痒等,白芷 145g、蛇床子 145g、花椒 145g、青木香 30g、冰片 30g,以上五味，除冰片外，其余白芷等四味用水蒸气蒸馏，分别收集芳香水及水煎液，芳香水进行重蒸馏，得精馏液；水煎液滤过，滤液浓缩至相对密度约为 1.20 (25℃)，加乙醇使含醇量为 70%，静置，取上清液用 10% 氢氧化钠溶液调 pH 值至 8.0，静置过夜，回收乙醇，流通蒸气灭菌 30 分钟，与精馏液合并，搅匀，备用；冰片研为细粉，过筛，备用。另将油相硬脂酸、羊毛脂、液体石蜡与水相三乙醇胺、甘油、蒸馏水分别加热至约 70℃，在搅拌下，将水相加入油相中，冷却至 40℃，加入适量防腐剂，搅匀，制成基质。取上述药液，加热至 50~60℃，加入基质中，搅拌，加入冰片细粉，搅匀，使色泽一致，制成软膏 1000g，分装，即得
康复春口服液,口服液,益气固表，养心安神，健脾和胃。用于心脾俱虚，饮食少思，腹胀腹满，少气乏力，心慌心悸，精神倦怠，失眠。本品对冠心病引起的胸闷心痛，气短多汗，左心室收缩功能减退，以及对高脂血症，急性和慢性活动性肝炎引起的谷 - 丙转氨酶升高均有辅助治疗作用,黄芪 200g、人参 7.5g、玉竹 10g、蜂王浆 25g,以上四味，将黄芪、人参、玉竹酌予碎断，加水浸 2 小时后，煎煮三次，每次 1~1.5 小时，合并煎液，滤过，滤液减压浓缩至药材 2 倍量，加入乙醇使含醇量达 70%，充分搅拌，冷藏 24 小时，滤过，滤液回收乙醇至无醇味，加蜂王浆稀释液和矫味剂、防腐剂适量，调 pH 值至 3.5~5.0，加水调整总量至 1000ml，滤过、灌封，即得
康媛颗粒,颗粒剂,疏肝解郁，理气止痛，养血调经。用于经前期紧张综合症及原发性痛经，经前乳房胀痛，经来小腹疼痛,黄芪 50g、当归 50g、枸杞子 50g、香附 (制) 50g、柴胡 15g、茯苓 50g、白术 (炒) 50g、续断 50g、白芍 25g、甘草 10g、陈皮 10g,以上十一味，加水煎煮二次，第一次 2 小时，第二次 1.5 小时，合并煎液，滤过，静置，取上清液浓缩至相对密度为 1.29~1.34 (80℃) 的清膏。取清膏 1 份、蔗糖 5.5 份及乙醇适量制成颗粒，干燥，即得
排石利胆颗粒,颗粒剂,舒肝理气，利胆排石。用于胆囊炎，胆石症,茵陈 500g、柴胡 (醋炙) 150g、金钱草 500g、龙胆 250g、赤芍 150g、郁金 150g、蒲黄 150g、大黄 150g、五灵脂 150g、芒硝 100g,上述药置密闭容器内煮提两次，第一次加水 8 倍量，第二次加水 6 倍量，每次煮提 1 小时，滤过，合并滤液，浓缩至相对密度 1.27~1.32 (80℃)，加糖适量制成颗粒 3000g，干燥即得
梁财信跌打丸,丸剂,活血散瘀，消肿止痛。用于轻微跌打损伤，积瘀肿痛，筋骨扭伤,牡丹皮 122g、防风 122g、乌药 132g、当归尾 49g、韩信草 24g、鸡骨香 122g、赤芍 122g、蒲黄 122g、大黄 (黄酒炖) 244g、徐长卿 73g、朱砂根 24g、三棱 122g、延胡索 122g、桃仁 98g、木香 37g、小驳骨 24g、两面针 24g、郁金 122g、益母草 98g、枳壳 61g、牛大力 24g、毛麝香 24g、莪术 122g、五灵脂 122g、柴胡 73g、黑老虎 24g、鹅不食草 24g、骨碎补 122g、续断 122g、红花 98g、青皮 44g、大驳骨 24g,以上三十二味，粉碎成细粉，过筛，混匀。每 100g 粉末加炼蜜 130~140g，制成大蜜丸，即得
清肺止咳散,散剂,清肺止咳。用于感冒咳嗽，小儿百日咳，支气管炎等,清半夏 200g、黄芩 150g、苦杏仁 200g、川贝母 100g、大青叶 100g、茶叶 100g、葶苈子 150g、青黛 10g、白果仁 200g、冰片 1g、松花粉 200g,以上十一味，除青黛外，冰片研细，其余清半夏等九味粉碎成细粉，与青黛、冰片配研，过筛，混匀即得
清肺抑火膏,膏剂,清肺止咳，降火生津。用于肺热咳嗽，痰涎壅盛，咽喉肿痛，口鼻生疮，牙齿疼痛，牙根出血，大便干燥，小便赤黄,黄芩 140g、大黄 120g、天花粉 80g、栀子 80g、桔梗 80g、前胡 40g、苦参 60g、知母 60g、黄柏 40g,以上九味，加水煎煮三次，合并煎液，滤过，浓缩成膏。500g 清膏加炼蜜 1000g，加苯甲酸钠 0.3%，混匀，浓缩至规定的相对密度，过滤，即得
清咽解毒散,散剂,清热解毒，消炎利咽。用于喉痹乳蛾，口舌生疮，牙龈肿痛,天花粉 200g、炉甘石 (制) 30g、玄明粉 300g、青黛 400g、人中白 (煅) 300g、石膏 400g、冰片 3g、硼砂 (煅) 200g、象牙屑 300g、青果炭 300g,以上十味，除冰片、青黛外，硼砂、石膏、青果炭和玄明粉研成细粉，其余天花粉等四味粉碎成最细粉，以上两种粉末与冰片、青黛配研，过筛，混匀，置球磨机内研磨，再过七号筛，即得
清热定惊散,散剂,定惊清热，祛风除痰。用于小儿惊风，痰涎壅盛，咳嗽气喘，食滞呕吐，腹痛泄泻,黄芩 33g、独活 33g、天花粉 33g、茯苓 33g、胆南星 39g、羌活 18g、黄连 13g、赭石 31g、冰片 61.8g、人工牛黄 25g、猪牙皂 33g、白术 (蒸) 33g、山药 33g、白芍 33g、陈皮 17g、天竺黄 17g、栀子 8g、紫苏叶 17g、麝香 12.46g、甘草 33g、朱砂 (水飞) 78g、天麻 (姜汁制) 33g、龙骨 (水飞) 16g、厚朴 (姜汁、酒制) 33g、钩藤 (姜汁制) 33g、白附子 (制) 39g、蝉蜕 17g、僵蚕 (姜汁制) 17g、全蝎 (制) 17g、半夏 (制) 53g、雄黄 (水飞) 31g、琥珀 (水飞) 62g,以上三十三味，粉碎成细粉，过筛，混匀，即得
清热散结片,片剂,消炎解毒，散结止痛。用于急性结膜炎，急性咽喉炎，急性扁桃腺炎，急性肠炎，急性菌痢，上呼吸道炎，急性支气管炎，淋巴结炎，疮疖疼痛，中耳炎，皮炎湿疹,千里光 3000g,取千里光 3000g，加水煎煮二次，每次 2 小时，滤过，合并滤液，浓缩成相对密度为 1.18~1.19 (25℃) 的稠膏，加入相当于稠膏 1 倍量的乙醇，静置使沉淀，滤过，滤液回收乙醇，浓缩成稠膏，干燥，研成细粉，加适量的辅料，制颗粒，干燥，压制成 1000 片 (小片) 或 375 片 (大片)，包糖衣，即得
清热解毒片,片剂,清热解毒。用于治疗流感，上呼吸道感染及各种发热性疾病,生石膏 670g、金银花 134g、玄参 107g、地黄 80g、连翘 67g、栀子 67g、甜地丁 67g、黄芩 67g、龙胆 67g、板蓝根 67g、知母 54g、麦冬 54g,以上十二味，连翘、黄芩粉碎成细粉，其余生石膏等十味加水煎煮三次，第一次温浸 2 小时后煎煮 1.5 小时，第二次煎煮 1.5 小时，第三次煎煮 1 小时。分别滤过，合并滤液，浓缩至相对密度为 1.30 (80℃)，加入上述细粉，混匀，干燥，粉碎成细粉，制粒，加 1% 硬脂酸镁拌匀，压制成 1000 片，包糖衣，即得
痔舒适洗液,口服液,清热燥湿，化瘀解毒，止血消肿，止痛止痒。用于痔疮急性发作,槐角 100g、三七 80g、苦参 110g、白及 100g、蛇床子 100g、败酱草 100g、艾叶 65g、马齿苋 80g、金银花 65g、防风 65g、白矾 50g、硼砂 50g、冰片 5g、甘草 30g,以上十四味，冰片加适量乙醇溶解；白矾、硼砂用适量水溶解；三七粉碎成粗粉，照流浸膏剂与浸膏剂项下的渗漉法 (附录 I O)，用 70% 乙醇作溶剂，浸渍 24 小时后进行渗漉，渗漉液回收乙醇，浓缩至相对密度为 1.0~1.1 (50℃)，药渣备用。金银花、蛇床子、艾叶提取挥发油，挥发油加适量聚山梨酯 80，混匀，蒸馏后的水溶液另器收集。上述两种药渣合并，与其余槐角等七味加水煎煮三次，第一次 2 小时，第二次 1.5 小时，第三次 1 小时，合并煎液，滤过，滤液浓缩至与生药量比为 1:1，加乙醇使含醇量达 60%，搅匀，静置 48 小时，取上清液回收乙醇，浓缩至相对密度为 0.9~1.1 (50℃)，加入冰片及上述各药液，加水调整总量至 1000ml，搅匀，灌封，灭菌，即得
盘龙七片,片剂,活血化瘀，祛风除湿，消肿止痛。用于风湿性关节炎，腰肌劳损，骨折及软组织损伤,盘龙七 50g、壮筋丹 10g、五加皮 50g、杜仲 50g、当归 125g、珠子参 5g、青蛙七 5g、过山龙 25g、秦艽 50g、木香 25g、祖司麻 5g、络石藤 25g、川乌 5g、白毛七 10g、铁棒锤 5g、草乌 5g、老鼠七 10g、支柱蓼 25g、红花 25g、没药 25g、竹根七 25g、缬草 50g、伸筋草 10g、牛膝 50g、丹参 75g、羊角七 25g、八里麻 25g、重楼 75g、乳香 25g,以上二十九味，除祖司麻，竹根七、白毛七、过山龙、羊角七、络石藤、缬草、伸筋草外，其余二十一味粉碎成细粉，过筛，混匀，粗粉连同祖司麻等八味加水煎煮二次，每次 2 小时，合并煎液滤过，滤液浓缩成相对密度为 1.20 (60℃) 的浸膏，与上述细粉混匀，加入适量淀粉、蔗糖粉，混匀，制成颗粒，干燥，压制成 3000 片，包糖衣，即得
盘龙七药酒,酒剂,活血化瘀，祛风除湿，消肿止痛。用于风湿性关节炎，跌打损伤，腰肌劳损，软组织损伤,盘龙七 50g、壮筋丹 10g、五加皮 50g、杜仲 50g、当归 125g、珠子参 5g、青蛙七 5g、过山龙 25g、秦艽 50g、木香 25g、祖司麻 5g、络石藤 25g、川乌 5g、白毛七 10g、铁棒锤 5g、草乌 5g、老鼠七 10g、支柱蓼 25g、红花 25g、没药 25g、竹根七 25g、丹参 75g、伸筋草 10g、牛膝 50g、羊角七 25g、八里麻 25g、重楼 75g、乳香 25g、红曲 15g,以上三十味，共粉碎成粗粉，加玉米酒 (60%) 15000ml，密闭，浸渍七至十日，滤过 (药渣压榨)，滤液用 20% 氢氧化钠溶液调节 pH 值至 6.0~6.5，加入 30ml 聚山梨酯 80，搅匀放置，滤过，即得
维 C 银翘片,片剂,辛凉解表，清热解毒。用于流行性感冒引起的发热头痛、咳嗽、口干、咽喉疼痛,金银花 180g、连翘 180g、荆芥 72g、淡豆豉 90g、淡竹叶 72g、牛蒡子 108g、芦根 108g、桔梗 108g、甘草 90g、马来酸氯苯那敏 1.05g、对乙酰氨基酚 105g、维生素 C49.5g、薄荷油 1.08ml,以上十三味，连翘、荆芥、金银花分别提取挥发油，药渣与淡竹叶、淡豆豉、芦根、桔梗、甘草加水煎煮二次，每次 2 小时，滤过，合并滤液；牛蒡子用 60% 乙醇加热回流提取二次，每次 4 小时，滤过，合并滤液，回收乙醇，加入石蜡使溶解，冷却至石蜡浮于液面，除去石蜡层。合并以上各药液，浓缩成稠膏，加入适量的辅料，干燥成干膏，粉碎，加入对乙酰氨基酚，再加入用辅料包膜制成的维生素 C 微粒，混匀，制成颗粒，干燥，与马来酸氯苯那敏混匀，喷入上述挥发油及薄荷油，压制成 1000 片，包糖衣；或取上述干膏粉，加入对乙酰氨基酚和马来酸氯苯那敏，混匀，制成颗粒，喷入上述挥发油及薄荷油，混匀，与维生素 C 压成夹心片或多层片，制成 1000 片，包糖衣，即得
羚羊清肺散,散剂,清热泻火，凉血解毒，化痰息风。用于温热病，高热神昏，烦躁口渴，痉厥抽搐及小儿肺热咳嗽,羚羊角粉 15g、赤芍 30g、板蓝根 70g、连翘 30g、金银花 60g、知母 40g、天花粉 30g、琥珀 30g、甘草 50g、朱砂 60g、石膏 60g、冰片 50g、栀子 50g、芦根 70g、水牛角浓缩粉 40g、川贝母 50g、桔梗 50g、僵蚕 (炒) 30g,以上十八味，除羚羊角粉、琥珀、冰片、水牛角浓缩粉外，朱砂水飞或粉碎成极细粉，其余芦根等十三味粉碎成细粉，将羚羊角粉、冰片、琥珀、水牛角浓缩粉研细与上述粉末配研，过筛，混匀，即得
羚翘解毒片,片剂,辛凉解表，清热解毒。用于外感温邪或风热引起的畏风发热、四肢酸懒、头痛鼻塞、咳嗽咽痛,金银花 215g、连翘 215g、荆芥穗 215g、薄荷 215g、牛蒡子 (炒) 144g、淡豆豉 215g、淡竹叶 72g、桔梗 215g、甘草 72g、冰片 64g、羊角粉 4.9g,以上十一味，除羊角粉、冰片外，金银花 120g、桔梗粉碎成细粉；冰片研细；薄荷、荆芥穗提取挥发油，蒸馏后的水溶液另器收集；牛蒡子、淡豆豉、甘草加水煎煮二次，第一次 3 小时，第二次 1 小时，合并煎液滤过；剩余的金银花，连翘、淡竹叶加水煮沸后，于 80℃温浸二次，第一次 2 小时，第二次 1 小时，合并浸出液，滤过，滤液与上述药液合并，减压浓缩至相对密度 1.35~1.40 (50℃) 的稠膏，加入金银花、桔梗细粉，混匀，制成颗粒，干燥，放冷。喷加薄荷等挥发油及冰片粉末，混匀，压制成 1000 片，即得
野木瓜注射液,注射剂,祛风止痛，舒筋活络。用于风邪阻络型三叉神经痛、坐骨神经痛,野木瓜 2500g,取野木瓜 2500g，加水煎煮三次，每次 2 小时，合并煎液，滤过，滤液减压浓缩至 1000ml，加乙醇 5000ml，搅匀，冷藏，放置使沉淀，滤过，滤液减压回收乙醇，加水至 500ml；用 6mol/L 盐酸溶液调节 pH 值至 2.0，冷藏，放置使沉淀，滤过，滤液用 20% 氢氧化钠溶液调节 pH 值至中性，减压浓缩成稠膏状，加 8 倍量的乙醇，搅匀，冷藏，放置使沉淀，滤过，滤液减压回收乙醇，加注射用水 500ml，用 8% 氢氧化钠溶液调节 pH 值至 7.0~7.5，加 10g 聚山梨酯 80 和苯甲醇 10ml，加注射用水至 1000ml，加活性炭 2g、搅拌，滤过，灌封，灭菌，即得
银翘合剂,口服液,辛凉解表，清热解毒。用于风热感冒，发热头痛，咳嗽口干，咽喉疼痛,金银花 80g、连翘 80g、薄荷 48g、荆芥 32g、淡豆豉 40g、牛蒡子 48g、桔梗 48g、淡竹叶 32g、芦根 80g、甘草 32g,以上十味，淡豆豉加水温浸 (50℃) 二次，每次 2 小时，合并浸液，滤过，滤液浓缩至适量，备用；薄荷，连翘、荆芥分别蒸馏提取挥发油，蒸馏后的水溶液另器保存备用；药渣与其余金银花等六味加水煎煮二次，每次 2 小时，合并煎液，滤过，滤液与上述备用液合并，浓缩至适量，放冷，加乙醇至含醇量约为 65%，静置 24 小时，滤过，滤液回收乙醇，浓缩至适量，加单糖浆 350ml、苯甲酸钠 3g，加入上述挥发油 (溶于 6 倍量的聚山梨酯 80 中)，再加水至 1000ml，搅匀，即得
雪上一枝蒿总碱注射液,注射剂,祛风，抗炎，镇痛。用于风湿疼痛，关节炎，跌打损伤,雪上一枝蒿总生物碱 5g,取雪上一枝蒿总生物碱 5g，加盐酸乙醇溶液 (1→20) 适量，溶解后，加配制体积 2% 的无水乙醇和 0.8~0.9% 的注射用氯化钠，加水至 10000ml，搅匀，调节 pH 值 4.0~5.0，灌封，即得
雪梨蜜膏,膏剂,润肺止咳，利咽润肠。用于肺燥干咳，咽干声嘶，肠燥便秘等症,梨清膏 500g、蜂蜜 500g,取梨清膏加水适量煮沸，滤过，静置 8~12 小时，取上清液浓缩至相对密度 1.023。另将蜂蜜加水 500ml 溶化，煮沸 5~10 分钟，滤过，加入梨清膏，混匀，煮沸 5~10 分钟，加入苯甲酸钠适量，滤过，放置室温后加香精适量，混匀，即得
雪哈大补素片,片剂,益气敛阳，安神镇静。用于神经衰弱，肾虚咳嗽，身体虚弱,哈蟆油 100g、红参 (去芦) 34g,以上二味，取哈蟆油 60℃低温干燥，红参 80℃干燥，蔗糖 67g70℃干燥，混合，粉碎成细粉，过筛，用乙醇制粒，干燥，压制成 1000 片，包糖衣，即得
鹿茸胶,膏剂,益肾填精。用于肾阳虚衰，精血不足引起：腰膝酸软，阳痿早泄，妇女宫寒带下，不孕,鹿茸 (去毛) 500g、阿胶 750g,以上二味，取鹿茸加水煎煮五次，每次 1.5 小时，合并胶液，滤过，加入白矾细粉 0.3~0.6g，搅拌，静置，取上清液，兑入阿胶 (加少量水溶解)，浓缩至浓稠时，加入冰糖 100g、白酒 100g 及花生油适量，文火浓缩至稠膏状，冷凝，切块、阴干，即得
麻杏止咳糖浆,糖浆剂,镇咳，祛痰，平喘。用于急、慢性支气管炎及喘息等,麻黄 120g、苦杏仁 80g、石膏 240g、甘草 (炙) 60g,以上四味，苦杏仁压榨去油；其余三味，加水煮沸后加入苦杏仁，煎煮二次，第一次 4 小时，第二次 3 小时，合并煎液，滤过；静置，取上清液浓缩至 420ml，加蔗糖 625g，煮沸，滤过，再加苯甲酸 1.15g (用乙醇 100ml 溶解)，调整总量至 1000ml，搅匀，滤过，即得
黄石感冒片,片剂,清热解毒，止咳化痰。用于感冒，咽喉炎，扁桃体炎，支气管炎,大黄药 250g、石椒草 250g、芦根 240g、桑叶 240g、菊花 120g、枇杷叶 96g、甘草 16g、薄荷油 0.1ml,以上八味，取大黄药、石椒草提取挥发油，备用；药渣与芦根、桑叶、枇杷叶加水煎煮二次，合并煎液，滤过，滤液浓缩成稠膏，与菊花、甘草粉碎成的细粉混合，干燥，研粉，以 3% 淀粉浆制粒，干燥，加入上述挥发油、薄荷油和 3% 干淀粉及润滑剂，制成片，包糖衣，即得
喉舒口含片,片剂,清热解毒，润肺利咽。用于咽喉肿痛，咽痒，咽干咳等症,余甘子粉 200g、重楼 70g、薄荷脑 0.4g、冰片 0.3g,以上四味，余甘子粉系取新鲜余甘子，去核，榨汁，滤过，滤液浓缩至适量，喷雾干燥成粉；重楼粉碎成细粉，过筛，加入余甘子粉及蔗糖粉 706g、氯化钠 77g、糊精 15.6g，混匀，用 80% 乙醇制粒，干燥；薄荷脑、冰片用适量乙醇溶解，与上述颗粒混匀，压制成 1000 片，即得
喉舒宁片,片剂,清热解毒，散结止痛。用于急、慢性咽喉炎，急性扁桃体炎，声带息肉，声带小结，并可用于头颈部癌肿在放射治疗期间所引起的各种炎症及癌肿的辅助治疗,白花蛇舌草 833g、穿心莲 667g、山芝麻 500g,以上三味，取穿心莲 100g，粉碎成细粉；剩余穿心莲与白花蛇舌草、山芝麻加水煎煮二次，每次 1 小时，合并煎液滤过，滤液浓缩成稠膏，干燥，加入穿心莲粉和适量辅料，制颗粒，压制成 1000 片，包糖衣或薄膜衣，即得
强力定眩片,片剂,未明确,天麻 273g (137g+136g)、杜仲叶（用量未明确）、杜仲（用量未明确）、川芎（用量未明确）、野菊花（用量未明确）,以上五味，取天麻 137g 粉碎成细粉，过 100 目筛备用；另取天麻 136g 粉碎成粗粉，用 60% 乙醇回流提取二次，第一次 2 小时，第二次 1.5 小时，合并提取液，回收乙醇并浓缩成稠膏状备用；天麻药渣与杜仲、杜仲叶加水煎煮三次，第一次 2 小时，第二次 1.5 小时，第三次 1 小时，川芎、野菊花加水煎煮二次，第一次 1.5 小时，第二次 1 小时，合并煎滤，滤过，滤液浓缩至相对密度为 1.35~1.40 的稠膏；与上述稠膏合并，加入天麻细粉，混匀，制成颗粒，压制成 1000 片，包糖衣，即得
强力脑心康口服液,口服液,改善循环，活血化瘀，安神宁心，用于冠心病，心绞痛，头疼眩晕，神经衰弱,蜂王浆25g、丹参300g、蜜环菌提取液300g,以上三味，丹参加水煎煮三次，第一次 2.5 小时，第二、三次各 1.5 小时，合并煎液，滤过，滤液浓缩至原体积的 1/2 量，加 3 倍量乙醇沉淀二次，取上清液，回收乙醇，浓缩至适量，加水调至 7:1（g/ml），备用。将蜜环菌发酵液过滤，使菌球过滤出来，将滤液浓缩，使之达到相对密度 1.03，称为甲液；将菌球用 80% 的乙醇浸泡放置 24 小时，回收乙醇，重复上述操作，然后加水煮 2 小时，使之达到相对密度 1.03，过滤，滤液称为乙液；将上述两液合并即得蜜环菌提取液，备用。将炼蜜 700g 置罐中，加入上述提取液、枸橼酸钠 6g、山梨酸 2g（乙醇液），加水调整总量至 1000ml，搅匀，滤过，即得
强力康颗粒,颗粒剂,扶正固本，滋补强壮。用于各种肿瘤放、化疗期、急慢性肝炎，白细胞低下及慢性病患者,灵芝菌浸膏（用量未明确）、银耳菌浸膏 80g、猴头菌浸膏 40g、维生素 E（用量未明确，仅标注 10g，推测为单位相关标注，非含量）,以上四味，加蔗糖、淀粉及鲜桔粉适量，混合制粒，干燥，制成 1000g，即得
强肝丸 (浓缩水蜜丸),丸剂,补脾养血，益气解郁，利湿清热。用于气血不足的肝郁，脾虚肾虚性慢性肝炎,当归 60g、白芍 60g、丹参 150g、郁金 60g、黄芪 150g、党参 60g、泽泻 60g、黄精 60g、地黄 45g、山楂 (去核，炒) 75g、神曲 90g、山药 60g、陈皮 60g、板蓝根 45g、秦艽 30g、甘草 30g,以上十六味，党参、白芍、神曲粉碎成粗粉，其余当归等十三味加水煎煮二次，合并煎液，滤过，滤液浓缩成稠膏，加入上述粗粉，混匀，干燥，粉碎成细粉。每 100g 粉末用炼蜜 30g 及适量的水泛丸，用甘草炭、滑石粉和桃胶珠的混合物包衣，打光，干燥，制成 40g，即得
强身壮骨酒,酒剂,滋补健身，强壮筋骨，舒筋活络，追风祛湿。用于风寒湿痹，手足麻木，筋骨疼痛，腰膝无力,豹骨 162.5g、天麻 162.5g、桂枝 306.2g、五加皮 150g、怀牛膝 150g、木瓜 306.2g、杜仲 306.2g、当归 156.2g、熟地黄 1250g、红釉 500g、桑枝 625g、党参 625g、黄芪 250g、甘松 87.5g、菟丝子 250g（部分药材用量标注为 100g，未明确对应药材）,以上二十二味，豹骨加白酒适量浸渍 15 天，其余天麻等二十一味粉碎成粗粉，再与浸渍豹骨混匀，照流浸膏剂与浸膏剂项下的渗漉法 (附录 I O)，用白酒 200kg 作溶剂，浸渍 7 天后，缓缓渗漉，收集漉液；另取蔗糖 24kg 制成糖浆，待温，加入上述漉液中，搅匀，静置，滤过，即得
御制平安丸,丸剂,温中和胃，行气止痛，降逆止呕，消食导滞。用于晕车晕船，恶心呕吐，肠胃不和，胸膈痞满，腐厌食，脘腹胀痛，大便溏泻等症,苍术 (炒) 104g、陈皮 104g、厚朴 (炙) 104g、甘草 104g、山楂 (焦) 104g、老范志万应神曲 104g、麦芽 (炒) 104g、枳实 (炒) 67.2g、红豆蔻 52g、白豆蔻 52g、草豆蔻 52g、肉豆蔻 52g、沉香 67.2g、木香 52g、檀香 67.2g、丁香 52g,以上十六味，取苍术、陈皮、厚朴、甘草、山楂、老范志万应神曲、麦芽、枳实加水煎煮二次，第一次 2 小时，第二次 1 小时，合并煎液，滤过，滤液浓缩成稠膏，其余红豆蔻等八味粉碎成细粉，与上述稠膏混合，烘干，粉碎成细粉，用水泛丸，以百草霜包衣，干燥，制成 450g，即得
散风活络丸 (浓缩丸),散剂,舒筋活络，祛风除湿。用于风寒湿痹引起的中风瘫痪，口眼歪斜，半身不遂，腰腿疼痛，手足麻木，筋脉拘挛，行步艰难,乌梢蛇 (酒炙) 30g、草乌 (甘草银花炙) 30g、附子 (炙) 22.5g、威灵仙 (酒炙) 30g、防风 45g、麻黄 22.5g、海风藤 30g、细辛 15g、白附子 (矾炙) 15g、胆南星 (酒炙) 15g、蜈蚣 15g、地龙 15g、乳香 (醋炙) 30g、桃仁 (去皮) 22.5g、红花 22.5g、当归 30g、川芎 45g、赤芍 45g、桂枝 22.5g、牛膝 30g、骨碎补 30g、熟地黄 45g、党参 45g、白术 (麸炒) 30g、茯苓 22.5g、木香 30g、香附 (醋炙) 30g、草豆蔻 45g、石菖蒲 22.5g、黄芩 45g、熟大黄 22.5g、牛黄 5.16g、冰片 1.935g,以上三十三味，除牛黄、冰片外，乌梢蛇、草乌、附子、威灵仙、麻黄、细辛、白附子、胆南星、蜈蚣、地龙、乳香、红花、当归、赤芍、桂枝、茯苓、木香、香附、草豆蔻、石菖蒲、熟大黄粉碎成细粉，将牛黄、冰片研细，与上述粉末配研，过筛，混匀。其余防风等十味加水煎煮二次，每次 2 小时，合并煎液，滤过，滤液浓缩至相对密度为 1.30 (50℃) 的稠膏，与上述粉末泛丸，干燥，每 1000g 丸药用赭石粉 75g 包衣，打光，即得
散痛舒片,片剂,祛风除湿，活血止痛。用于风湿瘀阻，关节肌肉痹痛及跌打损伤，瘀血肿痛,岩陀 1000g,取岩陀 1000g，粉碎成粗粉，加适量乙醇加热回流二次，每次 4 小时，滤过，滤液回收乙醇并浓缩至相对密度为 1.38~1.40，加淀粉 150g，混匀，制粒，压制成 1000 片，包糖衣，即得
滋肾健脑颗粒,颗粒剂,补气养血，填精益髓。用于健忘症，神经衰弱，腰膝酸软，神疲乏力,龟甲 60g、鹿角 240g、楮实子 75g、枸杞子 45g、人参 22.5g、茯苓 20g,以上六味，龟甲、鹿角加水煎煮二次，每次 12 小时，合并煎液，滤过，滤液备用。其余楮实子等四味，加水煎煮二次，第一次 2 小时，第二次 1.5 小时，合并煎液，滤过，滤液与上述滤液合并，浓缩至相对密度为 1.24~1.26 (80℃测) 的稠膏，加适量糖粉，制成颗粒，干燥，制成 1000g，即得
葛洪脚气水,酊剂,除湿杀虫。用于湿毒蕴结而致的足癣、手癣及霉菌引起的其他皮肤病,花椒 30g、氯化钠 50g、冰醋酸 200ml（按密度 1g/ml 计为 200g）,以上三味，将氯化钠加入 500ml 水中，搅拌至溶解，加入花椒，搅拌 15 分钟，加入冰醋酸，加水至 1000ml，搅拌 2 小时，静置 20 小时，滤过，滤液放置 48 小时，滤过，分装，即得
跌打红药片,片剂,活血止痛，去瘀生新。用于跌打损伤，筋骨瘀血肿痛，风湿麻木,三七（用量未明确）、川芎 101.4g、红花 23.6g、白芷 23.6g、当归 23.6g、土鳖虫 23.6g,以上六味，三七、川芎、白芷、当归分别粉碎成细粉，备用。红花、土鳖虫用 60% 乙醇回流提取三次，第一次加 3.5 倍量，提取 6 小时，第二次加 2.5 倍量，提取 4 小时，第三次加 2 倍量，提取 2 小时，合并乙醇提取液，浓缩成稠膏状，加入三七等细粉及辅料混匀，制成颗粒，干燥，压制成 1000 片，包糖衣，即得
跌伤灵贴膏,膏剂,活血止痛，去瘀生新。用于各类闭合性运动创伤，如肌肉、韧带、关节损伤,运动创伤浸膏 540g、乳香 (制) 125g、没药 (制) 125g、薄荷脑 100g、樟脑 50g、冰片 50g、水杨酸甲酯 75g,以上六味，运动创伤浸膏系取生川乌、玉桂、草乌、当归等二十味共 3083g，粉碎成粗粉，用乙醇制成相对密度约为 1.63 的流浸膏；将乳香、没药粉碎成细粉；按处方称取各药，另加 3.3~3.5 倍重的由橡胶、松香等制成的基质，制成涂料。进行涂膏，切段，盖衬，切成小块，即得
阑尾灵颗粒,颗粒剂,清热解毒，泻下通便，破瘀散结，理气止痛。用于急性单纯性阑尾炎 (瘀滞型)、急性化脓性阑尾炎早期 (蕴热型),金银花 30g、蒲公英 30g、败酱草 30g、牡丹皮 15g、赤芍 15g、川楝子 15g、大黄 6g、桃仁 15g、木香 6g,以上九味，大黄、木香粉碎成细粉，过筛；其余金银花等七味，加水煎煮二次，第一次 2 小时，第二次 1 小时，合并煎液滤过，静置 24 小时，取上清液减压浓缩至相对密度为 1.28~1.30 (80℃测) 的清膏。减压干燥后，粉碎成细粉，与上述大黄、木香细粉混匀，制成颗粒，干燥，即得
微达康口服液,口服液,扶正固本，补肾安神。用于微波及肿瘤放疗、化疗及射线损伤引起的白细胞、血小板减少，免疫功能降低、体虚乏力、失眠多梦，食欲不振等症,刺五加 150g、黄芪 150g、陈皮 90g、熟地黄 180g、女贞子 150g、附子 (制) 45g、淫羊藿 150g,以上七味，取刺五加粗粉，加 7 倍量的 75% 乙醇，连续回流提取 12 小时，滤过，滤液回收乙醇，浓缩成浸膏 7.5g；其余黄芪等六味加水煎煮三次，第一次 4 小时，第二、三次各 2 小时，煎液合并，滤过，滤液静置 24 小时，取上清液减压浓缩至相对密度为 1.05~1.08 (20℃测) 的清膏，与上述刺五加浸膏合并。另取苯甲酸钠 2g，用少量水溶解，加入蜂蜜 550g 中，煮沸 20 分钟，趁热滤过，与上述清膏合并，放至室温，加乙醇使含醇量达 5%，加水调整总量至 1000ml，搅匀，滤过，灌封，即得
微达康膏,膏剂,扶正固本，补肾安神。用于微波及肿瘤放疗、化疗及射线损伤引起的白细胞、血小板减少，免疫功能降低、体虚乏力、失眠多梦，食欲不振等症,刺五加 150g、黄芪 150g、陈皮 90g、熟地黄 180g、女贞子 150g、附子 (制) 45g、淫羊藿 150g,以上七味，取刺五加粗粉，加 7 倍量的 75% 乙醇，连续回流提取 12 小时，滤过，滤液回收乙醇，浓缩成浸膏 7.5g；其余黄芪等六味，加水煎煮三次，第一次 4 小时，第二、三次各 2 小时，煎液合并，滤过，滤液静置 24 小时，取上清液减压浓缩至清膏，与上述刺五加浸膏合并。另取蔗糖 50g、蜂蜜 100g、苯甲酸钠 2g 和饴糖适量，混合，加热溶解并浓缩至相对密度为 1.35~1.37 (80℃测)。加入上述备用清膏中，搅匀，浓缩至相对密度为 1.36~1.39 (80℃测)，即得
微达康颗粒,颗粒剂,扶正固本，补肾安神。用于微波及肿瘤放疗、化疗及射线损伤引起的白细胞、血小板减少，免疫功能降低、体虚乏力、失眠多梦，食欲不振等,刺五加 150g、黄芪 150g、陈皮 90g、熟地黄 180g、女贞子 150g、附子 (制) 45g、淫羊藿 150g,以上七味，取刺五加粗粉，加 7 倍量的 75% 乙醇，连续回流提取 12 小时，滤过，滤液回收乙醇，浓缩成浸膏 7.5g；其余黄芪等六味加水煎煮三次，第一次 4 小时，第二、三次各 2 小时，合并煎液，滤过，滤液静置 24 小时，取上清液减压浓缩至清膏，与上述刺五加浸膏合并，加适量的糖粉和糊精，混匀，制成颗粒，干燥，即得
愈肝龙糖浆,糖浆剂,清肝利湿。用于急慢性肝炎、初期肝硬化、水肿,茵陈 500g、小檗根 500g、柴胡 300g、蒲公英 250g、黄芩 150g、紫草 33g,以上六味，小檗根加水煎煮 2 小时后，加入茵陈、柴胡、黄芩、蒲公英加热至沸后加入紫草，煎煮二次，依次为 3 小时、2 小时，分次滤过，合并滤液，静置 12 小时，吸取上清液，加入蔗糖，搅匀，煮沸溶解，放冷至 80℃，加入防腐剂，搅匀，加水至 1000ml，搅匀，滤过，分装，即得
愈渊丸,丸剂,清肺泻火，消肿止痛。用于肺热鼻塞，不闻香臭，鼻孔红肿，咽喉肿痛,黄芩 (酒制) 50g、栀子 50g、玄参 50g、辛夷 50g、苍耳子 50g、麦冬 30g、地骨皮 30g、赤芍 30g、连翘 30g、白芷 30g、薄荷 30g、荆芥 30g、花粉 30g、甘草 30g、桔梗 30g,以上十五味，粉碎成细粉，过筛，混匀。每 100g 粉末加炼蜜 100~120g，制成大蜜丸，即得
痰咳净片,片剂,通窍顺气，消炎镇咳，促进排痰。用于急慢性支气管炎、胸闷、咽喉炎、肺气肿等引起的咳嗽多痰、气促、气喘等症,桔梗 21.7g、咖啡因 20g、远志 0.9g、冰片 32.8g、苦杏仁 4.5g、五倍子 5.5g、甘草 22.5g,以上七味，桔梗、远志粉碎成粗粉，照流浸膏剂与浸膏剂项下的渗漉法 (附录 IO)，分别用 70% 乙醇 117ml 和 7ml 浸渍 24 小时后进行渗漉，收集渗漉液，回收乙醇并浓缩至稠膏状，测定总固体量，按干膏量加入 7 倍量淀粉，混匀，干燥，制成干浸膏；甘草粉碎成粗粉，分别加水煎煮二次，每次 2 小时，滤过，合并滤液，浓缩至适量，加乙醇使含醇量达 60%，放置 4 小时，滤过，滤液回收乙醇，浓缩至稠膏状，测定总固体量，按总固体量加入 10 倍量淀粉，混匀，干燥，制成干浸膏；苦杏仁粉碎成粒状，立即浸入 60℃以上热水中，同甘草干浸膏的制法制成干浸膏。取上述各干浸膏和五倍子，加入苯甲酸 2.5g，粉碎成细粉，制颗粒，干燥；冰片、咖啡因与适量淀粉研细，与上述干燥颗粒混匀，压制成 1000 片，即得
痰咳净散,散剂,通窍顺气，消炎镇咳，促进排痰。用于急慢性支气管炎、咽喉炎、肺气肿等引起的咳嗽多痰、气促、气喘等症,桔梗 650g、咖啡因 598g、远志 27g、冰片 985g、苦杏仁 136g、五倍子 166g、甘草 676g,以上七味，桔梗、远志分别粉碎成粗粉，照流浸膏剂与浸膏剂项下的渗漉法 (附录 IO)，分别用 70% 乙醇 3500ml 和 210ml 浸渍 24 小时后进行渗漉，收集渗漉液，回收乙醇并浓缩至稠膏状，测定总固体量，按干膏量加入 7 倍量淀粉，混匀，干燥，制成干浸膏；甘草粉碎成粗粉，分别加水煎煮二次，每次 2 小时，滤过，合并滤液，浓缩至适量，加乙醇使含醇量达 60%，放置 4 小时，滤过，滤液回收乙醇，浓缩至稠膏状，测定总固体量，按总固体量加入 10 倍量淀粉，混匀，干燥，制成干浸膏；苦杏仁粉碎成粒状，立即浸入 60℃以上热水中，同甘草干浸膏的制法制成干浸膏。取上述干浸膏和五倍子，加入苯甲酸 75g，粉碎成细粉；冰片、咖啡因与适量淀粉研细。将上述二种细粉混匀，制成 6000g，即得
腰痛丸,丸剂,强腰补肾，活血止痛。用于肾虚腰痛，腰肌劳损,杜仲叶 (盐炒) 100g、补骨脂 (盐炒) 75g、当归 75g、牛膝 25g、乳香 (制) 40g、狗脊 (制) 100g、赤芍 75g、续断 50g、白术 (炒) 40g、肉桂 75g、泽泻 25g、土鳖虫 (酒炒) 75g,以上十二味，粉碎成细粉，过筛，混匀。每 100g 粉末用炼蜜 15g 与适量的水，泛丸，干燥，即得
蜈蚣追风膏,膏剂,拔毒生肌，消肿止痛。用于毒疮恶疮，疽发背，鼠疮瘰疬，乳痈乳炎,蜈蚣 50g、黄连 25g、乳香 25g、玄参 20g、大黄 35g、白芷 25g、独活 20g、蓖麻仁 15g、冰片 32g、当归 35g、猪牙皂 25g、防风 20g、密陀僧 15g、五倍子 35g、没药 25g、生草乌 20g、薄荷油 32g、羌活 25g、生川乌 25g、地黄 20g、全蝎 5g、黄柏 25g、地骨皮 25g、穿山甲 15g、冬青油 16g、盐酸苯海拉明 6g,以上二十六味，除冰片、薄荷油、冬青油、盐酸苯海拉明外，密陀僧粉碎成细粉，其余二十一味粉碎成粗粉，加 90% 乙醇回流提取三次，第一次 3 小时，第二、三次各 2 小时，合并提取液，减压浓缩至相对密度 1.30~1.35 (65℃测) 的清膏。取橡胶 265g，压成网状薄片，加入冰片、薄荷油、冬青油、盐酸苯海拉明混匀，浸渍 24 小时，加入松香 100g、凡士林 23g、羊毛脂 23g、液体石蜡 6g、立德粉或氧化锌适量及与密陀僧细粉混匀的清膏，碾压均匀，涂于布上，盖衬、切片，即得
解毒消炎红药膏,膏剂,清热解毒，活血排脓，敛疮止痛。用于火毒壅盛，热疖疮毒，红肿热痛，脓成未溃及溃后不敛者,银朱 225g、冰片 105g、乳香 45g、没药 45g、石膏 (煅) 45g、樟脑 75g,以上六味，将银朱、石膏分别粉碎成最细粉；另取麻油 40g 熬至滴水成珠，稍冷，加入乳香、没药及细粒松香 225g，搅拌使完全熔化，再加入羊毛脂 25g 及适量凡士林，使完全熔化，经六号筛滤过，加入石膏细粉，搅匀，冷至 40℃以下，加入樟脑、冰片，研匀，加入银朱细粉，混匀，制成 1000g，即得
醒脑牛黄清心片,片剂,镇惊安神，化痰熄风。用于心血不足，虚火上升引起的头目眩晕，胸中郁热、惊恐虚烦、痰涎壅盛、高血压症,牛黄 7.3g、麦冬 13g、大枣 26g、白芍 21g、桔梗 11g、干姜 6g、黄芩 13g、柴胡 11g、白蔹 6g、大豆黄卷 16g、山药 60g、白术 (麸炒) 21g、茯苓 14g、当归 13g、川芎 11g、石菖蒲 15g、苦杏仁 11g、防风 13g、石膏 18g、肉桂 15g、人参 21g、蒲黄 (微炒) 2g、六神曲 (麸炒) 21g、朱砂 20g、冰片 5g、阿胶 14.5g、雄黄 7g、水牛角浓缩粉 8g、甘草 43g,以上二十九味，除牛黄、水牛角浓缩粉外，朱砂、雄黄分别水飞；冰片研细；山药 25g、石膏、六神曲、蒲黄、阿胶、人参粉碎成细粉；苦杏仁用 80% 乙醇加热回流二次，第一次 3 小时，第二次 2 小时，滤过，合并滤液，剩余的山药、白术、茯苓、当归、川芎、石菖蒲、防风、肉桂用 70% 乙醇加热回流二次，第一次 3 小时，第二次 2 小时，滤过，合并滤液。滤液与上述滤液合并，回收乙醇；其余麦冬等十味，加水煎煮二次，第一次 3 小时，第二次 1 小时，合并煎液，滤过，煎液与上述回收乙醇液合并，减压浓缩至相对密度 1.35~1.40 (50℃) 的稠膏，加入山药等细粉，混匀，干燥，粉碎成细粉，加入牛黄、朱砂、雄黄、水牛角浓缩粉，混匀，制成颗粒，干燥，再加入冰片粉末，混匀，压制成 1000 片，包糖衣，即得
藤黄健骨丸,丸剂,补肾，活血，止痛。用于肥大性脊椎炎，颈椎病，跟骨刺，增生性关节炎，大骨节病,熟地黄 750g、鹿衔草 500g、骨碎补 (烫) 500g、肉苁蓉 500g、淫羊藿 500g、鸡血藤 500g、莱菔子 (炒) 250g,以上七味，鹿衔草、淫羊藿粉碎成细粉，其余熟地黄等五味加水煎煮二次，第一次 2 小时，第二次 1 小时，合并煎液，滤过，滤液浓缩成稠膏，与上述粉末混匀，干燥，粉碎，过筛，每 100g 粉末加炼蜜 80~100g 制成大蜜丸，即得
藿胆片,片剂,芳香化浊，通鼻窍，去肝胆之火；有消除或减轻脓涕、鼻塞和头痛的功效。用于鼻窦炎、鼻炎,藿香提取物 62.5g、猪胆粉 93.75g,以上二味，加辅料适量，制成颗粒，于 50~55℃干燥，过筛，加硬脂酸镁适量，压制成 1000 片，包糖衣，即得
藿香祛暑水,酊剂,祛暑化湿，解表和中。用于内蕴湿滞、受暑感寒引起的恶寒发热、头痛无汗、四肢酸懒、恶心呕吐、腹痛腹泻,广藿香 800g、香薷 300g、白芷 200g、紫苏叶 200g、苍术 400g、丁香 150g、陈皮 400g、大腹皮 400g、法半夏 400g、茯苓 400g、生姜 200g、甘草 200g,以上十二味，取丁香、陈皮提取挥发油，蒸馏后的水溶液浓缩至相对密度为 1.15 (50℃热测) 的清膏，其余十味用 80% 乙醇回流提取 2 次，第一次 3 小时，第二次 2 小时，滤过。取初提液 4300ml 另放，其余滤液回收乙醇并减压浓缩至相对密度为 1.15 (50℃热测) 的清膏，与上述清膏合并，静置 2~3 天，滤过。滤液与上述初提液合并，用乙醇与水调整含乙醇量使全量成 6000ml，置 2~3 天，滤过，加入上述丁香等挥发油，混匀，灌封，即得
藿香祛暑软胶囊,胶囊剂,祛暑化湿，解表和中。用于内蕴湿滞、受暑感寒引起的恶寒发热、头痛无汗、四肢酸懒、恶心呕吐、腹痛腹泻,广藿香 80g、紫苏叶 20g、陈皮 40g、茯苓 20g、香薷 30g、苍术 40g、大腹皮 40g、生姜 15g、白芷 40g、丁香 20g、法半夏 20g、甘草 20g,以上十二味，取丁香、陈皮提取挥发油，蒸馏后的水溶液滤过。其余广藿香等十味，用 80% 乙醇加热回流二次，第一次 3 小时，第二次 2 小时，滤过，滤液合并，回收乙醇至无醇味，与上述滤液合并，并减压浓缩至相对密度为 1.30 (50℃) 的稠膏，干燥，粉碎成细粉。加入植物油及上述挥发油，混匀，制成软胶囊，即得
麝香海马追风膏,膏剂,驱风散寒，活血止痛。用于风寒麻木，腰腿疼痛，四肢不仁，积聚疝气,生马钱子 300g、荆芥 30g、当归 60g、红花 30g、怀牛膝 30g、木瓜 30g、防己 30g、赤芍 30g、防风 45g、甘草 30g、川芎 30g、天麻 30g、杜仲 30g、没药 45g、肉桂 15g、乳香 45g、海马 6g、樟脑 25g、人工麝香 12.5g、冰片 50g、水杨酸甲酯 25g,以上二十一味，海马酌予碎断，装入布袋，加水煎煮二次，每次 2 小时，合并煎液，滤过；另取生马钱子等十六味粉碎成粗粉，与上述装入布袋的海马用 90% 乙醇渗漉，至渗漉液无色，渗漉液浓缩，与上述海马水煎液合并，制成相对密度为 1.03~1.10 (60℃) 的浸膏备用。再将装入布袋的海马置适量汽油中浸泡 24 小时，滤过，弃去药渣，汽油备用。取橡胶 1000g、汽油 (包括浸海马的汽油) 3000g 制成胶浆，加入羊毛脂 125g、氧化锌 1125g、凡士林 250g、松香 1025g 及上述浸膏、樟脑、人工麝香、冰片、水杨酸甲酯，制成涂料。进行涂膏、切段、盖衬，切成小块，即得
蠲痹抗生丸,丸剂,补骨、活血、止痛。用于肥大性脊椎炎、颈椎病、跟骨刺，增生性关节炎，大骨节病,熟地黄 750g、鹿衔草 500g、骨碎补 (炒) 500g、肉苁蓉 500g、淫羊藿 500g、鸡血藤 500g、莱菔子 (炒) 250g,以上七味，鹿衔草、淫羊藿粉碎成细粉，其余熟地黄等五味酌予碎断，加水煎煮二次 (3 小时、2 小时)，合并煎液，滤过，滤液浓缩成稠膏，与上述粉末混合，干燥、粉碎，过筛。每 100g 粉末加炼蜜 80~100g 制成大蜜丸，即得
