drug_name,form,indication,prescription_raw
一捻金,散剂,消食导滞，祛痰通便。用于脾胃不和、痰食阻滞所致的积滞，症见停食停乳、腹胀便秘、痰盛喘咳。,大黄100g炒牵牛子200g槟榔100g人参100g朱砂30g
一捻金胶囊,胶囊剂,消食导滞，祛痰通便。用于脾胃不和、痰食阻滞所致的积滞，症见停食停乳、腹胀便秘、痰盛喘咳。,大黄56.6g炒牵牛子113.2g槟榔56.6g人参56.6g朱砂17g
一清胶囊,胶囊剂,清热泻火解毒，化瘀凉血止血。用于火毒血热所致的身热烦躁、目赤口疮、咽喉牙龈肿痛、大便秘结、吐血、咯血、衄血、痔血；咽炎、扁桃体炎、牙龈炎见上述证候者。,黄连660g大黄2000g黄芩1000g
一清颗粒,颗粒剂,清热泻火解毒，化瘀凉血止血。用于火毒血热所致的身热烦躁、目赤口疮、咽喉牙龈肿痛、大便秘结、吐血、咯血、衄血、痔血；咽炎、扁桃体炎、牙龈炎见上述证候者。,黄连165g大黄500g黄芩250g
乙肝宁颗粒,颗粒剂,补气健脾，活血化瘀，清热解毒。用于慢性肝炎属脾气虚弱、血瘀阻络、湿热毒蕴证，症见胁痛、腹胀、乏力、尿黄；对急性肝炎属上述证候者亦有一定疗效。,黄芪606g白花蛇舌草408g茵陈606g金钱草408g党参490g蒲公英408g制何首乌490g牡丹皮408g丹参490g茯苓408g白芍408g白术408g川楝子408g
乙肝养阴活血颗粒,颗粒剂,滋补肝肾，活血化瘀。用于肝肾阴虚型慢性肝炎，症见面色晦暗、头晕耳鸣、五心烦热、腰腿酸软、齿鼻衄血、胁下痞块、赤缕红斑、舌质红少苔、脉沉弦、细涩。,地黄66.67g北沙参83.33g麦冬66.67g酒女贞子83.33g五味子55.56g黄芪111.11g当归66.67g制何首乌83.33g白芍83.33g阿胶珠83.33g泽兰83.33g牡蛎111.11g橘红55.56g丹参111.11g川楝子55.56g黄精（蒸）83.33g
乙肝益气解郁颗粒,颗粒剂,益气化湿，疏肝解郁。用于肝郁脾虚型慢性肝炎，症见胁痛腹胀、痞满纳呆、身倦乏力、大便溏薄、舌质淡暗、舌体肿或有齿痕、舌苔薄白或白腻、脉沉弦或沉缓。,柴胡（醋炙）62.5g枳壳62.5g白芍93.75g橘叶62.5g丹参93.75g黄芪125g党参75g桂枝31.25g茯苓93.75g刺五加93.75g瓜蒌93.75g法半夏75g黄连31.25g决明子93.75g山楂93.75g五味子62.5g
二十七味定坤丸,丸剂,补气养血，舒郁调经，用于冲任虚损，气血两亏，身体瘦弱，月经不调，经期紊乱，行经腹痛，崩漏不止，腰酸腿软。,西洋参60g白术18g茯苓30g熟地黄30g当归24g白芍18g川芎18g黄芪24g阿胶18g醋五味子18g鹿茸（去毛）30g肉桂12g艾叶（炒炭）60g杜仲（炒炭）24g续断18g佛手12g陈皮18g姜厚朴6g柴胡18g醋香附12g醋延胡索18g牡丹皮18g琥珀12g醋龟甲18g地黄30g麦冬18g黄芩18g
二十五味松石丸,丸剂,清热解毒，疏肝利胆，化瘀。用于肝郁气滞，血瘀，肝中毒，肝痛，肝硬化，肝渗水及各种急、慢性肝炎和胆囊炎。,松石50g珍珠10g珊瑚40g朱砂20g诃子肉50g铁屑（诃子制）100g余甘子50g五灵脂膏40g檀香40g降香40g木香马兜铃50g鸭嘴花50g牛黄5g木香60g绿绒蒿50g船形乌头40g肉豆蔻20g丁香25g伞梗虎耳草50g毛诃子（去核）5g天竺黄35g西红花5g木棉花35g麝香0.25g石灰华35g
二十五味珊瑚丸,丸剂,开窍，通络，止痛。用于“白脉病”，神志不清，身体麻木，头昏目眩，脑部疼痛，血压不调，头痛，癫痫及各种神经性疼痛。,珊瑚75g珍珠15g青金石20g珍珠母50g诃子100g木香60g红花80g丁香35g沉香70g朱砂30g龙骨40g炉甘石25g脑石25g磁石25g禹粮土25g芝麻40g葫芦30g紫菀花45g獐牙菜80g藏菖蒲50g榜那45g打箭菊75g甘草75g西红花25g人工麝香2g
二丁颗粒,颗粒剂,清热解毒。用于火热毒盛所致的热疖痈毒、咽喉肿痛、风热火眼。,紫花地丁250g半边莲250g蒲公英250g板蓝根250g
二冬膏,膏剂,养阴润肺。用于肺阴不足引起的燥咳痰少、痰中带血、鼻干咽痛。,天冬500g麦冬500g
二母宁嗽丸,丸剂,清肺润燥，化痰止咳。用于燥热蕴肺所致的咳嗽、痰黄而黏不易咳出、胸闷气促、久咳不止、声哑喉痛。,川贝母225g知母225g石膏300g炒栀子180g黄芩180g蜜桑白皮150g茯苓150g炒瓜蒌子150g陈皮150g麸炒枳实150g炙甘草30g五味子（蒸）30g
二母安嗽丸,丸剂,清肺化痰，止嗽定喘。用于虚劳久嗽，咳嗽痰喘，骨蒸潮热，音哑声重，口燥舌干，痰涎壅盛。,知母108g玄参108g罂粟壳216g麦冬108g款冬花324g紫菀108g苦杏仁108g百合108g浙贝母54g
二至丸,丸剂,补益肝肾，滋阴止血。用于肝肾阴虚，眩晕耳鸣，咽干鼻燥，腰膝酸痛，月经量多。,酒女贞子500g墨旱莲500g
二陈丸,丸剂,燥湿化痰，理气和胃。用于痰湿停滞导致的咳嗽痰多、胸脘胀闷、恶心呕吐。,陈皮250g半夏（制）250g茯苓150g甘草75g
二妙丸,丸剂,燥湿清热。用于湿热下注，足膝红肿热痛，下肢丹毒，白带，阴囊湿痒。,苍术（炒）500g黄柏（炒）500g
十一味参芪片,片剂,补脾益气。用于脾气虚所致的体弱、四肢无力。,人参（去芦）45g黄芪134g天麻89g当归178g熟地黄178g泽泻133g决明子178g菟丝子133g鹿角44g枸杞子133g细辛5g
十一味参芪胶囊,胶囊剂,补脾益气，用于脾气虚所致的体弱、四肢无力。,人参（去芦）36g黄芪107g当归142g天麻71g熟地黄142g泽泻106g决明子142g鹿角35g菟丝子106g细辛4g枸杞子106g
十一味能消丸,丸剂,化瘀行血，通经催产。用于经闭，月经不调，难产，胎盘不下，产后瘀血腹痛。,藏木香30g小叶莲50g干姜40g沙棘膏38g诃子肉75g蛇肉（制）25g大黄90g方海25g北寒水石（制）100g硇砂17g碱花（制）125g
十二味翼首散,散剂,清热解毒，防疫。用于瘟疫，流行性感冒，乙型脑炎，痢疾，热病发烧等病症。,翼首草100g榜嘎75g节裂角茴香75g天竺黄75g红花60g檀香50g安息香25g莪大夏50g铁棒锤叶40g五灵脂膏50g牛黄0.5g麝香0.5g
十三味榜嘎散,散剂,清热解毒，凉肝利胆。用于热性“赤巴”病，胆囊炎，黄疸型肝炎。,榜嘎60g波棱瓜子30g秦艽花40g印度獐牙菜40g巴夏嘎40g苦荬菜40g洪连40g小檗皮40g节裂角茴香40g金腰草30g人工牛黄3g红花20g止泻木子30g
十五味沉香丸,丸剂,调和气血，止咳，安神。用于气血郁滞，胸痛，干咳气短，失眠。,沉香100g藏木香150g檀香50g紫檀香150g红花100g肉豆蔻25g高山辣根菜150g悬钩子茎（去皮、心）200g宽筋藤（去皮）100g干姜50g石灰华100g广枣50g诃子（去核）150g毛诃子（去核）80g余甘子100g
十六味冬青丸,丸剂,宽胸顺气，止嗽定喘。用于胸满腹胀，头昏浮肿，寒嗽痰喘。,冬青叶150g石榴25g石膏75g肉桂50g豆蔻50g木香50g丁香50g甘草50g白葡萄干125g沉香75g拳参75g荜茇50g肉豆蔻50g红花50g广枣50g方海50g
十全大补丸,丸剂,温补气血。用于气血两虚，面色苍白，气短心悸，头晕自汗，体倦乏力，四肢不温，月经量多。,党参80g炒白术80g茯苓80g炙甘草40g当归120g川芎40g酒白芍80g熟地黄120g炙黄芪80g肉桂20g
十味消渴胶囊,胶囊剂,益气养阴，生津止渴。用于消渴病气阴两虚证，症见口渴喜饮、自汗盗汗、倦怠乏力、五心烦热；2型糖尿病见上述证候者。,天花粉233g乌梅肉233g枇杷叶233g麦冬233g五味子233g瓜蒌233g人参233g黄芪233g粉葛233g檀香117g
十香止痛丸,丸剂,疏气解郁，散寒止痛。用于气滞胃寒，两胁胀满，胃脘刺痛，腹部隐痛。,香附（醋炙）160g乌药80g檀香40g延胡索（醋炙）80g香橼80g蒲黄40g沉香10g厚朴（姜汁炙）80g零陵香80g降香40g丁香10g五灵脂（醋炙）80g木香40g香排草10g砂仁10g乳香（醋炙）40g高良姜6g熟大黄80g
十香返生丸,丸剂,开窍化痰，镇静安神。用于中风痰迷心窍引起的言语不清、神志昏迷、痰涎壅盛、牙关紧闭。,沉香30g丁香30g檀香30g土木香30g醋香附30g降香30g广藿香30g乳香（醋炙）30g天麻30g僵蚕（麸炒）30g郁金30g莲子心30g瓜蒌子（蜜炙）30g煅金礞石30g诃子肉30g甘草60g苏合香30g安息香30g人工麝香15g冰片7.5g朱砂30g琥珀30g牛黄15g
十滴水,酊剂,健胃，祛暑。用于因中暑而引起的头晕、恶心、腹痛、胃肠不适。,樟脑25g干姜25g大黄20g小茴香10g肉桂10g辣椒5g桉油12.5ml
十滴水软胶囊,软胶囊,健胃，祛暑。用于因中暑而引起的头晕、恶心、腹痛、胃肠不适。,樟脑62.5g干姜62.5g大黄50g小茴香25g肉桂25g辣椒12.5g桉油31.25ml
七叶神安片,片剂,益气安神，活血止痛。用于心气不足、心血瘀阻所致的心悸、失眠、胸痛、胸闷。,三七叶总皂苷50g
七味广枣丸,丸剂,养心益气，安神。用于胸闷疼痛，心悸气短，心神不安，失眠健忘。,广枣450g肉豆蔻75g丁香75g木香75g枫香脂75g沉香75g牛心粉75g
七味姜黄搽剂,搽剂,苗医：旭嘎怡沓痂，维象样丢象：粉刺，油面风。中医：清热祛湿，散风止痒，活血消痤。用于湿热郁肤所致的粉刺（痤疮），油面风（脂溢性皮炎）。,姜黄50g重楼50g杠板归50g土荆芥25g一枝黄花25g绞股蓝25g珊瑚姜50g
七味都气丸,丸剂,补肾纳气，涩精止遗。用于肾不纳气所致的喘促、胸闷、久咳、气短、咽干、遗精、盗汗、小便频数。,醋五味子150g山茱萸（制）200g茯苓150g牡丹皮150g熟地黄400g山药200g泽泻150g
七味铁屑丸,丸剂,行气活血，平肝清热止痛。用于肝区疼痛，肝脏肿大。,铁屑（诃子制）250g北寒水石（奶制）300g藏木香150g木香100g甘青青蓝150g红花150g五灵脂膏80g
七味葡萄散,散剂,清肺，止嗽，定喘。用于虚劳咳嗽，年老气喘，胸满郁闷。,白葡萄干180g石膏90g红花90g甘草90g香附60g肉桂60g石榴60g
七味榼藤子丸,丸剂,祛暑，和中，解痉止痛。用于吐泻腹痛，胸闷，胁痛，头痛发热。,榼藤子仁（炒）220g毛叶巴豆茎及叶220g阿魏3g胡椒13g蔓荆子66g蔓荆子叶154g黑种草子220g墨旱莲220g
七制香附丸,丸剂,舒肝理气，养血调经。用于气滞血虚所致的痛经、月经量少、闭经，症见胸胁胀痛、经行量少、行经小腹胀痛、经前双乳胀痛、经水数月不行。,醋香附550g地黄20g茯苓20g当归20g熟地黄20g川芎20g炒白术20g白芍20g益母草20g艾叶（炭）10g黄芩10g酒萸肉10g天冬10g阿胶10g炒酸枣仁10g砂仁7.5g醋延胡索7.5g艾叶5g粳米5g盐小茴香5g人参5g甘草5g
七宝美髯颗粒,颗粒剂,滋补肝肾。用于肝肾不足，须发早白，遗精早泄，头眩耳鸣，腰酸背痛。,制何首乌128g当归32g补骨脂（黑芝麻炒）16g枸杞子（酒蒸）32g菟丝子（炒）32g茯苓32g牛膝（酒蒸）32g
七珍丸,丸剂,定惊豁痰，消积通便。用于小儿急惊风，身热，昏睡，气粗，烦躁，痰涎壅盛，停乳停食，大便秘结。,炒僵蚕160g全蝎160g人工麝香16g朱砂80g雄黄80g胆南星80g天竺黄80g巴豆霜32g寒食曲160g
七厘胶囊,胶囊剂,化瘀消肿，止痛止血。用于跌扑损伤，血瘀疼痛，外伤出血。,血竭273g乳香（制）41g没药（制）41g红花41g儿茶65g冰片3.27g人工麝香3.27g朱砂32.7g
七厘散,散剂,化瘀消肿，止痛止血。用于跌扑损伤，血瘀疼痛，外伤出血。,血竭500g乳香（制）75g没药（制）75g红花75g儿茶120g冰片6g人工麝香6g朱砂60g
八正合剂,口服液,清热，利尿，通淋。用于湿热下注，小便短赤，淋沥涩痛，口燥咽干。,瞿麦118g车前子（炒）118g萹蓄118g大黄118g滑石118g川木通118g栀子118g甘草118g灯心草59g
八味沉香散,散剂,清心热，养心，安神，开窍。用于热病攻心，神昏谵语；冠心病，心绞痛。,沉香200g肉豆蔻100g广枣100g石灰华100g乳香100g木香100g诃子（煨）100g木棉花100g
八味清心沉香散,散剂,清心肺，理气，镇静安神。用于心肺火盛，胸闷不舒，胸胁闷痛，心悸气短。,沉香180g广枣180g檀香90g紫檀香90g红花90g肉豆蔻60g天竺黄60g北沙参60g
八味檀香散,散剂,清热润肺，止咳化痰。用于肺热咳嗽，痰中带脓。,檀香200g石膏100g红花100g甘草100g丁香100g北沙参100g拳参100g白葡萄干100g
八宝坤顺丸,丸剂,益气养血调经。用于气血两虚所致的月经不调、痛经，症见经期后错、经血量少、行经腹痛。,熟地黄80g地黄80g白芍80g当归80g川芎80g人参40g白术80g茯苓80g甘草40g益母草40g黄芩80g牛膝40g橘红80g沉香40g木香16g砂仁40g琥珀40g
八珍丸,丸剂,补气益血。用于气血两虚，面色萎黄，食欲不振，四肢乏力，月经过多。,党参100g炒白术100g茯苓100g甘草50g当归150g白芍100g川芎75g熟地黄150g
八珍丸（浓缩丸）,丸剂,补气益血。用于气血两虚，面色萎黄，食欲不振，四肢乏力，月经过多。,党参100g茯苓100g麸炒白术100g熟地黄150g白芍100g当归150g川芎75g甘草50g
八珍颗粒,颗粒剂,补气益血。用于气血两虚，面色萎黄，食欲不振，四肢乏力，月经过多。,党参60g炒白术60g茯苓60g炙甘草30g当归90g炒白芍60g川芎45g熟地黄90g
八珍益母丸,丸剂,益气养血，活血调经。用于气血两虚兼有血瘀所致的月经不调，症见月经周期错后、行经量少、淋漓不净、精神不振、肢体乏力。,益母草200g党参50g麸炒白术50g茯苓50g甘草25g当归100g酒白芍50g川芎50g熟地黄100g
八珍益母胶囊,胶囊剂,益气养血，活血调经。用于气血两虚兼有血瘀所致的月经不调，症见月经周期错后、行经量少、淋漓不净、精神不振、肢体乏力。,益母草273g党参68g炒白术68g茯苓68g甘草34g当归137g酒白芍68g川芎68g熟地黄137g
人参再造丸,丸剂,,人参100g酒蕲蛇100g广藿香100g檀香50g母丁香50g玄参100g细辛50g醋香附50g地龙25g熟地黄100g三七25g醋乳香50g青皮50g豆蔻50g防风100g制何首乌100g川芎100g片姜黄12.5g黄芪100g甘草100g黄连100g茯苓50g赤芍100g大黄100g桑寄生100g葛根75g麻黄100g骨碎补（炒）50g全蝎75g豹骨（制）50g炒僵蚕50g附子（制）50g琥珀25g醋龟甲50g粉萆薢100g麸炒白术50g沉香50g天麻100g肉桂100g白芷100g醋没药50g当归50g草豆蔻100g威灵仙75g乌药50g羌活100g橘红200g六神曲（麸炒）200g朱砂20g血竭15g人工麝香5g冰片5g牛黄5g天竺黄50g胆南星50g水牛角浓缩粉30g
人参养荣丸,丸剂,温补气血。用于心脾不足，气血两亏，形瘦神疲，食少便溏，病后虚弱。,人参100g土白术100g茯苓75g炙甘草100g当归100g熟地黄75g白芍（麸炒）100g炙黄芪100g陈皮100g制远志50g肉桂100g五味子（酒蒸）75g
人参首乌胶囊,胶囊剂,益气养血。用于气血两虚所致的须发早白、健忘失眠、食欲不振、体疲乏力；神经衰弱见上述证候者。,红参400g制何首乌600g
人参健脾丸,丸剂,健脾益气，和胃止泻。用于脾胃虚弱所致的饮食不化、脘闷嘈杂、恶心呕吐、腹痛便溏、不思饮食、体弱倦怠。,人参25g白术（麸炒）150g茯苓50g山药100g陈皮50g木香12.5g砂仁25g炙黄芪100g当归50g酸枣仁（炒）50g远志（制）25g
儿宝颗粒,颗粒剂,健脾益气，生津开胃。用于脾气虚弱、胃阴不足所致的纳呆厌食、口干燥渴、大便久泻、面黄体弱、精神不振、盗汗。,太子参120g北沙参120g茯苓120g山药120g炒山楂45g炒麦芽45g陈皮45g炒白芍45g炒白扁豆120g麦冬45g葛根（煨）45g
儿康宁糖浆,糖浆剂,益气健脾，消食开胃。用于脾胃气虚所致的厌食，症见食欲不振、消化不良、面黄身瘦、大便稀溏。,党参60g黄芪20g白术60g茯苓40g山药60g薏苡仁60g麦冬60g制何首乌60g大枣20g焦山楂20g麦芽（炒）20g桑枝40g
儿童清肺丸,丸剂,清肺，解表，化痰，止嗽。用于小儿风寒外束、肺经痰热所致的面赤身热、咳嗽气促、痰多黏稠、咽痛声哑。,麻黄10g炒苦杏仁20g石膏40g甘草10g蜜桑白皮30g瓜蒌皮30g黄芩40g板蓝根40g橘红30g法半夏30g炒紫苏子20g葶苈子10g浙贝母40g紫苏叶20g细辛8g薄荷30g蜜枇杷叶40g白前30g前胡20g石菖蒲30g天花粉30g煅青礞石10g
儿童清咽解热口服液,口服液,清热解毒，消肿利咽。用于小儿急性咽炎（急喉痹）属肺胃实热证，症见发热，咽痛，咽部充血，或咳嗽，口渴。,柴胡200g黄芩苷7.5g紫花地丁333g人工牛黄14.5g苣荬菜333g鱼腥草333g芦根500g赤小豆500g
儿童清热导滞丸,丸剂,健胃导滞，消积化虫。用于食滞肠胃所致的疳症，症见不思饮食、消化不良、面黄肌瘦、烦躁口渴、胸膈满闷、积聚痞块，亦用于虫积腹痛。,醋鸡内金120g醋莪术90g姜厚朴90g枳实90g焦山楂60g醋青皮90g法半夏60g六神曲（焦）60g焦麦芽60g焦槟榔120g榧子90g使君子仁120g胡黄连60g苦楝皮90g知母120g青蒿60g酒黄芩120g薄荷60g钩藤90g盐车前子120g
儿感退热宁口服液,口服液,解表清热，化痰止咳，解毒利咽。用于小儿外感风热，内郁化火，发烧头痛，咳嗽，咽喉肿痛。,青蒿250g板蓝根300g菊花300g苦杏仁300g桔梗300g连翘300g薄荷150g甘草100g
九一散,散剂,提脓拔毒，去腐生肌。用于热毒壅盛所致的溃疡，症见疮面鲜活、脓腐将尽。,石膏（煅）900g红粉100g
九气拈痛丸,丸剂,理气，活血，止痛。用于气滞血瘀导致的胸胁胀满疼痛、痛经。,醋香附138g木香34.5g高良姜34.5g陈皮69g郁金69g醋莪术276g醋延胡索138g槟榔69g甘草34.5g五灵脂（醋炒）138g
九分散,散剂,活血散瘀，消肿止痛。用于跌打损伤，瘀血肿痛。,马钱子粉250g麻黄250g乳香（制）250g没药（制）250g
九味石灰华散,散剂,清热，解毒，止咳，安神。用于小儿肺炎，高热烦躁，咳嗽。,石灰华100g红花80g牛黄4g红景天80g榜嘎100g甘草（去皮）80g高山辣根菜80g檀香100g洪连100g
九味肝泰胶囊,胶囊剂,化瘀通络，疏肝健脾。用于气滞血瘀兼肝郁脾虚所致的胁肋痛或刺痛，抑郁烦闷，食欲不振，食后腹胀脘痞，大便不调，或胁下痞块。,三七80g郁金240g蒺藜240g姜黄80g酒大黄128g黄芩160g蜈蚣224g山药720g五味子64g
九味羌活口服液,口服液,疏风解表，散寒除湿。用于外感风寒挟湿所致的感冒，症见恶寒、发热、无汗、头重而痛、肢体酸痛。,羌活150g防风150g苍术150g细辛50g川芎100g白芷100g黄芩100g甘草100g地黄100g
九味羌活丸,丸剂,疏风解表，散寒除湿。用于外感风寒挟湿所致的感冒，症见恶寒、发热、无汗、头重而痛、肢体酸痛。,羌活150g防风150g苍术150g细辛50g川芎100g白芷100g黄芩100g甘草100g地黄100g
九味羌活颗粒,颗粒剂,疏风解表，散寒除湿。用于外感风寒挟湿所致的感冒，症见恶寒、发热、无汗、头重而痛、肢体酸痛。,羌活150g防风150g苍术150g细辛50g川芎100g白芷100g黄芩100g甘草100g地黄100g
九制大黄丸,丸剂,泻下导滞。用于胃肠积滞所致的便秘、湿热下痢、口渴不休、停食停水、胸热心烦、小便赤黄。,大黄500g
九香止痛丸,丸剂,温中散寒，行气止痛。用于寒凝气滞，脘腹疼痛。,川木香160g木香20g沉香20g降香80g小茴香（盐水炙）80g八角茴香80g丁香80g乳香（炒）80g广藿香80g
三七片,片剂,散瘀止血，消肿止痛。用于咯血，吐血，衄血，便血，崩漏，外伤出血，胸腹刺痛，跌扑肿痛。,三七500g
三七伤药片,片剂,舒筋活血，散瘀止痛。用于跌打损伤，风湿瘀阻，关节痹痛；急慢性扭挫伤、神经痛见上述证候者。,三七52.5g制草乌52.5g雪上一枝蒿23g冰片1.05g骨碎补492.2g红花157.5g接骨木787.5g赤芍87.5g
三七伤药胶囊,胶囊剂,舒筋活血，散瘀止痛。用于跌打损伤，风湿瘀阻，关节痹痛；急慢性扭挫伤、神经痛见上述证候者。,三七52.5g制草乌52.5g雪上一枝蒿23.0g冰片1.05g骨碎补492.2g红花157.5g接骨木787.5g赤芍87.5g
三七伤药颗粒,颗粒剂,舒筋活血，散瘀止痛。用于跌打损伤，风湿瘀阻，关节痹痛；急慢性扭挫伤、神经痛见上述证候者。,三七157.5g制草乌157.5g雪上一枝蒿69.0g冰片3.15g骨碎补1476.6g红花472.5g接骨木2362.5g赤芍262.5g
三七血伤宁胶囊,胶囊剂,止血镇痛，祛瘀生新。用于瘀血阻滞、血不归经之各种血证及瘀血肿痛，如胃、十二指肠溃疡出血，支气管扩张出血，肺结核咯血，功能性子宫出血，外伤及痔疮出血，妇女月经不调，痛经，经闭及月经血量过多，产后瘀血，胃痛，肋间神经痛等。,三七56g重楼168g制草乌76g大叶紫珠200g山药26g黑紫藜芦12g冰片2g
三七通舒胶囊,胶囊剂,活血化瘀，活络通脉，改善脑梗塞、脑缺血功能障碍，恢复缺血性脑代谢异常，抗血小板聚集，防止血栓形成，改善微循环，降低全血黏度，增加颈动脉血流量。主要用于心脑血管栓塞性病症，主治中风、半身不遂、口舌歪斜、言语謇涩、偏身麻木。,三七三醇皂苷100g
三九胃泰胶囊,胶囊剂,清热燥湿，行气活血，柔肝止痛。用于湿热内蕴、气滞血瘀所致的胃痛，症见脘腹隐痛、饱胀反酸、恶心呕吐、嘈杂纳减；浅表性胃炎、糜烂性胃炎、萎缩性胃炎见上述证候者。,三叉苦1923g九里香1923g两面针1923g木香1154g黄芩769g茯苓769g地黄769g白芍769g
三九胃泰颗粒,颗粒剂,清热燥湿，行气活血，柔肝止痛。用于湿热内蕴、气滞血瘀所致的胃痛，症见脘腹隐痛、饱胀反酸、恶心呕吐、嘈杂纳减；浅表性胃炎、糜烂性胃炎、萎缩性胃炎见上述证候者。,三叉苦384.6g九里香384.6g两面针384.6g木香230.8g黄芩153.85g茯苓153.85g地黄153.85g白芍153.85g
三子散,散剂,清热凉血，解毒。用于温热，血热，新久热。,诃子200g川楝子200g栀子200g
三两半药酒,酒剂,益气活血，祛风通络。用于气血不和、感受风湿所致的痹病，症见四肢疼痛、筋脉拘挛。,当归100g炙黄芪100g牛膝100g防风50g
三妙丸,丸剂,清热燥湿。用于湿热下注所致的痹病，症见足膝红肿热痛、下肢沉重、小便黄少。,苍术（炒）600g黄柏（炒）400g牛膝200g
三拗片,片剂,宣肺解表。用于风寒袭肺证，症见咳嗽声重，咳嗽痰多，痰白清稀；急性支气管炎见上述证候者。,麻黄833g苦杏仁833g甘草833g生姜500g
三味蒺藜散,散剂,清湿热，利尿。用于湿热下注，小便热痛。,蒺藜250g冬葵果150g方海150g
三金片,片剂,清热解毒，利湿通淋，益肾。用于下焦湿热所致的热淋、小便短赤、淋沥涩痛、尿急频数；急慢性肾盂肾炎、膀胱炎、尿路感染见上述证候者；慢性非细菌性前列腺炎肾虚湿热下注证。,金樱根808g菝葜404g羊开口404g金沙藤242.4g积雪草242.4g
三宝胶囊,胶囊剂,益肾填精，养心安神。用于肾精亏虚、心血不足所致的腰酸腿软、阳痿遗精、头晕眼花、耳鸣耳聋、心悸失眠、食欲不振。,人参20g鹿茸20g当归40g山药60g醋龟甲20g砂仁（炒）10g山茱萸20g灵芝20g熟地黄60g丹参100g五味子20g菟丝子（炒）30g肉苁蓉30g何首乌40g菊花20g牡丹皮20g赤芍20g杜仲40g麦冬10g泽泻20g玄参20g
三黄片,片剂,清热解毒，泻火通便。用于三焦热盛所致的目赤肿痛、口鼻生疮、咽喉肿痛、牙龈肿痛、心烦口渴、尿黄、便秘；亦用于急性胃肠炎，痢疾。,大黄300g盐酸小檗碱5g黄芩浸膏21g
大七厘散,散剂,化瘀消肿，止痛止血。用于跌打损伤，瘀血疼痛，外伤止血。,煅自然铜96.6g土鳖虫（炒）96.6g酒大黄96.6g骨碎补96.6g当归尾（酒制）96.6g乳香（制）96.6g没药（制）96.6g硼砂（煅）96.6g血竭96.6g三七87.0g冰片43.5g
大山楂丸,丸剂,开胃消食。用于食积内停所致的食欲不振、消化不良、脘腹胀闷。,山楂1000g六神曲（麸炒）150g炒麦芽150g
大川芎口服液,口服液,活血化瘀、平肝熄风。用于瘀血阻络，肝阳化风所致的头痛、头胀、眩晕、颈项紧张不舒、上下肢或偏身麻木、舌部瘀斑。,川芎1250g天麻500g
大补阴丸,丸剂,滋阴降火。用于阴虚火旺，潮热盗汗，咳嗽咯血，耳鸣遗精。,熟地黄120g盐知母80g盐黄柏80g醋龟甲120g猪脊髓160g
大黄利胆胶囊,胶囊剂,清热利湿，解毒退黄。用于肝胆湿热所致的胁痛，口苦，食欲不振；胆囊炎，脂肪肝见上述证候者。,大黄100g手参100g余甘子100g
大黄清胃丸,丸剂,清热通便。用于胃火炽盛所致的口燥舌干、头痛目眩、大便燥结。,大黄504g木通63g槟榔63g黄芩96g胆南星42g羌活42g滑石粉168g白芷42g炒牵牛子42g芒硝63g
大黄䗪虫丸,丸剂,活血破瘀，通经消癥。用于瘀血内停所致的癥瘕、闭经，症见腹部肿块、肌肤甲错、面色黯黑、潮热羸瘦、经闭不行。,熟大黄300g土鳖虫（炒）30g水蛭（制）60g虻虫（去翅足，炒）45g蛴螬（炒）45g干漆（煅）30g桃仁120g炒苦杏仁120g黄芩60g地黄300g白芍120g甘草90g
万氏牛黄清心丸,丸剂,清热解毒，镇惊安神。用于热入心包、热盛动风证，症见高热烦躁、神昏谵语及小儿高热惊厥。,牛黄10g朱砂60g黄连200g栀子120g郁金80g黄芩120g
万应胶囊,胶囊剂,清热，解毒，镇惊。用于邪毒内蕴所致的口舌生疮、牙龈咽喉肿痛、小儿高热、烦躁易惊。,胡黄连54g黄连54g儿茶54g冰片3.3g香墨108g熊胆粉10.8g人工麝香2.7g牛黄2.7g牛胆汁87g
万应锭,丹剂,清热，解毒，镇惊。用于邪毒内蕴所致的口舌生疮、牙龈咽喉肿痛、小儿高热、烦躁易惊。,胡黄连100g黄连100g儿茶100g冰片6g香墨200g熊胆粉20g人工麝香5g牛黄5g牛胆汁160g
万通炎康片,片剂,疏风清热，解毒消肿。用于外感风热所致的咽部红肿、牙龈红肿、疮疡肿痛；急慢性咽炎、扁桃体炎、牙龈炎、疮疖见上述证候者。,苦玄参1500g肿节风1500g
口炎清颗粒,颗粒剂,滋阴清热，解毒消肿。用于阴虚火旺所致的口腔炎症。,天冬250g麦冬250g玄参250g山银花300g甘草125g
口咽清丸,丸剂,清热降火，生津止渴。用于火热伤津所致的咽部肿痛、口舌生疮、牙龈红肿、口干舌燥。,儿茶606g马槟榔61g薄荷121g乌梅肉30g硼砂61g诃子30g山豆根30g冰片30.3g甘草30g
口腔溃疡散,散剂,清热，消肿，止痛。用于火热内蕴所致的口舌生疮、黏膜破溃、红肿灼痛；复发性口疮、急性口炎见上述证候者。,青黛240g枯矾240g冰片24g
山东阿胶膏,膏剂,补益气血，润燥。用于气血两虚所致的虚劳咳嗽、吐血、妇女崩漏、胎动不安。,阿胶100g党参80g白术40g黄芪80g枸杞子40g白芍20g甘草40g
山玫胶囊,胶囊剂,益气化瘀。用于冠心病、脑动脉硬化气滞血瘀证，症见胸痛、痛有定处、胸闷憋气，或眩晕、心悸、气短、乏力、舌质紫暗。,山楂叶825g刺玫果620g
山香圆片,片剂,清热解毒，利咽消肿。用于喉痹，乳蛾，咽喉肿痛等症。,山香圆叶3000g
山菊降压片,片剂,平肝潜阳。用于阴虚阳亢所致的头痛眩晕、耳鸣健忘、腰膝酸软、五心烦热、心悸失眠；高血压病见上述证候者。,山楂500g菊花83.3g盐泽泻62.5g夏枯草62.5g小蓟83.3g炒决明子83.3g
山绿茶降压片,片剂,清热泻火，平肝潜阳。用于眩晕耳鸣，头痛头胀，心烦易怒，少寐多梦；高血压、高脂血症见上述证候者。,山绿茶1800g
山楂化滞丸,丸剂,消食导滞。用于饮食不节所致的食积，症见脘腹胀满、纳少饱胀、大便秘结。,山楂500g麦芽100g六神曲100g槟榔50g莱菔子50g牵牛子50g
千金止带丸（大蜜丸）,丸剂,健脾补肾，调经止带。用于脾肾两虚所致的月经不调、带下病，症见月经先后不定期、量多或淋漓不净、色淡无块，或带下量多、色白清稀、神疲乏力、腰膝酸软。,党参50g炒白术50g当归100g白芍50g川芎100g醋香附200g木香50g砂仁50g小茴香（盐炒）50g醋延胡索50g盐杜仲50g续断50g盐补骨脂50g鸡冠花200g青黛50g椿皮（炒）200g煅牡蛎50g
千金止带丸（水丸）,丸剂,健脾补肾，调经止带。用于脾肾两虚所致的月经不调、带下病，症见月经先后不定期、量多或淋漓不净、色淡无块，或带下量多、色白清稀、神疲乏力、腰膝酸软。,党参50g炒白术50g当归100g白芍50g川芎100g醋香附200g木香50g砂仁50g小茴香（盐炒）50g醋延胡索50g盐杜仲50g续断50g盐补骨脂50g鸡冠花200g青黛50g椿皮（炒）200g煅牡蛎50g
千柏鼻炎片,片剂,清热解毒，活血祛风，宣肺通窍。用于风热犯肺、内郁化火、凝滞气血所致的鼻塞、鼻痒气热、流涕黄稠，或持续鼻塞、嗅觉迟钝；急慢性鼻炎、急慢性鼻窦炎见上述证候者。,千里光2424g卷柏404g羌活16g决明子242g麻黄81g川芎8g白芷8g
千柏鼻炎胶囊,胶囊剂,清热解毒，活血祛风，宣肺通窍。用于风热犯肺、内郁化火、凝滞气血所致的鼻塞、鼻痒气热、流涕黄稠，或持续鼻塞、嗅觉迟钝；急慢性鼻炎、急慢性鼻窦炎见上述证候者。,千里光4848g卷柏808g羌活32g决明子484g麻黄162g川芎16g白芷16g
千喜片,片剂,清热解毒，消炎止痛，止泻止痢。用于热毒蕴结所致肠炎、结肠炎、细菌性痢疾和鼻窦炎。,穿心莲2000g千里光2000g
千喜胶囊,胶囊剂,清热解毒，消炎止痛，止泻止痢。用于热毒蕴结所致肠炎、结肠炎、细菌性痢疾和鼻窦炎。,穿心莲2000g千里光2000g
川贝止咳露,露剂,止嗽祛痰。用于风热咳嗽，痰多上气或燥咳。,川贝母5g枇杷叶130.9g百部23.4g前胡14.1g桔梗9.1g桑白皮9.4g薄荷脑0.16g
川贝枇杷糖浆,糖浆剂,清热宣肺，化痰止咳。用于风热犯肺、痰热内阻所致的咳嗽痰黄或咯痰不爽、咽喉肿痛、胸闷胀痛；感冒、支气管炎见上述证候者。,川贝母流浸膏45ml桔梗45g枇杷叶300g薄荷脑0.34g
川贝雪梨膏,膏剂,润肺止咳，生津利咽。用于阴虚肺热，咳嗽，喘促，口燥咽干。,梨清膏400g川贝母50g麦冬100g百合50g款冬花25g
川芎茶调丸,丸剂,疏风止痛。用于外感风邪所致的头痛，或有恶寒、发热、鼻塞。,川芎120g白芷60g羌活60g细辛30g防风45g荆芥120g薄荷240g甘草60g
川芎茶调丸（浓缩丸）,丸剂,疏风止痛。用于外感风邪所致的头痛，或有恶寒、发热、鼻塞。,川芎61.2g白芷30.6g羌活30.6g细辛15.3g防风23g荆芥61.2g薄荷122.4g甘草30.6g
川芎茶调片,片剂,疏风止痛。用于外感风邪所致的头痛，或有恶寒、发热、鼻塞。,川芎240g白芷120g羌活120g细辛60g防风90g荆芥240g薄荷480g甘草120g
川芎茶调袋泡茶,茶剂,疏风止痛。用于外感风邪所致的头痛，或有恶寒、发热、鼻塞。,川芎241.5g白芷120.8g羌活120.8g细辛60.4g防风90.6g荆芥241.5g薄荷483g甘草120.8g
川芎茶调散,散剂,疏风止痛。用于外感风邪所致的头痛，或有恶寒、发热、鼻塞。,川芎120g白芷60g羌活60g细辛30g防风45g荆芥120g薄荷240g甘草60g
川芎茶调颗粒,颗粒剂,疏风止痛。用于外感风邪所致的头痛，或有恶寒、发热、鼻塞。,川芎153.8g白芷76.9g羌活76.9g细辛38.5g防风57.7g荆芥153.8g薄荷307.7g甘草76.9g
女金丸,丸剂,益气养血，理气活血，止痛。用于气血两虚、气滞血瘀所致的月经不调，症见月经提前、月经错后、月经量多、神疲乏力、经水淋漓不净、行经腹痛。,当归140g白芍70g川芎70g熟地黄70g党参55g炒白术70g茯苓70g甘草70g肉桂70g益母草200g牡丹皮70g没药（制）70g醋延胡索70g藁本70g白芷70g黄芩70g白薇70g醋香附150g砂仁50g陈皮140g煅赤石脂70g鹿角霜150g阿胶70g
女金胶囊,胶囊剂,益气养血，理气活血，止痛。用于气血两虚、气滞血瘀所致的月经不调，症见月经提前、月经错后、月经量多、神疲乏力、经水淋漓不净、行经腹痛。,当归89.6g白芍44.8g川芎44.8g熟地黄44.8g党参35.2g麸炒白术44.8g茯苓44.8g甘草44.8g肉桂44.8g益母草128g牡丹皮44.8g醋没药44.8g醋延胡索44.8g藁本44.8g白芷44.8g黄芩44.8g白薇44.8g醋香附96g砂仁32g陈皮89.6g煅赤石脂44.8g鹿角霜96g阿胶44.8g
女珍颗粒,颗粒剂,滋肾，宁心。用于更年期综合征属肝肾阴虚、心肝火旺证者，可改善烘热汗出，五心烦热，心悸，失眠。,女贞子200g墨旱莲200g地黄200g紫草200g炒酸枣仁200g柏子仁166.7g钩藤200g珍珠粉16.7g茯苓200g莲子心50g
小儿七星茶口服液,口服液,开胃消滞，清热定惊。用于小儿积滞化热，消化不良，不思饮食，烦躁易惊，夜寐不安，大便不畅，小便短赤。,薏苡仁417g稻芽417g山楂208g淡竹叶313g钩藤156g蝉蜕52g甘草52g
小儿七星茶颗粒,颗粒剂,开胃消滞，清热定惊。用于小儿积滞化热，消化不良，不思饮食，烦躁易惊，夜寐不安，大便不畅，小便短赤。,薏苡仁893g稻芽893g山楂446g淡竹叶670g钩藤335g蝉蜕112g甘草112g
小儿止咳糖浆,糖浆剂,祛痰，镇咳。用于小儿感冒引起的咳嗽。,甘草流浸膏150ml桔梗流浸膏30ml氯化铵10g橙皮酊20ml
小儿止嗽糖浆,糖浆剂,润肺清热，止嗽化痰。用于小儿痰热内蕴所致的发热、咳嗽、黄痰、咳吐不爽、口干舌燥、腹满便秘、久嗽痰盛。,玄参14g麦冬14g胆南星14g杏仁水12ml焦槟榔10g桔梗10g竹茹10g桑白皮10g天花粉10g川贝母10g瓜蒌子10g甘草10g炒紫苏子7g知母7g紫苏叶油0.02ml
小儿化毒散,散剂,清热解毒，活血消肿。用于热毒内蕴、毒邪未尽所致的口疮肿痛、疮疡溃烂、烦躁口渴、大便秘结。,人工牛黄8g珍珠16g雄黄40g大黄80g黄连40g甘草30g天花粉80g川贝母40g赤芍80g乳香（制）40g没药（制）40g冰片10g
小儿化食口服液,口服液,消食化滞，泻火通便。用于食滞化热所致的积滞，症见厌食、烦躁、恶心呕吐、口渴、脘腹胀满、大便干燥。,六神曲（炒焦）10g焦山楂10g焦麦芽10g焦槟榔10g醋莪术5g三棱（麸炒）5g大黄10g炒牵牛子20g
小儿化食丸,丸剂,消食化滞，泻火通便。用于食滞化热所致的积滞，症见厌食、烦躁、恶心呕吐、口渴、脘腹胀满、大便干燥。,六神曲（炒焦）100g焦山楂100g焦麦芽100g焦槟榔100g醋莪术50g三棱（制）50g牵牛子（炒焦）200g大黄100g
小儿百寿丸,丸剂,清热散风，消食化滞。用于小儿风热感冒、积滞，症见发热头痛、脘腹胀满、停食停乳、不思饮食、呕吐酸腐、咳嗽痰多、惊风抽搐。,钩藤45g炒僵蚕45g胆南星（酒炙）75g天竺黄75g桔梗30g木香75g砂仁45g陈皮75g麸炒苍术75g茯苓30g炒山楂150g六神曲（麸炒）45g炒麦芽45g薄荷45g滑石150g甘草30g朱砂10g牛黄10g
小儿百部止咳糖浆,糖浆剂,清肺，止咳、化痰。用于小儿痰热蕴肺所致的咳嗽、顿咳，症见咳嗽、痰多、痰黄黏稠、咯吐不爽，或痰咳不已、痰稠难出；百日咳见上述证候者。,蜜百部100g苦杏仁50g桔梗50g桑白皮50g麦冬25g知母25g黄芩100g陈皮100g甘草25g制天南星25g枳壳（炒）50g
小儿至宝丸,丸剂,疏风镇惊，化痰导滞。用于小儿风寒感冒，停食停乳，发热鼻塞，咳嗽痰多，呕吐泄泻。,紫苏叶50g广藿香50g薄荷50g羌活50g陈皮50g制白附子50g胆南星50g炒芥子30g川贝母50g槟榔50g炒山楂50g茯苓200g六神曲（炒）200g炒麦芽50g琥珀30g冰片4g天麻50g钩藤50g僵蚕（炒）50g蝉蜕50g全蝎50g人工牛黄6g雄黄50g滑石50g朱砂10g
小儿扶脾颗粒,颗粒剂,健脾胃，助消化。用于小儿脾胃气虚，消化不良，体质消瘦。,白术48g陈皮24g山楂48g党参48g莲子48g茯苓38g
小儿抗痫胶囊,胶囊剂,豁痰熄风，健脾理气。用于原发性全身性强直-阵挛发作型儿童癫痫风痰闭阻证，发作时症见四肢抽搐、口吐涎沫、二目上窜、甚至昏仆。,胆南星80g天麻48g太子参80g茯苓80g水半夏（制）80g橘红48g九节菖蒲120g青果120g琥珀24g沉香24g六神曲（麸炒）80g麸炒枳壳48g川芎48g羌活48g
小儿肝炎颗粒,颗粒剂,清热利湿，解郁止痛。用于肝胆湿热所致的黄疸、胁痛、腹胀、发热、恶心呕吐、食欲减退、身体倦懒、皮肤黄染；黄疸型肝炎或无黄疸型肝炎见上述证候者。,茵陈120g栀子（姜炙）30g黄芩60g黄柏60g焦山楂90g大豆黄卷90g郁金15g通草30g
小儿金丹片,片剂,祛风化痰，清热解毒。用于外感风热，痰火内盛所致的感冒，症见发热、头痛、咳嗽、气喘、咽喉肿痛、呕吐，及高热惊风。,朱砂80g橘红40g川贝母40g胆南星30g前胡30g玄参30g清半夏30g大青叶30g木通30g桔梗30g荆芥穗30g羌活30g西河柳30g地黄30g枳壳（炒）30g赤芍30g钩藤30g葛根20g牛蒡子20g天麻20g甘草20g防风20g冰片10g水牛角浓缩粉10g羚羊角粉5g薄荷脑0.1g
小儿肺咳颗粒,颗粒剂,健脾益肺，止咳平喘。用于肺脾不足，痰湿内壅所致咳嗽或痰多稠黄，咳吐不爽，气短，喘促，动辄汗出，食少纳呆，周身乏力，舌红苔厚；小儿支气管炎见以上证候者。,人参20g茯苓20g白术8g陈皮20g鸡内金20g酒大黄12g鳖甲20g地骨皮23g北沙参39g炙甘草12g青蒿29g麦冬39g桂枝8g干姜8g淡附片8g瓜蒌29g款冬花20g紫菀20g桑白皮23g胆南星8g黄芪20g枸杞子20g
小儿肺热平胶囊,胶囊剂,清热化痰，止咳平喘，镇惊开窍。用于小儿痰热壅肺所致喘嗽，症见喘咳、吐痰黄稠、壮热烦渴、神昏抽搐、舌红苔黄腻。,人工牛黄3.3g地龙55g珍珠3.3g拳参44g牛胆粉11g甘草11g平贝母66g人工麝香0.22g射干55g朱砂0.44g黄连44g黄芩88g羚羊角0.44g北寒水石55g冰片0.44g新疆紫草33g柴胡66g
小儿肺热咳喘口服液,口服液,清热解毒，宣肺化痰。用于热邪犯于肺卫所致发热、汗出、微恶风寒、咳嗽、痰黄，或兼喘息、口干而渴。,麻黄50g苦杏仁100g石膏400g甘草50g金银花167g连翘167g知母167g黄芩167g板蓝根167g麦冬167g鱼腥草167g
小儿泻速停颗粒,颗粒剂,清热利湿，健脾止泻，缓急止痛，用于小儿湿热壅遏大肠所致的泄泻，症见大便稀薄如水样、腹痛、纳差；小儿秋季腹泻及迁延性、慢性腹泻见上述证候者。,地锦草360g儿茶54g乌梅60g焦山楂90g茯苓180g白芍90g甘草360g
小儿泻痢片,片剂,清热利湿，止泻。用于小儿湿热下注所致的痢疾、泄泻，症见大便次数增多或里急后重、下利赤白。,葛根37.5g黄芩62.5g黄连31.3g厚朴62.5g白芍62.5g茯苓62.5g焦山楂62.5g乌梅31.3g甘草12.5g滑石粉75g
小儿宝泰康颗粒,颗粒剂,解表清热，止咳化痰。用于小儿风热外感，症见发热、流涕、咳嗽、脉浮。,连翘416g地黄416g滇柴胡416g玄参208g桑叶208g浙贝母208g蒲公英208g南板蓝根416g滇紫草208g桔梗416g莱菔子416g甘草208g
小儿咽扁颗粒,颗粒剂,清热利咽，解毒止痛。用于小儿肺卫热盛所致的喉痹、乳蛾，症见咽喉肿痛、咳嗽痰盛、口舌糜烂；急性咽炎、急性扁桃腺炎见上述证候者。,金银花109.4g射干62.5g金果榄78.1g桔梗78.1g玄参78.1g麦冬78.1g人工牛黄0.31g冰片0.16g
小儿咳喘灵口服液,口服液,〔规格（1）〕宣肺清热，止咳、祛痰、平喘。用于上呼吸道感染，气管炎，肺炎，咳嗽。〔规格（2）〕宣肺、清热，止咳、祛痰。用于上呼吸道感染引起的咳嗽。,麻黄12.5g金银花125g苦杏仁62.5g板蓝根125g石膏187.5g甘草62.5g瓜蒌62.5g
小儿咳喘颗粒,颗粒剂,清热宣肺，化痰止咳，降逆平喘。用于小儿痰热壅肺所致的咳嗽、发热、痰多、气喘。,麻黄90g川贝母90g苦杏仁（炒）150g黄芩150g天竺黄150g紫苏子（炒）180g僵蚕（炒）180g山楂（炒）180g莱菔子（炒）180g石膏300g鱼腥草360g细辛15g茶叶15g甘草90g桔梗150g
小儿香橘丸,丸剂,健脾和胃，消食止泻。用于脾虚食滞所致的呕吐便泻、脾胃不和、身热腹胀、面黄肌瘦、不思饮食。,木香9g陈皮54g苍术（米泔炒）54g炒白术54g茯苓54g甘草18g白扁豆（去皮）36g麸炒山药36g莲子36g麸炒薏苡仁36g炒山楂36g炒麦芽36g六神曲（麸炒）36g姜厚朴36g麸炒枳实36g醋香附54g砂仁18g法半夏36g泽泻18g
小儿退热合剂（小儿退热口服液）,口服液,疏风解表，解毒利咽。用于小儿外感风热所致的感冒，症见发热恶风、头痛目赤、咽喉肿痛；上呼吸道感染见上述证候者。,大青叶150g板蓝根90g金银花90g连翘90g栀子90g牡丹皮90g黄芩90g淡竹叶60g地龙60g重楼45g柴胡90g白薇60g
小儿退热颗粒,颗粒剂,疏风解表，解毒利咽。用于小儿外感风热所致的感冒，症见发热恶风、头痛目赤、咽喉肿痛；上呼吸道感染见上述证候者。,大青叶300g板蓝根180g金银花180g连翘180g栀子180g牡丹皮180g黄芩180g淡竹叶120g地龙120g重楼90g柴胡180g白薇120g
小儿柴桂退热口服液,口服液,发汗解表，清里退热。用于小儿外感发热。症见：发热，头身痛，流涕，口渴，咽红，溲黄，便干。,柴胡130g桂枝45g葛根130g浮萍45g黄芩60g白芍45g蝉蜕45g
小儿柴桂退热颗粒,颗粒剂,发汗解表，清里退热。用于小儿外感发热。症见发热，头身痛，流涕，口渴，咽红，溲黄，便干。,柴胡260g桂枝90g葛根260g浮萍90g黄芩120g白芍90g蝉蜕90g
小儿热速清口服液,口服液,清热解毒，泻火利咽。用于小儿外感风热所致的感冒，症见高热、头痛、咽喉肿痛、鼻塞流涕、咳嗽、大便干结。,柴胡250g黄芩125g板蓝根250g葛根125g金银花137.5g水牛角62.5g连翘150g大黄62.5g
小儿热速清颗粒,颗粒剂,清热解毒，泻火利咽。用于小儿外感风热所致的感冒，症见高热、头痛、咽喉肿痛、鼻塞流涕、咳嗽、大便干结。,柴胡1250g黄芩625g板蓝根1250g葛根625g金银花687.5g水牛角312.5g连翘750g大黄312.5g
小儿热速清糖浆,糖浆剂,清热解毒，泻火利咽。用于小儿外感风热所致的感冒，症见高热、头痛、咽喉肿痛、鼻塞流涕、咳嗽、大便干结。,柴胡250g黄芩125g葛根125g水牛角62.5g金银花187.5g板蓝根250g连翘150g大黄62.5g
小儿消食片,片剂,消食化滞，健脾和胃。用于食滞肠胃所致积滞，症见食少、便秘、脘腹胀满、面黄肌瘦。,炒鸡内金4.7g山楂93.3g六神曲（炒）85.5g炒麦芽85.5g槟榔23.3g陈皮7.8g
小儿消积止咳口服液,口服液,清热肃肺，消积止咳。用于小儿饮食积滞、痰热蕴肺所致的咳嗽、夜间加重、喉间痰鸣、腹胀、口臭。,炒山楂100g槟榔100g枳实100g蜜枇杷叶100g瓜蒌134g炒莱菔子100g炒葶苈子100g桔梗100g连翘100g蝉蜕66g
小儿豉翘清热颗粒,颗粒剂,疏风解表，清热导滞。用于小儿风热感冒夹滞证，症见发热咳嗽，鼻塞流涕，咽红肿痛，纳呆口渴，脘腹胀满，便秘或大便酸臭，溲黄。,连翘444g淡豆豉333g薄荷222g荆芥222g炒栀子189g大黄189g青蒿333g赤芍222g槟榔167g厚朴333g黄芩333g半夏333g柴胡222g甘草189g
小儿惊风散,散剂,镇惊熄风。用于小儿惊风，抽搐神昏。,全蝎130g炒僵蚕224g雄黄40g朱砂60g甘草60g
小儿清肺止咳片,片剂,清热解表，止咳化痰。用于小儿外感风热、内闭肺火所致的身热咳嗽、气促痰多、烦躁口渴、大便干燥。,紫苏叶15g菊花30g葛根45g川贝母45g炒苦杏仁45g枇杷叶60g炒紫苏子15g蜜桑白皮45g前胡45g射干30g栀子（姜炙）45g黄芩45g知母45g板蓝根45g人工牛黄15g冰片8g
小儿清肺化痰口服液,口服液,清热化痰，止咳平喘。用于小儿风热犯肺所致的咳嗽，症见呼吸气促、咳嗽痰喘、喉中作响。,麻黄90g前胡225g黄芩225g炒紫苏子225g石膏675g炒苦杏仁225g葶苈子279g竹茹225g
小儿清热止咳合剂（小儿清热止咳口服液）,口服液,清热宣肺，平喘，利咽。用于小儿外感风热所致的感冒，症见发热恶寒、咳嗽痰黄、气促喘息、口干音哑、咽喉肿痛。,麻黄90g炒苦杏仁120g石膏270g甘草90g黄芩180g板蓝根180g北豆根90g
小儿清热片,片剂,清热解毒，祛风镇惊。用于小儿风热，烦躁抽搐，发热口疮，小便短赤，大便不利。,黄柏117.6g灯心草23.5g栀子117.6g钩藤47g雄黄47g黄连70.6g朱砂23.5g龙胆47g黄芩117.6g大黄47g薄荷素油0.47g
小儿感冒口服液,口服液,清热解表。用于小儿外感风热所致发热重、微恶风寒、头痛、有汗或少汗、咽红肿痛、口渴、舌尖红、苔薄黄而干、脉浮数。,广藿香85g菊花85g连翘85g大青叶141g板蓝根85g地黄85g地骨皮85g白薇85g薄荷56g石膏141g
小儿感冒茶,茶剂,疏风解表，清热解毒。用于小儿风热感冒，症见发热重、头胀痛、咳嗽痰黏、咽喉肿痛；流感见上述证候者。,广藿香750g菊花750g连翘750g大青叶1250g板蓝根750g地黄750g地骨皮750g白薇750g薄荷500g石膏1250g
小儿感冒颗粒,颗粒剂,疏风解表，清热解毒。用于小儿风热感冒，症见发热重、头胀痛、咳嗽痰黏、咽喉肿痛；流感见上述证候者。,广藿香75g菊花75g连翘75g大青叶125g板蓝根75g地黄75g地骨皮75g白薇75g薄荷50g石膏125g
小儿感冒宁糖浆,糖浆剂,疏散风热，清热止咳。用于小儿外感风热所致的感冒，症见发热、汗出不爽、鼻塞流涕、咳嗽咽痛。,薄荷80g荆芥穗67g苦杏仁80g牛蒡子80g黄芩80g桔梗67g前胡80g白芷27g炒栀子40g焦山楂27g六神曲（焦）27g焦麦芽27g芦根120g金银花120g连翘80g
小儿腹泻宁糖浆,糖浆剂,健脾和胃，生津止泻，用于脾胃气虚所致的泄泻，症见大便泄泻、腹胀腹痛、纳减、呕吐、口干、倦怠乏力、舌淡苔白。,党参150g白术200g茯苓200g葛根250g甘草50g广藿香50g木香50g
小儿解表颗粒,颗粒剂,宣肺解表，清热解毒。用于小儿外感风热所致的感冒，症见发热恶风、头痛咳嗽、鼻塞流涕、咽喉痛痒。,金银花300g连翘250g炒牛蒡子250g蒲公英300g黄芩300g防风150g紫苏叶150g荆芥穗100g葛根150g人工牛黄1g
小儿解热丸,丸剂,清热化痰，镇惊，息风。用于小儿感冒发热，痰涎壅盛，高热惊风，项背强直，手足抽搐，神志昏蒙，呕吐咳嗽。,全蝎80g胆南星70g防风70g羌活70g天麻60g麻黄50g钩藤50g薄荷50g猪牙皂50g煅青礞石50g天竺黄40g陈皮40g茯苓40g甘草40g琥珀40g炒僵蚕20g蜈蚣5g珍珠40g朱砂10g人工牛黄10g人工麝香10g冰片5g
小儿解感片,片剂,清热解表，利咽止咳。用于感冒发烧，头痛鼻塞，咳嗽喷嚏，咽喉肿痛。,大青叶830g柴胡415g黄芩415g荆芥415g桔梗250g甘草165g
小儿敷脐止泻散,散剂,温中散寒，止泻。用于小儿中寒、腹泻、腹痛。,黑胡椒300g
小青龙合剂,口服液,解表化饮，止咳平喘。用于风寒水饮，恶寒发热，无汗，喘咳痰稀。,麻黄125g桂枝125g白芍125g干姜125g细辛62g炙甘草125g法半夏188g五味子125g
小青龙颗粒,颗粒剂,解表化饮，止咳平喘。用于风寒水饮，恶寒发热，无汗，喘咳痰稀。,麻黄154g桂枝154g白芍154g干姜154g细辛77g炙甘草154g法半夏231g五味子154g
小金丸,丸剂,散结消肿，化瘀止痛。用于痰气凝滞所致的瘰疬、瘿瘤、乳岩、乳癖，症见肌肤或肌肤下肿块一处或数处，推之能动，或骨及骨关节肿大，皮色不变，肿硬作痛。,麝香或人工麝香30g木鳖子（去壳去油）150g制草乌150g枫香脂150g醋乳香75g醋没药75g醋五灵脂150g酒当归75g地龙150g香墨12g
小金片,片剂,散结消肿，化瘀止痛。用于阴疽初起，皮色不变，肿硬作痛，多发性脓肿，瘿瘤，瘰疬，乳岩，乳癖。,人工麝香15g木鳖子（去壳去油）75g制草乌75g枫香脂75g醋乳香37.5g醋没药37.5g醋五灵脂75g酒当归37.5g地龙75g香墨6g
小金胶囊,胶囊剂,散结消肿，化瘀止痛。用于阴疽初起，皮色不变，肿硬作痛，多发性脓肿，瘿瘤，瘰疬，乳岩，乳癖。,人工麝香10g木鳖子（去壳去油）50g制草乌50g枫香脂50g醋乳香25g醋没药25g醋五灵脂50g酒当归25g地龙50g香墨4g
小建中片,片剂,温中补虚，缓急止痛。用于脾胃虚寒，脘腹疼痛，喜温喜按，嘈杂吞酸，食少；胃及十二指肠溃疡上述证候者。,桂枝1110g白芍2220g炙甘草740g生姜1110g大枣1110g
小建中合剂,口服液,温中补虚，缓急止痛。用于脾胃虚寒，脘腹疼痛，喜温喜按，嘈杂吞酸，食少；胃及十二指肠溃疡见上述证候者。,桂枝111g白芍222g炙甘草74g生姜111g大枣111g
小建中颗粒,颗粒剂,温中补虚，缓急止痛。用于脾胃虚寒，脘腹疼痛，喜温喜按，嘈杂吞酸，食少心悸及腹泻与便秘交替症状的慢性结肠炎，胃及十二指肠溃疡。,白芍400g大枣200g桂枝200g炙甘草133g生姜200g
小活络丸,丸剂,祛风散寒，化痰除湿，活血止痛。用于风寒湿邪闭阻、痰瘀阻络所致的痹病，症见肢体关节疼痛，或冷痛，或刺痛，或疼痛夜甚、关节屈伸不利、麻木拘挛。,胆南星180g制川乌180g制草乌180g地龙180g乳香（制）66g没药（制）66g
小柴胡片,片剂,解表散热，疏肝和胃。用于外感病，邪犯少阳证，症见寒热往来、胸胁苦满、食欲不振、心烦喜呕、口苦咽干。,柴胡445g姜半夏222g黄芩167g党参167g甘草167g生姜167g大枣167g
小柴胡泡腾片,片剂,解表散热，疏肝和胃。用于外感病邪犯少阳证，症见寒热往来、胸胁苦满、食欲不振、心烦喜呕、口苦咽干。,柴胡1550g姜半夏575g黄芩575g党参575g甘草575g生姜575g大枣575g
小柴胡胶囊,胶囊剂,解表散热，疏肝和胃。用于外感病，邪犯少阳症，症见寒热往来、胸胁苦满、食欲不振、心烦喜呕、口苦咽干。,柴胡445g姜半夏222g黄芩167g党参167g甘草167g生姜167g大枣167g
小柴胡颗粒,颗粒剂,解表散热、疏肝和胃。用于外感病，邪犯少阳证，症见寒热往来、胸胁苦满、食欲不振、心烦喜呕、口苦咽干。,柴胡150g黄芩56g姜半夏56g党参56g生姜56g甘草56g大枣56g
马应龙八宝眼膏,膏剂,清热退赤，止痒去翳。用于风火上扰所致的眼睛红肿痛痒、流泪、眼睑红烂；沙眼见上述证候者。,煅炉甘石32.7g琥珀0.15g人工麝香0.38g人工牛黄0.38g珍珠0.38g冰片14.8g硼砂1.2g硇砂0.05g
马应龙麝香痔疮膏,膏剂,清热燥湿，活血消肿，去腐生肌。用于湿热瘀阻所致的各类痔疮、肛裂，症见大便出血，或疼痛、有下坠感；亦用于肛周湿疹。,人工麝香0.4g人工牛黄0.5g珍珠0.38g煅炉甘石108.6g硼砂10g冰片45g琥珀0.15g
马钱子散,散剂,祛风湿，通经络。用于风湿闭阻所致的痹病，症见关节疼痛、臂痛腰痛、肢体肌肉萎缩。,制马钱子适量（含士的宁8.0g）地龙（焙黄）93.5g
开光复明丸,丸剂,清热散风，退翳明目。用于肝胆热盛引起的暴发火眼、红肿痛痒、眼睑赤烂、云翳气蒙、羞明多眵。,栀子（制）60g黄芩60g黄连120g黄柏60g大黄60g龙胆30g炒蒺藜60g菊花60g防风30g石决明60g玄参30g红花30g当归36g赤芍36g地黄36g泽泻30g羚羊角粉3g冰片15g
开胃山楂丸,丸剂,行气健脾，消食导滞。用于饮食积滞所致的脘腹胀满、食后疼痛；消化不良见上述证候者。,山楂600g六神曲（炒）100g槟榔50g山药50g炒白扁豆50g炒鸡内金50g麸炒枳壳50g炒麦芽50g砂仁25g
开胃健脾丸,丸剂,健脾和胃。用于脾胃虚弱、中气不和所致的泄泻、痞满，症见食欲不振、嗳气吞酸、腹胀泄泻；消化不良见上述证候者。,白术200g党参120g茯苓160g木香60g黄连60g六神曲（炒）80g陈皮80g砂仁80g炒麦芽80g山楂80g山药80g煨肉豆蔻80g炙甘草60g
开胸顺气丸,丸剂,消积化滞，行气止痛。用于气郁食滞所致的胸胁胀满、胃脘疼痛、嗳气呕恶、食少纳呆。,槟榔300g炒牵牛子400g陈皮100g木香75g姜厚朴100g醋三棱100g醋莪术100g猪牙皂50g
开胸顺气胶囊,胶囊剂,消积化滞，行气止痛。用于气郁食滞所致的胸胁胀满、胃脘疼痛、嗳气呕恶、食少纳呆。,槟榔360g炒牵牛子480g陈皮120g木香90g姜厚朴120g醋三棱120g醋莪术120g猪牙皂60g
天王补心丸,丸剂,滋阴养血，补心安神。用于心阴不足，心悸健忘，失眠多梦，大便干燥。,丹参25g当归50g石菖蒲25g党参25g茯苓25g五味子50g麦冬50g天冬50g地黄200g玄参25g制远志25g炒酸枣仁50g柏子仁50g桔梗25g甘草25g朱砂10g
天王补心丸（浓缩丸）,丸剂,滋阴养血，补心安神。用于心阴不足，心悸健忘，失眠多梦，大便干燥。,丹参25g当归50g石菖蒲25g党参25g茯苓25g五味子50g麦冬50g天冬50g地黄200g玄参25g制远志25g炒酸枣仁50g柏子仁50g桔梗25g甘草25g朱砂10g
天丹通络片,片剂,活血通络，熄风化痰。用于中风中经络，风痰瘀血痹阻脉络证，症见半身不遂、偏身麻木、口眼歪斜、语言謇涩；脑梗死急性期、恢复早期见上述证候者。,川芎330g豨莶草330g丹参330g水蛭110g天麻330g槐花220g石菖蒲220g人工牛黄11g黄芪400g牛膝220g
天丹通络胶囊,胶囊剂,活血通络，熄风化痰。用于中风中经络，风痰瘀血痹阻脉络证，症见半身不遂、偏身麻木、口眼歪斜、语言謇涩；脑梗死急性期、恢复早期见上述证候者。,川芎330g豨莶草330g丹参330g水蛭110g天麻330g槐花220g石菖蒲220g人工牛黄11g黄芪400g牛膝220g
天和追风膏,膏剂,温经散寒，祛风除湿，活血止痛。用于风寒湿闭阻、瘀血阻络所致的痹病，症见关节疼痛，局部畏风寒，腰背痛，屈伸不利，四肢麻木。,生草乌50g麻黄50g细辛50g羌活50g乌药50g白芷50g高良姜50g独活50g威灵仙50g生川乌12g肉桂50g红花50g桃仁50g苏木24g赤芍50g乳香7.4g没药7.4g当归50g蜈蚣15g蛇蜕12g海风藤50g牛膝50g续断24g香加皮12g红大戟50g麝香酮0.096g龙血竭7.4g肉桂油2.5g冰片40g薄荷脑40g辣椒浸膏40g丁香罗勒油32g樟脑120g水杨酸甲酯80g
天菊脑安胶囊,胶囊剂,平肝熄风，活血化瘀。用于肝风夹瘀证的偏头痛，症见头部胀痛、刺痛、跳痛、痛有定处、反复发作、或伴有头晕目眩、或烦躁易怒、或恶心呕吐，舌暗红或有瘀斑，脉弦。,川芎300g天麻200g菊花250g蔓荆子166g藁本166g白芍200g丹参250g墨旱莲300g女贞子166g牛膝166g
天麻丸,丸剂,祛风除湿，通络止痛，补益肝肾。用于风湿瘀阻、肝肾不足所致的痹病，症见肢体拘挛、手足麻木、腰腿酸痛。,天麻60g羌活100g独活50g盐杜仲70g牛膝60g粉萆薢60g附子（黑顺片）10g当归100g地黄160g玄参60g
天麻头痛片,片剂,养血祛风，散寒止痛。用于外感风寒、瘀血阻滞或血虚失养所致的偏正头痛、恶寒、鼻塞。,天麻94g白芷188g川芎188g荆芥125g当归188g乳香（醋制）42g
天麻钩藤颗粒,颗粒剂,平肝熄风，清热安神。用于肝阳上亢所引起的头痛、眩晕、耳鸣、眼花、震颤、失眠；高血压见上述证候者。,天麻80.5g钩藤268g石决明214.5g栀子80.5g黄芩80.5g牛膝80.5g盐杜仲107g益母草107g桑寄生214.5g首乌藤134g茯苓134g
天麻首乌片,片剂,滋阴补肾，养血息风。用于肝肾阴虚所致的头晕目眩、头痛耳鸣、口苦咽干、腰膝酸软、脱发、白发；脑动脉硬化、早期高血压、血管神经性头痛、脂溢性脱发见上述证候者。,天麻33.75g白芷26.25g制何首乌56.25g熟地黄56.25g丹参56.25g川芎22.5g当归75g炒蒺藜37.5g桑叶37.5g墨旱莲75g酒女贞子75g白芍75g黄精（蒸）75g甘草11.25g
天麻祛风补片,片剂,温肾养肝，祛风止痛。用于肝肾亏损、风湿入络所致的痹病，症见头晕耳鸣、关节疼痛、腰膝酸软、畏寒肢冷、手足麻木。,地黄160g当归160g羌活80g独活50g附片（黑顺片）（砂炒）60g肉桂60g天麻（姜汁制）60g盐杜仲70g酒川牛膝60g玄参60g茯苓60g
天麻醒脑胶囊,胶囊剂,滋补肝肾，平肝息风，通络止痛。用于肝肾不足，肝风上扰所致头痛，头晕，记忆力减退，失眠，反应迟钝，耳鸣，腰酸。,天麻300g地龙200g石菖蒲300g远志200g熟地黄100g肉苁蓉100g
天紫红女金胶囊,胶囊剂,益气养血，补肾暖宫。用于气血两亏，肾虚宫冷，月经不调，崩漏带下，腰膝冷痛，宫冷不孕。,炙黄芪53g党参53g山药（酒炒）53g炙甘草13g熟地黄53g当归80g阿胶（蛤粉制）53g白术53g茯苓40g盐杜仲40g川芎40g陈皮27g香附（醋盐炙）80g肉桂27g三七（熟）27g砂仁（去壳盐炙）27g桑寄生40g益母草53g盐小茴香13g牛膝13g木香13g酒白芍53g丁香7g艾叶（醋炙）80g盐益智仁27g醋延胡索13g肉苁蓉40g酒续断40g地榆（醋炙）53g荆芥（醋炙）40g酸枣仁（盐炙）53g海螵蛸53g麦冬27g椿皮27g酒黄芩53g白薇13g
天智颗粒,颗粒剂,平肝潜阳，补益肝肾，益智安神。用于肝阳上亢的中风引起的头晕目眩，头痛失眠、烦躁易怒、口苦咽干、腰膝酸软、智能减退、思维迟缓、定向性差；轻中度血管性痴呆属上述证候者。,天麻533g钩藤533g石决明533g杜仲533g桑寄生533g茯神267g首乌藤533g槐花267g栀子267g黄芩267g川牛膝400g益母草533g
天舒片,片剂,活血平肝，通络止痛。用于瘀血阻络或肝阳上亢所致的头痛日久、痛有定处，或头晕胁痛、失眠烦躁、舌质暗或有瘀斑；血管神经性头痛，紧张性头痛，高血压头痛见上述证候者。,川芎784g天麻196g
天舒胶囊,胶囊剂,活血平肝，通络止痛。用于瘀血阻络或肝阳上亢所致的头痛日久、痛有定处，或头晕胁痛、失眠烦躁、舌质暗或有瘀斑；血管神经性头痛，紧张性头痛，高血压头痛见上述证候者。,川芎784g天麻196g
元胡止痛口服液,口服液,理气，活血，止痛。用于气滞血瘀的胃痛，胁痛，头痛及痛经。,醋延胡索267g白芷134g
元胡止痛片,片剂,理气，活血，止痛。用于气滞血瘀的胃痛，胁痛，头痛及痛经。,醋延胡索445g白芷223g
元胡止痛软胶囊,软胶囊,理气，活血，止痛。用于气滞血瘀的胃痛，胁痛，头痛及痛经。,醋延胡索1333g白芷667g
元胡止痛胶囊,胶囊剂,理气，活血，止痛。用于气滞血瘀的胃痛，胁痛，头痛及痛经。,醋延胡索445g白芷223g
元胡止痛颗粒,颗粒剂,理气，活血，止痛。用于气滞血瘀的胃痛，胁痛，头痛及痛经。,醋延胡索445g白芷223g
元胡止痛滴丸,滴丸,理气，活血，止痛。用于气滞血瘀的胃痛，胁痛，头痛及痛经。,醋延胡索86.6g白芷43.4g
无比山药丸,丸剂,健脾补肾。用于脾肾两虚，食少肌瘦，腰膝酸软，目眩耳鸣。,山药300g熟地黄100g杜仲（姜汁炒）300g肉苁蓉400g山茱萸（蒸）100g茯苓100g菟丝子300g巴戟天100g泽泻100g牛膝100g五味子（蒸）150g煅赤石脂100g
无烟灸条,贴膏剂,行气血，逐寒湿。用于风寒湿痹，肌肉酸麻，关节四肢疼痛，脘腹冷痛。,羌活300g细辛300g白芷300g甘松300g木香225g艾叶炭12500g
云香祛风止痛酊,酊剂,祛风除湿，活血止痛。用于风湿骨痛，伤风感冒，头痛，肚痛，心胃气痛，冻疮。,白芷28.8g大皂角28.8g桂枝57.7g木香43.3g莪术43.3g五味藤86.5g豆豉姜57.7g千斤拔57.7g朱砂根57.7g羊耳菊57.7g枫荷桂57.7g虎杖57.7g买麻藤72.1g过岗龙86.5g广西海风藤86.5g穿壁风72.1g香樟86.5g徐长卿14.4g山豆根14.4g细辛14.4g薄荷脑57.7g樟脑57.7g
木瓜丸,丸剂,祛风散寒，除湿通络。用于风寒湿闭阻所致的痹病，症见关节疼痛、肿胀、屈伸不利、局部畏恶风寒、肢体麻木、腰膝酸软。,木瓜80g当归80g川芎80g白芷80g威灵仙80g狗脊（制）40g牛膝160g鸡血藤40g海风藤80g人参40g制川乌40g制草乌40g
木香分气丸,丸剂,宽胸消胀，理气止呕。用于肝郁气滞、脾胃不和所致的胸膈痞闷、两胁胀满、胃脘疼痛、倒饱嘈杂、恶心呕吐、嗳气吞酸。,木香192g砂仁48g丁香48g檀香48g醋香附384g广藿香48g陈皮192g姜厚朴384g枳实192g豆蔻48g醋莪术384g炒山楂192g白术（麸炒）192g甘松192g槟榔96g甘草192g
木香顺气丸,丸剂,行气化湿，健脾和胃。用于湿浊中阻、脾胃不和所致的胸膈痞闷、脘腹胀痛、呕吐恶心、嗳气纳呆。,木香100g砂仁100g醋香附100g槟榔100g甘草50g陈皮100g厚朴100g枳壳（炒）100g苍术（炒）100g青皮（炒）100g生姜200g
木香槟榔丸,丸剂,行气导滞，泻热通便。用于湿热内停，赤白痢疾，里急后重，胃肠积滞，脘腹胀痛，大便不通。,木香50g槟榔50g枳壳（炒）50g陈皮50g青皮（醋炒）50g香附（醋制）150g醋三棱50g莪术（醋炙）50g黄连50g黄柏（酒炒）150g大黄150g炒牵牛子200g芒硝100g
五子衍宗丸,丸剂,补肾益精。用于肾虚精亏所致的阳痿不育、遗精早泄、腰痛、尿后余沥。,枸杞子400g菟丝子（炒）400g覆盆子200g五味子（蒸）50g盐车前子100g
五子衍宗片,片剂,补肾益精。用于肾虚精亏所致的阳痿不育、遗精早泄、腰痛、尿后余沥。,枸杞子275g菟丝子（炒）275g覆盆子135g五味子（蒸）35g盐车前子68g
五加生化胶囊,胶囊剂,益气养血、活血祛瘀。用于经期及人流术后、产后气虚血瘀所致阴道流血，血色紫暗或有血块，小腹疼痛按之不减，腰背酸痛、自汗、心悸气短、舌淡、兼见瘀点、脉沉弱。,刺五加浸膏150g当归200g川芎125g桃仁100g干姜60g甘草60g
五灵胶囊,胶囊剂,疏肝健脾活血。用于慢性乙型肝炎肝郁脾虚挟瘀证，症见纳呆、腹胀嗳气、胁肋胀痛、疲乏无力。,柴胡342g灵芝173g丹参342g五味子342g
五苓胶囊,胶囊剂,温阳化气，利湿行水。用于膀胱化气不利，水湿内聚引起的小便不利，水肿腹胀，呕逆泄泻，渴不思饮。,泽泻937.5g茯苓562.5g猪苓562.5g肉桂375g麸炒白术562.5g
五苓散,散剂,温阳化气，利湿行水。用于阳不化气、水湿内停所致的水肿，症见小便不利、水肿腹胀、呕逆泄泻、渴不思饮。,茯苓180g泽泻300g猪苓180g肉桂120g炒白术180g
五虎散,散剂,活血散瘀，消肿止痛。用于跌打损伤，瘀血肿痛。,当归350g红花350g防风350g制天南星350g白芷240g
五味子颗粒,颗粒剂,益气生津，补肾宁心。用于心肾不足所致的失眠、多梦、头晕；神经衰弱症见上述证候者。,五味子300g
五味子糖浆,糖浆剂,益气生津，补肾宁心。用于心肾不足所致的失眠、多梦、头晕；神经衰弱症见上述证候者。,五味子100g
五味沙棘散,散剂,清热祛痰，止咳定喘。用于肺热久嗽，喘促痰多，胸中满闷，胸胁作痛；慢性支气管炎见上述证候者。,沙棘膏180g木香150g白葡萄干120g甘草90g栀子60g
五味清浊散,散剂,开郁消食，暖胃。用于食欲不振，消化不良，胃脘冷痛，满闷嗳气，腹胀泄泻。,石榴400g红花200g豆蔻50g肉桂50g荜茇50g
五味麝香丸,丸剂,消炎，止痛，祛风。用于扁桃体炎，咽峡炎，流行性感冒，炭疽病，风湿性关节炎，神经痛，胃痛，牙痛。,麝香10g诃子（去核）300g黑草乌300g木香100g藏菖蒲60g
五黄养阴颗粒,颗粒剂,燥湿化痰、益气养阴。用于消渴病属痰湿内滞、气阴两虚证，症见口渴喜饮，多食善饥，尿频尿多，头身困重，呕恶痰涎，倦怠乏力，气短懒言，自汗盗汗，心悸失眠，形体肥胖，咽燥口干，心烦畏热，溲赤便秘。,黄连277g红芪833g地黄833g姜黄833g黄芩555g
五福化毒丸,丸剂,清热解毒，凉血消肿。用于血热毒盛，小儿疮疖，痱毒，咽喉肿痛，口舌生疮，牙龈出血，痄腮。,水牛角浓缩粉20g连翘60g青黛20g黄连5g炒牛蒡子50g玄参60g地黄50g桔梗50g芒硝5g赤芍50g甘草60g
五福化毒片,片剂,清热解毒，凉血消肿。用于血热毒盛，小儿疮疖，痱毒，咽喉肿痛，口舌生疮，牙龈出血，痄腮。,水牛角浓缩粉9g连翘27g青黛9g黄连2.25g炒牛蒡子22.5g玄参27g地黄22.5g桔梗22.5g芒硝2.25g赤芍22.5g甘草27g
比拜克胶囊,胶囊剂,清热、解毒、通便。用于外感病气分热盛，发热烦躁，头痛目赤，牙龈肿痛，大便秘结。,熊胆粉11.1g酒大黄222.2g儿茶111.1g冰片22.2g胡黄连166.7g香墨33.4g玄明粉22.2g
牙痛一粒丸,丸剂,解毒消肿，杀虫止痛。用于火毒内盛所致的牙龈肿痛、龋齿疼痛。,蟾酥240g朱砂50g雄黄60g甘草240g
止血定痛片,片剂,散瘀，止血，止痛。用于十二指肠溃疡疼痛、胃酸过多、出血属血瘀证者。,三七129g煅花蕊石129g海螵蛸86g甘草86g
止血复脉合剂,口服液,止血祛瘀，滋阴复脉。用于上消化道出血量多，症见烦躁或神志淡漠、肢冷、汗出、脉弱无力。可作为失血性休克的辅助治疗药物。,阿胶200g附片（黑顺片）90g川芎100g大黄50g
止红肠辟丸,丸剂,清热凉血，养血止血。用于血热所致的肠风便血、痔疮下血。,地黄（炭）96g当归96g黄芩96g地榆炭84g栀子84g白芍72g槐花64g阿胶64g荆芥穗64g侧柏炭64g黄连24g乌梅10g升麻5g
止咳宝片,片剂,宣肺祛痰，止咳平喘。用于外感风寒所致的咳嗽、痰多清稀、咳甚而喘；慢性支气管炎、上呼吸道感染见上述证候者。,紫菀32g橘红21g桔梗32g枳壳5g百部21g五味子5g陈皮32g干姜5g荆芥16g罂粟壳浸膏100g甘草95g氯化铵80g前胡47g薄荷素油0.5ml
止咳喘颗粒,颗粒剂,止咳，平喘，祛痰。用于支气管炎，咳喘，痰多，痰稠，感冒咳嗽，肺痈吐脓，胸满胁痛。,满山红556g桔梗167g炙甘草194g
止咳橘红口服液,口服液,清肺，止咳，化痰。用于痰热阻肺引起的咳嗽痰多、胸满气短、咽干喉痒。,化橘红66g陈皮44g法半夏33g茯苓44g款冬花22g甘草22g瓜蒌皮44g紫菀33g麦冬44g知母22g桔梗33g地黄44g石膏44g苦杏仁（去皮炒）44g炒紫苏子33g
止咳橘红丸,丸剂,清肺，止咳，化痰。用于痰热阻肺引起的咳嗽痰多、胸满气短、咽干喉痒。,化橘红396g陈皮264g法半夏198g茯苓264g甘草132g炒紫苏子198g炒苦杏仁264g紫菀198g款冬花132g麦冬264g瓜蒌皮264g知母132g桔梗198g地黄264g石膏264g
止喘灵注射液,注射剂,宣肺平喘，祛痰止咳。用于痰浊阻肺、肺失宣降所致的哮喘、咳嗽、胸闷、痰多；支气管哮喘、喘息性支气管炎见上述证候者。,麻黄150g洋金花30g苦杏仁150g连翘150g
止痢宁片,片剂,清热祛湿，行气止痛。用于肠炎；痢疾，表现为腹痛泻泄，下痢脓血，肛门灼热，里急后重者。,穿心莲1111.1g苦参277.8g木香277.8g
止痛化癥片,片剂,益气活血，散结止痛。用于气虚血瘀所致的月经不调、痛经、癥瘕，症见行经后错、经量少、有血块、经行小腹疼痛、腹有癥块；慢性盆腔炎见上述证候者。,党参75g炙黄芪150g炒白术45g丹参150g当归75g鸡血藤150g三棱45g莪术45g芡实75g山药75g延胡索75g川楝子45g鱼腥草150g北败酱150g蜈蚣1.8g全蝎75g土鳖虫75g炮姜22.5g肉桂15g
止痛化癥胶囊,胶囊剂,益气活血，散结止痛。用于气虛血瘀所致的月经不调、痛经、癥瘕，症见行经后错、经量少、有血块、经行小腹疼痛、腹有癥块；慢性盆腔炎见上述证候者。,党参75g炙黄芪150g炒白术45g丹参150g当归75g鸡血藤150g三棱45g莪术45g芡实75g山药75g延胡索75g川楝子45g鱼腥草150g北败酱150g蜈蚣1.8g全蝎75g土鳖虫75g炮姜22.5g肉桂15g
止痛紫金丸,丸剂,舒筋活血，消瘀止痛。用于跌打损伤，闪腰岔气，瘀血作痛，筋骨疼痛。,丁香50g血竭50g当归50g熟大黄50g木香50g儿茶50g红花50g骨碎补（烫）50g土鳖虫25g乳香（制）25g没药（制）25g赤芍25g自然铜（煅）25g甘草25g
止嗽定喘口服液,口服液,辛凉宣泄，清肺平喘。用于表寒里热，身热口渴，咳嗽痰盛，喘促气逆，胸膈满闷；急性支气管炎见上述证候者。,麻黄1000g苦杏仁1000g甘草1000g石膏1000g
少阳感冒颗粒,颗粒剂,解表散热，和解少阳。用于外感病邪犯少阳证，症见寒热往来、胸胁苦满、食欲不振、心烦喜呕、口苦咽干。,柴胡138g黄芩206g人参69g甘草138g半夏206g干姜138g大枣138g青蒿206g
少林风湿跌打膏,膏剂,散瘀活血，舒筋止痛，祛风散寒。用于跌打损伤、风湿痹病，症见伤处瘀肿疼痛、腰肢酸麻。,生川乌16g生草乌16g乌药16g白及16g白芷16g白蔹16g土鳖虫16g木瓜16g三棱16g莪术16g当归16g赤芍16g肉桂16g大黄32g连翘32g血竭10g乳香（炒）6g没药（炒）6g三七6g儿茶6g薄荷脑8g水杨酸甲酯8g冰片8g
少腹逐瘀丸,丸剂,温经活血，散寒止痛。用于寒凝血瘀所致的月经后期、痛经、产后腹痛，症见行经后错、行经小腹冷痛、经血紫暗、有血块、产后小腹疼痛喜热、拒按。,当归300g蒲黄300g五灵脂（醋炒）200g赤芍200g小茴香（盐炒）100g延胡索（醋制）100g没药（炒）100g川芎100g肉桂100g炮姜20g
中风回春丸,丸剂,活血化瘀，舒筋通络。用于痰瘀阻络所致的中风，症见半身不遂、肢体麻木、言语謇涩、口舌歪斜。,酒当归30g酒川芎30g红花10g桃仁30g丹参100g鸡血藤100g忍冬藤100g络石藤60g地龙（炒）90g土鳖虫（炒）30g伸筋草60g川牛膝100g蜈蚣5g炒茺蔚子30g全蝎10g威灵仙（酒制）30g炒僵蚕30g木瓜50g金钱白花蛇6g
中风回春片,片剂,活血化瘀，舒筋通络。用于痰瘀阻络所致的中风，症见半身不遂、肢体麻木、言语謇涩、口舌歪斜。,酒当归30g川芎（酒制）30g红花10g桃仁30g丹参100g鸡血藤100g忍冬藤100g络石藤60g地龙（炒）90g土鳖虫（炒）30g伸筋草60g川牛膝100g蜈蚣5g炒茺蔚子30g全蝎10g威灵仙（酒制）30g炒僵蚕30g木瓜50g金钱白花蛇6g
中华跌打丸,丸剂,消肿止痛，舒筋活络，止血生肌，活血祛瘀。用于挫伤筋骨，新旧瘀痛，创伤出血，风湿瘀痛。,牛白藤76.8g假蒟76.8g地耳草76.8g牛尾菜76.8g鹅不食草76.8g牛膝76.8g乌药76.8g红杜仲76.8g鬼画符76.8g山桔叶76.8g羊耳菊76.8g刘寄奴76.8g过岗龙76.8g山香76.8g穿破石76.8g毛两面针76.8g鸡血藤76.8g丢了棒76.8g岗梅76.8g木鳖子76.8g丁茄根76.8g大半边莲76.8g独活76.8g苍术76.8g急性子76.8g建栀76.8g制川乌38.4g丁香38.4g香附153.6g黑老虎根153.6g桂枝15.36g樟脑3.84g
贝羚胶囊,胶囊剂,清热化痰，止咳平喘。用于痰热阻肺，气喘咳嗽；小儿肺炎、喘息性支气管炎及成人慢性支气管炎见上述证候者。,川贝母20g羚羊角10g猪去氧胆酸100g人工麝香4g沉香10g人工天竺黄（飞）30g煅青礞石（飞）10g硼砂（炒）10g
内消瘰疬片,片剂,化痰，软坚，散结。用于痰湿凝滞所致的瘰疬，症见皮下结块、不热不痛。,夏枯草281g浙贝母35g海藻35g白蔹35g天花粉35g连翘35g熟大黄35g玄明粉35g煅蛤壳35g大青盐35g枳壳35g桔梗35g薄荷脑0.18g地黄35g当归35g玄参176g甘草35g
午时茶胶囊,胶囊剂,祛风解表，化湿和中。用于外感风寒、内伤食积证，症见恶寒发热、头痛身楚、胸脘满闷、恶心呕吐、腹痛腹泻。,苍术50g柴胡50g羌活50g防风50g白芷50g川芎50g广藿香50g前胡50g连翘50g陈皮50g山楂50g枳实50g炒麦芽75g甘草50g桔梗75g紫苏叶75g厚朴75g红茶1600g六神曲（炒）50g
午时茶颗粒,颗粒剂,祛风解表，化湿和中。用于外感风寒、内伤食积证，症见恶寒发热、头痛身楚、胸脘满闷、恶心呕吐、腹痛腹泻。,苍术50g柴胡50g羌活50g防风50g白芷50g川芎50g广藿香50g前胡50g连翘50g陈皮50g山楂50g枳实50g炒麦芽75g甘草50g桔梗75g紫苏叶75g厚朴75g红茶1600g六神曲（炒）50g
牛黄上清丸,丸剂,清热泻火，散风止痛。用于热毒内盛、风火上攻所致的头痛眩晕、目赤耳鸣、咽喉肿痛、口舌生疮、牙龈肿痛、大便燥结。,人工牛黄2g薄荷30g菊花40g荆芥穗16g白芷16g川芎16g栀子50g黄连16g黄柏10g黄芩50g大黄80g连翘50g赤芍16g当归50g地黄64g桔梗16g甘草10g石膏80g冰片10g
牛黄解毒片,片剂,清热解毒。用于火热内盛，咽喉肿痛，牙龈肿痛，口舌生疮，目赤肿痛。,人工牛黄5g雄黄50g石膏200g大黄200g黄芩150g桔梗100g冰片25g甘草50g
牛黄解毒软胶囊,软胶囊,清热解毒。用于火热内盛，咽喉肿痛，牙龈肿痛，口舌生疮，目赤肿痛。,人工牛黄2.5g雄黄25g石膏100g大黄100g黄芩75g桔梗50g冰片12.5g甘草25g
牛黄解毒胶囊,胶囊剂,清热解毒。用于火热内盛，咽喉肿痛，牙龈肿痛，口舌生疮，目赤肿痛。,人工牛黄5g雄黄50g石膏200g大黄200g黄芩150g桔梗100g冰片25g甘草50g
牛黄消炎片,片剂,清热解毒，消肿止痛。用于热毒蕴结所致的咽喉肿痛、疔、痈、疮疖。,人工牛黄4.8g珍珠母9.6g蟾酥2.9g青黛3.8g天花粉9.6g大黄9.6g雄黄9.6g
牛黄蛇胆川贝液,口服液,清热、化痰、止咳。用于热痰、燥痰咳嗽，症见咳嗽、痰黄或干咳、咯痰不爽。,人工牛黄1.6g川贝母48.4g蛇胆汁8.1g薄荷脑0.04g
牛黄清心丸（局方）,丸剂,清心化痰，镇惊祛风。用于风痰阻窍所致的头晕目眩、痰涎壅盛、神志混乱、言语不清及惊风抽搐、癫痫。,牛黄25.7g当归45g川芎39g甘草150g山药210g黄芩45g炒苦杏仁37.5g大豆黄卷57g大枣90g炒白术75g茯苓48g桔梗39g防风45g柴胡39g阿胶51g干姜25g白芍75g人参75g六神曲（炒）75g肉桂54g麦冬44g白蔹22.5g蒲黄（炒）7.5g麝香或人工麝香6.4g冰片16.1g水牛角浓缩粉28.5g羚羊角28.4g朱砂69.7g雄黄24g
牛黄清宫丸,丸剂,清热解毒，镇惊安神，止渴除烦。用于热入心包、热盛动风证，症见身热烦躁、昏迷、舌赤唇干、谵语狂躁、头痛眩晕、惊悸不安及小儿急热惊风。,人工牛黄1.7g麦冬170g黄芩170g莲子心170g天花粉170g甘草170g大黄170g栀子170g地黄100g连翘100g郁金100g玄参70g雄黄185g水牛角浓缩粉340g朱砂135g冰片35g金银花335g人工麝香1.7g
牛黄清感胶囊,胶囊剂,疏风解表，清热解毒。用于外感风热，内郁化火所致的感冒发热，咳嗽，咽痛。,黄芩166.7g金银花166.7g连翘333.3g人工牛黄50g珍珠母166.7g
牛黄解毒丸,丸剂,清热解毒。用于火热内盛，咽喉肿痛，牙龈肿痛，口舌生疮，目赤肿痛。,人工牛黄5g雄黄50g石膏200g大黄200g黄芩150g桔梗100g冰片25g甘草50g
牛黄解毒片,片剂,清热解毒。用于火热内盛，咽喉肿痛，牙龈肿痛，口舌生疮，目赤肿痛。,人工牛黄5g雄黄50g石膏200g大黄200g黄芩150g桔梗100g冰片25g甘草50g
牛黄解毒软胶囊,软胶囊,清热解毒。用于火热内盛，咽喉肿痛，牙龈肿痛，口舌生疮，目赤肿痛。,人工牛黄2.5g雄黄25g石膏100g大黄100g黄芩75g桔梗50g冰片12.5g甘草25g
牛黄解毒胶囊,胶囊剂,清热解毒。用于火热内盛，咽喉肿痛，牙龈肿痛，口舌生疮，目赤肿痛。,人工牛黄5g雄黄50g石膏200g大黄200g黄芩150g桔梗100g冰片25g甘草50g
牛黄镇惊丸,丸剂,镇惊安神，祛风豁痰。用于小儿惊风，高热抽搐，牙关紧闭，烦躁不安。,牛黄80g全蝎300g炒僵蚕100g珍珠100g人工麝香40g朱砂100g雄黄100g天麻200g钩藤100g防风200g琥珀60g胆南星100g制白附子100g半夏（制）100g天竺黄100g冰片40g薄荷100g甘草400g
气痛丸,丸剂,行气止痛，健胃消滞。用于气机阻滞，脘腹胀痛。,木香165g甘草165g煅赤石脂662g枳实（炒）110g朱砂粉35g
气滞胃痛片,片剂,舒肝理气，和胃止痛。用于肝郁气滞，胸痞胀满，胃脘疼痛。,柴胡321.4g醋延胡索357.1g枳壳357.1g醋香附357.1g炙甘草178.6g白芍428.6g
气滞胃痛颗粒,颗粒剂,舒肝理气，和胃止痛。用于肝郁气滞，胸痞胀满，胃脘疼痛。,柴胡360g醋延胡索400g枳壳400g醋香附400g白芍480g炙甘草200g
升气养元糖浆,糖浆剂,益气，健脾，养血。用于气血不足、脾胃虚弱所致的面色萎黄、四肢乏力。,党参125g黄芪125g龙眼肉50g
升血颗粒,颗粒剂,补气养血。用于气血两虚所致的面色淡白、眩晕、心悸、神疲乏力、气短；缺铁性贫血见上述证候者。,皂矾4.97g黄芪298.1g山楂298.1g新阿胶99.4g大枣99.4g
片仔癀胶囊,胶囊剂,清热解毒，凉血化瘀，消肿止痛。用于热毒血瘀所致急慢性病毒性肝炎，痈疽疔疮，无名肿毒，跌打损伤及各种炎症。,片仔癀300g
化积口服液,口服液,健脾导滞，化积除疳。用于脾胃虚弱所致的疳积，症见面黄肌瘦、腹胀腹痛、厌食或食欲不振、大便失调。,茯苓（去皮）58.5g海螵蛸28.8g炒鸡内金14.9g醋三棱14.9g醋莪术14.9g红花8.4g槟榔14.9g雷丸14.9g鹤虱14.9g使君子仁14.9g
化痔栓,栓剂,清热燥湿，收涩止血。用于大肠湿热所致的内外痔、混合痔疮。,次没食子酸铋200g苦参370g黄柏92.5g洋金花55.5g冰片30g
化瘀祛斑胶囊,胶囊剂,疏风清热，活血化瘀。用于黄褐斑、酒齄、粉刺属风热瘀阻证者。,柴胡100g薄荷100g黄芩100g当归100g红花100g赤芍100g
化癥回生片,片剂,消癥化瘀。用于瘀血内阻所致的癥积、妇女干血痨、产后血瘀、少腹疼痛拒按。,益母草112g红花14g花椒（炭）14g烫水蛭14g当归28g苏木14g醋三棱14g两头尖14g川芎14g降香14g醋香附14g人参42g高良姜14g姜黄8.4g没药（醋炙）14g炒苦杏仁21g大黄56g人工麝香14g盐小茴香21g桃仁21g五灵脂（醋炙）14g虻虫14g鳖甲胶112g丁香21g醋延胡索14g白芍28g蒲黄炭14g乳香（醋炙）14g干漆（煅）14g制吴茱萸14g阿魏14g肉桂14g醋艾炭14g熟地黄28g紫苏子14g
分清五淋丸,丸剂,清热泻火，利尿通淋。用于湿热下注所致的淋证，症见小便黄赤、尿频尿急、尿道灼热涩痛。,木通80g盐车前子40g黄芩80g茯苓40g猪苓40g黄柏40g大黄120g萹蓄40g瞿麦40g知母40g泽泻40g栀子40g甘草20g滑石80g
丹七片,片剂,活血化瘀，通脉止痛。用于瘀血闭阻所致的胸痹心痛，眩晕头痛，经期腹痛。,丹参250g三七250g
丹灯通脑软胶囊,软胶囊,活血化瘀，祛风通络。用于瘀血阻络所致的中风，中经络证。,丹参555g灯盏细辛555g川芎555g粉葛835g
丹灯通脑胶囊,胶囊剂,活血化瘀，祛风通络。用于瘀血阻络所致的中风，中经络证。,丹参555g灯盏细辛555g川芎555g粉葛835g
丹红化瘀口服液,口服液,活血化瘀，行气通络。用于气滞血瘀引起的视物不清、突然不见症；视网膜中央静脉阻塞症的吸收期见上述证候者。,丹参580g当归230g川芎300g桃仁230g红花230g柴胡230g枳壳200g
丹参片,片剂,活血化瘀。用于瘀血闭阻所致的胸痹，症见胸部疼痛、痛处固定、舌质紫暗；冠心病心绞痛见上述证候者。,丹参1000g
丹香清脂颗粒,颗粒剂,活血化瘀，行气通络，用于高脂血症属气滞血瘀证者。,丹参334g川芎250g桃仁250g降香167g三棱250g莪术250g枳壳167g酒大黄84g
丹桂香颗粒,颗粒剂,益气温胃，散寒行气，活血止痛。用于脾胃虚寒、气滞血瘀所致的胃脘痞满疼痛、食少纳差、嘈杂嗳气、腹胀；慢性萎缩性胃炎见上述证候者。,炙黄芪103g桂枝34g吴茱萸34g肉桂34g细辛14g桃仁34g红花34g当归34g川芎34g赤芍34g丹参202g牡丹皮34g延胡索66g片姜黄34g三棱34g莪术34g水蛭17g木香34g枳壳34g乌药34g黄连34g地黄34g炙甘草20g
丹益片,片剂,活血化瘀，清热利湿。用于慢性非细菌性前列腺炎瘀血阻滞、湿热下注证，症见尿痛、尿频、尿急、尿道灼热、尿后滴沥，舌红苔黄或黄腻或舌质黯或有瘀点瘀斑，脉弦或涩或滑。,丹参900g益母草600g马鞭草500g牛膝300g黄柏400g白头翁300g王不留行300g
丹鹿通督片,片剂,活血通督，益肾通络。用于腰椎管狭窄症（如黄韧带增厚、椎体退行性改变、陈旧性椎间盘突出）属瘀阻督脉型所致的间歇性跛行，腰腿疼痛，活动受限，下肢酸胀疼痛，舌质暗或有瘀斑。,丹参500g鹿角胶167g黄芪500g延胡索333g杜仲500g
丹蒌片,片剂,宽胸通阳，化痰散结，活血化瘀。用于痰瘀互结所致的胸痹心痛，症见胸闷胸痛，憋气，舌质紫暗，苔白腻；冠心病心绞痛见上述证候者。,瓜蒌皮86g薤白40g葛根138g川芎52g丹参138g赤芍52g泽泻138g黄芪114g骨碎补26g郁金52g
丹膝颗粒,颗粒剂,养阴平肝，熄风通络，清热除烦。用于中风病中经络恢复期瘀血阻络兼肾虚证，症见半身不遂，口舌歪斜，舌强语謇，偏身麻木，头晕目眩，腰膝酸软，脑梗塞恢复期见上述证候者。,丹参500g牛膝400g天麻100g牡丹皮334g赤芍400g川芎167g生地黄400g淫羊藿300g桑寄生400g栀子200g决明子200g火麻仁200g
风热清口服液,口服液,清热解毒，宣肺透表，利咽化痰。用于外感风热所致的感冒，症见发热、微恶风寒、头痛、咳嗽、咽痛；急性上呼吸道感染见上述证候者。,山银花850g熊胆粉5g青黛50g桔梗500g瓜蒌皮400g甘草200g
风痛安胶囊,胶囊剂,清热利湿，活血通络。用于湿热阻络所致的痹病，症见关节红肿热痛、肌肉酸楚；风湿性关节炎见上述证候者。,防己250g通草167g桂枝125g姜黄167g石膏500g薏苡仁333g木瓜250g海桐皮167g忍冬藤333g黄柏250g滑石粉250g连翘333g
风湿马钱片,片剂,祛风除湿，活血祛瘀，通络止痛。用于风湿闭阻、瘀血阻络所致的痹病，症见关节疼痛、刺痛或疼痛较甚；风湿性关节炎、类风湿关节炎、坐骨神经痛见上述证候者。,马钱子粉125g炒僵蚕19g乳香（炒）19g没药（炒）19g全蝎19g牛膝19g苍术19g麻黄19g甘草19g
风湿定片,片剂,散风除湿，通络止痛。用于风湿阻络所致的痹病，症见关节疼痛；风湿性关节炎，类风湿关节炎，肋神经痛，坐骨神经痛见上述证候者。,八角枫1500g白芷50g徐长卿150g甘草20g
风湿骨痛片,片剂,温经散寒，通络止痛。用于寒湿闭阻经络所致的痹病，症见腰脊疼痛、四肢关节冷痛；风湿性关节炎见上述证候者。,制川乌90g制草乌90g红花90g甘草90g木瓜90g乌梅90g麻黄90g
风湿骨痛胶囊,胶囊剂,温经散寒，通络止痛。用于寒湿闭阻经络所致的痹病，症见腰脊疼痛、四肢关节冷痛；风湿性关节炎见上述证候者。,制川乌90g制草乌90g红花90g甘草90g木瓜90g乌梅90g麻黄90g
风寒双离拐片,片剂,祛风散寒，活血通络。用于风寒闭阻，瘀血阻络所致的痹病，症见关节疼痛、腰腿疼痛、冷痛或刺痛、局部畏寒恶风、四肢麻木、屈伸不利。,地枫皮81g红花40g千年健81g制川乌24g防风81g制草乌24g乳香（炒）40g制马钱子8g木耳81g没药（炒）40g
风寒咳嗽丸,丸剂,宣肺散寒，祛痰止咳。用于外感风寒、肺气不宣所致的咳喘，症见头痛鼻塞、痰多咳嗽、胸闷气喘。,陈皮100g法半夏150g青皮100g苦杏仁100g麻黄100g紫苏叶100g五味子100g桑白皮100g炙甘草100g生姜150g
风寒咳嗽颗粒,颗粒剂,宣肺散寒，祛痰止咳。用于外感风寒、肺气不宣所致的咳喘，症见头痛鼻塞、痰多咳嗽、胸闷气喘。,陈皮100g生姜150g法半夏150g青皮100g苦杏仁100g麻黄100g紫苏叶100g五味子100g桑白皮100g炙甘草100g
乌贝散,散剂,制酸止痛，收敛止血。用于肝胃不和所致的胃脘疼痛、泛吐酸水、嘈杂似饥；胃及十二指肠溃疡见上述证候者。,海螵蛸（去壳）850g浙贝母150g
乌贝颗粒,颗粒剂,制酸止痛，收敛止血。用于肝胃不和所致的胃脘疼痛、泛吐酸水、嘈杂似饥；胃及十二指肠溃疡见上述证候者。,海螵蛸638g浙贝母112g
乌军治胆片,片剂,疏肝解郁，利胆排石，泄热止痛。用于肝胆湿热所致的胁痛、胆胀，症见胁肋胀痛、发热、尿黄；胆囊炎、胆道感染或胆道术后见上述证候者。,乌梅154g大黄323g佛手185g枳实185g牛至323g栀子323g甘草32g槟榔185g威灵仙230g姜黄230g
乌灵胶囊,胶囊剂,补肾健脑，养心安神。用于心肾不交所致的失眠、健忘、心悸心烦、神疲乏力、腰膝酸软、头晕耳鸣、少气懒言、脉细或沉无力；神经衰弱见上述证候者。,乌灵菌粉330g。
乌鸡白凤丸,丸剂,补气养血，调经止带。用于气血两虚，身体瘦弱，腰膝酸软，月经不调，崩漏带下。,乌鸡（去毛爪肠）640g鹿角胶128g醋鳖甲64g煅牡蛎48g桑螵蛸48g人参128g黄芪32g当归144g白芍128g醋香附128g天冬64g甘草32g地黄256g熟地黄256g川芎64g银柴胡26g丹参128g山药128g芡实（炒）64g鹿角霜48g
乌鸡白凤片,片剂,补气养血，调经止带。用于气血两虚，身体瘦弱，腰膝酸软，月经不调，崩漏带下。,乌鸡（去毛爪肠）540g鹿角胶108g醋鳖甲54g煅牡蛎40g桑螵蛸40g人参108g黄芪27g当归122g白芍108g醋香附108g天冬54g甘草27g地黄216g熟地黄216g川芎54g银柴胡22g丹参108g山药108g芡实（炒）54g鹿角霜40g
乌鸡白凤颗粒,颗粒剂,补气养血，调经止带。用于气血两虚，身体瘦弱，腰膝酸软，月经不调，崩漏带下。,乌鸡（去毛爪肠）594g鹿角胶119g醋鳖甲59g煅牡蛎45g桑螵蛸45g人参119g黄芪30g当归134g白芍119g醋香附119g天冬59g甘草30g地黄238g熟地黄238g川芎59g银柴胡24g丹参119g山药119g芡实（炒）59g鹿角霜45g
乌梅丸,丸剂,缓肝调中，清上温下。用于蛔厥，久痢，厥阴头痛，症见腹痛下痢、巅顶头痛、时发时止、躁烦呕吐、手足厥冷。,乌梅肉120g花椒12g细辛18g黄连48g黄柏18g干姜30g附子（制）18g桂枝18g人参18g当归12g
乌蛇止痒丸,丸剂,养血祛风，燥湿止痒。用于风湿热邪蕴于肌肤所致的瘾疹、风瘙痒，症见皮肤风团色红、时隐时现、瘙痒难忍，或皮肤瘙痒不止、皮肤干燥、无原发皮疹；慢性荨麻疹、皮肤瘙痒症见上述证候者。,乌梢蛇（白酒炙）10g防风100g蛇床子1500g关黄柏100g苍术（泡）800g红参须10g牡丹皮200g蛇胆汁0.1g苦参200g人工牛黄1g当归200g
六一散,散剂,清暑利湿。用于感受暑湿所致的发热、身倦、口渴、泄泻、小便黄少；外用治痱子。,滑石粉600g甘草100g
六合定中丸,丸剂,祛暑除湿，和中消食。用于夏伤暑湿，宿食停滞，寒热头痛，胸闷恶心，吐泻腹痛。,广藿香16g紫苏叶16g香薷16g木香36g檀香36g姜厚朴48g枳壳（炒）48g陈皮48g桔梗48g甘草48g茯苓48g木瓜48g炒白扁豆16g炒山楂48g六神曲（炒）192g炒麦芽192g炒稻芽192g
六君子丸,丸剂,补脾益气，燥湿化痰。用于脾胃虚弱，食量不多，气虚痰多，腹胀便溏。,党参200g麸炒白术200g茯苓200g姜半夏200g陈皮100g炙甘草100g
六味木香散,散剂,开郁行气止痛。用于寒热错杂、气滞中焦所致的胃脘痞满疼痛、吞酸嘈杂、嗳气腹胀、腹痛、大便不爽。,木香200g栀子150g石榴100g闹羊花100g豆蔻70g荜茇70g
六味地黄丸,丸剂,滋阴补肾。用于肾阴亏损，头晕耳鸣，腰膝酸软，骨蒸潮热，盗汗遗精，消渴。,熟地黄160g酒萸肉80g牡丹皮60g山药80g茯苓60g泽泻60g
六味地黄丸（浓缩丸）,丸剂,滋阴补肾。用于肾阴亏损，头晕耳鸣，腰膝酸软，骨蒸潮热，盗汗遗精，消渴。,熟地黄120g酒萸肉60g牡丹皮45g山药60g茯苓45g泽泻45g
六味地黄软胶囊,软胶囊,滋阴补肾。用于肾阴亏损，头晕耳鸣，腰膝酸软，骨蒸潮热，盗汗遗精，消渴。,熟地黄480g酒萸肉240g牡丹皮180g山药240g茯苓180g泽泻180g
六味地黄胶囊,胶囊剂,滋阴补肾。用于肾阴亏损，头晕耳鸣，腰膝酸软，骨蒸潮热，盗汗遗精，消渴。,熟地黄1408g酒萸肉704g牡丹皮528g山药704g茯苓528g泽泻528g
六味地黄颗粒,颗粒剂,滋阴补肾。用于肾阴亏损，头晕耳鸣，腰膝酸软，骨蒸潮热，盗汗遗精，消渴。,熟地黄320g酒萸肉160g牡丹皮120g山药160g茯苓120g泽泻120g
六味安消胶囊,胶囊剂,和胃健脾，消积导滞，活血止痛。用于胃痛胀满、消化不良、便秘、痛经。,藏木香23.81g大黄95.24g山柰47.62g北寒水石（煅）119.05g诃子71.43g碱花142.86g
六味安消散,散剂,和胃健脾，消积导滞，活血止痛。用于脾胃不和、积滞内停所致的胃痛胀满、消化不良、便秘、痛经。,藏木香50g大黄200g山柰100g北寒水石（煅）250g诃子150g碱花300g
六味香连胶囊,胶囊剂,祛暑散寒，化滞止痢。用于肠胃食滞，红白痢疾，腹痛下坠，小便不利。,木香500g盐酸小檗碱40g枳实500g白芍500g姜厚朴500g槟榔500g
心可舒片,片剂,活血化瘀，行气止痛。用于气滞血瘀引起的胸闷、心悸、头晕、头痛、颈项疼痛；冠心病心绞痛、高血脂、高血压、心律失常见上述证候者。,丹参294g葛根294g三七19.6g山楂294g木香19.6g
心宁片,片剂,理气止痛，活血化瘀。用于气滞血瘀所致胸痹，症见胸闷、胸痛、心悸、气短；冠心病心绞痛见上述证候者。,丹参300g槐花150g川芎150g三七54g红花150g降香150g赤芍150g
心血宁片,片剂,活血化瘀，通络止痛。用于瘀血阻络引起的胸痹、心痛、眩晕；冠心病心绞痛、高血压、高脂血症等见上述证候者。,葛根提取物150g山楂提取物25g
心血宁胶囊,胶囊剂,活血化瘀，通络止痛。用于瘀血阻络引起的胸痹、心痛、眩晕；冠心病心绞痛、高血压、高脂血症等见上述证候者。,葛根提取物300g山楂提取物50g
心安宁片,片剂,养阴宁心，化瘀通络，降血脂。用于血脂过高，心绞痛以及高血压引起的头痛、头晕、耳鸣、心悸。,葛根213g山楂244g制何首乌183g珍珠粉3g
心荣口服液,口服液,助阳，益气，养阴。用于心阳不振、气阴两虚所致的胸痹，症见胸闷隐痛、心悸气短、头晕目眩、倦怠懒言、面色少华；冠心病见上述证候者。,黄芪303g地黄181.8g麦冬121.2g五味子90.9g赤芍181.9g桂枝121.2g
心速宁胶囊,胶囊剂,清热化痰，宁心定悸。用于痰热扰心所致的心悸，胸闷，心烦，易惊，口干口苦，失眠多梦，眩晕，脉结代；冠心病、病毒性心肌炎引起的轻、中度室性过早搏动见上述证候者。,黄连334g清半夏250g茯苓250g枳实167g常山250g莲子心42g苦参250g青蒿250g人参167g麦冬250g甘草167g
心悦胶囊,胶囊剂,益气养心，和血。用于冠心病心绞痛属于气阴两虚证者。,西洋参茎叶总皂苷50g
心脑宁胶囊,胶囊剂,活血行气，通络止痛。用于气滞血瘀的胸痹，头痛，眩晕，症见胸闷刺痛，心悸不宁，头晕目眩；冠心病、脑动脉硬化见上述证候者。,银杏叶400g小叶黄杨400g丹参400g大果木姜子400g薤白400g
心脑健片,片剂,清利头目，醒神健脑，化浊降脂。用于头晕目眩，胸闷气短，倦怠乏力，精神不振，记忆力减退。亦可用于心血管病伴高纤维蛋白原症及动脉粥样硬化，肿瘤放疗、化疗所致的白细胞减少症。,茶叶提取物100g
心脑健胶囊,胶囊剂,清利头目，醒神健脑，化浊降脂。用于头晕目眩，胸闷气短，倦怠乏力，精神不振，记忆力减退。亦可用于心血管病伴高纤维蛋白原症及动脉粥样硬化，肿瘤放疗、化疗所致的白细胞减少症。,茶叶提取物100g
心脑康片,片剂,活血化瘀，通窍止痛。用于瘀血阻络所致的胸痹、眩晕，症见胸闷、心前区刺痛、眩晕、头痛；冠心病心绞痛、脑动脉硬化见上述证候者。,丹参40g制何首乌30g赤芍30g枸杞子30g葛根30g川芎30g红花20g泽泻30g牛膝30g地龙30g郁金3g远志（蜜炙）30g九节菖蒲30g炒酸枣仁20g鹿心粉30g甘草20g
心脑康胶囊,胶囊剂,活血化瘀，通窍止痛。用于瘀血阻络所致的胸痹、眩晕，症见胸闷、心前区刺痛、眩晕、头痛；冠心病心绞痛、脑动脉硬化见上述证候者。,丹参40g制何首乌30g赤芍30g枸杞子30g葛根30g川芎30g红花20g泽泻30g牛膝30g地龙30g郁金3g远志（蜜炙）30g九节菖蒲30g炒酸枣仁20g鹿心粉30g甘草20g
心脑静片,片剂,平肝潜阳，清心安神。用于肝阳上亢所致的眩晕及中风，症见头晕目眩、烦躁不宁、言语不清、手足不遂。也可用于高血压肝阳上亢证。,莲子心11g珍珠母46g槐米64g黄柏64g木香7g黄芩286g夏枯草214g钩藤214g龙胆71g淡竹叶36g铁丝威灵仙179g制天南星57g甘草14g人工牛黄7.1g朱砂7.1g冰片19.3g
心通口服液,口服液,益气活血，化痰通络。用于气阴两虚、痰瘀痹阻所致的胸痹，症见心痛、胸闷、气短、呕恶、纳呆；冠心病心绞痛见上述证候者。,黄芪173g党参93g麦冬67g何首乌53g淫羊藿53g葛根147g当归53g丹参100g皂角刺53g海藻93g昆布93g牡蛎93g枳实27g
心舒宁片,片剂,活血化瘀。用于心脉瘀阻所致的胸痹、心痛、冠心病心绞痛、冠状动脉供血不全见上述证候者。,毛冬青1080g银杏叶540g葛根170g益母草330g豨莶草330g柿叶40g
心舒胶囊,胶囊剂,行气活血，通窍，解郁。用于冠心病引起的胸闷气短，心绞痛。,丹参63g三七50g冰片50g藤合欢250g木香50g苏合香13g
双丹口服液,口服液,活血化瘀，通脉止痛。用于瘀血痹阻所致的胸痹，症见胸闷、心痛。,丹参600g牡丹皮300g
双虎清肝颗粒,颗粒剂,清热利湿，化痰宽中，理气活血。用于湿热内蕴所致的胃脘痞闷、口干不欲饮、恶心厌油、食少纳差、胁肋隐痛、腹部胀满、大便黏滞不爽或臭秽，或身目发黄，舌质暗、边红，舌苔厚腻或腻，脉弦滑或弦数者；慢性乙型肝炎见上述证候者。,金银花270g虎杖270g黄连90g瓜蒌180g白花蛇舌草270g蒲公英270g丹参135g野菊花270g紫花地丁180g法半夏90g麸炒枳实55g甘草90g
双金连合剂,口服液,辛凉解表，清热解毒。用于外感风邪感冒引起的发热、疼痛、咳嗽。,连翘400g山银花300g柴胡250g黄芩100g金莲花150g
双黄连口服液,口服液,疏风解表，清热解毒。用于外感风热所致的感冒，症见发热、咳嗽、咽痛。,金银花375g黄芩375g连翘750g
双黄连片,片剂,疏风解表，清热解毒。用于外感风热所致的感冒，症见发热、咳嗽、咽痛。,金银花1875g黄芩1875g连翘3750g
双黄连栓,栓剂,疏风解表，清热解毒。用于外感风热所致的感冒，症见发热、咳嗽、咽痛；上呼吸道感染、肺炎见上述证候者。,金银花2500g黄芩2500g连翘5000g
双黄连胶囊,胶囊剂,疏风解表，清热解毒。用于外感风热所致的感冒，症见发热、咳嗽、咽痛。,金银花1875g黄芩1875g连翘3750g
双黄连颗粒,颗粒剂,疏风解表，清热解毒。用于外感风热所致的感冒，症见发热、咳嗽、咽痛。,金银花1500g连翘3000g黄芩1500g
双黄连滴眼剂,洗剂,驱风清热，解毒退翳。用于风邪热毒型单纯疱疹病毒性树枝状角膜炎。,连翘500g金银花250g黄芩250g
玉泉胶囊,胶囊剂,养阴益气，生津止渴，清热除烦。主治气阴不足，口渴多饮，消食善饥；糖尿病属上述证候者。,天花粉200g葛根200g麦冬133g人参133g茯苓133g乌梅133g黄芪133g甘草133g地黄133g五味子133g
玉泉颗粒,颗粒剂,养阴益气，生津止渴，清热除烦。主治气阴不足，口渴多饮，消食善饥；糖尿病属上述证候者。,天花粉200g葛根200g麦冬133g人参133g茯苓133g乌梅133g黄芪133g甘草133g地黄133g五味子133g
玉屏风口服液,口服液,益气，固表，止汗。用于表虚不固，自汗恶风，面色㿠白，或体虚易感风邪者。,黄芪600g防风200g白术（炒）200g
玉屏风胶囊,胶囊剂,益气，固表，止汗。用于表虚不固，自汗恶风，面色㿠白，或体虚易感风邪者。,黄芪3000g防风1000g炒白术1000g
玉屏风袋泡茶,茶剂,益气，固表，止汗。用于表虚不固，自汗恶风，面色㿠白，或体虚易感风邪者。,黄芪1000g防风333g白术（炒）333g
玉屏风颗粒,颗粒剂,益气，固表，止汗。用于表虚不固，自汗恶风，面色㿠白，或体虚易感风邪者。,黄芪1200g白术（炒）400g防风400g
玉真散,散剂,熄风，镇痉，解痛。用于金创受风所致的破伤风，症见筋脉拘急、手足抽搐，亦可外治跌扑损伤。,生白附子706g防风58.8g生天南星58.8g白芷58.8g天麻58.8g羌活58.8g
正天丸,丸剂,疏风活血，养血平肝，通络止痛。用于外感风邪、瘀血阻络、血虚失养、肝阳上亢引起的偏头痛、紧张性头痛、神经性头痛、颈椎病型头痛、经前头痛。,钩藤112g白芍67g川芎101g当归56g地黄56g白芷56g防风56g羌活56g桃仁34g红花34g细辛56g独活34g麻黄56g黑顺片56g鸡血藤169g
正天胶囊,胶囊剂,疏风活血，养血平肝，通络止痛。用于外感风寒、瘀血阻络、血虚失养、肝阳上亢引起的多种头痛，神经性头痛，颈椎病型头痛，经前头痛。,钩藤336g川芎303g麻黄168g细辛168g黑顺片168g白芍201g羌活168g独活102g防风168g地黄168g当归168g鸡血藤507g桃仁102g红花102g白芷168g
正气片,片剂,发散风寒，化湿和中。用于伤风感冒，头痛胸闷，吐泻腹胀。,广藿香油1g紫苏叶油0.6g木香200g苍术133g甘草67g茯苓200g陈皮133g制半夏133g姜厚朴133g生姜133g
正心降脂片,片剂,益气活血，祛痰降浊。用于气虚血瘀，痰浊蕴结所致的胸痹、心痛、头痛、眩晕。,羊红膻370g决明子260g陈皮130g何首乌162g黄芪364g丹参260g葛根163g槐米130g
正心泰片,片剂,补气活血，化瘀通络。用于气虚血瘀所致的胸痹，症见胸痛、胸闷、心悸、气短、乏力；冠心病心绞痛见上述证候者。,黄芪360g葛根270g槲寄生240g丹参270g山楂270g川芎90g
正心泰胶囊,胶囊剂,补气活血，化瘀通络。用于气虚血瘀所致的胸痹，症见胸痛、胸闷、心悸、气短、乏力；冠心病心绞痛见上述证候者。,黄芪360g葛根270g丹参270g槲寄生240g山楂270g川芎90g
正金油软膏,膏剂,驱风兴奋，局部止痛、止痒。用于中暑头晕，伤风鼻塞，蚊叮虫咬。,薄荷脑150g薄荷素油120g樟脑80g樟油80g桉油30g丁香罗勒油30g
正柴胡饮颗粒,颗粒剂,发散风寒，解热止痛。用于外感风寒所致的发热恶寒、无汗、头痛、鼻塞、喷嚏、咽痒咳嗽、四肢酸痛；流感初起、轻度上呼吸道感染见上述证候者。,柴胡100g陈皮100g防风80g甘草40g赤芍150g生姜70g
功劳去火片,片剂,清热解毒。用于实热火毒所致的急性咽喉炎、急性胆囊炎、急性肠炎。,功劳木604g黄柏302g黄芩302g栀子302g
甘桔冰梅片,片剂,清热开音。用于风热犯肺引起的失音声哑；风热犯肺引起的急性咽炎出现的咽痛、咽干灼热、咽黏膜充血等。,桔梗100g薄荷100g射干100g蝉蜕50g乌梅（去核）50g冰片5g甘草100g青果100g
甘露消毒丸,丸剂,芳香化湿，清热解毒。用于暑湿蕴结，身热肢酸，胸闷腹胀，尿赤黄疸。,滑石300g茵陈220g石菖蒲120g木通100g射干80g豆蔻80g连翘80g黄芩200g川贝母100g藿香80g薄荷80g
艾附暖宫丸,丸剂,理气养血，暖宫调经。用于血虚气滞、下焦虚寒所致的月经不调、痛经，症见行经后错、经量少、有血块、小腹疼痛、经行小腹冷痛喜热、腰膝酸痛。,艾叶（炭）120g醋香附240g制吴茱萸80g肉桂20g当归120g川芎80g白芍（酒炒）80g地黄40g炙黄芪80g续断60g
艽龙胶囊,胶囊剂,清肝泄热。用于功能性消化不良属肝胃郁热证者，症见胃脘饱胀、脘部烧灼、口干口苦。,龙胆总苷80g（以龙胆苦苷计）
左金丸,丸剂,泻火，疏肝，和胃，止痛。用于肝火犯胃，脘胁疼痛，口苦嘈杂，呕吐酸水，不喜热饮。,黄连600g吴茱萸100g
左金胶囊,胶囊剂,泻火，疏肝，和胃，止痛。用于肝火犯胃，脘胁疼痛，口苦嘈杂，呕吐酸水，不喜热饮。,黄连1284g吴茱萸214g
石斛夜光丸,丸剂,滋阴补肾，清肝明目。用于肝肾两亏，阴虚火旺，内障目暗，视物昏花。,石斛30g人参120g山药45g茯苓120g甘草30g肉苁蓉30g枸杞子45g菟丝子45g地黄60g熟地黄60g五味子30g天冬120g麦冬60g苦杏仁45g防风30g川芎30g麸炒枳壳30g黄连30g牛膝45g菊花45g盐蒺藜30g青葙子30g决明子45g水牛角浓缩粉60g山羊角300g
石淋通片,片剂,清热利尿，通淋排石。用于湿热下注所致的热淋、石淋，症见尿频、尿急、尿痛或尿有砂石；尿路结石、肾盂肾炎见上述证候者。,广金钱草3125g
石榴健胃散,散剂,温胃益火，化滞除湿，温通脉道。用于消化不良、食欲不振、寒性腹泻等。,石榴子750g肉桂120g荜茇75g红花375g豆蔻60g
右归丸,丸剂,温补肾阳，填精止遗。用于肾阳不足，命门火衰，腰膝酸冷，精神不振，怯寒畏冷，阳痿遗精，大便溏薄，尿频而清。,熟地黄240g炮附片60g肉桂60g山药120g酒萸肉90g菟丝子120g鹿角胶120g枸杞子120g当归90g盐杜仲120g
龙牡壮骨颗粒,颗粒剂,强筋壮骨，和胃健脾。用于治疗和预防小儿佝偻病、软骨病；对小儿多汗、夜惊、食欲不振、消化不良、发育迟缓也有治疗作用。,党参45g黄芪22.5g山麦冬45g醋龟甲13.5g炒白术27g山药54g醋南五味子27g龙骨13.5g煅牡蛎13.5g茯苓45g大枣22.5g甘草13.5g乳酸钙66.66g炒鸡内金22.5g维生素D2 12mg葡萄糖酸钙20.24g
龙泽熊胆胶囊,胶囊剂,清热散风，止痛退翳。用于风热或肝经湿热引起的目赤肿痛、羞明多泪。,龙胆101g盐泽泻61g地黄76g当归61g栀子61g菊花61g盐车前子61g决明子61g柴胡61g防风61g黄芩61g木贼61g黄连61g薄荷脑6.33g大黄101g冰片8g熊胆粉1.27g
龙胆泻肝丸（水丸）,丸剂,清肝胆，利湿热。用于肝胆湿热，头晕目赤，耳鸣耳聋，耳肿疼痛，胁痛口苦，尿赤涩痛，湿热带下。,龙胆120g柴胡120g黄芩60g栀子（炒）60g泽泻120g木通60g盐车前子60g酒当归60g地黄120g炙甘草60g
戊己丸,丸剂,泻肝和胃，降逆止呕。用于肝火犯胃、肝胃不和所致的胃脘灼热疼痛、呕吐吞酸、口苦嘈杂、腹痛泄泻。,黄连300g吴茱萸（制）50g白芍（炒）300g
平肝舒络丸,丸剂,平肝疏络，活血祛风。用于肝气郁结、经络不疏引起的胸胁胀痛、肩背串痛、手足麻木、筋脉拘挛。,柴胡45g醋青皮30g陈皮45g佛手45g乌药45g醋香附45g木香45g檀香45g丁香30g沉香150g广藿香45g砂仁45g豆蔻45g姜厚朴45g麸炒枳壳45g羌活45g白芷45g铁丝威灵仙（酒炙）45g细辛45g木瓜45g防风45g钩藤45g炒僵蚕45g胆南星（酒炙）75g天竺黄30g桑寄生45g何首乌（黑豆酒炙）45g牛膝45g川芎30g熟地黄45g醋龟甲45g醋延胡索45g乳香（制）45g没药（制）45g白及45g人参45g炒白术45g茯苓45g肉桂30g黄连45g冰片45g朱砂150g羚羊角粉15g
平消片,片剂,活血化瘀，散结消肿，解毒止痛。对毒瘀内结所致的肿瘤患者具有缓解症状，缩小瘤体，提高机体免疫力，延长患者生存时间的作用。,郁金54g仙鹤草54g五灵脂45g白矾54g硝石54g干漆（制）18g麸炒枳壳90g马钱子粉36g
平消胶囊,胶囊剂,活血化瘀，散结消肿，解毒止痛。对毒瘀内结所致的肿瘤患者具有缓解症状，缩小瘤体，提高机体免疫力，延长患者生存时间的作用。,郁金54g仙鹤草54g五灵脂45g白矾54g硝石54g干漆（制）18g麸炒枳壳90g马钱子粉36g
北芪五加片,片剂,益气健脾，宁心安神。用于心脾两虚、心神不宁所致的失眠多梦、体虚乏力、食欲不振。,黄芪1112g刺五加浸膏50g
北豆根片,片剂,清热解毒，止咳，祛痰。用于咽喉肿痛，扁桃体炎，慢性支气管炎。,北豆根提取物120g（或相当于总生物碱30g）
北豆根胶囊,胶囊剂,清热解毒，止咳，祛痰。用于咽喉肿痛，扁桃体炎，慢性支气管炎。,北豆根提取物120g（或相当于总生物碱30g）
归芍地黄丸,丸剂,滋肝肾，补阴血，清虚热。用于肝肾两亏，阴虚血少，头晕目眩，耳鸣咽干，午后潮热，腰腿酸痛，足跟疼痛。,当归40g酒白芍40g熟地黄160g酒萸肉80g牡丹皮60g山药80g茯苓60g泽泻60g
归脾丸,丸剂,益气健脾，养血安神。用于心脾两虚，气短心悸，失眠多梦，头昏头晕，肢倦乏力，食欲不振，崩漏便血。,党参80g炒白术160g炙黄芪80g炙甘草40g茯苓160g制远志160g炒酸枣仁80g龙眼肉160g当归160g木香40g大枣（去核）40g
归脾丸（水丸）,丸剂,益气健脾，养血安神。用于心脾两虚，气短心悸，失眠多梦，头昏头晕，肢倦乏力，食欲不振，崩漏便血。,党参66g炒白术131g炙黄芪66g炙甘草33g茯苓131g制远志131g炒酸枣仁66g龙眼肉131g当归131g木香33g大枣（去核）33g
归脾丸（浓缩丸）,丸剂,益气健脾，养血安神。用于心脾两虚，气短心悸，失眠多梦，头昏头晕，肢倦乏力，食欲不振，崩漏便血。,党参80g炒白术160g炙黄芪80g炙甘草40g茯苓160g制远志160g炒酸枣仁80g龙眼肉160g当归160g木香40g大枣（去核）40g
归脾合剂,口服液,益气健脾，养血安神。用于心脾两虚，气短心悸，失眠多梦，头昏头晕，肢倦乏力，食欲不振，崩漏便血。,党参68g炒白术136g炙黄芪68g炙甘草34g茯苓136g制远志136g炒酸枣仁68g龙眼肉136g当归136g木香34g大枣（去核）34g生姜17g
归脾颗粒,颗粒剂,益气健脾，养血安神。用于心脾两虚，气短心悸，失眠多梦，头昏头晕，肢倦乏力，食欲不振，崩漏便血。,党参140g炒白术280g炙黄芪140g炙甘草70g茯苓280g制远志280g炒酸枣仁140g龙眼肉280g当归280g木香70g大枣（去核）70g
四方胃片,片剂,调肝和胃，制酸止痛。用于肝胃不和所致的胃脘疼痛、呕吐吞酸、食少便溏；消化不良、胃及十二指肠溃疡见上述证候者。,海螵蛸156g黄连39g浙贝母78g炒川楝子78g苦杏仁39g柿霜39g吴茱萸（盐水制）20g沉香12g醋延胡索39g
四方胃胶囊,胶囊剂,疏肝和胃，制酸止痛。用于肝胃不和所致的胃脘疼痛、呕吐吞酸、食少便溏；消化不良、胃及十二指肠溃疡见上述证候者。,海螵蛸156g黄连39g浙贝母78g炒川楝子78g苦杏仁39g柿霜39g吴茱萸（盐水制）20g沉香12g醋延胡索39g
四正丸,丸剂,祛暑解表，化湿止泻。用于内伤湿滞，外感风寒，头晕身重，恶寒发热，恶心呕吐，饮食无味，腹胀泄泻。,广藿香90g香薷90g紫苏叶90g白芷90g檀香30g木瓜90g法半夏90g厚朴（姜炙）90g大腹皮90g陈皮90g白术（麸炒）90g桔梗90g茯苓90g槟榔30g枳壳（麸炒）90g山楂（炒）30g六神曲（麸炒）90g麦芽（炒）30g白扁豆（去皮）90g甘草90g
四君子丸,丸剂,益气健脾。用于脾胃气虚，胃纳不佳，食少便溏。,党参200g炒白术200g茯苓200g炙甘草100g
四君子颗粒,颗粒剂,益气健脾。用于脾胃气虚，胃纳不佳，食少便溏。,党参200g麸炒白术200g茯苓200g炙甘草100g
四妙丸,丸剂,清热利湿。用于湿热下注所致的痹病，症见足膝红肿、筋骨疼痛。,苍术125g牛膝125g盐黄柏250g薏苡仁250g
四味土木香散,散剂,清瘟解表。用于瘟病初期，发冷发热、头痛咳嗽、咽喉肿痛、胸胁作痛。,土木香200g苦参200g悬钓子木（去粗皮、心）100g山柰50g
四味珍层冰硼滴眼液,洗剂,清热解痉，去翳明目。用于肝阴不足、肝气偏盛所致的不能久视、轻度眼胀、眼痛、青少年远视力下降；青少年假性近视、视力疲劳、轻度青光眼见上述证候者。,珍珠层粉水解液350ml（含总氮0.10g）天然冰片0.50g硼砂1.91g硼酸11.20g
四制香附丸,丸剂,理气和血，补血调经。用于血虚气滞，月经不调，胸腹胀痛。,香附400g熟地黄100g当归（炒）100g川芎100g炒白芍100g炒白术75g泽兰75g陈皮75g关黄柏25g炙甘草25g
四物合剂,口服液,养血调经。用于血虚所致的面色萎黄、头晕眼花、心悸气短及月经不调。,当归250g川芎250g白芍250g熟地黄250g
四物颗粒,颗粒剂,养血调经。用于血虚所致的面色萎黄、头晕眼花、心悸气短及月经不调。,当归625g川芎625g白芍625g熟地黄625g
四物益母丸,丸剂,补血，活血，调经。用于血虚血滞，月经不调。,熟地黄400g当归（酒炒）400g川芎100g白芍（麸炒）100g益母草800g
四季感冒片,片剂,解表清热。用于四季风寒感冒引起的发热头痛，鼻流清涕，咳嗽口干，咽喉疼痛，恶心厌食。,桔梗167g紫苏叶250g陈皮167g荆芥125g大青叶167g连翘167g炙甘草83g醋香附167g防风125g
四季感冒胶囊,胶囊剂,解表清热。用于四季风寒感冒引起的发热头痛，鼻流清涕，咳嗽口干，咽喉疼痛，恶心厌食。,桔梗167g紫苏叶250g陈皮167g荆芥125g大青叶167g连翘167g炙甘草83g醋香附167g防风125g
四逆汤,口服液,温中祛寒，回阳救逆。用于阳虚欲脱，冷汗自出，四肢厥逆，下利清谷，脉微欲绝。,淡附片300g干姜200g炙甘草300g
四神丸,丸剂,温肾散寒，涩肠止泻。用于肾阳不足所致的泄泻，症见肠鸣腹胀、五更溏泻、食少不化、久泻不止、面黄肢冷。,肉豆蔻（煨）200g补骨脂（盐炒）400g五味子（醋制）200g吴茱萸（制）100g大枣（去核）200g
四神片,片剂,温肾散寒，涩肠止泻。用于肾阳不足所致的泄泻，症见肠鸣腹胀、五更溏泻、食少不化、久泻不止、面黄肢冷。,肉豆蔻（煨）189g盐补骨脂377g醋五味子189g制吴茱萸94g大枣（去核）189g干姜94g
生白合剂（生白口服液）,口服液,温肾健脾，补益气血。用于癌症放、化疗引起的白细胞减少属脾肾阳虚，气血不足证候者，症见神疲乏力，少气懒言，畏寒肢冷，纳差便溏，腰膝酸软。,淫羊藿240g补骨脂120g附子（黑顺片）80g枸杞子240g黄芪240g鸡血藤240g茜草240g当归120g芦根240g麦冬120g甘草120g
生发搽剂,搽剂,温经通脉。用于经络阻隔、气血不畅所致的油风，症见头部毛发成片脱落、头皮光亮、无痛痒；斑秃见上述证候者。,闹羊花60g补骨脂60g生姜30g
生血宝合剂,口服液,滋补肝肾，益气生血。用于肝肾不足、气血两虚所致的神疲乏力、腰膝酸软、头晕耳鸣、心悸、气短、失眠、咽干、纳差食少；放、化疗所致的白细胞减少，缺铁性贫血见上述证候者。,制何首乌344g女贞子430.7g桑椹430.7g墨旱莲430.7g白芍344g黄芪344g狗脊344g
生血宝颗粒,颗粒剂,滋补肝肾，益气生血。用于肝肾不足、气血两虚所致的神疲乏力、腰膝酸软、头晕耳鸣、心悸、气短、失眠、咽干、纳差食少；放、化疗所致的白细胞减少，缺铁性贫血见上述证候者。,制何首乌645g女贞子807.5g桑椹807.5g墨旱莲807.5g白芍645g黄芪645g狗脊645g
生脉饮,口服液,益气复脉，养阴生津。用于气阴两亏，心悸气短，脉微自汗。,红参100g麦冬200g五味子100g
生脉胶囊,胶囊剂,益气复脉，养阴生津。用于气阴两亏，心悸气短，脉微自汗。,红参330g麦冬660g五味子330g
代温灸膏,膏剂,温通经脉，散寒镇痛。用于风寒阻络所致的痹病，症见腰背、四肢关节冷痛；寒伤脾胃所致的脘腹冷痛、虚寒泄泻；慢性风湿性关节炎、慢性胃肠炎见上述证候者。,辣椒3800g肉桂750g生姜20000g肉桂油100ml
白带丸,丸剂,清热，除湿，止带。用于湿热下注所致的带下病，症见带下量多、色黄、有味。,黄柏（酒炒）150g椿皮300g白芍100g当归100g醋香附50g
白蚀丸,丸剂,补益肝肾，活血祛瘀，养血驱风。用于肝肾不足、血虚风盛所致的白癜风，症见白斑色乳白、多有对称、边界清楚，病程较久，伴有头晕目眩、腰膝酸痛。,紫草71g灵芝595g降香71g盐补骨脂357g丹参71g红花71g制何首乌595g海螵蛸48g牡丹皮71g黄药子71g苍术（泡）24g甘草48g蒺藜1010g龙胆24g
白蒲黄片,片剂,清热燥湿，解毒凉血。用于大肠湿热、热毒壅盛所致的痢疾、泄泻，症见里急后重、便下脓血；肠炎、痢疾见上述证候者。,白头翁830g蒲公英830g黄芩83g黄柏83g
白癜风胶囊,胶囊剂,活血行滞，祛风解毒。用于经络阻隔、气血不畅所致的白癜风，症见白斑散在分布、色泽苍白、边界较明显。,补骨脂33.33g黄芪33.33g红花33.33g川芎33.33g当归33.33g香附33.33g桃仁33.33g丹参33.33g乌梢蛇33.33g紫草33.33g白鲜皮33.33g山药33.33g干姜33.33g龙胆33.33g蒺藜433.33g
瓜霜退热灵胶囊,胶囊剂,清热解毒，开窍镇惊。用于热病热入心包、肝风内动证，症见高热、惊厥、抽搐、咽喉肿痛。,西瓜霜86.4g北寒水石56g石膏53.2g滑石56g磁石56g玄参16.8g水牛角浓缩粉10.8g羚羊角5.2g甘草8.8g升麻16.8g丁香3.2g沉香5.2g人工麝香1g冰片3.2g朱砂5.2g
乐儿康糖浆,糖浆剂,益气健脾，和中开胃。用于脾胃气虚所致的食欲不振、面黄、身瘦；厌食症、营养不良症见上述证候者。,党参77.3g太子参77.3g黄芪77.3g茯苓51.5g山药77.3g薏苡仁77.3g麦冬77.3g制何首乌77.3g大枣25.8g焦山楂25.8g炒麦芽25.8g陈皮77.3g桑枝206.2g
乐脉丸,丸剂,行气活血，化瘀通脉。用于气滞血瘀所致的头痛、眩晕、胸痛、心悸；冠心病心绞痛、多发性脑梗死见上述证候者。,丹参998g川芎499g赤芍499g红花499g香附249.5g木香249.5g山楂124.8g
乐脉片,片剂,行气活血，化瘀通脉。用于气滞血瘀所致的头痛、眩晕、胸痛、心悸；冠心病心绞痛、多发性脑梗死见上述证候者。,丹参499g川芎249.5g赤芍249.5g红花249.5g香附124.75g木香124.75g山楂62.4g
乐脉胶囊,胶囊剂,行气活血，化瘀通脉。用于气滞血瘀所致的头痛、眩晕、胸痛、心悸；冠心病心绞痛、多发性脑梗死见上述证候者。,丹参499g川芎249.5g赤芍249.5g红花249.5g香附124.75g木香124.75g山楂62.4g
乐脉颗粒,颗粒剂,行气活血，化瘀通脉。用于气滞血瘀所致的头痛、眩晕、胸痛、心悸；冠心病心绞痛、多发性脑梗死见上述证候者。,丹参499g川芎249.5g赤芍249.5g红花249.5g香附124.75g木香124.75g山楂62.4g
外伤如意膏,膏剂,清热解毒，凉血散瘀，消肿止痛，止血生肌。用于跌打损伤，骨折脱臼，筋伤积瘀，皮肉损伤化脓，烫火伤。,紫草120g地榆120g栀子120g大黄120g黄芩120g黄柏120g冰片5g
外感风寒颗粒,颗粒剂,解表散寒，退热止咳。用于风寒感冒，恶寒发热，头痛项强，全身酸疼，鼻塞流清涕，咳嗽，苔薄白，脉浮。,桂枝102g白芷102g防风102g柴胡102g荆芥穗76g羌活76g白芍102g葛根127g桔梗76g苦杏仁（炒）76g甘草25g生姜76g
冬凌草片,片剂,清热解毒，消肿散结，利咽止痛。用于热毒壅盛所致咽喉肿痛、声音嘶哑；扁桃体炎、咽炎、口腔炎见上述证候者及癌症的辅助治疗。,冬凌草3000g
宁神补心片,片剂,养血安神，滋补肝肾。用于肝肾阴血不足所致的头昏、耳鸣、心悸、健忘、失眠。,丹参112.5g地黄75g酒女贞子150g熟地黄112.5g墨旱莲112.5g煅珍珠母750g石菖蒲37.5g首乌藤187.5g合欢皮112.5g五味子56.25g
冯了性风湿跌打药酒,酒剂,祛风除湿，活血止痛。用于风寒湿痹，手足麻木，腰腿酸痛；跌扑损伤，瘀滞肿痛。,丁公藤2500g桂枝75g麻黄93.8g羌活7.5g当归7.5g川芎7.5g白芷7.5g补骨脂7.5g乳香7.5g猪牙皂7.5g陈皮33.1g苍术7.5g厚朴7.5g香附7.5g木香7.5g枳壳50g白术7.5g山药7.5g黄精20g菟丝子7.5g小茴香7.5g苦杏仁7.5g泽泻7.5g五灵脂7.5g蚕沙16.2g牡丹皮7.5g没药7.5g
玄麦甘桔含片,片剂,清热滋阴，祛痰利咽。用于阴虚火旺，虚火上浮，口鼻干燥，咽喉肿痛。,玄参275g麦冬275g甘草275g桔梗275g
玄麦甘桔胶囊,胶囊剂,清热滋阴，祛痰利咽。用于阴虚火旺，虚火上浮，口鼻干燥，咽喉肿痛。,玄参400g麦冬400g甘草400g桔梗400g
玄麦甘桔颗粒,颗粒剂,清热滋阴，祛痰利咽。用于阴虚火旺，虚火上浮，口鼻干燥，咽喉肿痛。,玄参80g麦冬80g甘草80g桔梗80g
半夏天麻丸,丸剂,健脾祛湿，化痰息风。用于脾虚湿盛、痰浊内阻所致的眩晕、头痛、如蒙如裹、胸脘满闷。,法半夏360g天麻180g炙黄芪360g人参30g苍术（米泔炙）36g炒白术80g茯苓126g陈皮360g泽泻36g六神曲（麸炒）69g炒麦芽39g黄柏54g
汉桃叶片,片剂,祛风止痛，舒筋活络。用于三叉神经痛，坐骨神经痛，风湿关节痛。,汉桃叶3000g
加味左金丸,丸剂,平肝降逆，疏郁止痛。用于肝郁化火、肝胃不和引起的胸脘痞闷、急躁易怒、嗳气吞酸、胃痛少食。,姜黄连36g制吴茱萸36g黄芩18g柴胡36g木香18g醋香附72g郁金36g白芍54g醋青皮54g麸炒枳壳54g陈皮54g醋延胡索54g当归54g甘草18g
加味生化颗粒,颗粒剂,活血化瘀，温经止痛。用于瘀血不尽，冲任不固所致的产后恶露不绝，症见恶露不止、色紫暗或有血块、小腹冷痛。,当归266g桃仁266g益母草266g赤芍200g艾叶200g川芎200g炙甘草200g炮姜200g荆芥200g阿胶34g
加味香连丸,丸剂,清热祛湿，化滞止痛。用于大肠湿热所致的痢疾，症见大便脓血、腹痛下坠、里急后重。,木香120g姜黄连180g黄芩120g黄柏（酒炙）60g白芍120g当归60g姜厚朴120g麸炒枳壳120g槟榔60g醋延胡索60g制吴茱萸60g炙甘草30g
加味逍遥口服液（合剂）,口服液,舒肝清热，健脾养血。用于肝郁血虚、肝脾不和所致的两胁胀痛、头晕目眩、倦怠食少、月经不调、脐腹胀痛；更年期综合征见上述证候者。,柴胡64g当归64g白芍64g白术（麸炒）64g茯苓64g牡丹皮96g栀子（姜炙）96g薄荷13g甘草51g生姜21g
加味逍遥丸,丸剂,舒肝清热，健脾养血。用于肝郁血虚，肝脾不和，两胁胀痛，头晕目眩，倦怠食少，月经不调，脐腹胀痛。,柴胡300g当归300g白芍300g白术（麸炒）300g茯苓300g甘草240g牡丹皮450g栀子（姜炙）450g薄荷60g
加味藿香正气合剂（藿香正气合剂）,口服液,解表化湿，理气和中。用于外感风寒，内伤湿滞证，症见头痛昏重、胸膈痞闷、脘腹胀痛、呕吐泄泻；胃肠型感冒见上述证候者。,广藿香150g紫苏叶50g白芷50g炒白术100g陈皮100g姜半夏100g姜厚朴100g茯苓50g桔梗100g甘草100g大腹皮50g大枣25g生姜15g
加味藿香正气软胶囊,软胶囊,解表化湿，理气和中。用于外感风寒，内伤湿滞证，症见头痛昏重、胸膈痞闷、脘腹胀痛、呕吐泄泻；胃肠型感冒见上述证候者。,广藿香326.8g紫苏叶108.9g白芷108.9g炒白术217.9g陈皮217.9g半夏（制）217.9g姜厚朴217.9g茯苓108.9g桔梗217.9g甘草217.9g大腹皮108.9g生姜32.7g大枣54.5g
孕康合剂（孕康口服液）,口服液,健脾固肾，养血安胎。用于肾虚型和气血虚弱型先兆流产和习惯性流产。,山药125g续断75g黄芪100g当归75g狗脊（去毛）100g菟丝子75g桑寄生50g杜仲（炒）75g补骨脂75g党参75g茯苓100g白术（焦）75g阿胶25g地黄100g山茱萸75g枸杞子100g乌梅50g白芍75g砂仁50g益智50g苎麻根75g黄芩50g艾叶8.3g
孕康颗粒,颗粒剂,健脾固肾，养血安胎。用于肾虚型和气血虚弱型先兆流产和习惯性流产。,山药312.5g续断187.5g黄芪250g当归187.5g狗脊（去毛）250g菟丝子187.5g桑寄生125g盐杜仲187.5g补骨脂187.5g党参187.5g茯苓250g炒白术187.5g阿胶62.5g地黄250g山茱萸187.5g枸杞子250g乌梅125g白芍187.5g砂仁125g益智125g苎麻根187.5g黄芩125g艾叶20.8g
老年咳喘片,片剂,补气壮阳，扶正固本。用于老年慢性支气管炎等虚证。,黄芪110g白术66g防风66g甘草44g黄精66g淫羊藿66g补骨脂66g
老鹳草软膏,膏剂,除湿解毒，收敛生肌。用于湿毒蕴结所致的湿疹、痈、疔、疮、疖及小面积水、火烫伤。,老鹳草1000g
地奥心血康胶囊,胶囊剂,活血化瘀，行气止痛，扩张冠脉血管，改善心肌缺血。用于预防和治疗冠心病，心绞痛以及瘀血内阻之胸痹、眩晕、气短、心悸、胸闷或痛。,地奥心血康100g
地榆槐角丸,丸剂,疏风凉血，泻热润燥。用于脏腑实热、大肠火盛所致的肠风便血、痔疮肛瘘、湿热便秘、肛门肿痛。,地榆炭72g蜜槐角108g炒槐花72g大黄36g黄芩72g地黄72g当归36g赤芍36g红花9g防风36g荆芥穗36g麸炒枳壳36g
耳聋丸,丸剂,清肝泻火，利湿通窍。用于肝胆湿热所致的头晕头痛、耳聋耳鸣、耳内流脓。,龙胆500g黄芩500g地黄500g泽泻500g木通500g栀子500g当归500g九节菖蒲500g甘草500g羚羊角25g
耳聋左慈丸,丸剂,滋肾平肝。用于肝肾阴虚，耳鸣耳聋，头晕目眩。,煅磁石20g熟地黄160g山茱萸（制）80g牡丹皮60g山药80g茯苓60g泽泻60g竹叶柴胡20g
芎菊上清丸,丸剂,清热解表，散风止痛。用于外感风邪引起的恶风身热、偏正头痛、鼻流清涕、牙疼喉痛。,川芎20g菊花240g黄芩120g栀子30g炒蔓荆子30g黄连20g薄荷20g连翘30g荆芥穗30g羌活20g藁本20g桔梗30g防风30g甘草20g白芷80g
芎菊上清丸（水丸）,丸剂,清热解表，散风止痛。用于外感风邪引起的恶风身热、偏正头痛、鼻流清涕、牙疼喉痛。,川芎20g菊花240g黄芩120g栀子30g炒蔓荆子30g黄连20g薄荷20g连翘30g荆芥穗30g羌活20g藁本20g桔梗30g防风30g甘草20g白芷80g
芎菊上清片,片剂,清热解表，散风止痛。用于外感风邪引起的恶风身热、偏正头痛、鼻流清涕、牙疼喉痛。,川芎40g菊花480g黄芩240g栀子60g炒蔓荆子60g黄连40g薄荷40g连翘60g荆芥穗60g羌活40g藁本40g桔梗60g防风60g甘草40g白芷160g
朴沉化郁丸,丸剂,疏肝解郁，开胃消食。用于肝气郁滞、肝胃不和所致的胃脘刺痛、胸腹胀满、恶心呕吐、停食停水、气滞闷郁。,醋香附150g醋延胡索35g麸炒枳壳50g檀香35g木香35g片姜黄15g柴胡35g姜厚朴75g丁香35g沉香35g高良姜25g醋青皮35g陈皮100g甘草35g豆蔻35g醋莪术25g砂仁35g肉桂15g
再造生血片,片剂,补肝益肾，补气养血。用于肝肾不足、气血两虚所致的血虚虚劳，症见心悸气短、头晕目眩、倦怠乏力、腰膝酸软、面色苍白、唇甲色淡或伴出血；再生障碍性贫血、缺铁性贫血见上述证候者。,菟丝子（酒制）85g红参25.5g鸡血藤59.5g阿胶25.5g当归42.5g女贞子25.5g黄芪42.5g益母草25.5g熟地黄42.5g白芍25.5g制何首乌42.5g淫羊藿25.5g黄精（酒制）34g鹿茸（去毛）2.55g党参34g麦冬25.5g仙鹤草34g白术（炒）25.5g补骨脂（盐制）25.5g枸杞子34g墨旱莲25.5g
再造生血胶囊,胶囊剂,补肝益肾，补气养血。用于肝肾不足，气血两虚所致的血虚虚劳，症见心悸气短、头晕目眩、倦怠乏力、腰膝酸软、面色苍白、唇甲色淡或伴出血；再生障碍性贫血、缺铁性贫血见上述证候者。,菟丝子（酒制）85g红参（去芦）25.5g鸡血藤59.5g阿胶25.5g当归42.5g女贞子25.5g黄芪42.5g益母草25.5g熟地黄42.5g白芍25.5g制何首乌42.5g淫羊藿25.5g酒黄精34g鹿茸（去毛）2.55g党参34g麦冬25.5g仙鹤草34g麸炒白术25.5g盐补骨脂25.5g枸杞子34g墨旱莲25.5g
西瓜霜润喉片,片剂,清音利咽，消肿止痛。用于防治咽喉肿痛，声音嘶哑，喉痹，喉痈，喉蛾，口糜，口舌生疮，牙痈；急、慢性咽喉炎，急性扁桃体炎，口腔溃疡，口腔炎，牙龈肿痛。,西瓜霜20g冰片0.6g薄荷素油1g薄荷脑1.2g
西汉养生口服液,口服液,滋补肝肾，健脑安神。用于肝肾亏损所致的头晕头昏，健忘失眠，腰膝酸软，夜尿频作。,覆盆子120g菟丝子120g枸杞子120g金樱子120g女贞子120g黄芪150g丹参120g白芍120g炙甘草50g制何首乌150g淫羊藿240g肉桂10g
西青果茶,茶剂,清热，利咽，生津。用于阴虚内热、伤津所致咽干、咽痛、咽部充血；慢性咽炎、慢性扁桃体炎见上述证候者。,西青果5000g
西青果颗粒,颗粒剂,清热，利咽，生津。用于阴虚内热伤津所致咽干、咽痛、咽部充血；慢性咽炎、慢性扁桃体炎见上述证候者。,西青果333.3g
西黄丸,丸剂,清热解毒，消肿散结。用于热毒壅结所致的痈疽疔毒、瘰疬，流注、癌肿。,牛黄或体外培育牛黄15g麝香或人工麝香15g醋乳香550g醋没药550g
百合固金口服液,口服液,养阴润肺，化痰止咳。用于肺肾阴虚，燥咳少痰，痰中带血，咽干喉痛。,百合23g地黄46g熟地黄69g麦冬34g玄参18g川贝母23g当归23g白芍23g桔梗18g甘草23g
百合固金丸,丸剂,养阴润肺，化痰止咳。用于肺肾阴虚，燥咳少痰，痰中带血，咽干喉痛。,百合100g地黄200g熟地黄300g麦冬150g玄参80g川贝母100g当归100g白芍100g桔梗80g甘草100g
百合固金丸（浓缩丸）,丸剂,养阴润肺，化痰止咳。用于肺肾阴虚，燥咳少痰，痰中带血，咽干喉痛。,百合100g地黄200g熟地黄300g麦冬150g玄参80g川贝母100g当归100g白芍100g桔梗80g甘草100g
百合固金片,片剂,养阴润肺，化痰止咳。用于肺肾阴虚，燥咳少痰，痰中带血，咽干喉痛。,百合45.8g地黄91.6g熟地黄137.4g麦冬68.7g玄参36.6g川贝母45.8g当归45.8g白芍45.8g桔梗36.6g甘草45.8g
百合固金颗粒,颗粒剂,养阴润肺，化痰止咳。用于肺肾阴虚，燥咳少痰，痰中带血，咽干喉痛。,百合25.4g地黄50.8g熟地黄76.3g麦冬38.1g玄参20.3g川贝母25.4g当归25.4g白芍25.4g桔梗20.3g甘草25.4g
百咳静糖浆,糖浆剂,清热化痰，止咳平喘。用于外感风热所致的咳嗽、咯痰；感冒，急、慢性支气管炎，百日咳见上述证候者。,陈皮96g麦冬48g前胡48g炒苦杏仁48g清半夏48g黄芩96g蜜百部72g黄柏96g桑白皮48g甘草48g蜜麻黄48g炒葶苈子48g炒紫苏子48g炒天南星32g桔梗48g瓜蒌子（炒）48g
达立通颗粒,颗粒剂,清热解郁，和胃降逆，通利消滞。用于肝胃郁热所致痞满证，症见胃脘胀满、嗳气、纳差、胃中灼热、嘈杂泛酸、脘腹疼痛、口干口苦；动力障碍型功能性消化不良见上述症状者。,柴胡154g枳实154g木香154g陈皮154g清半夏154g蒲公英231g焦山楂154g焦槟榔92g鸡矢藤154g党参92g延胡索92g六神曲（炒）154g
当飞利肝宁胶囊,胶囊剂,清利湿热，益肝退黄。用于湿热郁蒸而致的黄疸，急性黄疸型肝炎，传染性肝炎，慢性肝炎而见湿热证候者。另还可用于非酒精性单纯性脂肪肝湿热内蕴证者，症见脘腹痞闷、口干口苦、右肋胀痛或不适、身重困倦、恶心、大便秘结、小便黄、舌质红苔黄腻，脉滑数。,水飞蓟900g当药950g
当归龙荟丸,丸剂,泻火通便。用于肝胆火旺，心烦不宁，头晕目眩，耳鸣耳聋，胁肋疼痛，脘腹胀痛，大便秘结。,酒当归100g龙胆（酒炙）100g芦荟50g青黛50g栀子100g酒黄连100g酒黄芩100g盐黄柏100g酒大黄50g木香25g人工麝香5g
当归补血口服液,口服液,补养气血。用于气血两虚证。,当归132g黄芪330g
当归拈痛丸,丸剂,清热利湿，祛风止痛。用于湿热闭阻所致的痹病，症见关节红肿热痛或足胫红肿热痛；亦可用于疮疡。,当归40g粉葛40g党参40g苍术（炒）40g升麻40g苦参40g泽泻60g炒白术60g知母60g防风60g羌活100g黄芩100g猪苓100g茵陈100g甘草100g
当归养血丸,丸剂,益气养血调经。用于气血两虚所致的月经不调，症见月经提前、经血量少或量多、经期延长、肢体乏力。,当归150g白芍（炒）150g地黄400g炙黄芪150g阿胶150g牡丹皮100g香附（制）150g茯苓150g杜仲（炒）200g白术（炒）200g
当归调经颗粒,颗粒剂,补血助气，调经。用于贫血衰弱，病后、产后血虚以及月经不调，痛经。,当归300g熟地黄20g川芎10g党参20g白芍20g甘草10g黄芪20g
仲景胃灵丸,丸剂,温中散寒，健胃止痛。用于脾胃虚弱，食欲不振，寒凝胃痛，脘腹胀满，呕吐酸水或清水。,肉桂277.8g延胡索208.3g牡蛎208.3g小茴香104.2g砂仁69.4g高良姜34.7g白芍388.9g炙甘草277.8g
伤疖膏,膏剂,清热解毒，消肿止痛。用于热毒蕴结肌肤所致的疮疡，症见红、肿、热、痛、未溃破。亦用于乳腺炎、静脉炎及其他皮肤创伤。,黄芩300g连翘200g生天南星100g白芷100g冰片120g薄荷脑60g水杨酸甲酯30g
伤科接骨片,片剂,活血化瘀，消肿止痛，舒筋壮骨。用于跌打损伤，闪腰岔气，筋伤骨折，瘀血肿痛。,红花12g土鳖虫40g朱砂10g马钱子粉20g炙没药4g三七80g炙海星40g炙鸡骨40g冰片2g煅自然铜20g炙乳香4g甜瓜子4g
伤痛宁片,片剂,散瘀止痛。用于跌打损伤，闪腰挫气，症见皮肤青紫、瘀斑、肿胀、疼痛、活动受限。,制乳香6.5g制没药6.5g甘松6.5g醋延胡索13g细辛13g醋香附65g山柰65g白芷104g
伤湿止痛膏,膏剂,祛风湿，活血止痛。用于风湿性关节炎，肌肉疼痛，关节肿痛。,伤湿止痛流浸膏50g水杨酸甲酯15g薄荷脑10g冰片10g樟脑20g芸香浸膏12.5g颠茄流浸膏30g
血府逐瘀口服液,口服液,活血祛瘀，行气止痛。用于气滞血瘀所致的胸痹、头痛日久、痛如针刺而有定处、内热烦闷、心悸失眠、急躁易怒。,柴胡17g当归50g地黄50g赤芍33g红花50g桃仁67g麸炒枳壳33g甘草17g川芎25g牛膝50g桔梗25g
血府逐瘀丸,丸剂,活血祛瘀，行气止痛。用于气滞血瘀所致的胸痛、头痛日久、痛如针刺而有定处、内热烦闷、心悸失眠、急躁易怒。,柴胡50g当归150g地黄150g赤芍100g红花150g桃仁200g麸炒枳壳100g甘草50g川芎75g牛膝150g桔梗75g
血府逐瘀胶囊,胶囊剂,活血祛瘀，行气止痛。用于气滞血瘀所致的胸痹、头痛日久、痛如针刺而有定处、内热烦闷、心悸失眠、急躁易怒。,柴胡27g当归81g地黄81g赤芍54g红花81g炒桃仁108g麸炒枳壳54g甘草27g川芎40g牛膝81g桔梗40g
血美安胶囊,胶囊剂,清热养阴，凉血活血。用于原发性血小板减少性紫癜血热伤阴挟瘀证，症见皮肤紫癜、齿衄、鼻衄、妇女月经过多、口渴、烦热、盗汗。,猪蹄甲109g地黄60g赤芍50g牡丹皮50g
血栓心脉宁片,片剂,益气活血，开窍止痛。用于气虚血瘀所致的中风、胸痹，症见头晕目眩、半身不遂、胸闷心痛、心悸气短；缺血性中风恢复期、冠心病心绞痛见上述证候者。,川芎500g槐花250g丹参500g水蛭125g毛冬青250g人工牛黄12.5g人工麝香1.25g人参茎叶总皂苷25g冰片2.5g蟾酥1.25g
血栓心脉宁胶囊,胶囊剂,益气活血，开窍止痛。用于气虚血瘀所致的中风、胸痹，症见头晕目眩、半身不遂、胸闷心痛、心悸气短；缺血性中风恢复期、冠心病心绞痛见上述证候者。,川芎500g槐花250g丹参500g水蛭125g毛冬青250g人工牛黄12.5g人工麝香1.25g人参茎叶总皂苷25g冰片2.5g蟾酥1.25g
血栓通胶囊,胶囊剂,活血祛瘀，通脉活络。用于脑络瘀阻引起的中风偏瘫，心脉瘀阻引起的胸痹心痛；脑梗塞，冠心病心绞痛见上述证候者。,三七总皂苷100g
血脂宁丸,丸剂,化浊降脂，润肠通便。用于痰浊阻滞型高脂血症，症见头昏胸闷、大便干燥。,决明子2.5g山楂50g荷叶7.5g制何首乌2.5g
血脂灵片,片剂,化浊降脂，润肠通便。用于痰浊阻滞型高脂血症，症见头昏胸闷、大便干燥。,泽泻500g决明子500g山楂500g制何首乌500g
血康口服液,口服液,活血化瘀，消肿散结，凉血止血。用于血热妄行，皮肤紫斑；原发性及继发性血小板减少性紫癜。,肿节风浸膏125.0g
血滞通胶囊,胶囊剂,通阳散结，行气导滞。用于高脂血症血瘀痰阻所致的胸闷、乏力、腹胀。,薤白8000g
血塞通片,片剂,活血祛瘀，通脉活络，抑制血小板聚集和增加脑血流量。用于脑络瘀阻，中风偏瘫，心脉瘀阻，胸痹心痛；脑血管病后遗症，冠心病心绞痛属上述证候者。,三七总皂苷25g
血塞通胶囊,胶囊剂,活血祛瘀，通脉活络，抑制血小板聚集和增加脑血流量。用于脑络瘀阻，中风偏瘫，心脉瘀阻，胸痹心痛；脑血管病后遗症，冠心病心绞痛属上述证候者。,三七总皂苷50g
血塞通颗粒,颗粒剂,活血祛瘀，通脉活络，抑制血小板聚集和增加脑血流量。用于脑络瘀阻，中风偏瘫，心脉瘀阻，胸痹心痛；脑血管病后遗症，冠心病心绞痛属上述证候者。,三七总皂苷50g
全天麻胶囊,胶囊剂,平肝，息风，止痉。用于肝风上扰所致的眩晕、头痛、肢体麻木、癫痫抽搐。,天麻500g
全杜仲胶囊,胶囊剂,补肝肾，强筋骨，降血压。用于肾虚腰痛，腰膝无力；高血压见上述症状者。,杜仲2500g
全鹿丸,丸剂,补肾填精，健脾益气。用于脾肾两亏所致的老年腰膝酸软、神疲乏力、畏寒肢冷、尿次频数、崩漏带下。,全鹿干80g锁阳（酒炒）40g党参40g地黄40g牛膝40g熟地黄40g楮实子40g菟丝子40g山药40g盐补骨脂40g枸杞子（盐水炒）40g川芎（酒炒）40g肉苁蓉40g酒当归40g巴戟天40g炙甘草40g天冬40g五味子（蒸）40g麦冬40g炒白术40g覆盆子40g盐杜仲40g芡实40g花椒20g茯苓40g陈皮40g炙黄芪40g小茴香（酒炒）20g盐续断40g青盐20g胡芦巴（酒炒）40g沉香20g
壮骨关节丸,丸剂,补益肝肾，养血活血，舒筋活络，理气止痛。用于肝肾不足、血瘀气滞、脉络痹阻所致的骨性关节炎、腰肌劳损，症见关节肿胀、疼痛、麻木、活动受限。,狗脊384.5g淫羊藿230.7g独活230.7g骨碎补308g续断384.5g补骨脂230.7g桑寄生384.5g鸡血藤230.7g熟地黄922.8g木香230.7g乳香（醋炙）230.7g没药（醋炙）230.7g
壮骨伸筋胶囊,胶囊剂,补益肝肾，强筋壮骨，活络止痛。用于肝肾两虚、寒湿阻络所致的神经根型颈椎病，症见肩臂疼痛、麻木、活动障碍。,淫羊藿83g熟地黄100g鹿衔草83g骨碎补（炙）66g肉苁蓉66g鸡血藤66g红参66g狗骨33g茯苓33g威灵仙33g豨莶草33g葛根33g醋延胡索100g山楂33g洋金花6.6g
壮腰健身丸,丸剂,壮腰健肾。用于腰酸腿软，头晕耳鸣，眼花心悸，阳痿遗精。,酒女贞子24g黄精24g熟地黄36g金樱子24g狗脊24g制何首乌15g千斤拔30g
冰黄肤乐软膏,膏剂,清热燥湿，活血祛风，止痒消炎。用于湿热蕴结或血热风燥引起的皮肤瘙痒；神经性皮炎、湿疹、足癣及银屑病瘙痒性皮肤病见上述证候者。,大黄30g姜黄20g硫黄20g黄芩4g甘草4g冰片2g薄荷脑1.8g
冰硼散,散剂,清热解毒，消肿止痛。用于热毒蕴结所致的咽喉疼痛、牙龈肿痛、口舌生疮。,冰片50g硼砂（煅）500g朱砂60g玄明粉500g
庆余辟瘟丹,丹剂,,羚羊角30g醋香附30g大黄30g藿香30g玄精石30g玄明粉30g朱砂30g木香30g制川乌30g五倍子30g苍术（米泔水润炒）30g苏合香30g姜半夏30g玳瑁30g雄黄15g黄连30g滑石30g猪牙皂30g姜厚朴30g肉桂30g郁金30g茯苓30g茜草30g金银花30g黄芩30g柴胡20g黄柏30g紫苏叶20g升麻20g白芷20g天麻20g川芎20g拳参20g干姜20g丹参20g桔梗20g石菖蒲20g檀香20g蒲黄20g琥珀15g麻黄20g陈皮15g人工麝香15g安息香15g冰片15g细辛10g千金子霜10g丁香10g巴豆霜10g当归10g桃仁霜10g甘遂（制）10g红大戟10g莪术10g槟榔10g胡椒10g葶苈子10g炒白芍10g煅禹余粮10g桑白皮10g山豆根10g
产复康颗粒,颗粒剂,补气养血，祛瘀生新。用于气虚血瘀所致的产后恶露不绝，症见产后出血过多、淋漓不断、神疲乏力、腰腿酸软。,益母草333.33g当归150g人参50g黄芪150g何首乌166.67g桃仁100g蒲黄100g熟地黄166.67g醋香附133.33g昆布83.33g白术83.33g黑木耳83.33g
羊藿三七胶囊,胶囊剂,温阳通脉，化瘀止痛。用于阳虚血瘀所致的胸痹，症见胸痛，胸闷，心悸，乏力，气短等；冠心病，心绞痛属上述证候者。,淫羊藿1500g三七500g
关节止痛膏,膏剂,活血散瘀，温经镇痛。用于寒湿瘀阻经络所致风湿关节痛及关节扭伤。,辣椒流浸膏200g颠茄流浸膏120g薄荷素油40g水杨酸甲酯80g樟脑200g盐酸苯海拉明13g
灯台叶颗粒,颗粒剂,清热化痰止咳。用于痰热阻肺所致的咳嗽、咯痰；慢性支气管炎、百日咳见上述证候者。,灯台叶700g
灯盏生脉胶囊,胶囊剂,益气养阴，活血健脑。用于气阴两虚、瘀阻脑络引起的胸痹心痛，中风后遗症，症见痴呆、健忘、手足麻木症；冠心病心绞痛，缺血性心脑血管疾病，高脂血症见上述证候者。,灯盏细辛3000g人参600g五味子600g麦冬1100g
灯盏花素片,片剂,活血化瘀，通经活络。用于脑络瘀阻，中风偏瘫，心脉痹阻，胸痹心痛；中风后遗症及冠心病心绞痛见上述证候者。,灯盏花素20g
灯盏细辛注射液,注射剂,活血祛瘀，通络止痛。用于瘀血阻滞，中风偏瘫，肢体麻木，口眼歪斜，言语謇涩及胸痹心痛；缺血性中风、冠心病心绞痛见上述证候者。,灯盏细辛800g
灯盏细辛颗粒,颗粒剂,活血化瘀，通经活络。用于脑络瘀阻，中风偏瘫，心脉痹阻，胸痹心痛；缺血性中风、冠心病心绞痛见上述证候者。,灯盏细辛640g
安儿宁颗粒,颗粒剂,清热祛风，化痰止咳。用于小儿风热感冒，咳嗽有痰，发热咽痛，上呼吸道感染见上述证候者。,天竺黄66.7g红花53.3g人工牛黄5.3g岩白菜53.3g甘草53.3g高山辣根菜53.3g洪连66.7g檀香66.7g唐古特乌头66.7g
安中片,片剂,温中散寒，理气止痛，和胃止呕。用于阳虚胃寒所致的胃痛，症见胃痛绵绵、畏寒喜暖、泛吐清水、神疲肢冷；慢性胃炎、胃及十二指肠溃疡见上述证候者。,桂枝180g醋延胡索180g煅牡蛎180g小茴香120g砂仁120g高良姜60g甘草120g
安阳精制膏,膏剂,消积化癥，逐瘀止痛，舒筋活血，追风散寒。用于癥瘕积聚，风寒湿痹，胃寒疼痛，手足麻木。,生川乌24g生草乌24g乌药24g白蔹24g白芷24g白及24g木鳖子24g木通24g木瓜24g三棱24g莪术24g当归24g赤芍24g肉桂24g大黄48g连翘48g血竭10g阿魏10g乳香6g没药6g儿茶6g薄荷脑8g水杨酸甲酯8g冰片8g
安胃片,片剂,行气活血，制酸止痛。用于气滞血瘀所致的胃脘刺痛、吞酸嗳气、脘闷不舒；胃及十二指肠溃疡、慢性胃炎见上述证候者。,醋延胡索63g枯矾250g海螵蛸（去壳）187g
安胎丸,丸剂,养血安胎。用于妊娠血虚，胎动不安，面色萎黄，不思饮食，神疲乏力。,当归200g川芎（酒炙）200g黄芩200g炒白芍200g白术100g
安宫止血丸,丸剂,活血化瘀，清热止血。用于瘀热内蕴所致的恶露不净，症见恶露不止、小腹疼痛、口燥咽干；人工流产及产后子宫复位不全见上述证候者。,益母草1820g马齿苋1820g
安宫止血颗粒,颗粒剂,活血化瘀，清热止血。用于瘀热内蕴所致的恶露不净，症见恶露不止、小腹疼痛、口燥咽干；人工流产及产后子宫复位不全见上述证候者。,益母草2184g马齿苋2184g
安宫牛黄丸,丸剂,清热解毒，镇惊开窍。用于热病，邪入心包，高热惊厥，神昏谵语；中风昏迷及脑炎、脑膜炎、中毒性脑病、脑出血、败血症见上述证候者。,牛黄100g水牛角浓缩粉200g麝香或人工麝香25g珍珠50g朱砂100g雄黄100g黄连100g黄芩100g栀子100g郁金100g冰片25g
安宫牛黄散,散剂,清热解毒，镇惊开窍。用于热病，邪入心包，高热惊厥，神昏谵语；中风昏迷及脑炎、脑膜炎、中毒性脑病、脑出血、败血症见上述证候者。,牛黄100g水牛角浓缩粉200g人工麝香25g珍珠50g朱砂100g雄黄100g黄连100g黄芩100g栀子100g郁金100g冰片25g
安宫降压丸,丸剂,清热镇惊，平肝潜阳。用于肝阳上亢、肝火上炎所致的眩晕，症见头晕、目眩、心烦、目赤、口苦、耳鸣耳聋；高血压病见上述证候者。,郁金100g黄连100g栀子100g黄芩80g天麻20g珍珠母50g黄芪80g白芍80g党参150g麦冬80g醋五味子40g川芎80g人工牛黄100g水牛角浓缩粉100g冰片25g
安神补心丸,丸剂,养心安神。用于心血不足、虚火内扰所致的心悸失眠、头晕耳鸣。,丹参300g五味子（蒸）150g石菖蒲100g安神膏560g
安神补心颗粒,颗粒剂,养心安神。用于心血不足、虚火内扰所致的心悸失眠、头晕耳鸣。,丹参508g五味子（蒸）254g石菖蒲170g安神膏949g
安神补脑液,口服液,生精补髓，益气养血，强脑安神。用于肾精不足、气血两亏所致的头晕、乏力、健忘、失眠；神经衰弱症见上述证候者。,鹿茸3g制何首乌62.5g淫羊藿50g干姜12.5g甘草6.25g大枣12.5g维生素B10.5g
安神宝颗粒,颗粒剂,补肾益精，养心安神。用于失眠健忘，眩晕耳鸣，腰膝酸软。,炒酸枣仁312.5g枸杞子781.25g藤合欢156.25g
安神胶囊,胶囊剂,补血滋阴，养心安神。用于阴血不足，失眠多梦，心悸不宁，五心烦热，盗汗耳鸣。,炒酸枣仁40g川芎47g知母112g麦冬92g制何首乌32g五味子97g丹参130g茯苓97g
安脑丸,丸剂,清热解毒，醒脑安神，豁痰开窍，镇惊熄风。用于高热神昏，烦躁谵语，抽搐惊厥，中风窍闭，头痛眩晕；高血压、脑中风见上述证候者。,人工牛黄15g猪胆粉200g朱砂55g冰片35g水牛角浓缩粉200g珍珠50g黄芩150g黄连150g栀子150g雄黄95g郁金150g石膏120g煅赭石65g珍珠母80g薄荷脑15g
安脑片,片剂,清热解毒，醒脑安神，豁痰开窍，镇惊熄风。用于高热神昏，烦躁谵语，抽搐惊厥，中风窍闭，头痛眩晕；高血压、脑中风见上述证候者。,人工牛黄3.7g猪胆粉49.7g朱砂13.7g冰片8.7g水牛角浓缩粉49.7g珍珠12.4g黄芩37.3g黄连37.3g栀子37.3g雄黄23.6g郁金37.3g石膏29.8g煅赭石16.1g珍珠母19.9g薄荷脑3.7g
导赤丸,丸剂,清热泻火，利尿通便。用于火热内盛所致的口舌生疮、咽喉疼痛、心胸烦热、小便短赤、大便秘结。,连翘120g黄连60g栀子（姜炒）120g木通60g玄参120g天花粉120g赤芍60g大黄60g黄芩120g滑石120g
阳和解凝膏,膏剂,温阳化湿，消肿散结。用于脾肾阳虚、痰瘀互结所致的阴疽、瘰疬未溃、寒湿痹痛。,鲜牛蒡草480g（或干品120g）鲜凤仙透骨草40g（或干品10g）生川乌20g桂枝20g大黄20g当归20g生草乌20g生附子20g地龙20g僵蚕20g赤芍20g白芷20g白蔹20g白及20g川芎10g续断10g防风10g荆芥10g五灵脂10g木香10g香橼10g陈皮10g肉桂20g乳香20g没药20g苏合香40g人工麝香10g
阴虚胃痛颗粒,颗粒剂,养阴益胃，缓急止痛。用于胃阴不足所致的胃脘隐隐灼痛、口干舌燥、纳呆干呕；慢性胃炎、消化性溃疡见上述证候者。,北沙参240g麦冬200g石斛300g川楝子200g玉竹200g白芍240g炙甘草120g
防风通圣丸,丸剂,解表通里，清热解毒。用于外寒内热，表里俱实，恶寒壮热，头痛咽干，小便短赤，大便秘结，瘰疬初起，风疹湿疮。,防风50g荆芥穗25g薄荷50g麻黄50g大黄50g芒硝50g栀子25g滑石300g桔梗100g石膏100g川芎50g当归50g白芍50g黄芩100g连翘50g甘草200g白术（炒）25g
防风通圣颗粒,颗粒剂,解表通里，清热解毒。用于外寒内热，表里俱实，恶寒壮热，头痛咽干，小便短赤，大便秘结，瘰疬初起，风疹湿疮。,防风75.5g荆芥穗37.8g薄荷75.5g麻黄75.5g大黄75.5g芒硝75.5g栀子37.8g滑石453g桔梗151g石膏151g川芎75.5g当归75.5g白芍75.5g黄芩151g连翘75.5g甘草302g白术（炒）37.8g
如意金黄散,散剂,清热解毒，消肿止痛。用于热毒瘀滞肌肤所致疮疡肿痛、丹毒流注，症见肌肤红、肿、热、痛，亦可用于跌打损伤。,姜黄160g大黄160g黄柏160g苍术64g厚朴64g陈皮64g甘草64g生天南星64g白芷160g天花粉320g
如意定喘片,片剂,宣肺定喘，止咳化痰，益气养阴。用于气阴两虚所致的久咳气喘、体弱痰多；支气管哮喘、肺气肿、肺心病见上述证候者。,蛤蚧14g制蟾酥0.8g黄芪45g地龙45g麻黄45g党参45g苦杏仁72g白果45g枳实27g天冬36g南五味子（酒蒸）45g麦冬36g紫菀36g百部18g枸杞子27g熟地黄45g远志18g葶苈子18g洋金花18g石膏18g炙甘草45g
妇必舒阴道泡腾片,片剂,清热燥湿，杀虫止痒。主要用于妇女湿热下注证所致的白带增多、阴部瘙痒。,苦参120g蛇床子180g大黄120g百部120g乌梅120g硼砂90g冰片15g白矾15g甘草120g
妇乐颗粒,颗粒剂,清热凉血，化瘀止痛。用于瘀热蕴结所致的带下病，症见带下量多、色黄，少腹疼痛；慢性盆腔炎见上述证候者。,忍冬藤1126g大血藤1126g甘草113g大青叶338g蒲公英338g牡丹皮338g赤芍338g川楝子338g醋延胡索338g熟大黄225g
妇宁栓,栓剂,清热解毒，燥湿杀虫，去腐生肌，化瘀止痛。用于细菌、病毒、霉菌、滴虫引起的阴道炎、阴道溃疡、宫颈炎、宫颈糜烂、阴痒、阴蚀、黄白带下、味臭、小腹痛、腰骶痛。,苦参1370g关黄柏820g黄芩682g莪术410g蛤壳182g红丹27.3g儿茶27.3g乳香13.6g没药13.6g猪胆粉36.4g冰片5.5g
妇宁康片,片剂,补肾助阳，调补冲任，益气养血，安神解郁。用于肝肾不足、冲任失调所致月经不调，阴道干燥，情志抑郁，心神不安；妇女更年期综合征见上述证候者。,人参40.5g枸杞子54.1g当归54.1g熟地黄54.1g赤芍54.1g山茱萸54.1g知母54.1g黄柏40.5g牡丹皮54.1g石菖蒲27g远志40.5g茯苓54.1g菟丝子81g淫羊藿81g巴戟天81g蛇床子54.1g狗脊40.5g五味子40.5g
妇良片,片剂,补血健脾，固经止带。用于血虚脾弱所致月经不调、带下病，症见月经过多、持续不断、崩漏色淡、经后少腹隐痛、头晕目眩、面色无华或带多清稀。,当归75g熟地黄75g续断75g白芍75g山药75g白术75g地榆炭75g白芷75g煅牡蛎75g海螵蛸75g阿胶珠75g血余炭50g
妇炎净胶囊,胶囊剂,清热祛湿，调经止带。用于湿热蕴结所致的带下病、月经不调、痛经；慢性盆腔炎、附件炎、子宫内膜炎见上述证候者。,苦玄参250g地胆草375g当归250g鸡血藤375g两面针375g横经席375g柿叶375g菥蓂375g五指毛桃500g
妇炎消泡腾片,片剂,清热燥湿，止带除痒。用于湿热下注所致的带下、阴痒病。症见带下量多，呈豆腐渣样，或色黄如脓，或呈黄色泡沫样，其气腥臭，阴部瘙痒、潮红、肿胀；念珠菌阴道炎、滴虫阴道炎、细菌性阴道病见上述证候者。,苦参120g黄柏120g蛇床子60g金银花60g野菊花120g地肤子30g白芷30g石菖蒲18g冰片5g猪胆粉7.5g
妇炎康片,片剂,清热利湿，理气活血，散结消肿。用于湿热下注、毒瘀互阻所致带下病，症见带下量多、色黄、气臭，少腹痛，腰骶痛，口苦咽干；阴道炎、慢性盆腔炎见上述证候者。,赤芍60g土茯苓100g醋三棱60g炒川楝子60g醋莪术60g醋延胡索60g炒芡实100g当归100g苦参60g醋香附40g黄柏60g丹参100g山药120g
妇宝颗粒,颗粒剂,益肾和血，理气止痛。用于肾虚夹瘀所致的腰酸腿软、小腹胀痛、白带、经漏；慢性盆腔炎、附件炎见上述证候者。,地黄133g忍冬藤133g盐续断100g杜仲叶（盐炙）183g麦冬100g炒川楝子100g酒白芍133g醋延胡索100g甘草33g侧柏叶（炒）133g莲房炭133g大血藤133g
妇科十味片,片剂,养血舒肝，调经止痛。用于血虚肝郁所致月经不调、痛经、月经前后诸证，症见行经后错，经水量少、有血块，行经小腹疼痛，血块排出痛减，经前双乳胀痛、烦躁、食欲不振。,醋香附500g川芎20g当归180g醋延胡索40g白术29g甘草14g大枣100g白芍15g赤芍15g熟地黄60g碳酸钙65g
妇科止带片,片剂,清热燥湿，收敛止带。用于慢性子宫颈炎，子宫内膜炎，阴道炎所致湿热型带下病。,椿皮363g五味子64g黄柏363g龟甲242g茯苓363g阿胶120g山药363g
妇科止带胶囊,胶囊剂,清热燥湿，收敛止带。用于慢性子宫颈炎，子宫内膜炎，阴道炎所致的湿热型带下病。,椿皮363g五味子64g黄柏363g龟甲242g茯苓363g阿胶120g山药363g
妇科分清丸,丸剂,清热利湿，活血止痛。用于湿热瘀阻下焦所致妇女热淋证，症见尿频、尿急、尿少涩痛、尿赤浑浊。,当归200g白芍100g川芎150g地黄200g栀子100g黄连50g石韦50g海金沙25g甘草100g木通100g滑石150g
妇科养坤丸,丸剂,疏肝理气，养血活血。用于血虚肝郁所致的月经不调，闭经，痛经，经期头痛。,熟地黄119g甘草80g地黄119g川芎（酒）60g当归（酒蒸）119g延胡索（酒醋制）60g酒黄芩119g郁金60g木香119g盐杜仲80g香附（酒醋制）80g酒白芍80g蔓荆子（酒蒸）119g砂仁60g
妇科养荣丸,丸剂,补养气血，疏肝解郁，祛瘀调经。用于气血不足，肝郁不舒，月经不调，头晕目眩，血漏血崩，贫血身弱及不孕症。,当归200g白术200g熟地黄200g川芎150g酒白芍150g醋香附150g益母草150g黄芪100g杜仲100g艾叶（炒）100g麦冬50g阿胶50g甘草50g陈皮50g茯苓50g砂仁10g
妇科调经片,片剂,养血柔肝，理气调经。用于肝郁血虚所致的月经不调、经期前后不定、行经腹痛。,当归144g川芎16g醋香附400g麸炒白术23g白芍12g赤芍12g醋延胡索32g熟地黄48g大枣80g甘草11g
妇康宁片,片剂,养血理气，活血调经。用于血虚气滞所致的月经不调，症见月经周期后错、经水量少、有血块、经期腹痛。,白芍196g香附30g当归25g三七20g醋艾炭4g麦冬49g党参30g益母草147g
妇康宝口服液（妇康宝合剂）,口服液,补血，调经，止血。用于面色萎黄，头晕乏力，月经后错，量多色淡，经期延长。,熟地黄173g川芎69g白芍139g艾叶69g当归104g甘草69g阿胶104g
红色正金软膏,膏剂,驱风、兴奋、局部止痒、止痛。用于中暑、头晕、伤风鼻塞、虫咬、蚊叮。,薄荷脑150g薄荷素油100g肉桂油30g樟脑50g樟油50g桉油60g丁香罗勒油30g
红灵散,散剂,祛暑，开窍，辟瘟，解毒。用于中暑昏厥，头晕胸闷，恶心呕吐，腹痛泄泻。,人工麝香71.4g雄黄142.8g朱砂238.1g硼砂142.8g煅金礞石95.2g硝石（精制）238.1g冰片71.4g
红药贴膏,膏剂,祛瘀生新，活血止痛。用于跌打损伤，筋骨瘀痛。,三七750g白芷175g土鳖虫175g川芎175g当归175g红花175g冰片35g樟脑35g水杨酸甲酯51g薄荷脑80g颠茄流浸膏80g硫酸软骨素钠10g盐酸苯海拉明12g
麦味地黄丸,丸剂,滋肾养肺。用于肺肾阴亏，潮热盗汗，咽干咳血，眩晕耳鸣，腰膝酸软，消渴。,麦冬60g五味子40g熟地黄160g酒萸肉80g牡丹皮60g山药80g茯苓60g泽泻60g
坎离砂,散剂,祛风散寒，活血止痛。用于风寒湿痹，四肢麻木，关节疼痛，脘腹冷痛。,当归3.75g川芎5g防风5g透骨草5g
花红片,片剂,清热解毒，燥湿止带，祛瘀止痛。用于湿热瘀滞所致带下病、月经不调，症见带下量多、色黄质稠、小腹隐痛、腰骶酸痛、经行腹痛；慢性盆腔炎、附件炎、子宫内膜炎见上述证候者。,一点红1250g白花蛇舌草750g鸡血藤1000g桃金娘根1250g白背叶根750g地桃花1250g菥蓂750g
花红胶囊,胶囊剂,清热解毒，燥湿止带，祛瘀止痛。用于湿热瘀滞所致带下病、月经不调，症见带下量多、色黄质稠、小腹隐痛、腰骶酸痛、经行腹痛；慢性盆腔炎、附件炎、子宫内膜炎见上述证候者。,一点红1667g白花蛇舌草1000g鸡血藤1333g桃金娘根1667g白背叶根1000g地桃花1667g菥蓂1000g
花红颗粒,颗粒剂,清热解毒，燥湿止带，祛瘀止痛。用于湿热瘀滞所致带下病、月经不调，症见带下量多、色黄质稠、小腹隐痛、腰骶酸痛、经行腹痛；慢性盆腔炎、附件炎、子宫内膜炎见上述证候者。,一点红500g白花蛇舌草300g鸡血藤400g桃金娘根500g白背叶根300g地桃花500g菥蓂300g
苁蓉益肾颗粒,颗粒剂,补肾填精。用于肾气不足，腰膝酸软，记忆减退，头晕耳鸣，四肢无力。,五味子（酒制）360g酒苁蓉360g茯苓180g菟丝子（酒炒）360g盐车前子450g制巴戟天540g
芩芷鼻炎糖浆,糖浆剂,清热解毒，消肿通窍。用于急性鼻炎。,黄芩156g白芷156g麻黄72g苍耳子156g辛夷156g鹅不食草156g薄荷73g
芩连片,片剂,清热解毒，消肿止痛。用于脏腑蕴热，头痛目赤，口鼻生疮，热痢腹痛，湿热带下，疮疖肿痛。,黄芩213g连翘213g黄连85g黄柏340g赤芍213g甘草85g
芩暴红止咳口服液,口服液,清热化痰，止咳平喘。用于痰热壅肺所致的咳嗽、痰多；急性支气管炎及慢性支气管炎急性发作见上述证候者。,满山红420g暴马子皮420g黄芩200g
芩暴红止咳片,片剂,清热化痰，止咳平喘。用于痰热壅肺所致的咳嗽、痰多；急性支气管炎及慢性支气管炎急性发作见上述证候者。,满山红1050g暴马子皮1050g黄芩500g
芩暴红止咳分散片,片剂,清热化痰，止咳平喘。用于痰热壅肺所致的咳嗽、痰多；急性支气管炎及慢性支气管炎急性发作见上述证候者。,满山红2100g暴马子皮2100g黄芩1000g
芩暴红止咳颗粒,颗粒剂,清热化痰，止咳平喘。用于痰热壅肺所致的咳嗽、痰多；急性支气管炎及慢性支气管炎急性发作见上述证候者。,满山红1050g暴马子皮1050g黄芩500g
芪风固表颗粒,颗粒剂,益气固表，健脾，补肺，益肾。用于肺、脾、肾虚弱所致的慢性咳嗽缓解期的辅助治疗。,黄芪600g刺五加浸膏15g麸炒白术200g五味子100g防风200g麦冬200g
芪冬颐心口服液,口服液,益气养心，安神止悸。用于气阴两虚所致的心悸、胸闷、胸痛、气短乏力、失眠多梦、自汗、盗汗、心烦；病毒性心肌炎、冠心病心绞痛见上述证候者。,黄芪180g麦冬90g人参45g茯苓90g地黄65g龟甲（烫）45g煅紫石英130g桂枝65g淫羊藿90g金银花90g丹参65g郁金45g枳壳（炒）45g
芪冬颐心颗粒,颗粒剂,益气养心，安神止悸。用于气阴两虚所致的心悸、胸闷、胸痛、气短乏力、失眠多梦、自汗、盗汗、心烦；病毒性心肌炎、冠心病心绞痛见上述证候者。,黄芪720g麦冬360g人参180g茯苓360g地黄260g龟甲（烫）180g煅紫石英520g桂枝260g淫羊藿360g金银花360g丹参260g郁金180g枳壳（炒）180g
芪苈强心胶囊,胶囊剂,益气温阳，活血通络，利水消肿。用于冠心病、高血压病所致轻、中度充血性心力衰竭证属阳气虚乏，络瘀水停证，症见心慌气短，动则加剧，夜间不能平卧，下肢浮肿，倦怠乏力，小便短少，口唇青紫，畏寒肢冷，咳吐稀白痰。,黄芪450g人参225g黑顺片112.5g丹参225g葶苈子150g泽泻225g玉竹75g桂枝90g红花90g香加皮180g陈皮75g
芪明颗粒,颗粒剂,益气生津、滋养肝肾、通络明目。用于2型糖尿病视网膜病变单纯型，中医辨证属气阴亏虚、肝肾不足、目络瘀滞证，症见视物昏花、目睛干涩、神疲乏力、五心烦热、自汗盗汗、口渴喜饮、便秘、腰膝酸软、头晕、耳鸣。,黄芪592g葛根592g地黄556g枸杞子556g决明子370g茺蔚子222g蒲黄370g水蛭74g
芪参胶囊,胶囊剂,益气活血，化瘀止痛。用于冠心病稳定型劳累型心绞痛Ⅰ、Ⅱ级，中医辨证属气虚血瘀证者，症见胸痛，胸闷，心悸气短，神疲乏力，面色紫暗，舌淡紫，脉弦而涩。,黄芪285g丹参155g人参75g茯苓103g三七148g水蛭155g红花103g川芎103g山楂155g蒲黄103g制何首乌103g葛根155g黄芩103g玄参103g甘草148g
芪参益气滴丸,滴丸,益气通脉，活血止痛。用于气虚血瘀所致胸痹，症见胸闷胸痛、气短乏力、心悸、自汗、面色少华、舌体胖有齿痕、舌质暗或有瘀斑、脉沉弦；冠心病心绞痛见上述证候者。,黄芪1800g丹参900g三七180g降香油12g
芪珍胶囊,胶囊剂,益气化瘀，清热解毒。用于肺癌、乳腺癌、胃癌患者的辅助治疗。,珍珠180g黄芪750g三七140g大青叶280g重楼210g
芪黄通秘软胶囊,软胶囊,益气养血，润肠通便。用于功能性便秘证属虚秘者。,黄芪200g何首乌150g当归150g肉苁蓉150g黑芝麻150g核桃仁150g熟大黄300g决明子150g枳实150g炒苦杏仁90g桃仁90g
芪葛口服液,口服液,温经活血，疏风散寒，宣痹通络。用于神经根型颈椎病风寒阻络证引起的颈项强痛、肩背疼痛、颈项活动不利、肢体麻木、畏寒肢冷、四肢拘急。舌紫暗或有瘀斑，苔薄白；脉弦，或紧或沉迟。,黄芪300g葛根400g桂枝160g威灵仙300g白芍120g姜黄150g川芎150g菊花120g
芪葛颗粒,颗粒剂,温经活血，疏风散寒，宣痹通络。用于神经根型颈椎病风寒阻络证引起的颈项强痛、肩背疼痛、颈项活动不利、肢体麻木、畏寒肢冷、四肢拘急。舌紫暗或有瘀斑，苔薄白；脉弦，或紧或沉迟。,黄芪600g葛根800g桂枝320g威灵仙600g白芍240g姜黄300g川芎300g菊花240g
芪蛭降糖片,片剂,益气养阴，活血化瘀。用于气阴两虚兼血瘀所致的消渴病，症见口渴多饮、多尿易饥、倦怠乏力、自汗盗汗、面色晦暗、肢体麻木；2型糖尿病见上述证候者。,黄芪1000g地黄830g黄精830g水蛭670g
芪蛭降糖胶囊,胶囊剂,益气养阴，活血化瘀。用于气阴两虚兼血瘀所致的消渴病，症见口渴多饮、多尿易饥、倦怠乏力、自汗盗汗、面色晦暗、肢体麻木；2型糖尿病见上述证候者。,黄芪1000g地黄830g黄精830g水蛭670g
克伤痛搽剂,搽剂,活血化瘀，消肿止痛。用于急性软组织扭挫伤，症见皮肤青紫瘀斑、血肿疼痛。,当归30g川芎30g红花30g丁香5g生姜10g樟脑2g松节油4ml
克咳片,片剂,止嗽，定喘，祛痰。用于咳嗽，喘急气短。,麻黄360g罂粟壳360g甘草360g苦杏仁360g莱菔子112.5g桔梗112.5g石膏112.5g
克痢痧胶囊,胶囊剂,解毒辟秽，理气止泻。用于泄泻，痢疾和痧气（中暑）。,白芷51.6g苍术25.8g石菖蒲25.8g细辛20.6g荜茇15.5g鹅不食草15.5g猪牙皂25.8g雄黄粉8.6g丁香15.5g硝石20.6g枯矾51.6g冰片3g
克感利咽口服液,口服液,疏风清热，解毒利咽。用于风热外侵，邪热内扰所致发热、微恶风，头痛，咽痛，鼻塞流涕，咳嗽痰黏，口渴，溲黄；感冒见上述证候者。,金银花72g黄芩72g荆芥72g炒栀子72g连翘72g玄参72g僵蚕（姜制）43g地黄108g射干22g桔梗43g薄荷43g蝉蜕43g防风43g甘草22g
苏子降气丸,丸剂,降气化痰，温肾纳气。用于上盛下虚、气逆痰壅所致的咳嗽喘息、胸膈痞塞。,炒紫苏子145g厚朴145g前胡145g甘草145g姜半夏145g陈皮145g沉香102g当归102g
苏合香丸,丸剂,芳香开窍，行气止痛。用于痰迷心窍所致的痰厥昏迷、中风偏瘫、肢体不利，以及中暑、心胃气痛。,苏合香50g安息香100g冰片50g水牛角浓缩粉200g人工麝香75g檀香100g沉香100g丁香100g香附100g木香100g乳香（制）100g荜茇100g白术100g诃子肉100g朱砂100g
苏黄止咳胶囊,胶囊剂,疏风宣肺，止咳利咽。用于风邪犯肺，肺气失宣所致的咳嗽，咽痒，痒时咳嗽，或呛咳阵作，气急，遇冷空气、异味等因素突发或加重，或夜卧晨起咳剧，多呈反复发作，干咳无痰或少痰，舌苔薄白；感冒后咳嗽及咳嗽变异型哮喘见上述证候者。,麻黄556g紫苏叶556g地龙556g蜜枇杷叶556g炒紫苏子332g蝉蜕444g前胡444g炒牛蒡子556g五味子444g
杏贝止咳颗粒,颗粒剂,清宣肺气，止咳化痰。用于外感咳嗽属表寒里热证，症见微恶寒、发热、咳嗽、咯痰、痰稠质粘、口干苦、燥烦。,蜜麻黄250g苦杏仁833g桔梗500g前胡500g浙贝母500g百部500g北沙参833g木蝴蝶250g甘草250g
杏苏止咳口服液,口服液,宣肺散寒，止咳祛痰。用于风寒感冒咳嗽，气逆。,苦杏仁94.5g紫苏叶94.5g前胡94.5g桔梗70.5g陈皮70.5g甘草24g
杏苏止咳软胶囊,软胶囊,宣肺散寒，止咳祛痰。用于风寒感冒咳嗽，气逆。,苦杏仁252g陈皮188g紫苏叶252g桔梗188g前胡252g甘草64g
杏苏止咳颗粒,颗粒剂,宣肺散寒，止咳祛痰。用于风寒感冒咳嗽，气逆。,苦杏仁63g陈皮47g紫苏叶63g前胡63g桔梗47g甘草16g
杏苏止咳糖浆,糖浆剂,宣肺散寒，止咳祛痰。用于风寒感冒咳嗽，气逆。,苦杏仁63g陈皮47g紫苏叶63g前胡63g桔梗47g甘草16g
杞菊地黄口服液,口服液,滋肾养肝。用于肝肾阴虚，眩晕耳鸣，羞明畏光，视物昏花。,枸杞子33g菊花33g熟地黄130g酒萸肉65g牡丹皮50g山药65g茯苓50g泽泻50g
杞菊地黄丸,丸剂,滋肾养肝。用于肝肾阴亏，眩晕耳鸣，羞明畏光，迎风流泪，视物昏花。,枸杞子40g菊花40g熟地黄160g酒萸肉80g牡丹皮60g山药80g茯苓60g泽泻60g
杞菊地黄丸（浓缩丸）,丸剂,滋肾养肝。用于肝肾阴亏，眩晕耳鸣，羞明畏光，迎风流泪，视物昏花。,枸杞子40g菊花40g熟地黄160g酒萸肉80g牡丹皮60g山药80g茯苓60g泽泻60g
杞菊地黄片,片剂,滋肾养肝。用于肝肾阴亏，眩晕耳鸣，羞明畏光，迎风流泪，视物昏花。,枸杞子40g菊花40g熟地黄160g酒萸肉80g牡丹皮60g山药80g茯苓60g泽泻60g
杞菊地黄胶囊,胶囊剂,滋肾养肝。用于肝肾阴亏，眩晕耳鸣，羞明畏光，迎风流泪，视物昏花。,枸杞子36.7g菊花36.7g熟地黄146.8g酒萸肉73.4g牡丹皮55g山药73.4g茯苓55g盐泽泻55g
更年安丸,丸剂,滋阴清热，除烦安神。用于肾阴虚所致的绝经前后诸证，症见烦热出汗、眩晕耳鸣、手足心热、烦躁不安；更年期综合征见上述证候者。,地黄105g泽泻105g麦冬105g熟地黄105g玄参105g茯苓210g仙茅210g磁石210g牡丹皮69g珍珠母210g五味子105g首乌藤210g制何首乌105g浮小麦210g钩藤210g
更年安胶囊,胶囊剂,滋阴清热，除烦安神。用于肾阴虚所致的绝经前后诸证，症见烦热出汗、眩晕耳鸣、手足心热、烦躁不安；更年期综合征见上述证候者。,地黄35g泽泻35g麦冬35g熟地黄35g玄参35g茯苓70g仙茅70g磁石70g牡丹皮23g珍珠母70g五味子35g首乌藤70g制何首乌35g浮小麦70g钩藤70g
医痫丸,丸剂,祛风化痰，定痫止搐。用于痰阻脑络所致的癫痫，症见抽搐昏迷、双目上吊、口吐涎沫。,生白附子40g天南星（制）80g半夏（制）80g猪牙皂400g僵蚕（炒）80g乌梢蛇（制）80g蜈蚣2g全蝎16g白矾120g雄黄12g朱砂16g
尪痹片,片剂,补肝肾，强筋骨，祛风湿，通经络。用于肝肾不足、风湿阻络所致的尪痹，症见肌肉、关节疼痛，局部肿大，僵硬畸形，屈伸不利，腰膝酸软，畏寒乏力；类风湿性关节炎见上述证候者。,地黄153.85g熟地黄153.85g续断115.38g附片（黑顺片）115.38g独活76.92g骨碎补115.38g桂枝76.92g淫羊藿115.38g防风76.92g威灵仙115.38g皂角刺76.92g羊骨153.85g白芍92.31g狗脊（制）115.38g知母115.38g伸筋草76.92g红花76.92g
尪痹颗粒,颗粒剂,补肝肾，强筋骨，祛风湿，通经络。用于肝肾不足、风湿阻络所致的尪痹，症见肌肉、关节疼痛，局部肿大，僵硬畸形，屈伸不利，腰膝酸软，畏寒乏力；类风湿性关节炎见上述证候者。,地黄196g熟地黄196g续断147g附片（黑顺片）147g独活98g骨碎补147g桂枝98g淫羊藿147g防风98g威灵仙147g皂角刺98g羊骨196.44g白芍117.67g狗脊（制）147g知母147g伸筋草98g红花98g
连花清瘟片,片剂,清瘟解毒，宣肺泄热。用于治疗流行性感冒属热毒袭肺证，症见发热，恶寒，肌肉酸痛，鼻塞流涕，咳嗽，头痛，咽干咽痛，舌偏红，苔黄或黄腻。,连翘255g金银花255g炙麻黄85g炒苦杏仁85g石膏255g板蓝根255g绵马贯众255g鱼腥草255g广藿香85g大黄51g红景天85g薄荷脑7.5g甘草85g
连花清瘟胶囊,胶囊剂,清瘟解毒，宣肺泄热。用于治疗流行性感冒属热毒袭肺证，症见发热，恶寒，肌肉酸痛，鼻塞流涕，咳嗽，头痛，咽干咽痛，舌偏红，苔黄或黄腻。,连翘255g金银花255g炙麻黄85g炒苦杏仁85g石膏255g板蓝根255g绵马贯众255g鱼腥草255g广藿香85g大黄51g红景天85g薄荷脑7.5g甘草85g
连花清瘟颗粒,颗粒剂,清瘟解毒，宣肺泄热。用于治疗流行性感冒属热毒袭肺证，症见发热，恶寒，肌肉酸痛，鼻塞流涕，咳嗽，头痛，咽干咽痛，舌偏红，苔黄或黄腻。,连翘170g金银花170g炙麻黄57g炒苦杏仁57g石膏170g板蓝根170g绵马贯众170g鱼腥草170g广藿香57g大黄34g红景天57g薄荷脑5.0g甘草57g
连苏胶囊,胶囊剂,清热燥湿，行气和胃。用于湿热中阻，见胃痛脘胀、呕恶纳呆，口苦粘腻，舌红苔黄腻、脉滑数者。,黄连650g紫苏叶430g
连参通淋片,片剂,清热祛湿，利水通淋。用于非淋菌性尿道炎的辅助治疗，中医辨证属于湿热下注者，症见尿频、尿急、尿痛，尿道红肿刺痒，尿道口有分泌物，舌红苔黄腻，脉濡数。,黄连360g苦参270g瞿麦270g川木通270g萹蓄270g栀子180g大黄240g丹参240g绵萆薢240g茯苓270g白术210g石菖蒲90g甘草90g
连蒲双清片,片剂,清热解毒，燥湿止痢。用于湿热蕴结所致的肠炎、痢疾；亦用于乳腺炎、疖肿、外伤发炎、胆囊炎。,盐酸小檗碱10g蒲公英浸膏188g
抗炎退热片,片剂,清热解毒，消肿散结。用于肺胃热盛所致的咽喉肿痛，疮痈疔疖，红肿热痛诸症。,蒲公英1064g黄芩1064g
抗骨增生丸,丸剂,补腰肾，强筋骨，活血止痛。用于骨性关节炎肝肾不足、瘀血阻络证，症见关节肿胀、麻木、疼痛、活动受限。,熟地黄210g酒肉苁蓉140g狗脊（盐制）140g女贞子（盐制）70g淫羊藿140g鸡血藤140g炒莱菔子70g骨碎补140g牛膝140g
抗骨增生胶囊,胶囊剂,补腰肾，强筋骨，活血止痛。用于骨性关节炎肝肾不足、瘀血阻络证，症见关节肿胀、麻木、疼痛、活动受限。,熟地黄175g酒肉苁蓉117g狗脊（盐制）117g女贞子（盐制）58g淫羊藿117g鸡血藤117g炒莱菔子58g骨碎补117g牛膝117g
抗骨髓炎片,片剂,清热解毒，散瘀消肿。用于热毒血瘀所致附骨疽，症见发热、口渴，局部红肿、疼痛、流脓；骨髓炎见上述证候者。,金银花500g蒲公英500g紫花地丁500g半枝莲500g白头翁500g白花蛇舌草500g
抗宫炎片,片剂,清热，祛湿，化瘀，止带。用于湿热下注所致的带下病，症见赤白带下、量多臭味；宫颈糜烂见上述证候者。,广东紫珠干浸膏167g益母草干浸膏44g乌药干浸膏39g
抗宫炎胶囊,胶囊剂,清热，祛湿，化瘀，止带。用于湿热下注所致的带下病，症见赤白带下、量多臭味；宫颈糜烂见上述证候者。,广东紫珠干浸膏334g益母草干浸膏88g乌药干浸膏78g
抗宫炎颗粒,颗粒剂,清热，祛湿，化瘀，止带。用于湿热下注所致的带下病，症见赤白带下、量多臭味；宫颈糜烂见上述证候者。,广东紫珠3306.6g益母草369.6g乌药421.2g
抗病毒口服液,口服液,清热祛湿，凉血解毒。用于风热感冒，温病发热及上呼吸道感染，流感、腮腺炎病毒感染疾患。,板蓝根128.57g石膏57.14g芦根60.71g地黄32.14g郁金25g知母25g石菖蒲25g广藿香28.57g连翘46.43g
抗感口服液,口服液,清热解毒。用于外感风热引起的感冒，症见发热、头痛、鼻塞、喷嚏、咽痛、全身乏力、酸痛。,金银花262.5g赤芍262.5g绵马贯众87.5g
抗感颗粒,颗粒剂,清热解毒。用于外感风热引起的感冒，症见发热、头痛、鼻塞、喷嚏、咽痛、全身乏力、酸痛。,金银花700g赤芍700g绵马贯众233g
护肝丸,丸剂,疏肝理气，健脾消食。具有降低转氨酶作用。用于慢性肝炎及早期肝硬化。,柴胡417.3g茵陈417.3g板蓝根417.3g五味子224g猪胆粉26.7g绿豆170.7g
护肝片,片剂,疏肝理气，健脾消食。具有降低转氨酶作用。用于慢性肝炎及早期肝硬化。,柴胡313g茵陈313g板蓝根313g五味子168g猪胆粉20g绿豆128g
护肝胶囊,胶囊剂,疏肝理气，健脾消食。具有降低转氨酶作用。用于慢性肝炎及早期肝硬化。,柴胡313g茵陈313g板蓝根313g五味子168g猪胆粉20g绿豆128g
护肝颗粒,颗粒剂,疏肝理气，健脾消食。具有降低转氨酶作用。用于慢性肝炎及早期肝硬化。,柴胡626g茵陈626g板蓝根626g五味子336g猪胆粉40g绿豆256g
护肝宁片,片剂,清热利湿退黄，舒肝化瘀止痛，降低丙氨酸转氨酶。用于湿热中阻、瘀血阻络所致的脘胁胀痛、口苦、黄疸、胸闷、纳呆；急、慢性肝炎见上述证候者。,垂盆草850g虎杖500g丹参250g灵芝200g
护肝宁胶囊,胶囊剂,清热利湿退黄，舒肝化瘀止痛，降低丙氨酸氨基转移酶。用于湿热中阻、瘀血阻络所致的脘胁胀痛、口苦、黄疸、胸闷、纳呆；急、慢性肝炎见上述证候者。,垂盆草850g虎杖500g丹参250g灵芝200g
男康片,片剂,益肾活血，清热解毒。用于肾虚血瘀、湿热蕴结所致的淋证，症见尿频、尿急、小腹胀满；慢性前列腺炎见上述证候者。,白花蛇舌草240g赤芍80g熟地黄96g肉苁蓉96g炙甘草48g蒲公英240g鹿衔草160g败酱草160g黄柏80g红花32g鱼腥草160g淫羊藿160g覆盆子160g白术80g黄芪80g菟丝子80g紫花地丁160g野菊花96g当归80g
牡荆油胶丸,丸剂,祛痰，止咳，平喘。用于慢性支气管炎。,牡荆油20g
利肝隆颗粒,颗粒剂,疏肝解郁，清热解毒，益气养血。用于肝郁湿热、气血两虚所致的两胁胀痛或隐痛、乏力、尿黄；急、慢性肝炎见上述证候者。,板蓝根400g茵陈83g郁金133g五味子133g甘草133g当归66.5g黄芪200g刺五加浸膏10g
利咽解毒颗粒,颗粒剂,清肺利咽，解毒退热。用于外感风热所致的咽痛、咽干、喉核红肿、两腮肿痛、发热恶寒；急性扁桃体炎、急性咽炎、腮腺炎见上述证候者。,板蓝根91.8g金银花91.8g连翘30.6g薄荷30.6g牛蒡子（炒）30.6g山楂（焦）91.8g桔梗30.6g大青叶91.8g僵蚕30.6g玄参91.8g黄芩45.9g地黄61.2g天花粉61.2g大黄30.6g浙贝母45.9g麦冬91.8g
利胆片,片剂,舒肝止痛，清热利湿。用于肝胆湿热所致的胁痛，症见胁肋及胃腹部疼痛、按之痛剧，大便不通，小便短赤，身热头痛，呕吐不食；胆道疾患见上述证候者。,大黄58g金银花58g金钱草58g木香96.5g知母58g大青叶58g柴胡58g白芍58g黄芩29g芒硝19g茵陈58g
利胆排石片,片剂,清热利湿，利胆排石。用于湿热蕴毒、腑气不通所致的胁痛、胆胀，症见胁肋胀痛、发热、尿黄、大便不通；胆囊炎、胆石症见上述证候者。,金钱草250g茵陈250g黄芩75g木香75g郁金75g大黄125g槟榔125g麸炒枳实50g芒硝25g姜厚朴50g
利胆排石颗粒,颗粒剂,清热利湿，利胆排石。用于湿热蕴毒、腑气不通所致的胁痛、胆胀，症见胁肋胀痛、发热、尿黄、大便不通；胆囊炎、胆石症见上述证候者。,金钱草420g茵陈420g黄芩126g木香126g郁金126g大黄210g槟榔210g麸炒枳实84g芒硝42g姜厚朴84g
利脑心胶囊,胶囊剂,活血祛瘀，行气化痰，通络止痛。用于气滞血瘀，痰浊阻络所致的胸痹刺痛、绞痛，固定不移，入夜更甚，心悸不宁，头晕头痛；冠心病、心肌梗死，脑动脉硬化、脑血栓见上述证候者。,丹参40g川芎30g粉葛30g地龙30g赤芍30g红花20g郁金3g制何首乌30g泽泻30g枸杞子30g炒酸枣仁20g远志30g九节菖蒲30g牛膝30g甘草20g
利鼻片,片剂,清热解毒，祛风开窍。用于风热蕴肺所致的伤风鼻塞、鼻渊、鼻流清涕或浊涕。,黄芩100g苍耳子150g辛夷100g薄荷75g白芷100g细辛25g蒲公英500g
利膈丸,丸剂,宽胸利膈，消积止痛。用于气滞不舒，胸膈胀满，脘腹疼痛，停饮。,炒莱菔子100g槟榔100g酒大黄100g姜厚朴50g山楂50g六神曲（炒）50g砂仁25g桔梗50g醋青皮50g麸炒枳壳50g麸炒麦芽50g木香50g陈皮50g麸炒苍术50g广藿香50g草果仁50g甘草50g
伸筋丹胶囊,胶囊剂,舒筋通络，活血祛瘀，消肿止痛。用于血瘀络阻引起的骨折后遗症、颈椎病、肥大性脊椎炎、慢性关节炎、坐骨神经痛、肩周炎。,地龙38.5g制马钱子27g红花27g乳香（醋炒）11.5g防己11.5g没药（醋炒）11.5g香加皮11.5g烫骨碎补11.5g
伸筋活络丸,丸剂,舒筋活络，祛风除湿，温经止痛。用于风寒湿邪、闭阻脉络所致的痹病，症见肢体关节冷痛、屈伸不利、手足麻木、半身不遂。,制马钱子72.5g制川乌10g制草乌10g木瓜10g当归12.5g川牛膝10g杜仲（炒炭）7.5g续断7.5g木香7.5g全蝎5g珍珠透骨草5g
快胃片,片剂,制酸和胃，收敛止痛。用于肝胃不和所致的胃脘疼痛、呕吐反酸、纳食减少；浅表性胃炎、胃及十二指肠溃疡、胃窦炎见上述证候者。,海螵蛸130g枯矾100g醋延胡索60g白及50g甘草13g
肝炎康复丸,丸剂,清热解毒，利湿化郁。用于肝胆湿热所致的黄疸，症见目黄身黄、胁痛乏力、尿黄口苦；急、慢性肝炎见上述证候者。,茵陈75g郁金75g板蓝根75g当归75g菊花75g金钱草75g丹参75g滑石75g拳参75g
肛泰软膏,膏剂,凉血止血，清热解毒，燥湿敛疮，消肿止痛。用于湿热瘀阻所引起的内痔、外痔、混合痔所出现的便血、肿胀、疼痛。,地榆炭72g盐酸小檗碱36g五倍子7g盐酸罂粟碱7g冰片7g
肠炎宁片,片剂,清热利湿，行气。用于大肠湿热所致的泄泻、痢疾，症见大便泄泻，或大便脓血、里急后重、腹痛腹胀；急慢性胃肠炎、腹泻、细菌性痢疾、小儿消化不良见上述证候者。,地锦草660g金毛耳草900g樟树根660g香薷330g枫香树叶330g
肠炎宁糖浆,糖浆剂,清热利湿，行气。用于大肠湿热所致的泄泻、痢疾，症见大便泄泻、或大便脓血、里急后重、腹痛腹胀；急慢性胃肠炎、腹泻、细菌性痢疾、小儿消化不良见上述证候者。,地锦草660g金毛耳草900g樟树根660g香薷330g枫香树叶330g
肠胃宁片,片剂,健脾益肾，温中止痛，涩肠止泻。用于脾肾阳虚所致的泄泻，症见大便不调、五更泄泻、时带黏液，伴腹胀腹痛、胃脘不舒、小腹坠胀；慢性结肠炎、溃疡性结肠炎、肠功能紊乱见上述证候者。,党参96g白术64g黄芪96g赤石脂190g姜炭38g木香38g砂仁38g补骨脂96g葛根96g防风38g白芍64g延胡索64g当归64g儿茶32g罂粟壳38g炙甘草64g
肠胃适胶囊,胶囊剂,清热解毒、利湿止泻。用于大肠湿热所致的泄泻、痢疾，症见腹痛、腹泻，或里急后重、便下脓血；急性胃肠炎、痢疾见上述证候者。,功劳木1000g鸡骨香250g黄连须375g葛根200g救必应250g凤尾草375g两面针250g防己25g
肠康片,片剂,清热燥湿，理气止痛。用于大肠湿热所致的泄泻、痢疾，症见腹痛泄泻，或里急后重、大便脓血。,盐酸小檗碱50g木香313g制吴茱萸125g
龟鹿二仙膏,膏剂,温肾益精，补气养血。用于肾虚精亏所致的腰膝酸软、遗精、阳痿。,龟甲250g鹿角250g党参47g枸杞子94g
龟鹿补肾丸,丸剂,补肾壮阳，益气血，壮筋骨。用于肾阳虚所致的身体虚弱、精神疲乏、腰腿酸软、头晕目眩、精冷、性欲减退、小便夜多、健忘、失眠。,盐菟丝子51g淫羊藿（蒸）43g续断（盐蒸）43g锁阳（蒸）51g狗脊（盐蒸）64g酸枣仁（炒）43g制何首乌64g炙甘草21g陈皮（蒸）21g鹿角胶（炒）9g熟地黄64g龟甲胶（炒）13g金樱子（蒸）51g炙黄芪43g山药（炒）43g覆盆子（蒸）85g
辛夷鼻炎丸,丸剂,祛风宣窍，清热解毒。用于风热上攻、热毒蕴肺所致的鼻塞、鼻流清涕或浊涕、发热、头痛；慢性鼻炎、过敏性鼻炎、神经性头痛见上述证候者。,辛夷42g薄荷433g紫苏叶317g甘草215g广藿香433g苍耳子1111g鹅不食草209g板蓝根650g山白芷433g防风313g鱼腥草150g菊花433g三叉苦433g
辛芩片,片剂,益气固表，祛风通窍。用于肺气不足、风邪外袭所致的鼻痒、喷嚏、流清涕、易感冒；过敏性鼻炎见上述证候者。,细辛333g黄芩333g荆芥333g防风333g白芷333g苍耳子333g黄芪333g白术333g桂枝333g石菖蒲333g
辛芩颗粒,颗粒剂,益气固表，祛风通窍。用于肺气不足、风邪外袭所致的鼻痒、喷嚏、流清涕，易感冒；过敏性鼻炎见上述证候者。,细辛200g黄芩200g荆芥200g防风200g白芷200g苍耳子200g黄芪200g白术200g桂枝200g石菖蒲200g
沈阳红药胶囊,胶囊剂,活血止痛，祛瘀生新。用于跌打损伤，筋骨肿痛，亦可用于血瘀络阻的风湿麻木。,三七101g川芎23.7g白芷23.7g当归23.7g土鳖虫23.7g红花23.7g延胡索27g
沉香化气丸,丸剂,理气疏肝，消积和胃。用于肝胃气滞，脘腹胀痛，胸膈痞满，不思饮食，嗳气泛酸。,沉香25g木香50g广藿香100g醋香附50g砂仁50g陈皮50g醋莪术100g六神曲（炒）100g炒麦芽100g甘草50g
良附丸,丸剂,温胃理气。用于寒凝气滞，脘痛吐酸，胸腹胀满。,高良姜500g醋香附500g
启脾口服液,口服液,健脾和胃。用于脾胃虚弱，消化不良，腹胀便溏。,人参20g麸炒白术20g茯苓20g甘草10g陈皮10g山药20g炒莲子20g炒山楂10g炒六神曲16g炒麦芽10g泽泻10g
启脾丸,丸剂,健脾和胃。用于脾胃虚弱，消化不良，腹胀便溏。,人参100g麸炒白术100g茯苓100g甘草50g陈皮50g山药100g莲子（炒）100g炒山楂50g六神曲（炒）80g炒麦芽50g泽泻50g
补中益气丸,丸剂,补中益气，升阳举陷。用于脾胃虚弱、中气下陷所致的泄泻、脱肛、阴挺，症见体倦乏力、食少腹胀、便溏久泻、肛门下坠或脱肛、子宫脱垂。,炙黄芪200g党参60g炙甘草100g炒白术60g当归60g升麻60g柴胡60g陈皮60g
补中益气丸（水丸）,丸剂,补中益气，升阳举陷。用于脾胃虚弱、中气下陷所致的泄泻、脱肛、阴挺，症见体倦乏力、食少腹胀、便溏久泻、肛门下坠或脱肛、子宫脱垂。,炙黄芪200g党参60g炙甘草100g炒白术60g当归60g升麻60g柴胡60g陈皮60g
补中益气合剂,口服液,补中益气，升阳举陷。用于脾胃虚弱、中气下陷所致的泄泻、脱肛、阴挺，症见体倦乏力、食少、腹胀、便溏久泻、肛门下坠或脱肛、子宫脱垂。,炙黄芪280g党参84g炙甘草140g炒白术84g当归84g升麻84g柴胡84g陈皮84g
补中益气颗粒,颗粒剂,补中益气，升阳举陷。用于脾胃虚弱、中气下陷所致的泄泻、脱肛、阴挺，症见体倦乏力、食少腹胀、便溏久泻、肛门下坠或脱肛、子宫脱垂。,炙黄芪557g党参166.5g炙甘草277g当归166.5g炒白术166.5g升麻166.5g柴胡166.5g陈皮166.5g生姜57g大枣110g
补心气口服液,口服液,补益心气，理气止痛。用于气短、心悸、乏力、头晕、心气虚损型胸痹心痛。,黄芪500g人参100g石菖蒲333g薤白200g
补白颗粒,颗粒剂,健脾温肾。用于慢性白细胞减少症属脾肾不足者。,补骨脂100g白扁豆165g淫羊藿100g丹参100g柴胡100g黑豆335g赤小豆335g苦参100g
补血生乳颗粒,颗粒剂,益气补血，通络生乳。用于气血亏虚所致的产后缺乳症。症见产后气血不足，乳汁少、甚或全无、乳汁清稀、乳房柔软。,黄芪937g当归625g白芍375g茯苓375g炒王不留行375g川芎250g枳壳250g桔梗250g甘草188g
补血安神胶囊,胶囊剂,益肾，补气，养血。用于肾虚兼气虚之头晕耳鸣，腰膝酸软，神疲乏力。,菟丝子48g女贞子48g桑椹40g人参40g黄芪40g当归40g酸枣仁40g五味子32g枸杞子32g川木通20g车前子20g
补肾养血丸,丸剂,补肝肾，益精血。用于身体虚弱，血气不足，遗精，须发早白。,何首乌80g当归20g黑豆40g牛膝（盐制）20g茯苓20g菟丝子20g盐补骨脂10g枸杞子20g
补肾益脑丸,丸剂,补肾生精，益气养血。用于肾虚精亏、气血两虚所致的心悸、气短、失眠、健忘、遗精、盗汗、腰腿酸软、耳鸣耳聋。,鹿茸（去毛）14.4g红参94g茯苓91g麸炒山药91g熟地黄194g当归91g川芎70g盐补骨脂70g牛膝70g枸杞子72g玄参70g麦冬91g五味子70g炒酸枣仁91g远志91g朱砂24g
补肾益脑片,片剂,补肾生精，益气养血。用于肾虚精亏、气血两虚所致的心悸、气短、失眠、健忘、遗精、盗汗、腰腿酸软、耳鸣耳聋。,鹿茸（去毛）6g红参39g茯苓38g山药（炒）38g熟地黄81g当归38g川芎29g盐补骨脂29g牛膝29g枸杞子30g玄参29g麦冬38g五味子29g炒酸枣仁38g远志（蜜炙）38g朱砂10g
补肾益精丸,丸剂,滋肾填精，补髓养血。用于肾精不足，头晕目眩，腰膝酸软，遗精梦泄。,女贞子150g菟丝子（酒炒）300g墨旱莲150g醋南五味子150g桑椹150g覆盆子150g酒苁蓉150g熟地黄150g
补肺活血胶囊,胶囊剂,益气活血，补肺固肾。用于肺心病（缓解期）属气虚血瘀证，症见咳嗽气促，或咳喘胸闷，心悸气短，肢冷乏力，腰膝酸软，口唇紫绀，舌淡苔白或舌紫暗。,黄芪720g赤芍720g补骨脂360g
补益地黄丸,丸剂,滋阴补气，益肾填精。用于脾肾两虚，腰痛脚重，四肢浮肿，行步艰难，疲乏无力。,熟地黄160g盐车前子50g菟丝子50g诃子（去核）20g麸炒枳壳50g地骨皮30g牛膝160g茯苓30g
补益蒺藜丸,丸剂,健脾补肾，益气明目。用于脾肾不足，眼目昏花，视物不清，腰酸气短。,炙黄芪150g炒白术150g山药100g茯苓50g白扁豆50g麸炒芡实50g当归100g沙苑子500g菟丝子100g陈皮50g
补虚通瘀颗粒,颗粒剂,益气补虚，活血通络。用于气虚血瘀所致动脉硬化，冠心病。,红参86.4g黄芪343.2g刺五加343.2g赤芍172.8g丹参86.4g桂枝50.4g
补脾益肠丸,丸剂,益气养血，温阳行气，涩肠止泻。用于脾虚气滞所致的泄泻，症见腹胀疼痛、肠鸣泄泻、黏液血便；慢性结肠炎、溃疡性结肠炎、过敏性结肠炎见上述证候者。,外层∶黄芪20g米炒党参15g砂仁6g白芍30g当归（土炒）5g白术（土炒）10g肉桂3g内层∶醋延胡索10g荔枝核10g炮姜6g炙甘草10g防风12g木香10g盐补骨脂10g煅赤石脂30g
灵丹草颗粒,颗粒剂,清热疏风，解毒利咽，止咳祛痰。用于风热邪毒，咽喉肿痛及肺热咳嗽；急性咽炎、扁桃体炎、上呼吸道感染见上述证候者。,臭灵丹草1667g
灵宝护心丹,丹剂,强心益气，通阳复脉，芳香开窍，活血镇痛。用于气虚血瘀所致的胸痹，症见胸闷气短、心前区疼痛、脉结代；心动过缓型病态窦房结综合征及冠心病心绞痛、心律失常见上述证候者。,人工麝香4g蟾酥42g人工牛黄150g冰片48g红参240g三七240g琥珀120g丹参400g苏合香100ml
灵泽片,片剂,益肾活血，散结利水。用于轻、中度良性前列腺增生肾虚血瘀湿阻证出现的尿频，排尿困难，尿线变细，淋漓不尽，腰膝酸软。,乌灵菌粉250g莪术1000g浙贝母667g泽泻500g
灵莲花颗粒,颗粒剂,养阴安神，交通心肾。用于围绝经期综合征属心肾不交者，症见烘热汗出，失眠，心烦不宁，心悸，多梦易惊，头晕耳鸣，腰膝酸痛，大便干燥，舌红苔薄，脉细弦。,乌灵菌粉250g栀子375g女贞子625g墨旱莲625g百合375g玫瑰花188g益母草625g远志188g
局方至宝散,散剂,清热解毒，开窍镇惊。用于热病属热入心包、热盛动风证，症见高热惊厥、烦躁不安、神昏谵语及小儿急热惊风。,水牛角浓缩粉200g牛黄50g玳瑁100g人工麝香10g朱砂100g雄黄100g琥珀100g安息香150g冰片10g
尿感宁颗粒,颗粒剂,清热解毒，利尿通淋。用于膀胱湿热所致淋症，症见尿频、尿急、尿道涩痛、尿色偏黄、小便淋漓不尽等；急、慢性尿路感染见上述证候者。,海金沙藤167g连钱草167g凤尾草167g葎草167g紫花地丁167g
尿塞通片,片剂,理气活血，通淋散结。用于气滞血瘀、下焦湿热所致的轻、中度癃闭，症见排尿不畅、尿流变细、尿频、尿急；前列腺增生见上述证候者。,丹参144g泽兰48g桃仁48g红花144g赤芍48g白芷96g陈皮96g泽泻144g王不留行144g败酱草240g川楝子96g盐小茴香96g盐关黄柏144g
阿胶三宝膏,膏剂,补气血，健脾胃。用于气血两亏、脾胃虚弱所致的心悸、气短、崩漏、浮肿、食少。,阿胶90g大枣300g黄芪300g
阿胶补血口服液,口服液,补益气血，滋阴润肺。用于气血两虚所致的久病体弱、目昏、虚劳咳嗽。,阿胶62.5g熟地黄125g党参125g黄芪62.5g枸杞子62.5g白术62.5g
阿胶补血膏,膏剂,补益气血，滋阴润肺。用于气血两虚所致的久病体弱、目昏、虚劳咳嗽。,阿胶50g熟地黄100g党参100g黄芪50g枸杞子50g白术50g
附子理中丸,丸剂,温中健脾。用于脾胃虚寒，脘腹冷痛，呕吐泄泻，手足不温。,附子（制）100g党参200g炒白术150g干姜100g甘草100g
附子理中片,片剂,温中健脾，用于脾胃虚寒，脘腹冷痛，呕吐泄泻，手足不温。,附子（制）67g党参133g炒白术100g干姜67g甘草67g
附桂骨痛片,片剂,温阳散寒，益气活血，消肿止痛。用于阳虚寒湿所致的颈椎及膝关节增生性关节炎。症见骨关节疼痛、屈伸不利、麻木肿胀、遇热则减、畏寒肢冷。,附子（制）222g制川乌111g肉桂56g党参167g当归167g炒白芍167g淫羊藿167g醋乳香111g
附桂骨痛胶囊,胶囊剂,温阳散寒，益气活血，消肿止痛。用于阳虚寒湿所致的颈椎及膝关节增生性关节炎。症见骨关节疼痛、屈伸不利、麻木肿胀、遇热则减、畏寒肢冷。,附子（制）222g制川乌111g肉桂56g党参167g当归167g炒白芍167g淫羊藿167g醋乳香111g
附桂骨痛颗粒,颗粒剂,温阳散寒，益气活血，消肿止痛。用于阳虚寒湿所致的颈椎及膝关节增生性关节炎。症见骨关节疼痛、屈伸不利、麻木肿胀、遇热则减、畏寒肢冷。,附子（制）266g制川乌133g肉桂67g党参200g当归200g炒白芍200g淫羊藿200g醋乳香133g
妙灵丸,丸剂,清热化痰，散风镇惊。用于外感风热夹痰所致的感冒，症见咳嗽发烧、头痛眩晕，咳嗽、呕吐痰涎、鼻干口燥、咽喉肿痛。,川贝母80g羌活60g玄参80g木通60g薄荷60g赤芍60g制天南星60g地黄80g葛根60g桔梗60g清半夏60g钩藤60g橘红80g前胡60g冰片10g朱砂50g羚羊角5g水牛角浓缩粉10g
妙济丸,丸剂,补益肝肾，祛湿通络，活血止痛。用于肝肾不足、风湿瘀阻所致的痹病，症见骨节疼痛、腰膝酸软、肢体麻木拘挛。,黑木耳（醋制）300g当归32g酒白芍10g川芎12g木瓜16g盐杜仲20g续断32g川牛膝（酒蒸）32g苍术32g盐小茴香8g木香6g丁香6g母丁香6g乳香（制）8g茯苓50g土茯苓32g龟甲（制）50g
纯阳正气丸,丸剂,温中散寒。用于暑天感寒受湿，腹痛吐泻，胸膈胀满，头痛恶寒，肢体酸重。,广藿香100g姜半夏100g木香100g陈皮100g丁香100g肉桂100g苍术100g白术100g茯苓100g朱砂10g硝石10g硼砂6g雄黄6g煅金礞石4g麝香3g冰片3g
驴胶补血颗粒,颗粒剂,补血，益气，调经。用于久病气血两虚所致的体虚乏力、面黄肌瘦、头晕目眩、月经过少、闭经。,阿胶108g黄芪90g党参90g熟地黄60g白术45g当归30g
青叶胆片,片剂,清肝利胆，清热利湿。用于黄疸尿赤，热淋涩痛。,青叶胆1570g
青果丸,丸剂,清热利咽，消肿止痛。用于肺胃蕴热所致的咽部红肿、咽痛、失音声哑、口干舌燥、干咳少痰。,青果100g金银花100g黄芩100g北豆根100g麦冬100g玄参100g白芍100g桔梗100g
青娥丸,丸剂,补肾强腰。用于肾虚腰痛，起坐不利，膝软乏力。,盐杜仲480g盐补骨脂240g核桃仁（炒）150g大蒜120g
表实感冒颗粒,颗粒剂,发汗解表，祛风散寒。用于感冒风寒表实证，症见恶寒重发热轻、无汗、头项强痛、鼻流清涕、咳嗽、痰白稀。,紫苏叶150g葛根150g白芷100g麻黄100g防风150g桔梗100g桂枝150g甘草100g陈皮100g生姜83.3g炒苦杏仁100g
表虚感冒颗粒,颗粒剂,散风解肌，和营退热。用于感冒风寒表虚证，症见发热恶风、有汗、头痛项强、咳嗽痰白、鼻鸣干呕、苔薄白、脉浮缓。,桂枝225g葛根225g白芍225g炒苦杏仁225g生姜75g大枣150g
苦甘颗粒,颗粒剂,疏风清热，宣肺化痰，止咳平喘。用于风热感冒及风温肺热引起的恶风、发热、头痛、咽痛、咳嗽、咳痰、气喘；上呼吸道感染、流行性感冒、急性气管-支气管炎见上述证候者。,麻黄250g薄荷208g蝉蜕208g金银花625g黄芩500g苦杏仁375g桔梗250g浙贝母250g甘草208g
苦参片,片剂,清热燥湿，杀虫。用于湿热蕴蓄下焦所致之痢疾，肠炎，热淋及阴肿阴痒，湿疹，湿疮等。,苦参1000g
苦参软膏,膏剂,清热燥湿，杀虫止痒。用于湿热下注所致的带下、阴痒。症见带下量多，质稠如豆腐渣样或黄色泡沫样，其气腥臭，阴道潮红、肿胀，外阴瘙痒，甚则痒痛，尿频急涩痛，口苦粘腻，大便秘结或溏而不爽，小便黄赤；霉菌性阴道炎和滴虫性阴道炎见上述证候者。,苦参总碱66.7g
坤宁口服液,口服液,活血行气，止血调经。用于气滞血瘀所致的妇女月经过多，经期延长。,益母草150g当归150g赤芍150g丹参150g郁金100g牛膝150g枳壳100g木香50g荆芥炭100g姜炭50g茜草100g
坤宝丸,丸剂,滋补肝肾，养血安神。用于肝肾阴虚所致绝经前后诸证，症见烘热汗出、心烦易怒、少寐健忘、头晕耳鸣、口渴咽干、四肢酸楚；更年期综合征见上述证候者。,酒女贞子30g覆盆子20g菟丝子20g枸杞子20g制何首乌20g龟甲15g地骨皮30g南沙参30g麦冬20g炒酸枣仁10g地黄30g白芍60g赤芍30g当归20g鸡血藤60g珍珠母60g石斛30g菊花30g墨旱莲40g桑叶20g白薇30g知母30g黄芩30g
坤泰胶囊,胶囊剂,滋阴清热，安神除烦。用于绝经期前后诸证阴虚火旺者，症见潮热面红、自汗盗汗、心烦不宁、失眠多梦、头晕耳鸣、腰膝酸软、手足心热；妇女卵巢功能衰退、更年期综合征见上述证候者。,熟地黄600g黄连300g白芍300g黄芩300g阿胶100g茯苓100g
枇杷止咳软胶囊,软胶囊,止咳化痰。用于痰热蕴肺所致的咳嗽、咯痰；支气管炎见上述证候者。,枇杷叶342g百部75g罂粟壳250g白前45g桑白皮30g桔梗28.5g薄荷脑0.8g
枇杷止咳胶囊,胶囊剂,止嗽化痰。用于痰热蕴肺所致的咳嗽、咯痰；支气管炎见上述证候者。,枇杷叶342g罂粟壳250g百部75g白前45g桑白皮30g桔梗29g薄荷脑0.8g
枇杷止咳颗粒,颗粒剂,止嗽化痰。用于痰热蕴肺所致的咳嗽、咯痰；支气管炎见上述证候者。,枇杷叶228g罂粟壳167g百部50g白前30g桑白皮20g桔梗19g薄荷脑0.53g
枇杷叶膏,膏剂,清肺润燥，止咳化痰。用于肺热燥咳，痰少咽干。,枇杷叶5000g
板蓝大青片,片剂,清热解毒，凉血消肿。用于流行性乙型脑炎、流感、流行性腮腺炎、传染性肝炎及麻疹等病毒性疾病见热毒内盛证候者。,板蓝根1500g大青叶2250g
板蓝根茶,茶剂,清热解毒，凉血利咽。用于肺胃热盛所致的咽喉肿痛、口咽干燥、腮部肿胀；急性扁桃体炎、腮腺炎见上述证候者。,板蓝根1400g
板蓝根颗粒,颗粒剂,清热解毒，凉血利咽。用于肺胃热盛所致的咽喉肿痛、口咽干燥、腮部肿胀；急性扁桃体炎、腮腺炎见上述证候者。,板蓝根1400g
松龄血脉康胶囊,胶囊剂,平肝潜阳，镇心安神。用于肝阳上亢所致的头痛、眩晕、急躁易怒、心悸、失眠；高血压病及原发性高脂血症见上述证候者。,鲜松叶3600g葛根600g珍珠层粉90g
刺五加片,片剂,益气健脾，补肾安神。用于脾肾阳虚，体虚乏力，食欲不振，腰膝酸痛，失眠多梦。,刺五加浸膏150g
刺五加胶囊,胶囊剂,益气健脾，补肾安神。用于脾肾阳虚，体虚乏力，食欲不振，腰膝酸痛，失眠多梦。,刺五加浸膏150g
刺五加颗粒,颗粒剂,益气健脾，补肾安神。用于脾肾阳虚，体虚乏力，食欲不振，腰膝酸痛，失眠多梦。,刺五加浸膏50g
刺五加脑灵合剂,口服液,健脾补肾，宁心安神。用于心脾两虚、脾肾不足所致的心神不宁、失眠多梦、健忘、倦怠乏力、食欲不振。,刺五加浸膏25g五味子流浸膏25ml
枣仁安神胶囊,胶囊剂,养血安神。用于心血不足所致的失眠、健忘、心烦、头晕；神经衰弱症见上述证候者。,炒酸枣仁1425g丹参285g醋五味子285g
枣仁安神颗粒,颗粒剂,养血安神。用于心血不足所致的失眠、健忘、心烦、头晕；神经衰弱症见上述证候者。,炒酸枣仁1425g丹参285g醋五味子285g
郁金银屑片,片剂,疏通气血，软坚消积，清热解毒，燥湿杀虫。用于银屑病（牛皮癣）。,秦艽30g当归30g石菖蒲30g关黄柏30g香附（酒炙）30g郁金（醋炙）30g醋莪术30g雄黄30g马钱子粉30g皂角刺30g桃仁30g红花30g乳香（醋炙）30g硇砂12g玄明粉18g大黄18g土鳖虫36g青黛24g木鳖子24g
抱龙丸,丸剂,祛风化痰，健脾和胃。用于脾胃不和、风热痰内蕴所致的腹泻，症见食乳不化、恶心呕吐、大便稀、有不消化食物。,茯苓50g赤石脂25g广藿香38g法半夏31g陈皮25g厚朴25g薄荷31g紫苏叶31g僵蚕（姜炙）31g山药25g天竺黄38g檀香25g白芷25g砂仁25g防风31g荆芥38g白附子31g独活31g白芍25g诃子（去核）25g荜茇25g炒白术38g川芎（酒蒸）31g木香25g朱砂47g天麻25g香附（四制）25g
拨云退翳丸,丸剂,散风清热，退翳明目。用于风热上扰所致的目翳外障、视物不清、隐痛流泪。,密蒙花80g蒺藜（盐炙）60g菊花20g木贼80g蛇蜕12g蝉蜕20g荆芥穗40g蔓荆子80g薄荷20g当归60g川芎60g黄连20g地骨皮40g花椒28g楮实子20g天花粉24g甘草12g
软脉灵口服液,口服液,滋补肝肾，益气活血。用于肝肾阴虚、气虚血瘀所致的头晕、失眠、胸闷、胸痛、心悸、气短、乏力；早期脑动脉硬化，冠心病，心肌炎，中风后遗症见上述证候者。,熟地黄80g五味子10g枸杞子80g牛膝40g茯苓40g制何首乌80g白芍40g柏子仁40g远志20g炙黄芪80g陈皮10g淫羊藿20g当归40g川芎40g丹参80g人参6g
齿痛消炎灵颗粒,颗粒剂,疏风清热，凉血止痛。用于脾胃积热、风热上攻所致的头痛身热、口干口臭、便秘燥结、牙龈肿痛；急性齿根尖周炎、智齿冠周炎、急性牙龈（周）炎、急性牙髓炎见上述证候者。,石膏200g荆芥80g防风80g青皮100g牡丹皮100g地黄150g青黛100g细辛60g白芷50g甘草60g
肾炎四味片,片剂,清热利尿，补气健脾。用于湿热内蕴兼气虚所致的水肿，症见浮肿、腰痛、乏力、小便不利；慢性肾炎见上述证候者。,细梗胡枝子2083g黄芩375g石韦500g黄芪500g
肾炎消肿片,片剂,健脾渗湿，通阳利水。用于脾虚气滞、水湿内停所致的水肿，症见肢体浮肿、晨起面肿甚、按之凹陷、身体重倦、尿少、脘腹胀满、舌苔白腻、脉沉缓；急、慢性肾炎见上述证候者。,桂枝129g泽泻129g陈皮129g香加皮129g苍术129g茯苓129g姜皮129g大腹皮129g关黄柏129g椒目86g冬瓜皮129g益母草129g
肾炎舒片,片剂,益肾健脾，利水消肿。用于脾肾阳虚、水湿内停所致的水肿，症见浮肿、腰痛、乏力、怕冷、夜尿多；慢性肾炎见上述证候者。,苍术125g茯苓150g白茅根125g防己75g人参（去芦）50g黄精75g菟丝子75g枸杞子75g金银花125g蒲公英150g
肾炎解热片,片剂,疏风解热，宣肺利水。用于风热犯肺所致的水肿，症见发热恶寒、头面浮肿、咽喉干痛、肢体酸痛、小便短赤、舌苔薄黄、脉浮数；急性肾炎见上述证候者。,白茅根450.45g连翘180.18g荆芥135.14g炒苦杏仁135.14g陈皮135.14g大腹皮135.14g盐泽泻135.14g茯苓135.14g桂枝45.04g车前子（炒）135.14g赤小豆225.23g石膏225.23g蒲公英180.18g蝉蜕90.09g
肾炎康复片,片剂,益气养阴，健脾补肾，清解余毒。用于气阴两虚，脾肾不足，水湿内停所致的水肿，症见神疲乏力，腰膝酸软，面目、四肢浮肿，头晕耳鸣；慢性肾炎、蛋白尿、血尿见上述证候者。,西洋参17.4g人参5.8g地黄58.1g盐杜仲34.9g山药58.1g白花蛇舌草29.1g黑豆58.1g土茯苓58.1g益母草58.1g丹参29.1g泽泻29.1g白茅根87.2g桔梗58.1g
肾宝合剂,口服液,温补肾阳，固精益气。用于肾阳亏虚、精气不足所致的阳痿遗精、腰腿酸痛、精神不振、夜尿频多、畏寒怕冷、月经过多，白带清稀。,蛇床子28g川芎28.3g菟丝子66g补骨脂28.5g茯苓30g红参20g小茴香14.4g五味子36g金樱子94.6g白术14.2g当归46.8g覆盆子32.9g制何首乌74.4g车前子16.5g熟地黄94g枸杞子66g山药46.3g淫羊藿94.6g胡芦巴94g黄芪51.4g肉苁蓉47.3g炙甘草14.2g
肾宝糖浆,糖浆剂,温补肾阳，固精益气。用于肾阳亏虚、精气不足所致的阳痿遗精、腰腿酸痛、精神不振、夜尿频多、畏寒怕冷，月经过多，白带清稀。,蛇床子28g菟丝子66g茯苓30g小茴香14.4g金樱子94.6g当归46.8g制何首乌74.4g熟地黄94g山药46.3g胡芦巴94g肉苁蓉47.3g川芎28.3g补骨脂28.5g红参20g五味子36g白术14.2g覆盆子32.9g车前子16.5g枸杞子66g淫羊藿94.6g黄芪51.4g炙甘草14.2g
肾复康胶囊,胶囊剂,清热利尿，益肾化浊。用于热淋涩痛，急性肾炎水肿，慢性肾炎急性发作。,土茯苓366g槐花93g白茅根366g益母草93g广藿香28g
肾衰宁胶囊,胶囊剂,益气健脾，活血化瘀，通腑泄浊。用于脾胃气虚、浊瘀内阻、升降失调所致的面色萎黄、腰痛倦怠、恶心呕吐、食欲不振、小便不利、大便黏滞；慢性肾功能不全见上述证候者。,太子参250g大黄400g茯苓200g法半夏250g陈皮100g黄连100g丹参700g红花100g牛膝200g甘草100g
肾康宁片,片剂,补脾温肾，渗湿活血。用于脾肾阳虚、血瘀湿阻所致的水肿，症见浮肿、乏力、腰膝冷痛；慢性肾炎见上述证候者。,黄芪360g丹参300g茯苓300g泽泻180g益母草450g淡附片180g锁阳300g山药50g
肾康宁胶囊,胶囊剂,补脾温肾，渗湿活血。用于脾肾阳虚、血瘀湿阻所致的水肿，症见浮肿、乏力、腰膝冷痛；慢性肾炎见上述证候者。,黄芪360g丹参300g茯苓300g泽泻180g益母草450g淡附片180g锁阳300g山药50g
肾康宁颗粒,颗粒剂,补脾温肾，渗湿活血。用于脾肾阳虚、血瘀湿阻所致的水肿，症见浮肿、乏力、腰膝冷痛；慢性肾炎见上述证候者。,黄芪360g丹参300g茯苓300g泽泻180g益母草450g淡附片180g锁阳300g山药50g
昆明山海棠片,片剂,祛风除湿，舒筋活络，清热解毒。用于类风湿性关节炎，红斑狼疮。,昆明山海棠2500g
明目上清片,片剂,清热散风，明目止痛。用于外感风热所致的暴发火眼、红肿作痛、头晕目眩、眼边刺痒、大便燥结、小便赤黄。,桔梗70g熟大黄70g天花粉44g石膏44g麦冬44g玄参70g栀子44g蒺藜44g蝉蜕44g甘草44g陈皮70g菊花70g车前子44g当归44g黄芩70g赤芍44g黄连70g枳壳70g薄荷脑0.22g连翘44g荆芥油0.11ml
明目地黄丸,丸剂,滋肾，养肝，明目。用于肝肾阴虚，目涩畏光，视物模糊，迎风流泪。,熟地黄160g酒萸肉80g牡丹皮60g山药80g茯苓60g泽泻60g枸杞子60g菊花60g当归60g白芍60g蒺藜60g煅石决明80g
明目地黄丸（浓缩丸）,丸剂,滋肾、养肝、明目。用于肝肾阴虚，目涩畏光，视物模糊，迎风流泪。,熟地黄160g酒萸肉80g牡丹皮60g山药80g茯苓60g泽泻60g枸杞子60g菊花60g当归60g白芍60g蒺藜60g煅石决明80g
固本咳喘片,片剂,益气固表，健脾补肾。用于脾虚痰盛、肾气不固所致的咳嗽、痰多、喘息气促、动则喘剧；慢性支气管炎、肺气肿、支气管哮喘见上述证候者。,党参151g白术（麸炒）151g茯苓100g麦冬151g盐补骨脂151g炙甘草75g醋五味子75g
固本统血颗粒,颗粒剂,温肾健脾，填精益气。用于阳气虚损、血失固摄所致的紫斑，症见畏寒肢冷，腰酸乏力，尿清便溏，皮下紫斑，其色淡暗。亦可用于轻型原发性血小板减少性紫癜见上述证候者。,锁阳125g菟丝子150g肉桂25g巴戟天125g黄芪187.5g山药187.5g附子62.5g枸杞子150g党参187.5g淫羊藿187.5g
固本益肠片,片剂,健脾温肾、涩肠止泻。用于脾肾阳虚所致的泄泻，症见腹痛绵绵、大便清稀或有黏液及黏液血便、食少腹胀、腰酸乏力、形寒肢冷、舌淡苔白、脉虚；慢性肠炎见上述证候者。,党参50g麸炒白术20g补骨脂35g麸炒山药50g黄芪70g炮姜15g酒当归35g炒白芍35g醋延胡索35g煨木香15g地榆炭35g煅赤石脂15g儿茶30g炙甘草15g
固肾定喘丸,丸剂,温肾纳气，健脾化痰。用于肺脾气虚、肾不纳气所致的咳嗽、气喘、动则尤甚；慢性支气管炎、肺气肿、支气管哮喘见上述证候者。,熟地黄72g附片（黑顺片）78g牡丹皮52g牛膝104g盐补骨脂156g砂仁42g车前子104g茯苓104g盐益智仁52g肉桂52g山药104g泽泻78g金樱子肉52g
固肠止泻胶囊,胶囊剂,调和肝脾，涩肠止痛。用于肝脾不和，泻痢腹痛；慢性非特异性溃疡性结肠炎见上述证候者。,乌梅475g黄连152g干姜152g木香113g罂粟壳113g延胡索113g
固经丸,丸剂,滋阴清热，固经止带。用于阴虚血热，月经先期，经血量多、色紫黑，赤白带下。,盐关黄柏300g酒黄芩200g麸炒椿皮150g醋香附150g炒白芍300g醋龟甲400g
罗布麻茶,茶剂,平肝安神，清热利水。用于肝阳眩晕，心悸失眠，浮肿尿少；高血压病，神经衰弱，肾炎浮肿。,罗布麻叶3000g
帕朱丸,丸剂,健胃散寒，除痰，破痞瘤，养荣强壮。用于剑突痰病，胃痞瘤木布病引起的消化不良、胃胀、胃烧泛酸、胃肝不适。,寒水石（酒制）200g肉桂80g石榴子130g胡椒40g干姜70g红花100g诃子（去核）150g豆蔻40g荜茇40g光明盐30g木香80g
败毒散,散剂,发汗解表，散风祛湿。用于外感热病，憎寒壮热，项强头痛，四肢酸痛，噤口痢疾，无汗鼻塞，咳嗽有痰。,党参100g茯苓100g枳壳100g甘草50g川芎100g羌活100g独活100g柴胡100g前胡100g桔梗100g
垂盆草颗粒,颗粒剂,清热解毒，活血利湿。用于急、慢性肝炎湿热瘀结证。,鲜垂盆草20000g
知柏地黄丸,丸剂,滋阴降火。用于阴虚火旺，潮热盗汗，口干咽痛，耳鸣遗精，小便短赤。,知母40g黄柏40g熟地黄160g山茱萸（制）80g牡丹皮60g山药80g茯苓60g泽泻60g
知柏地黄丸（浓缩丸）,丸剂,滋阴降火。用于阴虚火旺，潮热盗汗，口干咽痛，耳鸣遗精，小便短赤。,知母25.9g黄柏25.9g熟地黄103.4g山茱萸（制）51.7g牡丹皮38.8g山药51.7g茯苓38.8g泽泻38.8g
和中理脾丸,丸剂,健脾和胃，理气化湿。用于脾胃不和所致的痞满、泄泻，症见胸膈痞满、脘腹胀闷、恶心呕吐、不思饮食、大便不调。,党参24g麸炒白术72g苍术（米泔炙）48g茯苓48g甘草12g陈皮96g法半夏24g木香12g砂仁24g麸炒枳壳48g姜厚朴48g豆蔻12g醋香附48g广藿香48g南山楂48g六神曲（麸炒）48g炒麦芽48g炒莱菔子48g
和血明目片,片剂,凉血止血、滋阴化瘀、养肝明目。用于阴虚肝旺，热伤络脉所引起的眼底出血。,蒲黄75g丹参75g地黄60g墨旱莲60g菊花50g黄芩（炒炭）45g决明子45g车前子45g茺蔚子45g女贞子45g夏枯草45g龙胆45g郁金30g木贼45g赤芍30g牡丹皮30g山楂30g当归30g川芎10g
和胃止泻胶囊,胶囊剂,清热解毒，化湿和胃。用于因胃肠湿热所致的大便稀溏或腹泻，可伴腹痛、发热、口渴、肛门灼热、小便短赤。,铁苋菜710g鱼腥草630g石榴皮68g石菖蒲55g姜半夏55g甘草32g
金贝痰咳清颗粒,颗粒剂,清肺止咳，化痰平喘。用于痰热阻肺所致的咳嗽、痰黄黏稠、喘息；慢性支气管炎急性发作见上述证候者。,浙贝母475.7g金银花285.7g前胡285.7g炒苦杏仁238.6g桑白皮238.6g桔梗142.9g射干142.9g麻黄95.7g川芎24.3g甘草24.3g
金花明目丸,丸剂,补肝，益肾，明目。用于老年性白内障早、中期属肝肾不足、阴血亏虚证，症见视物模糊、头晕、耳鸣、腰膝酸软。,熟地黄210g盐菟丝子140g枸杞子140g五味子21g白芍70g黄精210g黄芪140g党参70g川芎63g菊花42g炒决明子70g车前子（炒）70g密蒙花42g炒鸡内金70g金荞麦70g山楂70g升麻42g
金芪降糖片,片剂,清热益气。用于消渴病气虚内热证，症见口渴喜饮，易饥多食，气短乏力。轻、中型2型糖尿病见上述证候者。,黄连343g黄芪513g金银花2058g
金佛止痛丸,丸剂,行气止痛，舒肝和胃，祛瘀生新。用于气血瘀滞所致的胃脘疼痛，痛经及消化性溃疡、慢性胃炎引起的疼痛。,白芍5000g醋延胡索2250g三七100g郁金3750g佛手3000g姜黄600g甘草1250g
金果含片,片剂,养阴生津，清热利咽。用于肺热阴伤所致的咽部红肿、咽痛、口干咽燥；急、慢性咽炎见上述证候者。,地黄163.7g玄参122.8g西青果40.9g蝉蜕61.4g胖大海40.9g麦冬122.8g南沙参122.8g太子参122.8g陈皮81.9g
金果饮,口服液,养阴生津，清热利咽。用于肺热阴伤所致的咽部红肿、咽痛、口干咽燥；急、慢性咽炎见上述证候者。亦可用于放疗引起的咽干不适。,地黄73g玄参55g西青果18g蝉蜕27g麦冬55g胖大海18g南沙参55g太子参55g陈皮36g薄荷素油0.5ml
金果饮咽喉片,片剂,养阴生津，清热利咽。用于肺热阴伤所致的咽部红肿、咽痛、口干咽燥；急、慢性咽炎见上述证候者。亦可用于放疗引起的咽干不适。,地黄137g玄参102g西青果34g蝉蜕52g麦冬102g胖大海34g南沙参102g太子参102g陈皮68g薄荷素油2ml
金莲花口服液,口服液,清热解毒。用于风热邪毒袭肺，热毒内盛引起的上呼吸道感染、咽炎、扁桃体炎。,金莲花450g
金莲花片,片剂,清热解毒。用于风热邪毒袭肺，热毒内盛引起的上呼吸道感染、咽炎、扁桃体炎。,金莲花1500g
金莲花胶囊,胶囊剂,清热解毒。用于风热邪毒袭肺，热毒内盛引起的上呼吸道感染、咽炎、扁桃体炎。,金莲花1000g
金莲花颗粒,颗粒剂,清热解毒。用于风热邪毒袭肺，热毒内盛引起的上呼吸道感染、咽炎、扁桃体炎。,金莲花1000g
金莲花润喉片,片剂,清热解毒，消肿止痛，利咽。用于热毒内盛所致的咽部红肿疼痛、牙龈肿胀、口舌生疮；急性咽炎、急性扁桃体炎、上呼吸道感染见上述证候者。,金莲花750g薄荷素油4ml
金莲清热颗粒,颗粒剂,清热解毒，生津利咽，止咳祛痰。用于感冒热毒壅盛证，症见高热、口渴，咽干，咽痛，咳嗽，痰稠；流行性感冒、上呼吸道感染见上述证候者。,金莲花600g大青叶600g石膏450g知母300g地黄300g玄参300g炒苦杏仁450g
金振口服液,口服液,清热解毒，祛痰止咳。用于小儿痰热蕴肺所致的发热、咳嗽、咳吐黄痰、咳吐不爽、舌质红、苔黄腻；小儿急性支气管炎见上述证候者。,山羊角94.5g平贝母47.25g大黄31.50g黄芩15.75g青礞石15.75g石膏23.62g人工牛黄9.45g甘草31.50g
金钱草片,片剂,清热利湿，利尿通淋。用于湿热下注所致小便频数短涩，淋沥疼痛，尿色赤黄，腰腹疼痛，甚至尿挟砂石。,金钱草2000g
金钱胆通颗粒,颗粒剂,清利湿热、疏肝利胆、止痛排石。用于胆石症湿热郁结于少阳胆腑之胁痛。痛在右胁，固定不移，或继发绞痛，上引肩背，便秘尿黄，甚至身目俱黄发热，舌质暗红，苔厚腻或黄腻，脉弦滑或弦紧。,连钱草750g金钱草562.5g茵陈562.5g虎杖375g柴胡187.5g蒲公英375g醋香附187.5g丹参187.5g决明子187.5g乌梅187.5g
金黄利胆胶囊,胶囊剂,舒肝利胆，清热解毒。用于急、慢性胆囊炎属肝胆湿热证者。,川西獐牙菜900g金钱草600g大黄90g
金嗓开音丸,丸剂,清热解毒，疏风利咽。用于风热邪毒所致的咽喉肿痛，声音嘶哑；急性咽炎、亚急性咽炎、喉炎见上述证候者。,金银花125g连翘125g玄参125g板蓝根125g赤芍50g黄芩75g桑叶50g菊花50g前胡50g𬊤苦杏仁50g牛蒡子50g泽泻50g胖大海50g僵蚕（麸炒）50g蝉蜕50g木蝴蝶50g
金嗓开音胶囊,胶囊剂,清热解毒，疏风利咽。用于风热邪毒所致的咽喉肿痛，声音嘶哑；急性咽炎、亚急性咽炎、喉炎见上述证候者。,金银花245g连翘245g黄芩147g板蓝根245g赤芍98g玄参245g桑叶98g菊花98g牛蒡子98g𬊤苦杏仁98g苦杏仁98g泽泻98g木蝴蝶98g胖大海98g炒僵蚕98g蝉蜕98g
金嗓开音颗粒,颗粒剂,清热解毒，疏风利咽。用于风热邪毒所致的咽喉肿痛，声音嘶哑；急性咽炎、亚急性咽炎、喉炎见上述证候者。,金银花163g连翘163g玄参163g板蓝根163g赤芍65g黄芩98g桑叶65g菊花65g前胡65g𬊤苦杏仁65g牛蒡子65g泽泻65g胖大海65g炒僵蚕65g蝉蜕65g木蝴蝶65g
金嗓利咽丸,丸剂,疏肝理气，化痰利咽。用于痰湿内阻、肝郁气滞所致的咽部异物感、咽部不适、声音嘶哑；声带肥厚见上述证候者。,茯苓50g法半夏50g枳实（炒）50g青皮（炒）50g胆南星50g橘红50g砂仁50g豆蔻25g槟榔50g合欢皮50g六神曲（炒）50g紫苏梗50g生姜7.5g蝉蜕50g木蝴蝶50g厚朴（制）50g
金嗓清音丸,丸剂,养阴清肺，化痰利咽。用于肺热阴虚所致的慢喉瘖、慢喉痹，症见声音嘶哑、咽喉肿痛、咽干；慢性喉炎、慢性咽炎见上述证候者。,玄参100g地黄100g麦冬60g黄芩40g牡丹皮60g赤芍60g川贝母60g泽泻60g薏苡仁（炒）60g石斛60g僵蚕（麸炒）40g薄荷20g胖大海40g蝉蜕40g木蝴蝶40g甘草20g
金嗓清音胶囊,胶囊剂,养阴清肺，化痰利咽。用于肺热阴虚所致的慢喉瘖、慢喉痹，症见声音嘶哑、咽喉肿痛、咽干；慢性喉炎、慢性咽炎见上述证候者。,玄参250g地黄250g麦冬150g黄芩100g牡丹皮150g赤芍150g川贝母150g泽泻150g麸炒薏苡仁150g石斛150g炒僵蚕100g薄荷50g胖大海100g蝉蜕100g木蝴蝶100g甘草50g
金嗓散结丸,散剂,清热解毒，活血化瘀，利湿化痰。用于热毒蕴结、气滞血瘀所致的声音嘶哑、声带充血、肿胀；慢性喉炎、声带小结、声带息肉见上述证候者。,马勃25g醋莪术50g金银花125g桃仁50g玄参125g醋三棱50g红花50g丹参75g板蓝根125g麦冬100g浙贝母75g泽泻75g炒鸡内金50g蝉蜕75g木蝴蝶75g蒲公英125g
金蝉止痒胶囊,胶囊剂,清热解毒，燥湿止痒。用于湿热内蕴所引起的丘疹性荨麻疹，夏季皮炎皮肤瘙痒症状。,金银花330.7g栀子330.7g黄芩330.7g苦参330.7g黄柏248g龙胆248g白芷330.7g白鲜皮330.7g蛇床子330.7g蝉蜕165.4g连翘330.7g地肤子330.7g地黄496g青蒿496g广藿香330.7g甘草165.4g
乳宁颗粒,颗粒剂,疏肝养血，理气解郁。用于肝气郁结所致的乳癖，症见经前乳房胀痛、两胁胀痛、乳房结节、经前疼痛加重；乳腺增生见上述证候者。,柴胡220g当归220g醋香附220g丹参264g炒白芍220g王不留行220g赤芍220g炒白术132g茯苓132g青皮66g陈皮66g薄荷66g
乳块消片,片剂,疏肝理气，活血化瘀，消散乳块。用于肝气郁结，气滞血瘀，乳腺增生，乳房胀痛。,橘叶825g丹参825g皂角刺550g炒王不留行550g川楝子550g地龙550g
乳块消胶囊,胶囊剂,疏肝理气，活血化瘀，消散乳块。用于肝气郁结，气滞血瘀，乳腺增生，乳房胀痛。,橘叶825g丹参825g皂角刺550g王不留行550g川楝子550g地龙550g
乳块消颗粒,颗粒剂,疏肝理气，活血化瘀，消散乳块。用于肝气郁结，气滞血瘀，乳腺增生，乳房胀痛。,橘叶412.5g丹参412.5g皂角刺275g王不留行275g川楝子275g地龙275g
乳核散结片,片剂,舒肝活血，祛痰软坚。用于肝郁气滞、痰瘀互结所致的乳癖，症见乳房肿块或结节、数目不等、大小不一、质软或中等硬、或乳房胀痛、经前疼痛加剧；乳腺增生病见上述证候者。,柴胡164g当归219g黄芪219g郁金328g光慈姑219g漏芦219g昆布437g海藻437g淫羊藿546g鹿衔草546g
乳疾灵颗粒,颗粒剂,舒肝活血，祛痰软坚。用于肝郁气滞、痰瘀互结所致的乳癖，症见乳房肿块或结节、数目不等、大小不一、质软或中等硬、或经前疼痛；乳腺增生病见上述证候者。,柴胡150g醋香附150g青皮150g赤芍150g丹参200g炒王不留行200g鸡血藤250g牡蛎500g海藻250g昆布250g淫羊藿250g菟丝子250g
乳康丸,丸剂,舒肝活血，祛痰软坚。用于肝郁气滞、痰瘀互结所致的乳癖，症见乳房肿块或结节、或经前胀痛；乳腺增生病见上述证候者。,牡蛎75g乳香30g瓜蒌75g海藻60g黄芪120g没药30g天冬60g夏枯草75g三棱30g玄参60g白术60g浙贝母30g莪术30g丹参75g炒鸡内金30g
乳康胶囊,胶囊剂,舒肝活血，祛痰软坚。用于肝郁气滞、痰瘀互结所致的乳癖，症见乳房肿块或结节、或经前胀痛；乳腺增生病见上述证候者。,牡蛎75g乳香30g瓜蒌75g海藻60g黄芪120g没药30g天冬60g夏枯草75g三棱30g玄参60g白术60g浙贝母30g莪术30g丹参75g炒鸡内金30g
乳康颗粒,颗粒剂,舒肝破血，祛痰软坚。用于肝郁气滞、痰瘀互结所致的乳癖，症见乳房肿块或结节、或经前胀痛；乳腺增生病见上述证候者。,牡蛎75g乳香30g瓜蒌75g海藻60g黄芪120g没药30g天冬60g夏枯草75g三棱30g玄参60g白术60g浙贝母30g莪术30g丹参75g炒鸡内金30g
乳增宁胶囊,胶囊剂,疏肝散结，调理冲任。用于冲任失调、气郁痰凝所致乳癖，症见乳房结节、一个或多个、大小形状不一、质柔软，或经前胀痛、或腰酸乏力、经少色淡；乳腺增生病见上述证候者。,艾叶560g淫羊藿280g柴胡280g川楝子280g天冬280g土贝母340g
乳癖消片,片剂,软坚散结，活血消痈，清热解毒。用于痰热互结所致的乳癖、乳痈，症见乳房结节、数目不等、大小形态不一、质地柔软，或产后乳房结块、红热疼痛；乳腺增生、乳腺炎早期见上述证候者。,鹿角89.02g蒲公英59.35g昆布231.45g天花粉23.74g鸡血藤59.35g三七59.35g赤芍17.80g海藻115.73g漏芦35.6g木香47.48g玄参59.35g牡丹皮83.09g夏枯草59.35g连翘23.74g红花35.6g
乳癖消胶囊,胶囊剂,软坚散结，活血消痈，清热解毒。用于痰热互结所致的乳癖、乳痈，症见乳房结节、数目不等、大小形态不一、质地柔软，或产后乳房结块、红热疼痛；乳腺增生、乳腺炎早期见上述证候者。,鹿角89.1g蒲公英59.4g昆布231.5g天花粉23.7g鸡血藤59.4g三七59.4g赤芍17.8g海藻115.7g漏芦35.6g木香47.5g玄参59.4g牡丹皮83.1g夏枯草59.4g连翘23.7g红花35.6g
乳癖消颗粒,颗粒剂,软坚散结，活血消痈，清热解毒。用于痰热互结所致的乳癖、乳痈，症见乳房结节、数目不等、大小形态不一、质地柔软，或产后乳房结块、红热疼痛；乳腺增生、乳腺炎早期见上述证候者。,鹿角66.8g蒲公英44.5g昆布173.5g天花粉17.8g鸡血藤44.5g三七44.5g赤芍13.4g海藻86.8g漏芦26.7g木香35.6g玄参44.5g牡丹皮62.3g夏枯草44.5g连翘17.8g红花26.7g
乳癖散结胶囊,胶囊剂,行气活血，软坚散结。用于气滞血瘀所致的乳腺增生病，症见乳房疼痛、乳房肿块、烦躁易怒、胸胁胀满。,夏枯草297g川芎（酒炙）198g僵蚕（麸炒）119g鳖甲（醋制）297g柴胡（醋制）198g赤芍（酒炒）178g玫瑰花238g莪术（醋制）178g当归（酒炙）198g延胡索（醋制）178g牡蛎297g
肿节风片,片剂,清热解毒，消肿散结。用于肺炎、阑尾炎、蜂窝组织炎属热毒壅盛证候者，并可用于癌症辅助治疗。,肿节风浸膏250g
肥儿丸,丸剂,健胃消积，驱虫。用于小儿消化不良，虫积腹痛，面黄肌瘦，食少腹胀泄泻。,煨肉豆蔻50g木香20g六神曲（炒）100g炒麦芽50g胡黄连100g槟榔50g使君子仁100g
周氏回生丸,丸剂,祛暑散寒，解毒辟秽，化湿止痛。用于霍乱吐泻，痧胀腹痛。,五倍子60g檀香9g木香9g沉香9g丁香9g甘草15g千金子霜30g红大戟（醋制）45g山慈菇45g六神曲（麸炒）150g人工麝香9g雄黄9g冰片1g朱砂18g
鱼腥草滴眼液,洗剂,清热，解毒，利湿。用于风热疫毒上攻所致的暴风客热、天行赤眼、天行赤眼暴翳，症见两眼刺痛、目痒、流泪；急性卡他性结膜炎、流行性角结膜炎见上述证候者。,鲜鱼腥草2000g
狗皮膏,膏剂,祛风散寒，活血止痛。用于风寒湿邪、气血瘀滞所致的痹病，症见四肢麻木、腰腿疼痛、筋脉拘挛，或跌打损伤、闪腰岔气、局部肿痛；或寒湿瘀滞所致的脘腹冷痛、行经腹痛、寒湿带下、积聚痞块。,生川乌80g生草乌40g羌活20g独活20g青风藤30g香加皮30g防风30g铁丝威灵仙30g苍术20g蛇床子20g麻黄30g高良姜9g小茴香20g官桂10g当归20g赤芍30g木瓜30g苏木30g大黄30g油松节30g续断40g川芎30g白芷30g乳香34g没药34g冰片17g樟脑34g丁香17g肉桂11g
夜宁糖浆,糖浆剂,养血安神。用于心血不足所致的失眠、多梦、头晕、乏力；神经衰弱见上述证候者。,合欢皮105g灵芝50g首乌藤105g大枣75g女贞子105g甘草30g浮小麦300g
炎宁糖浆,糖浆剂,清热解毒，消炎止痢。用于上呼吸道感染，扁桃体炎，尿路感染，急性菌痢，肠炎。,鹿茸草1562.5g白花蛇舌草781.25g鸭跖草781.25g
注射用双黄连（冻干）,注射剂,清热解毒，疏风解表。用于外感风热所致的发热、咳嗽、咽痛；上呼吸道感染、轻型肺炎、扁桃体炎见上述证候者。,连翘500g金银花250g黄芩250g
泌石通胶囊,胶囊剂,清热利湿，行气化瘀。用于气滞血瘀型及湿热下注型肾结石或输尿管结石，适用于结石在1.0cm以下者。,槲叶干浸膏225g滑石粉225g
泻青丸,丸剂,清肝泻火。用于肝火上炎所致耳鸣耳聋，口苦头晕，两胁疼痛，小便赤涩。,龙胆50g酒大黄50g防风50g羌活50g栀子50g川芎75g当归50g青黛25g
泻肝安神丸,丸剂,清肝泻火，重镇安神。用于肝火亢盛，心神不宁所致的失眠多梦，心烦；神经衰弱症见上述证候者。,龙胆9g黄芩9g栀子（姜炙）9g珍珠母60g牡蛎15g龙骨15g柏子仁9g炒酸枣仁15g制远志9g当归9g地黄9g麦冬9g蒺藜（去刺盐炙）9g茯苓9g盐车前子9g盐泽泻9g甘草3g
泻痢消胶囊,胶囊剂,清热燥湿，行气止痛。用于大肠湿热所致的腹痛泄泻、大便不爽、下痢脓血、肛门灼热、里急后重、心烦口渴、小便黄赤、舌质红、苔薄黄或黄腻、脉濡数；急性肠炎、结肠炎、痢疾见上述证候者。,酒黄连404g苍术（炒）404g酒白芍404g木香202g吴茱萸（盐炙）202g姜厚朴303g槟榔202g枳壳（炒）303g陈皮202g泽泻202g茯苓303g甘草202g
治伤胶囊,胶囊剂,祛风散结，消肿止痛。用于跌打损伤所致之外伤红肿，内伤胁痛。,生关白附176g防风15g羌活15g虎掌南星（姜矾制）29g白芷15g
治咳川贝枇杷滴丸,滴丸,清热化痰止咳。用于感冒、支气管炎属痰热阻肺证，症见咳嗽、痰黏或黄。,枇杷叶226.7g桔梗20g水半夏66.7g川贝母23.3g薄荷脑0.5g
治咳川贝枇杷露,露剂,清热化痰止咳。用于感冒、支气管炎属痰热阻肺证，症见咳嗽、痰黏或黄。,枇杷叶68g桔梗6g水半夏20g川贝母流浸膏7ml薄荷脑0.15g
治糜康栓,栓剂,清热解毒，燥湿收敛。用于湿热下注所致带下病，症见带下量多、色黄质稠、有臭味，或有大便干燥；细菌性阴道病、滴虫性阴道炎、宫颈糜烂见上述证候者。,黄柏500g苦参500g儿茶500g枯矾400g冰片100g
宝咳宁颗粒,颗粒剂,清热解表，止嗽化痰。用于小儿外感风寒、内热停食引起的头痛身烧、咳嗽痰盛、气促作喘、咽喉肿痛、烦躁不安。,紫苏叶30g桑叶30g前胡60g浙贝母30g麻黄30g桔梗30g制天南星60g陈皮30g炒苦杏仁60g黄芩60g青黛21g天花粉60g麸炒枳壳60g炒山楂45g甘草15g人工牛黄3g
定喘膏,膏剂,温阳祛痰，止咳定喘。用于阳虚痰阻所致的咳嗽痰多、气急喘促、冬季加重。,血余炭400g洋葱400g附子200g生川乌200g制天南星200g干姜200g
降脂灵片,片剂,补肝益肾，养血明目。用于肝肾不足型高脂血症，症见头晕、目眩、须发早白。,制何首乌222g枸杞子222g黄精296g山楂148g决明子44g
降脂灵颗粒,颗粒剂,补肝益肾，养血明目，用于肝肾不足型高脂血症，症见头晕、目眩、须发早白。,制何首乌369.8g枸杞子369.8g黄精493.1g山楂246.6g决明子73.3g
降脂通络软胶囊,软胶囊,活血行气，降脂祛浊。用于高脂血症属血瘀气滞证者，症见胸胁胀痛、心前区刺痛、胸闷、舌尖边有瘀点或瘀斑、脉弦或涩。,姜黄提取物（以姜黄素类化合物计）50g
降糖甲片,片剂,补中益气，养阴生津。用于气阴两虚型消渴症（非胰岛素依赖型糖尿病）。,黄芪428.4g酒黄精428.4g地黄428.4g太子参428.4g天花粉428.4g
参乌健脑胶囊,胶囊剂,补肾填精，益气养血，强身健脑。用于肾精不足，肝气血亏所引致的精神疲惫、失眠多梦、头晕目眩、体乏无力、记忆力减退。,人参20g制何首乌166.7g党参66.7g黄芪133.3g熟地黄66.7g山药133.3g丹参133.3g枸杞子50g白芍133.3g远志83.3g茯神100g石菖蒲100g黄芩66.7g葛根50g粉葛50g酸枣仁33.3g麦冬83.3g龙骨（粉）66.7g香附133.3g菊花100g卵磷脂6.7g维生素E 0.33g
参芍片,片剂,活血化瘀，益气止痛。适用于气虚血瘀所致的胸闷，胸痛，心悸，气短；冠心病心绞痛见上述证候者。,白芍1950g人参茎叶总皂苷13g
参芍胶囊,胶囊剂,活血化瘀，益气止痛。适用于气虚血瘀所致的胸闷，胸痛，心悸，气短；冠心病心绞痛见上述证候者。,白芍1950g人参茎叶总皂苷13g
参芪十一味颗粒,颗粒剂,补脾益气。用于脾气虚所致的体弱、四肢无力。,人参（去芦）90g黄芪268g当归356g天麻178g熟地黄356g泽泻266g决明子356g鹿角88g菟丝子266g细辛10g枸杞子266g
参芪口服液,口服液,补气扶正。用于体弱气虚，四肢无力。,党参187.5g黄芪187.5g
参芪五味子片,片剂,健脾益气，宁心安神。用于气血不足、心脾两虚所致的失眠、多梦、健忘、乏力、心悸、气短、自汗。,南五味子180g党参60g黄芪120g炒酸枣仁30g
参芪五味子胶囊,胶囊剂,健脾益气，宁心安神。用于气血不足、心脾两虚所致的失眠、多梦、健忘、乏力、心悸、气短、自汗。,南五味子180g党参60g黄芪120g炒酸枣仁30g
参芪五味子颗粒,颗粒剂,健脾益气，宁心安神。用于气血不足，心脾两虚所致的失眠、多梦、健忘、乏力、心悸、气短、自汗。,南五味子180g党参60g黄芪120g炒酸枣仁30g
参芪降糖片,片剂,益气滋阴补肾。主治气阴不足肾虚消渴，用于2型糖尿病。,人参茎叶总皂苷6g黄芪124g地黄186g山药62g天花粉62g覆盆子31g麦冬62g五味子62g枸杞子124g泽泻62g茯苓62g
参芪降糖胶囊,胶囊剂,益气滋阴补肾。主治气阴不足肾虚消渴，用于2型糖尿病。,人参茎叶总皂苷6g黄芪124g地黄186g山药62g天花粉62g覆盆子31g麦冬62g五味子62g枸杞子124g泽泻62g茯苓62g
参苏丸,丸剂,益气解表，疏风散寒，祛痰止咳。用于身体虚弱、感受风寒所致感冒，症见恶寒发热、头痛鼻塞、咳嗽痰多、胸闷呕逆、乏力气短。,党参75g紫苏叶75g葛根75g前胡75g茯苓75g半夏（制）75g陈皮50g枳壳（炒）50g桔梗50g甘草50g木香50g
参附强心丸,丸剂,益气助阳，强心利水。用于慢性心力衰竭而引起的心悸、气短、胸闷喘促、面肢浮肿等症，属于心肾阳衰者。,人参200g附子（制）160g桑白皮200g猪苓300g葶苈子240g大黄120g
参苓白术丸,丸剂,补脾胃，益肺气。用于脾胃虚弱，食少便溏，气短咳嗽，肢倦乏力。,人参100g茯苓100g麸炒白术100g山药100g炒白扁豆75g莲子50g麸炒薏苡仁50g砂仁50g桔梗50g甘草100g
参苓白术散,散剂,补脾胃，益肺气。用于脾胃虚弱，食少便溏，气短咳嗽，肢倦乏力。,人参100g茯苓100g白术（炒）100g山药100g白扁豆（炒）75g莲子50g薏苡仁（炒）50g砂仁50g桔梗50g甘草100g
参茸白凤丸,丸剂,益气补血，调经安胎。用于气血不足，月经不调，经期腹痛，经漏早产。,人参8.2g鹿茸（酒制）9.4g党参（炙）40g酒当归39g熟地黄77.5g黄芪（酒制）39g酒白芍39g川芎（酒制）30g延胡索（制）23g胡芦巴（盐炙）30g酒续断30g白术（制）30g香附（制）31g砂仁23g益母草（酒制）39g酒黄芩30g桑寄生（蒸）21g炙甘草30g
参茸固本片,片剂,补气养血。用于气血两亏所致的四肢倦怠、面色无华、耳鸣目眩。,当归45g山药（炒）60g酒白芍37.5g茯苓60g山茱萸60g杜仲（炭）45g枸杞子45g牡丹皮24g鹿茸血0.75g盐泽泻18g熟地黄120g五味子22.5g鹿茸（去毛）2.5g菟丝子（酒制）60g红参15g
参茸保胎丸,丸剂,滋养肝肾，补血安胎。用于肝肾不足，营血亏虚，身体虚弱，腰膝酸痛，少腹坠胀，妊娠下血，胎动不安。,党参66g龙眼肉20g菟丝子（盐炙）33g香附（醋制）41g茯苓58g山药50g艾叶（醋制）41g白术（炒）50g黄芩66g熟地黄41g白芍41g阿胶41g炙甘草28g当归50g桑寄生41g川芎（酒制）41g羌活20g续断41g鹿茸20g杜仲58g川贝母20g砂仁33g化橘红41g
参桂胶囊,胶囊剂,益气通阳，活血化瘀。用于心阳不振，气虚血瘀所致的胸痛。症见胸部刺痛，固定不移，入夜更甚，遇冷加重，或畏寒喜暖，面色少华；冠心病心绞痛见上述证候者。,红参400g川芎450g桂枝300g
参精止渴丸,丸剂,益气养阴，生津止渴。用于气阴两亏、内热津伤所致的消渴，症见少气乏力、口干多饮、易饥、形体消瘦；2型糖尿病见上述证候者。,红参135g黄芪135g黄精270g茯苓135g白术135g葛根135g五味子27g黄连27g大黄27g甘草27g
驻车丸,丸剂,滋阴，止痢。用于久痢伤阴，赤痢腹痛，里急后重，休息痢。,黄连360g炮姜120g当归180g阿胶180g
春血安胶囊,胶囊剂,益肾固冲，调经止血。用于肝肾不足，冲任失调所致的月经失调、崩漏、痛经，症见经行错后、经水量多或淋漓不净、经行小腹冷痛、腰部疼痛；青春期功能失调性子宫出血、上节育环后出血见上述证候者。,熟地黄200g盐车前子80g茯苓100g柴胡66.67g牛膝100g五味子（酒蒸）100g肉桂40g泽泻66.67g三七66.67g附片（黑顺片）40g山药80g黄连20g牡丹皮66.67g
珍珠胃安丸,丸剂,行气止痛，宽中和胃。用于气滞所致的胃痛，症见胃脘疼痛胀满、泛吐酸水、嘈杂似饥；胃及十二指肠溃疡见上述证候者。,珍珠层粉450g甘草350g豆豉姜50g陈皮100g徐长卿50g
珍黄胶囊,胶囊剂,清热解毒，消肿止痛。用于肺胃热盛所致的咽喉肿痛、疮疡热疖。,珍珠11g人工牛黄45g三七90g黄芩浸膏粉56g冰片2.8g猪胆粉8g薄荷素油5.6g
草香胃康胶囊,胶囊剂,泄肝和胃，行气止痛。用于肝气犯胃所致的胃痛，症见胃脘疼痛、饥后尤甚、泛吐酸水、食欲不佳、心烦易怒；胃及十二指肠球部溃疡、慢性胃炎见上述证候者。,鸡内金83.3g决明子194.4g海螵蛸83.3g牡蛎111.1g木香27.8g阿魏55.5g
茵山莲颗粒,颗粒剂,清热解毒利湿。用于湿热蕴毒所致的胁痛、口苦、尿黄、舌苔黄腻、脉弦滑数；急、慢性肝炎，胆囊炎见上述证候者。,茵陈382g半枝莲954g五味子191g栀子191g甘草191g板蓝根191g
茵芪肝复颗粒,颗粒剂,清热解毒利湿，舒肝补脾。用于慢性乙型病毒性肝炎肝胆湿热兼脾虚肝郁证，症见右胁胀满、恶心厌油、纳差食少、口淡乏味。,茵陈275g焦栀子184g大黄110g白花蛇舌草275g猪苓275g柴胡220g当归184g黄芪367g党参275g甘草92g
茵栀黄口服液,口服液,清热解毒，利湿退黄。用于肝胆湿热所致的黄疸，症见面目悉黄、胸胁胀痛、恶心呕吐、小便黄赤；急、慢性肝炎见上述证候者。,茵陈提取物12g栀子提取物6.4g黄芩提取物（以黄芩苷计）40g金银花提取物8g
茵栀黄软胶囊,软胶囊,清热解毒，利湿退黄。用于肝胆湿热所致的黄疸，症见面目悉黄、胸胁胀痛、恶心呕吐、小便黄赤；急、慢性肝炎见上述证候者。,茵陈提取物40g栀子提取物21.3g黄芩提取物（以黄芩苷计）133.3g金银花提取物26.67g
茵栀黄泡腾片,片剂,清热解毒，利湿退黄。用于肝胆湿热所致的黄疸，症见面目悉黄、胸胁胀痛、恶心呕吐、小便黄赤；急、慢性肝炎见上述证候者。,茵陈提取物60g栀子提取物32g黄芩提取物（以黄芩苷计）200g金银花提取物40g
茵栀黄胶囊,胶囊剂,清热解毒，利湿退黄。用于肝胆湿热所致的黄疸，症见面目悉黄、胸胁胀痛、恶心呕吐、小便黄赤；急、慢性肝炎见上述证候者。,茵陈提取物60g栀子提取物32g黄芩提取物（以黄芩苷计）200g金银花提取物40g
茵栀黄颗粒,颗粒剂,清热解毒，利湿退黄。用于肝胆湿热所致的黄疸，症见面目悉黄、胸胁胀痛、恶心呕吐、小便黄赤；急、慢性肝炎见上述证候者。,茵陈（绵茵陈）提取物20g栀子提取物10.7g黄芩提取物（以黄芩苷计）66.7g金银花提取物13.3g
茵胆平肝胶囊,胶囊剂,清热，利湿，退黄。用于肝胆湿热所致的胁痛、口苦、尿黄、身目发黄；急、慢性肝炎见上述证候者。,茵陈500g龙胆400g黄芩100g猪胆粉100g栀子150g炒白芍100g当归100g甘草100g
荜铃胃痛颗粒,颗粒剂,行气活血，和胃止痛。用于气滞血瘀所致的胃脘痛；慢性胃炎见有上述证候者。,荜澄茄503g川楝子503g醋延胡索302g酒大黄151g黄连151g吴茱萸76g醋香附503g香橼503g佛手302g海螵蛸503g煅瓦楞子503g
荡石胶囊,胶囊剂,清热利尿，通淋排石。用于肾结石，输尿管、膀胱等泌尿系统结石。,苘麻子125g石韦100g海浮石125g蛤壳125g茯苓240g小蓟125g玄明粉83g牛膝125g甘草50g
药艾条,贴膏剂,行气血，逐寒湿。用于风寒湿痹，肌肉酸麻，关节四肢疼痛，脘腹冷痛。,艾叶20000g桂枝1250g高良姜1250g广藿香500g降香1750g香附500g白芷1000g陈皮500g丹参500g生川乌750g
枳术丸,丸剂,健脾消食，行气化湿。用于脾胃虚弱，食少不化，脘腹痞满。,枳实（炒）250g麸炒白术500g
枳术颗粒,颗粒剂,健脾消食，行气化湿。用于脾胃虚弱，食少不化，脘腹痞满。,麸炒枳实333g麸炒白术666g荷叶100g
枳实导滞丸,丸剂,消积导滞，清利湿热。用于饮食积滞、湿热内阻所致的脘腹胀痛、不思饮食、大便秘结、痢疾里急后重。,枳实（炒）100g大黄200g黄连（姜汁炙）60g黄芩60g六神曲（炒）100g白术（炒）100g茯苓60g泽泻40g
柏子养心丸,丸剂,补气，养血，安神。用于心气虚寒，心悸易惊，失眠多梦，健忘。,柏子仁25g党参25g炙黄芪100g川芎100g当归100g茯苓200g制远志25g酸枣仁25g肉桂25g醋五味子25g半夏曲100g炙甘草10g朱砂30g
柏子养心片,片剂,补气、养血，安神。用于心气虚寒，心悸易惊，失眠多梦，健忘。,柏子仁32g党参32g炙黄芪128g川芎128g当归128g茯苓256g制远志32g酸枣仁32g肉桂32g醋五味子32g半夏曲128g炙甘草13g朱砂38g
栀子金花丸,丸剂,清热泻火，凉血解毒。用于肺胃热盛，口舌生疮，牙龈肿痛，目赤眩晕，咽喉肿痛，吐血衄血，大便秘结。,栀子116g黄连4.8g黄芩192g黄柏60g大黄116g金银花40g知母40g天花粉60g
栀芩清热合剂,口服液,疏风散热，清热解毒。用于三焦热毒炽盛，发热头痛，口渴，尿赤等。,栀子400g黄芩400g连翘400g淡竹叶400g甘草200g薄荷油1ml
厚朴排气合剂,口服液,行气消胀，宽中除满。用于腹部非胃肠吻合术后早期肠麻痹，症见腹部胀满，胀痛不适，腹部膨隆，无排气、排便，舌质淡红，舌苔薄白或薄腻。,姜厚朴300g木香200g麸炒枳实200g大黄100g
按摩软膏,膏剂,活血化瘀，和络止痛。用于运动劳损，肌肉酸痛，跌打扭伤，无名肿痛。,芸香浸膏1.0g颠茄流浸膏1.0g乳香0.51g没药0.51g乌药0.51g川芎0.51g郁金0.51g水杨酸甲酯100g薄荷油107g肉桂油2.0g丁香油2.0g樟脑5g
胃乃安胶囊,胶囊剂,补气健脾，活血止痛。用于脾胃气虚，瘀血阻滞所致的胃痛，症见胃脘隐痛或刺痛、纳呆食少；慢性胃炎、胃及十二指肠溃疡见上述证候者。,黄芪650g三七65g红参21g珍珠层粉87g人工牛黄11g
胃立康片,片剂,健胃和中，顺气化滞。用于消化不良，倒饱嘈杂，呕吐胀满，肠鸣泻下。,广藿香75g炒麦芽75g茯苓75g六神曲（麸炒）75g苍术60g姜厚朴60g白术60g木香45g泽泻45g猪苓45g陈皮45g清半夏45g豆蔻30g甘草30g人参30g制吴茱萸30g
胃安胶囊,胶囊剂,养阴益胃，柔肝止痛。用于肝胃阴虚、胃气不和所致的胃痛、痞满，症见胃脘隐痛、纳少嘈杂、咽干口燥、舌红少津、脉细数；萎缩性胃炎见上述证候者。,石斛50g黄柏50g南沙参100g山楂100g枳壳（炒）100g黄精100g甘草50g白芍50g
胃苏颗粒,颗粒剂,理气消胀，和胃止痛。主治气滞型胃脘痛，症见胃脘胀痛，窜及两胁，得嗳气或矢气则舒，情绪郁怒则加重，胸闷食少，排便不畅，舌苔薄白，脉弦；慢性胃炎及消化性溃疡见上述证候者。,紫苏梗166.7g香附166.7g陈皮100g香橼166.7g佛手100g枳壳166.7g槟榔100g炒鸡内金100g
胃肠安丸,丸剂,芳香化浊，理气止痛，健胃导滞。用于湿浊中阻、食滞不化所致的腹泻、纳差、恶心、呕吐、腹胀、腹痛；消化不良、肠炎、痢疾见上述证候者。,木香300g沉香300g枳壳（麸炒）300g檀香180g大黄180g厚朴（姜炙）300g人工麝香9g巴豆霜120g大枣（去核）1000g川芎180g
胃肠复元膏,膏剂,益气活血，理气通下。用于胃肠术后腹胀、胃肠活动减弱，症见体乏气短、脘腹胀满、大便不下；亦可用于老年性便秘及虚性便秘。,麸炒枳壳100g太子参100g大黄150g蒲公英300g炒莱菔子200g木香100g赤芍150g紫苏梗100g黄芪150g桃仁150g
胃药胶囊,胶囊剂,制酸止痛。用于肝胃不和所致的胃脘疼痛、胃酸过多、嘈杂反酸；胃及十二指肠溃疡见上述证候者。,醋延胡索120g海螵蛸（漂）60g土木香60g枯矾90g鸡蛋壳（炒）120g煅珍珠母120g
胃复春片,片剂,健脾益气，活血解毒。用于胃癌癌前期病变、胃癌手术后辅助治疗、慢性浅表性胃炎属脾胃虚弱证者。,红参131g香茶菜2500g麸炒枳壳250g
胃疡宁丸,丸剂,温中散寒，理气止痛，制酸止血。用于胃脘胀痛或刺痛，呕吐泛酸，胃及十二指肠溃疡属于寒凝气滞血瘀者。,白术（制）360g乌药360g山药（炒）360g白及360g青皮180g高良姜90g赤芍600g仙鹤草600g甘草360g珍珠层粉90g香附180g五指毛桃600g
胃疡灵颗粒,颗粒剂,温中益气，缓急止痛。用于脾胃虚寒、中气不足所致的胃痛，症见脘腹胀痛、喜温喜按、食少乏力、舌淡脉弱；胃及十二指肠溃疡、慢性胃炎见上述证候者。,黄芪416.7g炙甘草333.3g白芍250g大枣166.7g桂枝133.3g生姜133.3g
胃祥宁颗粒,颗粒剂,养阴柔肝止痛，润燥通便。用于阴虚胃燥，胃脘胀痛，腹胀，嗳气，口渴，便秘；消化性溃疡、慢性胃炎见上述证候者。,女贞子5000g
胃脘舒颗粒,颗粒剂,益气阴，健脾胃，消痞满。用于脾虚气滞所致的胃脘痞满、嗳气纳差、时有隐痛；萎缩性胃炎见上述证候者。,党参260g白芍（蜜麸炒）260g山楂（炭）260g陈皮130g甘草260g醋延胡索130g
胃康灵片,片剂,柔肝和胃，散瘀止血，缓急止痛，去腐生新。用于肝胃不和、瘀血阻络所致的胃脘疼痛、连及两胁、嗳气、泛酸；急、慢性胃炎，胃、十二指肠溃疡，胃出血见上述证候者。,白芍317.5g白及238.1g三七9.9g甘草317.5g茯苓238.1g延胡索158.7g海螵蛸31.7g颠茄浸膏2.1g
胃康灵胶囊,胶囊剂,柔肝和胃，散瘀止血，缓急止痛，去腐生新。用于肝胃不和、瘀血阻络所致的胃脘疼痛、连及两胁、嗳气、泛酸；急、慢性胃炎，胃、十二指肠溃疡，胃出血见上述证候者。,白芍317.5g白及238.1g三七9.9g甘草317.5g茯苓238.1g延胡索158.7g海螵蛸31.7g颠茄浸膏2.1g
胃康灵颗粒,颗粒剂,柔肝和胃，散瘀止血，缓急止痛，去腐生新。用于肝胃不和、瘀血阻络所致的胃脘疼痛、连及两胁、嗳气、泛酸；急、慢性胃炎，胃、十二指肠溃疡，胃出血见上述证候者。,白芍317.5g白及238.1g三七9.9g甘草317.5g茯苓238.1g延胡索158.7g海螵蛸31.7g颠茄浸膏2.1g
胃康胶囊,胶囊剂,行气健胃，化瘀止血，制酸止痛。用于气滞血瘀所致的胃脘疼痛、痛处固定、吞酸嘈杂，或见吐血、黑便；胃及十二指肠溃疡、慢性胃炎、上消化道出血见上述证候者。,白及64g海螵蛸63g香附64g黄芪63g白芍64g三七64g鸡内金38g鸡蛋壳（炒焦）1g乳香32g没药15g百草霜13g
胃舒宁颗粒,颗粒剂,补气健脾，制酸止痛。用于脾胃气虚、肝胃不和所致的胃脘疼痛、喜温喜按、泛吐酸水；胃及十二指肠溃疡见上述证候者。,甘草595g海螵蛸595g白芍464g白术310g延胡索310g党参119g
咳特灵片,片剂,镇咳平喘，消炎祛痰。用于咳喘及慢性支气管炎。,小叶榕干浸膏180g马来酸氯苯那敏0.7g
咳特灵胶囊,胶囊剂,镇咳平喘，消炎祛痰。用于咳喘及慢性支气管炎。,小叶榕干浸膏360g马来酸氯苯那敏1.4g
咳喘宁口服液,口服液,宣通肺气，止咳平喘。用于痰热阻肺所致的咳嗽频作、咯痰色黄、喘促胸闷。,麻黄134g石膏67g苦杏仁133g桔梗67g百部67g罂粟壳67g甘草133g
咳喘顺丸,丸剂,宣肺化痰，止咳平喘。用于痰浊壅肺、肺气失宣所致的咳嗽、气喘、痰多、胸闷；慢性支气管炎、支气管哮喘、肺气肿见上述证候者。,紫苏子120g瓜蒌仁180g茯苓150g鱼腥草300g苦杏仁90g半夏（制）100g款冬花120g桑白皮150g前胡120g紫菀120g陈皮50g甘草100g
骨友灵搽剂,搽剂,活血化瘀，消肿止痛。用于瘀血阻络所致的骨性关节炎、软组织损伤，症见关节肿胀、疼痛、活动受限。,红花18g制川乌18g制何首乌13g续断18g威灵仙18g醋延胡索31g防风18g鸡血藤18g蝉蜕13g
骨仙片,片剂,补益肝肾，强壮筋骨，通络止痛。用于肝肾不足所致的痹病，症见腰膝骨节疼痛、屈伸不利、手足麻木；骨质增生见上述证候者。,熟地黄217g枸杞子69g女贞子102g黑豆135g菟丝子135g骨碎补102g仙茅69g牛膝69g防己102g
骨折挫伤胶囊,胶囊剂,舒筋活络，消肿散瘀，接骨止痛。用于跌打损伤，扭腰岔气，筋伤骨折属于瘀血阻络者。,猪骨250g炒黄瓜子200g煅自然铜25g红花25g大黄15g当归15g醋乳香10g醋没药10g血竭10g土鳖虫3g
骨刺丸,丸剂,祛风止痛。用于骨质增生，风湿性关节炎，风湿痛。,制川乌500g制草乌500g制天南星500g秦艽500g白芷500g当归500g甘草500g薏苡仁（炒）500g穿山龙1000g绵萆薢1000g红花1000g徐长卿1500g
骨刺宁胶囊,胶囊剂,活血化瘀，通络止痛。用于瘀阻脉络所致骨性关节炎，症见关节疼痛、肿胀、麻木、活动受限。,三七204g土鳖虫204g
骨刺消痛片,片剂,祛风止痛。用于风湿痹阻、瘀血阻络所致的痹病，症见关节疼痛、腰腿疼痛、屈伸不利；骨性关节炎、风湿性关节炎、风湿痛见上述证候者。,制川乌53.25g制草乌53.25g秦艽53.25g白芷53.25g甘草53.25g粉萆薢106.5g穿山龙106.5g薏苡仁106.5g制天南星53.25g红花106.5g当归53.25g徐长卿159.75g
骨质宁搽剂,搽剂,活血化瘀、消肿止痛。用于瘀血阻络所致骨性关节炎、软组织损伤，症见肿胀、麻木、疼痛及活动功能障碍。,云母石1000g黄连10g枯矾20g
骨痛灵酊,酊剂,温经散寒，祛风活血，通络止痛。用于腰、颈椎骨质增生，骨性关节炎，肩周炎，风湿性关节炎。,雪上一枝蒿80g干姜110g龙血竭1g乳香5g没药5g冰片1.5g
骨疏康胶囊,胶囊剂,补肾益气，活血壮骨。用于肾虚气血不足所致的中老年骨质疏松症，症见腰脊酸痛、胫膝酸软、神疲乏力。,淫羊藿1251g熟地黄1656g骨碎补828g黄芪1251g丹参828g木耳663g黄瓜子663g
骨疏康颗粒,颗粒剂,补肾益气，活血壮骨。用于肾虚气血不足所致的中老年人骨质疏松症，症见腰脊酸痛、胫膝酸软、神疲乏力。,淫羊藿500.4g熟地黄662.4g骨碎补331.2g黄芪500.4g丹参331.2g木耳265.2g黄瓜子265.2g
香苏正胃丸,丸剂,解表化湿，和中消食。用于小儿暑湿感冒，症见头痛发热、停食停乳、腹痛胀满、呕吐泄泻、小便不利。,广藿香80g紫苏叶160g香薷80g陈皮40g姜厚朴80g麸炒枳壳20g砂仁20g炒白扁豆40g炒山楂20g六神曲（炒）20g炒麦芽20g茯苓20g甘草11g滑石66g朱砂3.3g
香苏调胃片,片剂,解表和中，健胃化滞。用于胃肠积滞、外感时邪所致的身热体倦、饮食少进、呕吐乳食、腹胀便泻、小便不利。,广藿香60g香薷96g木香15g紫苏叶120g姜厚朴60g砂仁15g麸炒枳壳15g陈皮30g茯苓15g炒山楂15g炒麦芽15g白扁豆（去皮）48g葛根15g甘草8g六神曲（麸炒）15g生姜30g
香连丸,丸剂,清热化湿，行气止痛。用于大肠湿热所致的痢疾，症见大便脓血、里急后重、发热腹痛；肠炎、细菌性痢疾见上述证候者。,萸黄连800g木香200g
香连丸（浓缩丸）,丸剂,清热化湿，行气止痛。用于大肠湿热所致的痢疾，症见大便脓血、里急后重、发热腹痛；肠炎、细菌性痢疾见上述证候者。,萸黄连400g木香100g
香连片,片剂,清热化湿，行气止痛。用于大肠湿热所致的痢疾，症见大便脓血、里急后重、发热腹痛；肠炎、细菌性痢疾见上述证候者。,萸黄连800g木香200g
香连化滞丸,丸剂,清热利湿，行血化滞。用于大肠湿热所致的痢疾，症见大便脓血、里急后重、发热腹痛。,黄连60g木香60g黄芩75g麸炒枳实75g陈皮75g醋青皮75g姜厚朴75g炒槟榔60g滑石60g炒白芍150g当归150g甘草60g
香附丸,丸剂,舒肝健脾，养血调经。用于肝郁血虚、脾失健运所致的月经不调、月经前后诸症，症见经行前后不定期、经量或多或少、有血块，经前胸闷、心烦、双乳胀痛、食欲不振。,醋香附300g当归200g川芎50g炒白芍100g熟地黄100g炒白术100g砂仁25g陈皮50g黄芩50g
香附丸（水丸）,丸剂,舒肝健脾，养血调经。用于肝郁血虚、脾失健运所致的月经不调、月经前后诸症，症见经行前后不定期、经量或多或少、有血块，经前胸闷、心烦、双乳胀痛、食欲不振。,醋香附300g当归200g川芎50g炒白芍100g熟地黄100g炒白术100g砂仁25g陈皮50g黄芩50g
香砂六君丸,丸剂,益气健脾，和胃。用于脾虚气滞，消化不良，嗳气食少，脘腹胀满，大便溏泄。,木香70g砂仁80g党参100g炒白术200g茯苓200g炙甘草70g陈皮80g姜半夏100g
香砂平胃丸,丸剂,健胃，舒气，止痛。用于胃肠衰弱，消化不良，胸膈满闷，胃痛呕吐。,苍术200g陈皮200g姜厚朴200g木香100g砂仁100g甘草75g
香砂和中丸,丸剂,健脾燥湿，和中消食。用于脾胃不和，不思饮食，胸满腹胀，恶心呕吐，噫气吞酸。,陈皮60g姜厚朴60g苍术（土炒）60g麸炒枳壳60g醋青皮90g焦山楂90g砂仁15g炙甘草12g广藿香60g清半夏90g白术（土炒）90g茯苓90g六神曲（炒）60g
香砂枳术丸,丸剂,健脾开胃，行气消痞。用于脾虚气滞，脘腹痞闷，食欲不振，大便溏软。,木香150g麸炒枳实150g砂仁150g白术（麸炒）150g
香砂胃苓丸,丸剂,祛湿运脾，行气和胃。用于水湿内停之呕吐，泻泄，浮肿，眩晕，小便不利等症。,木香50g砂仁50g麸炒苍术150g姜厚朴150g麸炒白术150g陈皮150g茯苓150g泽泻100g猪苓100g肉桂50g甘草60g
香砂养胃丸,丸剂,温中和胃。用于胃阳不足、湿阻气滞所致的胃痛、痞满，症见胃痛隐隐、脘闷不舒、呕吐酸水、嘈杂不适、不思饮食、四肢倦怠。,木香210g砂仁210g白术300g陈皮300g茯苓300g半夏（制）300g醋香附210g枳实（炒）210g豆蔻（去壳）210g姜厚朴210g广藿香210g甘草90g生姜90g大枣150g
骨刺消痛片,片剂,祛风止痛。用于风湿痹阻、瘀血阻络所致的痹病，症见关节疼痛、腰腿疼痛、屈伸不利；骨性关节炎、风湿性关节炎、风湿痛见上述证候者。,制川乌53.25g制草乌53.25g秦艽53.25g白芷53.25g甘草53.25g粉萆薢106.5g穿山龙106.5g薏苡仁106.5g制天南星53.25g红花106.5g当归53.25g徐长卿159.75g
骨质宁搽剂,搽剂,活血化瘀、消肿止痛。用于瘀血阻络所致骨性关节炎、软组织损伤，症见肿胀、麻木、疼痛及活动功能障碍。,云母石1000g黄连10g枯矾20g
骨痛灵酊,酊剂,温经散寒，祛风活血，通络止痛。用于腰、颈椎骨质增生，骨性关节炎，肩周炎，风湿性关节炎。,雪上一枝蒿80g干姜110g龙血竭1g乳香5g没药5g冰片1.5g
骨疏康胶囊,胶囊剂,补肾益气，活血壮骨。用于肾虚气血不足所致的中老年骨质疏松症，症见腰脊酸痛、胫膝酸软、神疲乏力。,淫羊藿1251g熟地黄1656g骨碎补828g黄芪1251g丹参828g木耳663g黄瓜子663g
骨疏康颗粒,颗粒剂,补肾益气，活血壮骨。用于肾虚气血不足所致的中老年人骨质疏松症，症见腰脊酸痛、胫膝酸软、神疲乏力。,淫羊藿500.4g熟地黄662.4g骨碎补331.2g黄芪500.4g丹参331.2g木耳265.2g黄瓜子265.2g
香苏正胃丸,丸剂,解表化湿，和中消食。用于小儿暑湿感冒，症见头痛发热、停食停乳、腹痛胀满、呕吐泄泻、小便不利。,广藿香80g紫苏叶160g香薷80g陈皮40g姜厚朴80g麸炒枳壳20g砂仁20g炒白扁豆40g炒山楂20g六神曲（炒）20g炒麦芽20g茯苓20g甘草11g滑石66g朱砂3.3g
香苏调胃片,片剂,解表和中，健胃化滞。用于胃肠积滞、外感时邪所致的身热体倦、饮食少进、呕吐乳食、腹胀便泻、小便不利。,广藿香60g香薷96g木香15g紫苏叶120g姜厚朴60g砂仁15g麸炒枳壳15g陈皮30g茯苓15g炒山楂15g炒麦芽15g白扁豆（去皮）48g葛根15g甘草8g六神曲（麸炒）15g生姜30g
香连丸,丸剂,清热化湿，行气止痛。用于大肠湿热所致的痢疾，症见大便脓血、里急后重、发热腹痛；肠炎、细菌性痢疾见上述证候者。,萸黄连800g木香200g
香连丸（浓缩丸）,丸剂,清热化湿，行气止痛。用于大肠湿热所致的痢疾，症见大便脓血、里急后重、发热腹痛；肠炎、细菌性痢疾见上述证候者。,萸黄连400g木香100g
香连片,片剂,清热化湿，行气止痛。用于大肠湿热所致的痢疾，症见大便脓血、里急后重、发热腹痛；肠炎、细菌性痢疾见上述证候者。,萸黄连800g木香200g
香连化滞丸,丸剂,清热利湿，行血化滞。用于大肠湿热所致的痢疾，症见大便脓血、里急后重、发热腹痛。,黄连60g木香60g黄芩75g麸炒枳实75g陈皮75g醋青皮75g姜厚朴75g炒槟榔60g滑石60g炒白芍150g当归150g甘草60g
香附丸,丸剂,舒肝健脾，养血调经。用于肝郁血虚、脾失健运所致的月经不调、月经前后诸症，症见经行前后不定期、经量或多或少、有血块，经前胸闷、心烦、双乳胀痛、食欲不振。,醋香附300g当归200g川芎50g炒白芍100g熟地黄100g炒白术100g砂仁25g陈皮50g黄芩50g
香附丸（水丸）,丸剂,舒肝健脾，养血调经。用于肝郁血虚、脾失健运所致的月经不调、月经前后诸症，症见经行前后不定期、经量或多或少、有血块，经前胸闷、心烦、双乳胀痛、食欲不振。,醋香附300g当归200g川芎50g炒白芍100g熟地黄100g炒白术100g砂仁25g陈皮50g黄芩50g
香砂六君丸,丸剂,益气健脾，和胃。用于脾虚气滞，消化不良，嗳气食少，脘腹胀满，大便溏泄。,木香70g砂仁80g党参100g炒白术200g茯苓200g炙甘草70g陈皮80g姜半夏100g
香砂平胃丸,丸剂,健胃，舒气，止痛。用于胃肠衰弱，消化不良，胸膈满闷，胃痛呕吐。,苍术200g陈皮200g姜厚朴200g木香100g砂仁100g甘草75g
香砂和中丸,丸剂,健脾燥湿，和中消食。用于脾胃不和，不思饮食，胸满腹胀，恶心呕吐，噫气吞酸。,陈皮60g姜厚朴60g苍术（土炒）60g麸炒枳壳60g醋青皮90g焦山楂90g砂仁15g炙甘草12g广藿香60g清半夏90g白术（土炒）90g茯苓90g六神曲（炒）60g
香砂枳术丸,丸剂,健脾开胃，行气消痞。用于脾虚气滞，脘腹痞闷，食欲不振，大便溏软。,木香150g麸炒枳实150g砂仁150g白术（麸炒）150g
香砂胃苓丸,丸剂,祛湿运脾，行气和胃。用于水湿内停之呕吐，泻泄，浮肿，眩晕，小便不利等症。,木香50g砂仁50g麸炒苍术150g姜厚朴150g麸炒白术150g陈皮150g茯苓150g泽泻100g猪苓100g肉桂50g甘草60g
香砂养胃丸,丸剂,温中和胃。用于胃阳不足、湿阻气滞所致的胃痛、痞满，症见胃痛隐隐、脘闷不舒、呕吐酸水、嘈杂不适、不思饮食、四肢倦怠。,木香210g砂仁210g白术300g陈皮300g茯苓300g半夏（制）300g醋香附210g枳实（炒）210g豆蔻（去壳）210g姜厚朴210g广藿香210g甘草90g生姜90g大枣150g
香砂养胃丸（浓缩丸）,丸剂,温中和胃。用于胃阳不足、湿阻气滞所致的胃痛、痞满，症见胃痛隐隐、脘闷不舒、呕吐酸水、嘈杂不适、不思饮食、四肢倦怠。,木香210g砂仁210g白术300g陈皮300g茯苓300g半夏（制）300g醋香附210g枳实（炒）210g豆蔻（去壳）210g姜厚朴210g广藿香210g甘草90g生姜90g大枣150g
香砂养胃颗粒,颗粒剂,温中和胃。用于胃阳不足、湿阻气滞所致的胃痛、痞满，症见胃痛隐隐、脘闷不舒、呕吐酸水、嘈杂不适、不思饮食、四肢倦怠。,木香152.2g砂仁152.2g白术217.4g陈皮217.4g茯苓217.4g姜半夏217.4g醋香附152.2g枳实（炒）152.2g豆蔻（去壳）152.2g姜厚朴152.2g广藿香152.2g甘草65.2g
复方大青叶合剂,口服液,疏风清热，解毒消肿，凉血利胆。用于外感风热或瘟毒所致的发热头痛、咽喉红肿、耳下肿痛、胁痛黄疸；流感、腮腺炎、急性病毒性肝炎见上述证候者。,大青叶400g金银花200g羌活100g拳参100g大黄100g
复方川贝精片,片剂,宣肺化痰，止咳平喘。用于风寒咳嗽、痰喘引起的咳嗽气喘、胸闷、痰多；急、慢性支气管炎见上述证候者。,麻黄浸膏适量（相当于盐酸麻黄碱和盐酸伪麻碱的总量2.1g）川贝母25g陈皮94g桔梗94g五味子53g甘草浸膏15g法半夏75g远志53g
复方川芎片,片剂,活血化瘀，通脉止痛。用于冠心病稳定型心绞痛属心血瘀阻证者。,川芎485g当归485g
复方川芎胶囊,胶囊剂,活血化瘀，通脉止痛。用于冠心病稳定型心绞痛属心血瘀阻证者。,川芎485g当归485g
复方牛黄消炎胶囊,胶囊剂,清热解毒，镇静安神。用于气分热盛，高热烦躁；上呼吸道感染、肺炎、气管炎见上述证候者。,人工牛黄35.7g黄芩190.6g栀子62.3g朱砂50g珍珠母28.6g郁金66g雄黄50g冰片20g石膏71.4g水牛角浓缩粉95.4g盐酸小檗碱4.3g
复方牛黄清胃丸,丸剂,清热泻火，解毒通便。用于胃肠实热所致的口舌生疮、牙龈肿痛、咽膈不利、大便秘结、小便短赤。,大黄240g炒牵牛子200g栀子（姜炙）80g石膏120g芒硝80g黄芩80g黄连20g连翘80g炒山楂160g陈皮160g姜厚朴80g枳实80g香附40g猪牙皂120g荆芥穗40g薄荷40g防风40g菊花40g白芷120g桔梗80g玄参120g甘草40g人工牛黄13g冰片51.5g
复方丹参丸（浓缩丸）,丹剂,活血化瘀，理气止痛。用于气滞血瘀所致的胸痹，症见胸闷、心前区刺痛；冠心病心绞痛见上述证候者。,丹参1350g三七423g冰片24g
复方丹参片,片剂,活血化瘀，理气止痛。用于气滞血瘀所致的胸痹，症见胸闷、心前区刺痛；冠心病心绞痛见上述证候者。,丹参450g三七141g冰片8g
复方丹参胶囊,胶囊剂,活血化瘀，理气止痛。用于气滞血瘀所致的胸痹，症见胸闷、心前区刺痛；冠心病、心绞痛见上述证候者。,丹参450g三七141g冰片8g
复方丹参喷雾剂,丹剂,活血化瘀，理气止痛。用于气滞血瘀所致的胸痹，症见胸闷、心前区刺痛；冠心病心绞痛见上述证候者。,丹参464g三七145.4g冰片8.25g
复方丹参颗粒,颗粒剂,活血化瘀，理气止痛。用于气滞血瘀所致的胸痹，症见胸闷、心前区刺痛；冠心病心绞痛见上述证候者。,丹参1350g三七423g冰片24g
复方丹参滴丸,滴丸,活血化瘀，理气止痛。用于气滞血瘀所致的胸痹，症见胸闷、心前区刺痛；冠心病心绞痛见上述证候者。用于2型糖尿病引起的Ⅰ期（轻度）、Ⅱ期（中度）非增殖性糖尿病视网膜病变气滞血瘀证所致的视物昏花、面色晦暗、眼底点片状出血，舌质紫暗或有瘀点瘀斑、脉涩或细涩。,丹参90g三七17.6g冰片1g
复方双花口服液,口服液,清热解毒，利咽消肿。用于风热外感、风热乳蛾。症见发热，微恶风，头痛，鼻塞流涕，咽红而痛或咽喉干燥灼痛，吞咽则加剧，咽扁桃体红肿，舌边尖红苔薄黄或舌红苔黄，脉浮数或数。,金银花250g连翘250g穿心莲250g板蓝根250g
复方石韦片,片剂,清热燥湿，利尿通淋。用于下焦湿热所致的热淋，症见小便不利、尿频、尿急、尿痛、下肢浮肿；急性肾小球肾炎、肾盂肾炎、膀胱炎、尿道炎见上述证候者。,石韦569g黄芪569g苦参569g萹蓄569g
复方龙血竭胶囊,胶囊剂,活血化瘀，通窍止痛。用于稳定性劳力性冠心病心绞痛Ⅰ、Ⅱ级，中医辨证为心血瘀阻证，症见胸闷刺痛、绞痛，固定不移，入夜更甚，时或心悸不宁，舌质紫暗，脉沉。,龙血竭260g三七140g冰片2g
复方仙鹤草肠炎胶囊,胶囊剂,清热燥湿，健脾止泻。用于脾虚湿热内蕴所致的泄泻急迫、泻而不爽，或大便溏泻、食少倦怠、腹胀腹痛；急、慢性肠炎见上述证候者。,仙鹤草1250g黄连375g木香375g蝉蜕375g石菖蒲375g桔梗250g
复方瓜子金颗粒,颗粒剂,清热利咽，散结止痛，祛痰止咳。用于风热袭肺或痰热壅肺所致的咽部红肿、咽痛、发热、咳嗽；急性咽炎、慢性咽炎急性发作及上呼吸道感染见上述证候者。,瓜子金150g大青叶350g野菊花200g海金沙250g白花蛇舌草250g紫花地丁200g
复方血栓通胶囊,胶囊剂,活血化瘀，益气养阴。用于血瘀兼气阴两虚证的视网膜静脉阻塞，症见视力下降或视觉异常、眼底瘀血征象、神疲乏力、咽干、口干；以及用于血瘀兼气阴两虚的稳定性劳累型心绞痛，症见胸闷、胸痛、心悸、心慌、气短、乏力、心烦、口干。,三七250g黄芪80g丹参50g玄参80g
复方羊角片,片剂,平肝熄风，通络止痛。用于肝风上扰，瘀血阻络所致偏头痛，紧张性头痛。,山羊角1050g川芎350g白芷350g制川乌250g
复方芩兰口服液,口服液,辛凉解表，清热解毒。用于外感风热引起的发热、咳嗽、咽痛。,金银花500g黄芩500g连翘1000g板蓝根500g
复方杏香兔耳风颗粒,颗粒剂,清热化湿，祛瘀生新。用于湿热下注所致的带下，症见带下量多、色黄，小腹隐痛；宫颈糜烂、阴道炎、慢性盆腔炎见上述证候者。,杏香兔耳风1389g白术（漂）556g
复方扶芳藤合剂,口服液,益气补血，健脾养心。用于气血不足，心脾两虚，症见气短胸闷、少气懒言、神疲乏力、自汗、心悸健忘、失眠多梦、面色不华、纳谷不馨、脘腹胀满、大便溏软、舌淡胖或有齿痕、脉细弱；神经衰弱、白细胞减少症见上述证候者。,扶芳藤667g黄芪333g红参40g
复方陈香胃片,片剂,行气和胃，制酸止痛。用于脾胃气滞所致的胃脘疼痛、脘腹痞满、嗳气吞酸；胃及十二指肠溃疡、慢性胃炎见上述证候者。,陈皮84g木香20g石菖蒲11g大黄20g碳酸氢钠17g重质碳酸镁17g氢氧化铝84g
复方青黛丸,丸剂,清热凉血，解毒消斑。用于血热所致的白疕、血风疮，症见皮疹色鲜红、筛状出血明显、鳞屑多、瘙痒明显，或皮疹为圆形、椭圆形红斑，上附糠粃状鳞屑，有母斑；银屑病进行期、玫瑰糠疹见上述证候者。,青黛40g乌梅133.3g蒲公英53.3g紫草53.3g白芷66.7g丹参66.7g白鲜皮66.7g建曲40g绵马贯众40g土茯苓133.3g马齿苋133.3g绵萆薢66.7g焦山楂40g南五味子（酒蒸）66.7g
复方苦参肠炎康片,片剂,清热燥湿止泻。用于湿热泄泻，症见泄泻急迫或泻而不爽、肛门灼热、腹痛、小便短赤；急性胃肠炎见上述证候者。,苦参600g黄连350g黄芩350g白芍300g车前子300g金银花350g甘草250g颠茄流浸膏7ml
复方金钱草颗粒,颗粒剂,清热利湿，通淋排石。用于湿热下注所致的热淋、石淋，症见尿频、尿急、尿痛、腰痛；泌尿系结石、尿路感染见上述证候者。,广金钱草218g车前草109g光石韦109g玉米须54.5g
复方金黄连颗粒,颗粒剂,清热疏风，解毒利咽。用于风热感冒，症见发热、恶风、头痛、鼻塞、流浊涕、咳嗽、咽痛。,连翘625g蒲公英625g黄芩500g金银花375g板蓝根375g
复方鱼腥草片,片剂,清热解毒。用于外感风热所致的急喉痹、急乳蛾，症见咽部红肿、咽痛；急性咽炎、急性扁桃体炎见上述证候者。,鱼腥草583g黄芩150g板蓝根150g连翘58g金银花58g
复方鱼腥草合剂,口服液,清热解毒。用于外感风热所致的急喉痹、急乳蛾，症见咽部红肿、咽痛；急性咽炎、急性扁桃体炎见上述证候者。,鱼腥草100g黄芩25g板蓝根25g连翘10g金银花10g
复方鱼腥草糖浆,糖浆剂,清热解毒。用于外感风热所致的急喉痹、急乳蛾，症见咽部红肿、咽痛；急性咽炎、急性扁桃体炎见上述证候者。,鱼腥草100g黄芩25g板蓝根25g连翘10g金银花10g
复方珍珠口疮颗粒,颗粒剂,燥湿，生肌止痛。用于心脾湿热证口疮，症见口疮，周围红肿，中间凹陷，表面黄白，灼热疼痛，口干，口臭，舌红；复发性口腔溃疡见上述证候者。,珍珠15g五倍子300g苍术450g甘草150g
复方珍珠散,散剂,收湿敛疮，生肌长肉。用于热毒蕴结所致的溃疡，症见疮面鲜活、脓腐将尽。,煅石决明750g龙骨（煅）150g煅白石脂90g煅石膏60g珍珠7.5g人工麝香7.5g冰片30g
复方珍珠暗疮片,片剂,清热解毒，凉血消斑。用于血热蕴阻肌肤所致的粉刺、湿疮，症见颜面部红斑、粉刺疙瘩、脓疱，或皮肤红斑丘疹、瘙痒；痤疮、红斑丘疹性湿疹见上述证候者。,山银花28g蒲公英28g黄芩106g黄柏28g猪胆粉0.65g地黄84g玄参56g水牛角浓缩粉10g山羊角3g当归尾28g赤芍50g酒大黄56g川木通112g珍珠层粉3g北沙参50g
复方草珊瑚含片,片剂,疏风清热，消肿止痛，清利咽喉。用于外感风热所致的喉痹，症见咽喉肿痛、声哑失音；急性咽喉炎见上述证候者。,肿节风浸膏30g薄荷脑0.5g薄荷素油0.3ml
复方牵正膏,膏剂,祛风活血，舒经活络。用于风邪中络，口眼歪斜，肌肉麻木，筋骨疼痛。,白附子50g地龙50g全蝎50g僵蚕50g川芎40g白芷40g当归40g赤芍40g防风40g生姜40g樟脑10g冰片10g薄荷脑5g麝香草酚5g
复方夏天无片,片剂,祛风逐湿，舒筋活络，行血止痛。用于风湿瘀血阻滞，经络不通引起的关节肿痛、肢体麻木、屈伸不利、步履艰难；风湿性关节炎、坐骨神经痛、脑血栓形成后遗症及小儿麻痹后遗症见上述证候者。,夏天无60g夏天无总碱2.25g制草乌15g人工麝香4.5mg乳香（制）3.75g蕲蛇0.75g独活7.5g豨莶草45g安痛藤45g威灵仙22.5g丹参22.5g鸡矢藤30g鸡血藤37.5g山楂叶7.5g牛膝7.5g当归15g防己7.5g苍术7.5g五加皮7.5g川芎7.5g没药（制）3.75g秦艽3.75g羌活3.75g木香3.75g赤芍3.75g防风3.75g骨碎补3.75g制马钱子4.5g僵蚕1.5g全蝎1.5g麻黄1.5g三七1.5g冰片0.75g
复方益母草胶囊,胶囊剂,调经活血，祛瘀生新。用于瘀血所致月经过多、过少及经期延长，产后子宫复旧不全引起的恶露不绝。,益母草2200g熟地黄275g当归825g
复方益肝丸,丸剂,清热利湿，疏肝理脾，化瘀散结。用于湿热毒蕴所致的胁肋胀痛、黄疸、口干口苦、苔黄脉弦；急、慢性肝炎见上述证候者。,茵陈75g板蓝根75g龙胆50g野菊花50g蒲公英50g山豆根75g垂盆草50g蝉蜕75g苦杏仁75g人工牛黄15g夏枯草50g车前子50g土茯苓75g胡黄连75g牡丹皮50g丹参100g红花25g大黄25g香附75g青皮75g枳壳25g槟榔35g鸡内金25g人参25g桂枝100g五味子50g柴胡25g炙甘草25g
复方益肝灵胶囊,胶囊剂,益肝滋肾，解毒祛湿。用于肝肾阴虚，湿毒未清所致的胁痛，症见胁痛、纳差、腹胀、腰酸乏力、尿黄；慢性肝炎见上述证候者。,水飞蓟素30g五味子700g
复方消食茶,茶剂,健脾利湿，开胃导滞。用于脾虚食滞，食欲不振，便溏消瘦。,苍术1500g白术1300g神曲茶1000g广山楂1000g薏苡仁700g小槐花1500g
复方黄连素片,片剂,清热燥湿，行气止痛，止痢止泻。用于大肠湿热，赤白下痢，里急后重或暴注下泻，肛门灼热；肠炎、痢疾见上述证候者。,盐酸小檗碱30g木香116g吴茱萸40g白芍162g
复方黄柏液涂剂,搽剂,清热解毒，消肿祛腐。用于疮疡溃后，伤口感染，属阳证者。,连翘80g黄柏40g金银花40g蒲公英40g蜈蚣2.4g
复方羚角降压片,片剂,平肝泄热。用于肝火上炎、肝阳上亢所致的头晕、头胀、头痛、耳鸣；高血压病见上述证候者。,羚羊角8.6g夏枯草582g黄芩186g槲寄生582g
复方蛤青片,片剂,补气敛肺，止咳平喘，温化痰饮。用于肺虚咳嗽，气喘痰多；老年慢性气管炎、肺气肿、喘息性支气管炎见上述证候者。,干蟾180g黄芪225g白果90g紫菀112.5g苦杏仁112.5g前胡67.5g附片22.5g南五味子67.5g黑胡椒22.5g
复方满山红糖浆,糖浆剂,止咳，祛痰，平喘。用于痰浊阻肺引起的咳嗽，痰多，喘息；急、慢性支气管炎见上述证候者。,满山红200g百部100g罂粟壳50g桔梗100g远志100g
复方滇鸡血藤膏,膏剂,活血养血，益肾。用于瘀血阻络、肾失所养所致的月经不调，症见经水后错、经量少、有血块，腰酸、小腹下坠、手足麻木、关节酸痛。,滇鸡血藤膏粉218.75g川牛膝59.5g续断53g红花5g黑豆12.5g
复方鲜竹沥液,口服液,清热化痰，止咳。用于痰热咳嗽，痰黄黏稠。,鲜竹沥400ml鱼腥草150g生半夏25g生姜25g枇杷叶150g桔梗75g薄荷素油1ml
复方熊胆滴眼液,洗剂,清热降火，退翳明目。用于肝火上炎、热毒伤络所致的白睛红赤、眵多、羞明流泪；急性细菌性结膜炎、流行性角结膜炎见上述证候者。,熊胆粉3g天然冰片1g
复芪止汗颗粒,颗粒剂,益气，固表，敛汗。用于气虚不固，多汗，倦怠，乏力。,黄芪330g党参400g麻黄根160g炒白术160g煅牡蛎500g五味子（蒸）80g
复明片,片剂,滋补肝肾，养阴生津，清肝明目。用于肝肾阴虚所致的羞明畏光、视物模糊；青光眼，初、中期白内障见上述证候者。,羚羊角1g蒺藜40g木贼25g菊花50g车前子25g夏枯草25g决明子40g人参15g酒萸肉25g石斛40g枸杞子40g菟丝子25g女贞子25g石决明50g黄连10g谷精草25g木通25g熟地黄25g山药25g泽泻10g茯苓25g牡丹皮25g地黄25g槟榔25g
复脉定胶囊,胶囊剂,补气活血，宁心安神。用于气虚血瘀所致的怔忡、心悸、脉结代；轻、中度房性早搏或室性早搏见有上述证候者。,党参1115.6g黄芪892.4g远志743.7g桑椹743.7g川芎371.9g
便通片,片剂,健脾益肾，润肠通便。用于脾肾不足，肠腑气滞所致的便秘。症见：大便秘结或排便乏力，神疲气短，头晕目眩，腰膝酸软；习惯性便秘，肛周疾患所引起的便秘见上述证候者。,麸炒白术296g肉苁蓉210g当归170g桑椹127g枳实127g芦荟65g
便通胶囊,胶囊剂,健脾益肾，润肠通便。用于脾肾不足，肠腑气滞所致的便秘。症见：大便秘结或排便乏力，神疲气短，头晕目眩，腰膝酸软；习惯性便秘，肛周疾患所引起的便秘见上述证候者。,麸炒白术296g肉苁蓉210g当归170g桑椹127g枳实127g芦荟65g
保心片,片剂,滋补肝肾，活血化瘀。用于肝肾不足、瘀血内停所致的胸痹，症见胸闷、心前区刺痛；冠心病心绞痛见上述证候者。,三七45g丹参540g川芎360g山楂450g制何首乌157.5g何首乌292.5g
保妇康栓,栓剂,行气破瘀，生肌止痛。用于湿热瘀滞所致的带下病，症见带下量多、色黄、时有阴部瘙痒；霉菌性阴道炎、老年性阴道炎、宫颈糜烂见上述证候者。,莪术油82g冰片75g
保赤散,散剂,消食导滞，化痰镇惊。用于小儿冷积，停乳停食，大便秘结，腹部胀满，痰多。,六神曲（炒）250g巴豆霜150g天南星（制）400g朱砂250g
保和丸,丸剂,消食，导滞，和胃。用于食积停滞，脘腹胀满，嗳腐吞酸，不欲饮食。,焦山楂300g六神曲（炒）100g半夏（制）100g茯苓100g陈皮50g连翘50g炒莱菔子50g炒麦芽50g
保和丸（水丸）,丸剂,消食，导滞，和胃。用于食积停滞，脘腹胀满，嗳腐吞酸，不欲饮食。,焦山楂300g六神曲（炒）100g半夏（制）100g茯苓100g陈皮50g连翘50g炒莱菔子50g炒麦芽50g
保和片,片剂,消食，导滞，和胃。用于食积停滞，脘腹胀满，嗳腐吞酸，不欲饮食。,焦山楂500g六神曲（炒）166.7g姜半夏166.7g茯苓166.7g陈皮83.3g连翘83.3g炒麦芽83.3g炒莱菔子83.3g
保和颗粒,颗粒剂,消食，导滞，和胃。用于食积停滞，脘腹胀满，嗳腐吞酸，不欲饮食。,焦山楂333g六神曲（炒）111g姜半夏111g茯苓111g陈皮56g连翘56g炒麦芽56g炒莱菔子56g
保胎丸,丸剂,益气养血，补肾安胎。用于气血不足、肾气不固所致的胎漏、胎动不安，症见小腹坠痛，或见阴道少量出血，或屡经流产，伴神疲乏力、腰膝酸软。,熟地黄125g醋艾炭200g荆芥穗50g平贝母100g槲寄生150g菟丝子（酒炙）200g黄芪200g炒白术200g麸炒枳壳150g砂仁125g黄芩100g姜厚朴50g甘草25g川芎150g白芍200g羌活25g当归200g
保济口服液,口服液,解表，祛湿，和中。用于暑湿感冒，症见发热头痛、腹痛腹泻、恶心呕吐、肠胃不适；亦可用于晕车晕船。,钩藤3.4g菊花6.8g蒺藜3.4g厚朴13.6g木香13.6g苍术13.6g天花粉10.2g广藿香13.6g葛根13.6g化橘红6.8g白芷13.6g薏苡仁17.1g稻芽10.2g薄荷6.8g茯苓27.3g广东神曲13.6g
保济丸,丸剂,解表，祛湿，和中。用于暑湿感冒，症见发热头痛、腹痛腹泻、恶心呕吐、肠胃不适；亦可用于晕车晕船。,钩藤34.1g菊花68.2g蒺藜34.1g厚朴136.4g木香136.4g苍术136.4g天花粉102.3g广藿香136.4g葛根136.4g化橘红68.2g白芷136.4g薏苡仁170.5g稻芽102.3g薄荷68.2g茯苓272.8g广东神曲136.4g
恒古骨伤愈合剂,口服液,活血益气、补肝肾、接骨续筋、消肿止痛、促进骨折愈合。用于新鲜骨折及陈旧骨折、股骨头坏死、骨关节病、腰椎间盘突出症。,陈皮10g红花15g三七30g杜仲30g人参20g黄芪40g洋金花6g钻地风10g鳖甲10g
恒制咳喘胶囊,胶囊剂,益气温阳，燥湿化痰，降气平喘。用于阳虚痰阻所致的咳嗽痰喘，胸脘满闷，倦怠乏力。,法半夏480.8g红花14.4g生姜120.2g白及50.4g佛手14.4g甘草14.4g紫苏叶28.8g薄荷14.4g香橼14.4g陈皮14.4g红参28.8g西洋参28.8g砂仁14.4g沉香28.8g丁香14.4g豆蔻14.4g肉桂28.8g煅赭石4.2g
追风透骨丸,丸剂,祛风除湿，通经活络，散寒止痛。用于风寒湿痹，肢节疼痛，肢体麻木。,制川乌100g白芷100g制草乌100g香附（制）100g甘草100g白术（炒）50g没药（制）20g麻黄100g川芎100g乳香（制）50g秦艽50g地龙100g当归50g茯苓200g赤小豆100g羌活100g天麻50g赤芍100g细辛100g防风50g天南星（制）100g桂枝50g甘松50g
胆石通胶囊,胶囊剂,清热利湿，利胆排石。用于肝胆湿热所致的胁痛、胆胀，症见右胁胀痛、痞满呕恶、尿黄口苦；胆石症、胆囊炎见上述证候者。,蒲公英825g水线草825g绵茵陈825g广金钱草550g溪黄草550g大黄415g枳壳275g柴胡275g黄芩275g鹅胆粉10g
胆乐胶囊,胶囊剂,理气止痛，利胆排石。用于肝郁气滞所致的胁痛、胆胀，症见胁肋胀痛、纳呆尿黄；慢性胆囊炎、胆石症见上述证候者。,猪胆汁酸75g陈皮75g南山楂600g郁金240g连钱草600g
胆宁片,片剂,疏肝利胆，清热通下。用于肝郁气滞、湿热未清所致的右上腹隐隐作痛、食入作胀、胃纳不香、嗳气、便秘；慢性胆囊炎见上述证候者。,大黄48g虎杖720g青皮288g白茅根432g陈皮288g郁金432g山楂720g
胆康胶囊,胶囊剂,舒肝利胆，清热解毒，理气止痛。用于急、慢性胆囊炎，胆道结石。,柴胡180g蒲公英360g大黄150g郁金180g茵陈380g人工牛黄40g栀子290g薄荷素油2g
脉络舒通丸,丸剂,清热解毒，化瘀通络，祛湿消肿。用于湿热瘀阻脉络所致的血栓性浅静脉炎，非急性期深静脉血栓形成所致的下肢肢体肿胀、疼痛、肤色暗红或伴有条索状物。,黄芪833g金银花833g黄柏417g苍术417g薏苡仁833g玄参833g当归417g白芍417g甘草138g水蛭417g蜈蚣33g全蝎138g
脉络舒通颗粒,颗粒剂,清热解毒，化瘀通络，祛湿消肿。用于湿热瘀阻脉络所致的血栓性浅静脉炎，非急性期深静脉血栓形成所致的下肢肢体肿胀、疼痛、肤色暗红或伴有条索状物。,黄芪500g金银花500g黄柏250g苍术250g薏苡仁500g玄参500g当归250g白芍250g甘草83g水蛭250g蜈蚣20g全蝎83g
脉管复康片,片剂,活血化瘀、通经活络。用于瘀血阻滞、脉络不通引起的脉管炎、硬皮病、动脉硬化性下肢血管闭塞症，对冠心病、脑血栓后遗症属上述证候者也有一定治疗作用。,丹参526.24g鸡血藤526.24g郁金210.50g乳香84.2g没药84.2g
独一味片,片剂,活血止痛，化瘀止血。用于多种外科手术后的刀口疼痛、出血，外伤骨折，筋骨扭伤，风湿痹痛以及崩漏、痛经、牙龈肿痛、出血。,独一味1000g
独一味胶囊,胶囊剂,活血止痛，化瘀止血。用于多种外科手术后的刀口疼痛、出血，外伤骨折，筋骨扭伤，风湿痹痛以及崩漏、痛经、牙龈肿痛、出血。,独一味1000g
独圣活血片,片剂,活血消肿，理气止痛。用于跌打损伤，瘀血肿胀及气滞血瘀所致的痛经。,三七168g香附（四炙）336g当归280g醋延胡索420g鸡血藤560g大黄140g甘草84g
独活寄生丸,丸剂,养血舒筋，祛风除湿，补益肝肾。用于风寒湿闭阻、肝肾两亏、气血不足所致的痹病，症见腰膝冷痛、屈伸不利。,独活54g桑寄生54g熟地黄36g牛膝54g细辛54g秦艽54g茯苓54g肉桂54g防风54g川芎54g党参54g甘草36g酒当归36g白芍36g盐杜仲54g
独活寄生合剂,口服液,养血舒筋，祛风除湿，补益肝肾。用于风寒湿闭阻、肝肾两亏、气血不足所致的痹病，症见腰膝冷痛、屈伸不利。,独活98g桑寄生65g秦艽65g防风65g细辛65g当归65g白芍65g川芎65g熟地黄65g盐杜仲65g川牛膝65g党参65g茯苓65g甘草65g桂枝65g
急支颗粒,颗粒剂,清热化痰，宣肺止咳。用于外感风热所致的咳嗽，症见发热、恶寒、胸膈满闷、咳嗽咽痛；急性支气管炎、慢性支气管炎急性发作见上述证候者。,鱼腥草900g金荞麦900g四季青900g蜜麻黄180g紫菀450g前胡270g枳壳270g甘草90g
急支糖浆,糖浆剂,清热化痰，宣肺止咳。用于外感风热所致的咳嗽，症见发热、恶寒、胸膈满闷、咳嗽咽痛；急性支气管炎、慢性支气管炎急性发作见上述证候者。,鱼腥草150g金荞麦150g四季青150g蜜麻黄30g紫菀75g前胡45g枳壳45g甘草15g
养心氏片,片剂,益气活血，化瘀止痛。用于气虚血瘀所致的胸痹，症见心悸气短、胸闷、心前区刺痛；冠心病、心绞痛见于上述证候者。,黄芪120g党参100g丹参80g葛根80g淫羊藿80g山楂80g地黄60g当归60g黄连60g醋延胡索60g灵芝60g人参25g炙甘草25g
养心生脉颗粒,颗粒剂,益气养阴，活血祛瘀。用于气虚阴亏血瘀所致的胸痹心痛，症见胸闷、胸痛、心悸、气短、乏力、口干咽燥；冠心病心绞痛见上述证候者。,人参71g麦冬71g丹参237g五味子71g龙眼肉71g枸杞子71g赤芍71g牛膝71g郁金71g木香71g佛手71g茯苓71g泽泻71g甘草71g
养心定悸口服液,口服液,养血益气，复脉定悸。用于气虚血少，心悸气短，心律不齐，盗汗失眠，咽干舌燥，大便干结。,地黄400g麦冬200g红参67g大枣200g阿胶67g黑芝麻167g桂枝100g生姜100g炙甘草133g
养心定悸膏,膏剂,养血益气，复脉定悸。用于气虚血少，心悸气短，心律不齐，盗汗失眠，咽干舌燥，大便干结。,地黄120g麦冬60g红参20g大枣60g阿胶20g黑芝麻50g桂枝30g生姜30g炙甘草40g
养正消积胶囊,胶囊剂,健脾益肾、化瘀解毒。适用于不宜手术的脾肾两虚、瘀毒内阻型原发性肝癌辅助治疗，与肝内动脉介入灌注加栓塞化疗合用，有助于提高介入化疗疗效、减轻对白细胞、肝功能、血红蛋白的毒性作用，改善患者生存质量、改善脘腹胀满、纳呆食少、神疲乏力、腰膝酸软、溲赤便溏、疼痛。,黄芪250g女贞子200g人参65g莪术132g灵芝65g绞股蓝256g炒白术64g半枝莲128g白花蛇舌草128g茯苓65g土鳖虫20g鸡内金30g蛇莓128g白英128g茵陈（绵茵陈）128g徐长卿128g
养血生发胶囊,胶囊剂,养血祛风，益肾填精。用于血虚风盛、肾精不足所致的脱发，症见毛发松动或呈稀疏状脱落、毛发干燥或油腻、头皮瘙痒；斑秃、全秃、脂溢性脱发与病后、产后脱发见上述证候者。,熟地黄203.75g当归101.87g羌活40.75g木瓜61.12g川芎40.75g白芍101.87g菟丝子101.87g天麻20.37g制何首乌203.75g
养血当归胶囊,胶囊剂,补气养血，调经。用于气血两虚所致的月经不调，月经量少，行经腹痛及产后血虚，或见面黄肌瘦、贫血。,当归889g白芍56g熟地黄56g茯苓56g炙甘草28g党参56g黄芪56g川芎28g
养血当归糖浆,糖浆剂,补气养血，调经。用于气血两虚所致的月经不调，月经量少，行经腹痛及产后血虚，或见面黄肌瘦、贫血。,当归266.7g白芍16.7g熟地黄16.7g茯苓16.7g炙甘草8.33g党参16.7g黄芪16.7g川芎8.33g
养血饮口服液,口服液,补气养血，益肾助脾。用于气血两亏，崩漏下血，体虚羸弱，血小板减少及贫血，对放疗和化疗后引起的白细胞减少症有一定的治疗作用。,当归150g黄芪200g鹿角胶15g阿胶5g大枣100g
养血荣筋丸,丸剂,养血荣筋，祛风通络。用于陈旧性跌打损伤，症见筋骨疼痛、肢体麻木、肌肉萎缩、关节不利。,当归45g鸡血藤75g何首乌（黑豆酒炙）150g赤芍75g续断75g桑寄生75g铁丝威灵仙（酒炙）45g伸筋草75g透骨草45g油松节45g盐补骨脂60g党参75g炒白术60g陈皮45g木香45g赤小豆75g
养血清脑丸,丸剂,养血平肝，活血通络。用于血虚肝旺所致的头痛眩晕、心烦易怒、失眠多梦。,当归405.6g川芎405.6g白芍324.3g熟地黄324.3g钩藤810.8g鸡血藤810.8g夏枯草810.8g决明子810.8g珍珠母810.8g延胡索405.6g细辛80.8g
养血清脑颗粒,颗粒剂,养血平肝，活血通络。用于血虚肝旺所致的头痛眩晕、心烦易怒、失眠多梦。,当归253.5g川芎253.5g白芍202.7g熟地黄202.7g钩藤506.8g鸡血藤506.8g夏枯草506.8g决明子506.8g珍珠母506.8g延胡索253.5g细辛50.5g
养阴生血合剂,口服液,养阴清热，益气生血。用于阴虚内热、气血不足所致的口干咽燥、食欲减退、倦怠无力；有助于减轻肿瘤患者白细胞下降，改善免疫功能，用于肿瘤患者放疗时见上述证候者。,地黄400g黄芪500g当归200g玄参300g麦冬300g石斛200g川芎200g
养阴降糖片,片剂,养阴益气，清热活血。用于气阴不足、内热消渴，症见烦热口渴、多食多饮、倦怠乏力；2型糖尿病见上述证候者。,黄芪250g党参110g葛根145g枸杞子110g玄参145g玉竹110g地黄180g知母110g牡丹皮110g川芎145g虎杖180g五味子70g
养阴清肺丸,丸剂,养阴润燥，清肺利咽。用于阴虚肺燥，咽喉干痛，干咳少痰或痰中带血。,地黄200g麦冬120g玄参160g川贝母80g白芍80g牡丹皮80g薄荷50g甘草40g
养阴清肺口服液,口服液,养阴润肺，清肺利咽。用于阴虚肺燥，咽喉干痛，干咳少痰，或痰中带血。,地黄100g麦冬60g玄参80g川贝母40g白芍40g牡丹皮40g薄荷25g甘草20g
养阴清肺膏,膏剂,养阴润燥，清肺利咽。用于阴虚肺燥，咽喉干痛，干咳少痰或痰中带血。,地黄100g麦冬60g玄参80g川贝母40g白芍40g牡丹皮40g薄荷25g甘草20g
养胃颗粒,颗粒剂,养胃健脾，理气和中。用于脾虚气滞所致的胃痛，症见胃脘不舒、胀满疼痛、嗳气食少；慢性萎缩性胃炎见上述证候者。,炙黄芪500g党参333g白芍500g甘草281g陈皮250g香附500g乌梅167g山药500g
前列欣胶囊,胶囊剂,活血化瘀，清热利湿。用于瘀血凝聚、湿热下注所致的淋证，症见尿急、尿痛、排尿不畅、滴沥不净；慢性前列腺炎、前列腺增生见上述证候者。,炒桃仁84.3g没药（炒）84.3g丹参84.3g赤芍84.3g红花84.3g泽兰84.3g炒王不留行84.3g皂角刺84.3g败酱草281g蒲公英281g川楝子84.3g白芷84.3g石韦140.5g枸杞子84.3g
前列通片,片剂,清利湿浊，化瘀散结。用于热瘀蕴结下焦所致的轻、中度癃闭，症见排尿不畅、尿流变细、小便频数，可伴尿急、尿痛或腰痛；前列腺炎和前列腺增生见上述证候者。,广东王不留行400g黄芪464g车前子264g关黄柏336g两头尖336g蒲公英336g泽兰336g琥珀75g八角茴香油1.7ml肉桂油0.88ml
前列舒丸,丸剂,扶正固本，益肾利尿。用于肾虚所致的淋证，症见尿频、尿急、排尿滴沥不尽；慢性前列腺炎及前列腺增生症见上述证候者。,熟地黄120g薏苡仁120g冬瓜子75g山茱萸60g山药60g牡丹皮60g苍术60g桃仁60g泽泻45g茯苓45g桂枝15g附子（制）15g韭菜子15g淫羊藿20g甘草15g
首乌丸,丸剂,补肝肾，强筋骨，乌须发。用于肝肾两虚，头晕目花，耳鸣，腰酸肢麻，须发早白；亦用于高脂血症。,制何首乌360g熟地黄20g酒牛膝40g桑椹182g酒女贞子40g墨旱莲235g桑叶（制）40g黑芝麻16g菟丝子（酒蒸）80g金樱子259g盐补骨脂40g豨莶草（制）80g金银花（制）20g
洁白丸,丸剂,健脾和胃，止痛止吐，分清泌浊。用于胸腹胀满，胃脘疼痛，消化不良，呕逆泄泻，小便不利。,诃子（煨）370g南寒水石210g翼首草85g五灵脂膏178g土木香26g石榴子26g木瓜26g沉香19g丁香20g石灰华13g红花6g肉豆蔻13g草豆蔻13g草果仁13g
活力苏口服液,口服液,益气补血，滋养肝肾。用于年老体弱，精神萎靡，失眠健忘，眼花耳聋，脱发或头发早白属气血不足，肝肾亏虚者。,制何首乌1000g淫羊藿300g黄精（制）440g枸杞子300g黄芪440g丹参220g
活血止痛软胶囊,软胶囊,活血散瘀，消肿止痛。用于跌打损伤，瘀血肿痛。,当归222g三七44g醋乳香44g冰片11g土鳖虫111g煅自然铜67g
活血止痛胶囊,胶囊剂,活血散瘀，消肿止痛。用于跌打损伤，瘀血肿痛。,当归222g三七44g醋乳香44g冰片11g土鳖虫111g煅自然铜67g
活血止痛散,散剂,活血散瘀，消肿止痛。用于跌打损伤，瘀血肿痛。,当归400g三七80g乳香（制）80g冰片20g土鳖虫200g煅自然铜120g
活血止痛膏,膏剂,活血止痛，舒筋通络。用于筋骨疼痛，肌肉麻痹，痰核流注，关节酸痛。,干姜28.6g山柰16.1g白芷16.1g甘松14.3g大黄14.3g生天南星9g生半夏14.3g没药3.6g乳香3.6g冰片7.2g薄荷脑7.2g樟脑7.2g陈皮16.1g当归9g丁香9g胡椒9g香加皮7.2g细辛7.2g荆芥7.2g桂枝7.2g辛夷5.4g川芎5.4g独活5.4g牡丹皮3.6g辣椒3.6g苍术3.6g颠茄流浸膏10.7g水杨酸甲酯10.7g
活血壮筋丸,丸剂,祛风活血，强腰壮筋。用于筋骨疼痛，周身麻木，半身不遂，口歪眼斜。,制川乌400g红花40g血竭50g乳香（去油）20g没药（去油）20g土鳖虫40g地龙40g全蝎40g川牛膝80g桂枝40g人参40g
活血通脉片,片剂,行气活血，通脉止痛。用于冠心病心绞痛气滞血瘀证。,鸡血藤91g桃仁18g丹参91g赤芍45g红花36g降香36g郁金45g三七91g川芎27g陈皮91g木香36g石菖蒲45g枸杞子91g酒黄精182g人参45g麦冬91g冰片9g
济生肾气丸,丸剂,温肾化气，利水消肿。用于肾阳不足、水湿内停所致的肾虚水肿、腰膝酸重、小便不利、痰饮咳喘。,熟地黄160g山茱萸（制）80g牡丹皮60g山药80g茯苓120g泽泻60g肉桂20g附子（制）20g牛膝40g车前子40g
洋参保肺丸,丸剂,滋阴补肺，止嗽定喘。用于阴虚肺热，咳嗽痰喘，胸闷气短，口燥咽干，睡卧不安。,罂粟壳120g五味子（醋炙）30g川贝母60g陈皮60g砂仁30g枳实60g麻黄30g苦杏仁60g石膏30g甘草60g玄参60g西洋参45g
津力达颗粒,颗粒剂,益气养阴，健脾运津。用于2型糖尿病气阴两虚证，症见：口渴多饮，消谷易饥，尿多，形体渐瘦，倦怠乏力，自汗盗汗，五心烦热，便秘等。,人参184.5g黄精244.5g麸炒苍术122.2g苦参100g麦冬244.5g地黄184.5g制何首乌149g山茱萸244.5g茯苓149佩兰100g黄连100g知母122.2g炙淫羊藿100g丹参160g粉葛244.5g荔枝核244.5g地骨皮149g
宣肺止嗽合剂,口服液,疏风宣肺，止咳化痰。用于咳嗽属风邪犯肺证，症见咳嗽、咽痒、鼻塞流涕、恶寒发热、咯痰。,荆芥50g前胡50g桔梗50g蜜百部50g蜜紫菀50g陈皮42g鱼腥草75g薄荷42g蜜罂粟壳50g蜜甘草42g
宫宁颗粒,颗粒剂,化瘀清热，固经止血。用于瘀热所致的月经过多、经期延长；放置宫内节育器后引起的子宫异常出血见上述证候者。,茜草195g蒲黄156g三七78g地榆390g黄芩117g地黄195g仙鹤草390g海螵蛸390g党参234g白芍195g甘草78g
宫血宁胶囊,胶囊剂,凉血止血，清热除湿，化瘀止痛。用于崩漏下血，月经过多，产后或流产后宫缩不良出血及子宫功能性出血属血热妄行证者，以及慢性盆腔炎之湿热瘀结所致的少腹痛、腰骶痛、带下增多。,重楼2000g
宫炎平片,片剂,清热利湿，祛瘀止痛，收敛止带。用于湿热瘀阻所致带下病，症见小腹隐痛，经色紫暗、有块，带下色黄质稠；慢性盆腔炎见上述证候者。,地稔450g两面针170g当归140g五指毛桃100g柘木140g
宫炎平滴丸,滴丸,清热利湿，祛瘀止痛，收敛止带。用于湿热瘀阻所致带下病，症见小腹隐痛，经色紫暗、有块，带下色黄质稠；慢性盆腔炎见上述证候者。,地稔90g两面针34g当归28g五指毛桃20g穿破石28g
宫瘤清片,片剂,活血逐瘀，消癥破积。用于瘀血内停所致的妇女癥瘕，症见小腹胀痛、经色紫黯有块、经行不爽；子宫肌瘤见上述证候者。,熟大黄240g土鳖虫200g水蛭200g桃仁180g蒲黄160g黄芩120g枳实180g牡蛎240g地黄240g白芍180g甘草60g
宫瘤清胶囊,胶囊剂,活血逐瘀，消癥破积。用于瘀血内停所致的妇女癥瘕，症见小腹胀痛、经色紫暗有块、经行不爽；子宫肌瘤见上述证候者。,熟大黄240g土鳖虫200g水蛭200g桃仁180g蒲黄160g黄芩120g枳实180g牡蛎240g地黄240g白芍180g甘草60g
穿心莲内酯滴丸,滴丸,清热解毒，抗菌消炎。用于上呼吸道感染，细菌性痢疾。,穿心莲内酯150g
穿心莲片,片剂,清热解毒，凉血消肿。用于邪毒内盛，感冒发热，咽喉肿痛，口舌生疮，顿咳劳嗽，泄泻痢疾，热淋涩痛，痈肿疮疡，毒蛇咬伤。,穿心莲1000g
穿心莲胶囊,胶囊剂,清热解毒，凉血消肿。用于邪毒内盛，感冒发热，咽喉肿痛，口舌生疮，顿咳劳嗽，泄泻痢疾，热淋涩痛，痈肿疮疡，毒蛇咬伤。,穿心莲1000g
穿龙骨刺片,片剂,补肾健骨，活血止痛。用于肾虚血瘀所致的骨性关节炎，症见关节疼痛。,穿山龙270g淫羊藿324g狗脊432g川牛膝432g熟地黄270g枸杞子162g
冠心丹参片,片剂,活血化瘀，理气止痛。用于气滞血瘀所致的胸闷、胸痹、心悸、气短；冠心病见上述证候者。,丹参200g三七200g降香油1.75ml
冠心丹参胶囊,胶囊剂,活血化瘀，理气止痛。用于气滞血瘀所致的胸痹，症见胸闷刺痛、心悸气短；冠心病心绞痛见上述证候者。,丹参200g三七200g降香油1.75ml
冠心生脉口服液,口服液,益气生津，活血通脉。用于气阴不足，心脉瘀阻所致的心悸气短，胸闷作痛，自汗乏力，脉微结代。,人参45g麦冬45g醋五味子15g丹参75g赤芍60g郁金45g三七3g
冠心苏合丸,丸剂,理气，宽胸，止痛。用于寒凝气滞、心脉不通所致的胸痹，症见胸闷、心前区疼痛；冠心病心绞痛见上述证候者。,苏合香50g冰片105g乳香（制）105g檀香210g土木香210g
冠心苏合胶囊,胶囊剂,理气，宽胸，止痛。用于寒凝气滞、心脉不通所致的胸痹，症见胸闷、心前区疼痛；冠心病心绞痛见上述证候者。,苏合香25g冰片52.5g醋乳香52.5g檀香105g土木香105g
冠心舒通胶囊,胶囊剂,活血化瘀，通经活络，行气止痛。用于胸痹心血瘀阻证，症见胸痛、胸闷、心慌、气短；冠心病、心绞痛见上述证候者。,广枣480g丹参240g丁香60g冰片30g天竺黄30g
冠脉宁胶囊,胶囊剂,活血化瘀，行气止痛。用于胸部刺痛，固定不移，入夜更甚，心悸不宁，舌质紫暗，脉沉弦；冠心病心绞痛、冠状动脉供血不足见上述证候者。,丹参112.5g没药（炒）25.5g鸡血藤112.5g血竭25.5g醋延胡索45g当归45g郁金45g制何首乌75g炒桃仁30g酒黄精75g红花30g葛根112.5g乳香（炒）25.5g冰片4.5g
祛风止痛丸,丸剂,祛风寒，补肝肾，壮筋骨。用于风寒湿邪闭阻、肝肾亏虚所致的痹病，症见关节肿胀、腰膝疼痛、四肢麻木。,老鹳草334g槲寄生167g续断167g威灵仙83g独活83g制草乌83g红花83g
祛风止痛片,片剂,祛风寒，补肝肾，壮筋骨。用于风寒湿邪闭阻、肝肾亏虚所致的痹病，症见关节肿胀、腰膝疼痛、四肢麻木。,老鹳草334g槲寄生167g续断167g威灵仙83g独活83g制草乌83g红花83g
祛风止痛胶囊,胶囊剂,祛风寒，补肝肾，壮筋骨。用于风寒湿邪闭阻、肝肾亏虚所致的痹病，症见关节肿胀、腰膝疼痛、四肢麻木。,老鹳草334g槲寄生167g续断167g威灵仙83g独活83g制草乌83g红花83g
祛风舒筋丸,丸剂,祛风散寒，除湿活络。用于风寒湿闭阻所致的痹病，症见关节疼痛、局部畏恶风寒、屈伸不利、四肢麻木、腰腿疼痛。,防风50g桂枝50g麻黄50g威灵仙50g制川乌50g制草乌50g麸炒苍术50g茯苓50g木瓜50g秦艽50g烫骨碎补50g牛膝50g甘草50g海风藤50g青风藤50g穿山龙50g老鹳草50g茄根50g
祛伤消肿酊,酊剂,活血化瘀，消肿止痛。用于跌打损伤，皮肤青紫瘀斑，肿胀疼痛，关节屈伸不利；急性扭挫伤见上述证候者。,连钱草30g生草乌20g冰片60g莪术18g红花15g血竭3g川芎12g桂枝18g威灵仙15g茅膏菜15g了哥王12g海风藤15g野木瓜45g两面针60g天南星12g白芷12g栀子30g酢浆草30g樟脑30g薄荷脑70g
祛痰灵口服液,口服液,清肺化痰。用于痰热壅肺所致的咳嗽、痰多、喘促；急、慢性支气管炎见上述证候者。,鲜竹沥450ml鱼腥草180g
祖师麻片,片剂,祛风除湿，活血止痛。用于风湿痹症，关节炎，类风湿关节炎。也可用于坐骨神经痛、肩周炎寒湿阻络证，症见：关节痛，遇寒痛增，得热痛减，以及腰、腿、肩部疼痛重着者等。,祖师麻1100g
神香苏合丸,丸剂,温通宣痹，行气化浊。用于寒凝心脉、气机不畅所致的胸痹，症见心痛、胸闷、胀满、遇寒加重；冠心病心绞痛见上述证候者。,人工麝香50g冰片50g水牛角浓缩粉400g乳香（制）100g安息香100g白术200g香附200g木香200g沉香200g丁香200g苏合香200g
除湿白带丸,丸剂,健脾益气，除湿止带。用于脾虚湿盛所致带下病，症见带下量多、色白质稀、纳少、腹胀、便溏。,党参80g炒白术100g山药100g白芍50g芡实50g车前子（炒）50g当归30g苍术30g陈皮30g白果仁50g荆芥炭15g柴胡12g黄柏炭12g茜草12g海螵蛸40g煅牡蛎40g
珠黄吹喉散,散剂,解毒化腐生肌。用于热毒内蕴所致的咽喉口舌肿痛、糜烂。,珍珠50g人工牛黄30g硼砂（煅）250g西瓜霜80g雄黄40g儿茶100g黄连100g黄柏150g冰片50g
珠黄散,散剂,清热解毒，祛腐生肌。用于热毒内蕴所致的咽痛、咽部红肿、糜烂、口腔溃疡久不收敛。,人工牛黄500g珍珠500g
蚕蛾公补片,片剂,补肾壮阳，养血，填精。用于肾阳虚损，阳痿早泄，性功能衰退。,雄蚕蛾（制）156.25g人参15.625g熟地黄75g炒白术75g当归56.25g枸杞子56.25g盐补骨脂56.25g盐菟丝子37.5g蛇床子37.5g仙茅37.5g肉苁蓉37.5g淫羊藿37.5g
都梁丸,丸剂,祛风散寒，活血通络。用于风寒瘀血阻滞脉络所致的头痛，症见头胀痛或刺痛、痛有定处、反复发作、遇风寒诱发或加重。,白芷（酒炖）500g川芎125g
都梁软胶囊,软胶囊,祛风散寒，活血通络。用于风寒瘀血阻滞脉络所致的头痛，症见头胀痛或刺痛，痛有定处，反复发作，遇风寒诱发或加重。,白芷1128g川芎282g
都梁滴丸,滴丸,祛风散寒，活血通络。用于风寒瘀血阻滞脉络所致的头痛，症见头胀痛或刺痛，痛有定处，反复发作，遇风寒诱发或加重。,白芷90g川芎22.5g
荷丹片,片剂,化痰降浊，活血化瘀。用于高脂血症属痰浊挟瘀证候者。,荷叶7500g丹参1250g山楂3750g番泻叶375g盐补骨脂1250g
荷叶丸,丸剂,凉血止血。用于血热所致的咯血、衄血、尿血、便血、崩漏。,荷叶320g藕节64g大蓟炭48g小蓟炭48g知母64g黄芩炭64g地黄（炭）96g棕榈炭96g栀子（焦）64g茅根炭96g玄参96g白芍64g当归32g香墨8g
桂龙咳喘宁胶囊,胶囊剂,止咳化痰，降气平喘。用于外感风寒、痰湿阻肺引起的咳嗽、气喘、痰涎壅盛；急慢性支气管炎见上述证候者。,桂枝143.7g龙骨287.4g白芍143.7g生姜143.7g大枣143.7g炙甘草86.2g牡蛎287.4g黄连28.7g法半夏129.3g瓜蒌皮143.7g炒苦杏仁129.3g
桂龙咳喘宁颗粒,颗粒剂,止咳化痰，降气平喘。用于外感风寒、痰湿阻肺引起的咳嗽、气喘、痰涎壅盛；急、慢性支气管炎见上述证候者。,桂枝83.33g龙骨166.67g白芍83.33g生姜83.33g大枣83.33g炙甘草50g牡蛎166.67g黄连16.67g法半夏75g瓜蒌皮83.33g炒苦杏仁75g
桂芍镇痫片,片剂,调和营卫，清肝胆。用于治疗各种发作类型的癫痫。,桂枝296g白芍444g党参222g半夏（制）296g柴胡296g黄芩222g甘草148g生姜148g大枣296g
桂附地黄口服液,口服液,温补肾阳。用于肾阳不足，腰膝酸冷，肢体浮肿，小便不利或反多，痰饮喘咳，消渴。,肉桂20g附子（制）20g熟地黄160g酒萸肉80g牡丹皮60g山药80g茯苓60g泽泻60g
桂附地黄丸,丸剂,温补肾阳。用于肾阳不足，腰膝酸冷，肢体浮肿，小便不利或反多，痰饮喘咳，消渴。,肉桂20g附子（制）20g熟地黄160g酒萸肉80g牡丹皮60g山药80g茯苓60g泽泻60g
桂附地黄胶囊,胶囊剂,温补肾阳。用于肾阳不足，腰膝酸冷，肢体浮肿，小便不利或反多，痰饮喘咳，消渴。,肉桂22.22g附子（制）22.22g熟地黄177.77g酒萸肉88.88g牡丹皮66.66g山药88.88g茯苓66.66g泽泻66.66g
桂附理中丸,丸剂,补肾助阳，温中健脾。用于肾阳衰弱，脾胃虚寒，脘腹冷痛，呕吐泄泻，四肢厥冷。,肉桂30g附片30g党参90g炒白术90g炮姜90g炙甘草90g
桂林西瓜霜,散剂,清热解毒，消肿止痛。用于风热上攻、肺胃热盛所致的乳蛾、喉痹、口糜，症见咽喉肿痛、喉核肿大、口舌生疮、牙龈肿痛或出血；急、慢性咽炎，扁桃体炎，口腔炎，口腔溃疡，牙龈炎见上述证候者及轻度烫伤（表皮未破）者。,西瓜霜50g煅硼砂30g黄柏10g黄连10g山豆根20g射干10g浙贝母10g青黛15g冰片20g无患子果（炭）8g大黄5g黄芩20g甘草10g薄荷脑8g
桂枝茯苓丸,丸剂,活血，化瘀，消癥。用于妇人宿有癥块，或血瘀经闭，行经腹痛，产后恶露不尽。,桂枝100g茯苓100g牡丹皮100g赤芍100g桃仁100g
桂枝茯苓片,片剂,活血，化瘀，消癥。用于妇人瘀血阻络所致癥块、经闭、痛经、产后恶露不尽；子宫肌瘤，慢性盆腔炎包块，痛经，子宫内膜异位症，卵巢囊肿见上述证候者。,桂枝240g茯苓240g牡丹皮240g桃仁240g白芍240g
桂枝茯苓胶囊,胶囊剂,活血，化瘀，消癥。用于妇人瘀血阻络所致癥块、经闭、痛经、产后恶露不尽；子宫肌瘤，慢性盆腔炎包块，痛经，子宫内膜异位症，卵巢囊肿见上述证候者；也可用于女性乳腺囊性增生病属瘀血阻络证，症见乳房疼痛、乳房肿块、胸胁胀闷；或用于前列腺增生属瘀阻膀胱证，症见小便不爽、尿细如线、或点滴而下、小腹胀痛者。,桂枝240g茯苓240g牡丹皮240g桃仁240g白芍240g
桔贝合剂,口服液,清热润肺，化痰止咳。用于肺热咳嗽，痰稠色黄，咯痰不爽。,桔梗177g浙贝母177g苦杏仁177g麦冬177g黄芩118g枇杷叶118g甘草59g
桔梗冬花片,片剂,止咳祛痰。用于痰浊阻肺所致的咳嗽痰多；支气管炎见上述证候者。,桔梗300g款冬花37g制远志63g甘草20g
根痛平颗粒,颗粒剂,活血，通络，止痛。用于风寒阻络所致颈、腰椎病，症见肩颈疼痛、活动受限、上肢麻木。,白芍200g葛根50g桃仁（𬊤）50g红花50g乳香（醋炙）50g没药（醋炙）50g续断75g烫狗脊75g伸筋草75g牛膝50g地黄50g甘草25g
速效牛黄丸,丸剂,清热解毒，开窍镇惊。用于痰火内盛所致烦躁不安、神志昏迷及高血压引起的头目眩晕。,人工牛黄25g水牛角浓缩粉50g黄连25g冰片5g栀子25g黄芩25g朱砂25g珍珠母25g郁金25g雄黄25g石菖蒲25g
唇齿清胃丸,丸剂,清胃火。用于由胃火引起的牙龈肿痛，口干唇裂，咽喉痛。,大黄100g黄芩60g龙胆60g黄柏60g栀子60g知母40g升麻20g防风40g陈皮40g白芷20g冰片2g薄荷脑2g地黄60g石膏40g
夏天无片,片剂,活血通络，行气止痛。用于瘀血阻络、气行不畅所致的中风，症见半身不遂、偏身麻木，或跌扑损伤、气血瘀阻所致的肢体疼痛、肿胀麻木；风湿性关节炎、坐骨神经痛见上述证候者。,夏天无600g
夏天无滴眼液,洗剂,活血明目舒筋。用于血瘀筋脉阻滞所致的青少年远视力下降、不能久视；青少年假性近视症见上述证候者。,夏天无提取物（以原阿片碱计）0.375g天然冰片0.25g
夏枯草口服液,口服液,清火，散结，消肿。用于火热内蕴所致的头痛、眩晕、瘰疬、瘿瘤、乳痈肿痛；甲状腺肿大、淋巴结核、乳腺增生见上述证候者。,夏枯草800g
夏枯草膏,膏剂,清火，散结，消肿。用于火热内蕴所致的头痛、眩晕、瘰疬、瘿瘤、乳痈肿痛；甲状腺肿大、淋巴结核、乳腺增生病见上述证候者。,夏枯草2500g
夏桑菊颗粒,颗粒剂,清肝明目，疏风散热，除湿痹，解疮毒。用于风热感冒，目赤头痛，高血压，头晕耳鸣，咽喉肿痛，疔疮肿毒。,夏枯草500g野菊花80g桑叶175g
热炎宁片,片剂,清热解毒。用于外感风热、内郁化火所致的风热感冒、发热、咽喉肿痛、口苦咽干、咳嗽痰黄、尿黄便结；化脓性扁桃体炎、急性咽炎、急性支气管炎、单纯性肺炎见上述证候者。,蒲公英600g虎杖600g北败酱600g半枝莲300g
热炎宁合剂,口服液,清热解毒。用于外感风热、内郁化火所致的风热感冒、发热、咽喉肿痛，口苦咽干、咳嗽痰黄、尿黄便结；化脓性扁桃体炎，急性咽炎、急性支气管炎、单纯性肺炎见上述证候者。,蒲公英372g虎杖372g北败酱372g半枝莲186g
热炎宁颗粒,颗粒剂,清热解毒。用于外感风热、内郁化火所致的风热感冒、发热、咽喉肿痛、口苦咽干、咳嗽痰黄、尿黄便结；化脓性扁桃体炎、急性咽炎、急性支气管炎、单纯性肺炎见上述证候者。,蒲公英232.14g虎杖232.14g北败酱232.14g半枝莲116.07g
热淋清颗粒,颗粒剂,清热泻火，利尿通淋。用于下焦湿热所致的热淋，症见尿频、尿急、尿痛；尿路感染、肾盂肾炎见上述证候者。,头花蓼1250g
柴连口服液,口服液,解表宣肺，化湿和中。用于感冒风寒挟湿证，症见恶寒发热，头痛鼻塞，咳嗽，咽干，脘闷，恶心。,麻黄300g柴胡600g广藿香200g肉桂200g连翘600g桔梗200g
柴胡口服液,口服液,解表退热。用于外感发热，症见身热面赤、头痛身楚、口干而渴。,柴胡1000g
柴胡舒肝丸,丸剂,舒肝理气，消胀止痛。用于肝气不舒，胸胁痞闷，食滞不清，呕吐酸水。,茯苓100g麸炒枳壳50g豆蔻40g酒白芍50g甘草50g醋香附75g陈皮50g桔梗50g姜厚朴50g炒山楂50g防风50g六神曲（炒）50g柴胡75g黄芩50g薄荷50g紫苏梗75g木香25g炒槟榔75g醋三棱50g酒大黄50g青皮（炒）50g当归50g姜半夏75g乌药50g醋莪术50g
柴胡滴丸,滴丸,解表退热。用于外感发热，症见身热面赤、头痛身楚、口干而渴。,柴胡3571g
柴黄口服液,口服液,清热解表。用于风热感冒，症见发热、周身不适、头痛、目眩、咽喉肿痛。,柴胡500g黄芩500g
柴黄片,片剂,清热解表。用于风热感冒，症见发热、周身不适、头痛、目眩、咽喉肿痛。,柴胡1000g黄芩1000g
柴银口服液,口服液,清热解毒，利咽止咳。用于上呼吸道感染外感风热证，症见：发热恶风，头痛、咽痛，汗出，鼻塞流涕，咳嗽，舌边尖红，苔薄黄。,柴胡100g金银花75g黄芩60g葛根50g荆芥50g青蒿75g连翘75g桔梗50g苦杏仁50g薄荷75g鱼腥草75g
致康胶囊,胶囊剂,清热凉血止血，化瘀生肌定痛。用于创伤性出血，崩漏、呕血及便血等。,大黄65g黄连50g三七50g白芷31g阿胶50g龙骨（煅）44g白及44g醋没药31g海螵蛸44g茜草50g龙血竭12g甘草11g珍珠4g冰片4g
逍遥丸,丸剂,疏肝健脾，养血调经。用于肝郁脾虚所致的郁闷不舒、胸胁胀痛、头晕目眩、食欲减退、月经不调。,柴胡100g当归100g白芍100g炒白术100g茯苓100g炙甘草80g薄荷20g
逍遥丸（水丸）,丸剂,疏肝健脾，养血调经。用于肝郁脾虚所致的郁闷不舒、胸胁胀痛、头晕目眩、食欲减退、月经不调。,柴胡100g当归100g白芍100g炒白术100g茯苓100g炙甘草80g薄荷20g
逍遥丸（浓缩丸）,丸剂,疏肝健脾，养血调经。用于肝郁脾虚所致的郁闷不舒，胸胁胀痛，头晕目眩，食欲减退，月经不调。,柴胡100g当归100g白芍100g炒白术100g茯苓100g炙甘草80g薄荷20g
逍遥片,片剂,疏肝健脾，养血调经。用于肝郁脾虚所致的郁闷不舒、胸胁胀痛、头晕目眩、食欲减退、月经不调。,柴胡357.5g当归357.5g白芍357.5g炒白术357.5g茯苓357.5g炙甘草286g薄荷71.5g生姜357.5g
逍遥胶囊,胶囊剂,疏肝健脾，养血调经。用于肝郁脾虚所致的郁闷不舒、胸胁胀痛、头晕目眩、食欲减退、月经不调。,柴胡286g当归286g白芍286g炒白术286g茯苓286g炙甘草228.8g薄荷57.2g生姜286g
逍遥颗粒,颗粒剂,疏肝健脾，养血调经。用于肝郁脾虚所致的郁闷不舒，胸胁胀痛，头晕目眩，食欲减退，月经不调。,柴胡143g当归143g白芍143g炒白术143g茯苓143g炙甘草114.4g薄荷28.6g生姜143g
蚝贝钙咀嚼片,片剂,补肾壮骨。用于儿童钙质缺乏及老年骨质疏松症的辅助治疗。,牡蛎1000g
钻山风糖浆,糖浆剂,祛风除湿，散瘀镇痛，舒筋活络。用于风寒湿痹引起的腰膝冷痛，肢体麻木，伸屈不利等症。,钻山风1000g黄鳝藤63g四块瓦25g威灵仙63g千斤拔125g丰城鸡血藤125g山姜30g
铁笛口服液,口服液,润肺利咽，生津止渴。用于阴虚肺热津亏引起的咽干声哑、咽喉疼痛、口渴烦躁。,麦冬25g玄参25g瓜蒌皮25g诃子肉25g青果10g凤凰衣2.5g桔梗50g浙贝母50g茯苓25g甘草50g
铁笛丸,丸剂,润肺利咽，生津止渴。用于阴虚肺热津亏引起的咽干声哑、咽喉疼痛、口渴烦躁。,麦冬150g玄参150g瓜蒌皮150g诃子肉150g青果60g凤凰衣15g桔梗300g浙贝母300g茯苓150g甘草300g
积雪苷片,片剂,有促进创伤愈合作用。用于治疗外伤，手术创伤，烧伤，疤痕疙瘩及硬皮病。,积雪草总苷6g
射麻口服液,口服液,清肺化痰，止咳平喘。用于外邪犯肺、入里化热所致咳嗽、痰多稠粘，胸闷气喘，喉中痰鸣，发热或不发热，舌苔黄或黄白，或舌质红，脉弦滑或滑数。,麻黄150g胆南星150g石膏500g蜜桑白皮250g射干250g炒莱菔子200g苦杏仁250g白前250g黄芩250g醋五味子150g
健儿乐颗粒,颗粒剂,健脾消食，清心安神。用于脾失健运、心肝热盛所致厌食、夜啼，症见纳呆食少、消化不良、夜惊夜啼、夜眠不宁。,山楂250g竹心150g钩藤50g白芍250g甜叶菊150g鸡内金5g
健儿消食口服液,口服液,健脾益胃，理气消食。用于小儿饮食不节、损伤脾胃引起的纳呆食少，脘胀腹满，手足心热，自汗乏力，大便不调，以至厌食、恶食。,黄芪66.7g炒白术33.4g陈皮33.4g麦冬66.7g黄芩33.4g炒山楂33.4g炒莱菔子33.4g
健民咽喉片,片剂,清利咽喉，养阴生津，解毒泻火。用于热盛津伤、热毒内盛所致的咽喉肿痛、失音及上呼吸道炎症。,玄参50g麦冬34g蝉蜕20g诃子34g桔梗34g板蓝根34g胖大海2g地黄50g西青果10g甘草20g薄荷素油0.5ml薄荷脑3.5g
健步丸,丸剂,补肝肾，强筋骨。用于肝肾不足，腰膝酸软，下肢痿弱，步履艰难。,盐黄柏40g盐知母20g熟地黄20g当归10g酒白芍15g牛膝35g豹骨（制）10g醋龟甲40g陈皮（盐炙）7.5g干姜5g锁阳10g羊肉320g
健胃片,片剂,舒肝和胃，消食导滞，理气止痛。用于肝胃不和，饮食停滞所致的胃痛，痞满，症见胃脘胀痛，嘈杂食少，嗳气口臭，大便不调。,炒山楂16g六神曲（炒）16g炒麦芽16g焦槟榔32g醋鸡内金16g苍术（制）79g草豆蔻47g陈皮47g生姜16g柴胡47g白芍79g川楝子47g醋延胡索32g甘草浸膏9g
健胃消食片,片剂,健胃消食。用于脾胃虚弱所致的食积，症见不思饮食、嗳腐酸臭、脘腹胀满；消化不良见上述证候者。,太子参228.6g陈皮22.9g山药171.4g炒麦芽171.4g山楂114.3g
健胃愈疡片,片剂,疏肝健脾，生肌止痛。用于肝郁脾虚、肝胃不和所致的胃痛，症见脘腹胀痛、嗳气吞酸、烦躁不适、腹胀便溏；消化性溃疡见上述证候者。,柴胡208.5g党参208.5g白芍208.5g延胡索208.5g白及208.5g珍珠层粉62.5g青黛62.5g甘草62.5g
健胃愈疡颗粒,颗粒剂,疏肝健脾，生肌止痛。用于肝郁脾虚、肝胃不和所致的胃痛，症见脘腹胀痛、嗳气吞酸、烦躁不适、腹胀便溏；消化性溃疡见上述证候者。,柴胡463g党参463g白芍463g延胡索463g白及463g珍珠层粉139g青黛139g甘草139g
健脑丸,丸剂,补肾健脑，养血安神。用于心肾亏虚所致的记忆减退、头晕目眩、心悸失眠、腰膝酸软；老年轻度认知障碍见上述证候者。,当归25g天竺黄10g肉苁蓉（盐炙）20g龙齿（煅）10g山药20g琥珀10g五味子（酒蒸）15g天麻5g柏子仁（炒）4g丹参5g益智仁（盐炒）15g人参5g远志（甘草水炙）10g菊花5g九节菖蒲10g赭石7.5g胆南星10g酸枣仁（炒）40g枸杞子20g
健脑安神片,片剂,滋补强壮，镇静安神。用于神经衰弱，头痛，头晕，健忘失眠，耳鸣。,酒黄精47g淫羊藿39g枸杞子16g鹿茸0.8g鹿角胶2g鹿角霜5g红参2g大枣（去核）16g茯苓8g麦冬8g龟甲4g炒酸枣仁8g南五味子31g制远志16g熟地黄8g苍耳子31g
健脑补肾丸,丸剂,健脑补肾，益气健脾，安神定志。用于脾肾两虚所致的健忘、失眠、头晕目眩、耳鸣、心悸、腰膝酸软、遗精；神经衰弱和性功能障碍见上述证候者。,红参30g鹿茸7g狗鞭14g肉桂30g金牛草12g炒牛蒡子18g金樱子12g杜仲炭36g川牛膝36g金银花26g连翘24g蝉蜕24g山药48g制远志42g炒酸枣仁42g砂仁42g当归36g龙骨（煅）35g煅牡蛎42g茯苓84g炒白术42g桂枝35g甘草28g豆蔻35g酒白芍35g
健脑胶囊,胶囊剂,补肾健脑，养血安神。用于心肾亏虚所致的记忆减退、头晕目眩、心悸失眠、腰膝酸软；老年轻度认知障碍见上述证候者。,当归33.3g天竺黄13.3g肉苁蓉（盐制）26.7g龙齿（煅）13.3g山药26.7g琥珀13.3g五味子（酒制）20g天麻6.7g柏子仁（炒）5.3g丹参6.7g益智仁（盐炒）20g人参6.7g制远志13.3g菊花6.7g九节菖蒲13.3g赭石10g胆南星13.3g炒酸枣仁53.3g枸杞子26.7g
健脾丸,丸剂,健脾开胃。用于脾胃虚弱，脘腹胀满，食少便溏。,党参200g炒白术300g陈皮200g枳实（炒）200g炒山楂150g炒麦芽200g
健脾糖浆,糖浆剂,健脾开胃。用于脾胃虚弱，脘腹胀满，食少便溏。,党参51.3g炒白术76.9g陈皮51.3g枳实（炒）51.3g炒山楂38.5g炒麦芽51.3g
健脾生血片,片剂,健脾和胃，养血安神。用于脾胃虚弱及心脾两虚所致的血虚证，症见面色萎黄或㿠白、食少纳呆、脘腹胀闷、大便不调、烦躁多汗、倦怠乏力、舌胖色淡、苔薄白、脉细弱；缺铁性贫血见上述证候者。,党参225g茯苓225g炒白术135g甘草67.5g黄芪112.5g山药270g炒鸡内金112.5g醋龟甲67.5g山麦冬225g醋南五味子135g龙骨67.5g煅牡蛎67.5g大枣112.5g硫酸亚铁（FeSO4•7H2O）100g
健脾生血颗粒,颗粒剂,健脾和胃，养血安神。用于小儿脾胃虚弱及心脾两虚型缺铁性贫血；成人气血两虚型缺铁性贫血。症见面色萎黄或㿠白，食少纳呆，腹胀脘闷，大便不调，烦躁多汗，倦怠乏力，舌胖色淡，苔薄白，脉细弱。,党参45g茯苓45g炒白术27g甘草13.5g黄芪22.5g山药54g炒鸡内金22.5g醋龟甲13.5g山麦冬45g醋南五味子27g龙骨13.5g煅牡蛎13.5g大枣22.5g硫酸亚铁（FeSO4•7H2O）20g
脂脉康胶囊,胶囊剂,消食，降脂，通血脉，益气血。用于瘀浊内阻、气血不足所致的动脉硬化症、高脂血症。,普洱茶100g刺五加100g山楂100g莱菔子50g荷叶50g葛根50g菊花50g黄芪50g黄精50g何首乌100g茺蔚子50g杜仲50g大黄（酒制）30g三七50g槐花100g桑寄生50g
脂康颗粒,颗粒剂,滋阴清肝，活血通络。用于肝肾阴虚挟瘀之高血脂症，症见头晕或胀或痛，耳鸣眼花，腰膝酸软，手足心热，胸闷，口干，大便干结。,决明子462g枸杞子462g桑椹462g红花154g山楂462g
脏连丸,丸剂,清肠止血。用于肠热便血，肛门灼热，痔疮肿痛。,黄连25g黄芩150g地黄75g赤芍50g当归50g槐角100g槐花75g荆芥穗50g地榆炭75g阿胶50g
脑心通胶囊,胶囊剂,益气活血，化瘀通络。用于气虚血滞、脉络瘀阻所致中风中经络，半身不遂、肢体麻木、口眼歪斜、舌强语謇及胸痹心痛、胸闷、心悸、气短；脑梗塞、冠心病心绞痛属上述证候者。,黄芪66g赤芍27g丹参27g当归27g川芎27g桃仁27g红花13g醋乳香13g醋没药13g鸡血藤20g牛膝27g桂枝20g桑枝27g地龙27g全蝎13g水蛭27g
脑心清片,片剂,活血化瘀，通络。用于脉络瘀阻，眩晕头痛，肢体麻木，胸痹心痛，胸中憋闷，心悸气短；冠心病、脑动脉硬化症见上述证候者。,柿叶提取物50g
脑乐静,口服液,养心安神。用于心神失养所致的精神忧郁、易惊不寐、烦躁。,甘草浸膏35.4g大枣125g小麦416g
脑立清丸,丸剂,平肝潜阳，醒脑安神。用于肝阳上亢，头晕目眩，耳鸣口苦，心烦难寐；高血压见上述证候者。,磁石200g赭石350g珍珠母100g清半夏200g酒曲200g酒曲（炒）200g牛膝200g薄荷脑50g冰片50g猪胆汁350g（或猪胆粉50g）
脑立清胶囊,胶囊剂,平肝潜阳，醒脑安神。用于肝阳上亢，头晕目眩，耳鸣口苦，心烦难寐；高血压见上述证候者。,磁石42.4g熟酒曲42.4g冰片10.8g牛膝42.4g珍珠母20.8g酒曲42.4g薄荷脑10.8g赭石73.3g清半夏42.4g猪胆汁74g（或猪胆粉10.6g）
脑安胶囊,胶囊剂,活血化瘀，益气通络。用于脑血栓形成急性期，恢复期属气虚血瘀证候者，症见急性起病、半身不遂、口舌歪斜、舌强语謇、偏身麻木、气短乏力、口角流涎、手足肿胀、舌暗或有瘀斑、苔薄白。,川芎1000g当归800g红花500g人参100g冰片1g
脑脉泰胶囊,胶囊剂,益气活血，熄风豁痰。用于中风气虚血瘀，风痰瘀血闭阻脉络证，症见半身不遂、口舌歪斜、言语謇涩、头晕目眩、半身麻木、气短乏力；缺血性中风恢复期及急性期轻症见上述证候者。,红参155g三七180g当归120g丹参165g鸡血藤150g红花120g银杏叶180g净山楂150g菊花120g石决明120g制何首乌150g石菖蒲105g葛根150g
脑栓通胶囊,胶囊剂,活血通络，祛风化痰。用于风痰瘀血痹阻脉络引起的缺血性中风中经络急性期和恢复期。症见半身不遂，口舌歪斜，语言不利或失语，偏身麻木，气短乏力或眩晕耳鸣，舌质黯淡或暗红，苔薄白或白腻，脉沉细或弦细、弦滑。脑梗塞见上述证候者。,蒲黄890g赤芍635g郁金510g天麻255g漏芦380g
脑得生丸,丸剂,活血化瘀，通经活络。用于瘀血阻络所致的眩晕、中风，症见肢体不用、言语不利及头晕目眩；脑动脉硬化、缺血性中风及脑出血后遗症见上述证候者。,三七78g川芎78g红花91g葛根261g山楂（去核）157g
脑得生片,片剂,活血化瘀，通经活络。用于瘀血阻络所致的眩晕、中风，症见肢体不用、言语不利及头晕目眩；脑动脉硬化、缺血性中风及脑出血后遗症见上述证候者。,三七78g川芎78g红花91g葛根261g山楂（去核）157g
脑得生胶囊,胶囊剂,活血化瘀，通经活络。用于瘀血阻络所致的眩晕、中风，症见肢体不用、言语不利及头晕目眩；脑动脉硬化、缺血性中风及脑出血后遗症见上述证候者。,三七117g川芎117g红花136g葛根392g山楂（去核）235g
脑得生颗粒,颗粒剂,活血化瘀，通经活络。用于瘀血阻络所致的眩晕、中风，症见肢体不用、言语不利及头晕目眩；脑动脉硬化、缺血性中风及脑出血后遗症见上述证候者。,三七156g川芎156g红花182g葛根522g山楂（去核）314g
狼疮丸,丸剂,清热解毒，凉血活血。用于热毒壅滞、气滞血瘀所致的系统性红斑狼疮。,金银花53.6g连翘53.6g蒲公英53.6g黄连13.4g地黄53.6g大黄（酒炒）20.1g甘草13.4g蜈蚣（去头尾足）2.42g赤芍26.8g当归13.4g丹参13.4g玄参53.6g炒桃仁26.8g红花20.1g蝉蜕53.6g浙贝母26.8g
疳积散,散剂,消积化滞。用于食滞脾胃所致的疳证，症见不思乳食、面黄肌瘦、腹部膨胀、消化不良。,石燕（煅）100g煅石决明100g使君子仁100g炒鸡内金50g谷精草50g威灵仙50g茯苓100g
益元散,散剂,清暑利湿。用于感受暑湿，身热心烦，口渴喜饮，小便短赤。,滑石600g甘草100g朱砂30g
益气养血口服液,口服液,益气养血。用于气血不足所致的气短心悸、面色不华、体虚乏力。,人参8.3g黄芪83.4g党参75g麦冬50g当归33.3g炒白术33.3g地黄33.3g制何首乌30g五味子25g陈皮33.3g地骨皮25g鹿茸1.7g淫羊藿50g
益气通络颗粒,颗粒剂,益气活血，祛瘀通络。用于中风病中经络（轻中度脑梗死）恢复期气虚血瘀证。症见半身不遂、口舌歪斜、言语謇涩或不语、偏身麻木、面色㿠白、气短乏力、自汗。,黄芪833g丹参417g川芎250g红花250g地龙83g
益气维血颗粒,颗粒剂,补血益气。用于气血两虚所致的面色萎黄或苍白、眩晕、神疲乏力、少气懒言、自汗、唇舌色淡、脉细弱；缺铁性贫血见于上述证候者。,猪血提取物130g黄芪100g大枣100g
益气聪明丸,丸剂,益气升阳，聪耳明目。用于视物昏花，耳聋耳鸣。,升麻60g葛根60g黄柏（炒）20g白芍20g蔓荆子30g党参100g黄芪100g炙甘草100g
益心丸,丸剂,益气温阳，活血止痛。用于心气不足、心阳不振、瘀血闭阻所致的胸痹，症见胸闷心痛，心悸气短、畏寒肢冷、乏力自汗；冠心病心绞痛见上述证候者。,红参882g牛角尖粉294g蟾酥147g冰片176g红花59g人工牛黄353g附片（黑顺片）353g人工麝香59g三七382g安息香176g珍珠206g
益心宁神片,片剂,补气生津，养心安神。用于心气不足、心阴亏虚所致的失眠多梦、心悸、记忆力减退；神经衰弱见上述证候者。,人参茎叶总皂苷10g藤合欢1000g五味子500g灵芝500g
益心通脉颗粒,颗粒剂,益气养阴，活血通络。用于气阴两虚、瘀血阻络所致的胸痹，症见胸闷心痛、心悸气短、倦怠汗出、咽喉干燥；冠心病心绞痛见上述证候者。,黄芪266g人参44g北沙参333g玄参222g丹参333g川芎222g郁金222g炙甘草133g
益心舒丸,丸剂,益气复脉，活血化瘀，养阴生津。用于气阴两虚，瘀血阻脉所致的胸痹，症见胸痛胸闷，心悸气短，脉结代；冠心病心绞痛见上述证候者。,人参300g麦冬300g黄芪300g五味子200g丹参400g川芎200g山楂300g
益心舒片,片剂,益气复脉，活血化瘀，养阴生津。用于气阴两虚，瘀血阻脉所致的胸痹，症见胸痛胸闷，心悸气短，脉结代；冠心病心绞痛见上述证候者。,人参300g麦冬300g黄芪300g五味子200g丹参400g川芎200g山楂300g
益心舒胶囊,胶囊剂,益气复脉，活血化瘀，养阴生津。用于气阴两虚，瘀血阻脉所致的胸痹，症见胸痛胸闷、心悸气短、脉结代；冠心病心绞痛见上述证候者。,人参200g麦冬200g五味子133g黄芪200g丹参267g川芎133g山楂200g
益心舒颗粒,颗粒剂,益气复脉，活血化瘀，养阴生津。用于气阴两虚，瘀血阻脉所致的胸痹，症见胸痛胸闷，心悸气短，脉结代；冠心病心绞痛见上述证候者。,人参150g麦冬150g黄芪150g五味子100g丹参200g川芎100g山楂150g
益心酮片,片剂,活血化瘀，宣通血脉。用于瘀血阻脉所致的胸痹，症见胸闷憋气、心前区刺痛、心悸健忘、眩晕耳鸣；冠心病心绞痛、高脂血症、脑动脉供血不足见上述证候者。,山楂叶提取物32g
益心酮分散片,片剂,活血化瘀，宣通血脉。用于瘀血阻脉所致的胸痹，症见胸闷憋气、心前区刺痛、心悸健忘、眩晕耳鸣；冠心病心绞痛、高脂血症、脑动脉供血不足见上述证候者。,山楂叶提取物32g
益心酮滴丸,滴丸,活血化瘀，宣通血脉。用于瘀血阻脉所致的胸痹，症见胸闷憋气、心前区刺痛、心悸健忘、眩晕耳鸣；冠心病心绞痛、高脂血症、脑动脉供血不足见上述证候者。,山楂叶提取物6.4g
益母丸,丸剂,行气活血，调经止痛。用于气滞血瘀所致的月经量少、错后、有血块、小腹疼痛、经行痛减、产后恶露不净。,益母草480g当归240g川芎120g木香45g
益母草口服液,口服液,活血调经。用于血瘀所致的月经不调、产后恶露不绝，症见经水量少、淋漓不净、产后出血时间过长；产后子宫复旧不全见上述证候者。,益母草500g
益母草胶囊,胶囊剂,活血调经。用于血瘀所致的月经不调、产后恶露不绝，症见经水量少、淋漓不净、产后出血时间过长；产后子宫复旧不全见上述证候者。,益母草2500g
益母草颗粒,颗粒剂,活血调经。用于血瘀所致的月经不调、产后恶露不绝，症见经水量少、淋漓不净、产后出血时间过长；产后子宫复旧不全见上述证候者。,益母草1350g
益肾化湿颗粒,颗粒剂,升阳补脾，益肾化湿，利水消肿。用于慢性肾小球肾炎（肾功能：SCr<2mg/dl）脾虚湿盛证出现的蛋白尿，兼见水肿，疲倦乏力，畏寒肢冷，纳少。,人参170.5g黄芪341g白术51.1g茯苓51.1g泽泻51.1g清半夏170.5g羌活85.2g独活85.2g防风85.2g柴胡51.1g黄连34.1g白芍85.2g陈皮68.2g炙甘草170.5g生姜50g大枣100g
益肾灵颗粒,颗粒剂,温阳补肾。用于肾气亏虚、阳气不足所致的阳痿、早泄、遗精或弱精症。,枸杞子200g女贞子300g附子（制）20g芡实（炒）300g车前子（炒）100g补骨脂（炒）200g覆盆子200g五味子50g桑椹200g沙苑子250g韭菜子（炒）100g淫羊藿150g金樱子200g
益肺清化膏,膏剂,益气养阴，清热解毒，化痰止咳。用于气阴两虚所致的气短、乏力、咳嗽、咯血、胸痛；晚期肺癌见上述证候者的辅助治疗。,黄芪250g党参125g北沙参100g麦冬75g仙鹤草125g拳参100g败酱草83g白花蛇舌草167g川贝母75g紫菀75g桔梗75g苦杏仁100g甘草50g
益脑片,片剂,补气养阴，滋肾健脑，益智安神。用于心肝肾不足、气阴两虚所致的体倦头晕，失眠多梦，记忆力减退；神经衰弱，脑动脉硬化见上述证候者。,龟甲胶38.6g远志193.3g龙骨387.3g灵芝387.3g五味子49.3g麦冬193.3g石菖蒲193.3g党参111.0g人参66.6g茯苓387.3g
益脑宁片,片剂,益气补肾，活血通脉，用于气虚血瘀、肝肾不足所致的中风、胸痹，症见半身不遂、口舌歪斜、言语謇涩、肢体麻木或胸痛、胸闷、憋气；中风后遗症、冠心病心绞痛及高血压病见上述证候者。,炙黄芪100g党参100g麦芽100g制何首乌100g灵芝100g女贞子70g墨旱莲70g槲寄生70g天麻30g钩藤40g丹参70g赤芍40g地龙30g山楂100g琥珀10g
烧伤灵酊,酊剂,清热燥湿，解毒消肿，收敛止痛。用于各种原因引起的Ⅰ、Ⅱ度烧伤。,虎杖200g黄柏50g冰片10g
宽胸气雾剂,气雾剂,辛温通阳，理气止痛。用于阴寒阻滞、气机郁痹所致的胸痹，症见胸闷、心痛、形寒肢冷；冠心病心绞痛见上述证候者。,檀香油70ml荜茇油15ml高良姜油32ml细辛油23ml冰片22.5g
凉解感冒合剂,口服液,辛凉解表、疏风清热。用于风热感冒引起的发热、恶风、头痛、鼻塞流涕、咳嗽、咽喉肿痛。,大青叶206g牛蒡子176g紫荆皮147g荆芥147g马勃118g薄荷118g桔梗88g
消肿止痛酊,酊剂,舒筋活络，消肿止痛。用于跌打扭伤，风湿骨痛，无名肿毒及腮腺炎肿痛。用于治疗手、足、耳部位的Ⅰ度冻疮（急性期），症见局部皮肤肿胀、瘙痒、疼痛。,木香71g防风71g荆芥71g细辛71g五加皮71g桂枝71g牛膝71g川芎71g徐长卿71g白芷106g莪术71g红杜仲106g大罗伞152g朱砂根106g两面针152g黄藤144g栀子152g三棱106g沉香49g樟脑83g薄荷脑83g
消炎止咳片,片剂,消炎，镇咳，化痰，定喘。用于咳嗽痰多，胸满气逆。气管炎见上述证候者。,胡颓子叶167g桔梗125g太子参167g百部83g罂粟壳10g麻黄21g黄荆子104g南沙参31g穿心莲104g
消炎止痛膏,膏剂,消炎，活血，镇痛。用于神经性疼痛，关节痛，头痛等。,颠茄流浸膏200g樟脑80g冰片100g薄荷脑280g麝香草酚68g盐酸苯海拉明16g水杨酸甲酯60g桉油40g
消炎利胆片,片剂,清热，祛湿，利胆。用于肝胆湿热所致的胁痛、口苦；急性胆囊炎、胆管炎见上述证候者。,穿心莲868g溪黄草868g苦木868g
消炎退热颗粒,颗粒剂,清热解毒，凉血消肿。用于外感热病、热毒壅盛证，症见发热头痛、口干口渴、咽喉肿痛；上呼吸道感染见上述证候者，亦用于疮疖肿痛。,大青叶400g蒲公英400g紫花地丁150g甘草50g
消咳喘胶囊,胶囊剂,止咳，祛痰，平喘。用于寒痰阻肺所致的咳嗽气喘、咯痰色白；慢性支气管炎见上述证候者。,满山红1000g
消咳喘糖浆,糖浆剂,止咳，祛痰，平喘。用于寒痰阻肺所致的咳嗽气喘、咯痰色白；慢性支气管炎见上述证候者。,满山红200g
消食退热糖浆,糖浆剂,清热解毒，消食通便。用于小儿外感时邪、内兼食滞所致的感冒，症见高热不退、脘腹胀满、大便不畅；上呼吸道感染、急性胃肠炎见上述证候者。,柴胡100g黄芩150g知母100g青蒿150g槟榔100g厚朴100g水牛角浓缩粉33g牡丹皮50g荆芥穗50g大黄50g
消络痛片,片剂,散风祛湿。用于风湿阻络所致的痹病，症见肢体关节疼痛；风湿性关节炎见上述证候者。,芫花条1500g绿豆150g
消络痛胶囊,胶囊剂,散风祛湿。用于风湿阻络所致的痹病，症见肢体关节疼痛；风湿性关节炎见上述证候者。,芫花条3000g绿豆300g
消栓口服液,口服液,补气活血通络。用于中风气虚血瘀证，症见半身不遂、口舌歪斜、言语謇涩、气短乏力、面色㿠白；缺血性中风见上述证候者。,黄芪2000g当归200g赤芍200g地龙100g川芎100g桃仁100g红花100g
消栓肠溶胶囊,胶囊剂,补气，活血，通络。用于缺血性中风气虚血瘀证，症见眩晕，肢麻，瘫软，昏厥，半身不遂，口眼㖞斜，语言謇涩，面色㿠白，气短乏力。,黄芪900g当归90g赤芍90g地龙45g川芎45g桃仁45g红花45g
消栓颗粒,颗粒剂,补气活血通络。用于中风气虚血瘀证，症见半身不遂，口舌歪斜，言语謇涩，气短乏力，面色㿠白；缺血性中风见上述证候者。,黄芪5000g当归500g赤芍500g地龙250g红花250g川芎250g桃仁250g
消栓通络片,片剂,活血化瘀，温经通络。用于瘀血阻络所致的中风，症见神情呆滞、言语謇涩、手足发凉、肢体疼痛；缺血性中风及高脂血症见上述证候者。,川芎287g丹参215g黄芪431g泽泻144g三七144g槐花72g桂枝144g郁金144g木香72g冰片5.7g山楂144g
消栓通络胶囊,胶囊剂,活血化瘀，温经通络。用于瘀血阻络所致的中风，症见神情呆滞、言语謇涩、手足发凉、肢体疼痛；缺血性中风及高脂血症见上述证候者。,川芎287g丹参215g黄芪431g泽泻144g三七144g槐花72g桂枝144g郁金144g木香72g冰片5.7g山楂144g
消栓通络颗粒,颗粒剂,活血化瘀、温经通络。用于瘀血阻络所致的中风，症见神情呆滞、言语謇涩、手足发凉、肢体疼痛；缺血性中风及高脂血症见上述证候者。,川芎120g丹参90g黄芪180g泽泻60g三七60g槐花30g桂枝60g郁金60g木香30g冰片2.4g山楂60g
消眩止晕片,片剂,豁痰，化瘀，平肝。用于因肝阳挟痰瘀上扰所致眩晕；脑动脉硬化见上述证候者。,火炭母400g鸡矢藤100g姜半夏50g白术50g天麻50g丹参100g当归25g白芍40g茯苓50g木瓜40g枳实25g砂仁5g石菖蒲50g白芷15g
消银片,片剂,清热凉血，养血润肤，祛风止痒。用于血热风燥型白疕和血虚风燥型白疕，症见皮疹为点滴状、基底鲜红色、表面覆有银白色鳞屑、或皮疹表面覆有较厚的银白色鳞屑、较干燥、基底淡红色、瘙痒较甚。,地黄91g牡丹皮46g赤芍46g当归46g苦参46g金银花46g玄参46g牛蒡子46g蝉蜕23g白鲜皮46g防风23g大青叶46g红花23g
消银胶囊,胶囊剂,清热凉血，养血润肤，祛风止痒。用于血热风燥型白疕和血虚风燥型白疕，症见皮疹为点滴状、基底鲜红色、表面覆有银白色鳞屑、或皮疹表面覆有较厚的银白色鳞屑、较干燥、基底淡红色、瘙痒较甚。,地黄91g牡丹皮46g赤芍46g当归46g苦参46g金银花46g玄参46g牛蒡子46g蝉蜕23g白鲜皮46g防风23g大青叶46g红花23g
消痔软膏,膏剂,凉血止血，消肿止痛。用于炎性、血栓性外痔及Ⅰ、Ⅱ期内痔属风热瘀阻或湿热壅滞证。,熊胆粉18g地榆250g冰片25g
消痤丸,丸剂,清热利湿，解毒散结。用于湿热毒邪聚结肌肤所致的粉刺，症见颜面皮肤光亮油腻、黑头粉刺、脓疱、结节，伴有口苦、口黏、大便干；痤疮见上述证候者。,升麻9.47g柴胡30.31g麦冬34.10g野菊花22.73g黄芩28.42g玄参39.79g石膏56.84g石斛39.79g龙胆39.79g大青叶39.79g金银花28.42g竹茹18.95g蒲公英28.42g淡竹叶22.73g夏枯草22.73g紫草22.73g
消渴丸,丸剂,滋肾养阴，益气生津。用于气阴两虚所致的消渴病，症见多饮、多尿、多食、消瘦、体倦乏力、眠差、腰痛；2型糖尿病见上述证候者。,葛根265g地黄159g黄芪53g天花粉265g玉米须265g南五味子53g山药26.5g格列本脲0.25g
消渴平片,片剂,益气养阴，清热泻火。用于阴虚燥热，气阴两虚所致的消渴病，症见口渴喜饮、多食、多尿、消瘦、气短、乏力、手足心热；2型糖尿病见上述证候者。,人参15g黄连15g天花粉375g天冬38g黄芪375g丹参112g枸杞子90g沙苑子112g葛根112g知母75g五倍子38g五味子38g
消渴灵片,片剂,益气养阴，清热泻火，生津止渴。用于气阴两虚所致的消渴病，症见多饮、多食、多尿、消瘦、气短乏力；2型轻型、中型糖尿病见上述证候者。,地黄208g五味子16g麦冬104g牡丹皮16g黄芪104g黄连10g茯苓18g红参10g天花粉104g石膏52g枸杞子104g
消瘀康片,片剂,活血化瘀，消肿止痛。用于治疗颅内血肿吸收期。,当归125g苏木125g木香100g赤芍125g泽兰125g乳香37.5g地黄125g泽泻125g没药37.5g川芎125g川木通125g川牛膝187.5g桃仁125g续断125g甘草62.5g红花125g香附100g
消瘀康胶囊,胶囊剂,活血化瘀，消肿止痛。用于治疗颅内血肿吸收期。,当归125g苏木125g木香100g赤芍125g泽兰125g乳香37.5g地黄125g泽泻125g没药37.5g川芎125g川木通125g川牛膝187.5g桃仁125g续断125g甘草62.5g红花125g香附100g
消糜栓,栓剂,清热解毒，燥湿杀虫，祛腐生肌。用于湿热下注所致的带下病，症见带下量多、色黄、质稠、腥臭、阴部瘙痒；滴虫性阴道炎、霉菌性阴道炎、非特异性阴道炎、宫颈糜烂见上述证候者。,人参茎叶总皂苷25g紫草500g黄柏500g苦参500g枯矾400g冰片200g儿茶500g
消癥丸,丸剂,舒肝行气、活血化瘀、软坚散结。用于气滞血瘀痰凝所致的乳腺增生病。症见乳房肿块，乳房胀痛或刺痛，可伴胸胁疼痛，善郁易怒，胸闷，脘痞纳呆，月经量少色暗，经行腹痛，舌暗红或有瘀点、瘀斑，苔薄白或白腻，脉弦或涩。,柴胡125g香附125g酒大黄83.4g青皮83.4g川芎83.4g莪术83.4g土鳖虫83.4g浙贝母83.4g当归125g白芍125g王不留行83.4g
润肺止嗽丸,丸剂,润肺定喘，止嗽化痰。用于肺气虚弱所致的咳嗽喘促、痰涎壅盛、久嗽声哑。,天冬15g地黄9g天花粉15g瓜蒌子（蜜炙）15g蜜桑白皮15g炒紫苏子9g炒苦杏仁6g紫菀15g浙贝母9g款冬花15g桔梗6g醋五味子15g前胡6g醋青皮15g陈皮9g炙黄芪9g炒酸枣仁9g黄芩15g知母9g淡竹叶9g炙甘草6g
烫伤油,搽剂,清热解毒，凉血祛腐止痛。用于Ⅰ、Ⅱ度烧烫伤和酸碱灼伤。,马尾连93g紫草62.4g黄芩93g冰片5g地榆62.4g大黄62.4g
调经丸,丸剂,理气活血，养血调经。用于气滞血瘀所致月经不调、痛经，症见月经延期、经期腹痛、经血量少、或有血块，或见经前乳胀、烦躁不安、崩漏带下。,当归75g酒白芍75g川芎50g熟地黄100g醋艾炭50g醋香附200g陈皮50g清半夏50g茯苓59g甘草15g炒白术75g制吴茱萸25g盐小茴香25g醋延胡索25g醋没药25g益母草100g牡丹皮50g续断50g酒黄芩50g麦冬50g阿胶100g
调经止痛片,片剂,益气活血，调经止痛。用于气虚血瘀所致的月经不调、痛经、产后恶露不绝，症见经行后错、经水量少、有血块、行经小腹疼痛、产后恶露不净。,当归320g党参213g川芎80g香附（炒）80g益母草213g泽兰80g大红袍213g
调经促孕丸,丸剂,温肾健脾，活血调经。用于脾肾阳虚、瘀血阻滞所致的月经不调、闭经、痛经、不孕，症见月经后错、经水量少、有血块、行经小腹冷痛、经水日久不行、久不受孕、腰膝冷痛。,鹿茸（去毛）5g炙淫羊藿10g仙茅10g续断10g桑寄生10g菟丝子15g枸杞子10g覆盆子10g山药30g莲子（去心）10g茯苓15g黄芪10g白芍15g炒酸枣仁10g钩藤10g丹参15g赤芍15g鸡血藤30g
调经养血丸,丸剂,补血，理气，调经。用于血虚气滞，月经不调，腰酸腹胀，赤白带下。,当归60g炒白芍30g香附（制）100g陈皮10g熟地黄60g川芎30g炙甘草15g大枣80g白术（炒）60g续断30g砂仁15g酒黄芩20g
调经活血片,片剂,养血活血，行气止痛。用于气滞血瘀兼血虚所致月经不调、痛经，症见经行错后、经水量少、行经小腹胀痛。,木香33.3g川芎33.3g醋延胡索33.3g当归100g熟地黄66.7g赤芍66.7g红花50g乌药50g白术50g丹参100g醋香附100g制吴茱萸16.7g泽兰100g鸡血藤100g菟丝子133.3g
调经活血胶囊,胶囊剂,养血活血，行气止痛。用于气滞血瘀兼血虚所致月经不调、痛经，症见经行错后、经水量少、行经小腹胀痛。,木香33.3g川芎33.3g醋延胡索33.3g当归100g熟地黄66.7g赤芍66.7g红花50g乌药50g白术50g丹参100g醋香附100g制吴茱萸16.7g泽兰100g鸡血藤100g菟丝子133.3g
调胃消滞丸,丸剂,疏风解表，散寒化湿，健胃消食。用于感冒属风寒夹湿、内伤食滞证，症见恶寒发热、头痛身困、食少纳呆、嗳腐吞酸、腹痛泄泻。,姜厚朴60g羌活60g广东神曲60g枳壳30g香附（四制）6g姜半夏60g防风60g前胡60g川芎（白酒蒸）6g白芷60g薄荷60g砂仁60g草果30g木香6g豆蔻60g茯苓60g苍术（泡）60g广藿香6g乌药（醋蒸）60g甘草30g紫苏叶60g陈皮（蒸）60g
通天口服液,口服液,活血化瘀，祛风止痛。用于瘀血阻滞、风邪上扰所致的偏头痛，症见头部胀痛或刺痛、痛有定处、反复发作、头晕目眩、或恶心呕吐、恶风。,川芎127g赤芍53g天麻21g羌活42g白芷42g细辛10g菊花53g薄荷84g防风15g茶叶63g甘草21g
通乐颗粒,颗粒剂,滋阴补肾，润肠通便。用于阴虚便秘，症见大便秘结、口干、咽燥、烦热，以及习惯性、功能性便秘见于上述证候者。,何首乌600g地黄600g当归300g麦冬300g玄参300g麸炒枳壳150g
通关散,散剂,通关开窍。用于痰浊阻窍所致的气闭昏厥、牙关紧闭、不省人事。,猪牙皂500g鹅不食草250g细辛250g
通幽润燥丸,丸剂,清热导滞，润肠通便。用于胃肠积热所致的便秘，症见大便不通、脘腹胀满、口苦尿黄。,麸炒枳壳80g木香10g姜厚朴80g桃仁（去皮）20g红花20g当归20g炒苦杏仁20g火麻仁20g郁李仁20g熟地黄20g地黄20g黄芩80g槟榔20g熟大黄80g大黄40g甘草10g
通脉养心口服液,口服液,益气养阴，通脉止痛。用于冠心病气阴两虚证，症见胸痛、胸闷、心悸、气短、脉弦细。,地黄100g鸡血藤100g麦冬60g甘草60g制何首乌60g阿胶60g五味子60g党参60g醋龟甲40g大枣40g桂枝20g
通脉养心丸,丸剂,益气养阴，通脉止痛。用于冠心病心绞痛及心律不齐之气阴两虚证，症见胸痛、胸闷、心悸、气短、脉结代。,地黄100g鸡血藤100g麦冬60g甘草60g制何首乌60g阿胶60g五味子60g党参60g醋龟甲40g大枣40g桂枝20g
通宣理肺丸,丸剂,解表散寒，宣肺止嗽。用于风寒束表、肺气不宣所致的感冒咳嗽，症见发热、恶寒、咳嗽、鼻塞流涕、头痛、无汗、肢体酸痛。,紫苏叶144g前胡96g桔梗96g苦杏仁72g麻黄96g甘草72g陈皮96g半夏（制）72g茯苓96g枳壳（炒）96g黄芩96g
通宣理肺片,片剂,解表散寒，宣肺止咳。用于风寒束表、肺气不宣所致的感冒咳嗽，症见发热、恶寒、咳嗽、鼻塞流涕、头痛、无汗、肢体酸痛。,紫苏叶180g前胡120g桔梗120g苦杏仁90g麻黄120g甘草90g陈皮120g半夏（制）90g茯苓120g麸炒枳壳120g黄芩120g
通宣理肺胶囊,胶囊剂,解表散寒，宣肺止嗽。用于风寒束表、肺气不宣所致的感冒咳嗽，症见发热、恶寒、咳嗽、鼻塞流涕、头痛、无汗、肢体酸痛。,紫苏叶343g前胡229g桔梗229g苦杏仁171g麻黄229g甘草171g陈皮229g姜半夏171g茯苓229g枳壳（炒）229g黄芩229g
通宣理肺颗粒,颗粒剂,解表散寒，宣肺止咳。用于风寒束表、肺气不宣所致的感冒咳嗽，症见发热、恶寒、咳嗽、鼻塞流涕、头痛、无汗、肢体酸痛。,紫苏叶144g前胡96g桔梗96g苦杏仁72g麻黄96g甘草72g陈皮96g半夏（制）72g茯苓96g麸炒枳壳96g黄芩96g
通络祛痛膏,膏剂,活血通络，散寒除湿，消肿止痛。用于腰部、膝部骨性关节病瘀血停滞、寒湿阻络证，症见关节刺痛或钝痛，关节僵硬，屈伸不利，畏寒肢冷。用于颈椎病（神经根型）瘀血停滞、寒湿阻络证，症见颈项疼痛、肩臂疼痛、颈项活动不利、肢体麻木、畏寒肢冷、肢体困重等。,当归100g川芎62g红花62g山柰62g花椒72g胡椒62g丁香30g肉桂62g荜茇62g干姜62g大黄62g樟脑44g冰片30g薄荷脑30g
通窍耳聋丸,丸剂,清肝泻火，通窍润便。用于肝经热盛，头目眩晕，耳聋蝉鸣，耳底肿痛，目赤口苦，胸膈满闷，大便燥结。,北柴胡60g龙胆48g芦荟48g熟大黄48g黄芩120g青黛48g天南星（矾炙）48g木香60g醋青皮90g陈皮48g当归90g栀子（姜炙）60g
通窍鼻炎片,片剂,散风固表，宣肺通窍。用于风热蕴肺、表虚不固所致的鼻塞时轻时重、鼻流清涕或浊涕、前额头痛；慢性鼻炎、过敏性鼻炎、鼻窦炎见上述证候者。,炒苍耳子200g防风150g黄芪250g白芷150g辛夷150g炒白术150g薄荷50g
通窍鼻炎胶囊,胶囊剂,散风固表，宣肺通窍。用于风热蕴肺、表虚不固所致的鼻塞时轻时重、鼻流清涕或浊涕、前额头痛；慢性鼻炎、过敏性鼻炎、鼻窦炎见上述证候者。,炒苍耳子300g防风225g黄芪375g白芷225g辛夷225g炒白术225g薄荷75g
通窍鼻炎颗粒,颗粒剂,散风固表，宣肺通窍。用于风热蕴肺、表虚不固所致的鼻塞时轻时重、鼻流清涕或浊涕、前额头痛；慢性鼻炎、过敏性鼻炎、鼻窦炎见上述证候者。,炒苍耳子600g防风450g黄芪750g白芷450g辛夷450g炒白术450g薄荷150g
通窍镇痛散,散剂,行气活血，通窍止痛。用于痰瘀闭阻，心胸憋闷疼痛，或中恶气闭，霍乱，吐泻。,石菖蒲125g郁金125g荜茇125g醋香附125g木香125g丁香125g檀香125g沉香125g苏合香125g安息香125g冰片37.5g乳香125g
桑姜感冒片,片剂,散风清热，宣肺止咳。用于外感风热、痰浊阻肺所致的感冒，症见发热头痛、咽喉肿痛、咳嗽痰白。,桑叶300g菊花120g紫苏叶160g连翘160g苦杏仁160g干姜100g
桑菊感冒丸,丸剂,疏风清热，宣肺止咳。用于风热感冒初起，头痛，咳嗽，口干，咽痛。,桑叶558g菊花222g连翘336g薄荷素油1.2ml苦杏仁444g桔梗444g甘草180g芦根444g
桑菊感冒片,片剂,疏风清热，宣肺止咳。用于风热感冒初起，头痛，咳嗽，口干，咽痛。,桑叶465g菊花185g连翘280g薄荷素油1ml苦杏仁370g桔梗370g甘草150g芦根370g
桑菊感冒合剂,口服液,疏风清热，宣肺止咳。用于风热感冒初起，头痛，咳嗽，口干，咽痛。,桑叶200g菊花80g连翘120g薄荷64g苦杏仁160g桔梗160g甘草64g芦根160g
桑葛降脂丸,丸剂,补肾健脾，通下化瘀，清热利湿。用于脾肾两虚、痰浊血瘀型高脂血症。,桑寄生252g葛根252g山药210g大黄42g山楂210g丹参252g红花126g泽泻168g茵陈168g蒲公英168g
理中丸,丸剂,温中散寒，健胃。用于脾胃虚寒，呕吐泄泻，胸满腹痛，消化不良。,党参75g土白术75g炙甘草75g炮姜50g
培元通脑胶囊,胶囊剂,益肾填精，息风通络。用于肾元亏虚，瘀血阻络证，症见半身不遂、口眼歪斜、言语謇涩、半身麻木、眩晕耳鸣、腰膝酸软、脉沉细；缺血性中风中经络恢复期见上述证候者。,制何首乌429g熟地黄286g天冬286g醋龟甲46g鹿茸23g酒苁蓉114g肉桂24g赤芍49g全蝎48g烫水蛭96g地龙49g炒山楂142g茯苓48g炙甘草29g
培坤丸,丸剂,补气血，滋肝肾。用于妇女血亏，消化不良，月经不调，赤白带下，小腹冷痛，气血衰弱，久不受孕。,炙黄芪48g陈皮32g炙甘草8g炒白术48g北沙参16g茯苓32g酒当归80g麦冬32g川芎16g炒酸枣仁32g酒白芍16g砂仁9g杜仲炭32g核桃仁20g盐胡芦巴40g醋艾炭16g龙眼肉32g山茱萸（制）32g制远志4g熟地黄64g五味子（蒸）8g
黄芪生脉颗粒,颗粒剂,益气滋阴，养心行滞。用于气阴两虚，血脉瘀阻引起的胸痹心痛，症见胸痛、胸闷、心悸、气短；冠心病、心绞痛见上述证候者。,炙黄芪600g党参400g麦冬400g五味子100g南五味子100g
黄芪健胃膏,膏剂,补气温中，缓急止痛。用于脾胃虚寒所致的胃痛，症见胃痛拘急、畏寒肢冷、喜温喜按、心悸自汗；胃、十二指肠溃疡见上述证候者。,黄芪407g白芍244g桂枝122g生姜122g甘草122g大枣122g
黄芪颗粒,颗粒剂,补气固表，利尿，托毒排脓，生肌。用于气短心悸，虚脱，自汗，体虚浮肿，久泻，脱肛，子宫脱垂，痈疽难溃，疮口久不愈合。,黄芪1000g
黄连上清丸,丸剂,散风清热，泻火止痛。用于风热上攻、肺胃热盛所致的头晕目眩、暴发火眼、牙齿疼痛、口舌生疮、咽喉肿痛、耳痛耳鸣、大便秘结、小便短赤。,黄连10g栀子（姜制）80g连翘80g炒蔓荆子80g防风40g荆芥穗80g白芷80g黄芩80g菊花160g薄荷40g酒大黄320g黄柏（酒炒）40g桔梗80g川芎40g石膏40g旋覆花20g甘草40g
黄连上清片,片剂,散风清热，泻火止痛。用于风热上攻、肺胃热盛所致的头晕目眩、暴发火眼、牙齿疼痛、口舌生疮、咽喉肿痛、耳痛耳鸣、大便秘结、小便短赤。,黄连5g栀子40g连翘40g炒蔓荆子40g防风20g荆芥穗40g白芷40g黄芩40g菊花80g薄荷20g大黄160g黄柏20g桔梗40g川芎20g石膏20g旋覆花10g甘草20g
黄连上清胶囊,胶囊剂,散风清热、泻火止痛。用于风热上攻、肺胃热盛所致的头晕目眩、暴发火眼、牙齿疼痛、口舌生疮、咽喉肿痛、耳痛耳鸣、大便秘结、小便短赤。,黄连8.78g栀子（姜制）70.23g连翘70.23g炒蔓荆子70.23g防风35.11g荆芥穗70.23g白芷70.23g黄芩70.23g菊花140.46g薄荷35.11g酒大黄280.92g黄柏（酒炙）35.11g桔梗70.23g川芎35.11g石膏35.11g旋覆花17.57g甘草35.11g
黄连上清颗粒,颗粒剂,散风清热、泻火止痛。用于风热上攻、肺胃热盛所致的头晕目眩、暴发火眼、牙齿疼痛、口舌生疮、咽喉肿痛、耳痛耳鸣、大便秘结、小便短赤。,黄连24g栀子（姜制）192g连翘192g炒蔓荆子192g防风96g荆芥穗192g白芷192g黄芩192g菊花384g薄荷96g酒大黄768g黄柏（酒炙）96g桔梗192g川芎96g石膏96g旋覆花48g甘草96g
黄连胶囊,胶囊剂,清热燥湿，泻火解毒。用于湿热蕴毒所致的痢疾、黄疸，症见发热、黄疸、吐泻、纳呆、尿黄如茶、目赤吞酸、牙龈肿痛或大便脓血。,黄连250g
黄莪胶囊,胶囊剂,益气活血，清利湿热。用于Ⅰ、Ⅱ期良性前列腺增生症气虚血瘀、湿热阻滞证。症见排尿困难、尿意频急、或小腹胀满或疼痛，舌质淡紫或有瘀点，苔薄黄腻，脉细。,黄芪300g桃仁180g莪术180g大黄20g土茯苓240g薏苡仁400g益母草300g夏枯草300g肉桂120g北豆根180g桔梗180g川牛膝180g
黄疸肝炎丸,丸剂,舒肝理气，利胆退黄。用于肝气不舒、湿热蕴结所致的黄疸，症见皮肤黄染、胸胁胀痛、小便短赤；急性肝炎、胆囊炎见上述证候者。,茵陈64g滇柴胡48g炒栀子48g青叶胆16g醋延胡索48g郁金（醋炙）32g醋香附48g麸炒枳壳48g槟榔48g青皮32g佛手32g酒白芍64g甘草16g
黄藤素片,片剂,清热解毒。用于妇科炎症，菌痢，肠炎，呼吸道及泌尿道感染，外科感染，眼结膜炎。,黄藤素300g
萆薢分清丸,丸剂,分清化浊，温肾利湿。用于肾不化气、清浊不分所致的白浊、小便频数。,粉萆薢320g石菖蒲60g甘草160g乌药80g盐益智仁40g
梅花点舌丸,丸剂,清热解毒，消肿止痛。用于火毒内盛所致的疔疮痈肿初起、咽喉牙龈肿痛、口舌生疮。,牛黄60g珍珠90g人工麝香60g蟾酥（制）60g熊胆粉30g雄黄30g朱砂60g硼砂30g葶苈子30g乳香（制）30g没药（制）30g血竭30g沉香30g冰片30g
排石颗粒,颗粒剂,清热利水，通淋排石。用于下焦湿热所致的石淋，症见腰腹疼痛、排尿不畅或伴有血尿；泌尿系结石见上述证候者。,连钱草1038g盐车前子156g木通156g徐长卿156g石韦156g忍冬藤260g滑石260g瞿麦156g苘麻子156g甘草260g
控涎丸,丸剂,涤痰逐饮。用于痰涎水饮停于胸膈，胸胁隐痛，咳喘痛甚，痰不易出，瘰疬，痰核。,醋甘遂300g红大戟300g白芥子300g
虚寒胃痛颗粒,颗粒剂,益气健脾，温胃止痛。用于脾虚胃弱所致的胃痛，症见胃脘隐痛、喜温喜按、遇冷或空腹加重；十二指肠球部溃疡、慢性萎缩性胃炎见上述证候者。,炙黄芪335.8g炙甘草224.0g桂枝224.0g党参335.8g白芍335.8g高良姜134.4g大枣224.0g干姜44.8g
野菊花栓,栓剂,,野菊花10000g
野菊花颗粒,颗粒剂,清热解毒。用于疖疮肿痛，目赤肿痛，头痛眩晕。,野菊花333g
蛇胆川贝软胶囊,软胶囊,清肺，止咳，除痰。用于肺热咳嗽，痰多。,蛇胆汁21.4g川贝母128.6g
蛇胆川贝胶囊,胶囊剂,清肺，止咳，祛痰。用于肺热咳嗽，痰多。,蛇胆汁49g川贝母295g
蛇胆川贝散,散剂,清肺，止咳，除痰。用于肺热咳嗽，痰多。,蛇胆汁100g川贝母600g
蛇胆陈皮片,片剂,理气化痰，祛风和胃。用于痰浊阻肺，胃失和降，咳嗽、呕逆。,蛇胆汁26g陈皮156g
蛇胆陈皮胶囊,胶囊剂,理气化痰，祛风和胃。用于痰浊阻肺，胃失和降，咳嗽、呕逆。,蛇胆汁49g陈皮（蒸）295g
蛇胆陈皮散,散剂,理气化痰，祛风和胃。用于痰浊阻肺，胃失和降，咳嗽，呕逆。,蛇胆汁100g陈皮（蒸）600g
银丹心脑通软胶囊,软胶囊,苗医：蒙修，蒙柯，陇蒙柯，给俄，告俄蒙给。中医：活血化瘀，行气止痛，消食化滞。用于气滞血瘀引起的胸痹，胸闷，气短，心悸等；冠心病心绞痛、高脂血症、脑动脉硬化、中风、中风后遗症见上述证候者。,银杏叶500g丹参500g灯盏细辛300g绞股蓝300g山楂400g大蒜400g三七200g艾片10g
银杏叶口服液,口服液,活血化瘀通络。用于瘀血阻络引起的胸痹心痛、中风、半身不遂、舌强语謇；冠心病稳定型心绞痛、脑梗死见上述证候者。,银杏叶提取物8g
银杏叶片,片剂,活血化瘀通络。用于瘀血阻络引起的胸痹心痛、中风、半身不遂、舌强语謇；冠心病稳定型心绞痛、脑梗死见上述证候者。,银杏叶提取物40g
银杏叶软胶囊,软胶囊,活血化瘀通络。用于瘀血阻络引起的胸痹心痛、中风、半身不遂、舌强语謇；冠心病稳定型心绞痛、脑梗死见上述证候者。,银杏叶提取物40g
银杏叶胶囊,胶囊剂,活血化瘀通络。用于瘀血阻络引起的胸痹心痛、中风、半身不遂、舌强语謇；冠心病稳定型心绞痛、脑梗死见上述证候者。,银杏叶提取物40g
银杏叶滴丸,滴丸,活血化瘀通络。用于瘀血阻络引起的胸痹心痛、中风、半身不遂、舌强语謇；冠心病稳定型心绞痛、脑梗死见上述证候者。,银杏叶提取物16g
银屑灵膏,膏剂,清热燥湿，活血解毒。用于湿热蕴肤，郁滞不通所致的白疕，症见皮损呈红斑湿润、偶有浅表小脓疱，多发于四肢屈侧部位；银屑病见上述证候者。,苦参40g甘草40g白鲜皮54g防风40g土茯苓81g蝉蜕54g黄柏27g地黄54g山银花54g赤芍27g连翘40g当归40g
银黄口服液,口服液,清热疏风，利咽解毒。用于外感风热、肺胃热盛所致的咽干、咽痛、喉核肿大、口渴、发热；急慢性扁桃体炎、急慢性咽炎、上呼吸道感染见上述证候者。,金银花提取物（以绿原酸计）2.4g黄芩提取物（以黄芩苷计）24g
银黄丸,丸剂,清热疏风，利咽解毒。用于外感风热、肺胃热盛所致的咽干、咽痛、喉核肿大、口渴、发热；急慢性扁桃体炎、急慢性咽炎、上呼吸道感染见上述证候者。,金银花提取物400g黄芩提取物160g
银黄片,片剂,清热疏风，利咽解毒。用于外感风热、肺胃热盛所致的咽干、咽痛、喉核肿大、口渴、发热；急慢性扁桃体炎、急慢性咽炎、上呼吸道感染见上述证候者。,金银花提取物100g黄芩提取物40g
银黄颗粒,颗粒剂,清热疏风，利咽解毒。用于外感风热、肺胃热盛所致的咽干、咽痛、喉核肿大、口渴、发热；急慢性扁桃体炎、急慢性咽炎、上呼吸道感染见上述证候者。,金银花提取物100g黄芩提取物40g
银黄清肺胶囊,胶囊剂,清肺化痰，止咳平喘。用于慢性支气管炎急性发作之痰热壅肺证，症见咳嗽咯痰，痰黄而粘，胸闷气喘，发热口渴，便干尿黄，舌红，苔黄腻。,葶苈子60g蜜麻黄37.5g苦杏仁45g浙贝母45g枇杷叶45g大青叶30g石菖蒲45g穿山龙45g一枝蒿30g银杏叶45g五味子15g枳实15g生石膏60g甘草15g
银翘双解栓,栓剂,疏解风热，清肺泻火。用于外感风热，肺热内盛所致的发热、微恶风寒、咽喉肿痛、咳嗽、痰白或黄、口干微渴、舌红苔白或黄、脉浮数或滑数；上呼吸道感染、扁桃体炎、急性支气管炎见上述证候者。,连翘1860.46g金银花930.23g黄芩1023.26g丁香叶465.12g
银翘伤风胶囊,胶囊剂,疏风解表，清热解毒。用于外感风热，温病初起，发热恶寒，高热口渴，头痛目赤，咽喉肿痛。,山银花132g连翘132g牛蒡子79g桔梗79g芦根79g薄荷79g淡豆豉66g甘草66g淡竹叶53g荆芥53g人工牛黄5g
银翘散,散剂,辛凉透表，清热解毒。用于外感风寒，发热头痛，口干咳嗽，咽喉疼痛，小便短赤。,金银花100g连翘100g桔梗60g薄荷60g淡豆豉50g淡竹叶40g牛蒡子60g荆芥40g芦根100g甘草40g
银翘解毒丸（浓缩蜜丸）,丸剂,疏风解表，清热解毒。用于风热感冒，症见发热头痛、咳嗽口干、咽喉疼痛。,金银花200g连翘200g薄荷120g荆芥80g淡豆豉100g牛蒡子（炒）120g桔梗120g淡竹叶80g甘草100g
银翘解毒片,片剂,疏风解表，清热解毒。用于风热感冒，症见发热头痛、咳嗽口干、咽喉疼痛。,金银花200g连翘200g薄荷120g荆芥80g淡豆豉100g牛蒡子（炒）120g桔梗120g淡竹叶80g甘草100g
银翘解毒软胶囊,软胶囊,疏风解表，清热解毒。用于风热感冒，症见发热头痛、咳嗽口干、咽喉疼痛。,金银花400g连翘400g薄荷240g荆芥160g淡豆豉200g牛蒡子（炒）240g桔梗240g淡竹叶160g甘草200g
银翘解毒胶囊,胶囊剂,疏风解表，清热解毒。用于风热感冒，症见发热头痛、咳嗽口干、咽喉疼痛。,金银花200g连翘200g薄荷120g荆芥80g淡豆豉100g牛蒡子（炒）120g桔梗120g淡竹叶80g甘草100g
银翘解毒颗粒,颗粒剂,疏风解表，清热解毒。用于风热感冒，症见发热头痛、咳嗽口干、咽喉疼痛。,金银花200g连翘200g薄荷120g荆芥80g淡豆豉100g牛蒡子（炒）120g桔梗120g淡竹叶80g甘草100g
银蒲解毒片,片剂,清热解毒。用于风热型急性咽炎，症见咽痛、充血，咽干或具灼热感，舌苔薄黄；湿热型肾盂肾炎，症见尿频短急，灼热疼痛，头身疼痛，小腹坠胀，肾区叩击痛。,山银花562.5g蒲公英750g野菊花562.5g紫花地丁937.5g夏枯草562.5g
甜梦口服液（甜梦合剂）,口服液,益气补肾，健脾和胃，养心安神。用于头晕耳鸣，视减听衰，失眠健忘，食欲不振，腰膝酸软，心慌气短，中风后遗症；对脑功能减退，冠状血管疾患，脑血管栓塞及脱发也有一定作用。,刺五加53g黄精67g蚕蛾13g桑椹33g党参40g黄芪40g砂仁5g枸杞子40g山楂160g熟地黄27g炙淫羊藿27g陈皮27g茯苓27g制马钱子1.3g法半夏27g泽泻40g山药27g
甜梦胶囊,胶囊剂,益气补肾，健脾和胃，养心安神。用于头晕耳鸣，视减听衰，失眠健忘，食欲不振，腰膝酸软，心慌气短，中风后遗症；对脑功能减退，冠状血管疾患，脑血管栓塞及脱发也有一定作用。,刺五加178g黄精222g蚕蛾44g桑椹111g党参133g黄芪133g砂仁18g枸杞子133g山楂533g熟地黄89g炙淫羊藿89g陈皮89g茯苓89g制马钱子4.4g法半夏89g泽泻133g山药89g
得生丸,丸剂,养血化瘀，舒肝调经。用于气滞血瘀所致的月经不调、痛经，症见月经量少有血块、经行后期或前后不定、经行小腹胀痛，或有癥瘕痞块。,益母草600g当归200g白芍200g柴胡100g木香50g川芎50g
麻仁丸,丸剂,润肠通便。用于肠热津亏所致的便秘，症见大便干结难下、腹部胀满不舒；习惯性便秘见上述证候者。,火麻仁200g苦杏仁100g大黄200g枳实（炒）200g姜厚朴100g炒白芍200g
麻仁润肠丸,丸剂,润肠通便。用于肠胃积热，胸腹胀满，大便秘结。,火麻仁120g炒苦杏仁60g大黄120g木香60g陈皮120g白芍60g
麻仁滋脾丸,丸剂,润肠通便，消食导滞。用于胃肠积热、肠燥津伤所致的大便秘结、胸腹胀满、饮食无味、烦躁不宁、舌红少津。,大黄（制）160g火麻仁80g当归80g姜厚朴40g炒苦杏仁40g麸炒枳实40g郁李仁40g白芍30g
痔宁片,片剂,清热凉血，润燥疏风。用于实热内结或湿热瘀滞所致的痔疮出血、肿痛。,地榆炭417.0g侧柏叶炭417.0g地黄333.4g槐米280.0g酒白芍280.0g荆芥炭166.8g当归280.0g黄芩280.0g枳壳166.8g刺猬皮（制）166.8g乌梅166.8g甘草83.4g
痔炎消颗粒,颗粒剂,清热解毒，润肠通便，止血，止痛，消肿。用于血热毒盛所致的痔疮肿痛、肛裂疼痛及痔疮手术后大便困难、便血及老年人便秘。,火麻仁150g紫珠叶150g槐花75g山银花75g地榆75g白芍60g三七5g白茅根150g茵陈75g枳壳50g
痔疮片,片剂,清热解毒，凉血止痛，祛风消肿。用于各种痔疮，肛裂，大便秘结。,大黄323g蒺藜323g功劳木645g白芷323g冰片16g猪胆粉4g
痔疮外洗散（痔疮外洗药）,散剂,祛毒止痒，消肿止痛。用于痔疮漏疮，肛门痛痒，坚硬肿胀，溃流脓血。,芒硝180g花椒90g防风90g黄连60g鱼腥草60g五倍子90g甘草150g
痔疮胶囊,胶囊剂,清热解毒，凉血止痛，祛风消肿。用于各种痔疮，肛裂，大便秘结。,大黄323g蒺藜323g功劳木645g白芷323g冰片16g猪胆粉4g
痔康片,片剂,清热凉血，泻热通便。用于热毒风盛或湿热下注所致的便血、肛门肿痛、有下坠感；一、二期内痔见上述证候者。,豨莶草360g金银花216g槐花216g地榆炭216g黄芩216g大黄96g
康尔心胶囊,胶囊剂,益气养阴，活血止痛。用于气阴两虚、瘀血阻络所致的胸痹，症见胸闷心痛、心悸气短、腰膝酸软、耳鸣眩晕；冠心病心绞痛见上述证候者。,三七150g人参80g麦冬80g丹参120g枸杞子150g何首乌120g山楂230g
康妇软膏,膏剂,祛风燥湿，杀虫止痒。用于湿热下注所致的阴痒、带下病，症见外阴红肿、瘙痒、带下量多、色黄；外阴炎、外阴溃疡、阴道炎见上述证候者。,白芷145g蛇床子145g花椒145g土木香30g冰片30g
康妇消炎栓,栓剂,清热解毒，利湿散结，杀虫止痒。用于湿热、湿毒所致的带下病、阴痒，症见下腹胀痛或腰骶胀痛，带下量多，色黄，阴部瘙痒，或有低热，神疲乏力，便干或溏而不爽，小便黄；盆腔炎、附件炎、阴道炎见上述证候者。,苦参690g败酱草1150g紫花地丁920g穿心莲1150g蒲公英2230g猪胆粉100g紫草（新疆紫草）1150g芦荟33g
康莱特软胶囊,软胶囊,益气养阴，消癥散结。适用于手术前及不宜手术的脾虚痰湿型、气阴两虚型原发性非小细胞肺癌。,注射用薏苡仁油450g
羚羊角胶囊,胶囊剂,平肝息风，清肝明目，散血解毒。用于肝风内动，肝火上扰，血热毒盛所致的高热惊痫，神昏痉厥，子痫抽搐，癫痫发狂，头痛眩晕，目赤，翳障，温毒发斑。,羚羊角150g
羚羊清肺丸,丸剂,清肺利咽，清瘟止嗽。用于肺胃热盛，感受时邪，身热头晕，四肢酸懒，咳嗽痰盛，咽喉肿痛，鼻衄咳血，口干舌燥。,浙贝母40g蜜桑白皮25g前胡25g麦冬25g天冬25g天花粉50g地黄50g玄参50g石斛100g桔梗50g蜜枇杷叶50g炒苦杏仁25g金果榄25g金银花50g大青叶25g栀子50g黄芩25g板蓝根25g牡丹皮25g薄荷25g甘草15g熟大黄25g陈皮30g羚羊角粉6g
羚羊清肺颗粒,颗粒剂,清肺利咽，清瘟止嗽。用于肺胃热盛，感受时邪，身热头晕，四肢酸懒，咳嗽痰盛，咽喉肿痛，鼻衄咳血，口干舌燥。,浙贝母31.7g蜜桑白皮19.8g前胡19.8g麦冬19.8g天冬19.8g天花粉39.6g地黄39.6g玄参39.6g石斛79.3g桔梗39.6g蜜枇杷叶39.6g炒苦杏仁19.8g金果榄19.8g金银花39.6g大青叶19.8g栀子39.6g黄芩19.8g板蓝根19.8g牡丹皮19.8g薄荷19.8g甘草11.9g熟大黄19.8g陈皮23.8g羚羊角粉4.8g
羚羊感冒片,片剂,清热解表。用于流行性感冒，症见发热恶风、头痛头晕、咳嗽、胸闷、咽喉肿痛。,羚羊角3.4g牛蒡子109g淡豆豉68g金银花164g荆芥82g连翘164g淡竹叶82g桔梗109g薄荷素油0.68ml甘草68g
断血流片,片剂,凉血止血。用于血热妄行所致的月经过多、崩漏、吐血、衄血、咯血、尿血、便血、血色鲜红或紫红；功能失调性子宫出血、子宫肌瘤出血及多种出血症、单纯性紫癜、原发性血小板减少性紫癜见上述证候者。,断血流4500g
断血流胶囊,胶囊剂,凉血止血。用于血热妄行所致的月经过多、崩漏、吐血、衄血、咯血、尿血、便血，血色鲜红或紫红；功能失调性子宫出血、子宫肌瘤出血及多种出血症、单纯性紫癜、原发性血小板减少性紫癜见上述证候者。,断血流4500g
断血流颗粒,颗粒剂,凉血止血。用于血热妄行所致的月经过多、崩漏、吐血、衄血、咯血、尿血、便血，血色鲜红或紫红；功能失调性子宫出血、子宫肌瘤出血及多种出血症、单纯性紫癜、原发性血小板减少性紫癜见上述证候者。,断血流1200g
清开灵口服液,口服液,清热解毒，镇静安神。用于外感风热时毒、火毒内盛所致高热不退、烦躁不安、咽喉肿痛、舌质红绛、苔黄、脉数者；上呼吸道感染、病毒性感冒、急性化脓性扁桃体炎、急性咽炎、急性气管炎、高热等病症属上述证候者。,胆酸3.25g珍珠母50.0g猪去氧胆酸3.75g栀子25.0g水牛角25.0g板蓝根200.0g黄芩苷5.0g金银花60.0g
清开灵片,片剂,清热解毒，镇静安神。用于外感风热时毒、火毒内盛所致高热不退、烦躁不安、咽喉肿痛、舌质红绛、苔黄、脉数者；上呼吸道感染、病毒性感冒、急性化脓性扁桃体炎、急性咽炎、急性气管炎、高热等病症属上述证候者。,胆酸13g珍珠母200g猪去氧胆酸15g栀子100g水牛角100g板蓝根800g黄芩苷20g金银花240g
清开灵软胶囊,软胶囊,清热解毒，镇静安神。用于外感风热时毒、火毒内盛所致高热不退、烦躁不安、咽喉肿痛、舌质红绛、苔黄、脉数者；上呼吸道感染、病毒性感冒、急性化脓性扁桃体炎、急性咽炎、急性气管炎、高热等病症属上述证候者。,胆酸13g珍珠母200g猪去氧胆酸15g栀子100g水牛角100g板蓝根800g黄芩苷20g金银花240g
清开灵泡腾片,片剂,清热解毒，镇静安神。用于外感风热时毒、火毒内盛所致高热不退、烦躁不安、咽喉肿痛、舌质红绛、苔黄、脉数者；上呼吸道感染、病毒性感冒、急性化脓性扁桃体炎、急性咽炎、急性气管炎、高热等病症属上述证候者。,胆酸6.5g珍珠母100g猪去氧胆酸7.5g栀子50g水牛角50g板蓝根400g黄芩苷10g金银花120g
清开灵注射液,注射剂,清热解毒，化痰通络，醒神开窍。用于热病，神昏，中风偏瘫，神志不清；急性肝炎、上呼吸道感染、肺炎、脑血栓形成、脑出血见上述证候者。,胆酸3.25g珍珠母（粉）50.0g猪去氧胆酸3.75g栀子25.0g水牛角（粉）25.0g板蓝根200.0g黄芩苷5.0g金银花60.0g
清开灵胶囊,胶囊剂,清热解毒，镇静安神。用于外感风热时毒、火毒内盛所致高热不退、烦躁不安、咽喉肿痛、舌质红绛、苔黄、脉数者；上呼吸道感染、病毒性感冒、急性化脓性扁桃体炎、急性咽炎、急性气管炎、高热等病症属上述证候者。,胆酸6.5g珍珠母100g猪去氧胆酸7.5g栀子50g水牛角50g板蓝根400g黄芩苷10g金银花120g
清开灵颗粒,颗粒剂,清热解毒，镇静安神。用于外感风热时毒、火毒内盛所致高热不退、烦躁不安、咽喉肿痛、舌质红绛、苔黄、脉数者；上呼吸道感染，病毒性感冒，急性化脓性扁桃体炎，急性咽炎，急性气管炎，高热等见上述证候者。,胆酸13g珍珠母200g猪去氧胆酸15g栀子100g水牛角100g板蓝根800g黄芩苷20g金银花240g
清气化痰丸,丸剂,清肺化痰。用于痰热阻肺所致的咳嗽痰多、痰黄稠黏、胸腹满闷。,酒黄芩100g瓜蒌仁霜100g半夏（制）150g胆南星150g陈皮100g苦杏仁100g枳实100g茯苓100g
清火栀麦丸,丸剂,清热解毒，凉血消肿。用于肺胃热盛所致的咽喉肿痛、发热、牙痛、目赤。,穿心莲2000g栀子250g麦冬250g
清火栀麦片,片剂,清热解毒，凉血消肿。用于肺胃热盛所致的咽喉肿痛、发热、牙痛、目赤。,穿心莲800g栀子100g麦冬100g
清火栀麦胶囊,胶囊剂,清热解毒，凉血消肿。用于肺胃热盛所致的咽喉肿痛、发热、牙痛、目赤。,穿心莲800g栀子100g麦冬100g
清宁丸,丸剂,清热泻火，消肿通便。用于火毒内蕴所致的咽喉肿痛、口舌生疮、头晕耳鸣、目赤牙痛、腹中胀满、大便秘结。,大黄600g绿豆25g车前草25g炒白术25g黑豆25g半夏（制）25g醋香附25g桑叶25g桃枝5g牛乳50g姜厚朴25g麦芽25g陈皮25g侧柏叶25g
清肝利胆口服液,口服液,清利肝胆湿热。用于湿热蕴结肝胆所致的纳呆、胁痛、疲倦、乏力、尿黄、苔腻、脉弦。,茵陈428g山银花286g栀子71.5g厚朴71.5g防己143g
清肝利胆胶囊,胶囊剂,清利肝胆湿热。用于湿热蕴结肝胆所致的纳呆、胁痛、疲倦、乏力、尿黄、苔腻、脉弦。,茵陈2140g山银花1430g栀子357.5g厚朴357.5g防己715g
清肺化痰丸,丸剂,降气化痰，止咳平喘。用于肺热咳嗽，痰多作喘，痰涎壅盛，肺气不畅。,酒黄芩60g苦杏仁60g瓜蒌子60g川贝母30g胆南星（砂炒）30g法半夏（砂炒）60g陈皮60g茯苓60g麸炒枳壳60g蜜麻黄30g桔梗60g白苏子30g炒莱菔子30g蜜款冬花30g甘草30g
清肺抑火丸,丸剂,清肺止咳，化痰通便。用于痰热阻肺所致的咳嗽、痰黄稠黏、口干咽痛、大便干燥。,黄芩140g栀子80g知母60g浙贝母90g黄柏40g苦参60g桔梗80g前胡40g天花粉80g大黄120g
清肺消炎丸,丸剂,清肺化痰，止咳平喘。用于痰热阻肺，咳嗽气喘，胸胁胀痛，吐痰黄稠；上呼吸道感染、急性支气管炎、慢性支气管炎急性发作及肺部感染见上述证候者。,麻黄250g石膏750g地龙750g牛蒡子250g葶苈子250g人工牛黄100g炒苦杏仁60g羚羊角30g
清泻丸,丸剂,清热，通便，消滞。用于实热积滞所致的大便秘结。,大黄826g黄芩165g枳实83g甘草17g朱砂粉14g
清降片,片剂,清热解毒，利咽止痛。用于肺胃蕴热所致咽喉肿痛，发热烦躁，大便秘结；小儿急性咽炎、急性扁桃腺炎见以上证候者。,蚕沙21g大黄21g青黛10g玄参21g皂角子21g赤芍21g板蓝根21g麦冬21g连翘21g牡丹皮14g地黄21g甘草7g白茅根21g金银花21g薄荷脑0.052g川贝母3g
清胃保安丸,丸剂,消食化滞，和胃止呕。用于食滞胃肠所致积滞，症见小儿停食、停乳、脘腹胀满、呕吐、心烦、口渴。,麸炒白术90g六神曲（麸炒）90g陈皮90g茯苓90g砂仁90g醋青皮90g姜厚朴90g炒麦芽90g甘草90g槟榔90g麸炒枳壳90g枳实90g白酒曲180g炒山楂360g
清胃黄连丸（大蜜丸）,丸剂,清胃泻火，解毒消肿。用于肺胃火盛所致的口舌生疮，齿龈、咽喉肿痛。,黄连80g石膏80g桔梗80g甘草40g知母80g玄参80g地黄80g牡丹皮80g天花粉80g连翘80g栀子200g黄柏200g黄芩200g赤芍80g
清胃黄连丸（水丸）,丸剂,清胃泻火，解毒消肿。用于肺胃火盛所致的口舌生疮，齿龈、咽喉肿痛。,黄连80g石膏80g桔梗80g甘草40g知母80g玄参80g地黄80g牡丹皮80g天花粉80g连翘80g栀子200g黄柏200g黄芩200g赤芍80g
清胃黄连片,片剂,清胃泻火，解毒消肿。用于肺胃火盛所致的口舌生疮，齿龈、咽喉肿痛。,黄连62g石膏62g桔梗62g甘草31g知母62g玄参62g地黄62g牡丹皮62g天花粉62g连翘62g栀子156g黄柏156g黄芩156g赤芍62g
清咽丸,丸剂,清热利咽，生津止渴。用于肺胃热盛所致的咽喉肿痛、声音嘶哑、口舌干燥、咽下不利。,桔梗100g北寒水石100g薄荷100g诃子肉100g甘草100g乌梅肉100g青黛20g硼砂（煅）20g冰片20g
清咽利膈丸,丸剂,清热利咽，消肿止痛。用于外感风邪、脏腑积热所致的咽部红肿、咽痛、面红腮肿、痰涎壅盛、胸膈不利、口苦舌干、大便秘结、小便黄赤。,射干100g连翘100g栀子100g黄芩100g熟大黄25g炒牛蒡子100g薄荷100g天花粉100g玄参100g荆芥穗100g防风100g桔梗200g甘草150g
清咽润喉丸,丸剂,清热利咽，消肿止痛。用于风热外袭、肺胃热盛所致的胸膈不利、口渴心烦、咳嗽痰多、咽部红肿、咽痛、失音声哑。,射干30g山豆根30g桔梗30g炒僵蚕15g栀子（姜炙）15g牡丹皮30g青果30g金果榄15g麦冬45g玄参45g知母30g地黄45g白芍60g浙贝母30g甘草60g冰片6g水牛角浓缩粉3g
清音丸,丸剂,清热利咽，生津润燥。用于肺热津亏，咽喉不利，口舌干燥，声哑失音。,诃子肉300g川贝母600g百药煎600g乌梅肉300g葛根600g茯苓300g甘草600g天花粉300g
清宣止咳颗粒,颗粒剂,疏风清热，宣肺止咳。用于小儿外感风热咳嗽，症见咳嗽，咯痰，发热或鼻塞，流涕，微恶风寒，咽红或痛，苔薄黄。,桑叶180g薄荷90g炒苦杏仁90g桔梗120g白芍120g枳壳90g陈皮120g紫菀120g甘草90g
清热灵颗粒,颗粒剂,清热解毒。用于感冒热邪壅肺证，症见发热、咽喉肿痛。,黄芩250g连翘250g大青叶250g甘草50g
清热凉血丸,丸剂,滋阴，清热，凉血。用于孕妇上焦火盛，头晕目眩，口舌生疮，耳鸣，牙痛，子烦。,黄芩500g地黄500g
清热银花糖浆,糖浆剂,清热解毒，通利小便。用于外感暑湿所致的头痛如裹、目赤口渴、小便不利。,山银花100g菊花100g白茅根100g通草20g大枣50g甘草20g绿茶叶8g
清热解毒口服液,口服液,清热解毒。用于热毒壅盛所致的发热面赤、烦躁口渴、咽喉肿痛；流感、上呼吸道感染见上述证候者。,石膏670g金银花134g玄参107g地黄80g连翘67g栀子67g甜地丁67g黄芩67g龙胆67g板蓝根67g知母54g麦冬54g
清热解毒片,片剂,清热解毒。用于热毒壅盛所致的发热面赤、烦躁口渴、咽喉肿痛；流感、上呼吸道感染见上述证候者。,生石膏670g金银花134g玄参107g地黄80g连翘67g栀子67g甜地丁67g黄芩67g龙胆67g板蓝根67g知母54g麦冬54g
清热镇咳糖浆,糖浆剂,清热，镇咳，祛痰。用于痰热蕴肺所致的咳嗽痰黄；感冒、咽炎见上述证候者。,葶苈子26g矮地茶26g鱼腥草44g荆芥35g知母26g前胡35g板栗壳44g浮海石44g
清眩丸,丸剂,散风清热。用于风热头晕目眩，偏正头痛，鼻塞牙痛。,川芎200g白芷200g薄荷100g荆芥穗100g石膏100g
清眩片,片剂,散风解热。用于风热头晕目眩，偏正头痛，鼻塞牙痛。,川芎400g白芷400g薄荷200g荆芥穗200g石膏200g
清眩治瘫丸,丸剂,平肝息风，化痰通络。用于肝阳上亢、肝风内动所致的头目眩晕、项强头胀、胸中闷热、惊恐虚烦、痰涎壅盛、言语不清、肢体麻木、口舌歪斜、半身不遂。,天麻24g酒蕲蛇24g僵蚕24g全蝎12g地龙24g铁丝威灵仙28g制白附子24g决明子36g牛膝36g醋没药24g血竭24g丹参36g川芎36g赤芍24g玄参24g桑寄生36g葛根28g醋香附36g骨碎补28g槐米28g郁金24g沉香12g麸炒枳壳72g安息香10g人参（去芦）12g麸炒白术36g麦冬24g茯苓36g黄连24g黄芩24g地黄24g泽泻36g法半夏20g黄芪72g山楂36g水牛角浓缩粉12g牛黄10g珍珠10g冰片3g
清脑降压片,片剂,平肝潜阳。用于肝阳上亢所致的眩晕，症见头晕、头痛、项强、血压偏高。,黄芩100g夏枯草60g槐米60g煅磁石60g牛膝60g当归100g地黄40g丹参40g水蛭20g钩藤60g决明子100g地龙20g珍珠母40g
清脑降压胶囊,胶囊剂,平肝潜阳。用于肝阳上亢所致的眩晕，症见头晕、头痛、项强、血压偏高。,黄芩132g夏枯草79g槐米79g煅磁石79g牛膝79g当归132g地黄53g丹参53g水蛭26g钩藤79g决明子132g地龙26g珍珠母53g
清脑降压颗粒,颗粒剂,平肝潜阳。用于肝阳上亢所致的眩晕，症见头晕、头痛、项强、血压偏高。,黄芩200g夏枯草120g槐米120g煅磁石120g牛膝120g当归200g地黄80g丹参80g水蛭40g钩藤120g决明子200g地龙40g珍珠母80g
清淋颗粒,颗粒剂,清热泻火，利水通淋。用于膀胱湿热所致的淋症、癃闭，症见尿频涩痛、淋沥不畅、小腹胀满、口干咽燥。,瞿麦111g萹蓄111g木通111g盐车前子111g滑石111g栀子111g大黄111g炙甘草111g
清暑益气丸,丸剂,祛暑利湿，补气生津。用于中暑受热，气津两伤，症见头晕身热、四肢倦怠、自汗心烦、咽干口渴。,人参36g黄芪（蜜炙）150g炒白术360g苍术（米泔炙）144g麦冬72g泽泻60g醋五味子36g当归48g黄柏60g葛根348g醋青皮72g陈皮72g六神曲（麸炒）84g升麻60g甘草120g
清喉利咽颗粒,颗粒剂,清热利咽，宽胸润喉。用于外感风热所致的咽喉发干、声音嘶哑；急慢性咽炎、扁桃体炎见上述证候者，常用有保护声带作用。,黄芩36g西青果90g桔梗54g竹茹36g胖大海36g橘红36g枳壳36g桑叶36g醋香附36g紫苏子9g紫苏梗9g沉香5.4g薄荷脑0.054g
清喉咽合剂,口服液,养阴清肺，利咽解毒。用于阴虚燥热、火毒内蕴所致的咽部肿痛、咽干少津、咽部白腐有苔膜、喉核肿大；局限性的咽白喉、轻度中毒型白喉、急性扁桃体炎、咽峡炎见上述证候者。,地黄180g麦冬160g玄参260g连翘315g黄芩315g
清膈丸,丸剂,清热利咽，消肿止痛。用于内蕴毒热引起的口渴咽干、咽喉肿痛、水浆难下、声哑失音、面赤腮肿、大便燥结。,金银花60g连翘60g玄参60g射干60g山豆根60g黄连30g熟大黄30g龙胆60g石膏30g玄明粉60g桔梗60g麦冬60g薄荷30g地黄45g硼砂30g甘草15g人工牛黄2.4g冰片6g水牛角浓缩粉6g
清瘟解毒丸,丸剂,清瘟解毒。用于外感时疫，憎寒壮热，头痛无汗，口渴咽干，痄腮，大头瘟。,大青叶100g连翘75g玄参100g天花粉100g桔梗75g炒牛蒡子100g羌活75g防风50g葛根100g柴胡50g黄芩100g白芷50g川芎50g赤芍50g甘草25g淡竹叶100g
添精补肾膏,膏剂,温肾助阳，补益精血。用于肾阳亏虚、精血不足所致的腰膝酸软、精神萎靡、畏寒怕冷、阳痿遗精。,党参45g制远志45g淫羊藿45g炙黄芪45g茯苓45g狗脊45g酒肉苁蓉45g熟地黄60g当归45g巴戟天（酒制）45g盐杜仲45g枸杞子45g锁阳（酒蒸）45g川牛膝45g龟甲胶45g鹿角胶30g
寄生追风酒,酒剂,补肝肾，祛风湿，止痹痛。用于肝肾两亏，风寒湿痹，腰膝冷痛，屈伸不利；风湿性关节炎、腰肌劳损、跌打损伤后期见上述证候者。,独活108g白芍92g槲寄生108g熟地黄92g杜仲（炒）108g牛膝92g秦艽92g桂枝77g防风92g细辛46g党参92g甘草46g当归92g川芎46g茯苓92g
颈舒颗粒,颗粒剂,活血化瘀，温经通窍止痛。用于神经根型颈椎病瘀血阻络证，症见颈肩部僵硬、疼痛、患侧上肢窜痛。,三七333g当归333g川芎333g红花333g天麻333g肉桂222g人工牛黄92.5g
颈痛颗粒,颗粒剂,活血化瘀、行气止痛。用于神经根型颈椎病属血瘀气滞、脉络闭阻证。症见颈、肩及上肢疼痛，发僵或窜麻、窜痛。,三七250g川芎750g延胡索500g羌活1000g白芍750g威灵仙1000g葛根750g
维C银翘片,片剂,疏风解表，清热解毒。用于外感风热所致的流行性感冒，症见发热、头痛、咳嗽、口干、咽喉疼痛。,山银花180g连翘180g荆芥72g淡豆豉90g淡竹叶72g牛蒡子108g芦根108g桔梗108g甘草90g马来酸氯苯那敏1.05g对乙酰氨基酚105g维生素C 49.5g薄荷素油1.08ml
维血宁合剂,口服液,滋阴养血，清热凉血。用于阴虚血热所致的出血；血小板减少症见上述证候者。,虎杖115g炒白芍71.8g仙鹤草143.8g地黄115g鸡血藤143.8g熟地黄115g墨旱莲43.2g太子参57.6g
维血宁颗粒,颗粒剂,滋阴养血，清热凉血。用于阴虚血热所致的出血；血小板减少症见上述证候者。,虎杖205.3g炒白芍128.3g仙鹤草256.7g地黄205.3g鸡血藤256.7g熟地黄205.3g墨旱莲77g太子参102.7g
琥珀还睛丸,丸剂,补益肝肾，清热明目。用于肝肾两亏、虚火上炎所致的内外翳障、瞳孔散大、视力减退、夜盲昏花、目涩羞明、迎风流泪。,琥珀30g菊花45g青葙子45g黄连15g黄柏45g知母45g石斛40g地黄90g麦冬45g天冬45g党参（去芦）45g麸炒枳壳45g茯苓45g炙甘草20g山药45g炒苦杏仁45g当归45g川芎45g熟地黄45g枸杞子45g沙苑子60g菟丝子45g酒肉苁蓉45g杜仲（炭）45g羚羊角粉15g水牛角浓缩粉18g
琥珀抱龙丸,丸剂,清热化痰，镇静安神。用于饮食内伤所致的痰食型急惊风，症见发热抽搐、烦躁不安、痰喘气急、惊痫不安。,山药（炒）256g朱砂80g甘草48g琥珀24g天竺黄24g檀香24g枳壳（炒）16g茯苓24g胆南星16g枳实（炒）16g红参24g
斑秃丸,丸剂,补益肝肾，养血生发。用于肝肾不足、血虚风盛所致的油风，症见毛发成片脱落、或至全部脱落，多伴有头晕失眠、目眩耳鸣、腰膝酸软；斑秃、全秃、普秃见上述证候者。,地黄74g熟地黄74g制何首乌74g当归49g丹参49g炒白芍49g五味子49g羌活25g木瓜25g
越鞠二陈丸,丸剂,理气解郁，化痰和中。用于胸腹闷胀，嗳气不断，吞酸呕吐，消化不良，咳嗽痰多。,醋香附100g麸炒苍术100g川芎100g清半夏100g炒麦芽100g六神曲（炒）100g茯苓100g炒栀子100g陈皮100g甘草50g
越鞠丸,丸剂,理气解郁，宽中除满。用于胸脘痞闷，腹中胀满，饮食停滞，嗳气吞酸。,醋香附200g川芎200g炒栀子200g苍术（炒）200g六神曲（炒）200g
越鞠保和丸,丸剂,舒肝解郁，开胃消食。用于气食郁滞所致的胃痛，症见脘腹胀痛、倒饱嘈杂、纳呆食少、大便不调；消化不良见上述证候者。,栀子（姜制）120g六神曲（麸炒）120g醋香附120g川芎120g苍术120g木香60g槟榔60g
散结镇痛胶囊,胶囊剂,软坚散结，化瘀定痛。用于痰瘀互结兼气滞所致的继发性痛经、月经不调、盆腔包块、不孕；子宫内膜异位症见上述证候者。,龙血竭62g三七62g浙贝母100g薏苡仁176g
葛根汤片,片剂,发汗解表，升津舒经。用于风寒感冒，症见：发热恶寒，鼻塞流涕，咳嗽咽痒，咯痰稀白，无汗，头痛身疼，项背强急不舒，苔薄白或薄白润，脉浮或浮紧。,葛根667g麻黄500g白芍334g桂枝334g甘草334g大枣1222g生姜500g
葛根汤颗粒,颗粒剂,发汗解表，升津舒经。用于风寒感冒，症见：发热恶寒，鼻塞流涕，咳嗽咽痒，咯痰稀白，无汗，头痛身疼，项背强急不舒，苔薄白或薄白润，脉浮或浮紧。,葛根667g麻黄500g白芍334g桂枝334g甘草334g大枣1222g生姜500g
葛根芩连丸,丸剂,解肌透表，清热解毒，利湿止泻。用于湿热蕴结所致的泄泻腹痛、便黄而黏、肛门灼热；及风热感冒所致的发热恶风、头痛身痛。,葛根1000g黄芩375g黄连375g炙甘草250g
葛根芩连片,片剂,解肌清热，止泻止痢。用于湿热蕴结所致的泄泻、痢疾，症见身热烦渴、下痢臭秽、腹痛不适。,葛根1000g黄芩375g黄连375g炙甘草250g
葶贝胶囊,胶囊剂,清肺化痰，止咳平喘。用于痰热壅肺所致的咳嗽、咯痰、喘息、胸闷、苔黄或黄腻；慢性支气管炎急性发作见上述证候者。,葶苈子47.5g蜜麻黄9.6g川贝母28.5g苦杏仁38.1g瓜蒌皮28.5g石膏57g黄芩38.1g鱼腥草47.5g旋覆花19g赭石19g白果9.6g蛤蚧47.5g桔梗19.6g甘草19g
雅叫哈顿散,散剂,清热解毒，止痛止血。用于感冒发热，喉炎，胸腹胀痛，虚劳心悸，月经不调，产后流血。,小百部100g藤苦参100g苦冬瓜100g箭根薯100g羊耳菊根100g蔓荆子茎及叶100g
紫龙金片,片剂,益气养血，清热解毒，理气化瘀。用于气血两虚证原发性肺癌化疗者，症见神疲乏力、少气懒言、头昏眼花、食欲不振、气短自汗、咳嗽、疼痛。,黄芪678g当归226g白英678g龙葵678g丹参226g半枝莲678g蛇莓339g郁金226g
紫地宁血散,散剂,清热凉血，收敛止血。用于胃中积热所致的吐血、便血；胃及十二指肠溃疡出血见上述证候者。,大叶紫珠2500g地稔2500g
紫花烧伤软膏,膏剂,清热凉血，化瘀解毒，止痛生肌。用于Ⅰ、Ⅱ度以下烧伤、烫伤。,紫草96g地黄72g熟地黄36g冰片36g黄连64g花椒36g甘草24g当归56g
紫金锭,丹剂,辟瘟解毒，消肿止痛。用于中暑，脘腹胀痛，恶心呕吐，痢疾泄泻，小儿痰厥；外治疔疮疖肿，痄腮，丹毒，喉风。,山慈菇200g红大戟150g千金子霜100g五倍子100g人工麝香30g朱砂40g雄黄20g
紫草软膏,膏剂,化腐生肌，解毒止痛。用于热毒蕴结所致的溃疡，症见疮面疼痛、疮色鲜活、脓腐将尽。,紫草500g当归150g防风150g地黄150g白芷150g乳香150g没药150g
紫雪散,散剂,清热开窍，止痉安神。用于热入心包、热动肝风证，症见高热烦躁、神昏谵语、惊风抽搐、斑疹吐衄、尿赤便秘。,石膏144g北寒水石144g滑石144g磁石144g玄参48g木香15g沉香15g升麻48g甘草24g丁香3g芒硝（制）480g硝石（精制）96g水牛角浓缩粉9g羚羊角4.5g人工麝香3.6g朱砂9g
暑症片,片剂,祛寒辟瘟，化浊开窍。用于夏令中恶昏厥，牙关紧闭，腹痛吐泻，四肢发麻。,猪牙皂80g细辛80g薄荷69g广藿香69g木香46g白芷23g防风46g陈皮46g清半夏46g桔梗46g甘草46g贯众46g枯矾23g雄黄57g朱砂57g
暑湿感冒颗粒,颗粒剂,清暑祛湿，芳香化浊。用于暑湿感冒，症见胸闷呕吐，腹泻便溏，发热，汗出不畅。,广藿香194g防风130g紫苏叶194g佩兰194g白芷130g苦杏仁130g大腹皮130g香薷130g陈皮130g生半夏194g茯苓194g
跌打七厘片,片剂,活血，散瘀，消肿，止痛。用于跌打损伤，外伤出血。,人工麝香0.8g三七8g血竭16g醋没药32g红花48g冰片1.6g朱砂40g醋乳香32g酒当归80g儿茶40g
跌打丸,丸剂,活血散瘀，消肿止痛。用于跌打损伤，筋断骨折，瘀血肿痛，闪腰岔气。,三七64g当归32g白芍48g赤芍64g桃仁32g红花48g血竭48g北刘寄奴32g烫骨碎补32g续断320g苏木48g牡丹皮32g乳香（制）48g没药（制）48g姜黄24g醋三棱48g防风32g甜瓜子32g枳实（炒）32g桔梗32g甘草48g木通32g煅自然铜32g土鳖虫32g
跌打活血散,散剂,舒筋活血，散瘀止痛。用于跌打损伤，瘀血疼痛，闪腰岔气。,红花120g当归60g血竭14g三七20g烫骨碎补60g续断60g乳香（炒）60g没药（炒）60g儿茶40g大黄40g冰片4g土鳖虫40g
跌打镇痛膏,膏剂,活血止痛，散瘀消肿，祛风胜湿。用于急、慢性扭挫伤，慢性腰腿痛，风湿关节痛。,土鳖虫48g生草乌48g马钱子48g大黄48g降香48g两面针48g黄芩48g黄柏48g虎杖15g冰片24g薄荷素油30g樟脑60g水杨酸甲酯60g薄荷脑30g
蛤蚧补肾胶囊,胶囊剂,壮阳益肾，填精补血。用于身体虚弱，真元不足，小便频数。,蛤蚧13g淫羊藿80g麻雀（干）50g当归80g黄芪60g牛膝80g枸杞子80g锁阳80g党参100g肉苁蓉70g熟地黄120g续断80g杜仲120g山药100g茯苓100g菟丝子80g胡芦巴60g狗鞭40g鹿茸3.6g
蛤蚧定喘丸,丸剂,滋阴清肺，止咳平喘。用于肺肾两虚，阴虚肺热所致的虚劳久咳、年老哮喘、气短烦热、胸满郁闷、自汗盗汗。,蛤蚧11g瓜蒌子50g紫菀75g麻黄45g醋鳖甲50g黄芩50g甘草50g麦冬50g黄连30g百合75g炒紫苏子25g石膏25g炒苦杏仁50g煅石膏25g
蛤蚧定喘胶囊,胶囊剂,滋阴清肺，止咳平喘。用于肺肾两虚、阴虚肺热所致的虚劳咳喘、气短胸满、自汗盗汗。,蛤蚧28.2g炒紫苏子64.1g瓜蒌子128.2g炒苦杏仁128.2g麻黄115.4g石膏64.1g甘草128.2g紫菀192.3g醋鳖甲128.2g黄芩128.2g麦冬128.2g黄连76.9g百合192.3g煅石膏64.1g
喉咽清口服液,口服液,清热解毒，利咽止痛。用于肺胃实热所致的咽部红肿、咽痛、发热、口渴、便秘；急性扁桃体炎、急性咽炎见上述证候者。,土牛膝250g马兰草143g车前草71g天名精36g
喉疾灵片,片剂,清热解毒，散肿止痛。用于热毒内蕴所致的两腮肿痛、咽部红肿、咽痛；腮腺炎、扁桃体炎、急性咽炎、慢性咽炎急性发作及一般喉痛见上述证候者。,人工牛黄9.1g板蓝根150g诃子肉125g桔梗150g猪牙皂25g连翘125g天花粉250g珍珠层粉9.1g广东土牛膝150g冰片9.1g山豆根250g了哥王250g
喉疾灵胶囊,胶囊剂,清热解毒，散肿止痛。用于热毒内蕴所致的两腮肿痛、咽部红肿、咽痛；腮腺炎、扁桃体炎、急性咽炎、慢性咽炎急性发作及一般喉痛见上述证候者。,人工牛黄9.1g板蓝根150g诃子肉125g桔梗150g猪牙皂25g连翘125g天花粉250g珍珠层粉9.1g广东土牛膝150g冰片9.1g山豆根250g了哥王250g
锁阳固精丸,丸剂,温肾固精。用于肾阳不足所致的腰膝酸软、头晕耳鸣、遗精早泄。,锁阳20g肉苁蓉（蒸）25g制巴戟天30g补骨脂（盐炒）25g菟丝子20g杜仲（炭）25g八角茴香25g韭菜子20g芡实（炒）20g莲子20g莲须25g煅牡蛎20g龙骨（煅）20g鹿角霜20g熟地黄56g山茱萸（制）17g牡丹皮11g山药56g茯苓11g泽泻11g知母4g黄柏4g牛膝20g大青盐25g
筋骨康片,片剂,祛风散寒，舒筋活血，通络止痛。用于肩周炎，颈椎病，腰腿疼痛，肌肉关节疼痛，屈伸不利，以及风湿性关节炎、类风湿性关节炎见上述证候者。,牛膝24g羌活24g淫羊藿30g续断24g伸筋草30g乌梅24g苏木20g海风藤24g麻黄24g桂枝24g红花24g刺五加24g金银花24g地龙24g桑寄生24g甘草24g地枫皮24g醋没药24g烫骨碎补24g红参24g
筋骨痛消丸,丸剂,活血行气，温经通络，消肿止痛。用于血瘀寒凝、膝关节骨质增生引起的膝关节疼痛、肿胀、活动受限等症。,丹参188.7g鸡血藤258.8g醋香附107.8g乌药64.7g川牛膝140.2g桂枝80.9g威灵仙215.7g秦艽107.8g白芍188.7g地黄129.4g甘草53.7g
筋痛消酊,酊剂,活血化瘀，消肿止痛。用于急性闭合性软组织损伤。,乳香（制）9.6g没药（制）9.6g大黄3.8g红花5.6g煅自然铜9.6g三七5.6g血竭9.6g川芎9.6g郁金3.8g当归15.4g栀子3.8g刘寄奴9.6g紫荆皮15.4g儿茶5.6g白芷3.8g肉桂5.6g防风3.8g木香3.8g香附9.6g厚朴5.6g小茴香5.6g制川乌2.0g制草乌2.0g浙贝母5.6g天南星（制）5.6g木瓜9.6g樟脑20.0g冰片20.0g木鳖子5.6g羌活9.6g陈皮3.8g
舒心口服液,口服液,补益心气，活血化瘀。用于心气不足，瘀血内阻所致的胸痹，症见胸闷憋气、心前区刺痛、气短乏力；冠心病心绞痛见上述证候者。,党参225g黄芪225g红花150g当归150g川芎150g三棱150g蒲黄150g
舒心糖浆,糖浆剂,补益心气，活血化瘀。用于心气不足，瘀血内阻所致的胸痹，症见胸闷憋气、心前区刺痛、气短乏力；冠心病心绞痛见上述证候者。,党参150g黄芪150g红花100g当归100g川芎100g三棱100g蒲黄100g
舒尔经颗粒,颗粒剂,活血疏肝，止痛调经。用于痛经，症见月经将至前便觉性情急躁、胸乳胀痛或乳房有块、小腹两侧或一侧胀痛、经初行不畅、色暗或有血块。,当归600g白芍400g赤芍400g醋香附400g醋延胡索300g陈皮333g柴胡100g牡丹皮200g桃仁300g牛膝333g益母草500g
舒肝丸,丸剂,舒肝和胃，理气止痛。用于肝郁气滞，胸胁胀满，胃脘疼痛，嘈杂呕吐，嗳气泛酸。,川楝子150g醋延胡索100g酒白芍120g片姜黄100g木香80g沉香100g豆蔻仁60g砂仁80g姜厚朴60g陈皮80g麸炒枳壳100g茯苓100g朱砂27g
舒肝丸（浓缩丸）,丸剂,舒肝和胃，理气止痛。用于肝郁气滞，胸胁胀满，胃脘疼痛，嘈杂呕吐，嗳气泛酸。,川楝子150g醋延胡索100g片姜黄100g沉香100g酒白芍120g麸炒枳壳100g豆蔻仁60g茯苓100g陈皮80g朱砂27g砂仁80g姜厚朴60g木香80g
舒肝平胃丸,丸剂,舒肝和胃，化湿导滞。用于肝胃不和、湿浊中阻所致的胸胁胀满、胃脘痞塞疼痛、嘈杂嗳气、呕吐酸水、大便不调。,姜厚朴30g陈皮30g麸炒枳壳30g法半夏30g苍术60g炙甘草30g焦槟榔15g
舒肝和胃丸,丸剂,舒肝解郁，和胃止痛。用于肝胃不和，两胁胀满，胃脘疼痛，食欲不振，呃逆呕吐，大便失调。,醋香附45g白芍45g佛手150g木香45g郁金45g炒白术60g陈皮75g柴胡15g广藿香30g炙甘草15g莱菔子45g焦槟榔45g乌药45g
舒肝解郁胶囊,胶囊剂,舒肝解郁，健脾安神。用于轻、中度单相抑郁症属肝郁脾虚证者，症见情绪低落、兴趣下降、迟滞、失眠、多梦、紧张不安、急躁易怒、食少纳呆，胸闷，乏力，多汗，疼痛，舌苔白或腻，脉弦或细。,贯叶金丝桃1800g刺五加1500g
舒泌通胶囊,胶囊剂,清热解毒，利尿通淋，软坚散结。用于湿热蕴结所致癃闭，小便量少，热赤不爽；前列腺肥大见上述证候者。,川木通2000g钩藤1000g野菊花1000g金钱草230g
舒胆胶囊,胶囊剂,疏肝利胆止痛，清热解毒排石。用于胆囊炎、胆管炎、胆道术后感染及胆道结石属湿热蕴结、肝胆气滞证候者。,大黄172g金钱草430g枳实215g柴胡172g栀子215g延胡索189g黄芩172g木香215g茵陈215g薄荷脑1g
舒胸片,片剂,活血化瘀，通络止痛。用于瘀血阻滞所致的胸痹，症见胸闷、心前区刺痛；冠心病心绞痛见上述证候者。,三七100g红花100g川芎200g
舒胸胶囊,胶囊剂,活血化瘀，通络止痛。用于瘀血阻滞所致的胸痹，症见胸闷、心前区刺痛；冠心病心绞痛见上述证候者。,三七166.7g红花166.7g川芎333.3g
舒胸颗粒,颗粒剂,活血化瘀，通络止痛。用于瘀血阻滞所致的胸痹，症见胸闷、心前区刺痛；冠心病心绞痛见上述证候者。,三七166.7g红花166.7g川芎333.3g
舒康贴膏,膏剂,活血，化瘀，止痛。用于软组织闭合性急性损伤和慢性劳损。,山楂核精3260g
舒筋活血定痛散,散剂,舒筋活血，散瘀止痛。用于跌打损伤，闪腰岔气，伤筋动骨，血瘀肿痛。,乳香（醋炙）30g没药（醋炙）30g当归30g红花30g醋延胡索30g血竭30g醋香附30g煅自然铜30g骨碎补30g
舒筋通络颗粒,颗粒剂,补肝益肾，活血舒筋。用于颈椎病属肝肾阴虚，气滞血瘀证，症见头昏，头痛，胀痛或刺痛，耳聋，耳鸣，颈项僵直，颈、肩、背疼痛，肢体麻木，倦怠乏力，腰膝酸软，口唇色暗，舌质暗红或有瘀斑。,骨碎补300g牛膝300g川芎240g天麻200g黄芪300g威灵仙300g地龙240g葛根240g乳香120g
脾胃舒丸,丸剂,疏肝理气，健脾和胃，消积化食。用于消化不良，不思饮食，胃脘嘈杂，腹胀肠鸣，恶心呕吐，大便溏泻，胁肋胀痛，急躁易怒，头晕乏力，失眠多梦等症。对慢性胃炎，慢性肝炎，早期肝硬化出现上述证候者有效。,鳖甲（制）50g炙黄芪50g陈皮50g枳实50g白芍50g麸炒白术50g醋香附50g草果50g乌梅（炒）50g川芎50g焦槟榔50g厚朴50g
猴头健胃灵片,片剂,舒肝和胃，理气止痛。用于肝胃不和，胃脘胁肋胀痛，呕吐吞酸；慢性胃炎、胃及十二指肠溃疡见上述证候者。,猴头菌丝体160g海螵蛸80g醋延胡索40g酒白芍40g醋香附40g甘草40g
猴头健胃灵胶囊,胶囊剂,舒肝和胃，理气止痛。用于肝胃不和，胃脘胁肋胀痛，呕吐吞酸；慢性胃炎、胃及十二指肠溃疡见上述证候者。,猴头菌丝体160g海螵蛸80g醋延胡索40g酒白芍40g醋香附40g甘草40g
猴耳环消炎片,片剂,清热解毒，凉血消肿，止泻。用于上呼吸道感染，急性咽喉炎，急性扁桃体炎，急性肠胃炎，亦可用于细菌性痢疾。,猴耳环浸膏200g
猴耳环消炎胶囊,胶囊剂,清热解毒，凉血消肿，止泻。用于上呼吸道感染，急性咽喉炎，急性扁桃体炎，急性肠胃炎，亦可用于细菌性痢疾。,猴耳环浸膏400g
痢必灵片,片剂,清热，祛湿，止痢。用于大肠湿热所致的痢疾、泄泻，症见发热腹痛、大便脓血、里急后重。,苦参277.8g白芍138.9g木香83.3g
痧药,丸剂,祛暑解毒，辟秽开窍。用于夏令贪凉饮冷，感受暑湿，症见猝然闷乱烦躁、腹痛吐泻、牙关紧闭、四肢逆冷。,丁香21g苍术110g天麻126g麻黄126g大黄210g甘草84g冰片0.5g人工麝香10.5g制蟾酥63g雄黄126g朱砂126g
痛风定片,片剂,清热祛湿，活血通络定痛。用于湿热瘀阻所致的痹病，症见关节红肿热痛，伴有发热、汗出不解、口渴心烦、小便黄、舌红苔黄腻、脉滑数；痛风见上述证候者。,秦艽350g黄柏250g延胡索250g赤芍250g川牛膝250g泽泻250g车前子250g土茯苓150g
痛风定胶囊,胶囊剂,清热祛湿，活血通络定痛。用于湿热瘀阻所致的痹病，症见关节红肿热痛，伴有发热、汗出不解、口渴心烦、小便黄、舌红苔黄腻、脉滑数；痛风见上述证候者。,秦艽350g黄柏250g延胡索250g赤芍250g川牛膝250g泽泻250g车前子250g土茯苓150g
痛泻宁颗粒,颗粒剂,柔肝缓急，疏肝行气，理脾运湿。用于肝气犯脾所致的腹痛、腹泻、腹胀、腹部不适等症，肠易激综合征（腹泻型）等见上述证候者。,白芍800g青皮800g薤白500g白术500g
痛经丸,丸剂,温经活血，调经止痛。用于下焦寒凝血瘀所致的痛经、月经不调，症见经行错后、经量少有血块、行经小腹冷痛、喜暖。,当归138g白芍92g川芎69g熟地黄184g醋香附138g木香23g青皮23g山楂（炭）138g延胡索92g炮姜23g肉桂23g丹参138g茺蔚子46g红花46g益母草551.7g五灵脂（醋炒）92g
痛经宝颗粒,颗粒剂,温经化瘀，理气止痛。用于寒凝气滞血瘀，妇女痛经，少腹冷痛，月经不调，经色暗淡。,红花750g当归500g肉桂300g三棱500g莪术500g丹参750g五灵脂500g木香300g延胡索（醋制）750g
普乐安片,片剂,补肾固本。用于肾气不固所致腰膝酸软、排尿不畅、尿后余沥或失禁；慢性前列腺炎及前列腺增生症见上述证候者。,油菜花粉500g
普乐安胶囊,胶囊剂,补肾固本。用于肾气不固所致腰膝酸软、排尿不畅、尿后余沥或失禁；慢性前列腺炎及前列腺增生症见上述证候者。,油菜花粉350g
湿毒清片,片剂,养血润肤，祛风止痒。用于血虚风燥所致的风瘙痒，症见皮肤干燥、脱屑、瘙痒，伴有抓痕、血痂、色素沉着；皮肤瘙痒症见上述证候者。,地黄650g当归500g丹参300g蝉蜕200g苦参500g白鲜皮500g甘草200g黄芩125g土茯苓125g
湿毒清胶囊,胶囊剂,养血润肤，祛风止痒。用于血虚风燥所致的风瘙痒，症见皮肤干燥、脱屑、瘙痒，伴有抓痕、血痂、色素沉着；皮肤瘙痒症见上述证候者。,地黄650g当归500g丹参300g蝉蜕200g苦参500g白鲜皮500g甘草200g黄芩125g土茯苓125g
湿热痹片,片剂,祛风除湿，清热消肿，通络定痛。用于湿热痹阻证，其症状为肌肉或关节红肿热痛，有沉重感，步履艰难，发热，口渴不欲饮，小便短赤。,苍术43.9g忍冬藤87.8g地龙43.9g连翘65.8g黄柏43.9g薏苡仁87.8g防风43.9g威灵仙52.6g防己65.8g川牛膝65.8g粉萆薢65.8g桑枝87.8g
温胃舒胶囊,胶囊剂,温中养胃，行气止痛。用于中焦虚寒所致的胃痛，症见胃脘冷痛、腹胀嗳气、纳差食少、畏寒无力；慢性萎缩性胃炎、浅表性胃炎见上述证候者。,党参183g附片（黑顺片）150g炙黄芪183g肉桂90g山药183g肉苁蓉（酒蒸）183g白术（清炒）183g南山楂（炒）225g乌梅225g砂仁60g陈皮150g补骨脂183g
渴乐宁胶囊,胶囊剂,益气养阴，生津止渴。用于气阴两虚所致的消渴病，症见口渴多饮、五心烦热、乏力多汗、心慌气短；2型糖尿病见上述证候者。,黄芪312.5g黄精（酒炙）312.5g地黄312.5g太子参312.5g天花粉312.5g
溃疡散胶囊,胶囊剂,理气和胃，制酸止痛。用于脾胃湿热，胃脘胀痛，胃酸过多；溃疡病，慢性胃炎见上述证候者。,甘草313g白及47g延胡索94g泽泻31g海螵蛸47g薏苡仁47g黄芩94g天仙子1.25g
滑膜炎片,片剂,清热祛湿，活血通络。用于湿热闭阻、瘀血阻络所致的痹病，症见关节肿胀疼痛、痛有定处、屈伸不利；急、慢性滑膜炎及膝关节术后见上述证候者。,夏枯草800g女贞子400g枸骨叶400g黄芪532g防己532g薏苡仁800g土茯苓532g丝瓜络400g泽兰240g丹参400g当归268g川牛膝268g豨莶草400g
滑膜炎胶囊,胶囊剂,清热祛湿，活血通络。用于湿热闭阻、瘀血阻络所致的痹病，症见关节肿胀疼痛、痛有定处、屈伸不利；急、慢性滑膜炎及膝关节术后见上述证候者。,夏枯草800g女贞子400g枸骨叶400g黄芪532g防己532g薏苡仁800g土茯苓532g丝瓜络400g泽兰240g丹参400g当归268g川牛膝268g豨莶草400g
滑膜炎颗粒,颗粒剂,清热祛湿，活血通络。用于湿热闭阻、瘀血阻络所致的痹病，症见关节肿胀疼痛、痛有定处、屈伸不利；急、慢性滑膜炎及膝关节术后见上述证候者。,夏枯草200g女贞子100g枸骨叶100g黄芪133g防己133g薏苡仁200g土茯苓133g丝瓜络100g泽兰60g丹参100g当归67g川牛膝67g豨莶草100g
滋心阴口服液,口服液,滋养心阴，活血止痛。用于阴虚血瘀所致的胸痹，症见胸闷胸痛、心悸怔忡、五心烦热、夜眠不安、舌红少苔；冠心病心绞痛见上述证候者。,麦冬500g赤芍400g北沙参200g三七100g
滋心阴胶囊,胶囊剂,滋养心阴，活血止痛。用于阴虚血瘀所致的胸痹，症见胸闷胸痛、心悸怔忡、五心烦热、夜眠不安、舌红少苔；冠心病心绞痛见上述证候者。,麦冬2500g赤芍2000g北沙参1000g三七500g
滋心阴颗粒,颗粒剂,滋养心阴，活血止痛。用于阴虚血瘀所致的胸痹，症见胸闷胸痛、心悸怔忡、五心烦热、夜眠不安、舌红少苔；冠心病心绞痛见上述证候者。,麦冬833.3g赤芍666.7g北沙参333.3g三七166.7g
滋补生发片,片剂,滋补肝肾，益气养荣，活络生发。用于脱发症。,当归60g地黄45g川芎30g桑椹45g黄芪60g黑芝麻90g桑叶30g制何首乌90g菟丝子45g枸杞子45g侧柏叶45g熟地黄75g女贞子60g墨旱莲60g鸡血藤45g
滋肾健脑颗粒,颗粒剂,补气养血，填精益髓。用于健忘症，精神衰弱，腰膝酸软，神疲乏力。,龟甲60g鹿角240g楮实子75g枸杞子45g人参22.5g茯苓20g
强力天麻杜仲丸,丸剂,散风活血，舒筋止痛。用于中风引起的筋脉掣痛，肢体麻木，行走不便，腰腿酸痛，头痛头昏。,天麻73.08g盐杜仲77.59g制草乌9.13g炮附片9.13g独活45.57g藁本53.87g玄参53.87g当归91.35g地黄146.05g川牛膝53.87g槲寄生53.87g羌活91.35g
强力枇杷胶囊,胶囊剂,养阴敛肺，镇咳祛痰。用于久咳痨嗽，支气管炎。,枇杷叶517.5g罂粟壳375g百部112.5g白前67.5g桑白皮45g桔梗45g薄荷脑1.125g
强力枇杷膏（蜜炼）,膏剂,养阴敛肺，镇咳祛痰。用于久咳劳嗽、支气管炎。,枇杷叶69g罂粟壳50g百部15g白前9g桑白皮6g桔梗6g薄荷脑0.15g
强力枇杷露,露剂,养阴敛肺，镇咳祛痰。用于久咳劳嗽、支气管炎。,枇杷叶69g罂粟壳50g百部15g白前9g桑白皮6g桔梗6g薄荷脑0.15g
强力定眩片,片剂,降压、降脂、定眩。用于高血压、动脉硬化、高血脂症以及上述诸病引起的头痛、头晕、目眩、耳鸣、失眠。,天麻273g盐杜仲273g野菊花670g杜仲叶839g川芎335g
强力定眩胶囊,胶囊剂,降压、降脂、定眩。用于高血压、动脉硬化、高血脂症以及上述诸病引起的头痛、头晕、目眩、耳鸣、失眠。,天麻273g盐杜仲273g野菊花670g杜仲叶839g川芎335g
强阳保肾丸,丸剂,补肾助阳。用于肾阳不足所致的腰酸腿软、精神倦怠、阳痿遗精。,炙淫羊藿36g阳起石（煅，酒淬）36g酒肉苁蓉36g盐胡芦巴48g盐补骨脂48g醋五味子42g沙苑子36g蛇床子36g覆盆子48g韭菜子42g麸炒芡实60g肉桂24g盐小茴香30g茯苓36g制远志36g
强肾片,片剂,补肾填精，益气壮阳。用于阴阳两虚所致的肾虚水肿、腰痛、遗精、阳痿、早泄、夜尿频数；慢性肾炎和久治不愈的肾盂肾炎见上述证候者。,鹿茸12.5g山药125g山茱萸62.5g熟地黄125g枸杞子62.5g丹参125g补骨脂62.5g牡丹皮62.5g桑椹62.5g益母草125g茯苓125g泽泻62.5g盐杜仲62.5g人参茎叶总皂苷3.75g
疏风定痛丸,丸剂,祛风散寒，活血止痛。用于风寒湿闭阻、瘀血阻络所致的痹病，症见关节疼痛、冷痛、刺痛或疼痛致甚，屈伸不利、局部恶寒、腰腿疼痛、四肢麻木及跌打损伤所致的局部肿痛。,马钱子粉200g麻黄300g乳香（醋制）100g没药（醋制）100g千年健30g自然铜（煅）30g地枫皮30g桂枝30g牛膝30g木瓜30g甘草30g杜仲（盐炙）30g防风30g羌活30g独活30g
疏风活络丸,丸剂,祛风散寒，除湿通络。用于风寒湿闭阻所致的痹病，症见关节疼痛、局部畏恶风寒、四肢麻木、腰背疼痛。,制马钱子375g秦艽188g麻黄625g木瓜313g虎杖313g甘草188g菝葜313g防风188g桂枝313g桑寄生188g
疏风解毒胶囊,胶囊剂,疏风清热，解毒利咽。用于急性上呼吸道感染属风热证，症见发热，恶风，咽痛，头痛，鼻塞，流浊涕，咳嗽。,虎杖450g连翘360g板蓝根360g柴胡360g败酱草360g马鞭草360g芦根270g甘草180g
疏痛安涂膜剂,膜剂,舒筋活血，消肿止痛。用于风中经络、脉络瘀滞所致的头面疼痛、口眼歪斜，或跌打损伤所致的局部肿痛；头面部神经痛、面神经麻痹、急慢性软组织损伤见上述证候者。,透骨草143g伸筋草143g红花48g薄荷脑6.7g
蒲元和胃胶囊,胶囊剂,行气和胃止痛。用于胃脘胀痛、嗳气反酸、烦躁易怒、胁胀；胃及十二指肠溃疡属气滞证者。,延胡索66g香附43g醋乳香22g蒲公英132g枯矾22g甘草65g
蒲地蓝消炎口服液,口服液,清热解毒，消肿利咽。用于疖肿、腮腺炎、咽炎、扁桃体炎。,蒲公英500g板蓝根188g苦地丁125g黄芩188g
蒲地蓝消炎胶囊,胶囊剂,清热解毒，消肿利咽。用于疖肿、腮腺炎、咽炎、扁桃体炎。,黄芩271g蒲公英722g苦地丁180g板蓝根271g
槐角丸,丸剂,清肠疏风，凉血止血。用于血热所致的肠风便血、痔疮肿痛。,槐角（清炒）200g地榆炭100g黄芩100g麸炒枳壳100g当归100g防风100g
感冒止咳颗粒,颗粒剂,清热解表，止咳化痰。用于外感风热所致的感冒，症见发热恶风、头痛鼻塞、咽喉肿痛、咳嗽、周身不适。,柴胡100g山银花75g葛根100g青蒿75g连翘75g黄芩75g桔梗50g苦杏仁50g薄荷脑0.15g
感冒止咳糖浆,糖浆剂,清热解表，止咳化痰。用于外感风热所致的感冒，症见发热恶风、头痛鼻塞、咽喉肿痛、咳嗽、周身不适。,柴胡100g山银花75g葛根100g青蒿75g连翘75g黄芩75g桔梗50g苦杏仁50g薄荷脑0.15g
感冒退热颗粒,颗粒剂,清热解毒，疏风解表。用于上呼吸道感染、急性扁桃体炎、咽喉炎属外感风热、热毒壅盛证，症见发热、咽喉肿痛。,大青叶435g板蓝根435g连翘217g拳参217g
感冒清热口服液,口服液,疏风散寒，解表清热。用于风寒感冒，头痛发热，恶寒身痛，鼻流清涕，咳嗽，咽干。,荆芥穗250g薄荷75g防风125g柴胡125g紫苏叶75g葛根125g桔梗75g苦杏仁100g白芷75g苦地丁250g芦根200g
感冒清热咀嚼片,片剂,疏风散寒、解表清热。用于风寒感冒，头痛发热，恶寒身痛，鼻流清涕，咳嗽咽干。,荆芥穗750g薄荷225g防风375g柴胡375g紫苏叶225g葛根375g桔梗225g苦杏仁300g白芷225g苦地丁750g芦根600g
感冒清热胶囊,胶囊剂,疏风散寒，解表清热。用于风寒感冒，头痛发热，恶寒身痛，鼻流清涕，咳嗽咽干。,荆芥穗500g薄荷150g防风250g柴胡250g紫苏叶150g葛根250g桔梗150g苦杏仁200g白芷150g苦地丁500g芦根400g
感冒清热颗粒,颗粒剂,疏风散寒，解表清热。用于风寒感冒，头痛发热，恶寒身痛，鼻流清涕，咳嗽咽干。,荆芥穗200g薄荷60g防风100g柴胡100g紫苏叶60g葛根100g桔梗60g苦杏仁80g白芷60g苦地丁200g芦根160g
感冒舒颗粒,颗粒剂,疏风清热，发表宣肺。用于风热感冒，头痛体困，发热恶寒，鼻塞流涕，咳嗽咽痛。,大青叶278g连翘417g荆芥167g防风167g薄荷167g牛蒡子167g桔梗167g白芷167g甘草83g
暖脐膏,膏剂,温里散寒，行气止痛。用于寒凝气滞，少腹冷痛，脘腹痞满，大便溏泻。,当归80g白芷80g乌药80g小茴香80g八角茴香80g木香40g香附80g乳香20g母丁香20g没药20g肉桂20g沉香20g人工麝香3g
催汤丸,丸剂,清热解表，止咳止痛。用于感冒初起，咳嗽头痛，关节酸痛；防治流行性感冒。,藏木香膏30g藏木香20g悬钩子茎（去皮、心）90g宽筋藤（去皮）50g干姜20g诃子肉36g余甘子40g毛诃子（去核）20g螃蟹甲60g
微达康口服液,口服液,扶正固本，补肾安神。用于肾虚所致体虚乏力、失眠多梦，食欲不振；肿瘤放疗、化疗引起的白细胞、血小板减少，免疫功能低下见上述证候者。,刺五加150g黄芪150g陈皮90g熟地黄180g女贞子150g附子（制）45g淫羊藿150g
腰痛丸,丸剂,补肾活血，强筋止痛。用于肾阳不足、瘀血阻络所致的腰痛及腰肌劳损。,杜仲叶（盐炒）100g盐补骨脂75g狗脊（制）75g续断75g当归100g赤芍40g炒白术75g牛膝75g泽泻50g肉桂25g乳香（制）25g土鳖虫（酒炒）40g
腰痛片,片剂,补肾活血，强筋止痛。用于肾阳不足、瘀血阻络所致的腰痛及腰肌劳损。,杜仲叶（盐炒）108g盐补骨脂81g续断81g当归108g炒白术81g牛膝81g肉桂27g乳香（制）27g狗脊（制）81g赤芍43g泽泻54g土鳖虫（酒炒）43g
腰痛宁胶囊,胶囊剂,消肿止痛，疏散寒邪，温经通络。用于寒湿瘀阻经络所致的腰椎间盘突出症、坐骨神经痛、腰肌劳损、腰肌纤维炎、风湿性关节痛，症见腰腿痛、关节痛及肢体活动受限者。,马钱子粉（调制）120g土鳖虫21g川牛膝21g甘草21g麻黄21g乳香（醋制）21g没药（醋制）21g全蝎21g僵蚕（麸炒）21g麸炒苍术21g
腰痹通胶囊,胶囊剂,活血化瘀，祛风除湿，行气止痛。用于血瘀气滞、脉络闭阻所致腰痛，症见腰腿疼痛、痛有定处、痛处拒按、轻者俯仰不便、重者剧痛不能转侧；腰椎间盘突出症见上述证候者。,三七335g川芎445g延胡索445g白芍445g牛膝445g狗脊335g熟大黄335g独活335g
解肌宁嗽丸,丸剂,解表宣肺，止咳化痰。用于外感风寒、痰浊阻肺所致的小儿感冒发热、咳嗽痰多。,紫苏叶48g前胡80g葛根80g苦杏仁80g桔梗80g半夏（制）80g陈皮80g浙贝母80g天花粉80g枳壳80g茯苓64g木香24g玄参80g甘草64g
解郁安神颗粒,颗粒剂,舒肝解郁，安神定志。用于情志不畅、肝郁气滞所致的失眠、心烦、焦虑、健忘；神经官能症、更年期综合征见上述证候者。,柴胡80g大枣60g石菖蒲80g姜半夏60g炒白术60g浮小麦200g制远志80g炙甘草60g炒栀子80g百合200g胆南星80g郁金80g龙齿200g炒酸枣仁100g茯苓100g当归60g
痹祺胶囊,胶囊剂,益气养血，祛风除湿，活血止痛。用于气血不足，风湿瘀阻，肌肉关节酸痛，关节肿大、僵硬变形或肌肉萎缩，气短乏力；风湿、类风湿性关节炎，腰肌劳损，软组织损伤属上述证候者。,马钱子粉24.84g地龙（制）2.48g党参37.27g茯苓37.27g白术37.27g川芎49.69g丹参24.84g三七24.84g牛膝24.84g甘草37.27g
瘀血痹胶囊,胶囊剂,活血化瘀，通络止痛。用于瘀血阻络所致的痹病，症见肌肉关节剧痛、痛处拒按、固定不移、可有硬节或瘀斑。,乳香（制）60g没药（制）60g红花100g威灵仙150g川牛膝150g香附（制）120g姜黄100g当归100g丹参200g川芎150g炙黄芪150g
瘀血痹颗粒,颗粒剂,活血化瘀，通络止痛。用于瘀血阻络所致的痹病，症见肌肉关节剧痛、痛处拒按、固定不移、可有硬节或瘀斑。,乳香（制）120g没药（制）120g红花200g威灵仙300g川牛膝300g香附（制）240g姜黄200g当归200g丹参400g川芎300g炙黄芪300g
痰饮丸,丸剂,温补脾肾，助阳化饮。用于脾肾阳虚、痰饮阻肺所致的咳嗽、气促发喘、咯吐白痰、畏寒肢冷、腰酸背冷、腹胀食少。,肉桂167g淡附片250g苍术500g麸炒白术500g炒紫苏子333g炒莱菔子500g干姜167g炒白芥子250g炙甘草167g
新血宝胶囊,胶囊剂,补血益气，健脾和胃。用于缺铁性贫血所致的气血两虚证。,鸡血藤373g黄芪227g大枣63g当归45g白术73g陈皮20g硫酸亚铁57g
新雪颗粒,颗粒剂,清热解毒。用于外感热病、热毒壅盛证，症见高热、烦躁；扁桃体炎、上呼吸道感染、气管炎、感冒见上述证候者。,磁石516g石膏258g滑石258g南寒水石258g硝石516g芒硝516g栀子132g竹心1320g广升麻258g穿心莲1320g珍珠层粉54g沉香78g人工牛黄54g冰片13.8g
新清宁片,片剂,清热解毒，泻火通便。用于内结实热所致的喉肿、牙痛、目赤、便秘、下痢、发热；感染性炎症见上述证候者。,熟大黄300g
满山红油胶丸,丸剂,止咳祛痰。用于寒痰犯肺所致的咳嗽、咳痰色白；急、慢性支气管炎见上述证候者。,满山红油50g
裸花紫珠片,片剂,清热解毒，收敛止血。用于血热毒盛所致的呼吸道、消化道出血及细菌感染性炎症。,裸花紫珠干浸膏500g
裸花紫珠胶囊,胶囊剂,清热解毒，收敛止血。用于血热毒盛所致的呼吸道、消化道出血及细菌感染性炎症。,裸花紫珠干浸膏200g
障眼明片,片剂,补益肝肾，退翳明目。用于肝肾不足所致的干涩不舒、单眼复视、腰膝酸软、或轻度视力下降；早、中期老年性白内障见上述证候者。,石菖蒲22g决明子30g肉苁蓉37g葛根37g青葙子30g党参48g蔓荆子30g枸杞子48g车前子37g白芍45g山茱萸24g甘草22g菟丝子61g升麻7g蕤仁（去内果皮）37g菊花37g密蒙花37g川芎30g酒黄精37g熟地黄61g关黄柏30g黄芪48g
障翳散,散剂,行滞祛瘀，退障消翳。用于老年性白内障及角膜翳属气滞血瘀证。,丹参111g红花111g茺蔚子111g青葙子111g决明子222g蝉蜕222g没药111g黄芪111g昆布111g海藻111g木通111g炉甘石（水飞）111g牛胆干膏12g羊胆干膏18g珍珠40g琥珀30g天然冰片80g人工麝香40g硼砂20g海螵蛸200g盐酸小檗碱20g维生素B240g山药100g无水硫酸钙40g荸荠粉160g
槟榔四消丸（大蜜丸）,丸剂,消食导滞，行气泻水。用于食积痰饮，消化不良，脘腹胀满，嗳气吞酸，大便秘结。,槟榔200g酒大黄400g炒牵牛子400g猪牙皂（炒）50g醋香附200g五灵脂（醋炙）200g
槟榔四消丸（水丸）,丸剂,消食导滞，行气泻水。用于食积痰饮，消化不良，脘腹胀满，嗳气吞酸，大便秘结。,槟榔200g酒大黄400g炒牵牛子400g猪牙皂（炒）50g醋香附200g五灵脂（醋炙）200g
豨红通络口服液,口服液,祛风活血，通络止痛。用于瘀血阻络所致的中风病，症见偏瘫，肢体麻木，语言不利。,酒豨莶草600g红花50g川牛膝50g
豨莶丸,丸剂,清热祛湿，散风止痛。用于风湿热阻络所致的痹病，症见肢体麻木、腰膝酸软、筋骨无力、关节疼痛。亦用于半身不遂，风疹湿疮。,豨莶草1000g
豨莶通栓丸,栓剂,活血化瘀，祛风化痰，舒筋活络，醒脑开窍。用于缺血性中风风痰痹阻脉络引起的中经络，症见半身不遂、偏身麻木、口舌歪斜、语言謇涩。,豨莶草（蜜酒炙）400g胆南星160g清半夏160g酒当归160g天麻120g秦艽120g川芎120g三七120g桃仁80g水蛭120g红花120g冰片8g人工麝香8g
豨莶通栓胶囊,胶囊剂,活血化瘀，祛风化痰，舒筋活络，醒脑开窍。用于缺血性中风风痰痹阻脉络证引起的半身不遂、偏身麻木、口舌歪斜，语言謇涩。,豨莶草（蜜酒炙）400g胆南星160g清半夏160g酒当归160g天麻120g秦艽120g川芎120g三七120g桃仁80g水蛭120g红花120g冰片8g人工麝香8g
豨桐丸,丸剂,清热祛湿，散风止痛。用于风湿热痹，症见关节红肿热痛；风湿性关节炎见上述证候者。,豨莶草250g臭梧桐叶500g
豨桐胶囊,胶囊剂,清热祛湿，散风止痛。用于风湿热痹，症见关节红肿热痛；风湿性关节炎见上述证候者。,豨莶草790g臭梧桐叶1580g
稳心片,片剂,益气养阴，活血化瘀。用于气阴两虚，心脉瘀阻所致的心悸不宁、气短乏力、胸闷胸痛；室性早搏、房性早搏见上述证候者。,党参675g黄精900g三七135g琥珀90g甘松450g
稳心胶囊,胶囊剂,益气养阴，活血化瘀。用于气阴两虚，心脉瘀阻所致的心悸不宁、气短乏力、胸闷胸痛；室性早搏、房性早搏见上述证候者。,党参675g黄精900g三七135g琥珀90g甘松450g
稳心颗粒,颗粒剂,益气养阴，活血化瘀。用于气阴两虚，心脉瘀阻所致的心悸不宁、气短乏力、胸闷胸痛；室性早搏、房性早搏见上述证候者。,党参300g黄精400g三七60g琥珀40g甘松200g
慢支固本颗粒,颗粒剂,补肺健脾，固表和营。用于慢性支气管炎缓解期之肺脾气虚证，症见乏力，自汗，恶风寒，咳嗽、咯痰，易感冒，食欲不振。,黄芪750g白术500g当归500g防风250g
慢肝解郁胶囊,胶囊剂,疏肝解郁，健脾养血。用于肝郁脾虚所致的肝区胀痛，胸闷不舒，食欲不振，腹胀便溏者；迁延性肝炎或慢性肝炎见上述证候者。,当归31g白芍41g三棱10g柴胡31g茯苓31g白术20g甘草20g薄荷20g丹参85g麦芽136g香橼68g川楝子17g延胡索34g
鼻炎片,片剂,祛风宣肺，清热解毒。用于急、慢性鼻炎风热蕴肺证，症见鼻塞、流涕、发热、头痛。,苍耳子520g辛夷52g防风52g连翘104g野菊花52g五味子52g桔梗52g白芷52g知母52g荆芥52g甘草104g黄柏52g麻黄26g细辛26g
鼻炎灵片,片剂,通窍消肿，祛风退热。用于慢性鼻窦炎、鼻炎及鼻塞头痛，浊涕臭气，嗅觉失灵。,炒苍耳子310g辛夷230g白芷46g细辛46g黄芩46g川贝母62g淡豆豉62g薄荷脑4.9g
鼻炎通喷雾剂,气雾剂,散风清热，宣肺通窍。用于风热蕴肺所致的鼻塞，鼻流清涕或浊涕，发热，头痛；急、慢性鼻炎见上述证候者。,盐酸麻黄碱5g黄芩苷20g山银花300g辛夷油2ml冰片1g
鼻炎康片,片剂,清热解毒，宣肺通窍，消肿止痛。用于风邪蕴肺所致的急、慢性鼻炎，过敏性鼻炎。,广藿香206g苍耳子257g鹅不食草257g麻黄129g野菊花129g当归166g黄芩109g猪胆粉13g薄荷油0.92g马来酸氯苯那敏1g
鼻咽灵片,片剂,解毒消肿，益气养阴。用于火毒蕴结、耗气伤津所致的口干、咽痛、咽喉干燥灼热、声嘶、头痛、鼻塞、流脓涕或涕中带血；急慢性咽炎、口腔炎、鼻咽炎见上述证候者。亦用于鼻咽癌放疗、化疗辅助治疗。,山豆根203g茯苓102g天花粉102g茅莓根203g麦冬102g半枝莲203g玄参203g石上柏407g党参162g白花蛇舌草203g
鼻咽清毒颗粒,颗粒剂,清热解毒，化痰散结。用于痰热毒瘀蕴结所致的鼻咽部慢性炎症，鼻咽癌放射治疗后分泌物增多。,野菊花390g苍耳子390g重楼390g茅莓根390g两面针195g夏枯草195g龙胆117g党参117g
鼻渊丸,丸剂,祛风宣肺，清热解毒，通窍止痛。用于鼻塞鼻渊，通气不畅，流涕黄浊，嗅觉不灵，头痛，眉棱骨痛。,苍耳子672g辛夷126g金银花42g茜草42g野菊花42g
鼻渊片,片剂,祛风宣肺，清热解毒，通窍止痛。用于鼻塞鼻渊，通气不畅，流涕黄浊，嗅觉不灵，头痛，眉棱骨痛。,苍耳子672g辛夷126g金银花42g茜草42g野菊花42g
鼻渊通窍颗粒,颗粒剂,疏风清热，宣肺通窍。用于急鼻渊（急性鼻窦炎）属外邪犯肺证，症见前额或颧骨部压痛，鼻塞时作，流涕黏白或黏黄，或头痛，或发热，苔薄黄或白，脉浮。,辛夷20g炒苍耳子60g麻黄40g白芷60g薄荷20g藁本10g黄芩40g连翘40g野菊花40g天花粉40g地黄60g丹参40g茯苓80g甘草10g
鼻渊舒口服液,口服液,疏风清热，祛湿通窍。用于鼻炎、鼻窦炎属肺经风热及胆腑郁热证者。,苍耳子218g辛夷182g薄荷273g白芷218g黄芩182g栀子218g柴胡182g细辛54.5g川芎218g黄芪454.5g川木通182g桔梗182g茯苓273g
鼻渊舒胶囊,胶囊剂,疏风清热，祛湿通窍。用于鼻炎、鼻窦炎属肺经风热及胆腑郁热证者。,苍耳子339g辛夷283g薄荷424g白芷339g黄芩283g栀子339g柴胡283g细辛85g川芎339g黄芪706g川木通283g桔梗283g茯苓424g
鼻窦炎口服液,口服液,疏散风热，清热利湿，宣通鼻窍。用于风热犯肺、湿热内蕴所致的鼻塞不通、流黄稠涕；急慢性鼻炎、鼻窦炎见上述证候者。,辛夷148g荆芥148g薄荷148g桔梗148g竹叶柴胡126g苍耳子126g白芷126g川芎126g黄芩112g栀子112g茯苓186g川木通126g黄芪304g龙胆草34g
鲜益母草胶囊,胶囊剂,活血调经。用于血瘀所致的月经不调、产后恶露不绝，症见经水量少、淋漓不净、产后出血时间过长；产后子宫复旧不全见上述证候者。,鲜益母草6200g
精制冠心口服液,口服液,活血化瘀。用于瘀血内停所致的胸痹，症见胸闷、心前区刺痛；冠心病心绞痛见上述证候者。,丹参456g赤芍228g川芎228g红花228g降香152g
精制冠心片,片剂,活血化瘀。用于瘀血内停所致的胸痹，症见胸闷、心前区刺痛；冠心病心绞痛见上述证候者。,丹参375g赤芍187.5g川芎187.5g红花187.5g降香125g
精制冠心软胶囊,软胶囊,活血化瘀。用于瘀血内停所致的胸痹，症见胸闷、心前区刺痛；冠心病心绞痛见上述证候者。,丹参562.5g赤芍281.3g川芎281.3g红花281.3g降香187.5g
精制冠心颗粒,颗粒剂,活血化瘀。用于瘀血内停所致的胸痹，症见胸闷、心前区刺痛；冠心病心绞痛见上述证候者。,丹参351g赤芍175g川芎175g红花175g降香117g
熊胆胶囊,胶囊剂,清热，平肝，明目。用于惊风抽搐，咽喉肿痛。,熊胆粉50g
熊胆救心丸,丸剂,强心益气，芳香开窍。用于心气不足所致的胸痹，症见胸闷、心痛、气短、心悸。,熊胆粉0.2g蟾酥1.67g冰片2g人工麝香0.2g人参6.7g珍珠3.4g人工牛黄0.5g猪胆粉1.5g水牛角浓缩粉1.67g
熊胆痔灵栓,栓剂,清热解毒，消肿止痛，敛疮生肌，止血。用于痔疮肿痛出血，痔漏，肠风下血，肛窦炎及内痔手术出血。,熊胆粉1.05g冰片40g煅炉甘石202g珍珠母202g胆糖膏202g蛋黄油202g
熊胆痔灵膏,膏剂,清热解毒，消肿止痛，敛疮生肌，止痒，止血。用于痔疮肿痛出血，痔漏，肠风下血，肛窦炎及内痔手术出血。,熊胆粉1.05g冰片40g煅炉甘石202g珍珠母202g胆糖膏202g蛋黄油202g
缩泉丸,丸剂,补肾缩尿。用于肾虚所致的小便频数、夜间遗尿。,山药300g益智仁（盐炒）300g乌药300g
缩泉胶囊,胶囊剂,补肾缩尿。用于肾虚所致的小便频数、夜间遗尿。,山药343g益智仁343g乌药343g
增液颗粒,颗粒剂,养阴生津，清热润燥。用于热邪伤阴、津液不足所引起的阴虚内热，口干咽燥，大便燥结；亦可用于感染性疾患高热所致体液耗损的辅助用药。,玄参900g地黄720g麦冬720g
镇心痛口服液,口服液,益气活血，通络化痰。用于气虚血瘀、痰阻脉络、心阳失展所致的胸痹，症见胸痛、胸闷、心悸、气短、乏力肢冷；冠心病心绞痛见上述证候者。,党参333g三七99g醋延胡索166g地龙222g薤白222g炒葶苈子222g肉桂33g冰片2g薄荷脑0.5g
镇咳宁口服液,口服液,止咳，平喘，祛痰。用于风寒束肺所致的咳嗽、气喘、咯痰；支气管炎、支气管哮喘见上述证候者。,甘草流浸膏40ml桔梗80g盐酸麻黄碱0.8g桑白皮20g
镇咳宁颗粒,颗粒剂,止咳，平喘，祛痰。用于风寒束肺所致的咳嗽、气喘、咯痰；支气管炎、支气管哮喘见上述证候者。,甘草流浸膏100ml桔梗200g盐酸麻黄碱2g桑白皮50g
镇咳宁糖浆,糖浆剂,止咳，平喘，祛痰。用于风寒束肺所致的咳嗽、气喘、咯痰；支气管炎、支气管哮喘见上述证候者。,甘草流浸膏40ml桔梗80g盐酸麻黄碱0.8g桑白皮20g
镇脑宁胶囊,胶囊剂,熄风通络。用于风邪上扰所致的头痛头昏、恶心呕吐、视物不清、肢体麻木、耳鸣；血管神经性头痛、高血压、动脉硬化见上述证候者。,猪脑粉16.79g细辛37.31g丹参52.24g水牛角浓缩粉7.46g川芎52.24g天麻7.46g葛根52.24g藁本37.31g白芷52.24g
澳泰乐颗粒,颗粒剂,舒肝理气、清热解毒。用于肝郁毒蕴所致的胁肋胀痛、口苦纳呆、乏力；慢性肝炎见上述证候者。,返魂草1000g郁金50g黄精50g白芍15g麦芽100g
颠茄片,片剂,,颠茄浸膏10g
颠茄酊,酊剂,,颠茄草1000g
橘红丸,丸剂,清肺，化痰，止咳。用于痰热咳嗽，痰多，色黄黏稠，胸闷口干。,化橘红75g陈皮50g半夏（制）37.5g茯苓50g甘草25g桔梗37.5g苦杏仁50g炒紫苏子37.5g紫菀37.5g款冬花25g瓜蒌皮50g浙贝母50g地黄50g麦冬50g石膏50g
橘红片,片剂,清肺，化痰，止咳。用于痰热咳嗽，痰多，色黄黏稠，胸闷口干。,化橘红174.4g陈皮116.3g法半夏87.2g茯苓116.3g甘草58.1g桔梗87.2g苦杏仁116.3g炒紫苏子87.2g紫菀87.2g款冬花58.1g瓜蒌皮116.3g浙贝母116.3g地黄116.3g麦冬116.3g石膏116.3g
橘红胶囊,胶囊剂,清肺，化痰，止咳。用于痰热咳嗽，痰多，色黄黏稠，胸闷口干。,化橘红166.7g陈皮111g法半夏83g茯苓111g甘草55.5g桔梗83g苦杏仁111g炒紫苏子83g紫菀83g款冬花55.5g瓜蒌皮111g浙贝母111g地黄111g麦冬111g石膏111g
橘红颗粒,颗粒剂,清肺，化痰，止咳。用于痰热咳嗽，痰多，色黄黏稠，胸闷口干。,化橘红70.8g陈皮47.2g法半夏35.4g茯苓47.2g甘草23.6g桔梗35.4g苦杏仁47.2g炒紫苏子35.4g紫菀35.4g款冬花23.6g瓜蒌皮47.2g浙贝母47.2g地黄47.2g麦冬47.2g石膏47.2g
橘红化痰丸,丸剂,敛肺化痰，止咳平喘。用于肺气不敛，痰浊内阻，咳嗽，咯痰，喘促，胸膈满闷。,化橘红75g锦灯笼100g川贝母75g炒苦杏仁100g罂粟壳75g五味子75g白矾75g甘草75g
橘红痰咳液,口服液,理气化痰，润肺止咳。用于痰浊阻肺所致的咳嗽、气喘、痰多；感冒、支气管炎、咽喉炎见上述证候者。,化橘红300g蜜百部30g茯苓30g半夏（制）30g白前50g甘草10g苦杏仁100g五味子20g
醒脑再造胶囊,胶囊剂,化痰醒脑，祛风活络。用于风痰闭阻清窍所致的神志不清、言语謇涩、口角流涎、筋骨酸痛、手足拘挛、半身不遂；脑血栓恢复期及后遗症见上述证候者。,黄芪162.2g淫羊藿94.6g石菖蒲40.5g红参33.8g三七27g地龙27g当归33.8g红花27g粉防己27g赤芍27g炒桃仁27g石决明27g天麻27g仙鹤草27g炒槐花27g炒白术27g胆南星27g葛根27g玄参27g黄连27g连翘27g泽泻27g川芎27g枸杞子27g全蝎（去钩）6.8g制何首乌40.5g决明子27g沉香13.5g制白附子13.5g细辛13.5g木香13.5g炒僵蚕6.8g猪牙皂13.5g冰片13.5g珍珠（豆腐制）20.3g大黄13.5g
癃闭舒胶囊,胶囊剂,益肾活血，清热通淋。用于肾气不足、湿热瘀阻所致的癃闭，症见腰膝酸软、尿频、尿急、尿痛、尿线细，伴小腹拘急疼痛；前列腺增生症见上述证候者。,补骨脂300g益母草480g金钱草300g海金沙300g琥珀30g山慈菇240g
癃清片,片剂,清热解毒，凉血通淋。用于下焦湿热所致的热淋，症见尿频、尿急、尿痛、腰痛、小腹坠胀；亦用于慢性前列腺炎湿热蕴结兼瘀血证，症见小便频急，尿后余沥不尽，尿道灼热，会阴、少腹、腰骶部疼痛或不适等。,泽泻174g车前子35g败酱草348g金银花174g牡丹皮174g白花蛇舌草348g赤芍174g仙鹤草174g黄连174g黄柏174g
癃清胶囊,胶囊剂,清热解毒，凉血通淋。用于下焦湿热所致的热淋，症见尿频、尿急、尿痛、尿短、腰痛、小腹坠胀。,泽泻261g车前子52.5g败酱草522g金银花261g牡丹皮261g白花蛇舌草522g赤芍261g仙鹤草261g黄连261g黄柏261g
糖尿乐胶囊,胶囊剂,益气养阴，生津止渴。用于气阴两虚所致的消渴病，症见多食、多饮、多尿、消瘦、四肢无力。,天花粉208.6g山药208.6g黄芪52g红参31.3g地黄52g枸杞子31.3g知母31.3g天冬15.6g茯苓21g山茱萸21g五味子15.6g葛根21g炒鸡内金21g
糖脉康片,片剂,养阴清热，活血化瘀，益气固肾。用于糖尿病气阴两虚兼血瘀所致的倦怠乏力、气短懒言、自汗、盗汗、五心烦热、口渴喜饮、胸中闷痛、肢体麻木或刺痛、便秘、舌质红少津、舌体胖大、苔薄或花剥、或舌黯有瘀斑、脉弦细或细数，或沉涩等症及2型糖尿病并发症见上述证候者。,黄芪240g地黄260g赤芍260g丹参240g牛膝150g麦冬150g葛根150g桑叶150g黄连50g黄精150g淫羊藿200g
糖脉康胶囊,胶囊剂,养阴清热，活血化瘀，益气固肾。用于糖尿病气阴两虚兼血瘀所致的倦怠乏力、气短懒言、自汗、盗汗、五心烦热、口渴喜饮、胸中闷痛、肢体麻木或刺痛、便秘、舌质红少津、舌体胖大、苔薄或花剥、或舌黯有瘀斑、脉弦细或细数，或沉涩等症及2型糖尿病并发症见上述证候者。,黄芪200g地黄216.7g赤芍216.7g丹参200g牛膝125g麦冬125g葛根125g桑叶125g黄连41.7g黄精125g淫羊藿166.7g
糖脉康颗粒,颗粒剂,养阴清热，活血化瘀，益气固肾。用于糖尿病气阴两虚兼血瘀所致的倦怠乏力、气短懒言、自汗、盗汗、五心烦热、口渴喜饮、胸中闷痛、肢体麻木或刺痛、便秘、舌质红少津、舌体胖大、苔薄或花剥、或舌黯有瘀斑、脉弦细或细数，或沉涩等症及2型糖尿病并发症见上述证候者。,黄芪240g地黄260g赤芍260g丹参240g牛膝150g麦冬150g葛根150g桑叶150g黄连50g黄精150g淫羊藿200g
避瘟散,散剂,祛暑避秽，开窍止痛。用于夏季暑邪引起的头目眩晕、头痛鼻塞、恶心、呕吐、晕车晕船。,檀香156g零陵香18g白芷42g香排草180g姜黄18g玫瑰花42g甘松18g丁香42g木香36g人工麝香1.4g冰片138g朱砂662g薄荷脑138g
黛蛤散,散剂,清肝利肺，降逆除烦。用于肝火犯肺所致的头晕耳鸣、咳嗽吐衄、痰多黄稠、咽膈不利、口渴心烦。,青黛30g蛤壳300g
藤丹胶囊,胶囊剂,平肝息风，泻火养阴，舒脉通络。用于高血压病Ⅰ、Ⅱ级肝阳上亢、阴血不足证，症见头痛、眩晕、耳鸣、烦躁、失眠、心悸、腰膝酸软、口咽干燥、舌红或有瘀斑、苔黄或少苔、脉弦数或细而数者。,钩藤431g夏枯草340g猪胆膏46g桑寄生366g丹参303g车前子229g川芎200g三七46g防己300g黄芪300g
礞石滚痰丸,丸剂,逐痰降火。用于痰火扰心所致的癫狂惊悸，或喘咳痰稠、大便秘结。,金礞石（煅）40g沉香20g黄芩320g熟大黄320g
鹭鸶咯丸,丸剂,宣肺、化痰、止咳。用于痰浊阻肺所致的顿咳、咳嗽，症见咳嗽阵作、痰鸣气促、咽干声哑；百日咳见上述证候者。,麻黄12g苦杏仁60g石膏60g甘草12g细辛6g炒紫苏子60g炒芥子12g炒牛蒡子30g瓜蒌皮60g射干30g青黛30g蛤壳60g天花粉60g栀子（姜炙）60g人工牛黄5g
藿香正气口服液,口服液,解表化湿，理气和中。用于外感风寒、内伤湿滞或夏伤暑湿所致的感冒，症见头痛昏重、胸膈痞闷、脘腹胀痛、呕吐泄泻；胃肠型感冒见上述证候者。,苍术80g陈皮80g厚朴（姜制）80g白芷120g茯苓120g大腹皮120g生半夏80g甘草浸膏10g广藿香油0.8ml紫苏叶油0.4ml
藿香正气水,酊剂,解表化湿，理气和中。用于外感风寒、内伤湿滞或夏伤暑湿所致的感冒，症见头痛昏重、胸膈痞闷、脘腹胀痛、呕吐泄泻；胃肠型感冒见上述证候者。,苍术160g陈皮160g厚朴（姜制）160g白芷240g茯苓240g大腹皮240g生半夏160g甘草浸膏20g广藿香油1.6ml紫苏叶油0.8ml
藿香正气软胶囊,软胶囊,解表化湿，理气和中。用于外感风寒、内伤湿滞或夏伤暑湿所致的感冒，症见头痛昏重、胸膈痞闷、脘腹胀痛、呕吐泄泻；胃肠型感冒见上述证候者。,苍术195g陈皮195g厚朴（姜制）195g白芷293g茯苓293g大腹皮293g生半夏195g甘草浸膏24.4g广藿香油1.95ml紫苏叶油0.98ml
藿香正气滴丸,滴丸,解表化湿，理气和中。用于外感风寒、内伤湿滞或夏伤暑湿所致的感冒，症见头痛昏重、胸膈痞闷、脘腹胀痛、呕吐泄泻；胃肠型感冒见上述证候者。,苍术160g陈皮160g姜厚朴160g白芷240g茯苓240g大腹皮240g生半夏160g甘草浸膏20g广藿香油1.6ml紫苏叶油0.8ml
藿胆丸,丸剂,芳香化浊，清热通窍。用于湿浊内蕴、胆经郁火所致的鼻塞、流清涕或浊涕、前额头痛。,广藿香叶4000g猪胆粉315g
藿胆片,片剂,芳香化浊，清热通窍，用于湿浊内蕴、胆经郁火所致的鼻塞、流清涕或浊涕、前额头痛。,广藿香叶提取物62.5g猪胆粉93.75g
癣宁搽剂,搽剂,清热除湿，杀虫止痒，有较强的抗真菌作用。用于脚癣、手癣、体癣、股癣皮肤癣症。,土荆皮80g关黄柏80g白鲜皮80g徐长卿50g苦参50g石榴皮53g洋金花53g南天仙子33g地肤子33g樟脑30g
癣湿药水,酊剂,祛风除湿，杀虫止痒。用于风湿虫毒所致的鹅掌风、脚湿气，症见皮肤丘疹、水疱、脱屑，伴有不同程度瘙痒。,土荆皮250g蛇床子125g大风子仁125g百部125g防风50g当归100g凤仙透骨草125g侧柏叶100g吴茱萸50g花椒125g蝉蜕75g斑蝥3g
獾油搽剂,搽剂,清热解毒，消肿止痛。用于烧伤，烫伤，皮肤肿痛。,獾油970g冰片30g
癫痫平片,片剂,豁痰开窍，平肝清热，熄风定痫。用于风痰闭阻所致癫痫。,石菖蒲214g僵蚕54g全蝎54g蜈蚣36g石膏714g白芍214g煅磁石300g煅牡蛎107g猪牙皂107g柴胡214g硼砂70g
癫痫康胶囊,胶囊剂,镇惊熄风，化痰开窍。用于癫痫风痰闭阻，痰火扰心，神昏抽搐，口吐涎沫者。,天麻66.67g石菖蒲166.67g僵蚕100g胆南星100g川贝母33.33g丹参111.11g远志100g全蝎66.67g麦冬100g淡竹叶66.67g生姜66.67g琥珀33.33g人参33.33g冰片11.11g人工牛黄16.67g
麝香风湿胶囊,胶囊剂,祛风散寒，除湿活络。用于风寒湿闭阻所致的痹病，症见关节疼痛、局部畏恶风寒、屈伸不利、手足拘挛。,制川乌15g全蝎10g地龙（酒洗）25g黑豆（炒）25g蜂房（酒洗）30g人工麝香0.5g乌梢蛇（去头酒浸）200g
麝香抗栓胶囊,胶囊剂,通络活血，醒脑散瘀。用于中风气虚血瘀症，症见半身不遂、言语不清、头昏目眩。,人工麝香1.362g羚羊角3.4g全蝎6.8g乌梢蛇34.1g三七17g僵蚕17g水蛭（制）17g川芎17g天麻17g大黄17g红花34.1g胆南星17g鸡血藤68.1g赤芍34.1g粉葛34.1g地黄34.1g黄芪68.1g忍冬藤68.1g当归34.1g络石藤68.1g地龙34.1g豨莶草68.1g
麝香祛痛气雾剂,气雾剂,活血祛瘀，舒经活络，消肿止痛。用于各种跌打损伤，瘀血肿痛，风湿瘀阻，关节疼痛。,人工麝香0.33g红花1g樟脑30g独活1g冰片20g龙血竭0.33g薄荷脑10g地黄20g三七0.33g
麝香祛痛搽剂,搽剂,活血祛瘀，舒经活络，消肿止痛。用于各种跌打损伤，瘀血肿痛，风湿瘀阻，关节疼痛。,人工麝香0.33g红花1g樟脑30g独活1g冰片20g龙血竭0.33g薄荷脑10g地黄20g三七0.33g
麝香痔疮栓,栓剂,清热解毒，消肿止痛，止血生肌。用于大肠热盛所致的大便出血、血色鲜红、肛门灼热疼痛；各类痔疮和肛裂见上述证候者。,人工麝香0.6g珍珠0.6g冰片67.5g炉甘石粉135g三七15g五倍子75g人工牛黄6.3g颠茄流浸膏30ml
麝香跌打风湿膏,膏剂,祛风除湿，化瘀止痛。用于风湿痛，跌打损伤，肿痛。,跌打风湿流浸膏300g颠茄流浸膏300g枫香脂225g冰片120g薄荷油120g丁香罗勒油20g樟脑120g肉桂油40g水杨酸甲酯200g人工麝香0.4g
麝香舒活搽剂,搽剂,活血散瘀，消肿止痛。用于闭合性新旧软组织损伤和肌肉疲劳酸痛及风湿痹痛。,樟脑28.6g冰片17.1g薄荷脑6.4g红花0.911g三七0.438g人工麝香0.009g血竭0.435g地黄19.77g
麝香镇痛膏,膏剂,散寒，活血，镇痛。用于风湿性关节痛，关节扭伤。,人工麝香0.125g生川乌50g水杨酸甲酯50g颠茄流浸膏96g辣椒480g红茴香根200g樟脑140g
蠲哮片,片剂,泻肺除壅，涤痰祛瘀，利气平喘。用于支气管哮喘急性发作期热哮痰瘀伏肺证，症见气粗痰涌、痰鸣如吼、咳呛阵作、痰黄稠厚。,葶苈子418g青皮418g陈皮418g黄荆子625g槟榔418g大黄125g生姜100g
