drug_name,form,indication
一捻金,散剂,消食导滞，祛痰通便。用于脾胃不和、痰食阻滞所致的积滞，症见停食停乳、腹胀便秘、痰盛喘咳。
一捻金胶囊,胶囊剂,消食导滞，祛痰通便。用于脾胃不和、痰食阻滞所致的积滞，症见停食停乳、腹胀便秘、痰盛喘咳。
一清胶囊,胶囊剂,清热泻火解毒，化瘀凉血止血。用于火毒血热所致的身热烦躁、目赤口疮、咽喉牙龈肿痛、大便秘结、吐血、咯血、衄血、痔血；咽炎、扁桃体炎、牙龈炎见上述证候者。
一清颗粒,颗粒剂,清热泻火解毒，化瘀凉血止血。用于火毒血热所致的身热烦躁、目赤口疮、咽喉牙龈肿痛、大便秘结、吐血、咯血、衄血、痔血；咽炎、扁桃体炎、牙龈炎见上述证候者。
乙肝宁颗粒,颗粒剂,补气健脾，活血化瘀，清热解毒。用于慢性肝炎属脾气虚弱、血瘀阻络、湿热毒蕴证，症见胁痛、腹胀、乏力、尿黄；对急性肝炎属上述证候者亦有一定疗效。
乙肝养阴活血颗粒,颗粒剂,滋补肝肾，活血化瘀。用于肝肾阴虚型慢性肝炎，症见面色晦暗、头晕耳鸣、五心烦热、腰腿酸软、齿鼻衄血、胁下痞块、赤缕红斑、舌质红少苔、脉沉弦、细涩。
乙肝益气解郁颗粒,颗粒剂,益气化湿，疏肝解郁。用于肝郁脾虚型慢性肝炎，症见胁痛腹胀、痞满纳呆、身倦乏力、大便溏薄、舌质淡暗、舌体肿或有齿痕、舌苔薄白或白腻、脉沉弦或沉缓。
二十七味定坤丸,丸剂,补气养血，舒郁调经，用于冲任虚损，气血两亏，身体瘦弱，月经不调，经期紊乱，行经腹痛，崩漏不止，腰酸腿软。
二十五味松石丸,丸剂,清热解毒，疏肝利胆，化瘀。用于肝郁气滞，血瘀，肝中毒，肝痛，肝硬化，肝渗水及各种急、慢性肝炎和胆囊炎。
二十五味珊瑚丸,丸剂,开窍，通络，止痛。用于“白脉病”，神志不清，身体麻木，头昏目眩，脑部疼痛，血压不调，头痛，癫痫及各种神经性疼痛。
二丁颗粒,颗粒剂,清热解毒。用于火热毒盛所致的热疖痈毒、咽喉肿痛、风热火眼。
二冬膏,膏剂,养阴润肺。用于肺阴不足引起的燥咳痰少、痰中带血、鼻干咽痛。
二母宁嗽丸,丸剂,清肺润燥，化痰止咳。用于燥热蕴肺所致的咳嗽、痰黄而黏不易咳出、胸闷气促、久咳不止、声哑喉痛。
二母安嗽丸,丸剂,清肺化痰，止嗽定喘。用于虚劳久嗽，咳嗽痰喘，骨蒸潮热，音哑声重，口燥舌干，痰涎壅盛。
二至丸,丸剂,补益肝肾，滋阴止血。用于肝肾阴虚，眩晕耳鸣，咽干鼻燥，腰膝酸痛，月经量多。
二陈丸,丸剂,燥湿化痰，理气和胃。用于痰湿停滞导致的咳嗽痰多、胸脘胀闷、恶心呕吐。
二妙丸,丸剂,燥湿清热。用于湿热下注，足膝红肿热痛，下肢丹毒，白带，阴囊湿痒。
十一味参芪片,片剂,补脾益气。用于脾气虚所致的体弱、四肢无力。
十一味参芪胶囊,胶囊剂,补脾益气，用于脾气虚所致的体弱、四肢无力。
十一味能消丸,丸剂,化瘀行血，通经催产。用于经闭，月经不调，难产，胎盘不下，产后瘀血腹痛。
十二味翼首散,散剂,清热解毒，防疫。用于瘟疫，流行性感冒，乙型脑炎，痢疾，热病发烧等病症。
十三味榜嘎散,散剂,清热解毒，凉肝利胆。用于热性“赤巴”病，胆囊炎，黄疸型肝炎。
十五味沉香丸,丸剂,调和气血，止咳，安神。用于气血郁滞，胸痛，干咳气短，失眠。
十六味冬青丸,丸剂,宽胸顺气，止嗽定喘。用于胸满腹胀，头昏浮肿，寒嗽痰喘。
十全大补丸,丸剂,温补气血。用于气血两虚，面色苍白，气短心悸，头晕自汗，体倦乏力，四肢不温，月经量多。
十味消渴胶囊,胶囊剂,益气养阴，生津止渴。用于消渴病气阴两虚证，症见口渴喜饮、自汗盗汗、倦怠乏力、五心烦热；2型糖尿病见上述证候者。
十香止痛丸,丸剂,疏气解郁，散寒止痛。用于气滞胃寒，两胁胀满，胃脘刺痛，腹部隐痛。
十香返生丸,丸剂,开窍化痰，镇静安神。用于中风痰迷心窍引起的言语不清、神志昏迷、痰涎壅盛、牙关紧闭。
十滴水,酊剂,健胃，祛暑。用于因中暑而引起的头晕、恶心、腹痛、胃肠不适。
十滴水软胶囊,软胶囊,健胃，祛暑。用于因中暑而引起的头晕、恶心、腹痛、胃肠不适。
七叶神安片,片剂,益气安神，活血止痛。用于心气不足、心血瘀阻所致的心悸、失眠、胸痛、胸闷。
七味广枣丸,丸剂,养心益气，安神。用于胸闷疼痛，心悸气短，心神不安，失眠健忘。
七味姜黄搽剂,搽剂,苗医：旭嘎怡沓痂，维象样丢象：粉刺，油面风。中医：清热祛湿，散风止痒，活血消痤。用于湿热郁肤所致的粉刺（痤疮），油面风（脂溢性皮炎）。
七味都气丸,丸剂,补肾纳气，涩精止遗。用于肾不纳气所致的喘促、胸闷、久咳、气短、咽干、遗精、盗汗、小便频数。
七味铁屑丸,丸剂,行气活血，平肝清热止痛。用于肝区疼痛，肝脏肿大。
七味葡萄散,散剂,清肺，止嗽，定喘。用于虚劳咳嗽，年老气喘，胸满郁闷。
七味榼藤子丸,丸剂,祛暑，和中，解痉止痛。用于吐泻腹痛，胸闷，胁痛，头痛发热。
七制香附丸,丸剂,舒肝理气，养血调经。用于气滞血虚所致的痛经、月经量少、闭经，症见胸胁胀痛、经行量少、行经小腹胀痛、经前双乳胀痛、经水数月不行。
七宝美髯颗粒,颗粒剂,滋补肝肾。用于肝肾不足，须发早白，遗精早泄，头眩耳鸣，腰酸背痛。
七珍丸,丸剂,定惊豁痰，消积通便。用于小儿急惊风，身热，昏睡，气粗，烦躁，痰涎壅盛，停乳停食，大便秘结。
七厘胶囊,胶囊剂,化瘀消肿，止痛止血。用于跌扑损伤，血瘀疼痛，外伤出血。
七厘散,散剂,化瘀消肿，止痛止血。用于跌扑损伤，血瘀疼痛，外伤出血。
八正合剂,口服液,清热，利尿，通淋。用于湿热下注，小便短赤，淋沥涩痛，口燥咽干。
八味沉香散,散剂,清心热，养心，安神，开窍。用于热病攻心，神昏谵语；冠心病，心绞痛。
八味清心沉香散,散剂,清心肺，理气，镇静安神。用于心肺火盛，胸闷不舒，胸胁闷痛，心悸气短。
八味檀香散,散剂,清热润肺，止咳化痰。用于肺热咳嗽，痰中带脓。
八宝坤顺丸,丸剂,益气养血调经。用于气血两虚所致的月经不调、痛经，症见经期后错、经血量少、行经腹痛。
八珍丸,丸剂,补气益血。用于气血两虚，面色萎黄，食欲不振，四肢乏力，月经过多。
八珍丸（浓缩丸）,丸剂,补气益血。用于气血两虚，面色萎黄，食欲不振，四肢乏力，月经过多。
八珍颗粒,颗粒剂,补气益血。用于气血两虚，面色萎黄，食欲不振，四肢乏力，月经过多。
八珍益母丸,丸剂,益气养血，活血调经。用于气血两虚兼有血瘀所致的月经不调，症见月经周期错后、行经量少、淋漓不净、精神不振、肢体乏力。
八珍益母胶囊,胶囊剂,益气养血，活血调经。用于气血两虚兼有血瘀所致的月经不调，症见月经周期错后、行经量少、淋漓不净、精神不振、肢体乏力。
人参再造丸,丸剂,
人参养荣丸,丸剂,温补气血。用于心脾不足，气血两亏，形瘦神疲，食少便溏，病后虚弱。
人参首乌胶囊,胶囊剂,益气养血。用于气血两虚所致的须发早白、健忘失眠、食欲不振、体疲乏力；神经衰弱见上述证候者。
人参健脾丸,丸剂,健脾益气，和胃止泻。用于脾胃虚弱所致的饮食不化、脘闷嘈杂、恶心呕吐、腹痛便溏、不思饮食、体弱倦怠。
儿宝颗粒,颗粒剂,健脾益气，生津开胃。用于脾气虚弱、胃阴不足所致的纳呆厌食、口干燥渴、大便久泻、面黄体弱、精神不振、盗汗。
儿康宁糖浆,糖浆剂,益气健脾，消食开胃。用于脾胃气虚所致的厌食，症见食欲不振、消化不良、面黄身瘦、大便稀溏。
儿童清肺丸,丸剂,清肺，解表，化痰，止嗽。用于小儿风寒外束、肺经痰热所致的面赤身热、咳嗽气促、痰多黏稠、咽痛声哑。
儿童清咽解热口服液,口服液,清热解毒，消肿利咽。用于小儿急性咽炎（急喉痹）属肺胃实热证，症见发热，咽痛，咽部充血，或咳嗽，口渴。
儿童清热导滞丸,丸剂,健胃导滞，消积化虫。用于食滞肠胃所致的疳症，症见不思饮食、消化不良、面黄肌瘦、烦躁口渴、胸膈满闷、积聚痞块，亦用于虫积腹痛。
儿感退热宁口服液,口服液,解表清热，化痰止咳，解毒利咽。用于小儿外感风热，内郁化火，发烧头痛，咳嗽，咽喉肿痛。
九一散,散剂,提脓拔毒，去腐生肌。用于热毒壅盛所致的溃疡，症见疮面鲜活、脓腐将尽。
九气拈痛丸,丸剂,理气，活血，止痛。用于气滞血瘀导致的胸胁胀满疼痛、痛经。
九分散,散剂,活血散瘀，消肿止痛。用于跌打损伤，瘀血肿痛。
九味石灰华散,散剂,清热，解毒，止咳，安神。用于小儿肺炎，高热烦躁，咳嗽。
九味肝泰胶囊,胶囊剂,化瘀通络，疏肝健脾。用于气滞血瘀兼肝郁脾虚所致的胁肋痛或刺痛，抑郁烦闷，食欲不振，食后腹胀脘痞，大便不调，或胁下痞块。
九味羌活口服液,口服液,疏风解表，散寒除湿。用于外感风寒挟湿所致的感冒，症见恶寒、发热、无汗、头重而痛、肢体酸痛。
九味羌活丸,丸剂,疏风解表，散寒除湿。用于外感风寒挟湿所致的感冒，症见恶寒、发热、无汗、头重而痛、肢体酸痛。
九味羌活颗粒,颗粒剂,疏风解表，散寒除湿。用于外感风寒挟湿所致的感冒，症见恶寒、发热、无汗、头重而痛、肢体酸痛。
九制大黄丸,丸剂,泻下导滞。用于胃肠积滞所致的便秘、湿热下痢、口渴不休、停食停水、胸热心烦、小便赤黄。
九香止痛丸,丸剂,温中散寒，行气止痛。用于寒凝气滞，脘腹疼痛。
三七片,片剂,散瘀止血，消肿止痛。用于咯血，吐血，衄血，便血，崩漏，外伤出血，胸腹刺痛，跌扑肿痛。
三七伤药片,片剂,舒筋活血，散瘀止痛。用于跌打损伤，风湿瘀阻，关节痹痛；急慢性扭挫伤、神经痛见上述证候者。
三七伤药胶囊,胶囊剂,舒筋活血，散瘀止痛。用于跌打损伤，风湿瘀阻，关节痹痛；急慢性扭挫伤、神经痛见上述证候者。
三七伤药颗粒,颗粒剂,舒筋活血，散瘀止痛。用于跌打损伤，风湿瘀阻，关节痹痛；急慢性扭挫伤、神经痛见上述证候者。
三七血伤宁胶囊,胶囊剂,止血镇痛，祛瘀生新。用于瘀血阻滞、血不归经之各种血证及瘀血肿痛，如胃、十二指肠溃疡出血，支气管扩张出血，肺结核咯血，功能性子宫出血，外伤及痔疮出血，妇女月经不调，痛经，经闭及月经血量过多，产后瘀血，胃痛，肋间神经痛等。
三七通舒胶囊,胶囊剂,活血化瘀，活络通脉，改善脑梗塞、脑缺血功能障碍，恢复缺血性脑代谢异常，抗血小板聚集，防止血栓形成，改善微循环，降低全血黏度，增加颈动脉血流量。主要用于心脑血管栓塞性病症，主治中风、半身不遂、口舌歪斜、言语謇涩、偏身麻木。
三九胃泰胶囊,胶囊剂,清热燥湿，行气活血，柔肝止痛。用于湿热内蕴、气滞血瘀所致的胃痛，症见脘腹隐痛、饱胀反酸、恶心呕吐、嘈杂纳减；浅表性胃炎、糜烂性胃炎、萎缩性胃炎见上述证候者。
三九胃泰颗粒,颗粒剂,清热燥湿，行气活血，柔肝止痛。用于湿热内蕴、气滞血瘀所致的胃痛，症见脘腹隐痛、饱胀反酸、恶心呕吐、嘈杂纳减；浅表性胃炎、糜烂性胃炎、萎缩性胃炎见上述证候者。
三子散,散剂,清热凉血，解毒。用于温热，血热，新久热。
三两半药酒,酒剂,益气活血，祛风通络。用于气血不和、感受风湿所致的痹病，症见四肢疼痛、筋脉拘挛。
三妙丸,丸剂,清热燥湿。用于湿热下注所致的痹病，症见足膝红肿热痛、下肢沉重、小便黄少。
三拗片,片剂,宣肺解表。用于风寒袭肺证，症见咳嗽声重，咳嗽痰多，痰白清稀；急性支气管炎见上述证候者。
三味蒺藜散,散剂,清湿热，利尿。用于湿热下注，小便热痛。
三金片,片剂,清热解毒，利湿通淋，益肾。用于下焦湿热所致的热淋、小便短赤、淋沥涩痛、尿急频数；急慢性肾盂肾炎、膀胱炎、尿路感染见上述证候者；慢性非细菌性前列腺炎肾虚湿热下注证。
三宝胶囊,胶囊剂,益肾填精，养心安神。用于肾精亏虚、心血不足所致的腰酸腿软、阳痿遗精、头晕眼花、耳鸣耳聋、心悸失眠、食欲不振。
三黄片,片剂,清热解毒，泻火通便。用于三焦热盛所致的目赤肿痛、口鼻生疮、咽喉肿痛、牙龈肿痛、心烦口渴、尿黄、便秘；亦用于急性胃肠炎，痢疾。
大七厘散,散剂,化瘀消肿，止痛止血。用于跌打损伤，瘀血疼痛，外伤止血。
大山楂丸,丸剂,开胃消食。用于食积内停所致的食欲不振、消化不良、脘腹胀闷。
大川芎口服液,口服液,活血化瘀、平肝熄风。用于瘀血阻络，肝阳化风所致的头痛、头胀、眩晕、颈项紧张不舒、上下肢或偏身麻木、舌部瘀斑。
大补阴丸,丸剂,滋阴降火。用于阴虚火旺，潮热盗汗，咳嗽咯血，耳鸣遗精。
大黄利胆胶囊,胶囊剂,清热利湿，解毒退黄。用于肝胆湿热所致的胁痛，口苦，食欲不振；胆囊炎，脂肪肝见上述证候者。
大黄清胃丸,丸剂,清热通便。用于胃火炽盛所致的口燥舌干、头痛目眩、大便燥结。
大黄䗪虫丸,丸剂,活血破瘀，通经消癥。用于瘀血内停所致的癥瘕、闭经，症见腹部肿块、肌肤甲错、面色黯黑、潮热羸瘦、经闭不行。
万氏牛黄清心丸,丸剂,清热解毒，镇惊安神。用于热入心包、热盛动风证，症见高热烦躁、神昏谵语及小儿高热惊厥。
万应胶囊,胶囊剂,清热，解毒，镇惊。用于邪毒内蕴所致的口舌生疮、牙龈咽喉肿痛、小儿高热、烦躁易惊。
万应锭,丹剂,清热，解毒，镇惊。用于邪毒内蕴所致的口舌生疮、牙龈咽喉肿痛、小儿高热、烦躁易惊。
万通炎康片,片剂,疏风清热，解毒消肿。用于外感风热所致的咽部红肿、牙龈红肿、疮疡肿痛；急慢性咽炎、扁桃体炎、牙龈炎、疮疖见上述证候者。
口炎清颗粒,颗粒剂,滋阴清热，解毒消肿。用于阴虚火旺所致的口腔炎症。
口咽清丸,丸剂,清热降火，生津止渴。用于火热伤津所致的咽部肿痛、口舌生疮、牙龈红肿、口干舌燥。
口腔溃疡散,散剂,清热，消肿，止痛。用于火热内蕴所致的口舌生疮、黏膜破溃、红肿灼痛；复发性口疮、急性口炎见上述证候者。
山东阿胶膏,膏剂,补益气血，润燥。用于气血两虚所致的虚劳咳嗽、吐血、妇女崩漏、胎动不安。
山玫胶囊,胶囊剂,益气化瘀。用于冠心病、脑动脉硬化气滞血瘀证，症见胸痛、痛有定处、胸闷憋气，或眩晕、心悸、气短、乏力、舌质紫暗。
山香圆片,片剂,清热解毒，利咽消肿。用于喉痹，乳蛾，咽喉肿痛等症。
山菊降压片,片剂,平肝潜阳。用于阴虚阳亢所致的头痛眩晕、耳鸣健忘、腰膝酸软、五心烦热、心悸失眠；高血压病见上述证候者。
山绿茶降压片,片剂,清热泻火，平肝潜阳。用于眩晕耳鸣，头痛头胀，心烦易怒，少寐多梦；高血压、高脂血症见上述证候者。
山楂化滞丸,丸剂,消食导滞。用于饮食不节所致的食积，症见脘腹胀满、纳少饱胀、大便秘结。
千金止带丸（大蜜丸）,丸剂,健脾补肾，调经止带。用于脾肾两虚所致的月经不调、带下病，症见月经先后不定期、量多或淋漓不净、色淡无块，或带下量多、色白清稀、神疲乏力、腰膝酸软。
千金止带丸（水丸）,丸剂,健脾补肾，调经止带。用于脾肾两虚所致的月经不调、带下病，症见月经先后不定期、量多或淋漓不净、色淡无块，或带下量多、色白清稀、神疲乏力、腰膝酸软。
千柏鼻炎片,片剂,清热解毒，活血祛风，宣肺通窍。用于风热犯肺、内郁化火、凝滞气血所致的鼻塞、鼻痒气热、流涕黄稠，或持续鼻塞、嗅觉迟钝；急慢性鼻炎、急慢性鼻窦炎见上述证候者。
千柏鼻炎胶囊,胶囊剂,清热解毒，活血祛风，宣肺通窍。用于风热犯肺、内郁化火、凝滞气血所致的鼻塞、鼻痒气热、流涕黄稠，或持续鼻塞、嗅觉迟钝；急慢性鼻炎、急慢性鼻窦炎见上述证候者。
千喜片,片剂,清热解毒，消炎止痛，止泻止痢。用于热毒蕴结所致肠炎、结肠炎、细菌性痢疾和鼻窦炎。
千喜胶囊,胶囊剂,清热解毒，消炎止痛，止泻止痢。用于热毒蕴结所致肠炎、结肠炎、细菌性痢疾和鼻窦炎。
川贝止咳露,露剂,止嗽祛痰。用于风热咳嗽，痰多上气或燥咳。
川贝枇杷糖浆,糖浆剂,清热宣肺，化痰止咳。用于风热犯肺、痰热内阻所致的咳嗽痰黄或咯痰不爽、咽喉肿痛、胸闷胀痛；感冒、支气管炎见上述证候者。
川贝雪梨膏,膏剂,润肺止咳，生津利咽。用于阴虚肺热，咳嗽，喘促，口燥咽干。
川芎茶调丸,丸剂,疏风止痛。用于外感风邪所致的头痛，或有恶寒、发热、鼻塞。
川芎茶调丸（浓缩丸）,丸剂,疏风止痛。用于外感风邪所致的头痛，或有恶寒、发热、鼻塞。
川芎茶调片,片剂,疏风止痛。用于外感风邪所致的头痛，或有恶寒、发热、鼻塞。
川芎茶调袋泡茶,茶剂,疏风止痛。用于外感风邪所致的头痛，或有恶寒、发热、鼻塞。
川芎茶调散,散剂,疏风止痛。用于外感风邪所致的头痛，或有恶寒、发热、鼻塞。
川芎茶调颗粒,颗粒剂,疏风止痛。用于外感风邪所致的头痛，或有恶寒、发热、鼻塞。
女金丸,丸剂,益气养血，理气活血，止痛。用于气血两虚、气滞血瘀所致的月经不调，症见月经提前、月经错后、月经量多、神疲乏力、经水淋漓不净、行经腹痛。
女金胶囊,胶囊剂,益气养血，理气活血，止痛。用于气血两虚、气滞血瘀所致的月经不调，症见月经提前、月经错后、月经量多、神疲乏力、经水淋漓不净、行经腹痛。
女珍颗粒,颗粒剂,滋肾，宁心。用于更年期综合征属肝肾阴虚、心肝火旺证者，可改善烘热汗出，五心烦热，心悸，失眠。
小儿七星茶口服液,口服液,开胃消滞，清热定惊。用于小儿积滞化热，消化不良，不思饮食，烦躁易惊，夜寐不安，大便不畅，小便短赤。
小儿七星茶颗粒,颗粒剂,开胃消滞，清热定惊。用于小儿积滞化热，消化不良，不思饮食，烦躁易惊，夜寐不安，大便不畅，小便短赤。
小儿止咳糖浆,糖浆剂,祛痰，镇咳。用于小儿感冒引起的咳嗽。
小儿止嗽糖浆,糖浆剂,润肺清热，止嗽化痰。用于小儿痰热内蕴所致的发热、咳嗽、黄痰、咳吐不爽、口干舌燥、腹满便秘、久嗽痰盛。
小儿化毒散,散剂,清热解毒，活血消肿。用于热毒内蕴、毒邪未尽所致的口疮肿痛、疮疡溃烂、烦躁口渴、大便秘结。
小儿化食口服液,口服液,消食化滞，泻火通便。用于食滞化热所致的积滞，症见厌食、烦躁、恶心呕吐、口渴、脘腹胀满、大便干燥。
小儿化食丸,丸剂,消食化滞，泻火通便。用于食滞化热所致的积滞，症见厌食、烦躁、恶心呕吐、口渴、脘腹胀满、大便干燥。
小儿百寿丸,丸剂,清热散风，消食化滞。用于小儿风热感冒、积滞，症见发热头痛、脘腹胀满、停食停乳、不思饮食、呕吐酸腐、咳嗽痰多、惊风抽搐。
小儿百部止咳糖浆,糖浆剂,清肺，止咳、化痰。用于小儿痰热蕴肺所致的咳嗽、顿咳，症见咳嗽、痰多、痰黄黏稠、咯吐不爽，或痰咳不已、痰稠难出；百日咳见上述证候者。
小儿至宝丸,丸剂,疏风镇惊，化痰导滞。用于小儿风寒感冒，停食停乳，发热鼻塞，咳嗽痰多，呕吐泄泻。
小儿扶脾颗粒,颗粒剂,健脾胃，助消化。用于小儿脾胃气虚，消化不良，体质消瘦。
小儿抗痫胶囊,胶囊剂,豁痰熄风，健脾理气。用于原发性全身性强直-阵挛发作型儿童癫痫风痰闭阻证，发作时症见四肢抽搐、口吐涎沫、二目上窜、甚至昏仆。
小儿肝炎颗粒,颗粒剂,清热利湿，解郁止痛。用于肝胆湿热所致的黄疸、胁痛、腹胀、发热、恶心呕吐、食欲减退、身体倦懒、皮肤黄染；黄疸型肝炎或无黄疸型肝炎见上述证候者。
小儿金丹片,片剂,祛风化痰，清热解毒。用于外感风热，痰火内盛所致的感冒，症见发热、头痛、咳嗽、气喘、咽喉肿痛、呕吐，及高热惊风。
小儿肺咳颗粒,颗粒剂,健脾益肺，止咳平喘。用于肺脾不足，痰湿内壅所致咳嗽或痰多稠黄，咳吐不爽，气短，喘促，动辄汗出，食少纳呆，周身乏力，舌红苔厚；小儿支气管炎见以上证候者。
小儿肺热平胶囊,胶囊剂,清热化痰，止咳平喘，镇惊开窍。用于小儿痰热壅肺所致喘嗽，症见喘咳、吐痰黄稠、壮热烦渴、神昏抽搐、舌红苔黄腻。
小儿肺热咳喘口服液,口服液,清热解毒，宣肺化痰。用于热邪犯于肺卫所致发热、汗出、微恶风寒、咳嗽、痰黄，或兼喘息、口干而渴。
小儿泻速停颗粒,颗粒剂,清热利湿，健脾止泻，缓急止痛，用于小儿湿热壅遏大肠所致的泄泻，症见大便稀薄如水样、腹痛、纳差；小儿秋季腹泻及迁延性、慢性腹泻见上述证候者。
小儿泻痢片,片剂,清热利湿，止泻。用于小儿湿热下注所致的痢疾、泄泻，症见大便次数增多或里急后重、下利赤白。
小儿宝泰康颗粒,颗粒剂,解表清热，止咳化痰。用于小儿风热外感，症见发热、流涕、咳嗽、脉浮。
小儿咽扁颗粒,颗粒剂,清热利咽，解毒止痛。用于小儿肺卫热盛所致的喉痹、乳蛾，症见咽喉肿痛、咳嗽痰盛、口舌糜烂；急性咽炎、急性扁桃腺炎见上述证候者。
小儿咳喘灵口服液,口服液,〔规格（1）〕宣肺清热，止咳、祛痰、平喘。用于上呼吸道感染，气管炎，肺炎，咳嗽。〔规格（2）〕宣肺、清热，止咳、祛痰。用于上呼吸道感染引起的咳嗽。
小儿咳喘颗粒,颗粒剂,清热宣肺，化痰止咳，降逆平喘。用于小儿痰热壅肺所致的咳嗽、发热、痰多、气喘。
小儿香橘丸,丸剂,健脾和胃，消食止泻。用于脾虚食滞所致的呕吐便泻、脾胃不和、身热腹胀、面黄肌瘦、不思饮食。
小儿退热合剂（小儿退热口服液）,口服液,疏风解表，解毒利咽。用于小儿外感风热所致的感冒，症见发热恶风、头痛目赤、咽喉肿痛；上呼吸道感染见上述证候者。
小儿退热颗粒,颗粒剂,疏风解表，解毒利咽。用于小儿外感风热所致的感冒，症见发热恶风、头痛目赤、咽喉肿痛；上呼吸道感染见上述证候者。
小儿柴桂退热口服液,口服液,发汗解表，清里退热。用于小儿外感发热。症见：发热，头身痛，流涕，口渴，咽红，溲黄，便干。
小儿柴桂退热颗粒,颗粒剂,发汗解表，清里退热。用于小儿外感发热。症见发热，头身痛，流涕，口渴，咽红，溲黄，便干。
小儿热速清口服液,口服液,清热解毒，泻火利咽。用于小儿外感风热所致的感冒，症见高热、头痛、咽喉肿痛、鼻塞流涕、咳嗽、大便干结。
小儿热速清颗粒,颗粒剂,清热解毒，泻火利咽。用于小儿外感风热所致的感冒，症见高热、头痛、咽喉肿痛、鼻塞流涕、咳嗽、大便干结。
小儿热速清糖浆,糖浆剂,清热解毒，泻火利咽。用于小儿外感风热所致的感冒，症见高热、头痛、咽喉肿痛、鼻塞流涕、咳嗽、大便干结。
小儿消食片,片剂,消食化滞，健脾和胃。用于食滞肠胃所致积滞，症见食少、便秘、脘腹胀满、面黄肌瘦。
小儿消积止咳口服液,口服液,清热肃肺，消积止咳。用于小儿饮食积滞、痰热蕴肺所致的咳嗽、夜间加重、喉间痰鸣、腹胀、口臭。
小儿豉翘清热颗粒,颗粒剂,疏风解表，清热导滞。用于小儿风热感冒夹滞证，症见发热咳嗽，鼻塞流涕，咽红肿痛，纳呆口渴，脘腹胀满，便秘或大便酸臭，溲黄。
小儿惊风散,散剂,镇惊熄风。用于小儿惊风，抽搐神昏。
小儿清肺止咳片,片剂,清热解表，止咳化痰。用于小儿外感风热、内闭肺火所致的身热咳嗽、气促痰多、烦躁口渴、大便干燥。
小儿清肺化痰口服液,口服液,清热化痰，止咳平喘。用于小儿风热犯肺所致的咳嗽，症见呼吸气促、咳嗽痰喘、喉中作响。
小儿清热止咳合剂（小儿清热止咳口服液）,口服液,清热宣肺，平喘，利咽。用于小儿外感风热所致的感冒，症见发热恶寒、咳嗽痰黄、气促喘息、口干音哑、咽喉肿痛。
小儿清热片,片剂,清热解毒，祛风镇惊。用于小儿风热，烦躁抽搐，发热口疮，小便短赤，大便不利。
小儿感冒口服液,口服液,清热解表。用于小儿外感风热所致发热重、微恶风寒、头痛、有汗或少汗、咽红肿痛、口渴、舌尖红、苔薄黄而干、脉浮数。
小儿感冒茶,茶剂,疏风解表，清热解毒。用于小儿风热感冒，症见发热重、头胀痛、咳嗽痰黏、咽喉肿痛；流感见上述证候者。
小儿感冒颗粒,颗粒剂,疏风解表，清热解毒。用于小儿风热感冒，症见发热重、头胀痛、咳嗽痰黏、咽喉肿痛；流感见上述证候者。
小儿感冒宁糖浆,糖浆剂,疏散风热，清热止咳。用于小儿外感风热所致的感冒，症见发热、汗出不爽、鼻塞流涕、咳嗽咽痛。
小儿腹泻宁糖浆,糖浆剂,健脾和胃，生津止泻，用于脾胃气虚所致的泄泻，症见大便泄泻、腹胀腹痛、纳减、呕吐、口干、倦怠乏力、舌淡苔白。
小儿解表颗粒,颗粒剂,宣肺解表，清热解毒。用于小儿外感风热所致的感冒，症见发热恶风、头痛咳嗽、鼻塞流涕、咽喉痛痒。
小儿解热丸,丸剂,清热化痰，镇惊，息风。用于小儿感冒发热，痰涎壅盛，高热惊风，项背强直，手足抽搐，神志昏蒙，呕吐咳嗽。
小儿解感片,片剂,清热解表，利咽止咳。用于感冒发烧，头痛鼻塞，咳嗽喷嚏，咽喉肿痛。
小儿敷脐止泻散,散剂,温中散寒，止泻。用于小儿中寒、腹泻、腹痛。
小青龙合剂,口服液,解表化饮，止咳平喘。用于风寒水饮，恶寒发热，无汗，喘咳痰稀。
小青龙颗粒,颗粒剂,解表化饮，止咳平喘。用于风寒水饮，恶寒发热，无汗，喘咳痰稀。
小金丸,丸剂,散结消肿，化瘀止痛。用于痰气凝滞所致的瘰疬、瘿瘤、乳岩、乳癖，症见肌肤或肌肤下肿块一处或数处，推之能动，或骨及骨关节肿大，皮色不变，肿硬作痛。
小金片,片剂,散结消肿，化瘀止痛。用于阴疽初起，皮色不变，肿硬作痛，多发性脓肿，瘿瘤，瘰疬，乳岩，乳癖。
小金胶囊,胶囊剂,散结消肿，化瘀止痛。用于阴疽初起，皮色不变，肿硬作痛，多发性脓肿，瘿瘤，瘰疬，乳岩，乳癖。
小建中片,片剂,温中补虚，缓急止痛。用于脾胃虚寒，脘腹疼痛，喜温喜按，嘈杂吞酸，食少；胃及十二指肠溃疡上述证候者。
小建中合剂,口服液,温中补虚，缓急止痛。用于脾胃虚寒，脘腹疼痛，喜温喜按，嘈杂吞酸，食少；胃及十二指肠溃疡见上述证候者。
小建中颗粒,颗粒剂,温中补虚，缓急止痛。用于脾胃虚寒，脘腹疼痛，喜温喜按，嘈杂吞酸，食少心悸及腹泻与便秘交替症状的慢性结肠炎，胃及十二指肠溃疡。
小活络丸,丸剂,祛风散寒，化痰除湿，活血止痛。用于风寒湿邪闭阻、痰瘀阻络所致的痹病，症见肢体关节疼痛，或冷痛，或刺痛，或疼痛夜甚、关节屈伸不利、麻木拘挛。
小柴胡片,片剂,解表散热，疏肝和胃。用于外感病，邪犯少阳证，症见寒热往来、胸胁苦满、食欲不振、心烦喜呕、口苦咽干。
小柴胡泡腾片,片剂,解表散热，疏肝和胃。用于外感病邪犯少阳证，症见寒热往来、胸胁苦满、食欲不振、心烦喜呕、口苦咽干。
小柴胡胶囊,胶囊剂,解表散热，疏肝和胃。用于外感病，邪犯少阳症，症见寒热往来、胸胁苦满、食欲不振、心烦喜呕、口苦咽干。
小柴胡颗粒,颗粒剂,解表散热、疏肝和胃。用于外感病，邪犯少阳证，症见寒热往来、胸胁苦满、食欲不振、心烦喜呕、口苦咽干。
马应龙八宝眼膏,膏剂,清热退赤，止痒去翳。用于风火上扰所致的眼睛红肿痛痒、流泪、眼睑红烂；沙眼见上述证候者。
马应龙麝香痔疮膏,膏剂,清热燥湿，活血消肿，去腐生肌。用于湿热瘀阻所致的各类痔疮、肛裂，症见大便出血，或疼痛、有下坠感；亦用于肛周湿疹。
马钱子散,散剂,祛风湿，通经络。用于风湿闭阻所致的痹病，症见关节疼痛、臂痛腰痛、肢体肌肉萎缩。
开光复明丸,丸剂,清热散风，退翳明目。用于肝胆热盛引起的暴发火眼、红肿痛痒、眼睑赤烂、云翳气蒙、羞明多眵。
开胃山楂丸,丸剂,行气健脾，消食导滞。用于饮食积滞所致的脘腹胀满、食后疼痛；消化不良见上述证候者。
开胃健脾丸,丸剂,健脾和胃。用于脾胃虚弱、中气不和所致的泄泻、痞满，症见食欲不振、嗳气吞酸、腹胀泄泻；消化不良见上述证候者。
开胸顺气丸,丸剂,消积化滞，行气止痛。用于气郁食滞所致的胸胁胀满、胃脘疼痛、嗳气呕恶、食少纳呆。
开胸顺气胶囊,胶囊剂,消积化滞，行气止痛。用于气郁食滞所致的胸胁胀满、胃脘疼痛、嗳气呕恶、食少纳呆。
天王补心丸,丸剂,滋阴养血，补心安神。用于心阴不足，心悸健忘，失眠多梦，大便干燥。
天王补心丸（浓缩丸）,丸剂,滋阴养血，补心安神。用于心阴不足，心悸健忘，失眠多梦，大便干燥。
天丹通络片,片剂,活血通络，熄风化痰。用于中风中经络，风痰瘀血痹阻脉络证，症见半身不遂、偏身麻木、口眼歪斜、语言謇涩；脑梗死急性期、恢复早期见上述证候者。
天丹通络胶囊,胶囊剂,活血通络，熄风化痰。用于中风中经络，风痰瘀血痹阻脉络证，症见半身不遂、偏身麻木、口眼歪斜、语言謇涩；脑梗死急性期、恢复早期见上述证候者。
天和追风膏,膏剂,温经散寒，祛风除湿，活血止痛。用于风寒湿闭阻、瘀血阻络所致的痹病，症见关节疼痛，局部畏风寒，腰背痛，屈伸不利，四肢麻木。
天菊脑安胶囊,胶囊剂,平肝熄风，活血化瘀。用于肝风夹瘀证的偏头痛，症见头部胀痛、刺痛、跳痛、痛有定处、反复发作、或伴有头晕目眩、或烦躁易怒、或恶心呕吐，舌暗红或有瘀斑，脉弦。
天麻丸,丸剂,祛风除湿，通络止痛，补益肝肾。用于风湿瘀阻、肝肾不足所致的痹病，症见肢体拘挛、手足麻木、腰腿酸痛。
天麻头痛片,片剂,养血祛风，散寒止痛。用于外感风寒、瘀血阻滞或血虚失养所致的偏正头痛、恶寒、鼻塞。
天麻钩藤颗粒,颗粒剂,平肝熄风，清热安神。用于肝阳上亢所引起的头痛、眩晕、耳鸣、眼花、震颤、失眠；高血压见上述证候者。
天麻首乌片,片剂,滋阴补肾，养血息风。用于肝肾阴虚所致的头晕目眩、头痛耳鸣、口苦咽干、腰膝酸软、脱发、白发；脑动脉硬化、早期高血压、血管神经性头痛、脂溢性脱发见上述证候者。
天麻祛风补片,片剂,温肾养肝，祛风止痛。用于肝肾亏损、风湿入络所致的痹病，症见头晕耳鸣、关节疼痛、腰膝酸软、畏寒肢冷、手足麻木。
天麻醒脑胶囊,胶囊剂,滋补肝肾，平肝息风，通络止痛。用于肝肾不足，肝风上扰所致头痛，头晕，记忆力减退，失眠，反应迟钝，耳鸣，腰酸。
天紫红女金胶囊,胶囊剂,益气养血，补肾暖宫。用于气血两亏，肾虚宫冷，月经不调，崩漏带下，腰膝冷痛，宫冷不孕。
天智颗粒,颗粒剂,平肝潜阳，补益肝肾，益智安神。用于肝阳上亢的中风引起的头晕目眩，头痛失眠、烦躁易怒、口苦咽干、腰膝酸软、智能减退、思维迟缓、定向性差；轻中度血管性痴呆属上述证候者。
天舒片,片剂,活血平肝，通络止痛。用于瘀血阻络或肝阳上亢所致的头痛日久、痛有定处，或头晕胁痛、失眠烦躁、舌质暗或有瘀斑；血管神经性头痛，紧张性头痛，高血压头痛见上述证候者。
天舒胶囊,胶囊剂,活血平肝，通络止痛。用于瘀血阻络或肝阳上亢所致的头痛日久、痛有定处，或头晕胁痛、失眠烦躁、舌质暗或有瘀斑；血管神经性头痛，紧张性头痛，高血压头痛见上述证候者。
元胡止痛口服液,口服液,理气，活血，止痛。用于气滞血瘀的胃痛，胁痛，头痛及痛经。
元胡止痛片,片剂,理气，活血，止痛。用于气滞血瘀的胃痛，胁痛，头痛及痛经。
元胡止痛软胶囊,软胶囊,理气，活血，止痛。用于气滞血瘀的胃痛，胁痛，头痛及痛经。
元胡止痛胶囊,胶囊剂,理气，活血，止痛。用于气滞血瘀的胃痛，胁痛，头痛及痛经。
元胡止痛颗粒,颗粒剂,理气，活血，止痛。用于气滞血瘀的胃痛，胁痛，头痛及痛经。
元胡止痛滴丸,滴丸,理气，活血，止痛。用于气滞血瘀的胃痛，胁痛，头痛及痛经。
无比山药丸,丸剂,健脾补肾。用于脾肾两虚，食少肌瘦，腰膝酸软，目眩耳鸣。
无烟灸条,贴膏剂,行气血，逐寒湿。用于风寒湿痹，肌肉酸麻，关节四肢疼痛，脘腹冷痛。
云香祛风止痛酊,酊剂,祛风除湿，活血止痛。用于风湿骨痛，伤风感冒，头痛，肚痛，心胃气痛，冻疮。
木瓜丸,丸剂,祛风散寒，除湿通络。用于风寒湿闭阻所致的痹病，症见关节疼痛、肿胀、屈伸不利、局部畏恶风寒、肢体麻木、腰膝酸软。
木香分气丸,丸剂,宽胸消胀，理气止呕。用于肝郁气滞、脾胃不和所致的胸膈痞闷、两胁胀满、胃脘疼痛、倒饱嘈杂、恶心呕吐、嗳气吞酸。
木香顺气丸,丸剂,行气化湿，健脾和胃。用于湿浊中阻、脾胃不和所致的胸膈痞闷、脘腹胀痛、呕吐恶心、嗳气纳呆。
木香槟榔丸,丸剂,行气导滞，泻热通便。用于湿热内停，赤白痢疾，里急后重，胃肠积滞，脘腹胀痛，大便不通。
五子衍宗丸,丸剂,补肾益精。用于肾虚精亏所致的阳痿不育、遗精早泄、腰痛、尿后余沥。
五子衍宗片,片剂,补肾益精。用于肾虚精亏所致的阳痿不育、遗精早泄、腰痛、尿后余沥。
五加生化胶囊,胶囊剂,益气养血、活血祛瘀。用于经期及人流术后、产后气虚血瘀所致阴道流血，血色紫暗或有血块，小腹疼痛按之不减，腰背酸痛、自汗、心悸气短、舌淡、兼见瘀点、脉沉弱。
五灵胶囊,胶囊剂,疏肝健脾活血。用于慢性乙型肝炎肝郁脾虚挟瘀证，症见纳呆、腹胀嗳气、胁肋胀痛、疲乏无力。
五苓胶囊,胶囊剂,温阳化气，利湿行水。用于膀胱化气不利，水湿内聚引起的小便不利，水肿腹胀，呕逆泄泻，渴不思饮。
五苓散,散剂,温阳化气，利湿行水。用于阳不化气、水湿内停所致的水肿，症见小便不利、水肿腹胀、呕逆泄泻、渴不思饮。
五虎散,散剂,活血散瘀，消肿止痛。用于跌打损伤，瘀血肿痛。
五味子颗粒,颗粒剂,益气生津，补肾宁心。用于心肾不足所致的失眠、多梦、头晕；神经衰弱症见上述证候者。
五味子糖浆,糖浆剂,益气生津，补肾宁心。用于心肾不足所致的失眠、多梦、头晕；神经衰弱症见上述证候者。
五味沙棘散,散剂,清热祛痰，止咳定喘。用于肺热久嗽，喘促痰多，胸中满闷，胸胁作痛；慢性支气管炎见上述证候者。
五味清浊散,散剂,开郁消食，暖胃。用于食欲不振，消化不良，胃脘冷痛，满闷嗳气，腹胀泄泻。
五味麝香丸,丸剂,消炎，止痛，祛风。用于扁桃体炎，咽峡炎，流行性感冒，炭疽病，风湿性关节炎，神经痛，胃痛，牙痛。
五黄养阴颗粒,颗粒剂,燥湿化痰、益气养阴。用于消渴病属痰湿内滞、气阴两虚证，症见口渴喜饮，多食善饥，尿频尿多，头身困重，呕恶痰涎，倦怠乏力，气短懒言，自汗盗汗，心悸失眠，形体肥胖，咽燥口干，心烦畏热，溲赤便秘。
五福化毒丸,丸剂,清热解毒，凉血消肿。用于血热毒盛，小儿疮疖，痱毒，咽喉肿痛，口舌生疮，牙龈出血，痄腮。
五福化毒片,片剂,清热解毒，凉血消肿。用于血热毒盛，小儿疮疖，痱毒，咽喉肿痛，口舌生疮，牙龈出血，痄腮。
比拜克胶囊,胶囊剂,清热、解毒、通便。用于外感病气分热盛，发热烦躁，头痛目赤，牙龈肿痛，大便秘结。
牙痛一粒丸,丸剂,解毒消肿，杀虫止痛。用于火毒内盛所致的牙龈肿痛、龋齿疼痛。
止血定痛片,片剂,散瘀，止血，止痛。用于十二指肠溃疡疼痛、胃酸过多、出血属血瘀证者。
止血复脉合剂,口服液,止血祛瘀，滋阴复脉。用于上消化道出血量多，症见烦躁或神志淡漠、肢冷、汗出、脉弱无力。可作为失血性休克的辅助治疗药物。
止红肠辟丸,丸剂,清热凉血，养血止血。用于血热所致的肠风便血、痔疮下血。
止咳宝片,片剂,宣肺祛痰，止咳平喘。用于外感风寒所致的咳嗽、痰多清稀、咳甚而喘；慢性支气管炎、上呼吸道感染见上述证候者。
止咳喘颗粒,颗粒剂,止咳，平喘，祛痰。用于支气管炎，咳喘，痰多，痰稠，感冒咳嗽，肺痈吐脓，胸满胁痛。
止咳橘红口服液,口服液,清肺，止咳，化痰。用于痰热阻肺引起的咳嗽痰多、胸满气短、咽干喉痒。
止咳橘红丸,丸剂,清肺，止咳，化痰。用于痰热阻肺引起的咳嗽痰多、胸满气短、咽干喉痒。
止喘灵注射液,注射剂,宣肺平喘，祛痰止咳。用于痰浊阻肺、肺失宣降所致的哮喘、咳嗽、胸闷、痰多；支气管哮喘、喘息性支气管炎见上述证候者。
止痢宁片,片剂,清热祛湿，行气止痛。用于肠炎；痢疾，表现为腹痛泻泄，下痢脓血，肛门灼热，里急后重者。
止痛化癥片,片剂,益气活血，散结止痛。用于气虚血瘀所致的月经不调、痛经、癥瘕，症见行经后错、经量少、有血块、经行小腹疼痛、腹有癥块；慢性盆腔炎见上述证候者。
止痛化癥胶囊,胶囊剂,益气活血，散结止痛。用于气虛血瘀所致的月经不调、痛经、癥瘕，症见行经后错、经量少、有血块、经行小腹疼痛、腹有癥块；慢性盆腔炎见上述证候者。
止痛紫金丸,丸剂,舒筋活血，消瘀止痛。用于跌打损伤，闪腰岔气，瘀血作痛，筋骨疼痛。
止嗽定喘口服液,口服液,辛凉宣泄，清肺平喘。用于表寒里热，身热口渴，咳嗽痰盛，喘促气逆，胸膈满闷；急性支气管炎见上述证候者。
少阳感冒颗粒,颗粒剂,解表散热，和解少阳。用于外感病邪犯少阳证，症见寒热往来、胸胁苦满、食欲不振、心烦喜呕、口苦咽干。
少林风湿跌打膏,膏剂,散瘀活血，舒筋止痛，祛风散寒。用于跌打损伤、风湿痹病，症见伤处瘀肿疼痛、腰肢酸麻。
少腹逐瘀丸,丸剂,温经活血，散寒止痛。用于寒凝血瘀所致的月经后期、痛经、产后腹痛，症见行经后错、行经小腹冷痛、经血紫暗、有血块、产后小腹疼痛喜热、拒按。
中风回春丸,丸剂,活血化瘀，舒筋通络。用于痰瘀阻络所致的中风，症见半身不遂、肢体麻木、言语謇涩、口舌歪斜。
中风回春片,片剂,活血化瘀，舒筋通络。用于痰瘀阻络所致的中风，症见半身不遂、肢体麻木、言语謇涩、口舌歪斜。
中华跌打丸,丸剂,消肿止痛，舒筋活络，止血生肌，活血祛瘀。用于挫伤筋骨，新旧瘀痛，创伤出血，风湿瘀痛。
贝羚胶囊,胶囊剂,清热化痰，止咳平喘。用于痰热阻肺，气喘咳嗽；小儿肺炎、喘息性支气管炎及成人慢性支气管炎见上述证候者。
内消瘰疬片,片剂,化痰，软坚，散结。用于痰湿凝滞所致的瘰疬，症见皮下结块、不热不痛。
午时茶胶囊,胶囊剂,祛风解表，化湿和中。用于外感风寒、内伤食积证，症见恶寒发热、头痛身楚、胸脘满闷、恶心呕吐、腹痛腹泻。
午时茶颗粒,颗粒剂,祛风解表，化湿和中。用于外感风寒、内伤食积证，症见恶寒发热、头痛身楚、胸脘满闷、恶心呕吐、腹痛腹泻。
牛黄上清丸,丸剂,清热泻火，散风止痛。用于热毒内盛、风火上攻所致的头痛眩晕、目赤耳鸣、咽喉肿痛、口舌生疮、牙龈肿痛、大便燥结。
牛黄解毒片,片剂,清热解毒。用于火热内盛，咽喉肿痛，牙龈肿痛，口舌生疮，目赤肿痛。
牛黄解毒软胶囊,软胶囊,清热解毒。用于火热内盛，咽喉肿痛，牙龈肿痛，口舌生疮，目赤肿痛。
牛黄解毒胶囊,胶囊剂,清热解毒。用于火热内盛，咽喉肿痛，牙龈肿痛，口舌生疮，目赤肿痛。
牛黄消炎片,片剂,清热解毒，消肿止痛。用于热毒蕴结所致的咽喉肿痛、疔、痈、疮疖。
牛黄蛇胆川贝液,口服液,清热、化痰、止咳。用于热痰、燥痰咳嗽，症见咳嗽、痰黄或干咳、咯痰不爽。
牛黄清心丸（局方）,丸剂,清心化痰，镇惊祛风。用于风痰阻窍所致的头晕目眩、痰涎壅盛、神志混乱、言语不清及惊风抽搐、癫痫。
牛黄清宫丸,丸剂,清热解毒，镇惊安神，止渴除烦。用于热入心包、热盛动风证，症见身热烦躁、昏迷、舌赤唇干、谵语狂躁、头痛眩晕、惊悸不安及小儿急热惊风。
牛黄清感胶囊,胶囊剂,疏风解表，清热解毒。用于外感风热，内郁化火所致的感冒发热，咳嗽，咽痛。
牛黄解毒丸,丸剂,清热解毒。用于火热内盛，咽喉肿痛，牙龈肿痛，口舌生疮，目赤肿痛。
牛黄解毒片,片剂,清热解毒。用于火热内盛，咽喉肿痛，牙龈肿痛，口舌生疮，目赤肿痛。
牛黄解毒软胶囊,软胶囊,清热解毒。用于火热内盛，咽喉肿痛，牙龈肿痛，口舌生疮，目赤肿痛。
牛黄解毒胶囊,胶囊剂,清热解毒。用于火热内盛，咽喉肿痛，牙龈肿痛，口舌生疮，目赤肿痛。
牛黄镇惊丸,丸剂,镇惊安神，祛风豁痰。用于小儿惊风，高热抽搐，牙关紧闭，烦躁不安。
气痛丸,丸剂,行气止痛，健胃消滞。用于气机阻滞，脘腹胀痛。
气滞胃痛片,片剂,舒肝理气，和胃止痛。用于肝郁气滞，胸痞胀满，胃脘疼痛。
气滞胃痛颗粒,颗粒剂,舒肝理气，和胃止痛。用于肝郁气滞，胸痞胀满，胃脘疼痛。
升气养元糖浆,糖浆剂,益气，健脾，养血。用于气血不足、脾胃虚弱所致的面色萎黄、四肢乏力。
升血颗粒,颗粒剂,补气养血。用于气血两虚所致的面色淡白、眩晕、心悸、神疲乏力、气短；缺铁性贫血见上述证候者。
片仔癀胶囊,胶囊剂,清热解毒，凉血化瘀，消肿止痛。用于热毒血瘀所致急慢性病毒性肝炎，痈疽疔疮，无名肿毒，跌打损伤及各种炎症。
化积口服液,口服液,健脾导滞，化积除疳。用于脾胃虚弱所致的疳积，症见面黄肌瘦、腹胀腹痛、厌食或食欲不振、大便失调。
化痔栓,栓剂,清热燥湿，收涩止血。用于大肠湿热所致的内外痔、混合痔疮。
化瘀祛斑胶囊,胶囊剂,疏风清热，活血化瘀。用于黄褐斑、酒齄、粉刺属风热瘀阻证者。
化癥回生片,片剂,消癥化瘀。用于瘀血内阻所致的癥积、妇女干血痨、产后血瘀、少腹疼痛拒按。
分清五淋丸,丸剂,清热泻火，利尿通淋。用于湿热下注所致的淋证，症见小便黄赤、尿频尿急、尿道灼热涩痛。
丹七片,片剂,活血化瘀，通脉止痛。用于瘀血闭阻所致的胸痹心痛，眩晕头痛，经期腹痛。
丹灯通脑软胶囊,软胶囊,活血化瘀，祛风通络。用于瘀血阻络所致的中风，中经络证。
丹灯通脑胶囊,胶囊剂,活血化瘀，祛风通络。用于瘀血阻络所致的中风，中经络证。
丹红化瘀口服液,口服液,活血化瘀，行气通络。用于气滞血瘀引起的视物不清、突然不见症；视网膜中央静脉阻塞症的吸收期见上述证候者。
丹参片,片剂,活血化瘀。用于瘀血闭阻所致的胸痹，症见胸部疼痛、痛处固定、舌质紫暗；冠心病心绞痛见上述证候者。
丹香清脂颗粒,颗粒剂,活血化瘀，行气通络，用于高脂血症属气滞血瘀证者。
丹桂香颗粒,颗粒剂,益气温胃，散寒行气，活血止痛。用于脾胃虚寒、气滞血瘀所致的胃脘痞满疼痛、食少纳差、嘈杂嗳气、腹胀；慢性萎缩性胃炎见上述证候者。
丹益片,片剂,活血化瘀，清热利湿。用于慢性非细菌性前列腺炎瘀血阻滞、湿热下注证，症见尿痛、尿频、尿急、尿道灼热、尿后滴沥，舌红苔黄或黄腻或舌质黯或有瘀点瘀斑，脉弦或涩或滑。
丹鹿通督片,片剂,活血通督，益肾通络。用于腰椎管狭窄症（如黄韧带增厚、椎体退行性改变、陈旧性椎间盘突出）属瘀阻督脉型所致的间歇性跛行，腰腿疼痛，活动受限，下肢酸胀疼痛，舌质暗或有瘀斑。
丹蒌片,片剂,宽胸通阳，化痰散结，活血化瘀。用于痰瘀互结所致的胸痹心痛，症见胸闷胸痛，憋气，舌质紫暗，苔白腻；冠心病心绞痛见上述证候者。
丹膝颗粒,颗粒剂,养阴平肝，熄风通络，清热除烦。用于中风病中经络恢复期瘀血阻络兼肾虚证，症见半身不遂，口舌歪斜，舌强语謇，偏身麻木，头晕目眩，腰膝酸软，脑梗塞恢复期见上述证候者。
风热清口服液,口服液,清热解毒，宣肺透表，利咽化痰。用于外感风热所致的感冒，症见发热、微恶风寒、头痛、咳嗽、咽痛；急性上呼吸道感染见上述证候者。
风痛安胶囊,胶囊剂,清热利湿，活血通络。用于湿热阻络所致的痹病，症见关节红肿热痛、肌肉酸楚；风湿性关节炎见上述证候者。
风湿马钱片,片剂,祛风除湿，活血祛瘀，通络止痛。用于风湿闭阻、瘀血阻络所致的痹病，症见关节疼痛、刺痛或疼痛较甚；风湿性关节炎、类风湿关节炎、坐骨神经痛见上述证候者。
风湿定片,片剂,散风除湿，通络止痛。用于风湿阻络所致的痹病，症见关节疼痛；风湿性关节炎，类风湿关节炎，肋神经痛，坐骨神经痛见上述证候者。
风湿骨痛片,片剂,温经散寒，通络止痛。用于寒湿闭阻经络所致的痹病，症见腰脊疼痛、四肢关节冷痛；风湿性关节炎见上述证候者。
风湿骨痛胶囊,胶囊剂,温经散寒，通络止痛。用于寒湿闭阻经络所致的痹病，症见腰脊疼痛、四肢关节冷痛；风湿性关节炎见上述证候者。
风寒双离拐片,片剂,祛风散寒，活血通络。用于风寒闭阻，瘀血阻络所致的痹病，症见关节疼痛、腰腿疼痛、冷痛或刺痛、局部畏寒恶风、四肢麻木、屈伸不利。
风寒咳嗽丸,丸剂,宣肺散寒，祛痰止咳。用于外感风寒、肺气不宣所致的咳喘，症见头痛鼻塞、痰多咳嗽、胸闷气喘。
风寒咳嗽颗粒,颗粒剂,宣肺散寒，祛痰止咳。用于外感风寒、肺气不宣所致的咳喘，症见头痛鼻塞、痰多咳嗽、胸闷气喘。
乌贝散,散剂,制酸止痛，收敛止血。用于肝胃不和所致的胃脘疼痛、泛吐酸水、嘈杂似饥；胃及十二指肠溃疡见上述证候者。
乌贝颗粒,颗粒剂,制酸止痛，收敛止血。用于肝胃不和所致的胃脘疼痛、泛吐酸水、嘈杂似饥；胃及十二指肠溃疡见上述证候者。
乌军治胆片,片剂,疏肝解郁，利胆排石，泄热止痛。用于肝胆湿热所致的胁痛、胆胀，症见胁肋胀痛、发热、尿黄；胆囊炎、胆道感染或胆道术后见上述证候者。
乌灵胶囊,胶囊剂,补肾健脑，养心安神。用于心肾不交所致的失眠、健忘、心悸心烦、神疲乏力、腰膝酸软、头晕耳鸣、少气懒言、脉细或沉无力；神经衰弱见上述证候者。
乌鸡白凤丸,丸剂,补气养血，调经止带。用于气血两虚，身体瘦弱，腰膝酸软，月经不调，崩漏带下。
乌鸡白凤片,片剂,补气养血，调经止带。用于气血两虚，身体瘦弱，腰膝酸软，月经不调，崩漏带下。
乌鸡白凤颗粒,颗粒剂,补气养血，调经止带。用于气血两虚，身体瘦弱，腰膝酸软，月经不调，崩漏带下。
乌梅丸,丸剂,缓肝调中，清上温下。用于蛔厥，久痢，厥阴头痛，症见腹痛下痢、巅顶头痛、时发时止、躁烦呕吐、手足厥冷。
乌蛇止痒丸,丸剂,养血祛风，燥湿止痒。用于风湿热邪蕴于肌肤所致的瘾疹、风瘙痒，症见皮肤风团色红、时隐时现、瘙痒难忍，或皮肤瘙痒不止、皮肤干燥、无原发皮疹；慢性荨麻疹、皮肤瘙痒症见上述证候者。
六一散,散剂,清暑利湿。用于感受暑湿所致的发热、身倦、口渴、泄泻、小便黄少；外用治痱子。
六合定中丸,丸剂,祛暑除湿，和中消食。用于夏伤暑湿，宿食停滞，寒热头痛，胸闷恶心，吐泻腹痛。
六君子丸,丸剂,补脾益气，燥湿化痰。用于脾胃虚弱，食量不多，气虚痰多，腹胀便溏。
六味木香散,散剂,开郁行气止痛。用于寒热错杂、气滞中焦所致的胃脘痞满疼痛、吞酸嘈杂、嗳气腹胀、腹痛、大便不爽。
六味地黄丸,丸剂,滋阴补肾。用于肾阴亏损，头晕耳鸣，腰膝酸软，骨蒸潮热，盗汗遗精，消渴。
六味地黄丸（浓缩丸）,丸剂,滋阴补肾。用于肾阴亏损，头晕耳鸣，腰膝酸软，骨蒸潮热，盗汗遗精，消渴。
六味地黄软胶囊,软胶囊,滋阴补肾。用于肾阴亏损，头晕耳鸣，腰膝酸软，骨蒸潮热，盗汗遗精，消渴。
六味地黄胶囊,胶囊剂,滋阴补肾。用于肾阴亏损，头晕耳鸣，腰膝酸软，骨蒸潮热，盗汗遗精，消渴。
六味地黄颗粒,颗粒剂,滋阴补肾。用于肾阴亏损，头晕耳鸣，腰膝酸软，骨蒸潮热，盗汗遗精，消渴。
六味安消胶囊,胶囊剂,和胃健脾，消积导滞，活血止痛。用于胃痛胀满、消化不良、便秘、痛经。
六味安消散,散剂,和胃健脾，消积导滞，活血止痛。用于脾胃不和、积滞内停所致的胃痛胀满、消化不良、便秘、痛经。
六味香连胶囊,胶囊剂,祛暑散寒，化滞止痢。用于肠胃食滞，红白痢疾，腹痛下坠，小便不利。
心可舒片,片剂,活血化瘀，行气止痛。用于气滞血瘀引起的胸闷、心悸、头晕、头痛、颈项疼痛；冠心病心绞痛、高血脂、高血压、心律失常见上述证候者。
心宁片,片剂,理气止痛，活血化瘀。用于气滞血瘀所致胸痹，症见胸闷、胸痛、心悸、气短；冠心病心绞痛见上述证候者。
心血宁片,片剂,活血化瘀，通络止痛。用于瘀血阻络引起的胸痹、心痛、眩晕；冠心病心绞痛、高血压、高脂血症等见上述证候者。
心血宁胶囊,胶囊剂,活血化瘀，通络止痛。用于瘀血阻络引起的胸痹、心痛、眩晕；冠心病心绞痛、高血压、高脂血症等见上述证候者。
心安宁片,片剂,养阴宁心，化瘀通络，降血脂。用于血脂过高，心绞痛以及高血压引起的头痛、头晕、耳鸣、心悸。
心荣口服液,口服液,助阳，益气，养阴。用于心阳不振、气阴两虚所致的胸痹，症见胸闷隐痛、心悸气短、头晕目眩、倦怠懒言、面色少华；冠心病见上述证候者。
心速宁胶囊,胶囊剂,清热化痰，宁心定悸。用于痰热扰心所致的心悸，胸闷，心烦，易惊，口干口苦，失眠多梦，眩晕，脉结代；冠心病、病毒性心肌炎引起的轻、中度室性过早搏动见上述证候者。
心悦胶囊,胶囊剂,益气养心，和血。用于冠心病心绞痛属于气阴两虚证者。
心脑宁胶囊,胶囊剂,活血行气，通络止痛。用于气滞血瘀的胸痹，头痛，眩晕，症见胸闷刺痛，心悸不宁，头晕目眩；冠心病、脑动脉硬化见上述证候者。
心脑健片,片剂,清利头目，醒神健脑，化浊降脂。用于头晕目眩，胸闷气短，倦怠乏力，精神不振，记忆力减退。亦可用于心血管病伴高纤维蛋白原症及动脉粥样硬化，肿瘤放疗、化疗所致的白细胞减少症。
心脑健胶囊,胶囊剂,清利头目，醒神健脑，化浊降脂。用于头晕目眩，胸闷气短，倦怠乏力，精神不振，记忆力减退。亦可用于心血管病伴高纤维蛋白原症及动脉粥样硬化，肿瘤放疗、化疗所致的白细胞减少症。
心脑康片,片剂,活血化瘀，通窍止痛。用于瘀血阻络所致的胸痹、眩晕，症见胸闷、心前区刺痛、眩晕、头痛；冠心病心绞痛、脑动脉硬化见上述证候者。
心脑康胶囊,胶囊剂,活血化瘀，通窍止痛。用于瘀血阻络所致的胸痹、眩晕，症见胸闷、心前区刺痛、眩晕、头痛；冠心病心绞痛、脑动脉硬化见上述证候者。
心脑静片,片剂,平肝潜阳，清心安神。用于肝阳上亢所致的眩晕及中风，症见头晕目眩、烦躁不宁、言语不清、手足不遂。也可用于高血压肝阳上亢证。
心通口服液,口服液,益气活血，化痰通络。用于气阴两虚、痰瘀痹阻所致的胸痹，症见心痛、胸闷、气短、呕恶、纳呆；冠心病心绞痛见上述证候者。
心舒宁片,片剂,活血化瘀。用于心脉瘀阻所致的胸痹、心痛、冠心病心绞痛、冠状动脉供血不全见上述证候者。
心舒胶囊,胶囊剂,行气活血，通窍，解郁。用于冠心病引起的胸闷气短，心绞痛。
双丹口服液,口服液,活血化瘀，通脉止痛。用于瘀血痹阻所致的胸痹，症见胸闷、心痛。
双虎清肝颗粒,颗粒剂,清热利湿，化痰宽中，理气活血。用于湿热内蕴所致的胃脘痞闷、口干不欲饮、恶心厌油、食少纳差、胁肋隐痛、腹部胀满、大便黏滞不爽或臭秽，或身目发黄，舌质暗、边红，舌苔厚腻或腻，脉弦滑或弦数者；慢性乙型肝炎见上述证候者。
双金连合剂,口服液,辛凉解表，清热解毒。用于外感风邪感冒引起的发热、疼痛、咳嗽。
双黄连口服液,口服液,疏风解表，清热解毒。用于外感风热所致的感冒，症见发热、咳嗽、咽痛。
双黄连片,片剂,疏风解表，清热解毒。用于外感风热所致的感冒，症见发热、咳嗽、咽痛。
双黄连栓,栓剂,疏风解表，清热解毒。用于外感风热所致的感冒，症见发热、咳嗽、咽痛；上呼吸道感染、肺炎见上述证候者。
双黄连胶囊,胶囊剂,疏风解表，清热解毒。用于外感风热所致的感冒，症见发热、咳嗽、咽痛。
双黄连颗粒,颗粒剂,疏风解表，清热解毒。用于外感风热所致的感冒，症见发热、咳嗽、咽痛。
双黄连滴眼剂,洗剂,驱风清热，解毒退翳。用于风邪热毒型单纯疱疹病毒性树枝状角膜炎。
玉泉胶囊,胶囊剂,养阴益气，生津止渴，清热除烦。主治气阴不足，口渴多饮，消食善饥；糖尿病属上述证候者。
玉泉颗粒,颗粒剂,养阴益气，生津止渴，清热除烦。主治气阴不足，口渴多饮，消食善饥；糖尿病属上述证候者。
玉屏风口服液,口服液,益气，固表，止汗。用于表虚不固，自汗恶风，面色㿠白，或体虚易感风邪者。
玉屏风胶囊,胶囊剂,益气，固表，止汗。用于表虚不固，自汗恶风，面色㿠白，或体虚易感风邪者。
玉屏风袋泡茶,茶剂,益气，固表，止汗。用于表虚不固，自汗恶风，面色㿠白，或体虚易感风邪者。
玉屏风颗粒,颗粒剂,益气，固表，止汗。用于表虚不固，自汗恶风，面色㿠白，或体虚易感风邪者。
玉真散,散剂,熄风，镇痉，解痛。用于金创受风所致的破伤风，症见筋脉拘急、手足抽搐，亦可外治跌扑损伤。
正天丸,丸剂,疏风活血，养血平肝，通络止痛。用于外感风邪、瘀血阻络、血虚失养、肝阳上亢引起的偏头痛、紧张性头痛、神经性头痛、颈椎病型头痛、经前头痛。
正天胶囊,胶囊剂,疏风活血，养血平肝，通络止痛。用于外感风寒、瘀血阻络、血虚失养、肝阳上亢引起的多种头痛，神经性头痛，颈椎病型头痛，经前头痛。
正气片,片剂,发散风寒，化湿和中。用于伤风感冒，头痛胸闷，吐泻腹胀。
正心降脂片,片剂,益气活血，祛痰降浊。用于气虚血瘀，痰浊蕴结所致的胸痹、心痛、头痛、眩晕。
正心泰片,片剂,补气活血，化瘀通络。用于气虚血瘀所致的胸痹，症见胸痛、胸闷、心悸、气短、乏力；冠心病心绞痛见上述证候者。
正心泰胶囊,胶囊剂,补气活血，化瘀通络。用于气虚血瘀所致的胸痹，症见胸痛、胸闷、心悸、气短、乏力；冠心病心绞痛见上述证候者。
正金油软膏,膏剂,驱风兴奋，局部止痛、止痒。用于中暑头晕，伤风鼻塞，蚊叮虫咬。
正柴胡饮颗粒,颗粒剂,发散风寒，解热止痛。用于外感风寒所致的发热恶寒、无汗、头痛、鼻塞、喷嚏、咽痒咳嗽、四肢酸痛；流感初起、轻度上呼吸道感染见上述证候者。
功劳去火片,片剂,清热解毒。用于实热火毒所致的急性咽喉炎、急性胆囊炎、急性肠炎。
甘桔冰梅片,片剂,清热开音。用于风热犯肺引起的失音声哑；风热犯肺引起的急性咽炎出现的咽痛、咽干灼热、咽黏膜充血等。
甘露消毒丸,丸剂,芳香化湿，清热解毒。用于暑湿蕴结，身热肢酸，胸闷腹胀，尿赤黄疸。
艾附暖宫丸,丸剂,理气养血，暖宫调经。用于血虚气滞、下焦虚寒所致的月经不调、痛经，症见行经后错、经量少、有血块、小腹疼痛、经行小腹冷痛喜热、腰膝酸痛。
艽龙胶囊,胶囊剂,清肝泄热。用于功能性消化不良属肝胃郁热证者，症见胃脘饱胀、脘部烧灼、口干口苦。
左金丸,丸剂,泻火，疏肝，和胃，止痛。用于肝火犯胃，脘胁疼痛，口苦嘈杂，呕吐酸水，不喜热饮。
左金胶囊,胶囊剂,泻火，疏肝，和胃，止痛。用于肝火犯胃，脘胁疼痛，口苦嘈杂，呕吐酸水，不喜热饮。
石斛夜光丸,丸剂,滋阴补肾，清肝明目。用于肝肾两亏，阴虚火旺，内障目暗，视物昏花。
石淋通片,片剂,清热利尿，通淋排石。用于湿热下注所致的热淋、石淋，症见尿频、尿急、尿痛或尿有砂石；尿路结石、肾盂肾炎见上述证候者。
石榴健胃散,散剂,温胃益火，化滞除湿，温通脉道。用于消化不良、食欲不振、寒性腹泻等。
右归丸,丸剂,温补肾阳，填精止遗。用于肾阳不足，命门火衰，腰膝酸冷，精神不振，怯寒畏冷，阳痿遗精，大便溏薄，尿频而清。
龙牡壮骨颗粒,颗粒剂,强筋壮骨，和胃健脾。用于治疗和预防小儿佝偻病、软骨病；对小儿多汗、夜惊、食欲不振、消化不良、发育迟缓也有治疗作用。
龙泽熊胆胶囊,胶囊剂,清热散风，止痛退翳。用于风热或肝经湿热引起的目赤肿痛、羞明多泪。
龙胆泻肝丸（水丸）,丸剂,清肝胆，利湿热。用于肝胆湿热，头晕目赤，耳鸣耳聋，耳肿疼痛，胁痛口苦，尿赤涩痛，湿热带下。
戊己丸,丸剂,泻肝和胃，降逆止呕。用于肝火犯胃、肝胃不和所致的胃脘灼热疼痛、呕吐吞酸、口苦嘈杂、腹痛泄泻。
平肝舒络丸,丸剂,平肝疏络，活血祛风。用于肝气郁结、经络不疏引起的胸胁胀痛、肩背串痛、手足麻木、筋脉拘挛。
平消片,片剂,活血化瘀，散结消肿，解毒止痛。对毒瘀内结所致的肿瘤患者具有缓解症状，缩小瘤体，提高机体免疫力，延长患者生存时间的作用。
平消胶囊,胶囊剂,活血化瘀，散结消肿，解毒止痛。对毒瘀内结所致的肿瘤患者具有缓解症状，缩小瘤体，提高机体免疫力，延长患者生存时间的作用。
北芪五加片,片剂,益气健脾，宁心安神。用于心脾两虚、心神不宁所致的失眠多梦、体虚乏力、食欲不振。
北豆根片,片剂,清热解毒，止咳，祛痰。用于咽喉肿痛，扁桃体炎，慢性支气管炎。
北豆根胶囊,胶囊剂,清热解毒，止咳，祛痰。用于咽喉肿痛，扁桃体炎，慢性支气管炎。
归芍地黄丸,丸剂,滋肝肾，补阴血，清虚热。用于肝肾两亏，阴虚血少，头晕目眩，耳鸣咽干，午后潮热，腰腿酸痛，足跟疼痛。
归脾丸,丸剂,益气健脾，养血安神。用于心脾两虚，气短心悸，失眠多梦，头昏头晕，肢倦乏力，食欲不振，崩漏便血。
归脾丸（水丸）,丸剂,益气健脾，养血安神。用于心脾两虚，气短心悸，失眠多梦，头昏头晕，肢倦乏力，食欲不振，崩漏便血。
归脾丸（浓缩丸）,丸剂,益气健脾，养血安神。用于心脾两虚，气短心悸，失眠多梦，头昏头晕，肢倦乏力，食欲不振，崩漏便血。
归脾合剂,口服液,益气健脾，养血安神。用于心脾两虚，气短心悸，失眠多梦，头昏头晕，肢倦乏力，食欲不振，崩漏便血。
归脾颗粒,颗粒剂,益气健脾，养血安神。用于心脾两虚，气短心悸，失眠多梦，头昏头晕，肢倦乏力，食欲不振，崩漏便血。
四方胃片,片剂,调肝和胃，制酸止痛。用于肝胃不和所致的胃脘疼痛、呕吐吞酸、食少便溏；消化不良、胃及十二指肠溃疡见上述证候者。
四方胃胶囊,胶囊剂,疏肝和胃，制酸止痛。用于肝胃不和所致的胃脘疼痛、呕吐吞酸、食少便溏；消化不良、胃及十二指肠溃疡见上述证候者。
四正丸,丸剂,祛暑解表，化湿止泻。用于内伤湿滞，外感风寒，头晕身重，恶寒发热，恶心呕吐，饮食无味，腹胀泄泻。
四君子丸,丸剂,益气健脾。用于脾胃气虚，胃纳不佳，食少便溏。
四君子颗粒,颗粒剂,益气健脾。用于脾胃气虚，胃纳不佳，食少便溏。
四妙丸,丸剂,清热利湿。用于湿热下注所致的痹病，症见足膝红肿、筋骨疼痛。
四味土木香散,散剂,清瘟解表。用于瘟病初期，发冷发热、头痛咳嗽、咽喉肿痛、胸胁作痛。
四味珍层冰硼滴眼液,洗剂,清热解痉，去翳明目。用于肝阴不足、肝气偏盛所致的不能久视、轻度眼胀、眼痛、青少年远视力下降；青少年假性近视、视力疲劳、轻度青光眼见上述证候者。
四制香附丸,丸剂,理气和血，补血调经。用于血虚气滞，月经不调，胸腹胀痛。
四物合剂,口服液,养血调经。用于血虚所致的面色萎黄、头晕眼花、心悸气短及月经不调。
四物颗粒,颗粒剂,养血调经。用于血虚所致的面色萎黄、头晕眼花、心悸气短及月经不调。
四物益母丸,丸剂,补血，活血，调经。用于血虚血滞，月经不调。
四季感冒片,片剂,解表清热。用于四季风寒感冒引起的发热头痛，鼻流清涕，咳嗽口干，咽喉疼痛，恶心厌食。
四季感冒胶囊,胶囊剂,解表清热。用于四季风寒感冒引起的发热头痛，鼻流清涕，咳嗽口干，咽喉疼痛，恶心厌食。
四逆汤,口服液,温中祛寒，回阳救逆。用于阳虚欲脱，冷汗自出，四肢厥逆，下利清谷，脉微欲绝。
四神丸,丸剂,温肾散寒，涩肠止泻。用于肾阳不足所致的泄泻，症见肠鸣腹胀、五更溏泻、食少不化、久泻不止、面黄肢冷。
四神片,片剂,温肾散寒，涩肠止泻。用于肾阳不足所致的泄泻，症见肠鸣腹胀、五更溏泻、食少不化、久泻不止、面黄肢冷。
生白合剂（生白口服液）,口服液,温肾健脾，补益气血。用于癌症放、化疗引起的白细胞减少属脾肾阳虚，气血不足证候者，症见神疲乏力，少气懒言，畏寒肢冷，纳差便溏，腰膝酸软。
生发搽剂,搽剂,温经通脉。用于经络阻隔、气血不畅所致的油风，症见头部毛发成片脱落、头皮光亮、无痛痒；斑秃见上述证候者。
生血宝合剂,口服液,滋补肝肾，益气生血。用于肝肾不足、气血两虚所致的神疲乏力、腰膝酸软、头晕耳鸣、心悸、气短、失眠、咽干、纳差食少；放、化疗所致的白细胞减少，缺铁性贫血见上述证候者。
生血宝颗粒,颗粒剂,滋补肝肾，益气生血。用于肝肾不足、气血两虚所致的神疲乏力、腰膝酸软、头晕耳鸣、心悸、气短、失眠、咽干、纳差食少；放、化疗所致的白细胞减少，缺铁性贫血见上述证候者。
生脉饮,口服液,益气复脉，养阴生津。用于气阴两亏，心悸气短，脉微自汗。
生脉胶囊,胶囊剂,益气复脉，养阴生津。用于气阴两亏，心悸气短，脉微自汗。
代温灸膏,膏剂,温通经脉，散寒镇痛。用于风寒阻络所致的痹病，症见腰背、四肢关节冷痛；寒伤脾胃所致的脘腹冷痛、虚寒泄泻；慢性风湿性关节炎、慢性胃肠炎见上述证候者。
白带丸,丸剂,清热，除湿，止带。用于湿热下注所致的带下病，症见带下量多、色黄、有味。
白蚀丸,丸剂,补益肝肾，活血祛瘀，养血驱风。用于肝肾不足、血虚风盛所致的白癜风，症见白斑色乳白、多有对称、边界清楚，病程较久，伴有头晕目眩、腰膝酸痛。
白蒲黄片,片剂,清热燥湿，解毒凉血。用于大肠湿热、热毒壅盛所致的痢疾、泄泻，症见里急后重、便下脓血；肠炎、痢疾见上述证候者。
白癜风胶囊,胶囊剂,活血行滞，祛风解毒。用于经络阻隔、气血不畅所致的白癜风，症见白斑散在分布、色泽苍白、边界较明显。
瓜霜退热灵胶囊,胶囊剂,清热解毒，开窍镇惊。用于热病热入心包、肝风内动证，症见高热、惊厥、抽搐、咽喉肿痛。
乐儿康糖浆,糖浆剂,益气健脾，和中开胃。用于脾胃气虚所致的食欲不振、面黄、身瘦；厌食症、营养不良症见上述证候者。
乐脉丸,丸剂,行气活血，化瘀通脉。用于气滞血瘀所致的头痛、眩晕、胸痛、心悸；冠心病心绞痛、多发性脑梗死见上述证候者。
乐脉片,片剂,行气活血，化瘀通脉。用于气滞血瘀所致的头痛、眩晕、胸痛、心悸；冠心病心绞痛、多发性脑梗死见上述证候者。
乐脉胶囊,胶囊剂,行气活血，化瘀通脉。用于气滞血瘀所致的头痛、眩晕、胸痛、心悸；冠心病心绞痛、多发性脑梗死见上述证候者。
乐脉颗粒,颗粒剂,行气活血，化瘀通脉。用于气滞血瘀所致的头痛、眩晕、胸痛、心悸；冠心病心绞痛、多发性脑梗死见上述证候者。
外伤如意膏,膏剂,清热解毒，凉血散瘀，消肿止痛，止血生肌。用于跌打损伤，骨折脱臼，筋伤积瘀，皮肉损伤化脓，烫火伤。
外感风寒颗粒,颗粒剂,解表散寒，退热止咳。用于风寒感冒，恶寒发热，头痛项强，全身酸疼，鼻塞流清涕，咳嗽，苔薄白，脉浮。
冬凌草片,片剂,清热解毒，消肿散结，利咽止痛。用于热毒壅盛所致咽喉肿痛、声音嘶哑；扁桃体炎、咽炎、口腔炎见上述证候者及癌症的辅助治疗。
宁神补心片,片剂,养血安神，滋补肝肾。用于肝肾阴血不足所致的头昏、耳鸣、心悸、健忘、失眠。
冯了性风湿跌打药酒,酒剂,祛风除湿，活血止痛。用于风寒湿痹，手足麻木，腰腿酸痛；跌扑损伤，瘀滞肿痛。
玄麦甘桔含片,片剂,清热滋阴，祛痰利咽。用于阴虚火旺，虚火上浮，口鼻干燥，咽喉肿痛。
玄麦甘桔胶囊,胶囊剂,清热滋阴，祛痰利咽。用于阴虚火旺，虚火上浮，口鼻干燥，咽喉肿痛。
玄麦甘桔颗粒,颗粒剂,清热滋阴，祛痰利咽。用于阴虚火旺，虚火上浮，口鼻干燥，咽喉肿痛。
半夏天麻丸,丸剂,健脾祛湿，化痰息风。用于脾虚湿盛、痰浊内阻所致的眩晕、头痛、如蒙如裹、胸脘满闷。
汉桃叶片,片剂,祛风止痛，舒筋活络。用于三叉神经痛，坐骨神经痛，风湿关节痛。
加味左金丸,丸剂,平肝降逆，疏郁止痛。用于肝郁化火、肝胃不和引起的胸脘痞闷、急躁易怒、嗳气吞酸、胃痛少食。
加味生化颗粒,颗粒剂,活血化瘀，温经止痛。用于瘀血不尽，冲任不固所致的产后恶露不绝，症见恶露不止、色紫暗或有血块、小腹冷痛。
加味香连丸,丸剂,清热祛湿，化滞止痛。用于大肠湿热所致的痢疾，症见大便脓血、腹痛下坠、里急后重。
加味逍遥口服液（合剂）,口服液,舒肝清热，健脾养血。用于肝郁血虚、肝脾不和所致的两胁胀痛、头晕目眩、倦怠食少、月经不调、脐腹胀痛；更年期综合征见上述证候者。
加味逍遥丸,丸剂,舒肝清热，健脾养血。用于肝郁血虚，肝脾不和，两胁胀痛，头晕目眩，倦怠食少，月经不调，脐腹胀痛。
加味藿香正气合剂（藿香正气合剂）,口服液,解表化湿，理气和中。用于外感风寒，内伤湿滞证，症见头痛昏重、胸膈痞闷、脘腹胀痛、呕吐泄泻；胃肠型感冒见上述证候者。
加味藿香正气软胶囊,软胶囊,解表化湿，理气和中。用于外感风寒，内伤湿滞证，症见头痛昏重、胸膈痞闷、脘腹胀痛、呕吐泄泻；胃肠型感冒见上述证候者。
孕康合剂（孕康口服液）,口服液,健脾固肾，养血安胎。用于肾虚型和气血虚弱型先兆流产和习惯性流产。
孕康颗粒,颗粒剂,健脾固肾，养血安胎。用于肾虚型和气血虚弱型先兆流产和习惯性流产。
老年咳喘片,片剂,补气壮阳，扶正固本。用于老年慢性支气管炎等虚证。
老鹳草软膏,膏剂,除湿解毒，收敛生肌。用于湿毒蕴结所致的湿疹、痈、疔、疮、疖及小面积水、火烫伤。
地奥心血康胶囊,胶囊剂,活血化瘀，行气止痛，扩张冠脉血管，改善心肌缺血。用于预防和治疗冠心病，心绞痛以及瘀血内阻之胸痹、眩晕、气短、心悸、胸闷或痛。
地榆槐角丸,丸剂,疏风凉血，泻热润燥。用于脏腑实热、大肠火盛所致的肠风便血、痔疮肛瘘、湿热便秘、肛门肿痛。
耳聋丸,丸剂,清肝泻火，利湿通窍。用于肝胆湿热所致的头晕头痛、耳聋耳鸣、耳内流脓。
耳聋左慈丸,丸剂,滋肾平肝。用于肝肾阴虚，耳鸣耳聋，头晕目眩。
芎菊上清丸,丸剂,清热解表，散风止痛。用于外感风邪引起的恶风身热、偏正头痛、鼻流清涕、牙疼喉痛。
芎菊上清丸（水丸）,丸剂,清热解表，散风止痛。用于外感风邪引起的恶风身热、偏正头痛、鼻流清涕、牙疼喉痛。
芎菊上清片,片剂,清热解表，散风止痛。用于外感风邪引起的恶风身热、偏正头痛、鼻流清涕、牙疼喉痛。
朴沉化郁丸,丸剂,疏肝解郁，开胃消食。用于肝气郁滞、肝胃不和所致的胃脘刺痛、胸腹胀满、恶心呕吐、停食停水、气滞闷郁。
再造生血片,片剂,补肝益肾，补气养血。用于肝肾不足、气血两虚所致的血虚虚劳，症见心悸气短、头晕目眩、倦怠乏力、腰膝酸软、面色苍白、唇甲色淡或伴出血；再生障碍性贫血、缺铁性贫血见上述证候者。
再造生血胶囊,胶囊剂,补肝益肾，补气养血。用于肝肾不足，气血两虚所致的血虚虚劳，症见心悸气短、头晕目眩、倦怠乏力、腰膝酸软、面色苍白、唇甲色淡或伴出血；再生障碍性贫血、缺铁性贫血见上述证候者。
西瓜霜润喉片,片剂,清音利咽，消肿止痛。用于防治咽喉肿痛，声音嘶哑，喉痹，喉痈，喉蛾，口糜，口舌生疮，牙痈；急、慢性咽喉炎，急性扁桃体炎，口腔溃疡，口腔炎，牙龈肿痛。
西汉养生口服液,口服液,滋补肝肾，健脑安神。用于肝肾亏损所致的头晕头昏，健忘失眠，腰膝酸软，夜尿频作。
西青果茶,茶剂,清热，利咽，生津。用于阴虚内热、伤津所致咽干、咽痛、咽部充血；慢性咽炎、慢性扁桃体炎见上述证候者。
西青果颗粒,颗粒剂,清热，利咽，生津。用于阴虚内热伤津所致咽干、咽痛、咽部充血；慢性咽炎、慢性扁桃体炎见上述证候者。
西黄丸,丸剂,清热解毒，消肿散结。用于热毒壅结所致的痈疽疔毒、瘰疬，流注、癌肿。
百合固金口服液,口服液,养阴润肺，化痰止咳。用于肺肾阴虚，燥咳少痰，痰中带血，咽干喉痛。
百合固金丸,丸剂,养阴润肺，化痰止咳。用于肺肾阴虚，燥咳少痰，痰中带血，咽干喉痛。
百合固金丸（浓缩丸）,丸剂,养阴润肺，化痰止咳。用于肺肾阴虚，燥咳少痰，痰中带血，咽干喉痛。
百合固金片,片剂,养阴润肺，化痰止咳。用于肺肾阴虚，燥咳少痰，痰中带血，咽干喉痛。
百合固金颗粒,颗粒剂,养阴润肺，化痰止咳。用于肺肾阴虚，燥咳少痰，痰中带血，咽干喉痛。
百咳静糖浆,糖浆剂,清热化痰，止咳平喘。用于外感风热所致的咳嗽、咯痰；感冒，急、慢性支气管炎，百日咳见上述证候者。
达立通颗粒,颗粒剂,清热解郁，和胃降逆，通利消滞。用于肝胃郁热所致痞满证，症见胃脘胀满、嗳气、纳差、胃中灼热、嘈杂泛酸、脘腹疼痛、口干口苦；动力障碍型功能性消化不良见上述症状者。
当飞利肝宁胶囊,胶囊剂,清利湿热，益肝退黄。用于湿热郁蒸而致的黄疸，急性黄疸型肝炎，传染性肝炎，慢性肝炎而见湿热证候者。另还可用于非酒精性单纯性脂肪肝湿热内蕴证者，症见脘腹痞闷、口干口苦、右肋胀痛或不适、身重困倦、恶心、大便秘结、小便黄、舌质红苔黄腻，脉滑数。
当归龙荟丸,丸剂,泻火通便。用于肝胆火旺，心烦不宁，头晕目眩，耳鸣耳聋，胁肋疼痛，脘腹胀痛，大便秘结。
当归补血口服液,口服液,补养气血。用于气血两虚证。
当归拈痛丸,丸剂,清热利湿，祛风止痛。用于湿热闭阻所致的痹病，症见关节红肿热痛或足胫红肿热痛；亦可用于疮疡。
当归养血丸,丸剂,益气养血调经。用于气血两虚所致的月经不调，症见月经提前、经血量少或量多、经期延长、肢体乏力。
当归调经颗粒,颗粒剂,补血助气，调经。用于贫血衰弱，病后、产后血虚以及月经不调，痛经。
仲景胃灵丸,丸剂,温中散寒，健胃止痛。用于脾胃虚弱，食欲不振，寒凝胃痛，脘腹胀满，呕吐酸水或清水。
伤疖膏,膏剂,清热解毒，消肿止痛。用于热毒蕴结肌肤所致的疮疡，症见红、肿、热、痛、未溃破。亦用于乳腺炎、静脉炎及其他皮肤创伤。
伤科接骨片,片剂,活血化瘀，消肿止痛，舒筋壮骨。用于跌打损伤，闪腰岔气，筋伤骨折，瘀血肿痛。
伤痛宁片,片剂,散瘀止痛。用于跌打损伤，闪腰挫气，症见皮肤青紫、瘀斑、肿胀、疼痛、活动受限。
伤湿止痛膏,膏剂,祛风湿，活血止痛。用于风湿性关节炎，肌肉疼痛，关节肿痛。
血府逐瘀口服液,口服液,活血祛瘀，行气止痛。用于气滞血瘀所致的胸痹、头痛日久、痛如针刺而有定处、内热烦闷、心悸失眠、急躁易怒。
血府逐瘀丸,丸剂,活血祛瘀，行气止痛。用于气滞血瘀所致的胸痛、头痛日久、痛如针刺而有定处、内热烦闷、心悸失眠、急躁易怒。
血府逐瘀胶囊,胶囊剂,活血祛瘀，行气止痛。用于气滞血瘀所致的胸痹、头痛日久、痛如针刺而有定处、内热烦闷、心悸失眠、急躁易怒。
血美安胶囊,胶囊剂,清热养阴，凉血活血。用于原发性血小板减少性紫癜血热伤阴挟瘀证，症见皮肤紫癜、齿衄、鼻衄、妇女月经过多、口渴、烦热、盗汗。
血栓心脉宁片,片剂,益气活血，开窍止痛。用于气虚血瘀所致的中风、胸痹，症见头晕目眩、半身不遂、胸闷心痛、心悸气短；缺血性中风恢复期、冠心病心绞痛见上述证候者。
血栓心脉宁胶囊,胶囊剂,益气活血，开窍止痛。用于气虚血瘀所致的中风、胸痹，症见头晕目眩、半身不遂、胸闷心痛、心悸气短；缺血性中风恢复期、冠心病心绞痛见上述证候者。
血栓通胶囊,胶囊剂,活血祛瘀，通脉活络。用于脑络瘀阻引起的中风偏瘫，心脉瘀阻引起的胸痹心痛；脑梗塞，冠心病心绞痛见上述证候者。
血脂宁丸,丸剂,化浊降脂，润肠通便。用于痰浊阻滞型高脂血症，症见头昏胸闷、大便干燥。
血脂灵片,片剂,化浊降脂，润肠通便。用于痰浊阻滞型高脂血症，症见头昏胸闷、大便干燥。
血康口服液,口服液,活血化瘀，消肿散结，凉血止血。用于血热妄行，皮肤紫斑；原发性及继发性血小板减少性紫癜。
血滞通胶囊,胶囊剂,通阳散结，行气导滞。用于高脂血症血瘀痰阻所致的胸闷、乏力、腹胀。
血塞通片,片剂,活血祛瘀，通脉活络，抑制血小板聚集和增加脑血流量。用于脑络瘀阻，中风偏瘫，心脉瘀阻，胸痹心痛；脑血管病后遗症，冠心病心绞痛属上述证候者。
血塞通胶囊,胶囊剂,活血祛瘀，通脉活络，抑制血小板聚集和增加脑血流量。用于脑络瘀阻，中风偏瘫，心脉瘀阻，胸痹心痛；脑血管病后遗症，冠心病心绞痛属上述证候者。
血塞通颗粒,颗粒剂,活血祛瘀，通脉活络，抑制血小板聚集和增加脑血流量。用于脑络瘀阻，中风偏瘫，心脉瘀阻，胸痹心痛；脑血管病后遗症，冠心病心绞痛属上述证候者。
全天麻胶囊,胶囊剂,平肝，息风，止痉。用于肝风上扰所致的眩晕、头痛、肢体麻木、癫痫抽搐。
全杜仲胶囊,胶囊剂,补肝肾，强筋骨，降血压。用于肾虚腰痛，腰膝无力；高血压见上述症状者。
全鹿丸,丸剂,补肾填精，健脾益气。用于脾肾两亏所致的老年腰膝酸软、神疲乏力、畏寒肢冷、尿次频数、崩漏带下。
壮骨关节丸,丸剂,补益肝肾，养血活血，舒筋活络，理气止痛。用于肝肾不足、血瘀气滞、脉络痹阻所致的骨性关节炎、腰肌劳损，症见关节肿胀、疼痛、麻木、活动受限。
壮骨伸筋胶囊,胶囊剂,补益肝肾，强筋壮骨，活络止痛。用于肝肾两虚、寒湿阻络所致的神经根型颈椎病，症见肩臂疼痛、麻木、活动障碍。
壮腰健身丸,丸剂,壮腰健肾。用于腰酸腿软，头晕耳鸣，眼花心悸，阳痿遗精。
冰黄肤乐软膏,膏剂,清热燥湿，活血祛风，止痒消炎。用于湿热蕴结或血热风燥引起的皮肤瘙痒；神经性皮炎、湿疹、足癣及银屑病瘙痒性皮肤病见上述证候者。
冰硼散,散剂,清热解毒，消肿止痛。用于热毒蕴结所致的咽喉疼痛、牙龈肿痛、口舌生疮。
庆余辟瘟丹,丹剂,
产复康颗粒,颗粒剂,补气养血，祛瘀生新。用于气虚血瘀所致的产后恶露不绝，症见产后出血过多、淋漓不断、神疲乏力、腰腿酸软。
羊藿三七胶囊,胶囊剂,温阳通脉，化瘀止痛。用于阳虚血瘀所致的胸痹，症见胸痛，胸闷，心悸，乏力，气短等；冠心病，心绞痛属上述证候者。
关节止痛膏,膏剂,活血散瘀，温经镇痛。用于寒湿瘀阻经络所致风湿关节痛及关节扭伤。
灯台叶颗粒,颗粒剂,清热化痰止咳。用于痰热阻肺所致的咳嗽、咯痰；慢性支气管炎、百日咳见上述证候者。
灯盏生脉胶囊,胶囊剂,益气养阴，活血健脑。用于气阴两虚、瘀阻脑络引起的胸痹心痛，中风后遗症，症见痴呆、健忘、手足麻木症；冠心病心绞痛，缺血性心脑血管疾病，高脂血症见上述证候者。
灯盏花素片,片剂,活血化瘀，通经活络。用于脑络瘀阻，中风偏瘫，心脉痹阻，胸痹心痛；中风后遗症及冠心病心绞痛见上述证候者。
灯盏细辛注射液,注射剂,活血祛瘀，通络止痛。用于瘀血阻滞，中风偏瘫，肢体麻木，口眼歪斜，言语謇涩及胸痹心痛；缺血性中风、冠心病心绞痛见上述证候者。
灯盏细辛颗粒,颗粒剂,活血化瘀，通经活络。用于脑络瘀阻，中风偏瘫，心脉痹阻，胸痹心痛；缺血性中风、冠心病心绞痛见上述证候者。
安儿宁颗粒,颗粒剂,清热祛风，化痰止咳。用于小儿风热感冒，咳嗽有痰，发热咽痛，上呼吸道感染见上述证候者。
安中片,片剂,温中散寒，理气止痛，和胃止呕。用于阳虚胃寒所致的胃痛，症见胃痛绵绵、畏寒喜暖、泛吐清水、神疲肢冷；慢性胃炎、胃及十二指肠溃疡见上述证候者。
安阳精制膏,膏剂,消积化癥，逐瘀止痛，舒筋活血，追风散寒。用于癥瘕积聚，风寒湿痹，胃寒疼痛，手足麻木。
安胃片,片剂,行气活血，制酸止痛。用于气滞血瘀所致的胃脘刺痛、吞酸嗳气、脘闷不舒；胃及十二指肠溃疡、慢性胃炎见上述证候者。
安胎丸,丸剂,养血安胎。用于妊娠血虚，胎动不安，面色萎黄，不思饮食，神疲乏力。
安宫止血丸,丸剂,活血化瘀，清热止血。用于瘀热内蕴所致的恶露不净，症见恶露不止、小腹疼痛、口燥咽干；人工流产及产后子宫复位不全见上述证候者。
安宫止血颗粒,颗粒剂,活血化瘀，清热止血。用于瘀热内蕴所致的恶露不净，症见恶露不止、小腹疼痛、口燥咽干；人工流产及产后子宫复位不全见上述证候者。
安宫牛黄丸,丸剂,清热解毒，镇惊开窍。用于热病，邪入心包，高热惊厥，神昏谵语；中风昏迷及脑炎、脑膜炎、中毒性脑病、脑出血、败血症见上述证候者。
安宫牛黄散,散剂,清热解毒，镇惊开窍。用于热病，邪入心包，高热惊厥，神昏谵语；中风昏迷及脑炎、脑膜炎、中毒性脑病、脑出血、败血症见上述证候者。
安宫降压丸,丸剂,清热镇惊，平肝潜阳。用于肝阳上亢、肝火上炎所致的眩晕，症见头晕、目眩、心烦、目赤、口苦、耳鸣耳聋；高血压病见上述证候者。
安神补心丸,丸剂,养心安神。用于心血不足、虚火内扰所致的心悸失眠、头晕耳鸣。
安神补心颗粒,颗粒剂,养心安神。用于心血不足、虚火内扰所致的心悸失眠、头晕耳鸣。
安神补脑液,口服液,生精补髓，益气养血，强脑安神。用于肾精不足、气血两亏所致的头晕、乏力、健忘、失眠；神经衰弱症见上述证候者。
安神宝颗粒,颗粒剂,补肾益精，养心安神。用于失眠健忘，眩晕耳鸣，腰膝酸软。
安神胶囊,胶囊剂,补血滋阴，养心安神。用于阴血不足，失眠多梦，心悸不宁，五心烦热，盗汗耳鸣。
安脑丸,丸剂,清热解毒，醒脑安神，豁痰开窍，镇惊熄风。用于高热神昏，烦躁谵语，抽搐惊厥，中风窍闭，头痛眩晕；高血压、脑中风见上述证候者。
安脑片,片剂,清热解毒，醒脑安神，豁痰开窍，镇惊熄风。用于高热神昏，烦躁谵语，抽搐惊厥，中风窍闭，头痛眩晕；高血压、脑中风见上述证候者。
导赤丸,丸剂,清热泻火，利尿通便。用于火热内盛所致的口舌生疮、咽喉疼痛、心胸烦热、小便短赤、大便秘结。
阳和解凝膏,膏剂,温阳化湿，消肿散结。用于脾肾阳虚、痰瘀互结所致的阴疽、瘰疬未溃、寒湿痹痛。
阴虚胃痛颗粒,颗粒剂,养阴益胃，缓急止痛。用于胃阴不足所致的胃脘隐隐灼痛、口干舌燥、纳呆干呕；慢性胃炎、消化性溃疡见上述证候者。
防风通圣丸,丸剂,解表通里，清热解毒。用于外寒内热，表里俱实，恶寒壮热，头痛咽干，小便短赤，大便秘结，瘰疬初起，风疹湿疮。
防风通圣颗粒,颗粒剂,解表通里，清热解毒。用于外寒内热，表里俱实，恶寒壮热，头痛咽干，小便短赤，大便秘结，瘰疬初起，风疹湿疮。
如意金黄散,散剂,清热解毒，消肿止痛。用于热毒瘀滞肌肤所致疮疡肿痛、丹毒流注，症见肌肤红、肿、热、痛，亦可用于跌打损伤。
如意定喘片,片剂,宣肺定喘，止咳化痰，益气养阴。用于气阴两虚所致的久咳气喘、体弱痰多；支气管哮喘、肺气肿、肺心病见上述证候者。
妇必舒阴道泡腾片,片剂,清热燥湿，杀虫止痒。主要用于妇女湿热下注证所致的白带增多、阴部瘙痒。
妇乐颗粒,颗粒剂,清热凉血，化瘀止痛。用于瘀热蕴结所致的带下病，症见带下量多、色黄，少腹疼痛；慢性盆腔炎见上述证候者。
妇宁栓,栓剂,清热解毒，燥湿杀虫，去腐生肌，化瘀止痛。用于细菌、病毒、霉菌、滴虫引起的阴道炎、阴道溃疡、宫颈炎、宫颈糜烂、阴痒、阴蚀、黄白带下、味臭、小腹痛、腰骶痛。
妇宁康片,片剂,补肾助阳，调补冲任，益气养血，安神解郁。用于肝肾不足、冲任失调所致月经不调，阴道干燥，情志抑郁，心神不安；妇女更年期综合征见上述证候者。
妇良片,片剂,补血健脾，固经止带。用于血虚脾弱所致月经不调、带下病，症见月经过多、持续不断、崩漏色淡、经后少腹隐痛、头晕目眩、面色无华或带多清稀。
妇炎净胶囊,胶囊剂,清热祛湿，调经止带。用于湿热蕴结所致的带下病、月经不调、痛经；慢性盆腔炎、附件炎、子宫内膜炎见上述证候者。
妇炎消泡腾片,片剂,清热燥湿，止带除痒。用于湿热下注所致的带下、阴痒病。症见带下量多，呈豆腐渣样，或色黄如脓，或呈黄色泡沫样，其气腥臭，阴部瘙痒、潮红、肿胀；念珠菌阴道炎、滴虫阴道炎、细菌性阴道病见上述证候者。
妇炎康片,片剂,清热利湿，理气活血，散结消肿。用于湿热下注、毒瘀互阻所致带下病，症见带下量多、色黄、气臭，少腹痛，腰骶痛，口苦咽干；阴道炎、慢性盆腔炎见上述证候者。
妇宝颗粒,颗粒剂,益肾和血，理气止痛。用于肾虚夹瘀所致的腰酸腿软、小腹胀痛、白带、经漏；慢性盆腔炎、附件炎见上述证候者。
妇科十味片,片剂,养血舒肝，调经止痛。用于血虚肝郁所致月经不调、痛经、月经前后诸证，症见行经后错，经水量少、有血块，行经小腹疼痛，血块排出痛减，经前双乳胀痛、烦躁、食欲不振。
妇科止带片,片剂,清热燥湿，收敛止带。用于慢性子宫颈炎，子宫内膜炎，阴道炎所致湿热型带下病。
妇科止带胶囊,胶囊剂,清热燥湿，收敛止带。用于慢性子宫颈炎，子宫内膜炎，阴道炎所致的湿热型带下病。
妇科分清丸,丸剂,清热利湿，活血止痛。用于湿热瘀阻下焦所致妇女热淋证，症见尿频、尿急、尿少涩痛、尿赤浑浊。
妇科养坤丸,丸剂,疏肝理气，养血活血。用于血虚肝郁所致的月经不调，闭经，痛经，经期头痛。
妇科养荣丸,丸剂,补养气血，疏肝解郁，祛瘀调经。用于气血不足，肝郁不舒，月经不调，头晕目眩，血漏血崩，贫血身弱及不孕症。
妇科调经片,片剂,养血柔肝，理气调经。用于肝郁血虚所致的月经不调、经期前后不定、行经腹痛。
妇康宁片,片剂,养血理气，活血调经。用于血虚气滞所致的月经不调，症见月经周期后错、经水量少、有血块、经期腹痛。
妇康宝口服液（妇康宝合剂）,口服液,补血，调经，止血。用于面色萎黄，头晕乏力，月经后错，量多色淡，经期延长。
红色正金软膏,膏剂,驱风、兴奋、局部止痒、止痛。用于中暑、头晕、伤风鼻塞、虫咬、蚊叮。
红灵散,散剂,祛暑，开窍，辟瘟，解毒。用于中暑昏厥，头晕胸闷，恶心呕吐，腹痛泄泻。
红药贴膏,膏剂,祛瘀生新，活血止痛。用于跌打损伤，筋骨瘀痛。
麦味地黄丸,丸剂,滋肾养肺。用于肺肾阴亏，潮热盗汗，咽干咳血，眩晕耳鸣，腰膝酸软，消渴。
坎离砂,散剂,祛风散寒，活血止痛。用于风寒湿痹，四肢麻木，关节疼痛，脘腹冷痛。
花红片,片剂,清热解毒，燥湿止带，祛瘀止痛。用于湿热瘀滞所致带下病、月经不调，症见带下量多、色黄质稠、小腹隐痛、腰骶酸痛、经行腹痛；慢性盆腔炎、附件炎、子宫内膜炎见上述证候者。
花红胶囊,胶囊剂,清热解毒，燥湿止带，祛瘀止痛。用于湿热瘀滞所致带下病、月经不调，症见带下量多、色黄质稠、小腹隐痛、腰骶酸痛、经行腹痛；慢性盆腔炎、附件炎、子宫内膜炎见上述证候者。
花红颗粒,颗粒剂,清热解毒，燥湿止带，祛瘀止痛。用于湿热瘀滞所致带下病、月经不调，症见带下量多、色黄质稠、小腹隐痛、腰骶酸痛、经行腹痛；慢性盆腔炎、附件炎、子宫内膜炎见上述证候者。
苁蓉益肾颗粒,颗粒剂,补肾填精。用于肾气不足，腰膝酸软，记忆减退，头晕耳鸣，四肢无力。
芩芷鼻炎糖浆,糖浆剂,清热解毒，消肿通窍。用于急性鼻炎。
芩连片,片剂,清热解毒，消肿止痛。用于脏腑蕴热，头痛目赤，口鼻生疮，热痢腹痛，湿热带下，疮疖肿痛。
芩暴红止咳口服液,口服液,清热化痰，止咳平喘。用于痰热壅肺所致的咳嗽、痰多；急性支气管炎及慢性支气管炎急性发作见上述证候者。
芩暴红止咳片,片剂,清热化痰，止咳平喘。用于痰热壅肺所致的咳嗽、痰多；急性支气管炎及慢性支气管炎急性发作见上述证候者。
芩暴红止咳分散片,片剂,清热化痰，止咳平喘。用于痰热壅肺所致的咳嗽、痰多；急性支气管炎及慢性支气管炎急性发作见上述证候者。
芩暴红止咳颗粒,颗粒剂,清热化痰，止咳平喘。用于痰热壅肺所致的咳嗽、痰多；急性支气管炎及慢性支气管炎急性发作见上述证候者。
芪风固表颗粒,颗粒剂,益气固表，健脾，补肺，益肾。用于肺、脾、肾虚弱所致的慢性咳嗽缓解期的辅助治疗。
芪冬颐心口服液,口服液,益气养心，安神止悸。用于气阴两虚所致的心悸、胸闷、胸痛、气短乏力、失眠多梦、自汗、盗汗、心烦；病毒性心肌炎、冠心病心绞痛见上述证候者。
芪冬颐心颗粒,颗粒剂,益气养心，安神止悸。用于气阴两虚所致的心悸、胸闷、胸痛、气短乏力、失眠多梦、自汗、盗汗、心烦；病毒性心肌炎、冠心病心绞痛见上述证候者。
芪苈强心胶囊,胶囊剂,益气温阳，活血通络，利水消肿。用于冠心病、高血压病所致轻、中度充血性心力衰竭证属阳气虚乏，络瘀水停证，症见心慌气短，动则加剧，夜间不能平卧，下肢浮肿，倦怠乏力，小便短少，口唇青紫，畏寒肢冷，咳吐稀白痰。
芪明颗粒,颗粒剂,益气生津、滋养肝肾、通络明目。用于2型糖尿病视网膜病变单纯型，中医辨证属气阴亏虚、肝肾不足、目络瘀滞证，症见视物昏花、目睛干涩、神疲乏力、五心烦热、自汗盗汗、口渴喜饮、便秘、腰膝酸软、头晕、耳鸣。
芪参胶囊,胶囊剂,益气活血，化瘀止痛。用于冠心病稳定型劳累型心绞痛Ⅰ、Ⅱ级，中医辨证属气虚血瘀证者，症见胸痛，胸闷，心悸气短，神疲乏力，面色紫暗，舌淡紫，脉弦而涩。
芪参益气滴丸,滴丸,益气通脉，活血止痛。用于气虚血瘀所致胸痹，症见胸闷胸痛、气短乏力、心悸、自汗、面色少华、舌体胖有齿痕、舌质暗或有瘀斑、脉沉弦；冠心病心绞痛见上述证候者。
芪珍胶囊,胶囊剂,益气化瘀，清热解毒。用于肺癌、乳腺癌、胃癌患者的辅助治疗。
芪黄通秘软胶囊,软胶囊,益气养血，润肠通便。用于功能性便秘证属虚秘者。
芪葛口服液,口服液,温经活血，疏风散寒，宣痹通络。用于神经根型颈椎病风寒阻络证引起的颈项强痛、肩背疼痛、颈项活动不利、肢体麻木、畏寒肢冷、四肢拘急。舌紫暗或有瘀斑，苔薄白；脉弦，或紧或沉迟。
芪葛颗粒,颗粒剂,温经活血，疏风散寒，宣痹通络。用于神经根型颈椎病风寒阻络证引起的颈项强痛、肩背疼痛、颈项活动不利、肢体麻木、畏寒肢冷、四肢拘急。舌紫暗或有瘀斑，苔薄白；脉弦，或紧或沉迟。
芪蛭降糖片,片剂,益气养阴，活血化瘀。用于气阴两虚兼血瘀所致的消渴病，症见口渴多饮、多尿易饥、倦怠乏力、自汗盗汗、面色晦暗、肢体麻木；2型糖尿病见上述证候者。
芪蛭降糖胶囊,胶囊剂,益气养阴，活血化瘀。用于气阴两虚兼血瘀所致的消渴病，症见口渴多饮、多尿易饥、倦怠乏力、自汗盗汗、面色晦暗、肢体麻木；2型糖尿病见上述证候者。
克伤痛搽剂,搽剂,活血化瘀，消肿止痛。用于急性软组织扭挫伤，症见皮肤青紫瘀斑、血肿疼痛。
克咳片,片剂,止嗽，定喘，祛痰。用于咳嗽，喘急气短。
克痢痧胶囊,胶囊剂,解毒辟秽，理气止泻。用于泄泻，痢疾和痧气（中暑）。
克感利咽口服液,口服液,疏风清热，解毒利咽。用于风热外侵，邪热内扰所致发热、微恶风，头痛，咽痛，鼻塞流涕，咳嗽痰黏，口渴，溲黄；感冒见上述证候者。
苏子降气丸,丸剂,降气化痰，温肾纳气。用于上盛下虚、气逆痰壅所致的咳嗽喘息、胸膈痞塞。
苏合香丸,丸剂,芳香开窍，行气止痛。用于痰迷心窍所致的痰厥昏迷、中风偏瘫、肢体不利，以及中暑、心胃气痛。
苏黄止咳胶囊,胶囊剂,疏风宣肺，止咳利咽。用于风邪犯肺，肺气失宣所致的咳嗽，咽痒，痒时咳嗽，或呛咳阵作，气急，遇冷空气、异味等因素突发或加重，或夜卧晨起咳剧，多呈反复发作，干咳无痰或少痰，舌苔薄白；感冒后咳嗽及咳嗽变异型哮喘见上述证候者。
杏贝止咳颗粒,颗粒剂,清宣肺气，止咳化痰。用于外感咳嗽属表寒里热证，症见微恶寒、发热、咳嗽、咯痰、痰稠质粘、口干苦、燥烦。
杏苏止咳口服液,口服液,宣肺散寒，止咳祛痰。用于风寒感冒咳嗽，气逆。
杏苏止咳软胶囊,软胶囊,宣肺散寒，止咳祛痰。用于风寒感冒咳嗽，气逆。
杏苏止咳颗粒,颗粒剂,宣肺散寒，止咳祛痰。用于风寒感冒咳嗽，气逆。
杏苏止咳糖浆,糖浆剂,宣肺散寒，止咳祛痰。用于风寒感冒咳嗽，气逆。
杞菊地黄口服液,口服液,滋肾养肝。用于肝肾阴虚，眩晕耳鸣，羞明畏光，视物昏花。
杞菊地黄丸,丸剂,滋肾养肝。用于肝肾阴亏，眩晕耳鸣，羞明畏光，迎风流泪，视物昏花。
杞菊地黄丸（浓缩丸）,丸剂,滋肾养肝。用于肝肾阴亏，眩晕耳鸣，羞明畏光，迎风流泪，视物昏花。
杞菊地黄片,片剂,滋肾养肝。用于肝肾阴亏，眩晕耳鸣，羞明畏光，迎风流泪，视物昏花。
杞菊地黄胶囊,胶囊剂,滋肾养肝。用于肝肾阴亏，眩晕耳鸣，羞明畏光，迎风流泪，视物昏花。
更年安丸,丸剂,滋阴清热，除烦安神。用于肾阴虚所致的绝经前后诸证，症见烦热出汗、眩晕耳鸣、手足心热、烦躁不安；更年期综合征见上述证候者。
更年安胶囊,胶囊剂,滋阴清热，除烦安神。用于肾阴虚所致的绝经前后诸证，症见烦热出汗、眩晕耳鸣、手足心热、烦躁不安；更年期综合征见上述证候者。
医痫丸,丸剂,祛风化痰，定痫止搐。用于痰阻脑络所致的癫痫，症见抽搐昏迷、双目上吊、口吐涎沫。
尪痹片,片剂,补肝肾，强筋骨，祛风湿，通经络。用于肝肾不足、风湿阻络所致的尪痹，症见肌肉、关节疼痛，局部肿大，僵硬畸形，屈伸不利，腰膝酸软，畏寒乏力；类风湿性关节炎见上述证候者。
尪痹颗粒,颗粒剂,补肝肾，强筋骨，祛风湿，通经络。用于肝肾不足、风湿阻络所致的尪痹，症见肌肉、关节疼痛，局部肿大，僵硬畸形，屈伸不利，腰膝酸软，畏寒乏力；类风湿性关节炎见上述证候者。
连花清瘟片,片剂,清瘟解毒，宣肺泄热。用于治疗流行性感冒属热毒袭肺证，症见发热，恶寒，肌肉酸痛，鼻塞流涕，咳嗽，头痛，咽干咽痛，舌偏红，苔黄或黄腻。
连花清瘟胶囊,胶囊剂,清瘟解毒，宣肺泄热。用于治疗流行性感冒属热毒袭肺证，症见发热，恶寒，肌肉酸痛，鼻塞流涕，咳嗽，头痛，咽干咽痛，舌偏红，苔黄或黄腻。
连花清瘟颗粒,颗粒剂,清瘟解毒，宣肺泄热。用于治疗流行性感冒属热毒袭肺证，症见发热，恶寒，肌肉酸痛，鼻塞流涕，咳嗽，头痛，咽干咽痛，舌偏红，苔黄或黄腻。
连苏胶囊,胶囊剂,清热燥湿，行气和胃。用于湿热中阻，见胃痛脘胀、呕恶纳呆，口苦粘腻，舌红苔黄腻、脉滑数者。
连参通淋片,片剂,清热祛湿，利水通淋。用于非淋菌性尿道炎的辅助治疗，中医辨证属于湿热下注者，症见尿频、尿急、尿痛，尿道红肿刺痒，尿道口有分泌物，舌红苔黄腻，脉濡数。
连蒲双清片,片剂,清热解毒，燥湿止痢。用于湿热蕴结所致的肠炎、痢疾；亦用于乳腺炎、疖肿、外伤发炎、胆囊炎。
抗炎退热片,片剂,清热解毒，消肿散结。用于肺胃热盛所致的咽喉肿痛，疮痈疔疖，红肿热痛诸症。
抗骨增生丸,丸剂,补腰肾，强筋骨，活血止痛。用于骨性关节炎肝肾不足、瘀血阻络证，症见关节肿胀、麻木、疼痛、活动受限。
抗骨增生胶囊,胶囊剂,补腰肾，强筋骨，活血止痛。用于骨性关节炎肝肾不足、瘀血阻络证，症见关节肿胀、麻木、疼痛、活动受限。
抗骨髓炎片,片剂,清热解毒，散瘀消肿。用于热毒血瘀所致附骨疽，症见发热、口渴，局部红肿、疼痛、流脓；骨髓炎见上述证候者。
抗宫炎片,片剂,清热，祛湿，化瘀，止带。用于湿热下注所致的带下病，症见赤白带下、量多臭味；宫颈糜烂见上述证候者。
抗宫炎胶囊,胶囊剂,清热，祛湿，化瘀，止带。用于湿热下注所致的带下病，症见赤白带下、量多臭味；宫颈糜烂见上述证候者。
抗宫炎颗粒,颗粒剂,清热，祛湿，化瘀，止带。用于湿热下注所致的带下病，症见赤白带下、量多臭味；宫颈糜烂见上述证候者。
抗病毒口服液,口服液,清热祛湿，凉血解毒。用于风热感冒，温病发热及上呼吸道感染，流感、腮腺炎病毒感染疾患。
抗感口服液,口服液,清热解毒。用于外感风热引起的感冒，症见发热、头痛、鼻塞、喷嚏、咽痛、全身乏力、酸痛。
抗感颗粒,颗粒剂,清热解毒。用于外感风热引起的感冒，症见发热、头痛、鼻塞、喷嚏、咽痛、全身乏力、酸痛。
护肝丸,丸剂,疏肝理气，健脾消食。具有降低转氨酶作用。用于慢性肝炎及早期肝硬化。
护肝片,片剂,疏肝理气，健脾消食。具有降低转氨酶作用。用于慢性肝炎及早期肝硬化。
护肝胶囊,胶囊剂,疏肝理气，健脾消食。具有降低转氨酶作用。用于慢性肝炎及早期肝硬化。
护肝颗粒,颗粒剂,疏肝理气，健脾消食。具有降低转氨酶作用。用于慢性肝炎及早期肝硬化。
护肝宁片,片剂,清热利湿退黄，舒肝化瘀止痛，降低丙氨酸转氨酶。用于湿热中阻、瘀血阻络所致的脘胁胀痛、口苦、黄疸、胸闷、纳呆；急、慢性肝炎见上述证候者。
护肝宁胶囊,胶囊剂,清热利湿退黄，舒肝化瘀止痛，降低丙氨酸氨基转移酶。用于湿热中阻、瘀血阻络所致的脘胁胀痛、口苦、黄疸、胸闷、纳呆；急、慢性肝炎见上述证候者。
男康片,片剂,益肾活血，清热解毒。用于肾虚血瘀、湿热蕴结所致的淋证，症见尿频、尿急、小腹胀满；慢性前列腺炎见上述证候者。
牡荆油胶丸,丸剂,祛痰，止咳，平喘。用于慢性支气管炎。
利肝隆颗粒,颗粒剂,疏肝解郁，清热解毒，益气养血。用于肝郁湿热、气血两虚所致的两胁胀痛或隐痛、乏力、尿黄；急、慢性肝炎见上述证候者。
利咽解毒颗粒,颗粒剂,清肺利咽，解毒退热。用于外感风热所致的咽痛、咽干、喉核红肿、两腮肿痛、发热恶寒；急性扁桃体炎、急性咽炎、腮腺炎见上述证候者。
利胆片,片剂,舒肝止痛，清热利湿。用于肝胆湿热所致的胁痛，症见胁肋及胃腹部疼痛、按之痛剧，大便不通，小便短赤，身热头痛，呕吐不食；胆道疾患见上述证候者。
利胆排石片,片剂,清热利湿，利胆排石。用于湿热蕴毒、腑气不通所致的胁痛、胆胀，症见胁肋胀痛、发热、尿黄、大便不通；胆囊炎、胆石症见上述证候者。
利胆排石颗粒,颗粒剂,清热利湿，利胆排石。用于湿热蕴毒、腑气不通所致的胁痛、胆胀，症见胁肋胀痛、发热、尿黄、大便不通；胆囊炎、胆石症见上述证候者。
利脑心胶囊,胶囊剂,活血祛瘀，行气化痰，通络止痛。用于气滞血瘀，痰浊阻络所致的胸痹刺痛、绞痛，固定不移，入夜更甚，心悸不宁，头晕头痛；冠心病、心肌梗死，脑动脉硬化、脑血栓见上述证候者。
利鼻片,片剂,清热解毒，祛风开窍。用于风热蕴肺所致的伤风鼻塞、鼻渊、鼻流清涕或浊涕。
利膈丸,丸剂,宽胸利膈，消积止痛。用于气滞不舒，胸膈胀满，脘腹疼痛，停饮。
伸筋丹胶囊,胶囊剂,舒筋通络，活血祛瘀，消肿止痛。用于血瘀络阻引起的骨折后遗症、颈椎病、肥大性脊椎炎、慢性关节炎、坐骨神经痛、肩周炎。
伸筋活络丸,丸剂,舒筋活络，祛风除湿，温经止痛。用于风寒湿邪、闭阻脉络所致的痹病，症见肢体关节冷痛、屈伸不利、手足麻木、半身不遂。
快胃片,片剂,制酸和胃，收敛止痛。用于肝胃不和所致的胃脘疼痛、呕吐反酸、纳食减少；浅表性胃炎、胃及十二指肠溃疡、胃窦炎见上述证候者。
肝炎康复丸,丸剂,清热解毒，利湿化郁。用于肝胆湿热所致的黄疸，症见目黄身黄、胁痛乏力、尿黄口苦；急、慢性肝炎见上述证候者。
肛泰软膏,膏剂,凉血止血，清热解毒，燥湿敛疮，消肿止痛。用于湿热瘀阻所引起的内痔、外痔、混合痔所出现的便血、肿胀、疼痛。
肠炎宁片,片剂,清热利湿，行气。用于大肠湿热所致的泄泻、痢疾，症见大便泄泻，或大便脓血、里急后重、腹痛腹胀；急慢性胃肠炎、腹泻、细菌性痢疾、小儿消化不良见上述证候者。
肠炎宁糖浆,糖浆剂,清热利湿，行气。用于大肠湿热所致的泄泻、痢疾，症见大便泄泻、或大便脓血、里急后重、腹痛腹胀；急慢性胃肠炎、腹泻、细菌性痢疾、小儿消化不良见上述证候者。
肠胃宁片,片剂,健脾益肾，温中止痛，涩肠止泻。用于脾肾阳虚所致的泄泻，症见大便不调、五更泄泻、时带黏液，伴腹胀腹痛、胃脘不舒、小腹坠胀；慢性结肠炎、溃疡性结肠炎、肠功能紊乱见上述证候者。
肠胃适胶囊,胶囊剂,清热解毒、利湿止泻。用于大肠湿热所致的泄泻、痢疾，症见腹痛、腹泻，或里急后重、便下脓血；急性胃肠炎、痢疾见上述证候者。
肠康片,片剂,清热燥湿，理气止痛。用于大肠湿热所致的泄泻、痢疾，症见腹痛泄泻，或里急后重、大便脓血。
龟鹿二仙膏,膏剂,温肾益精，补气养血。用于肾虚精亏所致的腰膝酸软、遗精、阳痿。
龟鹿补肾丸,丸剂,补肾壮阳，益气血，壮筋骨。用于肾阳虚所致的身体虚弱、精神疲乏、腰腿酸软、头晕目眩、精冷、性欲减退、小便夜多、健忘、失眠。
辛夷鼻炎丸,丸剂,祛风宣窍，清热解毒。用于风热上攻、热毒蕴肺所致的鼻塞、鼻流清涕或浊涕、发热、头痛；慢性鼻炎、过敏性鼻炎、神经性头痛见上述证候者。
辛芩片,片剂,益气固表，祛风通窍。用于肺气不足、风邪外袭所致的鼻痒、喷嚏、流清涕、易感冒；过敏性鼻炎见上述证候者。
辛芩颗粒,颗粒剂,益气固表，祛风通窍。用于肺气不足、风邪外袭所致的鼻痒、喷嚏、流清涕，易感冒；过敏性鼻炎见上述证候者。
沈阳红药胶囊,胶囊剂,活血止痛，祛瘀生新。用于跌打损伤，筋骨肿痛，亦可用于血瘀络阻的风湿麻木。
沉香化气丸,丸剂,理气疏肝，消积和胃。用于肝胃气滞，脘腹胀痛，胸膈痞满，不思饮食，嗳气泛酸。
良附丸,丸剂,温胃理气。用于寒凝气滞，脘痛吐酸，胸腹胀满。
启脾口服液,口服液,健脾和胃。用于脾胃虚弱，消化不良，腹胀便溏。
启脾丸,丸剂,健脾和胃。用于脾胃虚弱，消化不良，腹胀便溏。
补中益气丸,丸剂,补中益气，升阳举陷。用于脾胃虚弱、中气下陷所致的泄泻、脱肛、阴挺，症见体倦乏力、食少腹胀、便溏久泻、肛门下坠或脱肛、子宫脱垂。
补中益气丸（水丸）,丸剂,补中益气，升阳举陷。用于脾胃虚弱、中气下陷所致的泄泻、脱肛、阴挺，症见体倦乏力、食少腹胀、便溏久泻、肛门下坠或脱肛、子宫脱垂。
补中益气合剂,口服液,补中益气，升阳举陷。用于脾胃虚弱、中气下陷所致的泄泻、脱肛、阴挺，症见体倦乏力、食少、腹胀、便溏久泻、肛门下坠或脱肛、子宫脱垂。
补中益气颗粒,颗粒剂,补中益气，升阳举陷。用于脾胃虚弱、中气下陷所致的泄泻、脱肛、阴挺，症见体倦乏力、食少腹胀、便溏久泻、肛门下坠或脱肛、子宫脱垂。
补心气口服液,口服液,补益心气，理气止痛。用于气短、心悸、乏力、头晕、心气虚损型胸痹心痛。
补白颗粒,颗粒剂,健脾温肾。用于慢性白细胞减少症属脾肾不足者。
补血生乳颗粒,颗粒剂,益气补血，通络生乳。用于气血亏虚所致的产后缺乳症。症见产后气血不足，乳汁少、甚或全无、乳汁清稀、乳房柔软。
补血安神胶囊,胶囊剂,益肾，补气，养血。用于肾虚兼气虚之头晕耳鸣，腰膝酸软，神疲乏力。
补肾养血丸,丸剂,补肝肾，益精血。用于身体虚弱，血气不足，遗精，须发早白。
补肾益脑丸,丸剂,补肾生精，益气养血。用于肾虚精亏、气血两虚所致的心悸、气短、失眠、健忘、遗精、盗汗、腰腿酸软、耳鸣耳聋。
补肾益脑片,片剂,补肾生精，益气养血。用于肾虚精亏、气血两虚所致的心悸、气短、失眠、健忘、遗精、盗汗、腰腿酸软、耳鸣耳聋。
补肾益精丸,丸剂,滋肾填精，补髓养血。用于肾精不足，头晕目眩，腰膝酸软，遗精梦泄。
补肺活血胶囊,胶囊剂,益气活血，补肺固肾。用于肺心病（缓解期）属气虚血瘀证，症见咳嗽气促，或咳喘胸闷，心悸气短，肢冷乏力，腰膝酸软，口唇紫绀，舌淡苔白或舌紫暗。
补益地黄丸,丸剂,滋阴补气，益肾填精。用于脾肾两虚，腰痛脚重，四肢浮肿，行步艰难，疲乏无力。
补益蒺藜丸,丸剂,健脾补肾，益气明目。用于脾肾不足，眼目昏花，视物不清，腰酸气短。
补虚通瘀颗粒,颗粒剂,益气补虚，活血通络。用于气虚血瘀所致动脉硬化，冠心病。
补脾益肠丸,丸剂,益气养血，温阳行气，涩肠止泻。用于脾虚气滞所致的泄泻，症见腹胀疼痛、肠鸣泄泻、黏液血便；慢性结肠炎、溃疡性结肠炎、过敏性结肠炎见上述证候者。
灵丹草颗粒,颗粒剂,清热疏风，解毒利咽，止咳祛痰。用于风热邪毒，咽喉肿痛及肺热咳嗽；急性咽炎、扁桃体炎、上呼吸道感染见上述证候者。
灵宝护心丹,丹剂,强心益气，通阳复脉，芳香开窍，活血镇痛。用于气虚血瘀所致的胸痹，症见胸闷气短、心前区疼痛、脉结代；心动过缓型病态窦房结综合征及冠心病心绞痛、心律失常见上述证候者。
灵泽片,片剂,益肾活血，散结利水。用于轻、中度良性前列腺增生肾虚血瘀湿阻证出现的尿频，排尿困难，尿线变细，淋漓不尽，腰膝酸软。
灵莲花颗粒,颗粒剂,养阴安神，交通心肾。用于围绝经期综合征属心肾不交者，症见烘热汗出，失眠，心烦不宁，心悸，多梦易惊，头晕耳鸣，腰膝酸痛，大便干燥，舌红苔薄，脉细弦。
局方至宝散,散剂,清热解毒，开窍镇惊。用于热病属热入心包、热盛动风证，症见高热惊厥、烦躁不安、神昏谵语及小儿急热惊风。
尿感宁颗粒,颗粒剂,清热解毒，利尿通淋。用于膀胱湿热所致淋症，症见尿频、尿急、尿道涩痛、尿色偏黄、小便淋漓不尽等；急、慢性尿路感染见上述证候者。
尿塞通片,片剂,理气活血，通淋散结。用于气滞血瘀、下焦湿热所致的轻、中度癃闭，症见排尿不畅、尿流变细、尿频、尿急；前列腺增生见上述证候者。
阿胶三宝膏,膏剂,补气血，健脾胃。用于气血两亏、脾胃虚弱所致的心悸、气短、崩漏、浮肿、食少。
阿胶补血口服液,口服液,补益气血，滋阴润肺。用于气血两虚所致的久病体弱、目昏、虚劳咳嗽。
阿胶补血膏,膏剂,补益气血，滋阴润肺。用于气血两虚所致的久病体弱、目昏、虚劳咳嗽。
附子理中丸,丸剂,温中健脾。用于脾胃虚寒，脘腹冷痛，呕吐泄泻，手足不温。
附子理中片,片剂,温中健脾，用于脾胃虚寒，脘腹冷痛，呕吐泄泻，手足不温。
附桂骨痛片,片剂,温阳散寒，益气活血，消肿止痛。用于阳虚寒湿所致的颈椎及膝关节增生性关节炎。症见骨关节疼痛、屈伸不利、麻木肿胀、遇热则减、畏寒肢冷。
附桂骨痛胶囊,胶囊剂,温阳散寒，益气活血，消肿止痛。用于阳虚寒湿所致的颈椎及膝关节增生性关节炎。症见骨关节疼痛、屈伸不利、麻木肿胀、遇热则减、畏寒肢冷。
附桂骨痛颗粒,颗粒剂,温阳散寒，益气活血，消肿止痛。用于阳虚寒湿所致的颈椎及膝关节增生性关节炎。症见骨关节疼痛、屈伸不利、麻木肿胀、遇热则减、畏寒肢冷。
妙灵丸,丸剂,清热化痰，散风镇惊。用于外感风热夹痰所致的感冒，症见咳嗽发烧、头痛眩晕，咳嗽、呕吐痰涎、鼻干口燥、咽喉肿痛。
妙济丸,丸剂,补益肝肾，祛湿通络，活血止痛。用于肝肾不足、风湿瘀阻所致的痹病，症见骨节疼痛、腰膝酸软、肢体麻木拘挛。
纯阳正气丸,丸剂,温中散寒。用于暑天感寒受湿，腹痛吐泻，胸膈胀满，头痛恶寒，肢体酸重。
驴胶补血颗粒,颗粒剂,补血，益气，调经。用于久病气血两虚所致的体虚乏力、面黄肌瘦、头晕目眩、月经过少、闭经。
青叶胆片,片剂,清肝利胆，清热利湿。用于黄疸尿赤，热淋涩痛。
青果丸,丸剂,清热利咽，消肿止痛。用于肺胃蕴热所致的咽部红肿、咽痛、失音声哑、口干舌燥、干咳少痰。
青娥丸,丸剂,补肾强腰。用于肾虚腰痛，起坐不利，膝软乏力。
表实感冒颗粒,颗粒剂,发汗解表，祛风散寒。用于感冒风寒表实证，症见恶寒重发热轻、无汗、头项强痛、鼻流清涕、咳嗽、痰白稀。
表虚感冒颗粒,颗粒剂,散风解肌，和营退热。用于感冒风寒表虚证，症见发热恶风、有汗、头痛项强、咳嗽痰白、鼻鸣干呕、苔薄白、脉浮缓。
苦甘颗粒,颗粒剂,疏风清热，宣肺化痰，止咳平喘。用于风热感冒及风温肺热引起的恶风、发热、头痛、咽痛、咳嗽、咳痰、气喘；上呼吸道感染、流行性感冒、急性气管-支气管炎见上述证候者。
苦参片,片剂,清热燥湿，杀虫。用于湿热蕴蓄下焦所致之痢疾，肠炎，热淋及阴肿阴痒，湿疹，湿疮等。
苦参软膏,膏剂,清热燥湿，杀虫止痒。用于湿热下注所致的带下、阴痒。症见带下量多，质稠如豆腐渣样或黄色泡沫样，其气腥臭，阴道潮红、肿胀，外阴瘙痒，甚则痒痛，尿频急涩痛，口苦粘腻，大便秘结或溏而不爽，小便黄赤；霉菌性阴道炎和滴虫性阴道炎见上述证候者。
坤宁口服液,口服液,活血行气，止血调经。用于气滞血瘀所致的妇女月经过多，经期延长。
坤宝丸,丸剂,滋补肝肾，养血安神。用于肝肾阴虚所致绝经前后诸证，症见烘热汗出、心烦易怒、少寐健忘、头晕耳鸣、口渴咽干、四肢酸楚；更年期综合征见上述证候者。
坤泰胶囊,胶囊剂,滋阴清热，安神除烦。用于绝经期前后诸证阴虚火旺者，症见潮热面红、自汗盗汗、心烦不宁、失眠多梦、头晕耳鸣、腰膝酸软、手足心热；妇女卵巢功能衰退、更年期综合征见上述证候者。
枇杷止咳软胶囊,软胶囊,止咳化痰。用于痰热蕴肺所致的咳嗽、咯痰；支气管炎见上述证候者。
枇杷止咳胶囊,胶囊剂,止嗽化痰。用于痰热蕴肺所致的咳嗽、咯痰；支气管炎见上述证候者。
枇杷止咳颗粒,颗粒剂,止嗽化痰。用于痰热蕴肺所致的咳嗽、咯痰；支气管炎见上述证候者。
枇杷叶膏,膏剂,清肺润燥，止咳化痰。用于肺热燥咳，痰少咽干。
板蓝大青片,片剂,清热解毒，凉血消肿。用于流行性乙型脑炎、流感、流行性腮腺炎、传染性肝炎及麻疹等病毒性疾病见热毒内盛证候者。
板蓝根茶,茶剂,清热解毒，凉血利咽。用于肺胃热盛所致的咽喉肿痛、口咽干燥、腮部肿胀；急性扁桃体炎、腮腺炎见上述证候者。
板蓝根颗粒,颗粒剂,清热解毒，凉血利咽。用于肺胃热盛所致的咽喉肿痛、口咽干燥、腮部肿胀；急性扁桃体炎、腮腺炎见上述证候者。
松龄血脉康胶囊,胶囊剂,平肝潜阳，镇心安神。用于肝阳上亢所致的头痛、眩晕、急躁易怒、心悸、失眠；高血压病及原发性高脂血症见上述证候者。
刺五加片,片剂,益气健脾，补肾安神。用于脾肾阳虚，体虚乏力，食欲不振，腰膝酸痛，失眠多梦。
刺五加胶囊,胶囊剂,益气健脾，补肾安神。用于脾肾阳虚，体虚乏力，食欲不振，腰膝酸痛，失眠多梦。
刺五加颗粒,颗粒剂,益气健脾，补肾安神。用于脾肾阳虚，体虚乏力，食欲不振，腰膝酸痛，失眠多梦。
刺五加脑灵合剂,口服液,健脾补肾，宁心安神。用于心脾两虚、脾肾不足所致的心神不宁、失眠多梦、健忘、倦怠乏力、食欲不振。
枣仁安神胶囊,胶囊剂,养血安神。用于心血不足所致的失眠、健忘、心烦、头晕；神经衰弱症见上述证候者。
枣仁安神颗粒,颗粒剂,养血安神。用于心血不足所致的失眠、健忘、心烦、头晕；神经衰弱症见上述证候者。
郁金银屑片,片剂,疏通气血，软坚消积，清热解毒，燥湿杀虫。用于银屑病（牛皮癣）。
抱龙丸,丸剂,祛风化痰，健脾和胃。用于脾胃不和、风热痰内蕴所致的腹泻，症见食乳不化、恶心呕吐、大便稀、有不消化食物。
拨云退翳丸,丸剂,散风清热，退翳明目。用于风热上扰所致的目翳外障、视物不清、隐痛流泪。
软脉灵口服液,口服液,滋补肝肾，益气活血。用于肝肾阴虚、气虚血瘀所致的头晕、失眠、胸闷、胸痛、心悸、气短、乏力；早期脑动脉硬化，冠心病，心肌炎，中风后遗症见上述证候者。
齿痛消炎灵颗粒,颗粒剂,疏风清热，凉血止痛。用于脾胃积热、风热上攻所致的头痛身热、口干口臭、便秘燥结、牙龈肿痛；急性齿根尖周炎、智齿冠周炎、急性牙龈（周）炎、急性牙髓炎见上述证候者。
肾炎四味片,片剂,清热利尿，补气健脾。用于湿热内蕴兼气虚所致的水肿，症见浮肿、腰痛、乏力、小便不利；慢性肾炎见上述证候者。
肾炎消肿片,片剂,健脾渗湿，通阳利水。用于脾虚气滞、水湿内停所致的水肿，症见肢体浮肿、晨起面肿甚、按之凹陷、身体重倦、尿少、脘腹胀满、舌苔白腻、脉沉缓；急、慢性肾炎见上述证候者。
肾炎舒片,片剂,益肾健脾，利水消肿。用于脾肾阳虚、水湿内停所致的水肿，症见浮肿、腰痛、乏力、怕冷、夜尿多；慢性肾炎见上述证候者。
肾炎解热片,片剂,疏风解热，宣肺利水。用于风热犯肺所致的水肿，症见发热恶寒、头面浮肿、咽喉干痛、肢体酸痛、小便短赤、舌苔薄黄、脉浮数；急性肾炎见上述证候者。
肾炎康复片,片剂,益气养阴，健脾补肾，清解余毒。用于气阴两虚，脾肾不足，水湿内停所致的水肿，症见神疲乏力，腰膝酸软，面目、四肢浮肿，头晕耳鸣；慢性肾炎、蛋白尿、血尿见上述证候者。
肾宝合剂,口服液,温补肾阳，固精益气。用于肾阳亏虚、精气不足所致的阳痿遗精、腰腿酸痛、精神不振、夜尿频多、畏寒怕冷、月经过多，白带清稀。
肾宝糖浆,糖浆剂,温补肾阳，固精益气。用于肾阳亏虚、精气不足所致的阳痿遗精、腰腿酸痛、精神不振、夜尿频多、畏寒怕冷，月经过多，白带清稀。
肾复康胶囊,胶囊剂,清热利尿，益肾化浊。用于热淋涩痛，急性肾炎水肿，慢性肾炎急性发作。
肾衰宁胶囊,胶囊剂,益气健脾，活血化瘀，通腑泄浊。用于脾胃气虚、浊瘀内阻、升降失调所致的面色萎黄、腰痛倦怠、恶心呕吐、食欲不振、小便不利、大便黏滞；慢性肾功能不全见上述证候者。
肾康宁片,片剂,补脾温肾，渗湿活血。用于脾肾阳虚、血瘀湿阻所致的水肿，症见浮肿、乏力、腰膝冷痛；慢性肾炎见上述证候者。
肾康宁胶囊,胶囊剂,补脾温肾，渗湿活血。用于脾肾阳虚、血瘀湿阻所致的水肿，症见浮肿、乏力、腰膝冷痛；慢性肾炎见上述证候者。
肾康宁颗粒,颗粒剂,补脾温肾，渗湿活血。用于脾肾阳虚、血瘀湿阻所致的水肿，症见浮肿、乏力、腰膝冷痛；慢性肾炎见上述证候者。
昆明山海棠片,片剂,祛风除湿，舒筋活络，清热解毒。用于类风湿性关节炎，红斑狼疮。
明目上清片,片剂,清热散风，明目止痛。用于外感风热所致的暴发火眼、红肿作痛、头晕目眩、眼边刺痒、大便燥结、小便赤黄。
明目地黄丸,丸剂,滋肾，养肝，明目。用于肝肾阴虚，目涩畏光，视物模糊，迎风流泪。
明目地黄丸（浓缩丸）,丸剂,滋肾、养肝、明目。用于肝肾阴虚，目涩畏光，视物模糊，迎风流泪。
固本咳喘片,片剂,益气固表，健脾补肾。用于脾虚痰盛、肾气不固所致的咳嗽、痰多、喘息气促、动则喘剧；慢性支气管炎、肺气肿、支气管哮喘见上述证候者。
固本统血颗粒,颗粒剂,温肾健脾，填精益气。用于阳气虚损、血失固摄所致的紫斑，症见畏寒肢冷，腰酸乏力，尿清便溏，皮下紫斑，其色淡暗。亦可用于轻型原发性血小板减少性紫癜见上述证候者。
固本益肠片,片剂,健脾温肾、涩肠止泻。用于脾肾阳虚所致的泄泻，症见腹痛绵绵、大便清稀或有黏液及黏液血便、食少腹胀、腰酸乏力、形寒肢冷、舌淡苔白、脉虚；慢性肠炎见上述证候者。
固肾定喘丸,丸剂,温肾纳气，健脾化痰。用于肺脾气虚、肾不纳气所致的咳嗽、气喘、动则尤甚；慢性支气管炎、肺气肿、支气管哮喘见上述证候者。
固肠止泻胶囊,胶囊剂,调和肝脾，涩肠止痛。用于肝脾不和，泻痢腹痛；慢性非特异性溃疡性结肠炎见上述证候者。
固经丸,丸剂,滋阴清热，固经止带。用于阴虚血热，月经先期，经血量多、色紫黑，赤白带下。
罗布麻茶,茶剂,平肝安神，清热利水。用于肝阳眩晕，心悸失眠，浮肿尿少；高血压病，神经衰弱，肾炎浮肿。
帕朱丸,丸剂,健胃散寒，除痰，破痞瘤，养荣强壮。用于剑突痰病，胃痞瘤木布病引起的消化不良、胃胀、胃烧泛酸、胃肝不适。
败毒散,散剂,发汗解表，散风祛湿。用于外感热病，憎寒壮热，项强头痛，四肢酸痛，噤口痢疾，无汗鼻塞，咳嗽有痰。
垂盆草颗粒,颗粒剂,清热解毒，活血利湿。用于急、慢性肝炎湿热瘀结证。
知柏地黄丸,丸剂,滋阴降火。用于阴虚火旺，潮热盗汗，口干咽痛，耳鸣遗精，小便短赤。
知柏地黄丸（浓缩丸）,丸剂,滋阴降火。用于阴虚火旺，潮热盗汗，口干咽痛，耳鸣遗精，小便短赤。
和中理脾丸,丸剂,健脾和胃，理气化湿。用于脾胃不和所致的痞满、泄泻，症见胸膈痞满、脘腹胀闷、恶心呕吐、不思饮食、大便不调。
和血明目片,片剂,凉血止血、滋阴化瘀、养肝明目。用于阴虚肝旺，热伤络脉所引起的眼底出血。
和胃止泻胶囊,胶囊剂,清热解毒，化湿和胃。用于因胃肠湿热所致的大便稀溏或腹泻，可伴腹痛、发热、口渴、肛门灼热、小便短赤。
金贝痰咳清颗粒,颗粒剂,清肺止咳，化痰平喘。用于痰热阻肺所致的咳嗽、痰黄黏稠、喘息；慢性支气管炎急性发作见上述证候者。
金花明目丸,丸剂,补肝，益肾，明目。用于老年性白内障早、中期属肝肾不足、阴血亏虚证，症见视物模糊、头晕、耳鸣、腰膝酸软。
金芪降糖片,片剂,清热益气。用于消渴病气虚内热证，症见口渴喜饮，易饥多食，气短乏力。轻、中型2型糖尿病见上述证候者。
金佛止痛丸,丸剂,行气止痛，舒肝和胃，祛瘀生新。用于气血瘀滞所致的胃脘疼痛，痛经及消化性溃疡、慢性胃炎引起的疼痛。
金果含片,片剂,养阴生津，清热利咽。用于肺热阴伤所致的咽部红肿、咽痛、口干咽燥；急、慢性咽炎见上述证候者。
金果饮,口服液,养阴生津，清热利咽。用于肺热阴伤所致的咽部红肿、咽痛、口干咽燥；急、慢性咽炎见上述证候者。亦可用于放疗引起的咽干不适。
金果饮咽喉片,片剂,养阴生津，清热利咽。用于肺热阴伤所致的咽部红肿、咽痛、口干咽燥；急、慢性咽炎见上述证候者。亦可用于放疗引起的咽干不适。
金莲花口服液,口服液,清热解毒。用于风热邪毒袭肺，热毒内盛引起的上呼吸道感染、咽炎、扁桃体炎。
金莲花片,片剂,清热解毒。用于风热邪毒袭肺，热毒内盛引起的上呼吸道感染、咽炎、扁桃体炎。
金莲花胶囊,胶囊剂,清热解毒。用于风热邪毒袭肺，热毒内盛引起的上呼吸道感染、咽炎、扁桃体炎。
金莲花颗粒,颗粒剂,清热解毒。用于风热邪毒袭肺，热毒内盛引起的上呼吸道感染、咽炎、扁桃体炎。
金莲花润喉片,片剂,清热解毒，消肿止痛，利咽。用于热毒内盛所致的咽部红肿疼痛、牙龈肿胀、口舌生疮；急性咽炎、急性扁桃体炎、上呼吸道感染见上述证候者。
金莲清热颗粒,颗粒剂,清热解毒，生津利咽，止咳祛痰。用于感冒热毒壅盛证，症见高热、口渴，咽干，咽痛，咳嗽，痰稠；流行性感冒、上呼吸道感染见上述证候者。
金振口服液,口服液,清热解毒，祛痰止咳。用于小儿痰热蕴肺所致的发热、咳嗽、咳吐黄痰、咳吐不爽、舌质红、苔黄腻；小儿急性支气管炎见上述证候者。
金钱草片,片剂,清热利湿，利尿通淋。用于湿热下注所致小便频数短涩，淋沥疼痛，尿色赤黄，腰腹疼痛，甚至尿挟砂石。
金钱胆通颗粒,颗粒剂,清利湿热、疏肝利胆、止痛排石。用于胆石症湿热郁结于少阳胆腑之胁痛。痛在右胁，固定不移，或继发绞痛，上引肩背，便秘尿黄，甚至身目俱黄发热，舌质暗红，苔厚腻或黄腻，脉弦滑或弦紧。
金黄利胆胶囊,胶囊剂,舒肝利胆，清热解毒。用于急、慢性胆囊炎属肝胆湿热证者。
金嗓开音丸,丸剂,清热解毒，疏风利咽。用于风热邪毒所致的咽喉肿痛，声音嘶哑；急性咽炎、亚急性咽炎、喉炎见上述证候者。
金嗓开音胶囊,胶囊剂,清热解毒，疏风利咽。用于风热邪毒所致的咽喉肿痛，声音嘶哑；急性咽炎、亚急性咽炎、喉炎见上述证候者。
金嗓开音颗粒,颗粒剂,清热解毒，疏风利咽。用于风热邪毒所致的咽喉肿痛，声音嘶哑；急性咽炎、亚急性咽炎、喉炎见上述证候者。
金嗓利咽丸,丸剂,疏肝理气，化痰利咽。用于痰湿内阻、肝郁气滞所致的咽部异物感、咽部不适、声音嘶哑；声带肥厚见上述证候者。
金嗓清音丸,丸剂,养阴清肺，化痰利咽。用于肺热阴虚所致的慢喉瘖、慢喉痹，症见声音嘶哑、咽喉肿痛、咽干；慢性喉炎、慢性咽炎见上述证候者。
金嗓清音胶囊,胶囊剂,养阴清肺，化痰利咽。用于肺热阴虚所致的慢喉瘖、慢喉痹，症见声音嘶哑、咽喉肿痛、咽干；慢性喉炎、慢性咽炎见上述证候者。
金嗓散结丸,散剂,清热解毒，活血化瘀，利湿化痰。用于热毒蕴结、气滞血瘀所致的声音嘶哑、声带充血、肿胀；慢性喉炎、声带小结、声带息肉见上述证候者。
金蝉止痒胶囊,胶囊剂,清热解毒，燥湿止痒。用于湿热内蕴所引起的丘疹性荨麻疹，夏季皮炎皮肤瘙痒症状。
乳宁颗粒,颗粒剂,疏肝养血，理气解郁。用于肝气郁结所致的乳癖，症见经前乳房胀痛、两胁胀痛、乳房结节、经前疼痛加重；乳腺增生见上述证候者。
乳块消片,片剂,疏肝理气，活血化瘀，消散乳块。用于肝气郁结，气滞血瘀，乳腺增生，乳房胀痛。
乳块消胶囊,胶囊剂,疏肝理气，活血化瘀，消散乳块。用于肝气郁结，气滞血瘀，乳腺增生，乳房胀痛。
乳块消颗粒,颗粒剂,疏肝理气，活血化瘀，消散乳块。用于肝气郁结，气滞血瘀，乳腺增生，乳房胀痛。
乳核散结片,片剂,舒肝活血，祛痰软坚。用于肝郁气滞、痰瘀互结所致的乳癖，症见乳房肿块或结节、数目不等、大小不一、质软或中等硬、或乳房胀痛、经前疼痛加剧；乳腺增生病见上述证候者。
乳疾灵颗粒,颗粒剂,舒肝活血，祛痰软坚。用于肝郁气滞、痰瘀互结所致的乳癖，症见乳房肿块或结节、数目不等、大小不一、质软或中等硬、或经前疼痛；乳腺增生病见上述证候者。
乳康丸,丸剂,舒肝活血，祛痰软坚。用于肝郁气滞、痰瘀互结所致的乳癖，症见乳房肿块或结节、或经前胀痛；乳腺增生病见上述证候者。
乳康胶囊,胶囊剂,舒肝活血，祛痰软坚。用于肝郁气滞、痰瘀互结所致的乳癖，症见乳房肿块或结节、或经前胀痛；乳腺增生病见上述证候者。
乳康颗粒,颗粒剂,舒肝破血，祛痰软坚。用于肝郁气滞、痰瘀互结所致的乳癖，症见乳房肿块或结节、或经前胀痛；乳腺增生病见上述证候者。
乳增宁胶囊,胶囊剂,疏肝散结，调理冲任。用于冲任失调、气郁痰凝所致乳癖，症见乳房结节、一个或多个、大小形状不一、质柔软，或经前胀痛、或腰酸乏力、经少色淡；乳腺增生病见上述证候者。
乳癖消片,片剂,软坚散结，活血消痈，清热解毒。用于痰热互结所致的乳癖、乳痈，症见乳房结节、数目不等、大小形态不一、质地柔软，或产后乳房结块、红热疼痛；乳腺增生、乳腺炎早期见上述证候者。
乳癖消胶囊,胶囊剂,软坚散结，活血消痈，清热解毒。用于痰热互结所致的乳癖、乳痈，症见乳房结节、数目不等、大小形态不一、质地柔软，或产后乳房结块、红热疼痛；乳腺增生、乳腺炎早期见上述证候者。
乳癖消颗粒,颗粒剂,软坚散结，活血消痈，清热解毒。用于痰热互结所致的乳癖、乳痈，症见乳房结节、数目不等、大小形态不一、质地柔软，或产后乳房结块、红热疼痛；乳腺增生、乳腺炎早期见上述证候者。
乳癖散结胶囊,胶囊剂,行气活血，软坚散结。用于气滞血瘀所致的乳腺增生病，症见乳房疼痛、乳房肿块、烦躁易怒、胸胁胀满。
肿节风片,片剂,清热解毒，消肿散结。用于肺炎、阑尾炎、蜂窝组织炎属热毒壅盛证候者，并可用于癌症辅助治疗。
肥儿丸,丸剂,健胃消积，驱虫。用于小儿消化不良，虫积腹痛，面黄肌瘦，食少腹胀泄泻。
周氏回生丸,丸剂,祛暑散寒，解毒辟秽，化湿止痛。用于霍乱吐泻，痧胀腹痛。
鱼腥草滴眼液,洗剂,清热，解毒，利湿。用于风热疫毒上攻所致的暴风客热、天行赤眼、天行赤眼暴翳，症见两眼刺痛、目痒、流泪；急性卡他性结膜炎、流行性角结膜炎见上述证候者。
狗皮膏,膏剂,祛风散寒，活血止痛。用于风寒湿邪、气血瘀滞所致的痹病，症见四肢麻木、腰腿疼痛、筋脉拘挛，或跌打损伤、闪腰岔气、局部肿痛；或寒湿瘀滞所致的脘腹冷痛、行经腹痛、寒湿带下、积聚痞块。
夜宁糖浆,糖浆剂,养血安神。用于心血不足所致的失眠、多梦、头晕、乏力；神经衰弱见上述证候者。
炎宁糖浆,糖浆剂,清热解毒，消炎止痢。用于上呼吸道感染，扁桃体炎，尿路感染，急性菌痢，肠炎。
注射用双黄连（冻干）,注射剂,清热解毒，疏风解表。用于外感风热所致的发热、咳嗽、咽痛；上呼吸道感染、轻型肺炎、扁桃体炎见上述证候者。
泌石通胶囊,胶囊剂,清热利湿，行气化瘀。用于气滞血瘀型及湿热下注型肾结石或输尿管结石，适用于结石在1.0cm以下者。
泻青丸,丸剂,清肝泻火。用于肝火上炎所致耳鸣耳聋，口苦头晕，两胁疼痛，小便赤涩。
泻肝安神丸,丸剂,清肝泻火，重镇安神。用于肝火亢盛，心神不宁所致的失眠多梦，心烦；神经衰弱症见上述证候者。
泻痢消胶囊,胶囊剂,清热燥湿，行气止痛。用于大肠湿热所致的腹痛泄泻、大便不爽、下痢脓血、肛门灼热、里急后重、心烦口渴、小便黄赤、舌质红、苔薄黄或黄腻、脉濡数；急性肠炎、结肠炎、痢疾见上述证候者。
治伤胶囊,胶囊剂,祛风散结，消肿止痛。用于跌打损伤所致之外伤红肿，内伤胁痛。
治咳川贝枇杷滴丸,滴丸,清热化痰止咳。用于感冒、支气管炎属痰热阻肺证，症见咳嗽、痰黏或黄。
治咳川贝枇杷露,露剂,清热化痰止咳。用于感冒、支气管炎属痰热阻肺证，症见咳嗽、痰黏或黄。
治糜康栓,栓剂,清热解毒，燥湿收敛。用于湿热下注所致带下病，症见带下量多、色黄质稠、有臭味，或有大便干燥；细菌性阴道病、滴虫性阴道炎、宫颈糜烂见上述证候者。
宝咳宁颗粒,颗粒剂,清热解表，止嗽化痰。用于小儿外感风寒、内热停食引起的头痛身烧、咳嗽痰盛、气促作喘、咽喉肿痛、烦躁不安。
定喘膏,膏剂,温阳祛痰，止咳定喘。用于阳虚痰阻所致的咳嗽痰多、气急喘促、冬季加重。
降脂灵片,片剂,补肝益肾，养血明目。用于肝肾不足型高脂血症，症见头晕、目眩、须发早白。
降脂灵颗粒,颗粒剂,补肝益肾，养血明目，用于肝肾不足型高脂血症，症见头晕、目眩、须发早白。
降脂通络软胶囊,软胶囊,活血行气，降脂祛浊。用于高脂血症属血瘀气滞证者，症见胸胁胀痛、心前区刺痛、胸闷、舌尖边有瘀点或瘀斑、脉弦或涩。
降糖甲片,片剂,补中益气，养阴生津。用于气阴两虚型消渴症（非胰岛素依赖型糖尿病）。
参乌健脑胶囊,胶囊剂,补肾填精，益气养血，强身健脑。用于肾精不足，肝气血亏所引致的精神疲惫、失眠多梦、头晕目眩、体乏无力、记忆力减退。
参芍片,片剂,活血化瘀，益气止痛。适用于气虚血瘀所致的胸闷，胸痛，心悸，气短；冠心病心绞痛见上述证候者。
参芍胶囊,胶囊剂,活血化瘀，益气止痛。适用于气虚血瘀所致的胸闷，胸痛，心悸，气短；冠心病心绞痛见上述证候者。
参芪十一味颗粒,颗粒剂,补脾益气。用于脾气虚所致的体弱、四肢无力。
参芪口服液,口服液,补气扶正。用于体弱气虚，四肢无力。
参芪五味子片,片剂,健脾益气，宁心安神。用于气血不足、心脾两虚所致的失眠、多梦、健忘、乏力、心悸、气短、自汗。
参芪五味子胶囊,胶囊剂,健脾益气，宁心安神。用于气血不足、心脾两虚所致的失眠、多梦、健忘、乏力、心悸、气短、自汗。
参芪五味子颗粒,颗粒剂,健脾益气，宁心安神。用于气血不足，心脾两虚所致的失眠、多梦、健忘、乏力、心悸、气短、自汗。
参芪降糖片,片剂,益气滋阴补肾。主治气阴不足肾虚消渴，用于2型糖尿病。
参芪降糖胶囊,胶囊剂,益气滋阴补肾。主治气阴不足肾虚消渴，用于2型糖尿病。
参苏丸,丸剂,益气解表，疏风散寒，祛痰止咳。用于身体虚弱、感受风寒所致感冒，症见恶寒发热、头痛鼻塞、咳嗽痰多、胸闷呕逆、乏力气短。
参附强心丸,丸剂,益气助阳，强心利水。用于慢性心力衰竭而引起的心悸、气短、胸闷喘促、面肢浮肿等症，属于心肾阳衰者。
参苓白术丸,丸剂,补脾胃，益肺气。用于脾胃虚弱，食少便溏，气短咳嗽，肢倦乏力。
参苓白术散,散剂,补脾胃，益肺气。用于脾胃虚弱，食少便溏，气短咳嗽，肢倦乏力。
参茸白凤丸,丸剂,益气补血，调经安胎。用于气血不足，月经不调，经期腹痛，经漏早产。
参茸固本片,片剂,补气养血。用于气血两亏所致的四肢倦怠、面色无华、耳鸣目眩。
参茸保胎丸,丸剂,滋养肝肾，补血安胎。用于肝肾不足，营血亏虚，身体虚弱，腰膝酸痛，少腹坠胀，妊娠下血，胎动不安。
参桂胶囊,胶囊剂,益气通阳，活血化瘀。用于心阳不振，气虚血瘀所致的胸痛。症见胸部刺痛，固定不移，入夜更甚，遇冷加重，或畏寒喜暖，面色少华；冠心病心绞痛见上述证候者。
参精止渴丸,丸剂,益气养阴，生津止渴。用于气阴两亏、内热津伤所致的消渴，症见少气乏力、口干多饮、易饥、形体消瘦；2型糖尿病见上述证候者。
驻车丸,丸剂,滋阴，止痢。用于久痢伤阴，赤痢腹痛，里急后重，休息痢。
春血安胶囊,胶囊剂,益肾固冲，调经止血。用于肝肾不足，冲任失调所致的月经失调、崩漏、痛经，症见经行错后、经水量多或淋漓不净、经行小腹冷痛、腰部疼痛；青春期功能失调性子宫出血、上节育环后出血见上述证候者。
珍珠胃安丸,丸剂,行气止痛，宽中和胃。用于气滞所致的胃痛，症见胃脘疼痛胀满、泛吐酸水、嘈杂似饥；胃及十二指肠溃疡见上述证候者。
珍黄胶囊,胶囊剂,清热解毒，消肿止痛。用于肺胃热盛所致的咽喉肿痛、疮疡热疖。
草香胃康胶囊,胶囊剂,泄肝和胃，行气止痛。用于肝气犯胃所致的胃痛，症见胃脘疼痛、饥后尤甚、泛吐酸水、食欲不佳、心烦易怒；胃及十二指肠球部溃疡、慢性胃炎见上述证候者。
茵山莲颗粒,颗粒剂,清热解毒利湿。用于湿热蕴毒所致的胁痛、口苦、尿黄、舌苔黄腻、脉弦滑数；急、慢性肝炎，胆囊炎见上述证候者。
茵芪肝复颗粒,颗粒剂,清热解毒利湿，舒肝补脾。用于慢性乙型病毒性肝炎肝胆湿热兼脾虚肝郁证，症见右胁胀满、恶心厌油、纳差食少、口淡乏味。
茵栀黄口服液,口服液,清热解毒，利湿退黄。用于肝胆湿热所致的黄疸，症见面目悉黄、胸胁胀痛、恶心呕吐、小便黄赤；急、慢性肝炎见上述证候者。
茵栀黄软胶囊,软胶囊,清热解毒，利湿退黄。用于肝胆湿热所致的黄疸，症见面目悉黄、胸胁胀痛、恶心呕吐、小便黄赤；急、慢性肝炎见上述证候者。
茵栀黄泡腾片,片剂,清热解毒，利湿退黄。用于肝胆湿热所致的黄疸，症见面目悉黄、胸胁胀痛、恶心呕吐、小便黄赤；急、慢性肝炎见上述证候者。
茵栀黄胶囊,胶囊剂,清热解毒，利湿退黄。用于肝胆湿热所致的黄疸，症见面目悉黄、胸胁胀痛、恶心呕吐、小便黄赤；急、慢性肝炎见上述证候者。
茵栀黄颗粒,颗粒剂,清热解毒，利湿退黄。用于肝胆湿热所致的黄疸，症见面目悉黄、胸胁胀痛、恶心呕吐、小便黄赤；急、慢性肝炎见上述证候者。
茵胆平肝胶囊,胶囊剂,清热，利湿，退黄。用于肝胆湿热所致的胁痛、口苦、尿黄、身目发黄；急、慢性肝炎见上述证候者。
荜铃胃痛颗粒,颗粒剂,行气活血，和胃止痛。用于气滞血瘀所致的胃脘痛；慢性胃炎见有上述证候者。
荡石胶囊,胶囊剂,清热利尿，通淋排石。用于肾结石，输尿管、膀胱等泌尿系统结石。
药艾条,贴膏剂,行气血，逐寒湿。用于风寒湿痹，肌肉酸麻，关节四肢疼痛，脘腹冷痛。
枳术丸,丸剂,健脾消食，行气化湿。用于脾胃虚弱，食少不化，脘腹痞满。
枳术颗粒,颗粒剂,健脾消食，行气化湿。用于脾胃虚弱，食少不化，脘腹痞满。
枳实导滞丸,丸剂,消积导滞，清利湿热。用于饮食积滞、湿热内阻所致的脘腹胀痛、不思饮食、大便秘结、痢疾里急后重。
柏子养心丸,丸剂,补气，养血，安神。用于心气虚寒，心悸易惊，失眠多梦，健忘。
柏子养心片,片剂,补气、养血，安神。用于心气虚寒，心悸易惊，失眠多梦，健忘。
栀子金花丸,丸剂,清热泻火，凉血解毒。用于肺胃热盛，口舌生疮，牙龈肿痛，目赤眩晕，咽喉肿痛，吐血衄血，大便秘结。
栀芩清热合剂,口服液,疏风散热，清热解毒。用于三焦热毒炽盛，发热头痛，口渴，尿赤等。
厚朴排气合剂,口服液,行气消胀，宽中除满。用于腹部非胃肠吻合术后早期肠麻痹，症见腹部胀满，胀痛不适，腹部膨隆，无排气、排便，舌质淡红，舌苔薄白或薄腻。
按摩软膏,膏剂,活血化瘀，和络止痛。用于运动劳损，肌肉酸痛，跌打扭伤，无名肿痛。
胃乃安胶囊,胶囊剂,补气健脾，活血止痛。用于脾胃气虚，瘀血阻滞所致的胃痛，症见胃脘隐痛或刺痛、纳呆食少；慢性胃炎、胃及十二指肠溃疡见上述证候者。
胃立康片,片剂,健胃和中，顺气化滞。用于消化不良，倒饱嘈杂，呕吐胀满，肠鸣泻下。
胃安胶囊,胶囊剂,养阴益胃，柔肝止痛。用于肝胃阴虚、胃气不和所致的胃痛、痞满，症见胃脘隐痛、纳少嘈杂、咽干口燥、舌红少津、脉细数；萎缩性胃炎见上述证候者。
胃苏颗粒,颗粒剂,理气消胀，和胃止痛。主治气滞型胃脘痛，症见胃脘胀痛，窜及两胁，得嗳气或矢气则舒，情绪郁怒则加重，胸闷食少，排便不畅，舌苔薄白，脉弦；慢性胃炎及消化性溃疡见上述证候者。
胃肠安丸,丸剂,芳香化浊，理气止痛，健胃导滞。用于湿浊中阻、食滞不化所致的腹泻、纳差、恶心、呕吐、腹胀、腹痛；消化不良、肠炎、痢疾见上述证候者。
胃肠复元膏,膏剂,益气活血，理气通下。用于胃肠术后腹胀、胃肠活动减弱，症见体乏气短、脘腹胀满、大便不下；亦可用于老年性便秘及虚性便秘。
胃药胶囊,胶囊剂,制酸止痛。用于肝胃不和所致的胃脘疼痛、胃酸过多、嘈杂反酸；胃及十二指肠溃疡见上述证候者。
胃复春片,片剂,健脾益气，活血解毒。用于胃癌癌前期病变、胃癌手术后辅助治疗、慢性浅表性胃炎属脾胃虚弱证者。
胃疡宁丸,丸剂,温中散寒，理气止痛，制酸止血。用于胃脘胀痛或刺痛，呕吐泛酸，胃及十二指肠溃疡属于寒凝气滞血瘀者。
胃疡灵颗粒,颗粒剂,温中益气，缓急止痛。用于脾胃虚寒、中气不足所致的胃痛，症见脘腹胀痛、喜温喜按、食少乏力、舌淡脉弱；胃及十二指肠溃疡、慢性胃炎见上述证候者。
胃祥宁颗粒,颗粒剂,养阴柔肝止痛，润燥通便。用于阴虚胃燥，胃脘胀痛，腹胀，嗳气，口渴，便秘；消化性溃疡、慢性胃炎见上述证候者。
胃脘舒颗粒,颗粒剂,益气阴，健脾胃，消痞满。用于脾虚气滞所致的胃脘痞满、嗳气纳差、时有隐痛；萎缩性胃炎见上述证候者。
胃康灵片,片剂,柔肝和胃，散瘀止血，缓急止痛，去腐生新。用于肝胃不和、瘀血阻络所致的胃脘疼痛、连及两胁、嗳气、泛酸；急、慢性胃炎，胃、十二指肠溃疡，胃出血见上述证候者。
胃康灵胶囊,胶囊剂,柔肝和胃，散瘀止血，缓急止痛，去腐生新。用于肝胃不和、瘀血阻络所致的胃脘疼痛、连及两胁、嗳气、泛酸；急、慢性胃炎，胃、十二指肠溃疡，胃出血见上述证候者。
胃康灵颗粒,颗粒剂,柔肝和胃，散瘀止血，缓急止痛，去腐生新。用于肝胃不和、瘀血阻络所致的胃脘疼痛、连及两胁、嗳气、泛酸；急、慢性胃炎，胃、十二指肠溃疡，胃出血见上述证候者。
胃康胶囊,胶囊剂,行气健胃，化瘀止血，制酸止痛。用于气滞血瘀所致的胃脘疼痛、痛处固定、吞酸嘈杂，或见吐血、黑便；胃及十二指肠溃疡、慢性胃炎、上消化道出血见上述证候者。
胃舒宁颗粒,颗粒剂,补气健脾，制酸止痛。用于脾胃气虚、肝胃不和所致的胃脘疼痛、喜温喜按、泛吐酸水；胃及十二指肠溃疡见上述证候者。
咳特灵片,片剂,镇咳平喘，消炎祛痰。用于咳喘及慢性支气管炎。
咳特灵胶囊,胶囊剂,镇咳平喘，消炎祛痰。用于咳喘及慢性支气管炎。
咳喘宁口服液,口服液,宣通肺气，止咳平喘。用于痰热阻肺所致的咳嗽频作、咯痰色黄、喘促胸闷。
咳喘顺丸,丸剂,宣肺化痰，止咳平喘。用于痰浊壅肺、肺气失宣所致的咳嗽、气喘、痰多、胸闷；慢性支气管炎、支气管哮喘、肺气肿见上述证候者。
骨友灵搽剂,搽剂,活血化瘀，消肿止痛。用于瘀血阻络所致的骨性关节炎、软组织损伤，症见关节肿胀、疼痛、活动受限。
骨仙片,片剂,补益肝肾，强壮筋骨，通络止痛。用于肝肾不足所致的痹病，症见腰膝骨节疼痛、屈伸不利、手足麻木；骨质增生见上述证候者。
骨折挫伤胶囊,胶囊剂,舒筋活络，消肿散瘀，接骨止痛。用于跌打损伤，扭腰岔气，筋伤骨折属于瘀血阻络者。
骨刺丸,丸剂,祛风止痛。用于骨质增生，风湿性关节炎，风湿痛。
骨刺宁胶囊,胶囊剂,活血化瘀，通络止痛。用于瘀阻脉络所致骨性关节炎，症见关节疼痛、肿胀、麻木、活动受限。
骨刺消痛片,片剂,祛风止痛。用于风湿痹阻、瘀血阻络所致的痹病，症见关节疼痛、腰腿疼痛、屈伸不利；骨性关节炎、风湿性关节炎、风湿痛见上述证候者。
骨质宁搽剂,搽剂,活血化瘀、消肿止痛。用于瘀血阻络所致骨性关节炎、软组织损伤，症见肿胀、麻木、疼痛及活动功能障碍。
骨痛灵酊,酊剂,温经散寒，祛风活血，通络止痛。用于腰、颈椎骨质增生，骨性关节炎，肩周炎，风湿性关节炎。
骨疏康胶囊,胶囊剂,补肾益气，活血壮骨。用于肾虚气血不足所致的中老年骨质疏松症，症见腰脊酸痛、胫膝酸软、神疲乏力。
骨疏康颗粒,颗粒剂,补肾益气，活血壮骨。用于肾虚气血不足所致的中老年人骨质疏松症，症见腰脊酸痛、胫膝酸软、神疲乏力。
香苏正胃丸,丸剂,解表化湿，和中消食。用于小儿暑湿感冒，症见头痛发热、停食停乳、腹痛胀满、呕吐泄泻、小便不利。
香苏调胃片,片剂,解表和中，健胃化滞。用于胃肠积滞、外感时邪所致的身热体倦、饮食少进、呕吐乳食、腹胀便泻、小便不利。
香连丸,丸剂,清热化湿，行气止痛。用于大肠湿热所致的痢疾，症见大便脓血、里急后重、发热腹痛；肠炎、细菌性痢疾见上述证候者。
香连丸（浓缩丸）,丸剂,清热化湿，行气止痛。用于大肠湿热所致的痢疾，症见大便脓血、里急后重、发热腹痛；肠炎、细菌性痢疾见上述证候者。
香连片,片剂,清热化湿，行气止痛。用于大肠湿热所致的痢疾，症见大便脓血、里急后重、发热腹痛；肠炎、细菌性痢疾见上述证候者。
香连化滞丸,丸剂,清热利湿，行血化滞。用于大肠湿热所致的痢疾，症见大便脓血、里急后重、发热腹痛。
香附丸,丸剂,舒肝健脾，养血调经。用于肝郁血虚、脾失健运所致的月经不调、月经前后诸症，症见经行前后不定期、经量或多或少、有血块，经前胸闷、心烦、双乳胀痛、食欲不振。
香附丸（水丸）,丸剂,舒肝健脾，养血调经。用于肝郁血虚、脾失健运所致的月经不调、月经前后诸症，症见经行前后不定期、经量或多或少、有血块，经前胸闷、心烦、双乳胀痛、食欲不振。
香砂六君丸,丸剂,益气健脾，和胃。用于脾虚气滞，消化不良，嗳气食少，脘腹胀满，大便溏泄。
香砂平胃丸,丸剂,健胃，舒气，止痛。用于胃肠衰弱，消化不良，胸膈满闷，胃痛呕吐。
香砂和中丸,丸剂,健脾燥湿，和中消食。用于脾胃不和，不思饮食，胸满腹胀，恶心呕吐，噫气吞酸。
香砂枳术丸,丸剂,健脾开胃，行气消痞。用于脾虚气滞，脘腹痞闷，食欲不振，大便溏软。
香砂胃苓丸,丸剂,祛湿运脾，行气和胃。用于水湿内停之呕吐，泻泄，浮肿，眩晕，小便不利等症。
香砂养胃丸,丸剂,温中和胃。用于胃阳不足、湿阻气滞所致的胃痛、痞满，症见胃痛隐隐、脘闷不舒、呕吐酸水、嘈杂不适、不思饮食、四肢倦怠。
骨刺消痛片,片剂,祛风止痛。用于风湿痹阻、瘀血阻络所致的痹病，症见关节疼痛、腰腿疼痛、屈伸不利；骨性关节炎、风湿性关节炎、风湿痛见上述证候者。
骨质宁搽剂,搽剂,活血化瘀、消肿止痛。用于瘀血阻络所致骨性关节炎、软组织损伤，症见肿胀、麻木、疼痛及活动功能障碍。
骨痛灵酊,酊剂,温经散寒，祛风活血，通络止痛。用于腰、颈椎骨质增生，骨性关节炎，肩周炎，风湿性关节炎。
骨疏康胶囊,胶囊剂,补肾益气，活血壮骨。用于肾虚气血不足所致的中老年骨质疏松症，症见腰脊酸痛、胫膝酸软、神疲乏力。
骨疏康颗粒,颗粒剂,补肾益气，活血壮骨。用于肾虚气血不足所致的中老年人骨质疏松症，症见腰脊酸痛、胫膝酸软、神疲乏力。
香苏正胃丸,丸剂,解表化湿，和中消食。用于小儿暑湿感冒，症见头痛发热、停食停乳、腹痛胀满、呕吐泄泻、小便不利。
香苏调胃片,片剂,解表和中，健胃化滞。用于胃肠积滞、外感时邪所致的身热体倦、饮食少进、呕吐乳食、腹胀便泻、小便不利。
香连丸,丸剂,清热化湿，行气止痛。用于大肠湿热所致的痢疾，症见大便脓血、里急后重、发热腹痛；肠炎、细菌性痢疾见上述证候者。
香连丸（浓缩丸）,丸剂,清热化湿，行气止痛。用于大肠湿热所致的痢疾，症见大便脓血、里急后重、发热腹痛；肠炎、细菌性痢疾见上述证候者。
香连片,片剂,清热化湿，行气止痛。用于大肠湿热所致的痢疾，症见大便脓血、里急后重、发热腹痛；肠炎、细菌性痢疾见上述证候者。
香连化滞丸,丸剂,清热利湿，行血化滞。用于大肠湿热所致的痢疾，症见大便脓血、里急后重、发热腹痛。
香附丸,丸剂,舒肝健脾，养血调经。用于肝郁血虚、脾失健运所致的月经不调、月经前后诸症，症见经行前后不定期、经量或多或少、有血块，经前胸闷、心烦、双乳胀痛、食欲不振。
香附丸（水丸）,丸剂,舒肝健脾，养血调经。用于肝郁血虚、脾失健运所致的月经不调、月经前后诸症，症见经行前后不定期、经量或多或少、有血块，经前胸闷、心烦、双乳胀痛、食欲不振。
香砂六君丸,丸剂,益气健脾，和胃。用于脾虚气滞，消化不良，嗳气食少，脘腹胀满，大便溏泄。
香砂平胃丸,丸剂,健胃，舒气，止痛。用于胃肠衰弱，消化不良，胸膈满闷，胃痛呕吐。
香砂和中丸,丸剂,健脾燥湿，和中消食。用于脾胃不和，不思饮食，胸满腹胀，恶心呕吐，噫气吞酸。
香砂枳术丸,丸剂,健脾开胃，行气消痞。用于脾虚气滞，脘腹痞闷，食欲不振，大便溏软。
香砂胃苓丸,丸剂,祛湿运脾，行气和胃。用于水湿内停之呕吐，泻泄，浮肿，眩晕，小便不利等症。
香砂养胃丸,丸剂,温中和胃。用于胃阳不足、湿阻气滞所致的胃痛、痞满，症见胃痛隐隐、脘闷不舒、呕吐酸水、嘈杂不适、不思饮食、四肢倦怠。
香砂养胃丸（浓缩丸）,丸剂,温中和胃。用于胃阳不足、湿阻气滞所致的胃痛、痞满，症见胃痛隐隐、脘闷不舒、呕吐酸水、嘈杂不适、不思饮食、四肢倦怠。
香砂养胃颗粒,颗粒剂,温中和胃。用于胃阳不足、湿阻气滞所致的胃痛、痞满，症见胃痛隐隐、脘闷不舒、呕吐酸水、嘈杂不适、不思饮食、四肢倦怠。
复方大青叶合剂,口服液,疏风清热，解毒消肿，凉血利胆。用于外感风热或瘟毒所致的发热头痛、咽喉红肿、耳下肿痛、胁痛黄疸；流感、腮腺炎、急性病毒性肝炎见上述证候者。
复方川贝精片,片剂,宣肺化痰，止咳平喘。用于风寒咳嗽、痰喘引起的咳嗽气喘、胸闷、痰多；急、慢性支气管炎见上述证候者。
复方川芎片,片剂,活血化瘀，通脉止痛。用于冠心病稳定型心绞痛属心血瘀阻证者。
复方川芎胶囊,胶囊剂,活血化瘀，通脉止痛。用于冠心病稳定型心绞痛属心血瘀阻证者。
复方牛黄消炎胶囊,胶囊剂,清热解毒，镇静安神。用于气分热盛，高热烦躁；上呼吸道感染、肺炎、气管炎见上述证候者。
复方牛黄清胃丸,丸剂,清热泻火，解毒通便。用于胃肠实热所致的口舌生疮、牙龈肿痛、咽膈不利、大便秘结、小便短赤。
复方丹参丸（浓缩丸）,丹剂,活血化瘀，理气止痛。用于气滞血瘀所致的胸痹，症见胸闷、心前区刺痛；冠心病心绞痛见上述证候者。
复方丹参片,片剂,活血化瘀，理气止痛。用于气滞血瘀所致的胸痹，症见胸闷、心前区刺痛；冠心病心绞痛见上述证候者。
复方丹参胶囊,胶囊剂,活血化瘀，理气止痛。用于气滞血瘀所致的胸痹，症见胸闷、心前区刺痛；冠心病、心绞痛见上述证候者。
复方丹参喷雾剂,丹剂,活血化瘀，理气止痛。用于气滞血瘀所致的胸痹，症见胸闷、心前区刺痛；冠心病心绞痛见上述证候者。
复方丹参颗粒,颗粒剂,活血化瘀，理气止痛。用于气滞血瘀所致的胸痹，症见胸闷、心前区刺痛；冠心病心绞痛见上述证候者。
复方丹参滴丸,滴丸,活血化瘀，理气止痛。用于气滞血瘀所致的胸痹，症见胸闷、心前区刺痛；冠心病心绞痛见上述证候者。用于2型糖尿病引起的Ⅰ期（轻度）、Ⅱ期（中度）非增殖性糖尿病视网膜病变气滞血瘀证所致的视物昏花、面色晦暗、眼底点片状出血，舌质紫暗或有瘀点瘀斑、脉涩或细涩。
复方双花口服液,口服液,清热解毒，利咽消肿。用于风热外感、风热乳蛾。症见发热，微恶风，头痛，鼻塞流涕，咽红而痛或咽喉干燥灼痛，吞咽则加剧，咽扁桃体红肿，舌边尖红苔薄黄或舌红苔黄，脉浮数或数。
复方石韦片,片剂,清热燥湿，利尿通淋。用于下焦湿热所致的热淋，症见小便不利、尿频、尿急、尿痛、下肢浮肿；急性肾小球肾炎、肾盂肾炎、膀胱炎、尿道炎见上述证候者。
复方龙血竭胶囊,胶囊剂,活血化瘀，通窍止痛。用于稳定性劳力性冠心病心绞痛Ⅰ、Ⅱ级，中医辨证为心血瘀阻证，症见胸闷刺痛、绞痛，固定不移，入夜更甚，时或心悸不宁，舌质紫暗，脉沉。
复方仙鹤草肠炎胶囊,胶囊剂,清热燥湿，健脾止泻。用于脾虚湿热内蕴所致的泄泻急迫、泻而不爽，或大便溏泻、食少倦怠、腹胀腹痛；急、慢性肠炎见上述证候者。
复方瓜子金颗粒,颗粒剂,清热利咽，散结止痛，祛痰止咳。用于风热袭肺或痰热壅肺所致的咽部红肿、咽痛、发热、咳嗽；急性咽炎、慢性咽炎急性发作及上呼吸道感染见上述证候者。
复方血栓通胶囊,胶囊剂,活血化瘀，益气养阴。用于血瘀兼气阴两虚证的视网膜静脉阻塞，症见视力下降或视觉异常、眼底瘀血征象、神疲乏力、咽干、口干；以及用于血瘀兼气阴两虚的稳定性劳累型心绞痛，症见胸闷、胸痛、心悸、心慌、气短、乏力、心烦、口干。
复方羊角片,片剂,平肝熄风，通络止痛。用于肝风上扰，瘀血阻络所致偏头痛，紧张性头痛。
复方芩兰口服液,口服液,辛凉解表，清热解毒。用于外感风热引起的发热、咳嗽、咽痛。
复方杏香兔耳风颗粒,颗粒剂,清热化湿，祛瘀生新。用于湿热下注所致的带下，症见带下量多、色黄，小腹隐痛；宫颈糜烂、阴道炎、慢性盆腔炎见上述证候者。
复方扶芳藤合剂,口服液,益气补血，健脾养心。用于气血不足，心脾两虚，症见气短胸闷、少气懒言、神疲乏力、自汗、心悸健忘、失眠多梦、面色不华、纳谷不馨、脘腹胀满、大便溏软、舌淡胖或有齿痕、脉细弱；神经衰弱、白细胞减少症见上述证候者。
复方陈香胃片,片剂,行气和胃，制酸止痛。用于脾胃气滞所致的胃脘疼痛、脘腹痞满、嗳气吞酸；胃及十二指肠溃疡、慢性胃炎见上述证候者。
复方青黛丸,丸剂,清热凉血，解毒消斑。用于血热所致的白疕、血风疮，症见皮疹色鲜红、筛状出血明显、鳞屑多、瘙痒明显，或皮疹为圆形、椭圆形红斑，上附糠粃状鳞屑，有母斑；银屑病进行期、玫瑰糠疹见上述证候者。
复方苦参肠炎康片,片剂,清热燥湿止泻。用于湿热泄泻，症见泄泻急迫或泻而不爽、肛门灼热、腹痛、小便短赤；急性胃肠炎见上述证候者。
复方金钱草颗粒,颗粒剂,清热利湿，通淋排石。用于湿热下注所致的热淋、石淋，症见尿频、尿急、尿痛、腰痛；泌尿系结石、尿路感染见上述证候者。
复方金黄连颗粒,颗粒剂,清热疏风，解毒利咽。用于风热感冒，症见发热、恶风、头痛、鼻塞、流浊涕、咳嗽、咽痛。
复方鱼腥草片,片剂,清热解毒。用于外感风热所致的急喉痹、急乳蛾，症见咽部红肿、咽痛；急性咽炎、急性扁桃体炎见上述证候者。
复方鱼腥草合剂,口服液,清热解毒。用于外感风热所致的急喉痹、急乳蛾，症见咽部红肿、咽痛；急性咽炎、急性扁桃体炎见上述证候者。
复方鱼腥草糖浆,糖浆剂,清热解毒。用于外感风热所致的急喉痹、急乳蛾，症见咽部红肿、咽痛；急性咽炎、急性扁桃体炎见上述证候者。
复方珍珠口疮颗粒,颗粒剂,燥湿，生肌止痛。用于心脾湿热证口疮，症见口疮，周围红肿，中间凹陷，表面黄白，灼热疼痛，口干，口臭，舌红；复发性口腔溃疡见上述证候者。
复方珍珠散,散剂,收湿敛疮，生肌长肉。用于热毒蕴结所致的溃疡，症见疮面鲜活、脓腐将尽。
复方珍珠暗疮片,片剂,清热解毒，凉血消斑。用于血热蕴阻肌肤所致的粉刺、湿疮，症见颜面部红斑、粉刺疙瘩、脓疱，或皮肤红斑丘疹、瘙痒；痤疮、红斑丘疹性湿疹见上述证候者。
复方草珊瑚含片,片剂,疏风清热，消肿止痛，清利咽喉。用于外感风热所致的喉痹，症见咽喉肿痛、声哑失音；急性咽喉炎见上述证候者。
复方牵正膏,膏剂,祛风活血，舒经活络。用于风邪中络，口眼歪斜，肌肉麻木，筋骨疼痛。
复方夏天无片,片剂,祛风逐湿，舒筋活络，行血止痛。用于风湿瘀血阻滞，经络不通引起的关节肿痛、肢体麻木、屈伸不利、步履艰难；风湿性关节炎、坐骨神经痛、脑血栓形成后遗症及小儿麻痹后遗症见上述证候者。
复方益母草胶囊,胶囊剂,调经活血，祛瘀生新。用于瘀血所致月经过多、过少及经期延长，产后子宫复旧不全引起的恶露不绝。
复方益肝丸,丸剂,清热利湿，疏肝理脾，化瘀散结。用于湿热毒蕴所致的胁肋胀痛、黄疸、口干口苦、苔黄脉弦；急、慢性肝炎见上述证候者。
复方益肝灵胶囊,胶囊剂,益肝滋肾，解毒祛湿。用于肝肾阴虚，湿毒未清所致的胁痛，症见胁痛、纳差、腹胀、腰酸乏力、尿黄；慢性肝炎见上述证候者。
复方消食茶,茶剂,健脾利湿，开胃导滞。用于脾虚食滞，食欲不振，便溏消瘦。
复方黄连素片,片剂,清热燥湿，行气止痛，止痢止泻。用于大肠湿热，赤白下痢，里急后重或暴注下泻，肛门灼热；肠炎、痢疾见上述证候者。
复方黄柏液涂剂,搽剂,清热解毒，消肿祛腐。用于疮疡溃后，伤口感染，属阳证者。
复方羚角降压片,片剂,平肝泄热。用于肝火上炎、肝阳上亢所致的头晕、头胀、头痛、耳鸣；高血压病见上述证候者。
复方蛤青片,片剂,补气敛肺，止咳平喘，温化痰饮。用于肺虚咳嗽，气喘痰多；老年慢性气管炎、肺气肿、喘息性支气管炎见上述证候者。
复方满山红糖浆,糖浆剂,止咳，祛痰，平喘。用于痰浊阻肺引起的咳嗽，痰多，喘息；急、慢性支气管炎见上述证候者。
复方滇鸡血藤膏,膏剂,活血养血，益肾。用于瘀血阻络、肾失所养所致的月经不调，症见经水后错、经量少、有血块，腰酸、小腹下坠、手足麻木、关节酸痛。
复方鲜竹沥液,口服液,清热化痰，止咳。用于痰热咳嗽，痰黄黏稠。
复方熊胆滴眼液,洗剂,清热降火，退翳明目。用于肝火上炎、热毒伤络所致的白睛红赤、眵多、羞明流泪；急性细菌性结膜炎、流行性角结膜炎见上述证候者。
复芪止汗颗粒,颗粒剂,益气，固表，敛汗。用于气虚不固，多汗，倦怠，乏力。
复明片,片剂,滋补肝肾，养阴生津，清肝明目。用于肝肾阴虚所致的羞明畏光、视物模糊；青光眼，初、中期白内障见上述证候者。
复脉定胶囊,胶囊剂,补气活血，宁心安神。用于气虚血瘀所致的怔忡、心悸、脉结代；轻、中度房性早搏或室性早搏见有上述证候者。
便通片,片剂,健脾益肾，润肠通便。用于脾肾不足，肠腑气滞所致的便秘。症见：大便秘结或排便乏力，神疲气短，头晕目眩，腰膝酸软；习惯性便秘，肛周疾患所引起的便秘见上述证候者。
便通胶囊,胶囊剂,健脾益肾，润肠通便。用于脾肾不足，肠腑气滞所致的便秘。症见：大便秘结或排便乏力，神疲气短，头晕目眩，腰膝酸软；习惯性便秘，肛周疾患所引起的便秘见上述证候者。
保心片,片剂,滋补肝肾，活血化瘀。用于肝肾不足、瘀血内停所致的胸痹，症见胸闷、心前区刺痛；冠心病心绞痛见上述证候者。
保妇康栓,栓剂,行气破瘀，生肌止痛。用于湿热瘀滞所致的带下病，症见带下量多、色黄、时有阴部瘙痒；霉菌性阴道炎、老年性阴道炎、宫颈糜烂见上述证候者。
保赤散,散剂,消食导滞，化痰镇惊。用于小儿冷积，停乳停食，大便秘结，腹部胀满，痰多。
保和丸,丸剂,消食，导滞，和胃。用于食积停滞，脘腹胀满，嗳腐吞酸，不欲饮食。
保和丸（水丸）,丸剂,消食，导滞，和胃。用于食积停滞，脘腹胀满，嗳腐吞酸，不欲饮食。
保和片,片剂,消食，导滞，和胃。用于食积停滞，脘腹胀满，嗳腐吞酸，不欲饮食。
保和颗粒,颗粒剂,消食，导滞，和胃。用于食积停滞，脘腹胀满，嗳腐吞酸，不欲饮食。
保胎丸,丸剂,益气养血，补肾安胎。用于气血不足、肾气不固所致的胎漏、胎动不安，症见小腹坠痛，或见阴道少量出血，或屡经流产，伴神疲乏力、腰膝酸软。
保济口服液,口服液,解表，祛湿，和中。用于暑湿感冒，症见发热头痛、腹痛腹泻、恶心呕吐、肠胃不适；亦可用于晕车晕船。
保济丸,丸剂,解表，祛湿，和中。用于暑湿感冒，症见发热头痛、腹痛腹泻、恶心呕吐、肠胃不适；亦可用于晕车晕船。
恒古骨伤愈合剂,口服液,活血益气、补肝肾、接骨续筋、消肿止痛、促进骨折愈合。用于新鲜骨折及陈旧骨折、股骨头坏死、骨关节病、腰椎间盘突出症。
恒制咳喘胶囊,胶囊剂,益气温阳，燥湿化痰，降气平喘。用于阳虚痰阻所致的咳嗽痰喘，胸脘满闷，倦怠乏力。
追风透骨丸,丸剂,祛风除湿，通经活络，散寒止痛。用于风寒湿痹，肢节疼痛，肢体麻木。
胆石通胶囊,胶囊剂,清热利湿，利胆排石。用于肝胆湿热所致的胁痛、胆胀，症见右胁胀痛、痞满呕恶、尿黄口苦；胆石症、胆囊炎见上述证候者。
胆乐胶囊,胶囊剂,理气止痛，利胆排石。用于肝郁气滞所致的胁痛、胆胀，症见胁肋胀痛、纳呆尿黄；慢性胆囊炎、胆石症见上述证候者。
胆宁片,片剂,疏肝利胆，清热通下。用于肝郁气滞、湿热未清所致的右上腹隐隐作痛、食入作胀、胃纳不香、嗳气、便秘；慢性胆囊炎见上述证候者。
胆康胶囊,胶囊剂,舒肝利胆，清热解毒，理气止痛。用于急、慢性胆囊炎，胆道结石。
脉络舒通丸,丸剂,清热解毒，化瘀通络，祛湿消肿。用于湿热瘀阻脉络所致的血栓性浅静脉炎，非急性期深静脉血栓形成所致的下肢肢体肿胀、疼痛、肤色暗红或伴有条索状物。
脉络舒通颗粒,颗粒剂,清热解毒，化瘀通络，祛湿消肿。用于湿热瘀阻脉络所致的血栓性浅静脉炎，非急性期深静脉血栓形成所致的下肢肢体肿胀、疼痛、肤色暗红或伴有条索状物。
脉管复康片,片剂,活血化瘀、通经活络。用于瘀血阻滞、脉络不通引起的脉管炎、硬皮病、动脉硬化性下肢血管闭塞症，对冠心病、脑血栓后遗症属上述证候者也有一定治疗作用。
独一味片,片剂,活血止痛，化瘀止血。用于多种外科手术后的刀口疼痛、出血，外伤骨折，筋骨扭伤，风湿痹痛以及崩漏、痛经、牙龈肿痛、出血。
独一味胶囊,胶囊剂,活血止痛，化瘀止血。用于多种外科手术后的刀口疼痛、出血，外伤骨折，筋骨扭伤，风湿痹痛以及崩漏、痛经、牙龈肿痛、出血。
独圣活血片,片剂,活血消肿，理气止痛。用于跌打损伤，瘀血肿胀及气滞血瘀所致的痛经。
独活寄生丸,丸剂,养血舒筋，祛风除湿，补益肝肾。用于风寒湿闭阻、肝肾两亏、气血不足所致的痹病，症见腰膝冷痛、屈伸不利。
独活寄生合剂,口服液,养血舒筋，祛风除湿，补益肝肾。用于风寒湿闭阻、肝肾两亏、气血不足所致的痹病，症见腰膝冷痛、屈伸不利。
急支颗粒,颗粒剂,清热化痰，宣肺止咳。用于外感风热所致的咳嗽，症见发热、恶寒、胸膈满闷、咳嗽咽痛；急性支气管炎、慢性支气管炎急性发作见上述证候者。
急支糖浆,糖浆剂,清热化痰，宣肺止咳。用于外感风热所致的咳嗽，症见发热、恶寒、胸膈满闷、咳嗽咽痛；急性支气管炎、慢性支气管炎急性发作见上述证候者。
养心氏片,片剂,益气活血，化瘀止痛。用于气虚血瘀所致的胸痹，症见心悸气短、胸闷、心前区刺痛；冠心病、心绞痛见于上述证候者。
养心生脉颗粒,颗粒剂,益气养阴，活血祛瘀。用于气虚阴亏血瘀所致的胸痹心痛，症见胸闷、胸痛、心悸、气短、乏力、口干咽燥；冠心病心绞痛见上述证候者。
养心定悸口服液,口服液,养血益气，复脉定悸。用于气虚血少，心悸气短，心律不齐，盗汗失眠，咽干舌燥，大便干结。
养心定悸膏,膏剂,养血益气，复脉定悸。用于气虚血少，心悸气短，心律不齐，盗汗失眠，咽干舌燥，大便干结。
养正消积胶囊,胶囊剂,健脾益肾、化瘀解毒。适用于不宜手术的脾肾两虚、瘀毒内阻型原发性肝癌辅助治疗，与肝内动脉介入灌注加栓塞化疗合用，有助于提高介入化疗疗效、减轻对白细胞、肝功能、血红蛋白的毒性作用，改善患者生存质量、改善脘腹胀满、纳呆食少、神疲乏力、腰膝酸软、溲赤便溏、疼痛。
养血生发胶囊,胶囊剂,养血祛风，益肾填精。用于血虚风盛、肾精不足所致的脱发，症见毛发松动或呈稀疏状脱落、毛发干燥或油腻、头皮瘙痒；斑秃、全秃、脂溢性脱发与病后、产后脱发见上述证候者。
养血当归胶囊,胶囊剂,补气养血，调经。用于气血两虚所致的月经不调，月经量少，行经腹痛及产后血虚，或见面黄肌瘦、贫血。
养血当归糖浆,糖浆剂,补气养血，调经。用于气血两虚所致的月经不调，月经量少，行经腹痛及产后血虚，或见面黄肌瘦、贫血。
养血饮口服液,口服液,补气养血，益肾助脾。用于气血两亏，崩漏下血，体虚羸弱，血小板减少及贫血，对放疗和化疗后引起的白细胞减少症有一定的治疗作用。
养血荣筋丸,丸剂,养血荣筋，祛风通络。用于陈旧性跌打损伤，症见筋骨疼痛、肢体麻木、肌肉萎缩、关节不利。
养血清脑丸,丸剂,养血平肝，活血通络。用于血虚肝旺所致的头痛眩晕、心烦易怒、失眠多梦。
养血清脑颗粒,颗粒剂,养血平肝，活血通络。用于血虚肝旺所致的头痛眩晕、心烦易怒、失眠多梦。
养阴生血合剂,口服液,养阴清热，益气生血。用于阴虚内热、气血不足所致的口干咽燥、食欲减退、倦怠无力；有助于减轻肿瘤患者白细胞下降，改善免疫功能，用于肿瘤患者放疗时见上述证候者。
养阴降糖片,片剂,养阴益气，清热活血。用于气阴不足、内热消渴，症见烦热口渴、多食多饮、倦怠乏力；2型糖尿病见上述证候者。
养阴清肺丸,丸剂,养阴润燥，清肺利咽。用于阴虚肺燥，咽喉干痛，干咳少痰或痰中带血。
养阴清肺口服液,口服液,养阴润肺，清肺利咽。用于阴虚肺燥，咽喉干痛，干咳少痰，或痰中带血。
养阴清肺膏,膏剂,养阴润燥，清肺利咽。用于阴虚肺燥，咽喉干痛，干咳少痰或痰中带血。
养胃颗粒,颗粒剂,养胃健脾，理气和中。用于脾虚气滞所致的胃痛，症见胃脘不舒、胀满疼痛、嗳气食少；慢性萎缩性胃炎见上述证候者。
前列欣胶囊,胶囊剂,活血化瘀，清热利湿。用于瘀血凝聚、湿热下注所致的淋证，症见尿急、尿痛、排尿不畅、滴沥不净；慢性前列腺炎、前列腺增生见上述证候者。
前列通片,片剂,清利湿浊，化瘀散结。用于热瘀蕴结下焦所致的轻、中度癃闭，症见排尿不畅、尿流变细、小便频数，可伴尿急、尿痛或腰痛；前列腺炎和前列腺增生见上述证候者。
前列舒丸,丸剂,扶正固本，益肾利尿。用于肾虚所致的淋证，症见尿频、尿急、排尿滴沥不尽；慢性前列腺炎及前列腺增生症见上述证候者。
首乌丸,丸剂,补肝肾，强筋骨，乌须发。用于肝肾两虚，头晕目花，耳鸣，腰酸肢麻，须发早白；亦用于高脂血症。
洁白丸,丸剂,健脾和胃，止痛止吐，分清泌浊。用于胸腹胀满，胃脘疼痛，消化不良，呕逆泄泻，小便不利。
活力苏口服液,口服液,益气补血，滋养肝肾。用于年老体弱，精神萎靡，失眠健忘，眼花耳聋，脱发或头发早白属气血不足，肝肾亏虚者。
活血止痛软胶囊,软胶囊,活血散瘀，消肿止痛。用于跌打损伤，瘀血肿痛。
活血止痛胶囊,胶囊剂,活血散瘀，消肿止痛。用于跌打损伤，瘀血肿痛。
活血止痛散,散剂,活血散瘀，消肿止痛。用于跌打损伤，瘀血肿痛。
活血止痛膏,膏剂,活血止痛，舒筋通络。用于筋骨疼痛，肌肉麻痹，痰核流注，关节酸痛。
活血壮筋丸,丸剂,祛风活血，强腰壮筋。用于筋骨疼痛，周身麻木，半身不遂，口歪眼斜。
活血通脉片,片剂,行气活血，通脉止痛。用于冠心病心绞痛气滞血瘀证。
济生肾气丸,丸剂,温肾化气，利水消肿。用于肾阳不足、水湿内停所致的肾虚水肿、腰膝酸重、小便不利、痰饮咳喘。
洋参保肺丸,丸剂,滋阴补肺，止嗽定喘。用于阴虚肺热，咳嗽痰喘，胸闷气短，口燥咽干，睡卧不安。
津力达颗粒,颗粒剂,益气养阴，健脾运津。用于2型糖尿病气阴两虚证，症见：口渴多饮，消谷易饥，尿多，形体渐瘦，倦怠乏力，自汗盗汗，五心烦热，便秘等。
宣肺止嗽合剂,口服液,疏风宣肺，止咳化痰。用于咳嗽属风邪犯肺证，症见咳嗽、咽痒、鼻塞流涕、恶寒发热、咯痰。
宫宁颗粒,颗粒剂,化瘀清热，固经止血。用于瘀热所致的月经过多、经期延长；放置宫内节育器后引起的子宫异常出血见上述证候者。
宫血宁胶囊,胶囊剂,凉血止血，清热除湿，化瘀止痛。用于崩漏下血，月经过多，产后或流产后宫缩不良出血及子宫功能性出血属血热妄行证者，以及慢性盆腔炎之湿热瘀结所致的少腹痛、腰骶痛、带下增多。
宫炎平片,片剂,清热利湿，祛瘀止痛，收敛止带。用于湿热瘀阻所致带下病，症见小腹隐痛，经色紫暗、有块，带下色黄质稠；慢性盆腔炎见上述证候者。
宫炎平滴丸,滴丸,清热利湿，祛瘀止痛，收敛止带。用于湿热瘀阻所致带下病，症见小腹隐痛，经色紫暗、有块，带下色黄质稠；慢性盆腔炎见上述证候者。
宫瘤清片,片剂,活血逐瘀，消癥破积。用于瘀血内停所致的妇女癥瘕，症见小腹胀痛、经色紫黯有块、经行不爽；子宫肌瘤见上述证候者。
宫瘤清胶囊,胶囊剂,活血逐瘀，消癥破积。用于瘀血内停所致的妇女癥瘕，症见小腹胀痛、经色紫暗有块、经行不爽；子宫肌瘤见上述证候者。
穿心莲内酯滴丸,滴丸,清热解毒，抗菌消炎。用于上呼吸道感染，细菌性痢疾。
穿心莲片,片剂,清热解毒，凉血消肿。用于邪毒内盛，感冒发热，咽喉肿痛，口舌生疮，顿咳劳嗽，泄泻痢疾，热淋涩痛，痈肿疮疡，毒蛇咬伤。
穿心莲胶囊,胶囊剂,清热解毒，凉血消肿。用于邪毒内盛，感冒发热，咽喉肿痛，口舌生疮，顿咳劳嗽，泄泻痢疾，热淋涩痛，痈肿疮疡，毒蛇咬伤。
穿龙骨刺片,片剂,补肾健骨，活血止痛。用于肾虚血瘀所致的骨性关节炎，症见关节疼痛。
冠心丹参片,片剂,活血化瘀，理气止痛。用于气滞血瘀所致的胸闷、胸痹、心悸、气短；冠心病见上述证候者。
冠心丹参胶囊,胶囊剂,活血化瘀，理气止痛。用于气滞血瘀所致的胸痹，症见胸闷刺痛、心悸气短；冠心病心绞痛见上述证候者。
冠心生脉口服液,口服液,益气生津，活血通脉。用于气阴不足，心脉瘀阻所致的心悸气短，胸闷作痛，自汗乏力，脉微结代。
冠心苏合丸,丸剂,理气，宽胸，止痛。用于寒凝气滞、心脉不通所致的胸痹，症见胸闷、心前区疼痛；冠心病心绞痛见上述证候者。
冠心苏合胶囊,胶囊剂,理气，宽胸，止痛。用于寒凝气滞、心脉不通所致的胸痹，症见胸闷、心前区疼痛；冠心病心绞痛见上述证候者。
冠心舒通胶囊,胶囊剂,活血化瘀，通经活络，行气止痛。用于胸痹心血瘀阻证，症见胸痛、胸闷、心慌、气短；冠心病、心绞痛见上述证候者。
冠脉宁胶囊,胶囊剂,活血化瘀，行气止痛。用于胸部刺痛，固定不移，入夜更甚，心悸不宁，舌质紫暗，脉沉弦；冠心病心绞痛、冠状动脉供血不足见上述证候者。
祛风止痛丸,丸剂,祛风寒，补肝肾，壮筋骨。用于风寒湿邪闭阻、肝肾亏虚所致的痹病，症见关节肿胀、腰膝疼痛、四肢麻木。
祛风止痛片,片剂,祛风寒，补肝肾，壮筋骨。用于风寒湿邪闭阻、肝肾亏虚所致的痹病，症见关节肿胀、腰膝疼痛、四肢麻木。
祛风止痛胶囊,胶囊剂,祛风寒，补肝肾，壮筋骨。用于风寒湿邪闭阻、肝肾亏虚所致的痹病，症见关节肿胀、腰膝疼痛、四肢麻木。
祛风舒筋丸,丸剂,祛风散寒，除湿活络。用于风寒湿闭阻所致的痹病，症见关节疼痛、局部畏恶风寒、屈伸不利、四肢麻木、腰腿疼痛。
祛伤消肿酊,酊剂,活血化瘀，消肿止痛。用于跌打损伤，皮肤青紫瘀斑，肿胀疼痛，关节屈伸不利；急性扭挫伤见上述证候者。
祛痰灵口服液,口服液,清肺化痰。用于痰热壅肺所致的咳嗽、痰多、喘促；急、慢性支气管炎见上述证候者。
祖师麻片,片剂,祛风除湿，活血止痛。用于风湿痹症，关节炎，类风湿关节炎。也可用于坐骨神经痛、肩周炎寒湿阻络证，症见：关节痛，遇寒痛增，得热痛减，以及腰、腿、肩部疼痛重着者等。
神香苏合丸,丸剂,温通宣痹，行气化浊。用于寒凝心脉、气机不畅所致的胸痹，症见心痛、胸闷、胀满、遇寒加重；冠心病心绞痛见上述证候者。
除湿白带丸,丸剂,健脾益气，除湿止带。用于脾虚湿盛所致带下病，症见带下量多、色白质稀、纳少、腹胀、便溏。
珠黄吹喉散,散剂,解毒化腐生肌。用于热毒内蕴所致的咽喉口舌肿痛、糜烂。
珠黄散,散剂,清热解毒，祛腐生肌。用于热毒内蕴所致的咽痛、咽部红肿、糜烂、口腔溃疡久不收敛。
蚕蛾公补片,片剂,补肾壮阳，养血，填精。用于肾阳虚损，阳痿早泄，性功能衰退。
都梁丸,丸剂,祛风散寒，活血通络。用于风寒瘀血阻滞脉络所致的头痛，症见头胀痛或刺痛、痛有定处、反复发作、遇风寒诱发或加重。
都梁软胶囊,软胶囊,祛风散寒，活血通络。用于风寒瘀血阻滞脉络所致的头痛，症见头胀痛或刺痛，痛有定处，反复发作，遇风寒诱发或加重。
都梁滴丸,滴丸,祛风散寒，活血通络。用于风寒瘀血阻滞脉络所致的头痛，症见头胀痛或刺痛，痛有定处，反复发作，遇风寒诱发或加重。
荷丹片,片剂,化痰降浊，活血化瘀。用于高脂血症属痰浊挟瘀证候者。
荷叶丸,丸剂,凉血止血。用于血热所致的咯血、衄血、尿血、便血、崩漏。
桂龙咳喘宁胶囊,胶囊剂,止咳化痰，降气平喘。用于外感风寒、痰湿阻肺引起的咳嗽、气喘、痰涎壅盛；急慢性支气管炎见上述证候者。
桂龙咳喘宁颗粒,颗粒剂,止咳化痰，降气平喘。用于外感风寒、痰湿阻肺引起的咳嗽、气喘、痰涎壅盛；急、慢性支气管炎见上述证候者。
桂芍镇痫片,片剂,调和营卫，清肝胆。用于治疗各种发作类型的癫痫。
桂附地黄口服液,口服液,温补肾阳。用于肾阳不足，腰膝酸冷，肢体浮肿，小便不利或反多，痰饮喘咳，消渴。
桂附地黄丸,丸剂,温补肾阳。用于肾阳不足，腰膝酸冷，肢体浮肿，小便不利或反多，痰饮喘咳，消渴。
桂附地黄胶囊,胶囊剂,温补肾阳。用于肾阳不足，腰膝酸冷，肢体浮肿，小便不利或反多，痰饮喘咳，消渴。
桂附理中丸,丸剂,补肾助阳，温中健脾。用于肾阳衰弱，脾胃虚寒，脘腹冷痛，呕吐泄泻，四肢厥冷。
桂林西瓜霜,散剂,清热解毒，消肿止痛。用于风热上攻、肺胃热盛所致的乳蛾、喉痹、口糜，症见咽喉肿痛、喉核肿大、口舌生疮、牙龈肿痛或出血；急、慢性咽炎，扁桃体炎，口腔炎，口腔溃疡，牙龈炎见上述证候者及轻度烫伤（表皮未破）者。
桂枝茯苓丸,丸剂,活血，化瘀，消癥。用于妇人宿有癥块，或血瘀经闭，行经腹痛，产后恶露不尽。
桂枝茯苓片,片剂,活血，化瘀，消癥。用于妇人瘀血阻络所致癥块、经闭、痛经、产后恶露不尽；子宫肌瘤，慢性盆腔炎包块，痛经，子宫内膜异位症，卵巢囊肿见上述证候者。
桂枝茯苓胶囊,胶囊剂,活血，化瘀，消癥。用于妇人瘀血阻络所致癥块、经闭、痛经、产后恶露不尽；子宫肌瘤，慢性盆腔炎包块，痛经，子宫内膜异位症，卵巢囊肿见上述证候者；也可用于女性乳腺囊性增生病属瘀血阻络证，症见乳房疼痛、乳房肿块、胸胁胀闷；或用于前列腺增生属瘀阻膀胱证，症见小便不爽、尿细如线、或点滴而下、小腹胀痛者。
桔贝合剂,口服液,清热润肺，化痰止咳。用于肺热咳嗽，痰稠色黄，咯痰不爽。
桔梗冬花片,片剂,止咳祛痰。用于痰浊阻肺所致的咳嗽痰多；支气管炎见上述证候者。
根痛平颗粒,颗粒剂,活血，通络，止痛。用于风寒阻络所致颈、腰椎病，症见肩颈疼痛、活动受限、上肢麻木。
速效牛黄丸,丸剂,清热解毒，开窍镇惊。用于痰火内盛所致烦躁不安、神志昏迷及高血压引起的头目眩晕。
唇齿清胃丸,丸剂,清胃火。用于由胃火引起的牙龈肿痛，口干唇裂，咽喉痛。
夏天无片,片剂,活血通络，行气止痛。用于瘀血阻络、气行不畅所致的中风，症见半身不遂、偏身麻木，或跌扑损伤、气血瘀阻所致的肢体疼痛、肿胀麻木；风湿性关节炎、坐骨神经痛见上述证候者。
夏天无滴眼液,洗剂,活血明目舒筋。用于血瘀筋脉阻滞所致的青少年远视力下降、不能久视；青少年假性近视症见上述证候者。
夏枯草口服液,口服液,清火，散结，消肿。用于火热内蕴所致的头痛、眩晕、瘰疬、瘿瘤、乳痈肿痛；甲状腺肿大、淋巴结核、乳腺增生见上述证候者。
夏枯草膏,膏剂,清火，散结，消肿。用于火热内蕴所致的头痛、眩晕、瘰疬、瘿瘤、乳痈肿痛；甲状腺肿大、淋巴结核、乳腺增生病见上述证候者。
夏桑菊颗粒,颗粒剂,清肝明目，疏风散热，除湿痹，解疮毒。用于风热感冒，目赤头痛，高血压，头晕耳鸣，咽喉肿痛，疔疮肿毒。
热炎宁片,片剂,清热解毒。用于外感风热、内郁化火所致的风热感冒、发热、咽喉肿痛、口苦咽干、咳嗽痰黄、尿黄便结；化脓性扁桃体炎、急性咽炎、急性支气管炎、单纯性肺炎见上述证候者。
热炎宁合剂,口服液,清热解毒。用于外感风热、内郁化火所致的风热感冒、发热、咽喉肿痛，口苦咽干、咳嗽痰黄、尿黄便结；化脓性扁桃体炎，急性咽炎、急性支气管炎、单纯性肺炎见上述证候者。
热炎宁颗粒,颗粒剂,清热解毒。用于外感风热、内郁化火所致的风热感冒、发热、咽喉肿痛、口苦咽干、咳嗽痰黄、尿黄便结；化脓性扁桃体炎、急性咽炎、急性支气管炎、单纯性肺炎见上述证候者。
热淋清颗粒,颗粒剂,清热泻火，利尿通淋。用于下焦湿热所致的热淋，症见尿频、尿急、尿痛；尿路感染、肾盂肾炎见上述证候者。
柴连口服液,口服液,解表宣肺，化湿和中。用于感冒风寒挟湿证，症见恶寒发热，头痛鼻塞，咳嗽，咽干，脘闷，恶心。
柴胡口服液,口服液,解表退热。用于外感发热，症见身热面赤、头痛身楚、口干而渴。
柴胡舒肝丸,丸剂,舒肝理气，消胀止痛。用于肝气不舒，胸胁痞闷，食滞不清，呕吐酸水。
柴胡滴丸,滴丸,解表退热。用于外感发热，症见身热面赤、头痛身楚、口干而渴。
柴黄口服液,口服液,清热解表。用于风热感冒，症见发热、周身不适、头痛、目眩、咽喉肿痛。
柴黄片,片剂,清热解表。用于风热感冒，症见发热、周身不适、头痛、目眩、咽喉肿痛。
柴银口服液,口服液,清热解毒，利咽止咳。用于上呼吸道感染外感风热证，症见：发热恶风，头痛、咽痛，汗出，鼻塞流涕，咳嗽，舌边尖红，苔薄黄。
致康胶囊,胶囊剂,清热凉血止血，化瘀生肌定痛。用于创伤性出血，崩漏、呕血及便血等。
逍遥丸,丸剂,疏肝健脾，养血调经。用于肝郁脾虚所致的郁闷不舒、胸胁胀痛、头晕目眩、食欲减退、月经不调。
逍遥丸（水丸）,丸剂,疏肝健脾，养血调经。用于肝郁脾虚所致的郁闷不舒、胸胁胀痛、头晕目眩、食欲减退、月经不调。
逍遥丸（浓缩丸）,丸剂,疏肝健脾，养血调经。用于肝郁脾虚所致的郁闷不舒，胸胁胀痛，头晕目眩，食欲减退，月经不调。
逍遥片,片剂,疏肝健脾，养血调经。用于肝郁脾虚所致的郁闷不舒、胸胁胀痛、头晕目眩、食欲减退、月经不调。
逍遥胶囊,胶囊剂,疏肝健脾，养血调经。用于肝郁脾虚所致的郁闷不舒、胸胁胀痛、头晕目眩、食欲减退、月经不调。
逍遥颗粒,颗粒剂,疏肝健脾，养血调经。用于肝郁脾虚所致的郁闷不舒，胸胁胀痛，头晕目眩，食欲减退，月经不调。
蚝贝钙咀嚼片,片剂,补肾壮骨。用于儿童钙质缺乏及老年骨质疏松症的辅助治疗。
钻山风糖浆,糖浆剂,祛风除湿，散瘀镇痛，舒筋活络。用于风寒湿痹引起的腰膝冷痛，肢体麻木，伸屈不利等症。
铁笛口服液,口服液,润肺利咽，生津止渴。用于阴虚肺热津亏引起的咽干声哑、咽喉疼痛、口渴烦躁。
铁笛丸,丸剂,润肺利咽，生津止渴。用于阴虚肺热津亏引起的咽干声哑、咽喉疼痛、口渴烦躁。
积雪苷片,片剂,有促进创伤愈合作用。用于治疗外伤，手术创伤，烧伤，疤痕疙瘩及硬皮病。
射麻口服液,口服液,清肺化痰，止咳平喘。用于外邪犯肺、入里化热所致咳嗽、痰多稠粘，胸闷气喘，喉中痰鸣，发热或不发热，舌苔黄或黄白，或舌质红，脉弦滑或滑数。
健儿乐颗粒,颗粒剂,健脾消食，清心安神。用于脾失健运、心肝热盛所致厌食、夜啼，症见纳呆食少、消化不良、夜惊夜啼、夜眠不宁。
健儿消食口服液,口服液,健脾益胃，理气消食。用于小儿饮食不节、损伤脾胃引起的纳呆食少，脘胀腹满，手足心热，自汗乏力，大便不调，以至厌食、恶食。
健民咽喉片,片剂,清利咽喉，养阴生津，解毒泻火。用于热盛津伤、热毒内盛所致的咽喉肿痛、失音及上呼吸道炎症。
健步丸,丸剂,补肝肾，强筋骨。用于肝肾不足，腰膝酸软，下肢痿弱，步履艰难。
健胃片,片剂,舒肝和胃，消食导滞，理气止痛。用于肝胃不和，饮食停滞所致的胃痛，痞满，症见胃脘胀痛，嘈杂食少，嗳气口臭，大便不调。
健胃消食片,片剂,健胃消食。用于脾胃虚弱所致的食积，症见不思饮食、嗳腐酸臭、脘腹胀满；消化不良见上述证候者。
健胃愈疡片,片剂,疏肝健脾，生肌止痛。用于肝郁脾虚、肝胃不和所致的胃痛，症见脘腹胀痛、嗳气吞酸、烦躁不适、腹胀便溏；消化性溃疡见上述证候者。
健胃愈疡颗粒,颗粒剂,疏肝健脾，生肌止痛。用于肝郁脾虚、肝胃不和所致的胃痛，症见脘腹胀痛、嗳气吞酸、烦躁不适、腹胀便溏；消化性溃疡见上述证候者。
健脑丸,丸剂,补肾健脑，养血安神。用于心肾亏虚所致的记忆减退、头晕目眩、心悸失眠、腰膝酸软；老年轻度认知障碍见上述证候者。
健脑安神片,片剂,滋补强壮，镇静安神。用于神经衰弱，头痛，头晕，健忘失眠，耳鸣。
健脑补肾丸,丸剂,健脑补肾，益气健脾，安神定志。用于脾肾两虚所致的健忘、失眠、头晕目眩、耳鸣、心悸、腰膝酸软、遗精；神经衰弱和性功能障碍见上述证候者。
健脑胶囊,胶囊剂,补肾健脑，养血安神。用于心肾亏虚所致的记忆减退、头晕目眩、心悸失眠、腰膝酸软；老年轻度认知障碍见上述证候者。
健脾丸,丸剂,健脾开胃。用于脾胃虚弱，脘腹胀满，食少便溏。
健脾糖浆,糖浆剂,健脾开胃。用于脾胃虚弱，脘腹胀满，食少便溏。
健脾生血片,片剂,健脾和胃，养血安神。用于脾胃虚弱及心脾两虚所致的血虚证，症见面色萎黄或㿠白、食少纳呆、脘腹胀闷、大便不调、烦躁多汗、倦怠乏力、舌胖色淡、苔薄白、脉细弱；缺铁性贫血见上述证候者。
健脾生血颗粒,颗粒剂,健脾和胃，养血安神。用于小儿脾胃虚弱及心脾两虚型缺铁性贫血；成人气血两虚型缺铁性贫血。症见面色萎黄或㿠白，食少纳呆，腹胀脘闷，大便不调，烦躁多汗，倦怠乏力，舌胖色淡，苔薄白，脉细弱。
脂脉康胶囊,胶囊剂,消食，降脂，通血脉，益气血。用于瘀浊内阻、气血不足所致的动脉硬化症、高脂血症。
脂康颗粒,颗粒剂,滋阴清肝，活血通络。用于肝肾阴虚挟瘀之高血脂症，症见头晕或胀或痛，耳鸣眼花，腰膝酸软，手足心热，胸闷，口干，大便干结。
脏连丸,丸剂,清肠止血。用于肠热便血，肛门灼热，痔疮肿痛。
脑心通胶囊,胶囊剂,益气活血，化瘀通络。用于气虚血滞、脉络瘀阻所致中风中经络，半身不遂、肢体麻木、口眼歪斜、舌强语謇及胸痹心痛、胸闷、心悸、气短；脑梗塞、冠心病心绞痛属上述证候者。
脑心清片,片剂,活血化瘀，通络。用于脉络瘀阻，眩晕头痛，肢体麻木，胸痹心痛，胸中憋闷，心悸气短；冠心病、脑动脉硬化症见上述证候者。
脑乐静,口服液,养心安神。用于心神失养所致的精神忧郁、易惊不寐、烦躁。
脑立清丸,丸剂,平肝潜阳，醒脑安神。用于肝阳上亢，头晕目眩，耳鸣口苦，心烦难寐；高血压见上述证候者。
脑立清胶囊,胶囊剂,平肝潜阳，醒脑安神。用于肝阳上亢，头晕目眩，耳鸣口苦，心烦难寐；高血压见上述证候者。
脑安胶囊,胶囊剂,活血化瘀，益气通络。用于脑血栓形成急性期，恢复期属气虚血瘀证候者，症见急性起病、半身不遂、口舌歪斜、舌强语謇、偏身麻木、气短乏力、口角流涎、手足肿胀、舌暗或有瘀斑、苔薄白。
脑脉泰胶囊,胶囊剂,益气活血，熄风豁痰。用于中风气虚血瘀，风痰瘀血闭阻脉络证，症见半身不遂、口舌歪斜、言语謇涩、头晕目眩、半身麻木、气短乏力；缺血性中风恢复期及急性期轻症见上述证候者。
脑栓通胶囊,胶囊剂,活血通络，祛风化痰。用于风痰瘀血痹阻脉络引起的缺血性中风中经络急性期和恢复期。症见半身不遂，口舌歪斜，语言不利或失语，偏身麻木，气短乏力或眩晕耳鸣，舌质黯淡或暗红，苔薄白或白腻，脉沉细或弦细、弦滑。脑梗塞见上述证候者。
脑得生丸,丸剂,活血化瘀，通经活络。用于瘀血阻络所致的眩晕、中风，症见肢体不用、言语不利及头晕目眩；脑动脉硬化、缺血性中风及脑出血后遗症见上述证候者。
脑得生片,片剂,活血化瘀，通经活络。用于瘀血阻络所致的眩晕、中风，症见肢体不用、言语不利及头晕目眩；脑动脉硬化、缺血性中风及脑出血后遗症见上述证候者。
脑得生胶囊,胶囊剂,活血化瘀，通经活络。用于瘀血阻络所致的眩晕、中风，症见肢体不用、言语不利及头晕目眩；脑动脉硬化、缺血性中风及脑出血后遗症见上述证候者。
脑得生颗粒,颗粒剂,活血化瘀，通经活络。用于瘀血阻络所致的眩晕、中风，症见肢体不用、言语不利及头晕目眩；脑动脉硬化、缺血性中风及脑出血后遗症见上述证候者。
狼疮丸,丸剂,清热解毒，凉血活血。用于热毒壅滞、气滞血瘀所致的系统性红斑狼疮。
疳积散,散剂,消积化滞。用于食滞脾胃所致的疳证，症见不思乳食、面黄肌瘦、腹部膨胀、消化不良。
益元散,散剂,清暑利湿。用于感受暑湿，身热心烦，口渴喜饮，小便短赤。
益气养血口服液,口服液,益气养血。用于气血不足所致的气短心悸、面色不华、体虚乏力。
益气通络颗粒,颗粒剂,益气活血，祛瘀通络。用于中风病中经络（轻中度脑梗死）恢复期气虚血瘀证。症见半身不遂、口舌歪斜、言语謇涩或不语、偏身麻木、面色㿠白、气短乏力、自汗。
益气维血颗粒,颗粒剂,补血益气。用于气血两虚所致的面色萎黄或苍白、眩晕、神疲乏力、少气懒言、自汗、唇舌色淡、脉细弱；缺铁性贫血见于上述证候者。
益气聪明丸,丸剂,益气升阳，聪耳明目。用于视物昏花，耳聋耳鸣。
益心丸,丸剂,益气温阳，活血止痛。用于心气不足、心阳不振、瘀血闭阻所致的胸痹，症见胸闷心痛，心悸气短、畏寒肢冷、乏力自汗；冠心病心绞痛见上述证候者。
益心宁神片,片剂,补气生津，养心安神。用于心气不足、心阴亏虚所致的失眠多梦、心悸、记忆力减退；神经衰弱见上述证候者。
益心通脉颗粒,颗粒剂,益气养阴，活血通络。用于气阴两虚、瘀血阻络所致的胸痹，症见胸闷心痛、心悸气短、倦怠汗出、咽喉干燥；冠心病心绞痛见上述证候者。
益心舒丸,丸剂,益气复脉，活血化瘀，养阴生津。用于气阴两虚，瘀血阻脉所致的胸痹，症见胸痛胸闷，心悸气短，脉结代；冠心病心绞痛见上述证候者。
益心舒片,片剂,益气复脉，活血化瘀，养阴生津。用于气阴两虚，瘀血阻脉所致的胸痹，症见胸痛胸闷，心悸气短，脉结代；冠心病心绞痛见上述证候者。
益心舒胶囊,胶囊剂,益气复脉，活血化瘀，养阴生津。用于气阴两虚，瘀血阻脉所致的胸痹，症见胸痛胸闷、心悸气短、脉结代；冠心病心绞痛见上述证候者。
益心舒颗粒,颗粒剂,益气复脉，活血化瘀，养阴生津。用于气阴两虚，瘀血阻脉所致的胸痹，症见胸痛胸闷，心悸气短，脉结代；冠心病心绞痛见上述证候者。
益心酮片,片剂,活血化瘀，宣通血脉。用于瘀血阻脉所致的胸痹，症见胸闷憋气、心前区刺痛、心悸健忘、眩晕耳鸣；冠心病心绞痛、高脂血症、脑动脉供血不足见上述证候者。
益心酮分散片,片剂,活血化瘀，宣通血脉。用于瘀血阻脉所致的胸痹，症见胸闷憋气、心前区刺痛、心悸健忘、眩晕耳鸣；冠心病心绞痛、高脂血症、脑动脉供血不足见上述证候者。
益心酮滴丸,滴丸,活血化瘀，宣通血脉。用于瘀血阻脉所致的胸痹，症见胸闷憋气、心前区刺痛、心悸健忘、眩晕耳鸣；冠心病心绞痛、高脂血症、脑动脉供血不足见上述证候者。
益母丸,丸剂,行气活血，调经止痛。用于气滞血瘀所致的月经量少、错后、有血块、小腹疼痛、经行痛减、产后恶露不净。
益母草口服液,口服液,活血调经。用于血瘀所致的月经不调、产后恶露不绝，症见经水量少、淋漓不净、产后出血时间过长；产后子宫复旧不全见上述证候者。
益母草胶囊,胶囊剂,活血调经。用于血瘀所致的月经不调、产后恶露不绝，症见经水量少、淋漓不净、产后出血时间过长；产后子宫复旧不全见上述证候者。
益母草颗粒,颗粒剂,活血调经。用于血瘀所致的月经不调、产后恶露不绝，症见经水量少、淋漓不净、产后出血时间过长；产后子宫复旧不全见上述证候者。
益肾化湿颗粒,颗粒剂,升阳补脾，益肾化湿，利水消肿。用于慢性肾小球肾炎（肾功能：SCr<2mg/dl）脾虚湿盛证出现的蛋白尿，兼见水肿，疲倦乏力，畏寒肢冷，纳少。
益肾灵颗粒,颗粒剂,温阳补肾。用于肾气亏虚、阳气不足所致的阳痿、早泄、遗精或弱精症。
益肺清化膏,膏剂,益气养阴，清热解毒，化痰止咳。用于气阴两虚所致的气短、乏力、咳嗽、咯血、胸痛；晚期肺癌见上述证候者的辅助治疗。
益脑片,片剂,补气养阴，滋肾健脑，益智安神。用于心肝肾不足、气阴两虚所致的体倦头晕，失眠多梦，记忆力减退；神经衰弱，脑动脉硬化见上述证候者。
益脑宁片,片剂,益气补肾，活血通脉，用于气虚血瘀、肝肾不足所致的中风、胸痹，症见半身不遂、口舌歪斜、言语謇涩、肢体麻木或胸痛、胸闷、憋气；中风后遗症、冠心病心绞痛及高血压病见上述证候者。
烧伤灵酊,酊剂,清热燥湿，解毒消肿，收敛止痛。用于各种原因引起的Ⅰ、Ⅱ度烧伤。
宽胸气雾剂,气雾剂,辛温通阳，理气止痛。用于阴寒阻滞、气机郁痹所致的胸痹，症见胸闷、心痛、形寒肢冷；冠心病心绞痛见上述证候者。
凉解感冒合剂,口服液,辛凉解表、疏风清热。用于风热感冒引起的发热、恶风、头痛、鼻塞流涕、咳嗽、咽喉肿痛。
消肿止痛酊,酊剂,舒筋活络，消肿止痛。用于跌打扭伤，风湿骨痛，无名肿毒及腮腺炎肿痛。用于治疗手、足、耳部位的Ⅰ度冻疮（急性期），症见局部皮肤肿胀、瘙痒、疼痛。
消炎止咳片,片剂,消炎，镇咳，化痰，定喘。用于咳嗽痰多，胸满气逆。气管炎见上述证候者。
消炎止痛膏,膏剂,消炎，活血，镇痛。用于神经性疼痛，关节痛，头痛等。
消炎利胆片,片剂,清热，祛湿，利胆。用于肝胆湿热所致的胁痛、口苦；急性胆囊炎、胆管炎见上述证候者。
消炎退热颗粒,颗粒剂,清热解毒，凉血消肿。用于外感热病、热毒壅盛证，症见发热头痛、口干口渴、咽喉肿痛；上呼吸道感染见上述证候者，亦用于疮疖肿痛。
消咳喘胶囊,胶囊剂,止咳，祛痰，平喘。用于寒痰阻肺所致的咳嗽气喘、咯痰色白；慢性支气管炎见上述证候者。
消咳喘糖浆,糖浆剂,止咳，祛痰，平喘。用于寒痰阻肺所致的咳嗽气喘、咯痰色白；慢性支气管炎见上述证候者。
消食退热糖浆,糖浆剂,清热解毒，消食通便。用于小儿外感时邪、内兼食滞所致的感冒，症见高热不退、脘腹胀满、大便不畅；上呼吸道感染、急性胃肠炎见上述证候者。
消络痛片,片剂,散风祛湿。用于风湿阻络所致的痹病，症见肢体关节疼痛；风湿性关节炎见上述证候者。
消络痛胶囊,胶囊剂,散风祛湿。用于风湿阻络所致的痹病，症见肢体关节疼痛；风湿性关节炎见上述证候者。
消栓口服液,口服液,补气活血通络。用于中风气虚血瘀证，症见半身不遂、口舌歪斜、言语謇涩、气短乏力、面色㿠白；缺血性中风见上述证候者。
消栓肠溶胶囊,胶囊剂,补气，活血，通络。用于缺血性中风气虚血瘀证，症见眩晕，肢麻，瘫软，昏厥，半身不遂，口眼㖞斜，语言謇涩，面色㿠白，气短乏力。
消栓颗粒,颗粒剂,补气活血通络。用于中风气虚血瘀证，症见半身不遂，口舌歪斜，言语謇涩，气短乏力，面色㿠白；缺血性中风见上述证候者。
消栓通络片,片剂,活血化瘀，温经通络。用于瘀血阻络所致的中风，症见神情呆滞、言语謇涩、手足发凉、肢体疼痛；缺血性中风及高脂血症见上述证候者。
消栓通络胶囊,胶囊剂,活血化瘀，温经通络。用于瘀血阻络所致的中风，症见神情呆滞、言语謇涩、手足发凉、肢体疼痛；缺血性中风及高脂血症见上述证候者。
消栓通络颗粒,颗粒剂,活血化瘀、温经通络。用于瘀血阻络所致的中风，症见神情呆滞、言语謇涩、手足发凉、肢体疼痛；缺血性中风及高脂血症见上述证候者。
消眩止晕片,片剂,豁痰，化瘀，平肝。用于因肝阳挟痰瘀上扰所致眩晕；脑动脉硬化见上述证候者。
消银片,片剂,清热凉血，养血润肤，祛风止痒。用于血热风燥型白疕和血虚风燥型白疕，症见皮疹为点滴状、基底鲜红色、表面覆有银白色鳞屑、或皮疹表面覆有较厚的银白色鳞屑、较干燥、基底淡红色、瘙痒较甚。
消银胶囊,胶囊剂,清热凉血，养血润肤，祛风止痒。用于血热风燥型白疕和血虚风燥型白疕，症见皮疹为点滴状、基底鲜红色、表面覆有银白色鳞屑、或皮疹表面覆有较厚的银白色鳞屑、较干燥、基底淡红色、瘙痒较甚。
消痔软膏,膏剂,凉血止血，消肿止痛。用于炎性、血栓性外痔及Ⅰ、Ⅱ期内痔属风热瘀阻或湿热壅滞证。
消痤丸,丸剂,清热利湿，解毒散结。用于湿热毒邪聚结肌肤所致的粉刺，症见颜面皮肤光亮油腻、黑头粉刺、脓疱、结节，伴有口苦、口黏、大便干；痤疮见上述证候者。
消渴丸,丸剂,滋肾养阴，益气生津。用于气阴两虚所致的消渴病，症见多饮、多尿、多食、消瘦、体倦乏力、眠差、腰痛；2型糖尿病见上述证候者。
消渴平片,片剂,益气养阴，清热泻火。用于阴虚燥热，气阴两虚所致的消渴病，症见口渴喜饮、多食、多尿、消瘦、气短、乏力、手足心热；2型糖尿病见上述证候者。
消渴灵片,片剂,益气养阴，清热泻火，生津止渴。用于气阴两虚所致的消渴病，症见多饮、多食、多尿、消瘦、气短乏力；2型轻型、中型糖尿病见上述证候者。
消瘀康片,片剂,活血化瘀，消肿止痛。用于治疗颅内血肿吸收期。
消瘀康胶囊,胶囊剂,活血化瘀，消肿止痛。用于治疗颅内血肿吸收期。
消糜栓,栓剂,清热解毒，燥湿杀虫，祛腐生肌。用于湿热下注所致的带下病，症见带下量多、色黄、质稠、腥臭、阴部瘙痒；滴虫性阴道炎、霉菌性阴道炎、非特异性阴道炎、宫颈糜烂见上述证候者。
消癥丸,丸剂,舒肝行气、活血化瘀、软坚散结。用于气滞血瘀痰凝所致的乳腺增生病。症见乳房肿块，乳房胀痛或刺痛，可伴胸胁疼痛，善郁易怒，胸闷，脘痞纳呆，月经量少色暗，经行腹痛，舌暗红或有瘀点、瘀斑，苔薄白或白腻，脉弦或涩。
润肺止嗽丸,丸剂,润肺定喘，止嗽化痰。用于肺气虚弱所致的咳嗽喘促、痰涎壅盛、久嗽声哑。
烫伤油,搽剂,清热解毒，凉血祛腐止痛。用于Ⅰ、Ⅱ度烧烫伤和酸碱灼伤。
调经丸,丸剂,理气活血，养血调经。用于气滞血瘀所致月经不调、痛经，症见月经延期、经期腹痛、经血量少、或有血块，或见经前乳胀、烦躁不安、崩漏带下。
调经止痛片,片剂,益气活血，调经止痛。用于气虚血瘀所致的月经不调、痛经、产后恶露不绝，症见经行后错、经水量少、有血块、行经小腹疼痛、产后恶露不净。
调经促孕丸,丸剂,温肾健脾，活血调经。用于脾肾阳虚、瘀血阻滞所致的月经不调、闭经、痛经、不孕，症见月经后错、经水量少、有血块、行经小腹冷痛、经水日久不行、久不受孕、腰膝冷痛。
调经养血丸,丸剂,补血，理气，调经。用于血虚气滞，月经不调，腰酸腹胀，赤白带下。
调经活血片,片剂,养血活血，行气止痛。用于气滞血瘀兼血虚所致月经不调、痛经，症见经行错后、经水量少、行经小腹胀痛。
调经活血胶囊,胶囊剂,养血活血，行气止痛。用于气滞血瘀兼血虚所致月经不调、痛经，症见经行错后、经水量少、行经小腹胀痛。
调胃消滞丸,丸剂,疏风解表，散寒化湿，健胃消食。用于感冒属风寒夹湿、内伤食滞证，症见恶寒发热、头痛身困、食少纳呆、嗳腐吞酸、腹痛泄泻。
通天口服液,口服液,活血化瘀，祛风止痛。用于瘀血阻滞、风邪上扰所致的偏头痛，症见头部胀痛或刺痛、痛有定处、反复发作、头晕目眩、或恶心呕吐、恶风。
通乐颗粒,颗粒剂,滋阴补肾，润肠通便。用于阴虚便秘，症见大便秘结、口干、咽燥、烦热，以及习惯性、功能性便秘见于上述证候者。
通关散,散剂,通关开窍。用于痰浊阻窍所致的气闭昏厥、牙关紧闭、不省人事。
通幽润燥丸,丸剂,清热导滞，润肠通便。用于胃肠积热所致的便秘，症见大便不通、脘腹胀满、口苦尿黄。
通脉养心口服液,口服液,益气养阴，通脉止痛。用于冠心病气阴两虚证，症见胸痛、胸闷、心悸、气短、脉弦细。
通脉养心丸,丸剂,益气养阴，通脉止痛。用于冠心病心绞痛及心律不齐之气阴两虚证，症见胸痛、胸闷、心悸、气短、脉结代。
通宣理肺丸,丸剂,解表散寒，宣肺止嗽。用于风寒束表、肺气不宣所致的感冒咳嗽，症见发热、恶寒、咳嗽、鼻塞流涕、头痛、无汗、肢体酸痛。
通宣理肺片,片剂,解表散寒，宣肺止咳。用于风寒束表、肺气不宣所致的感冒咳嗽，症见发热、恶寒、咳嗽、鼻塞流涕、头痛、无汗、肢体酸痛。
通宣理肺胶囊,胶囊剂,解表散寒，宣肺止嗽。用于风寒束表、肺气不宣所致的感冒咳嗽，症见发热、恶寒、咳嗽、鼻塞流涕、头痛、无汗、肢体酸痛。
通宣理肺颗粒,颗粒剂,解表散寒，宣肺止咳。用于风寒束表、肺气不宣所致的感冒咳嗽，症见发热、恶寒、咳嗽、鼻塞流涕、头痛、无汗、肢体酸痛。
通络祛痛膏,膏剂,活血通络，散寒除湿，消肿止痛。用于腰部、膝部骨性关节病瘀血停滞、寒湿阻络证，症见关节刺痛或钝痛，关节僵硬，屈伸不利，畏寒肢冷。用于颈椎病（神经根型）瘀血停滞、寒湿阻络证，症见颈项疼痛、肩臂疼痛、颈项活动不利、肢体麻木、畏寒肢冷、肢体困重等。
通窍耳聋丸,丸剂,清肝泻火，通窍润便。用于肝经热盛，头目眩晕，耳聋蝉鸣，耳底肿痛，目赤口苦，胸膈满闷，大便燥结。
通窍鼻炎片,片剂,散风固表，宣肺通窍。用于风热蕴肺、表虚不固所致的鼻塞时轻时重、鼻流清涕或浊涕、前额头痛；慢性鼻炎、过敏性鼻炎、鼻窦炎见上述证候者。
通窍鼻炎胶囊,胶囊剂,散风固表，宣肺通窍。用于风热蕴肺、表虚不固所致的鼻塞时轻时重、鼻流清涕或浊涕、前额头痛；慢性鼻炎、过敏性鼻炎、鼻窦炎见上述证候者。
通窍鼻炎颗粒,颗粒剂,散风固表，宣肺通窍。用于风热蕴肺、表虚不固所致的鼻塞时轻时重、鼻流清涕或浊涕、前额头痛；慢性鼻炎、过敏性鼻炎、鼻窦炎见上述证候者。
通窍镇痛散,散剂,行气活血，通窍止痛。用于痰瘀闭阻，心胸憋闷疼痛，或中恶气闭，霍乱，吐泻。
桑姜感冒片,片剂,散风清热，宣肺止咳。用于外感风热、痰浊阻肺所致的感冒，症见发热头痛、咽喉肿痛、咳嗽痰白。
桑菊感冒丸,丸剂,疏风清热，宣肺止咳。用于风热感冒初起，头痛，咳嗽，口干，咽痛。
桑菊感冒片,片剂,疏风清热，宣肺止咳。用于风热感冒初起，头痛，咳嗽，口干，咽痛。
桑菊感冒合剂,口服液,疏风清热，宣肺止咳。用于风热感冒初起，头痛，咳嗽，口干，咽痛。
桑葛降脂丸,丸剂,补肾健脾，通下化瘀，清热利湿。用于脾肾两虚、痰浊血瘀型高脂血症。
理中丸,丸剂,温中散寒，健胃。用于脾胃虚寒，呕吐泄泻，胸满腹痛，消化不良。
培元通脑胶囊,胶囊剂,益肾填精，息风通络。用于肾元亏虚，瘀血阻络证，症见半身不遂、口眼歪斜、言语謇涩、半身麻木、眩晕耳鸣、腰膝酸软、脉沉细；缺血性中风中经络恢复期见上述证候者。
培坤丸,丸剂,补气血，滋肝肾。用于妇女血亏，消化不良，月经不调，赤白带下，小腹冷痛，气血衰弱，久不受孕。
黄芪生脉颗粒,颗粒剂,益气滋阴，养心行滞。用于气阴两虚，血脉瘀阻引起的胸痹心痛，症见胸痛、胸闷、心悸、气短；冠心病、心绞痛见上述证候者。
黄芪健胃膏,膏剂,补气温中，缓急止痛。用于脾胃虚寒所致的胃痛，症见胃痛拘急、畏寒肢冷、喜温喜按、心悸自汗；胃、十二指肠溃疡见上述证候者。
黄芪颗粒,颗粒剂,补气固表，利尿，托毒排脓，生肌。用于气短心悸，虚脱，自汗，体虚浮肿，久泻，脱肛，子宫脱垂，痈疽难溃，疮口久不愈合。
黄连上清丸,丸剂,散风清热，泻火止痛。用于风热上攻、肺胃热盛所致的头晕目眩、暴发火眼、牙齿疼痛、口舌生疮、咽喉肿痛、耳痛耳鸣、大便秘结、小便短赤。
黄连上清片,片剂,散风清热，泻火止痛。用于风热上攻、肺胃热盛所致的头晕目眩、暴发火眼、牙齿疼痛、口舌生疮、咽喉肿痛、耳痛耳鸣、大便秘结、小便短赤。
黄连上清胶囊,胶囊剂,散风清热、泻火止痛。用于风热上攻、肺胃热盛所致的头晕目眩、暴发火眼、牙齿疼痛、口舌生疮、咽喉肿痛、耳痛耳鸣、大便秘结、小便短赤。
黄连上清颗粒,颗粒剂,散风清热、泻火止痛。用于风热上攻、肺胃热盛所致的头晕目眩、暴发火眼、牙齿疼痛、口舌生疮、咽喉肿痛、耳痛耳鸣、大便秘结、小便短赤。
黄连胶囊,胶囊剂,清热燥湿，泻火解毒。用于湿热蕴毒所致的痢疾、黄疸，症见发热、黄疸、吐泻、纳呆、尿黄如茶、目赤吞酸、牙龈肿痛或大便脓血。
黄莪胶囊,胶囊剂,益气活血，清利湿热。用于Ⅰ、Ⅱ期良性前列腺增生症气虚血瘀、湿热阻滞证。症见排尿困难、尿意频急、或小腹胀满或疼痛，舌质淡紫或有瘀点，苔薄黄腻，脉细。
黄疸肝炎丸,丸剂,舒肝理气，利胆退黄。用于肝气不舒、湿热蕴结所致的黄疸，症见皮肤黄染、胸胁胀痛、小便短赤；急性肝炎、胆囊炎见上述证候者。
黄藤素片,片剂,清热解毒。用于妇科炎症，菌痢，肠炎，呼吸道及泌尿道感染，外科感染，眼结膜炎。
萆薢分清丸,丸剂,分清化浊，温肾利湿。用于肾不化气、清浊不分所致的白浊、小便频数。
梅花点舌丸,丸剂,清热解毒，消肿止痛。用于火毒内盛所致的疔疮痈肿初起、咽喉牙龈肿痛、口舌生疮。
排石颗粒,颗粒剂,清热利水，通淋排石。用于下焦湿热所致的石淋，症见腰腹疼痛、排尿不畅或伴有血尿；泌尿系结石见上述证候者。
控涎丸,丸剂,涤痰逐饮。用于痰涎水饮停于胸膈，胸胁隐痛，咳喘痛甚，痰不易出，瘰疬，痰核。
虚寒胃痛颗粒,颗粒剂,益气健脾，温胃止痛。用于脾虚胃弱所致的胃痛，症见胃脘隐痛、喜温喜按、遇冷或空腹加重；十二指肠球部溃疡、慢性萎缩性胃炎见上述证候者。
野菊花栓,栓剂,
野菊花颗粒,颗粒剂,清热解毒。用于疖疮肿痛，目赤肿痛，头痛眩晕。
蛇胆川贝软胶囊,软胶囊,清肺，止咳，除痰。用于肺热咳嗽，痰多。
蛇胆川贝胶囊,胶囊剂,清肺，止咳，祛痰。用于肺热咳嗽，痰多。
蛇胆川贝散,散剂,清肺，止咳，除痰。用于肺热咳嗽，痰多。
蛇胆陈皮片,片剂,理气化痰，祛风和胃。用于痰浊阻肺，胃失和降，咳嗽、呕逆。
蛇胆陈皮胶囊,胶囊剂,理气化痰，祛风和胃。用于痰浊阻肺，胃失和降，咳嗽、呕逆。
蛇胆陈皮散,散剂,理气化痰，祛风和胃。用于痰浊阻肺，胃失和降，咳嗽，呕逆。
银丹心脑通软胶囊,软胶囊,苗医：蒙修，蒙柯，陇蒙柯，给俄，告俄蒙给。中医：活血化瘀，行气止痛，消食化滞。用于气滞血瘀引起的胸痹，胸闷，气短，心悸等；冠心病心绞痛、高脂血症、脑动脉硬化、中风、中风后遗症见上述证候者。
银杏叶口服液,口服液,活血化瘀通络。用于瘀血阻络引起的胸痹心痛、中风、半身不遂、舌强语謇；冠心病稳定型心绞痛、脑梗死见上述证候者。
银杏叶片,片剂,活血化瘀通络。用于瘀血阻络引起的胸痹心痛、中风、半身不遂、舌强语謇；冠心病稳定型心绞痛、脑梗死见上述证候者。
银杏叶软胶囊,软胶囊,活血化瘀通络。用于瘀血阻络引起的胸痹心痛、中风、半身不遂、舌强语謇；冠心病稳定型心绞痛、脑梗死见上述证候者。
银杏叶胶囊,胶囊剂,活血化瘀通络。用于瘀血阻络引起的胸痹心痛、中风、半身不遂、舌强语謇；冠心病稳定型心绞痛、脑梗死见上述证候者。
银杏叶滴丸,滴丸,活血化瘀通络。用于瘀血阻络引起的胸痹心痛、中风、半身不遂、舌强语謇；冠心病稳定型心绞痛、脑梗死见上述证候者。
银屑灵膏,膏剂,清热燥湿，活血解毒。用于湿热蕴肤，郁滞不通所致的白疕，症见皮损呈红斑湿润、偶有浅表小脓疱，多发于四肢屈侧部位；银屑病见上述证候者。
银黄口服液,口服液,清热疏风，利咽解毒。用于外感风热、肺胃热盛所致的咽干、咽痛、喉核肿大、口渴、发热；急慢性扁桃体炎、急慢性咽炎、上呼吸道感染见上述证候者。
银黄丸,丸剂,清热疏风，利咽解毒。用于外感风热、肺胃热盛所致的咽干、咽痛、喉核肿大、口渴、发热；急慢性扁桃体炎、急慢性咽炎、上呼吸道感染见上述证候者。
银黄片,片剂,清热疏风，利咽解毒。用于外感风热、肺胃热盛所致的咽干、咽痛、喉核肿大、口渴、发热；急慢性扁桃体炎、急慢性咽炎、上呼吸道感染见上述证候者。
银黄颗粒,颗粒剂,清热疏风，利咽解毒。用于外感风热、肺胃热盛所致的咽干、咽痛、喉核肿大、口渴、发热；急慢性扁桃体炎、急慢性咽炎、上呼吸道感染见上述证候者。
银黄清肺胶囊,胶囊剂,清肺化痰，止咳平喘。用于慢性支气管炎急性发作之痰热壅肺证，症见咳嗽咯痰，痰黄而粘，胸闷气喘，发热口渴，便干尿黄，舌红，苔黄腻。
银翘双解栓,栓剂,疏解风热，清肺泻火。用于外感风热，肺热内盛所致的发热、微恶风寒、咽喉肿痛、咳嗽、痰白或黄、口干微渴、舌红苔白或黄、脉浮数或滑数；上呼吸道感染、扁桃体炎、急性支气管炎见上述证候者。
银翘伤风胶囊,胶囊剂,疏风解表，清热解毒。用于外感风热，温病初起，发热恶寒，高热口渴，头痛目赤，咽喉肿痛。
银翘散,散剂,辛凉透表，清热解毒。用于外感风寒，发热头痛，口干咳嗽，咽喉疼痛，小便短赤。
银翘解毒丸（浓缩蜜丸）,丸剂,疏风解表，清热解毒。用于风热感冒，症见发热头痛、咳嗽口干、咽喉疼痛。
银翘解毒片,片剂,疏风解表，清热解毒。用于风热感冒，症见发热头痛、咳嗽口干、咽喉疼痛。
银翘解毒软胶囊,软胶囊,疏风解表，清热解毒。用于风热感冒，症见发热头痛、咳嗽口干、咽喉疼痛。
银翘解毒胶囊,胶囊剂,疏风解表，清热解毒。用于风热感冒，症见发热头痛、咳嗽口干、咽喉疼痛。
银翘解毒颗粒,颗粒剂,疏风解表，清热解毒。用于风热感冒，症见发热头痛、咳嗽口干、咽喉疼痛。
银蒲解毒片,片剂,清热解毒。用于风热型急性咽炎，症见咽痛、充血，咽干或具灼热感，舌苔薄黄；湿热型肾盂肾炎，症见尿频短急，灼热疼痛，头身疼痛，小腹坠胀，肾区叩击痛。
甜梦口服液（甜梦合剂）,口服液,益气补肾，健脾和胃，养心安神。用于头晕耳鸣，视减听衰，失眠健忘，食欲不振，腰膝酸软，心慌气短，中风后遗症；对脑功能减退，冠状血管疾患，脑血管栓塞及脱发也有一定作用。
甜梦胶囊,胶囊剂,益气补肾，健脾和胃，养心安神。用于头晕耳鸣，视减听衰，失眠健忘，食欲不振，腰膝酸软，心慌气短，中风后遗症；对脑功能减退，冠状血管疾患，脑血管栓塞及脱发也有一定作用。
得生丸,丸剂,养血化瘀，舒肝调经。用于气滞血瘀所致的月经不调、痛经，症见月经量少有血块、经行后期或前后不定、经行小腹胀痛，或有癥瘕痞块。
麻仁丸,丸剂,润肠通便。用于肠热津亏所致的便秘，症见大便干结难下、腹部胀满不舒；习惯性便秘见上述证候者。
麻仁润肠丸,丸剂,润肠通便。用于肠胃积热，胸腹胀满，大便秘结。
麻仁滋脾丸,丸剂,润肠通便，消食导滞。用于胃肠积热、肠燥津伤所致的大便秘结、胸腹胀满、饮食无味、烦躁不宁、舌红少津。
痔宁片,片剂,清热凉血，润燥疏风。用于实热内结或湿热瘀滞所致的痔疮出血、肿痛。
痔炎消颗粒,颗粒剂,清热解毒，润肠通便，止血，止痛，消肿。用于血热毒盛所致的痔疮肿痛、肛裂疼痛及痔疮手术后大便困难、便血及老年人便秘。
痔疮片,片剂,清热解毒，凉血止痛，祛风消肿。用于各种痔疮，肛裂，大便秘结。
痔疮外洗散（痔疮外洗药）,散剂,祛毒止痒，消肿止痛。用于痔疮漏疮，肛门痛痒，坚硬肿胀，溃流脓血。
痔疮胶囊,胶囊剂,清热解毒，凉血止痛，祛风消肿。用于各种痔疮，肛裂，大便秘结。
痔康片,片剂,清热凉血，泻热通便。用于热毒风盛或湿热下注所致的便血、肛门肿痛、有下坠感；一、二期内痔见上述证候者。
康尔心胶囊,胶囊剂,益气养阴，活血止痛。用于气阴两虚、瘀血阻络所致的胸痹，症见胸闷心痛、心悸气短、腰膝酸软、耳鸣眩晕；冠心病心绞痛见上述证候者。
康妇软膏,膏剂,祛风燥湿，杀虫止痒。用于湿热下注所致的阴痒、带下病，症见外阴红肿、瘙痒、带下量多、色黄；外阴炎、外阴溃疡、阴道炎见上述证候者。
康妇消炎栓,栓剂,清热解毒，利湿散结，杀虫止痒。用于湿热、湿毒所致的带下病、阴痒，症见下腹胀痛或腰骶胀痛，带下量多，色黄，阴部瘙痒，或有低热，神疲乏力，便干或溏而不爽，小便黄；盆腔炎、附件炎、阴道炎见上述证候者。
康莱特软胶囊,软胶囊,益气养阴，消癥散结。适用于手术前及不宜手术的脾虚痰湿型、气阴两虚型原发性非小细胞肺癌。
羚羊角胶囊,胶囊剂,平肝息风，清肝明目，散血解毒。用于肝风内动，肝火上扰，血热毒盛所致的高热惊痫，神昏痉厥，子痫抽搐，癫痫发狂，头痛眩晕，目赤，翳障，温毒发斑。
羚羊清肺丸,丸剂,清肺利咽，清瘟止嗽。用于肺胃热盛，感受时邪，身热头晕，四肢酸懒，咳嗽痰盛，咽喉肿痛，鼻衄咳血，口干舌燥。
羚羊清肺颗粒,颗粒剂,清肺利咽，清瘟止嗽。用于肺胃热盛，感受时邪，身热头晕，四肢酸懒，咳嗽痰盛，咽喉肿痛，鼻衄咳血，口干舌燥。
羚羊感冒片,片剂,清热解表。用于流行性感冒，症见发热恶风、头痛头晕、咳嗽、胸闷、咽喉肿痛。
断血流片,片剂,凉血止血。用于血热妄行所致的月经过多、崩漏、吐血、衄血、咯血、尿血、便血、血色鲜红或紫红；功能失调性子宫出血、子宫肌瘤出血及多种出血症、单纯性紫癜、原发性血小板减少性紫癜见上述证候者。
断血流胶囊,胶囊剂,凉血止血。用于血热妄行所致的月经过多、崩漏、吐血、衄血、咯血、尿血、便血，血色鲜红或紫红；功能失调性子宫出血、子宫肌瘤出血及多种出血症、单纯性紫癜、原发性血小板减少性紫癜见上述证候者。
断血流颗粒,颗粒剂,凉血止血。用于血热妄行所致的月经过多、崩漏、吐血、衄血、咯血、尿血、便血，血色鲜红或紫红；功能失调性子宫出血、子宫肌瘤出血及多种出血症、单纯性紫癜、原发性血小板减少性紫癜见上述证候者。
清开灵口服液,口服液,清热解毒，镇静安神。用于外感风热时毒、火毒内盛所致高热不退、烦躁不安、咽喉肿痛、舌质红绛、苔黄、脉数者；上呼吸道感染、病毒性感冒、急性化脓性扁桃体炎、急性咽炎、急性气管炎、高热等病症属上述证候者。
清开灵片,片剂,清热解毒，镇静安神。用于外感风热时毒、火毒内盛所致高热不退、烦躁不安、咽喉肿痛、舌质红绛、苔黄、脉数者；上呼吸道感染、病毒性感冒、急性化脓性扁桃体炎、急性咽炎、急性气管炎、高热等病症属上述证候者。
清开灵软胶囊,软胶囊,清热解毒，镇静安神。用于外感风热时毒、火毒内盛所致高热不退、烦躁不安、咽喉肿痛、舌质红绛、苔黄、脉数者；上呼吸道感染、病毒性感冒、急性化脓性扁桃体炎、急性咽炎、急性气管炎、高热等病症属上述证候者。
清开灵泡腾片,片剂,清热解毒，镇静安神。用于外感风热时毒、火毒内盛所致高热不退、烦躁不安、咽喉肿痛、舌质红绛、苔黄、脉数者；上呼吸道感染、病毒性感冒、急性化脓性扁桃体炎、急性咽炎、急性气管炎、高热等病症属上述证候者。
清开灵注射液,注射剂,清热解毒，化痰通络，醒神开窍。用于热病，神昏，中风偏瘫，神志不清；急性肝炎、上呼吸道感染、肺炎、脑血栓形成、脑出血见上述证候者。
清开灵胶囊,胶囊剂,清热解毒，镇静安神。用于外感风热时毒、火毒内盛所致高热不退、烦躁不安、咽喉肿痛、舌质红绛、苔黄、脉数者；上呼吸道感染、病毒性感冒、急性化脓性扁桃体炎、急性咽炎、急性气管炎、高热等病症属上述证候者。
清开灵颗粒,颗粒剂,清热解毒，镇静安神。用于外感风热时毒、火毒内盛所致高热不退、烦躁不安、咽喉肿痛、舌质红绛、苔黄、脉数者；上呼吸道感染，病毒性感冒，急性化脓性扁桃体炎，急性咽炎，急性气管炎，高热等见上述证候者。
清气化痰丸,丸剂,清肺化痰。用于痰热阻肺所致的咳嗽痰多、痰黄稠黏、胸腹满闷。
清火栀麦丸,丸剂,清热解毒，凉血消肿。用于肺胃热盛所致的咽喉肿痛、发热、牙痛、目赤。
清火栀麦片,片剂,清热解毒，凉血消肿。用于肺胃热盛所致的咽喉肿痛、发热、牙痛、目赤。
清火栀麦胶囊,胶囊剂,清热解毒，凉血消肿。用于肺胃热盛所致的咽喉肿痛、发热、牙痛、目赤。
清宁丸,丸剂,清热泻火，消肿通便。用于火毒内蕴所致的咽喉肿痛、口舌生疮、头晕耳鸣、目赤牙痛、腹中胀满、大便秘结。
清肝利胆口服液,口服液,清利肝胆湿热。用于湿热蕴结肝胆所致的纳呆、胁痛、疲倦、乏力、尿黄、苔腻、脉弦。
清肝利胆胶囊,胶囊剂,清利肝胆湿热。用于湿热蕴结肝胆所致的纳呆、胁痛、疲倦、乏力、尿黄、苔腻、脉弦。
清肺化痰丸,丸剂,降气化痰，止咳平喘。用于肺热咳嗽，痰多作喘，痰涎壅盛，肺气不畅。
清肺抑火丸,丸剂,清肺止咳，化痰通便。用于痰热阻肺所致的咳嗽、痰黄稠黏、口干咽痛、大便干燥。
清肺消炎丸,丸剂,清肺化痰，止咳平喘。用于痰热阻肺，咳嗽气喘，胸胁胀痛，吐痰黄稠；上呼吸道感染、急性支气管炎、慢性支气管炎急性发作及肺部感染见上述证候者。
清泻丸,丸剂,清热，通便，消滞。用于实热积滞所致的大便秘结。
清降片,片剂,清热解毒，利咽止痛。用于肺胃蕴热所致咽喉肿痛，发热烦躁，大便秘结；小儿急性咽炎、急性扁桃腺炎见以上证候者。
清胃保安丸,丸剂,消食化滞，和胃止呕。用于食滞胃肠所致积滞，症见小儿停食、停乳、脘腹胀满、呕吐、心烦、口渴。
清胃黄连丸（大蜜丸）,丸剂,清胃泻火，解毒消肿。用于肺胃火盛所致的口舌生疮，齿龈、咽喉肿痛。
清胃黄连丸（水丸）,丸剂,清胃泻火，解毒消肿。用于肺胃火盛所致的口舌生疮，齿龈、咽喉肿痛。
清胃黄连片,片剂,清胃泻火，解毒消肿。用于肺胃火盛所致的口舌生疮，齿龈、咽喉肿痛。
清咽丸,丸剂,清热利咽，生津止渴。用于肺胃热盛所致的咽喉肿痛、声音嘶哑、口舌干燥、咽下不利。
清咽利膈丸,丸剂,清热利咽，消肿止痛。用于外感风邪、脏腑积热所致的咽部红肿、咽痛、面红腮肿、痰涎壅盛、胸膈不利、口苦舌干、大便秘结、小便黄赤。
清咽润喉丸,丸剂,清热利咽，消肿止痛。用于风热外袭、肺胃热盛所致的胸膈不利、口渴心烦、咳嗽痰多、咽部红肿、咽痛、失音声哑。
清音丸,丸剂,清热利咽，生津润燥。用于肺热津亏，咽喉不利，口舌干燥，声哑失音。
清宣止咳颗粒,颗粒剂,疏风清热，宣肺止咳。用于小儿外感风热咳嗽，症见咳嗽，咯痰，发热或鼻塞，流涕，微恶风寒，咽红或痛，苔薄黄。
清热灵颗粒,颗粒剂,清热解毒。用于感冒热邪壅肺证，症见发热、咽喉肿痛。
清热凉血丸,丸剂,滋阴，清热，凉血。用于孕妇上焦火盛，头晕目眩，口舌生疮，耳鸣，牙痛，子烦。
清热银花糖浆,糖浆剂,清热解毒，通利小便。用于外感暑湿所致的头痛如裹、目赤口渴、小便不利。
清热解毒口服液,口服液,清热解毒。用于热毒壅盛所致的发热面赤、烦躁口渴、咽喉肿痛；流感、上呼吸道感染见上述证候者。
清热解毒片,片剂,清热解毒。用于热毒壅盛所致的发热面赤、烦躁口渴、咽喉肿痛；流感、上呼吸道感染见上述证候者。
清热镇咳糖浆,糖浆剂,清热，镇咳，祛痰。用于痰热蕴肺所致的咳嗽痰黄；感冒、咽炎见上述证候者。
清眩丸,丸剂,散风清热。用于风热头晕目眩，偏正头痛，鼻塞牙痛。
清眩片,片剂,散风解热。用于风热头晕目眩，偏正头痛，鼻塞牙痛。
清眩治瘫丸,丸剂,平肝息风，化痰通络。用于肝阳上亢、肝风内动所致的头目眩晕、项强头胀、胸中闷热、惊恐虚烦、痰涎壅盛、言语不清、肢体麻木、口舌歪斜、半身不遂。
清脑降压片,片剂,平肝潜阳。用于肝阳上亢所致的眩晕，症见头晕、头痛、项强、血压偏高。
清脑降压胶囊,胶囊剂,平肝潜阳。用于肝阳上亢所致的眩晕，症见头晕、头痛、项强、血压偏高。
清脑降压颗粒,颗粒剂,平肝潜阳。用于肝阳上亢所致的眩晕，症见头晕、头痛、项强、血压偏高。
清淋颗粒,颗粒剂,清热泻火，利水通淋。用于膀胱湿热所致的淋症、癃闭，症见尿频涩痛、淋沥不畅、小腹胀满、口干咽燥。
清暑益气丸,丸剂,祛暑利湿，补气生津。用于中暑受热，气津两伤，症见头晕身热、四肢倦怠、自汗心烦、咽干口渴。
清喉利咽颗粒,颗粒剂,清热利咽，宽胸润喉。用于外感风热所致的咽喉发干、声音嘶哑；急慢性咽炎、扁桃体炎见上述证候者，常用有保护声带作用。
清喉咽合剂,口服液,养阴清肺，利咽解毒。用于阴虚燥热、火毒内蕴所致的咽部肿痛、咽干少津、咽部白腐有苔膜、喉核肿大；局限性的咽白喉、轻度中毒型白喉、急性扁桃体炎、咽峡炎见上述证候者。
清膈丸,丸剂,清热利咽，消肿止痛。用于内蕴毒热引起的口渴咽干、咽喉肿痛、水浆难下、声哑失音、面赤腮肿、大便燥结。
清瘟解毒丸,丸剂,清瘟解毒。用于外感时疫，憎寒壮热，头痛无汗，口渴咽干，痄腮，大头瘟。
添精补肾膏,膏剂,温肾助阳，补益精血。用于肾阳亏虚、精血不足所致的腰膝酸软、精神萎靡、畏寒怕冷、阳痿遗精。
寄生追风酒,酒剂,补肝肾，祛风湿，止痹痛。用于肝肾两亏，风寒湿痹，腰膝冷痛，屈伸不利；风湿性关节炎、腰肌劳损、跌打损伤后期见上述证候者。
颈舒颗粒,颗粒剂,活血化瘀，温经通窍止痛。用于神经根型颈椎病瘀血阻络证，症见颈肩部僵硬、疼痛、患侧上肢窜痛。
颈痛颗粒,颗粒剂,活血化瘀、行气止痛。用于神经根型颈椎病属血瘀气滞、脉络闭阻证。症见颈、肩及上肢疼痛，发僵或窜麻、窜痛。
维C银翘片,片剂,疏风解表，清热解毒。用于外感风热所致的流行性感冒，症见发热、头痛、咳嗽、口干、咽喉疼痛。
维血宁合剂,口服液,滋阴养血，清热凉血。用于阴虚血热所致的出血；血小板减少症见上述证候者。
维血宁颗粒,颗粒剂,滋阴养血，清热凉血。用于阴虚血热所致的出血；血小板减少症见上述证候者。
琥珀还睛丸,丸剂,补益肝肾，清热明目。用于肝肾两亏、虚火上炎所致的内外翳障、瞳孔散大、视力减退、夜盲昏花、目涩羞明、迎风流泪。
琥珀抱龙丸,丸剂,清热化痰，镇静安神。用于饮食内伤所致的痰食型急惊风，症见发热抽搐、烦躁不安、痰喘气急、惊痫不安。
斑秃丸,丸剂,补益肝肾，养血生发。用于肝肾不足、血虚风盛所致的油风，症见毛发成片脱落、或至全部脱落，多伴有头晕失眠、目眩耳鸣、腰膝酸软；斑秃、全秃、普秃见上述证候者。
越鞠二陈丸,丸剂,理气解郁，化痰和中。用于胸腹闷胀，嗳气不断，吞酸呕吐，消化不良，咳嗽痰多。
越鞠丸,丸剂,理气解郁，宽中除满。用于胸脘痞闷，腹中胀满，饮食停滞，嗳气吞酸。
越鞠保和丸,丸剂,舒肝解郁，开胃消食。用于气食郁滞所致的胃痛，症见脘腹胀痛、倒饱嘈杂、纳呆食少、大便不调；消化不良见上述证候者。
散结镇痛胶囊,胶囊剂,软坚散结，化瘀定痛。用于痰瘀互结兼气滞所致的继发性痛经、月经不调、盆腔包块、不孕；子宫内膜异位症见上述证候者。
葛根汤片,片剂,发汗解表，升津舒经。用于风寒感冒，症见：发热恶寒，鼻塞流涕，咳嗽咽痒，咯痰稀白，无汗，头痛身疼，项背强急不舒，苔薄白或薄白润，脉浮或浮紧。
葛根汤颗粒,颗粒剂,发汗解表，升津舒经。用于风寒感冒，症见：发热恶寒，鼻塞流涕，咳嗽咽痒，咯痰稀白，无汗，头痛身疼，项背强急不舒，苔薄白或薄白润，脉浮或浮紧。
葛根芩连丸,丸剂,解肌透表，清热解毒，利湿止泻。用于湿热蕴结所致的泄泻腹痛、便黄而黏、肛门灼热；及风热感冒所致的发热恶风、头痛身痛。
葛根芩连片,片剂,解肌清热，止泻止痢。用于湿热蕴结所致的泄泻、痢疾，症见身热烦渴、下痢臭秽、腹痛不适。
葶贝胶囊,胶囊剂,清肺化痰，止咳平喘。用于痰热壅肺所致的咳嗽、咯痰、喘息、胸闷、苔黄或黄腻；慢性支气管炎急性发作见上述证候者。
雅叫哈顿散,散剂,清热解毒，止痛止血。用于感冒发热，喉炎，胸腹胀痛，虚劳心悸，月经不调，产后流血。
紫龙金片,片剂,益气养血，清热解毒，理气化瘀。用于气血两虚证原发性肺癌化疗者，症见神疲乏力、少气懒言、头昏眼花、食欲不振、气短自汗、咳嗽、疼痛。
紫地宁血散,散剂,清热凉血，收敛止血。用于胃中积热所致的吐血、便血；胃及十二指肠溃疡出血见上述证候者。
紫花烧伤软膏,膏剂,清热凉血，化瘀解毒，止痛生肌。用于Ⅰ、Ⅱ度以下烧伤、烫伤。
紫金锭,丹剂,辟瘟解毒，消肿止痛。用于中暑，脘腹胀痛，恶心呕吐，痢疾泄泻，小儿痰厥；外治疔疮疖肿，痄腮，丹毒，喉风。
紫草软膏,膏剂,化腐生肌，解毒止痛。用于热毒蕴结所致的溃疡，症见疮面疼痛、疮色鲜活、脓腐将尽。
紫雪散,散剂,清热开窍，止痉安神。用于热入心包、热动肝风证，症见高热烦躁、神昏谵语、惊风抽搐、斑疹吐衄、尿赤便秘。
暑症片,片剂,祛寒辟瘟，化浊开窍。用于夏令中恶昏厥，牙关紧闭，腹痛吐泻，四肢发麻。
暑湿感冒颗粒,颗粒剂,清暑祛湿，芳香化浊。用于暑湿感冒，症见胸闷呕吐，腹泻便溏，发热，汗出不畅。
跌打七厘片,片剂,活血，散瘀，消肿，止痛。用于跌打损伤，外伤出血。
跌打丸,丸剂,活血散瘀，消肿止痛。用于跌打损伤，筋断骨折，瘀血肿痛，闪腰岔气。
跌打活血散,散剂,舒筋活血，散瘀止痛。用于跌打损伤，瘀血疼痛，闪腰岔气。
跌打镇痛膏,膏剂,活血止痛，散瘀消肿，祛风胜湿。用于急、慢性扭挫伤，慢性腰腿痛，风湿关节痛。
蛤蚧补肾胶囊,胶囊剂,壮阳益肾，填精补血。用于身体虚弱，真元不足，小便频数。
蛤蚧定喘丸,丸剂,滋阴清肺，止咳平喘。用于肺肾两虚，阴虚肺热所致的虚劳久咳、年老哮喘、气短烦热、胸满郁闷、自汗盗汗。
蛤蚧定喘胶囊,胶囊剂,滋阴清肺，止咳平喘。用于肺肾两虚、阴虚肺热所致的虚劳咳喘、气短胸满、自汗盗汗。
喉咽清口服液,口服液,清热解毒，利咽止痛。用于肺胃实热所致的咽部红肿、咽痛、发热、口渴、便秘；急性扁桃体炎、急性咽炎见上述证候者。
喉疾灵片,片剂,清热解毒，散肿止痛。用于热毒内蕴所致的两腮肿痛、咽部红肿、咽痛；腮腺炎、扁桃体炎、急性咽炎、慢性咽炎急性发作及一般喉痛见上述证候者。
喉疾灵胶囊,胶囊剂,清热解毒，散肿止痛。用于热毒内蕴所致的两腮肿痛、咽部红肿、咽痛；腮腺炎、扁桃体炎、急性咽炎、慢性咽炎急性发作及一般喉痛见上述证候者。
锁阳固精丸,丸剂,温肾固精。用于肾阳不足所致的腰膝酸软、头晕耳鸣、遗精早泄。
筋骨康片,片剂,祛风散寒，舒筋活血，通络止痛。用于肩周炎，颈椎病，腰腿疼痛，肌肉关节疼痛，屈伸不利，以及风湿性关节炎、类风湿性关节炎见上述证候者。
筋骨痛消丸,丸剂,活血行气，温经通络，消肿止痛。用于血瘀寒凝、膝关节骨质增生引起的膝关节疼痛、肿胀、活动受限等症。
筋痛消酊,酊剂,活血化瘀，消肿止痛。用于急性闭合性软组织损伤。
舒心口服液,口服液,补益心气，活血化瘀。用于心气不足，瘀血内阻所致的胸痹，症见胸闷憋气、心前区刺痛、气短乏力；冠心病心绞痛见上述证候者。
舒心糖浆,糖浆剂,补益心气，活血化瘀。用于心气不足，瘀血内阻所致的胸痹，症见胸闷憋气、心前区刺痛、气短乏力；冠心病心绞痛见上述证候者。
舒尔经颗粒,颗粒剂,活血疏肝，止痛调经。用于痛经，症见月经将至前便觉性情急躁、胸乳胀痛或乳房有块、小腹两侧或一侧胀痛、经初行不畅、色暗或有血块。
舒肝丸,丸剂,舒肝和胃，理气止痛。用于肝郁气滞，胸胁胀满，胃脘疼痛，嘈杂呕吐，嗳气泛酸。
舒肝丸（浓缩丸）,丸剂,舒肝和胃，理气止痛。用于肝郁气滞，胸胁胀满，胃脘疼痛，嘈杂呕吐，嗳气泛酸。
舒肝平胃丸,丸剂,舒肝和胃，化湿导滞。用于肝胃不和、湿浊中阻所致的胸胁胀满、胃脘痞塞疼痛、嘈杂嗳气、呕吐酸水、大便不调。
舒肝和胃丸,丸剂,舒肝解郁，和胃止痛。用于肝胃不和，两胁胀满，胃脘疼痛，食欲不振，呃逆呕吐，大便失调。
舒肝解郁胶囊,胶囊剂,舒肝解郁，健脾安神。用于轻、中度单相抑郁症属肝郁脾虚证者，症见情绪低落、兴趣下降、迟滞、失眠、多梦、紧张不安、急躁易怒、食少纳呆，胸闷，乏力，多汗，疼痛，舌苔白或腻，脉弦或细。
舒泌通胶囊,胶囊剂,清热解毒，利尿通淋，软坚散结。用于湿热蕴结所致癃闭，小便量少，热赤不爽；前列腺肥大见上述证候者。
舒胆胶囊,胶囊剂,疏肝利胆止痛，清热解毒排石。用于胆囊炎、胆管炎、胆道术后感染及胆道结石属湿热蕴结、肝胆气滞证候者。
舒胸片,片剂,活血化瘀，通络止痛。用于瘀血阻滞所致的胸痹，症见胸闷、心前区刺痛；冠心病心绞痛见上述证候者。
舒胸胶囊,胶囊剂,活血化瘀，通络止痛。用于瘀血阻滞所致的胸痹，症见胸闷、心前区刺痛；冠心病心绞痛见上述证候者。
舒胸颗粒,颗粒剂,活血化瘀，通络止痛。用于瘀血阻滞所致的胸痹，症见胸闷、心前区刺痛；冠心病心绞痛见上述证候者。
舒康贴膏,膏剂,活血，化瘀，止痛。用于软组织闭合性急性损伤和慢性劳损。
舒筋活血定痛散,散剂,舒筋活血，散瘀止痛。用于跌打损伤，闪腰岔气，伤筋动骨，血瘀肿痛。
舒筋通络颗粒,颗粒剂,补肝益肾，活血舒筋。用于颈椎病属肝肾阴虚，气滞血瘀证，症见头昏，头痛，胀痛或刺痛，耳聋，耳鸣，颈项僵直，颈、肩、背疼痛，肢体麻木，倦怠乏力，腰膝酸软，口唇色暗，舌质暗红或有瘀斑。
脾胃舒丸,丸剂,疏肝理气，健脾和胃，消积化食。用于消化不良，不思饮食，胃脘嘈杂，腹胀肠鸣，恶心呕吐，大便溏泻，胁肋胀痛，急躁易怒，头晕乏力，失眠多梦等症。对慢性胃炎，慢性肝炎，早期肝硬化出现上述证候者有效。
猴头健胃灵片,片剂,舒肝和胃，理气止痛。用于肝胃不和，胃脘胁肋胀痛，呕吐吞酸；慢性胃炎、胃及十二指肠溃疡见上述证候者。
猴头健胃灵胶囊,胶囊剂,舒肝和胃，理气止痛。用于肝胃不和，胃脘胁肋胀痛，呕吐吞酸；慢性胃炎、胃及十二指肠溃疡见上述证候者。
猴耳环消炎片,片剂,清热解毒，凉血消肿，止泻。用于上呼吸道感染，急性咽喉炎，急性扁桃体炎，急性肠胃炎，亦可用于细菌性痢疾。
猴耳环消炎胶囊,胶囊剂,清热解毒，凉血消肿，止泻。用于上呼吸道感染，急性咽喉炎，急性扁桃体炎，急性肠胃炎，亦可用于细菌性痢疾。
痢必灵片,片剂,清热，祛湿，止痢。用于大肠湿热所致的痢疾、泄泻，症见发热腹痛、大便脓血、里急后重。
痧药,丸剂,祛暑解毒，辟秽开窍。用于夏令贪凉饮冷，感受暑湿，症见猝然闷乱烦躁、腹痛吐泻、牙关紧闭、四肢逆冷。
痛风定片,片剂,清热祛湿，活血通络定痛。用于湿热瘀阻所致的痹病，症见关节红肿热痛，伴有发热、汗出不解、口渴心烦、小便黄、舌红苔黄腻、脉滑数；痛风见上述证候者。
痛风定胶囊,胶囊剂,清热祛湿，活血通络定痛。用于湿热瘀阻所致的痹病，症见关节红肿热痛，伴有发热、汗出不解、口渴心烦、小便黄、舌红苔黄腻、脉滑数；痛风见上述证候者。
痛泻宁颗粒,颗粒剂,柔肝缓急，疏肝行气，理脾运湿。用于肝气犯脾所致的腹痛、腹泻、腹胀、腹部不适等症，肠易激综合征（腹泻型）等见上述证候者。
痛经丸,丸剂,温经活血，调经止痛。用于下焦寒凝血瘀所致的痛经、月经不调，症见经行错后、经量少有血块、行经小腹冷痛、喜暖。
痛经宝颗粒,颗粒剂,温经化瘀，理气止痛。用于寒凝气滞血瘀，妇女痛经，少腹冷痛，月经不调，经色暗淡。
普乐安片,片剂,补肾固本。用于肾气不固所致腰膝酸软、排尿不畅、尿后余沥或失禁；慢性前列腺炎及前列腺增生症见上述证候者。
普乐安胶囊,胶囊剂,补肾固本。用于肾气不固所致腰膝酸软、排尿不畅、尿后余沥或失禁；慢性前列腺炎及前列腺增生症见上述证候者。
湿毒清片,片剂,养血润肤，祛风止痒。用于血虚风燥所致的风瘙痒，症见皮肤干燥、脱屑、瘙痒，伴有抓痕、血痂、色素沉着；皮肤瘙痒症见上述证候者。
湿毒清胶囊,胶囊剂,养血润肤，祛风止痒。用于血虚风燥所致的风瘙痒，症见皮肤干燥、脱屑、瘙痒，伴有抓痕、血痂、色素沉着；皮肤瘙痒症见上述证候者。
湿热痹片,片剂,祛风除湿，清热消肿，通络定痛。用于湿热痹阻证，其症状为肌肉或关节红肿热痛，有沉重感，步履艰难，发热，口渴不欲饮，小便短赤。
温胃舒胶囊,胶囊剂,温中养胃，行气止痛。用于中焦虚寒所致的胃痛，症见胃脘冷痛、腹胀嗳气、纳差食少、畏寒无力；慢性萎缩性胃炎、浅表性胃炎见上述证候者。
渴乐宁胶囊,胶囊剂,益气养阴，生津止渴。用于气阴两虚所致的消渴病，症见口渴多饮、五心烦热、乏力多汗、心慌气短；2型糖尿病见上述证候者。
溃疡散胶囊,胶囊剂,理气和胃，制酸止痛。用于脾胃湿热，胃脘胀痛，胃酸过多；溃疡病，慢性胃炎见上述证候者。
滑膜炎片,片剂,清热祛湿，活血通络。用于湿热闭阻、瘀血阻络所致的痹病，症见关节肿胀疼痛、痛有定处、屈伸不利；急、慢性滑膜炎及膝关节术后见上述证候者。
滑膜炎胶囊,胶囊剂,清热祛湿，活血通络。用于湿热闭阻、瘀血阻络所致的痹病，症见关节肿胀疼痛、痛有定处、屈伸不利；急、慢性滑膜炎及膝关节术后见上述证候者。
滑膜炎颗粒,颗粒剂,清热祛湿，活血通络。用于湿热闭阻、瘀血阻络所致的痹病，症见关节肿胀疼痛、痛有定处、屈伸不利；急、慢性滑膜炎及膝关节术后见上述证候者。
滋心阴口服液,口服液,滋养心阴，活血止痛。用于阴虚血瘀所致的胸痹，症见胸闷胸痛、心悸怔忡、五心烦热、夜眠不安、舌红少苔；冠心病心绞痛见上述证候者。
滋心阴胶囊,胶囊剂,滋养心阴，活血止痛。用于阴虚血瘀所致的胸痹，症见胸闷胸痛、心悸怔忡、五心烦热、夜眠不安、舌红少苔；冠心病心绞痛见上述证候者。
滋心阴颗粒,颗粒剂,滋养心阴，活血止痛。用于阴虚血瘀所致的胸痹，症见胸闷胸痛、心悸怔忡、五心烦热、夜眠不安、舌红少苔；冠心病心绞痛见上述证候者。
滋补生发片,片剂,滋补肝肾，益气养荣，活络生发。用于脱发症。
滋肾健脑颗粒,颗粒剂,补气养血，填精益髓。用于健忘症，精神衰弱，腰膝酸软，神疲乏力。
强力天麻杜仲丸,丸剂,散风活血，舒筋止痛。用于中风引起的筋脉掣痛，肢体麻木，行走不便，腰腿酸痛，头痛头昏。
强力枇杷胶囊,胶囊剂,养阴敛肺，镇咳祛痰。用于久咳痨嗽，支气管炎。
强力枇杷膏（蜜炼）,膏剂,养阴敛肺，镇咳祛痰。用于久咳劳嗽、支气管炎。
强力枇杷露,露剂,养阴敛肺，镇咳祛痰。用于久咳劳嗽、支气管炎。
强力定眩片,片剂,降压、降脂、定眩。用于高血压、动脉硬化、高血脂症以及上述诸病引起的头痛、头晕、目眩、耳鸣、失眠。
强力定眩胶囊,胶囊剂,降压、降脂、定眩。用于高血压、动脉硬化、高血脂症以及上述诸病引起的头痛、头晕、目眩、耳鸣、失眠。
强阳保肾丸,丸剂,补肾助阳。用于肾阳不足所致的腰酸腿软、精神倦怠、阳痿遗精。
强肾片,片剂,补肾填精，益气壮阳。用于阴阳两虚所致的肾虚水肿、腰痛、遗精、阳痿、早泄、夜尿频数；慢性肾炎和久治不愈的肾盂肾炎见上述证候者。
疏风定痛丸,丸剂,祛风散寒，活血止痛。用于风寒湿闭阻、瘀血阻络所致的痹病，症见关节疼痛、冷痛、刺痛或疼痛致甚，屈伸不利、局部恶寒、腰腿疼痛、四肢麻木及跌打损伤所致的局部肿痛。
疏风活络丸,丸剂,祛风散寒，除湿通络。用于风寒湿闭阻所致的痹病，症见关节疼痛、局部畏恶风寒、四肢麻木、腰背疼痛。
疏风解毒胶囊,胶囊剂,疏风清热，解毒利咽。用于急性上呼吸道感染属风热证，症见发热，恶风，咽痛，头痛，鼻塞，流浊涕，咳嗽。
疏痛安涂膜剂,膜剂,舒筋活血，消肿止痛。用于风中经络、脉络瘀滞所致的头面疼痛、口眼歪斜，或跌打损伤所致的局部肿痛；头面部神经痛、面神经麻痹、急慢性软组织损伤见上述证候者。
蒲元和胃胶囊,胶囊剂,行气和胃止痛。用于胃脘胀痛、嗳气反酸、烦躁易怒、胁胀；胃及十二指肠溃疡属气滞证者。
蒲地蓝消炎口服液,口服液,清热解毒，消肿利咽。用于疖肿、腮腺炎、咽炎、扁桃体炎。
蒲地蓝消炎胶囊,胶囊剂,清热解毒，消肿利咽。用于疖肿、腮腺炎、咽炎、扁桃体炎。
槐角丸,丸剂,清肠疏风，凉血止血。用于血热所致的肠风便血、痔疮肿痛。
感冒止咳颗粒,颗粒剂,清热解表，止咳化痰。用于外感风热所致的感冒，症见发热恶风、头痛鼻塞、咽喉肿痛、咳嗽、周身不适。
感冒止咳糖浆,糖浆剂,清热解表，止咳化痰。用于外感风热所致的感冒，症见发热恶风、头痛鼻塞、咽喉肿痛、咳嗽、周身不适。
感冒退热颗粒,颗粒剂,清热解毒，疏风解表。用于上呼吸道感染、急性扁桃体炎、咽喉炎属外感风热、热毒壅盛证，症见发热、咽喉肿痛。
感冒清热口服液,口服液,疏风散寒，解表清热。用于风寒感冒，头痛发热，恶寒身痛，鼻流清涕，咳嗽，咽干。
感冒清热咀嚼片,片剂,疏风散寒、解表清热。用于风寒感冒，头痛发热，恶寒身痛，鼻流清涕，咳嗽咽干。
感冒清热胶囊,胶囊剂,疏风散寒，解表清热。用于风寒感冒，头痛发热，恶寒身痛，鼻流清涕，咳嗽咽干。
感冒清热颗粒,颗粒剂,疏风散寒，解表清热。用于风寒感冒，头痛发热，恶寒身痛，鼻流清涕，咳嗽咽干。
感冒舒颗粒,颗粒剂,疏风清热，发表宣肺。用于风热感冒，头痛体困，发热恶寒，鼻塞流涕，咳嗽咽痛。
暖脐膏,膏剂,温里散寒，行气止痛。用于寒凝气滞，少腹冷痛，脘腹痞满，大便溏泻。
催汤丸,丸剂,清热解表，止咳止痛。用于感冒初起，咳嗽头痛，关节酸痛；防治流行性感冒。
微达康口服液,口服液,扶正固本，补肾安神。用于肾虚所致体虚乏力、失眠多梦，食欲不振；肿瘤放疗、化疗引起的白细胞、血小板减少，免疫功能低下见上述证候者。
腰痛丸,丸剂,补肾活血，强筋止痛。用于肾阳不足、瘀血阻络所致的腰痛及腰肌劳损。
腰痛片,片剂,补肾活血，强筋止痛。用于肾阳不足、瘀血阻络所致的腰痛及腰肌劳损。
腰痛宁胶囊,胶囊剂,消肿止痛，疏散寒邪，温经通络。用于寒湿瘀阻经络所致的腰椎间盘突出症、坐骨神经痛、腰肌劳损、腰肌纤维炎、风湿性关节痛，症见腰腿痛、关节痛及肢体活动受限者。
腰痹通胶囊,胶囊剂,活血化瘀，祛风除湿，行气止痛。用于血瘀气滞、脉络闭阻所致腰痛，症见腰腿疼痛、痛有定处、痛处拒按、轻者俯仰不便、重者剧痛不能转侧；腰椎间盘突出症见上述证候者。
解肌宁嗽丸,丸剂,解表宣肺，止咳化痰。用于外感风寒、痰浊阻肺所致的小儿感冒发热、咳嗽痰多。
解郁安神颗粒,颗粒剂,舒肝解郁，安神定志。用于情志不畅、肝郁气滞所致的失眠、心烦、焦虑、健忘；神经官能症、更年期综合征见上述证候者。
痹祺胶囊,胶囊剂,益气养血，祛风除湿，活血止痛。用于气血不足，风湿瘀阻，肌肉关节酸痛，关节肿大、僵硬变形或肌肉萎缩，气短乏力；风湿、类风湿性关节炎，腰肌劳损，软组织损伤属上述证候者。
瘀血痹胶囊,胶囊剂,活血化瘀，通络止痛。用于瘀血阻络所致的痹病，症见肌肉关节剧痛、痛处拒按、固定不移、可有硬节或瘀斑。
瘀血痹颗粒,颗粒剂,活血化瘀，通络止痛。用于瘀血阻络所致的痹病，症见肌肉关节剧痛、痛处拒按、固定不移、可有硬节或瘀斑。
痰饮丸,丸剂,温补脾肾，助阳化饮。用于脾肾阳虚、痰饮阻肺所致的咳嗽、气促发喘、咯吐白痰、畏寒肢冷、腰酸背冷、腹胀食少。
新血宝胶囊,胶囊剂,补血益气，健脾和胃。用于缺铁性贫血所致的气血两虚证。
新雪颗粒,颗粒剂,清热解毒。用于外感热病、热毒壅盛证，症见高热、烦躁；扁桃体炎、上呼吸道感染、气管炎、感冒见上述证候者。
新清宁片,片剂,清热解毒，泻火通便。用于内结实热所致的喉肿、牙痛、目赤、便秘、下痢、发热；感染性炎症见上述证候者。
满山红油胶丸,丸剂,止咳祛痰。用于寒痰犯肺所致的咳嗽、咳痰色白；急、慢性支气管炎见上述证候者。
裸花紫珠片,片剂,清热解毒，收敛止血。用于血热毒盛所致的呼吸道、消化道出血及细菌感染性炎症。
裸花紫珠胶囊,胶囊剂,清热解毒，收敛止血。用于血热毒盛所致的呼吸道、消化道出血及细菌感染性炎症。
障眼明片,片剂,补益肝肾，退翳明目。用于肝肾不足所致的干涩不舒、单眼复视、腰膝酸软、或轻度视力下降；早、中期老年性白内障见上述证候者。
障翳散,散剂,行滞祛瘀，退障消翳。用于老年性白内障及角膜翳属气滞血瘀证。
槟榔四消丸（大蜜丸）,丸剂,消食导滞，行气泻水。用于食积痰饮，消化不良，脘腹胀满，嗳气吞酸，大便秘结。
槟榔四消丸（水丸）,丸剂,消食导滞，行气泻水。用于食积痰饮，消化不良，脘腹胀满，嗳气吞酸，大便秘结。
豨红通络口服液,口服液,祛风活血，通络止痛。用于瘀血阻络所致的中风病，症见偏瘫，肢体麻木，语言不利。
豨莶丸,丸剂,清热祛湿，散风止痛。用于风湿热阻络所致的痹病，症见肢体麻木、腰膝酸软、筋骨无力、关节疼痛。亦用于半身不遂，风疹湿疮。
豨莶通栓丸,栓剂,活血化瘀，祛风化痰，舒筋活络，醒脑开窍。用于缺血性中风风痰痹阻脉络引起的中经络，症见半身不遂、偏身麻木、口舌歪斜、语言謇涩。
豨莶通栓胶囊,胶囊剂,活血化瘀，祛风化痰，舒筋活络，醒脑开窍。用于缺血性中风风痰痹阻脉络证引起的半身不遂、偏身麻木、口舌歪斜，语言謇涩。
豨桐丸,丸剂,清热祛湿，散风止痛。用于风湿热痹，症见关节红肿热痛；风湿性关节炎见上述证候者。
豨桐胶囊,胶囊剂,清热祛湿，散风止痛。用于风湿热痹，症见关节红肿热痛；风湿性关节炎见上述证候者。
稳心片,片剂,益气养阴，活血化瘀。用于气阴两虚，心脉瘀阻所致的心悸不宁、气短乏力、胸闷胸痛；室性早搏、房性早搏见上述证候者。
稳心胶囊,胶囊剂,益气养阴，活血化瘀。用于气阴两虚，心脉瘀阻所致的心悸不宁、气短乏力、胸闷胸痛；室性早搏、房性早搏见上述证候者。
稳心颗粒,颗粒剂,益气养阴，活血化瘀。用于气阴两虚，心脉瘀阻所致的心悸不宁、气短乏力、胸闷胸痛；室性早搏、房性早搏见上述证候者。
慢支固本颗粒,颗粒剂,补肺健脾，固表和营。用于慢性支气管炎缓解期之肺脾气虚证，症见乏力，自汗，恶风寒，咳嗽、咯痰，易感冒，食欲不振。
慢肝解郁胶囊,胶囊剂,疏肝解郁，健脾养血。用于肝郁脾虚所致的肝区胀痛，胸闷不舒，食欲不振，腹胀便溏者；迁延性肝炎或慢性肝炎见上述证候者。
鼻炎片,片剂,祛风宣肺，清热解毒。用于急、慢性鼻炎风热蕴肺证，症见鼻塞、流涕、发热、头痛。
鼻炎灵片,片剂,通窍消肿，祛风退热。用于慢性鼻窦炎、鼻炎及鼻塞头痛，浊涕臭气，嗅觉失灵。
鼻炎通喷雾剂,气雾剂,散风清热，宣肺通窍。用于风热蕴肺所致的鼻塞，鼻流清涕或浊涕，发热，头痛；急、慢性鼻炎见上述证候者。
鼻炎康片,片剂,清热解毒，宣肺通窍，消肿止痛。用于风邪蕴肺所致的急、慢性鼻炎，过敏性鼻炎。
鼻咽灵片,片剂,解毒消肿，益气养阴。用于火毒蕴结、耗气伤津所致的口干、咽痛、咽喉干燥灼热、声嘶、头痛、鼻塞、流脓涕或涕中带血；急慢性咽炎、口腔炎、鼻咽炎见上述证候者。亦用于鼻咽癌放疗、化疗辅助治疗。
鼻咽清毒颗粒,颗粒剂,清热解毒，化痰散结。用于痰热毒瘀蕴结所致的鼻咽部慢性炎症，鼻咽癌放射治疗后分泌物增多。
鼻渊丸,丸剂,祛风宣肺，清热解毒，通窍止痛。用于鼻塞鼻渊，通气不畅，流涕黄浊，嗅觉不灵，头痛，眉棱骨痛。
鼻渊片,片剂,祛风宣肺，清热解毒，通窍止痛。用于鼻塞鼻渊，通气不畅，流涕黄浊，嗅觉不灵，头痛，眉棱骨痛。
鼻渊通窍颗粒,颗粒剂,疏风清热，宣肺通窍。用于急鼻渊（急性鼻窦炎）属外邪犯肺证，症见前额或颧骨部压痛，鼻塞时作，流涕黏白或黏黄，或头痛，或发热，苔薄黄或白，脉浮。
鼻渊舒口服液,口服液,疏风清热，祛湿通窍。用于鼻炎、鼻窦炎属肺经风热及胆腑郁热证者。
鼻渊舒胶囊,胶囊剂,疏风清热，祛湿通窍。用于鼻炎、鼻窦炎属肺经风热及胆腑郁热证者。
鼻窦炎口服液,口服液,疏散风热，清热利湿，宣通鼻窍。用于风热犯肺、湿热内蕴所致的鼻塞不通、流黄稠涕；急慢性鼻炎、鼻窦炎见上述证候者。
鲜益母草胶囊,胶囊剂,活血调经。用于血瘀所致的月经不调、产后恶露不绝，症见经水量少、淋漓不净、产后出血时间过长；产后子宫复旧不全见上述证候者。
精制冠心口服液,口服液,活血化瘀。用于瘀血内停所致的胸痹，症见胸闷、心前区刺痛；冠心病心绞痛见上述证候者。
精制冠心片,片剂,活血化瘀。用于瘀血内停所致的胸痹，症见胸闷、心前区刺痛；冠心病心绞痛见上述证候者。
精制冠心软胶囊,软胶囊,活血化瘀。用于瘀血内停所致的胸痹，症见胸闷、心前区刺痛；冠心病心绞痛见上述证候者。
精制冠心颗粒,颗粒剂,活血化瘀。用于瘀血内停所致的胸痹，症见胸闷、心前区刺痛；冠心病心绞痛见上述证候者。
熊胆胶囊,胶囊剂,清热，平肝，明目。用于惊风抽搐，咽喉肿痛。
熊胆救心丸,丸剂,强心益气，芳香开窍。用于心气不足所致的胸痹，症见胸闷、心痛、气短、心悸。
熊胆痔灵栓,栓剂,清热解毒，消肿止痛，敛疮生肌，止血。用于痔疮肿痛出血，痔漏，肠风下血，肛窦炎及内痔手术出血。
熊胆痔灵膏,膏剂,清热解毒，消肿止痛，敛疮生肌，止痒，止血。用于痔疮肿痛出血，痔漏，肠风下血，肛窦炎及内痔手术出血。
缩泉丸,丸剂,补肾缩尿。用于肾虚所致的小便频数、夜间遗尿。
缩泉胶囊,胶囊剂,补肾缩尿。用于肾虚所致的小便频数、夜间遗尿。
增液颗粒,颗粒剂,养阴生津，清热润燥。用于热邪伤阴、津液不足所引起的阴虚内热，口干咽燥，大便燥结；亦可用于感染性疾患高热所致体液耗损的辅助用药。
镇心痛口服液,口服液,益气活血，通络化痰。用于气虚血瘀、痰阻脉络、心阳失展所致的胸痹，症见胸痛、胸闷、心悸、气短、乏力肢冷；冠心病心绞痛见上述证候者。
镇咳宁口服液,口服液,止咳，平喘，祛痰。用于风寒束肺所致的咳嗽、气喘、咯痰；支气管炎、支气管哮喘见上述证候者。
镇咳宁颗粒,颗粒剂,止咳，平喘，祛痰。用于风寒束肺所致的咳嗽、气喘、咯痰；支气管炎、支气管哮喘见上述证候者。
镇咳宁糖浆,糖浆剂,止咳，平喘，祛痰。用于风寒束肺所致的咳嗽、气喘、咯痰；支气管炎、支气管哮喘见上述证候者。
镇脑宁胶囊,胶囊剂,熄风通络。用于风邪上扰所致的头痛头昏、恶心呕吐、视物不清、肢体麻木、耳鸣；血管神经性头痛、高血压、动脉硬化见上述证候者。
澳泰乐颗粒,颗粒剂,舒肝理气、清热解毒。用于肝郁毒蕴所致的胁肋胀痛、口苦纳呆、乏力；慢性肝炎见上述证候者。
颠茄片,片剂,
颠茄酊,酊剂,
橘红丸,丸剂,清肺，化痰，止咳。用于痰热咳嗽，痰多，色黄黏稠，胸闷口干。
橘红片,片剂,清肺，化痰，止咳。用于痰热咳嗽，痰多，色黄黏稠，胸闷口干。
橘红胶囊,胶囊剂,清肺，化痰，止咳。用于痰热咳嗽，痰多，色黄黏稠，胸闷口干。
橘红颗粒,颗粒剂,清肺，化痰，止咳。用于痰热咳嗽，痰多，色黄黏稠，胸闷口干。
橘红化痰丸,丸剂,敛肺化痰，止咳平喘。用于肺气不敛，痰浊内阻，咳嗽，咯痰，喘促，胸膈满闷。
橘红痰咳液,口服液,理气化痰，润肺止咳。用于痰浊阻肺所致的咳嗽、气喘、痰多；感冒、支气管炎、咽喉炎见上述证候者。
醒脑再造胶囊,胶囊剂,化痰醒脑，祛风活络。用于风痰闭阻清窍所致的神志不清、言语謇涩、口角流涎、筋骨酸痛、手足拘挛、半身不遂；脑血栓恢复期及后遗症见上述证候者。
癃闭舒胶囊,胶囊剂,益肾活血，清热通淋。用于肾气不足、湿热瘀阻所致的癃闭，症见腰膝酸软、尿频、尿急、尿痛、尿线细，伴小腹拘急疼痛；前列腺增生症见上述证候者。
癃清片,片剂,清热解毒，凉血通淋。用于下焦湿热所致的热淋，症见尿频、尿急、尿痛、腰痛、小腹坠胀；亦用于慢性前列腺炎湿热蕴结兼瘀血证，症见小便频急，尿后余沥不尽，尿道灼热，会阴、少腹、腰骶部疼痛或不适等。
癃清胶囊,胶囊剂,清热解毒，凉血通淋。用于下焦湿热所致的热淋，症见尿频、尿急、尿痛、尿短、腰痛、小腹坠胀。
糖尿乐胶囊,胶囊剂,益气养阴，生津止渴。用于气阴两虚所致的消渴病，症见多食、多饮、多尿、消瘦、四肢无力。
糖脉康片,片剂,养阴清热，活血化瘀，益气固肾。用于糖尿病气阴两虚兼血瘀所致的倦怠乏力、气短懒言、自汗、盗汗、五心烦热、口渴喜饮、胸中闷痛、肢体麻木或刺痛、便秘、舌质红少津、舌体胖大、苔薄或花剥、或舌黯有瘀斑、脉弦细或细数，或沉涩等症及2型糖尿病并发症见上述证候者。
糖脉康胶囊,胶囊剂,养阴清热，活血化瘀，益气固肾。用于糖尿病气阴两虚兼血瘀所致的倦怠乏力、气短懒言、自汗、盗汗、五心烦热、口渴喜饮、胸中闷痛、肢体麻木或刺痛、便秘、舌质红少津、舌体胖大、苔薄或花剥、或舌黯有瘀斑、脉弦细或细数，或沉涩等症及2型糖尿病并发症见上述证候者。
糖脉康颗粒,颗粒剂,养阴清热，活血化瘀，益气固肾。用于糖尿病气阴两虚兼血瘀所致的倦怠乏力、气短懒言、自汗、盗汗、五心烦热、口渴喜饮、胸中闷痛、肢体麻木或刺痛、便秘、舌质红少津、舌体胖大、苔薄或花剥、或舌黯有瘀斑、脉弦细或细数，或沉涩等症及2型糖尿病并发症见上述证候者。
避瘟散,散剂,祛暑避秽，开窍止痛。用于夏季暑邪引起的头目眩晕、头痛鼻塞、恶心、呕吐、晕车晕船。
黛蛤散,散剂,清肝利肺，降逆除烦。用于肝火犯肺所致的头晕耳鸣、咳嗽吐衄、痰多黄稠、咽膈不利、口渴心烦。
藤丹胶囊,胶囊剂,平肝息风，泻火养阴，舒脉通络。用于高血压病Ⅰ、Ⅱ级肝阳上亢、阴血不足证，症见头痛、眩晕、耳鸣、烦躁、失眠、心悸、腰膝酸软、口咽干燥、舌红或有瘀斑、苔黄或少苔、脉弦数或细而数者。
礞石滚痰丸,丸剂,逐痰降火。用于痰火扰心所致的癫狂惊悸，或喘咳痰稠、大便秘结。
鹭鸶咯丸,丸剂,宣肺、化痰、止咳。用于痰浊阻肺所致的顿咳、咳嗽，症见咳嗽阵作、痰鸣气促、咽干声哑；百日咳见上述证候者。
藿香正气口服液,口服液,解表化湿，理气和中。用于外感风寒、内伤湿滞或夏伤暑湿所致的感冒，症见头痛昏重、胸膈痞闷、脘腹胀痛、呕吐泄泻；胃肠型感冒见上述证候者。
藿香正气水,酊剂,解表化湿，理气和中。用于外感风寒、内伤湿滞或夏伤暑湿所致的感冒，症见头痛昏重、胸膈痞闷、脘腹胀痛、呕吐泄泻；胃肠型感冒见上述证候者。
藿香正气软胶囊,软胶囊,解表化湿，理气和中。用于外感风寒、内伤湿滞或夏伤暑湿所致的感冒，症见头痛昏重、胸膈痞闷、脘腹胀痛、呕吐泄泻；胃肠型感冒见上述证候者。
藿香正气滴丸,滴丸,解表化湿，理气和中。用于外感风寒、内伤湿滞或夏伤暑湿所致的感冒，症见头痛昏重、胸膈痞闷、脘腹胀痛、呕吐泄泻；胃肠型感冒见上述证候者。
藿胆丸,丸剂,芳香化浊，清热通窍。用于湿浊内蕴、胆经郁火所致的鼻塞、流清涕或浊涕、前额头痛。
藿胆片,片剂,芳香化浊，清热通窍，用于湿浊内蕴、胆经郁火所致的鼻塞、流清涕或浊涕、前额头痛。
癣宁搽剂,搽剂,清热除湿，杀虫止痒，有较强的抗真菌作用。用于脚癣、手癣、体癣、股癣皮肤癣症。
癣湿药水,酊剂,祛风除湿，杀虫止痒。用于风湿虫毒所致的鹅掌风、脚湿气，症见皮肤丘疹、水疱、脱屑，伴有不同程度瘙痒。
獾油搽剂,搽剂,清热解毒，消肿止痛。用于烧伤，烫伤，皮肤肿痛。
癫痫平片,片剂,豁痰开窍，平肝清热，熄风定痫。用于风痰闭阻所致癫痫。
癫痫康胶囊,胶囊剂,镇惊熄风，化痰开窍。用于癫痫风痰闭阻，痰火扰心，神昏抽搐，口吐涎沫者。
麝香风湿胶囊,胶囊剂,祛风散寒，除湿活络。用于风寒湿闭阻所致的痹病，症见关节疼痛、局部畏恶风寒、屈伸不利、手足拘挛。
麝香抗栓胶囊,胶囊剂,通络活血，醒脑散瘀。用于中风气虚血瘀症，症见半身不遂、言语不清、头昏目眩。
麝香祛痛气雾剂,气雾剂,活血祛瘀，舒经活络，消肿止痛。用于各种跌打损伤，瘀血肿痛，风湿瘀阻，关节疼痛。
麝香祛痛搽剂,搽剂,活血祛瘀，舒经活络，消肿止痛。用于各种跌打损伤，瘀血肿痛，风湿瘀阻，关节疼痛。
麝香痔疮栓,栓剂,清热解毒，消肿止痛，止血生肌。用于大肠热盛所致的大便出血、血色鲜红、肛门灼热疼痛；各类痔疮和肛裂见上述证候者。
麝香跌打风湿膏,膏剂,祛风除湿，化瘀止痛。用于风湿痛，跌打损伤，肿痛。
麝香舒活搽剂,搽剂,活血散瘀，消肿止痛。用于闭合性新旧软组织损伤和肌肉疲劳酸痛及风湿痹痛。
麝香镇痛膏,膏剂,散寒，活血，镇痛。用于风湿性关节痛，关节扭伤。
蠲哮片,片剂,泻肺除壅，涤痰祛瘀，利气平喘。用于支气管哮喘急性发作期热哮痰瘀伏肺证，症见气粗痰涌、痰鸣如吼、咳呛阵作、痰黄稠厚。
乙肝扶正胶囊,胶囊剂,补肝肾，益气活血。用于乙型肝炎，辨证属于肝肾两虚证候，临床表现为：肝区隐痛不适，全身乏力，腰膝酸软，气短心悸，自汗，头晕，纳少，舌淡，脉弱
乙肝解毒胶囊,胶囊剂,清热解毒，疏肝利胆。用于乙型肝炎，辨证属于肝胆湿热内蕴者。临床表现为：肝区热痛，全身乏力，口苦咽干，头晕耳鸣或面红耳赤，心烦易怒，大便干结，小便少而黄，舌苔黄腻，脉滑数或弦数
二母宁嗽丸,丸剂,清肺润燥，化痰止咳。用于燥热蕴肺，痰黄而粘不易咳出，胸闷气促，久咳不止，声哑喉痛
二益丸,丸剂,调经止带，温暖子宫。用于经脉不调，行经腹痛，瘀血痨症，下元虚寒，腰膝酸痛，赤白带下
十二温经丸,丸剂,温经散寒，养血祛瘀。用于冲任虚寒，瘀血阻滞，月经不调，或先或后、或多或少，小腹冷痛以及宫寒不孕
十珍香附丸,丸剂,补气养血，和营调经。用于血虚气滞，月经不调
丁蔻理中丸,丸剂,温中散寒，补脾健胃。用于脾胃虚寒，脘腹挛痛，呕吐泄泻，消化不良
七宝美髯丸,丸剂,补肝肾，益精血。用于肝肾两虚，须发早白，牙齿摇动，遗精盗汗，腰酸带下，筋骨痿弱，腰腿酸软，带下清稀
七味都气丸,丸剂,补肾纳气，涩精止遗。用于虚不能纳气之喘促，或久咳而咽干气短，遗精盗汗，小便频数
人参固本丸,丸剂,滋阴益气，固本培元。用于阴虚气弱，虚劳，咳嗽，心悸气短，骨蒸潮热，腰酸耳鸣，遗精盗汗，大便干燥
人参健脾丸,丸剂,健脾益气，消食和胃。用于脾胃虚弱，消化不良，食欲不振，脘胀呕恶，腹痛便溏，小儿疳积
儿童清肺丸,丸剂,清肺，化痰，止嗽。用于小儿肺经痰热，外感风寒引起的面赤身热，咳嗽气促，痰多粘稠，咽痛声哑
儿童清热导滞丸,丸剂,健胃导滞，消积化虫。用于小儿蓄乳宿食引起：胸膈满闷，积聚痞块，虫积腹痛，面黄肌瘦，消化不良，燥烦口渴，不思饮食
三黄膏,膏剂,清热解毒，消肿止痛。用于痈疡肿毒，红热掀痛，烫火烧伤
三蛇药酒,酒剂,祛风除湿，通经活络。用于风寒湿痹，手足麻木，筋骨疼痛，腰膝无力等症
万灵筋骨膏,膏剂,散风活血、舒筋定痛。用于风寒湿邪，伤于筋骨，关节疼痛，四肢麻木，行动艰难
口腔溃疡散,散剂,消溃止痛。用于复发性口腔溃疡，疱疹性口腔溃疡
山药丸,丸剂,祛风通络，强筋壮骨。用于痹症，筋骨痿软，关节不利，跌打损伤，瘀血作痛
千金化痰丸,丸剂,清化痰热，行气。用于痰热内结，咳痰黄稠或眩晕，痰核流注，便秘
川芎茶调丸,丸剂,疏风止痛。用于风寒头痛，恶寒发热
小儿牛黄散,散剂,清热镇惊，散风化痰。用于小儿食滞内热引起咳嗽身烧，呕吐痰涎，烦躁起急，睡卧不安，惊风抽搐，神志昏迷，大便燥结
小儿百寿丸,丸剂,疏风化痰，清热镇惊。用于小儿外感风热，内停痰食，发热头痛，厌食嗳气，咳嗽痰多，以及痰热惊风
小儿回春丸,丸剂,熄风镇惊，化痰开窍。用于小儿急惊抽搐，痰涎壅盛，神昏气喘，烦躁发热等症
小儿金丹片,片剂,祛风化痰，清热解毒。用于感冒发热，头痛，咳嗽，气喘，咽喉肿痛，呕吐，急热惊风
小儿保安丸,丸剂,祛风，镇惊，除痰。用于呕吐泄泻，消化不良，感冒初起，小儿惊风，咳嗽痰多
小儿香橘丸,丸剂,健脾和胃，消食止泻。用于小儿饮食不节引起的呕吐便泻，脾胃不和，身烧腹胀，面黄肌瘦，不思饮食
小儿急惊散,散剂,清热镇惊，祛风化痰。用于小儿脏腑积热，清浊不分引起急热惊风，手足抽搐，目直天吊，痰涎壅盛，身热咳嗽，气促作喘，烦躁口渴
小儿镇惊丸,丸剂,镇惊解热。用于小儿急热惊风，痰涎壅盛
小儿琥珀丸,丸剂,镇惊安神，清热化痰。用于四时感冒，风寒时疫，烦躁不宁，痰喘气急，关窍不利，惊痫不安
子宫锭,丹剂,活血化瘀，化腐生肌，消肿止痛，燥湿收敛，解毒杀虫。用于治疗妇女带下，阴痒及不孕症
久痢丸（久痢丹）,丹剂,健脾益气，除湿化滞。用于湿热久痢，休息痢
开郁顺气丸,丸剂,开郁理气，健胃消食。用于胸膈胀满，两胁攻痛，胃脘痞闷，消化不良
木香顺气丸,丸剂,行气化湿，健脾和胃。用于湿浊阻滞气机，胸膈痞闷，脘腹胀痛，呕吐恶心，嗳气纳呆
五加皮酒,酒剂,舒筋活血，除湿祛风。用于风湿痹痛，手足痉挛，四肢麻木，腰膝酸痛
五味子丸,丸剂,滋阴补气，填精益髓。用于肾气不足，腰膝疼痛，记忆衰退，头晕耳鸣，四肢无力
五海瘿瘤丸,丸剂,软坚消肿。用于痰核瘿瘤，瘰疬，乳核
不换金正气散,散剂,燥湿化痰，理气和中。用于脾胃不和，痰湿中阻，胸膈痞闷，寒热往来，霍乱吐泻，山岚瘴气
牛黄清胃丸,丸剂,清胃泻火，润燥通便。用于心胃火盛，头晕目眩，口舌生疮，牙龈肿痛，乳蛾咽痛，便秘尿赤
止嗽丸,丸剂,止嗽祛痰，疏风理肺。用于风邪犯肺咳嗽咽痒，痰不易咯出者
水牛角解毒丸,丸剂,清热解毒，消肿止痛。用于小儿热毒、疮疖痈疡、红肿热痛，发热恶寒，或目赤口疮，咽喉肿痛，或痘疹余毒，烦热口渴
水陆二味丸,丸剂,涩精，止带。用于肾虚，精关不固，男子滑精，妇女白带
少阳感冒冲剂,颗粒剂,扶正解表，清热和中。用于寒热往来，口苦咽干，头晕目眩，不思饮食，心烦恶心
风湿酒,酒剂,祛风燥湿，通经活络。用于四肢麻木，腰膝酸软，风湿关节疼痛
风热感冒冲剂,颗粒剂,清温解毒，宣肺利咽。用于感冒身热，鼻塞，头痛，咳嗽，多痰
风寒感冒冲剂,颗粒剂,解表发汗，疏风散寒。用于感冒身热，头痛，咳嗽，鼻塞，流涕
风湿骨痛丸,丸剂,祛风湿，通活络。用于风湿性关节炎
丹七片,片剂,活血化瘀。用于血瘀气滞，心胸痹痛，眩晕头痛，经期腹痛
丹栀逍遥丸,丹剂,舒肝解郁，清热调经。用于肝郁化火，胸胁胀痛，烦闷急躁，颊赤口干，食欲不振或有潮热，以及妇女月经先期，经行不畅，胸乳与少腹胀痛
乌梅丸,丸剂,温脏安蛔。用于治疗蛔厥，久痢，厥阴头痛，或脾胃虚寒引起之胃脘痛，肢体瘦弱
正骨紫金丸,丸剂,活血散瘀，消肿止痛。用于跌打损伤，经络不通，瘀血肿痛
玉屏风丸,丸剂,益气，固表，止汗。用于表虚不固，自汗恶风，面色㿠白，或体虚易感风邪者
玉液丸,丸剂,益气养血。用于妇女气血不调，经期不准，产后血虚
左归丸,丸剂,滋肾补阴。用于真阴不足，腰酸膝软，盗汗遗精，神疲口燥
右归丸,丸剂,温补肾阳，填精止遗。用于肾阳不足，命门火衰，腰膝酸冷，精神不振，怯寒畏冷，阳痿遗精，大便溏薄，尿频而清
生化丸,丸剂,养血祛瘀。用于产后受寒恶露不行或行而不畅，夹有血块，小腹冷痛
生肌玉红膏,膏剂,解毒消肿，生肌止痛。用于疮疡肿痛，乳痈发背，溃烂流脓，浸淫黄水
宁坤养血丸,丸剂,补气和营，养血调经。用于气虚血少，月经不调，经期后延，行经小腹冷痛或经后小腹空痛
半夏天麻丸,丸剂,健脾祛湿，化痰熄风。用于脾虚聚湿生痰，眩晕，头痛，如蒙如裹，胸脘满闷
加味益母草膏,膏剂,养血调经。用于月经不调，血色不正，经水短少及产后瘀血腹痛
孕妇金花丸,丸剂,清热，安胎。用于孕妇头痛，眩晕，口鼻生疮，咽喉肿痛，双目赤肿，牙龈疼痛，或胎动下坠，小腹作痛，心烦不安，口干咽燥，渴喜冷饮，小便短黄等症
孕妇清火丸,丸剂,清火安胎。用于孕妇胎热口干，胸腹灼热，或口舌生疮，咽喉燥痛，或大便秘结，小便黄赤
百花定喘丸,丸剂,清热化痰，止嗽定喘。用于痰热咳喘，呼吸困难，胸满不畅，咽干口渴
百补增力丸,丸剂,开胃健脾，益气养血。用于肾水不足，脾胃失和引起的自汗盗汗，腰腿疼痛，精神疲倦，劳伤过度，咳嗽咯血，食欲不振，消化不良
地榆槐角丸,丸剂,疏风凉血，泻热润燥。用于脏腑实热，大肠火盛，肠风便血，痔疮漏疮，湿热便秘，肛门肿痛
至圣保元丸,丸剂,祛风化痰，解热镇惊。用于小儿痰热内闭，外感风寒，身热面赤，咳嗽痰盛，气粗喘促以及风热急惊
当归拈痛丸,丸剂,清热利湿，祛风止痛。用于风湿阻络，骨节疼痛，胸膈不利，或湿热下注，足胫红肿热痛，或溃破流脓水者，疮疡
当归补血丸,丸剂,补养气血。用于身体虚弱，气血两亏
当归养血丸,丸剂,养血调经。用于气血两虚，月经不调
芎菊上清丸,丸剂,清热，散风，止痛。用于外感风热，头痛鼻塞
竹沥达痰丸,丸剂,豁除顽痰，清火顺气。用于痰热上壅，咳喘痰多，大便干燥，顽痰胶结，烦闷癫狂
血府逐瘀丸,丸剂,活血祛瘀，行气止痛。用于瘀血内阻，头痛或胸痛，内热瞀闷，失眠多梦，心悸怔忡，急躁善怒
全鹿丸,丸剂,补肾填精，益气培元。用于老年阳虚，腰膝酸软，畏寒肢冷，肾虚尿频，妇女血亏，崩漏带下
安坤赞育丸,丸剂,补气养血，调经止带。用于气血两亏和肝肾不足所致之形瘦虚赢，神倦体疲，面黄浮肿，心悸失眠，腰酸腿软，午后低烧，骨蒸潮热，月经不调，崩漏带下，产后虚弱，瘀血腹疼，大便溏薄
安胎丸,丸剂,养血安胎。用于妊娠血虚，胎动不安，面色淡黄，不思饮食，神疲乏力
妇女痛经丸,丸剂,活血，调经，止痛。用于血瘀凝滞，小腹胀痛，经期腹痛
妇宁丸,丸剂,养血调经，顺气通郁。用于月经不调，腰腹疼痛，赤白带下，精神倦怠，饮食减少
妇科止带片,片剂,清热燥湿，收敛止带。用于慢性子宫颈炎，子宫内膜炎，阴道粘膜炎等引起的湿热型赤白带症
妇科白带膏,膏剂,健脾舒肝，除湿止带。用于脾虚湿盛，白带连绵，腰腿酸痛
妇科回生丸,丸剂,通经化瘀，止痛。用于气虚血亏，瘀血凝滞引起的经期不准，经闭，癥瘕痞块，产后血晕，恶露不尽等症
妇科金丹,丹剂,调经活血。用于腰酸背痛，肚腹疼痛，饮食不化，呕逆恶心，自汗盗汗
妇科养坤丸,丸剂,疏肝理气，养血活血。用于血虚肝郁而致月经不调，闭经，痛经，经期头痛等
妇康宁片,片剂,调经养血，理气止痛。用于气血两亏，经期腹痛
红绵散,散剂,除湿止痒，消肿定痛。用于耳内生疮，破流脓水，痛痒浸淫
抗骨质增生丸,丸剂,补腰肾，强筋骨，活血，利气，止痛。用于增生性脊椎炎（肥大性胸椎、腰椎炎），颈椎综合症，骨刺等骨质增生症
时疫救急丸,丸剂,祛暑散寒，定痛止泻。用于暑湿霍乱，头晕发热，脘腹胀痛，恶心呕吐，肠鸣泄泻
利胆片,片剂,清热止痛。用于胆道疾患，胁肋及胃腹部疼痛，按之痛剧，大便不通，小便短黄，身热头痛，呕吐不食等症
龟鹿二胶丸,丸剂,温补肾阳，填精益髓。用于肾阳不足，精血亏虚，阳痿早泄，梦遗滑精，腰痛酸软，筋骨无力，眩晕耳鸣，眼目昏花，消渴尿多，神疲赢瘦，肢冷畏寒
龟鹿补肾丸,丸剂,补肾壮阳。用于身体虚弱、肾亏精冷，夜多小便，健忘失眠
补肺丸,丸剂,补肺益气，止咳平喘。用于肺气不足，气短喘咳，咳声低弱，干咳痰粘，咽干舌燥
补益蒺藜丸,丸剂,健脾补肾，益气明目。用于脾肾不足，眼目昏花，视物不清，腰酸气短
鸡苏丸,丸剂,清肺平喘，润燥止咳，化痰除痞。用于肺热喘咳，气急鼻煽，咳痰粘稠，咽干鼻燥，劳嗽咳血，颧红盗汗，痰粘难咯，胸膈满闷
青果丸,丸剂,清热利咽，消肿止痛。用于咽喉肿痛，失音声哑，口干舌燥，肺燥咳嗽
青黛散,散剂,清热解毒、消肿止痛。用于治疗口疮，咽喉肿痛，牙疳出血等症
苦参栓,栓剂,抗菌消炎。用于宫颈糜烂，赤白带下，滴虫性阴道炎及阴道霉菌感染等妇科慢性炎症
虎骨追风酒,酒剂,祛风除湿，活血止痛。用于风寒湿痹，四肢麻木，筋骨疼痛，腰膝无力
金鸡虎补丸,丸剂,补气补血，舒筋活络，健肾固精。用于水气凝滞，四肢麻痹，腰膝酸痛，夜尿频数、梦遗滑精
金锁固精丸,丸剂,固肾涩精。用于肾虚不固，遗精滑泄，神疲乏力，四肢酸软，腰痛耳鸣
金樱子膏,膏剂,补肾固精。用于肾虚所致之遗精、遗尿、白带过多
鱼鳔丸,丸剂,补肝肾、益精血。用于肝肾不足，气血两虚，症见腰膝酸软无力，头晕耳鸣，失眠健忘，梦遗滑精，阳痿早泄，骨蒸潮热
追风丸,丸剂,舒筋活血，祛风化痰。用于筋骨软弱，手足麻木，腰背疼痛，行走艰难
治伤散,散剂,祛风散结，消肿止痛。用于跌打损伤所致之外伤红肿，内伤胁痛等
治带片,片剂,清利湿热，止带。用于湿热下注，赤带、白带、黄带
定坤丸,丸剂,补气养血，舒郁调经。用于冲任虚损，气血两亏，身体瘦弱，月经不调，经期紊乱，行经腹痛，崩漏不止，腰酸腿软
定搐化风丸,丸剂,清热镇惊，散风化痰。用于小儿脏腑积热，关窍闭塞引起急热惊风，痰涎壅盛，昏睡，神志不清，牙关紧闭，四肢抽搐，颈项强直，二目直视
驻车丸,丸剂,滋阴，止痢。用于久痢伤阴，赤痢腹痛，里急后重，休息痢疾
阿胶补血膏,膏剂,滋阴补血，补中益气，健脾润肺。用于久病体弱，血亏目昏，虚痨咳嗽
参茸白凤丸,丸剂,补血强身，调经安胎。用于月经不调，经期腹痛，气血不足，经漏早产
参茸多鞭酒,酒剂,补血生精，健脑增髓，滋阴壮阳。用于体质虚弱，神经衰弱，贫血头晕，腰酸背痛，阳虚气弱，阳痿早泄，肾亏等症
珍珠散,散剂,祛腐生肌，收湿敛疮。用于痈疡溃烂，流脓溢水，新肉不生，久不收口
荆防败毒丸,丸剂,清热散风，解毒消肿。用于时行性感冒，恶寒发热，头痛咳嗽，瘟毒发颐
茸坤丸,丸剂,调经养血，理气止带。用于月经不调，月经过多，赤白带下，产后腹痛
卧龙散,散剂,开窍、通关。用于中暑中恶，突然昏厥以及小儿惊厥
复方紫参冲剂,颗粒剂,舒肝理气，活血散结。用于晚期血吸虫病引起的肝脾肿大
香砂枳术丸,丸剂,健脾开胃，行气消痞。用于脾虚气滞，脘腹痞闷，食欲不振，大便溏软
脉安冲剂,颗粒剂,治疗高脂蛋白血症。用于降低血清胆固醇，防止动脉粥样硬化，对降低甘油三脂、β- 脂蛋白也有一定作用
养血安神丸,丸剂,滋阴养血，宁心安神。用于阴虚血少，心悸、头晕，失眠多梦，手足心热
养血荣筋丸,丸剂,养血荣筋，祛风通络。用于跌打损伤日久引起的筋骨疼痛，肢体麻木，肌肉痿缩，关节不利，肿胀等陈旧性疾患
济坤丸,丸剂,调经养血，和胃安神。用于月经不调，痛经，经前不寐，肝胃不和，乳房生结节
活络丸,丸剂,祛风，舒筋，活络，除湿。用于风寒湿痹引起：肢体疼痛，手足麻木，筋脉拘挛，中风瘫痪，口眼歪斜，半身不遂，言语不清
祛风止痛片,片剂,祛风止痛、散寒除湿、强壮筋骨。用于风寒湿痹，关节疼痛、四肢麻木、腰膝酸软
通经甘露丸,丸剂,活血祛瘀，通经止痛。用于血瘀阻滞所致的经闭不通，小腹疼痛；或经血量少，小腹疼痛拒按以及癥瘕积块
通窍耳聋丸,丸剂,清肝泻火，通窍润便。用于肝经热盛，头目眩晕，耳聋蝉鸣，耳底肿痛，目赤口苦，胸膈满闷，大便燥结
通窍镇痛散,散剂,行气活血，通窍止痛。用于痰瘀痹阻，心胸憋闷疼痛，或中恶气闭，霍乱吐泻
桂枝茯苓丸,丸剂,活血化瘀，缓消瘀块。用于妇人宿有癥块，妊娠后漏下不止，胎动不安，或血瘀经闭，行经腹痛，产后恶露不尽，血色紫暗，而有腹痛拒按
都梁丸,丸剂,祛风散寒，活血通络。用于风寒之邪引起的鼻塞不通，偏正头痛，或伴寒热
换骨丸,丸剂,散风祛湿，活络止痛。用于风湿阻络，四肢麻木，周身疼痛，筋骨无力，行步艰难
脑立清丸,丸剂,平肝潜阳，醒脑安神。用于肝阳上亢引起的头晕目眩，耳鸣口苦，心烦难寐及高血压等症
铁笛丸,丸剂,润肺利咽，生津止渴。用于肺热津伤，咽干口燥，声音嘶哑，咽喉疼痛
铁箍散,散剂,解毒消肿，软坚止痛。用于疔疖痈疡，红肿疼痛，坚硬未溃
豹骨木瓜酒,酒剂,祛风定痛，除湿散寒。用于筋脉拘挛，四肢麻木，骨节疫痛，历节风痛
调经止带丸,丸剂,补血调经，清热，利湿。用于血虚气滞，月经不调，湿热下注，赤白带下
调经化瘀丸,丸剂,调经行血，理气化瘀。用于气滞血瘀引起的经血不调，行经腹痛或经闭不通
调经姊妹丸,丸剂,活血调经，逐瘀生新。用于瘀滞性经血不调，行经腹痛
烧烫伤膏,膏剂,清热解毒，消肿止痛。用于水火烫伤
黄连上清丸,丸剂,清热通便，散风止痛。用于上焦风热，头晕脑胀，牙龈肿痛，口舌生疮，咽喉红肿，耳痛耳鸣，暴发火眼，大便干燥，小便黄赤
黄精丸,丸剂,补气养血。用于气血两亏，身体虚弱，腰腿无力，倦怠少食
萆薢分清丸,丸剂,分清化浊，温肾利湿。用于肾不化气，清浊不分，小便频数，时下白浊
接骨丸,丸剂,活血散瘀，消肿止痛。用于跌打损伤，青紫肿痛，闪腰岔气，筋断骨折，瘀血作痛
蛇咬丸,丸剂,解毒祛风，消肿止痛。用于毒蛇咬伤肿痛，蜈蚣、鼠咬及蜂螫伤等症
得生丸,丸剂,养血化瘀，调经止痛。用于血瘀气滞，月经不调，经期腹痛，癥瘕痞块
清音丸,丸剂,清音、利咽。用于肺热、胃热，口干舌燥，声哑失音
清咽利膈丸,丸剂,清热利咽，消肿止痛。用于外感时毒，脏腑积热，咽喉肿痛，面红腮肿，痰涎壅盛，胸膈不利，口苦舌干，大便秘结，小便黄赤
清咽润喉丸,丸剂,清热利咽、消肿止痛。用于风热内壅，肺胃热盛，胸膈不利，口渴心烦，咳嗽痰多，咽喉肿痛，失音声哑
清凉油,搽剂,清凉散热，醒脑提神，止痒止痛。用于感冒头痛，中暑，晕车，蚊虫蜇咬等
羚羊清肺丸,丸剂,清肺利咽，除瘟止嗽。用于肺胃热盛，感受时邪，身热头晕，四肢酸懒，咳嗽痰盛，咽喉肿痛，鼻衄咳血，口干舌燥
羚翘解毒丸,丸剂,疏风清热，解毒。用于风热感冒，恶寒发热，头晕目眩，咳嗽，咽痛，两腮赤肿等症
犀角地黄丸,丸剂,清肝肺热，凉血止咳。用于肺胃积热，肺经火旺，引起咳嗽吐血，鼻孔衄血，咽干口渴，烦躁心跳，肠热便血，大便秘结
提毒散,散剂,化腐解毒，生肌止痛。用于疔疖痈肿，疮疡溃烂，流脓血水，疮口不敛
紫花地丁软膏,膏剂,抗菌消炎。用于一切疖肿，乳腺炎
暑湿感冒冲剂,颗粒剂,清暑去湿，芳香化浊。用于外感风寒引起的感冒，胸闷呕吐，腹泻便溏，发热不畅
舒肝保坤丸,丸剂,舒肝调经，益气养血。用于血虚肝郁，寒湿凝滞所致的月经不调，痛经，闭经，产后腹痛，产后腰腿痛
舒筋丸（剧）,丸剂,祛风除湿，舒筋活血。用于受风受寒，四肢麻木，筋骨疼痛，行步艰难
舒筋活血丸,丸剂,舒筋通络，活血止痛。用于跌打损伤，闪腰岔气，筋断骨折，瘀血作痛
舒筋活络丸,丸剂,驱风祛湿，舒筋活络。用于一般骨节风痛，腰膝酸痛
痫症镇心丸,丸剂,镇心安神，豁痰开窍。用于痰迷心窍，癫痫痴呆
普济回春丸,丸剂,清热解毒，散风泻火。用于小儿风热疫毒，发热头痛，头面红肿，咽喉肿痛，痄腮，颜面丹毒
温经丸,丸剂,养血温经，散寒止痛。用于妇女血寒，经期腹痛，腰膝无力，湿寒白带，血色暗淡，子宫虚冷
滋肾丸,丸剂,滋肾清热，化气通关。用于热蕴膀胱，小腹胀满，尿闭不通
滋补肝肾丸,丸剂,滋补肝肾，养血柔肝。用于肝肾阴虚，头晕失眠，心悸乏力，胁痛腰痛，午后低烧，以及慢性肝炎，慢性肾炎而见阴虚证者
疏风定痛丸,丸剂,祛风散寒，活血止痛。用于风寒湿痹，筋脉不舒，四肢麻木，腰腿疼痛，跌打损伤，瘀血作痛
催乳丸,丸剂,助气补血，活络下乳。用于产后气血亏损，乳汁不通，乳汁稀少
愈风宁心片,片剂,解痉止痛，增强脑及冠脉血流量。用于高血压头晕，头痛，颈项疼痛，冠心病，心绞痛，神经性头痛，早期突发性耳聋等症
鼻通丸,丸剂,清风热，通鼻窍。用于外感风热或风寒化热，鼻塞流涕，头痛流泪，慢性鼻炎
慈航丸,丸剂,逐瘀生新。用于妇女经血不调，癥瘕痞块，产后血晕，恶露不尽
滴耳油,搽剂,清热解毒，消肿止痛。用于肝经湿热上攻，耳鸣耳聋，耳内生疮，肿痛刺痒，破流脓水，久不收敛
缩泉丸,丸剂,补肾缩尿。用于肾虚之小便频数，夜卧遗尿
薯蓣丸,丸剂,调理脾胃，益气和营。用于气血两虚，脾肺不足所致之虚劳，胃脘痛、痹症、闭经、月经不调
黛蛤散,散剂,清热利肺，降逆除烦。用于肝肺实热，头晕耳鸣，咳嗽吐衄，肺痿肺痈，咽喉不利，口渴心烦
蟾酥锭,丹剂,活血解毒，消肿止痛。用于疔毒恶疮，痈疽发背，初起红肿坚硬，麻木疼痛，乳痈肿痛，蝎螫虫咬伤，热疼痛等症
獾油,搽剂,清热解毒，消肿止痛。用于烧伤、烫伤，皮肤肿痛
一把抓,丸剂,温中理气，消食导滞。用于过食伤胃，脘腹寒痛，食后痞满等症。
一粒珠,丸剂,活血，消肿，解毒。用于痈疽疮疖，乳痈乳岩，红肿疼痛。
七香止痛丸,丸剂,温中散寒，行气止痛。用于脘腹气滞疼痛。
八宝治红丸,丸剂,清热泻火，凉血止血。用于吐血，衄血，咳血。
八宝瑞生丸,丸剂,散寒化湿，理气消食。用于脾胃寒湿，脘腹胀满，食积气滞，寒疝腹痛等。
人参首乌精,口服液,补肝肾，益气血。用于气血虚弱，须发早白，神经衰弱，健忘失眠，食欲不振，疲劳过度等。
人参益母丸,丸剂,补养气血，化瘀调经。用于妇女气血两虚，月经不调，赤白带下，恶露不尽，体弱倦怠等。
九制大黄丸,丸剂,通便润燥，消食化滞。用于胃肠积滞，湿热下痢，口渴不休，停食停水，胸热心烦，大便燥结，小便赤黄。
三七花冲剂,颗粒剂,清热平肝，利咽。用于肝阳偏亢，风热痰盛引起的咽喉肿痛，头晕目眩，耳鸣，高血压等症。
三两半药酒,酒剂,益气活血，祛风通络。用于气血不和，四肢疼痛，感受风湿，筋脉拘挛。
万应宝珍膏,膏剂,舒筋活血，解毒。用于跌打损伤，风湿痹痛，痈疽肿痛。
山龙药酒,酒剂,追风祛湿，舒筋活血，滋补强身。用于风湿劳伤，筋骨疼痛，四肢无力，腰膝酸软，活动不利等症。
千金保孕丸,丸剂,养血安胎。用于胎动漏血，妊娠腰痛，预防流产。
川贝清肺糖浆,糖浆剂,清肺润燥，止咳化痰。用于风热感冒引起的燥咳，咽干，咽痛。
广东凉茶,茶剂,清热解暑，去湿生津。用于四时感冒，发热喉痛，湿热积滞，口干尿赤。
小儿止嗽金丹 ,丹剂,解热润肺，化痰止嗽。用于外感风热引起的咳嗽痰盛，口干舌燥，腹满便秘。
小儿太极丸,丸剂,镇惊清热，涤痰消积。用于小儿急惊，手足抽搐，角弓反张，食积痞满，内热咳嗽等症。
小儿牛黄清心散,散剂,清热化痰，镇惊止痉。用于小儿内热，急惊痰喘，四肢抽搐，神志昏迷。
小儿化滞散,散剂,健脾和胃，消食化滞。用于脾胃不和，伤食伤乳，呕吐腹痛，腹胀便秘。
小儿良友散,散剂,镇惊，祛风，化痰。用于急热惊风，痰喘咳嗽，痰涎壅盛。
小儿明目丸,丸剂,清热明目，散风止痒。用于上焦热盛，两眼红肿，疼痛不安，二便不利。
小儿疳积糖,颗粒剂,健胃消食，去积驱虫。用于小儿疳积，消瘦烦燥，食欲不振，夜睡不宁，腹胀呕吐。
小儿消积丸,丸剂,消食导滞，理气和胃，止痛。用于小儿各种停食积滞，脘腹胀痛，面色萎黄，身体瘦弱。
小儿羚羊散,散剂,清热解毒，透疹止咳。用于麻疹隐伏，肺炎高热，嗜睡，咳嗽喘促，咽喉肿痛。
小儿清肺散,散剂,清热，化痰。用于咳嗽喘促，痰涎壅盛。
小儿清感灵片,片剂,发汗解肌，清热透表。用于外感风寒引起的发热怕冷，肌表无汗，头痛口渴，咽痛鼻塞，咳嗽痰多，体倦。
小儿喜食片,片剂,健脾，消食，化积。用于治疗小儿单纯性消化不良，食欲不振及消化不良引起的腹泻。
小儿暖脐膏,膏剂,散寒止痛。用于小儿胎寒，肚腹疼痛，积聚痞块，疝气偏坠，虚寒泻痢，胃寒腹胀。
天麻追风膏,膏剂,追风去湿，活血通络，散寒止痛。用于风寒湿痹，风湿麻木。
开郁老蔻丸,丸剂,祛寒顺气，消食化湿。用于肝郁气滞，脾胃虚寒，胸脘胀痛，呕吐泄泻，寒疝等。
开郁舒肝丸,丸剂,开郁舒肝，顺气止痛。用于肝郁气滞，胸胁胀满，腹痛，嗳气吞酸。
木耳舒筋丸,丸剂,舒筋活血，祛风湿，补肝肾。用于腰膝酸痛无力，肢体麻木，抽筋。
木瓜酒,酒剂,祛风活血。用于风湿痹痛，筋脉拘挛，四肢麻木，关节不利。
五加参归芪精,口服液,扶正固本，补气固表，补血养血。用于久病衰弱，失眠自汗，腰膝酸软，气短心悸。
五加参蛤蚧精,口服液,补肺气，益精血。用于元气亏损，肺虚咳嗽，病后衰弱。
五芝地仙金髓膏,膏剂,健脾开胃，滋肾清肝，益气生津，清利头目。用于胁胀脘痞，消化不良，耳鸣目眩，记忆衰退，口干津少，四肢无力等。
五味子糖浆,糖浆剂,益气补肾，镇静安神。用于神经衰弱，头晕，失眠等症。
五瘕丸,丸剂,消积开郁，舒肝调气，活血通经。用于各种积聚，痞块，胸膈满闷，两胁攻心作痛，妇女月经不调，闭经。
牙痛药水,酊剂,止痛杀菌，防蛀。用于风火牙痛，牙龈红肿，虫蛀牙痛及一切神经牙痛。
太极升降丸,丸剂,祛风泄热，化痰镇惊。用于小儿时疫，发热抽搐，腮肿发颐，乳食停滞，痰热便秘等。
止红肠辟丸,丸剂,清热，凉血，止血，养血。用于肠风便血，痔疮下血。
止咳枇杷冲剂,颗粒剂,清肺，止咳，化痰。用于咳嗽多痰，支气管炎。
止咳梨浆,糖浆剂,润肺，化痰，止咳。用于肺燥咳嗽，干咳痰少，咯痰不爽。
止咳橘红丸,丸剂,清肺润燥，止嗽化痰。用于肺热燥咳，痰多气促，口苦咽干。
止痢宁片,片剂,清热祛湿，行气止痛。用于肠炎，痢疾，表现为腹痛泻泄，下痢脓血，肛门灼热，里急后重者。
止痛水,酊剂,镇静止痛。用于头痛，牙痛，关节痛，痛经及各种神经痛。
少林风湿跌打膏,膏剂,散瘀活血，舒筋止痛，祛风散寒。用于跌打损伤，腹内积聚，腰肢酸麻，风湿痛。
内消瘰疬片,片剂,软坚散结。用于瘰疬痰核或肿或痛。
贝母梨膏,膏剂,润肺，止咳，化痰。用于咳嗽痰多，咯痰不爽，咽喉干痛。
化积散,散剂,消食化积。用于小儿脾胃不和，停食停乳，积聚痞块，肚腹膨胀，四肢倦怠，面色萎黄，不思饮食。
气管炎橡胶膏,膏剂,温肺化痰，平喘止咳。用于受寒引起的气管炎，并有预防气管炎的作用。
毛鸡药酒,酒剂,温经祛风，活血化瘀。用于产后眩晕，四肢酸痛无力，痛经。
牛黄八宝丸,丸剂,清热解毒，凉血活血。用于热毒内闭，烦躁不宁，瘟病发斑，疹后余毒疮疡。
牛黄安心丸,丸剂,清热解毒，镇静安神。用于神昏谵语，惊厥抽搐，心悸失眠。
牛黄清肺散,散剂,清肺化痰，消炎止咳。用于肺热咳嗽，痰涎壅盛，胸满喘促。
乌发丸,丸剂,滋阴健脑，凉血乌发。用于青少年白发症。
风伤止痛膏,膏剂,舒筋活络，行血止痛。用于新、久风湿痹痛，跌打损伤。
风茄平喘膏 ,膏剂,止咳，祛痰，平喘。用于防止单纯性、喘息型慢性气管炎和支气管哮喘。
风寒双离拐片,片剂,祛风散寒。用于风寒腰腿疼痛，四肢麻木，筋骨拘挛。
风湿痛药酒 ,酒剂,祛风除湿，活络止痛。用于风湿骨痛，手足麻木，腰痛腿痛，跌打损伤。
风湿稀桐片,片剂,祛风通络。用于风湿性关节炎或半身不遂，原发性高血压。
六味丸,丸剂,滋补肝肾。用于神经衰弱，头晕心悸，耳鸣目眩，夜尿频数。
心宁片,片剂,理气止痛，活血化瘀。用于冠心病，心绞痛。
心脑静片,片剂,清心清脑，镇惊安神。降低血压，疏通经络，防治中风。用于头晕目眩，烦躁不宁，风痰壅盛，言语不清，手足不遂。
双黄消炎片,片剂,消炎。用于咽喉疼，腹泄，痢疾，慢性痢疾。
玉竹冲剂,颗粒剂,补中益气，润肺生津。用于热病伤津，咽干口渴，肺痿干咳，气虚食少。
玉竹膏,膏剂,补中益气，润肺生津。用于热病伤津，咽干口渴，肺痿干咳，气虚食少。
玉露保肺丸,丸剂,滋阴清热，润肺止嗽。用于阴虚咳嗽，失音声哑，口渴咽干，痰中带血。
甘露茶,茶剂,消暑散热，行气消食。用于感冒头痛，发热，食滞。
石歧外感茶,茶剂,疏风清热，解暑消食。用于外感引起的发热头痛，咳嗽，骨痛，食滞饱胀，喉干舌燥，预防流行性感冒。
石膏散 ,膏剂,清热祛火，消肿止痛。用于胃火上升引起的牙齿疼痛，口舌糜烂，牙龈出血。
归芍六君丸,丸剂,益气养血。用于肝脾不和，脘胀腹痛，食少体倦，呕吐。
归羊冲剂,颗粒剂,补养气血，温中散寒。用于久病体虚，产后虚寒腹痛，气血亏损。
归红跌打丸,丸剂,活血散瘀。用于跌打损伤，血瘀作痛。
四正丸,丸剂,祛暑解表，化湿止泻。用于内伤湿滞，外感风寒引起的头晕身重，恶寒发热，恶心呕吐，饮食无味，腹胀泄泻。
四季三黄丸,丸剂,消炎退热，通便利水。用于口鼻生疮，咽疼齿痛，口干舌燥，目眩头晕，大便秘结，小便赤黄。
四季青片,片剂,清热解毒，凉血止血。用于咽喉肿痛，腹痛泻滞，下痢脓血，肛门灼热，小便淋沥涩痛，矩赤灼热。
四消丸,丸剂,消水、消痰、消食、消气，导滞通便。用于一切气食痰水，停积不化，胸脘饱闷，腹胀疼痛，大便秘结。
仙茸壮阳口服液,口服液,补肾壮阳。用于体虚，阳萎肾寒。
仙桃草膏,膏剂,活血止血，消肿止痛。用于跌打损伤及各种出血。
白带片,片剂,健脾燥湿。用于白浊带下，大便溏泻。
白清胃散,散剂,清热，消肿，止痛。用于胃火上升引起的牙龈疼痛，口舌生疮。
白蒲黄片,片剂,清热凉血，解毒消炎。用于肠炎，痢疾等。
白蔻调中丸,丸剂,调理脾胃，促进消化。用于脾胃不和，气郁不舒，胸胃胀满，呕吐嘈杂。
白避瘟散,散剂,清凉解热。用于受暑受热，头目眩晕，呕吐恶心，晕车晕船。
宁嗽丸,丸剂,清热化痰，健脾益气，止咳平喘。用于咳嗽气喘，痰黄而多，胸闷、口干、舌燥、乏力等症。
加味天麻胶囊,胶囊剂,强筋骨，祛风湿，舒筋通络，活血止痛。用于风中经络引起的风湿痹痛，肢体拘挛，手足麻木，腰腿酸痛等症。
加味香连丸,丸剂,祛湿清热，化滞止痢。用于湿热凝结引起：红白痢疾，腹痛下坠。
加味烂积丸,丸剂,消积化滞。用于饮食积聚，胸满痞闷，腹胀坚结，消化不良。
加味逍遥丸,丸剂,舒肝清热，健脾养血。用于肝郁血虚、肝脾不和引起的两胁胀痛，头晕目眩，倦怠食少，月经不调，脐腹胀痛。
西汉古酒,酒剂,补肾益精，强筋补髓。用于肾阳虚衰，阳萎，滑精，早泄，腰膝酸软，肢冷乏力，健忘，动则气喘等症。
百补酒,酒剂,补气血，益肝肾，填精髓。用于身体虚弱，腰膝无力，头昏目眩，遗精多汗。
百咳静糖浆,糖浆剂,清热化痰，平喘止咳。用于百日咳，感冒及急慢性气管炎引起的咳嗽。
百效丸,丸剂,消积理滞，镇惊化痰。用于寒热凝结，停食宿水，腹疼腹胀，痰喘气促，慢惊风症。
回春丹,丹剂,清热定惊，驱风祛痰。用于小儿惊风，感冒发热，呕吐腹泻，咳嗽气喘。
回春酒,酒剂,滋阴补阳，培元固本，调养气血。用于肾阳不足，气血虚损引起的精神倦怠，阳痿精冷，腰膝酸软，食欲不振及病后体弱。
肉蔻四神丸,丸剂,温中散寒，补脾止泻。用于大便失调，黎明泻泄，肠泻腹痛，不思饮食，面黄体瘦，腰酸腿软。
延寿片,片剂,补益肝肾，强壮筋骨。用于肝肾不足，头昏目花，耳鸣重听，四肢酸麻，腰酸无力，夜尿频数，须发早白。
伤湿镇痛膏,膏剂,祛风除湿，活血镇痛。用于筋骨、肌肉、关节酸痛。
全龟片,片剂,滋阴补肾。用于肺肾不足，骨蒸劳热，腰膝疫软，流注，流痰。
全鹿大补丸,丸剂,补血填精，益气固本。用于头眩耳鸣，阳痿不举，神志恍惚，身体衰弱，气血双亏，崩漏带下。
壮元补身酒,酒剂,养阴助阳，益肾填精。用于肾精不足，遗精，阳痿，早泄，妇女白带，月经量少。
壮腰补肾丸,丸剂,壮腰补肾，益气养血。用于心悸少寐，健忘怔忡，腰膝酸痛，肢体羸弱。
安乐片,片剂,舒肝解郁，定惊安神。用于精神抑郁，惊恐失眠，胸闷不适，纳少神疲，对神经官能症、更年期综合症及小儿夜啼、磨牙等症状者亦可使用。
安肾丸,丸剂,补肾散寒。用于肾不纳气，湿寒侵袭引起的梦遗滑精，肾衰湿冷，遗淋白浊，脐腹作痛，精神倦怠，健忘失眠，腰腿酸痛，头晕耳鸣，二便不利。
安神宁,口服液,扶正固本，益气健脾，补肾安神。用于神经衰弱，食欲不振，全身无力等。
安脑牛黄片,片剂,清热解毒，安神熄风，开窍镇静。用于神昏谵语，高热惊厥，烦燥不安。
苏子降气丸,丸剂,降气化痰，温肾纳气。用于气逆痰壅，咳嗽喘息，胸膈痞塞。
更衣片,片剂,润肠通便。用于病后津液不足，肝火内积，便秘腹胀。
抗饥消渴片,片剂,养阴益气，润燥生津，抗饥止渴。用于非胰岛素依赖型糖尿病，对慢性萎缩性胃炎，胃阴虚者也有一定作用。
利肝隆片,片剂,疏肝解郁，清热解毒。用于急、慢性肝炎，迁延性肝炎，慢性活动性肝炎，对血清谷丙转氨酶，麝香草酚浊度，黄疸指数均有显著的降低作用，对乙型肝炎表面抗原转阴有较好的效果。
利肝隆冲剂,颗粒剂,疏肝解郁，清热解毒。用于急、慢性肝炎，迁延性肝炎，慢性活动性肝炎，对血清谷丙转氨酶，麝香草酚浊度，黄疸指数均有显著的降低作用，对乙型肝炎表面抗原转阴有较好的效果。
利膈丸,丸剂,宽胸利膈，消积止痛。用于气滞不舒，胸膈胀满，脘腹疼痛，停饮。
余甘子喉片,片剂,清热润燥，利咽止痛。用于燥热伤津引起的咽喉干燥疼痛。
肝肾滋,口服液,益肝明目，滋阴补肾。用于肾阴不足，气血两亏，目眩昏暗，心烦失眠，肢倦乏力，腰腿酸软。
肝泰冲剂,颗粒剂,舒肝养血，化瘀理气。用于急慢性无黄疸型肝炎及肝炎综合症。
龟鹿二仙膏,膏剂,温肾益精，补气养血。用于久病肾虚，腰酸膝软，精血不足，遗精阳萎。
补中益气片,片剂,补中益气，升阳举陷。用于脾胃虚弱，中气下陷，休倦乏力，食少腹胀，久泻，脱肛，子宫脱垂。
补中益气合剂,口服液,补中益气，升阳举陷。用于脾胃虚弱，中气下陷，体倦乏力，食少腹胀，久泻，脱肛，子宫脱垂。
补中益气膏,膏剂,补中益气，升阳举陷。用于脾胃虚弱，中气下陷，体倦乏力，食少腹胀，久泻，脱肛，子宫脱垂。
补肾丸,丸剂,锁阳固精，滋阴补肾。用于肾水不足，阴虚阳亢，头晕咳嗽，腰膝酸痛，梦遗滑精。
补益活络丸,丸剂,益气补肾，舒筋通络，祛风胜湿，活血。用于气血不足，风湿血滞，筋骨酸疼，行动不利，以及跌打损伤等。
灵芝桂圆酒,酒剂,滋补强壮，温补气血，健脾益肺，保肝护肾。用于身体瘦弱，产后虚弱，贫血，须发早白等症的辅助治疗。
陆英冲剂,颗粒剂,疏肝健脾，活血化瘀，利尿消肿。用于急性病毒性肝炎。
陆英糖浆,糖浆剂,疏肝健脾，活血化瘀，利尿消肿。用于急性病毒性肝炎。
阿胶三宝膏,膏剂,补气血，健脾胃。用于气短心悸，崩漏下血，脾虚食少，体虚浮肿。
阿魏麝香化积膏,膏剂,化痞消积，追风散寒，活血祛瘀。用于虚寒痞块，肚腹饱胀，腰腿疼痛，筋骨麻木，脾湿胃寒，妇女血寒，行经腹痛。
附桂紫金膏,膏剂,温经散寒，补气养血。用于经血不调，血海虚寒，行经腹痛，经色黑紫，肚腹胀疼，以及体亏气弱，腰腿无力，周身酸疼。
驱风药酒,酒剂,舒筋活络，祛瘀生新。用于筋骨疼痛，寒结肚痛，产后瘀血不净。
驱风蛇酒,酒剂,驱风祛湿，活络强筋骨。用于风湿关节痛，手足麻木不舒。
青大将丸,丸剂,祛风湿，通经络。用于风湿痹痛，湿疹顽癣。
拨云散眼药,散剂,清热消炎，明目退翳。用于暴发火眼，眼边赤烂，云翳遮睛。
肾石通冲剂,颗粒剂,清热利湿，活血止痛，化石，排石。用于肾结石，肾盂结石，膀胱结石，输尿管结石。
齿痛宁,口服液,清热解毒，消肿止痛，化腐生肌，收敛止血。用于各种牙痛。
齿痛冰硼散,散剂,散郁火，止牙痛。用于火热内闭引起的牙龈肿痛，口舌生疮。
固本丸,丸剂,滋阴补气，清肺降火。用于气阴两虚，症见潮热，咳嗽咳血，形体瘦弱，自汗盗汗，乏力或病后津伤等。
罗汉果玉竹冲剂,颗粒剂,养阴润肺，止咳生津。用于肺燥咳嗽，咽喉干痛。
和络舒肝片,片剂,疏肝理气，清化湿热，活血化瘀，滋养肝肾。用于慢性迁延性肝炎，慢性活动性肝炎及早期肝硬化。
和络舒肝胶囊,胶囊剂,疏肝理气，清化湿热，活血化瘀，滋养肝肾。用于慢性迁延性肝炎，慢性活动性肝炎及早期肝硬化。
金砂五淋丸,丸剂,清热，通淋。用于膀胱湿热，小便浑浊，淋沥作痛。
育婴丸,丸剂,清热镇惊。用于小儿急热惊风，痰喘咳嗽，发热头痛，恶心吐乳。
泻白丸,丸剂,宣肺解热，化痰止咳。用于伤风咳嗽，痰多胸满，口渴舌干，鼻塞不通。
治伤跌打丸,丸剂,散瘀止痛。用于跌打损伤，伤筋动骨。
治红丸,丸剂,清热，凉血，止血。用于吐血，便血，咳嗽痰中带血。
定喘疗肺丸,丸剂,止咳定喘，祛痰。用于痰喘咳嗽，夜不能眠，胸满肋痛。
参苏感冒片,片剂,祛风解表，化痰止咳。用于伤风感冒，寒热往来，鼻塞声重，咳嗽。
参麦止嗽糖浆,糖浆剂,清热化痰，润肺止咳。用于肺燥咳嗽，急、慢性支气管炎。
参麦地黄丸,丸剂,养阴润肺。用于肺肾两虚，咳嗽气喘，咽干口燥，潮热咯血。
参芪五味子片,片剂,健脾益气，宁心安神。用于心悸气短，动则气喘易汗，少寐多梦，倦怠乏力，健忘等症。
参茸大补膏,膏剂,滋阴补肾，益气养血，强壮筋骨。用于成人体虚，腰膝酸软；食减肌瘦，气短心悸。
参茸丸,丸剂,滋阴补肾，益精壮阳。用于肾虚肾寒，阳痿早泄，梦遗滑精，腰腿酸痛，形体瘦弱，气血两亏。
参茸追风酒,酒剂,搜风散寒，舒筋活络，止痛。用于四肢麻木，屈伸困难，筋骨疼痛，风寒湿痹。
参鹿补膏,膏剂,益气养血，补肾壮阳。用于精神疲乏，气血不足，腰膝酸软。
枸杞药酒,酒剂,滋肾益肝。用于肝肾不足，虚劳赢瘦，腰膝酸软，失眠。
枸杞膏,膏剂,滋补肝肾，润肺明目。用于头目眩晕，虚损久咳等症。
荆防冲剂,颗粒剂,发汗解表，散风祛湿。用于感冒风寒，头痛身痛，恶寒无汗，鼻塞流涕，咳嗽。
茵陈酒,酒剂,清热燥湿，舒筋活络。用于湿热内蕴引起：关节酸痛，脚气渗湿，皮肤刺痒，脘腹痞闷，小便不利。
荡涤灵 ,颗粒剂,清热利湿。用于由湿热引起的尿频、尿急、尿痛等尿路感染症。
咽炎片,片剂,养阴润肺，清热解毒，清利咽喉，镇咳止痒。用于慢性咽炎引起的咽干，咽痒，刺激性咳嗽等症。
咳喘丸,丸剂,止咳平喘。用于伤风感冒，鼻塞，流涕，咳嗽，气喘，痰多。
咳喘宁,口服液,宣通肺气，止咳平喘。用于支气管哮喘，咳嗽，老年痰喘。
咳喘静糖浆,糖浆剂,镇咳平喘，祛痰消炎。用于慢性支气管炎，支气管哮喘，急性咽炎，小儿肺炎等。
胃肠宁片,片剂,清热祛湿，健胃止泻。用于急性胃肠炎，小儿消化不良。
胃肠宁冲剂,颗粒剂,清热祛湿，健胃止泻。用于急性胃肠炎，小儿消化不良。
胃复宁胶囊,胶囊剂,消食化积，止痛，制酸。用于胸腹胀满，食欲不振，胃及十二指肠溃疡。
骨痛丸,丸剂,追风散寒，活血止痛。用于受风受寒，腰腿疼痛，四肢麻木，周身串痛。
复方丹茵膏,膏剂,清热利湿，解毒退黄。用于急性传染性肝炎。
复方红根草片,片剂,清热解毒。用于急性咽喉炎、扁桃体炎、肠炎、痢疾等。
复方灵芝冲剂,颗粒剂,有保护肝脏降低谷丙转氨酶和退黄作用。用于急性传染性黄疸肝炎，迁延性肝炎，慢性肝炎，单项谷丙转氨酶升高等症。
复方满山红糖浆,糖浆剂,止咳，祛痰，平喘。用于支气管炎及咳嗽、哮喘等。
香砂和中丸,丸剂,健脾燥湿，和中消食。用于脾胃不和，不思饮食，胸满腹胀，恶心呕吐，噫气吞酸。
香橘丸,丸剂,健脾开胃，燥湿止泻。用于小儿脾胃虚弱，脘腹胀满，消化不良，呕吐泄泻。
保心宁片,片剂,活血化瘀，行气止痛。用于心绞痛，心律失常，改善冠心病症状等。
保胎无忧散,散剂,安胎，养血。用于闪挫伤胎，习惯性小产，难产。
追风活血膏,膏剂,追风祛寒，活血散瘀，消肿止痛。用于腰腿痛，关节痛，筋骨麻木等。
独角膏,膏剂,化毒消肿，活血止痛。用于疗毒恶疮，瘀疯鼠疮等。
独活寄生丸,丸剂,养血舒筋，祛风除湿。用于风寒湿痹，腰膝冷痛，屈伸不利。
脉络通,片剂,通脉活络，行气化瘀。用于冠状动脉性心脏病引起的心绞痛，防治高血压及脑血管意外。
急肝退黄胶囊,胶囊剂,清肝利胆，退黄除湿。用于急性黄疸型肝炎，身目俱黄，发热或无热，食欲不振，胸脘痞满，小便短少而黄，舌苔黄腻。
活血丸,丸剂,活血通经。用于血瘀经闭，行经腹痛。
活血止痛膏,膏剂,活血止痛，舒筋通络。用于筋骨疼痛，肌肉麻痹，痰核流注，关节酸痛。
活血调经丸,丸剂,活血理气，行瘀调经。用于血瘀气滞，月经不调。
活络消痛片,片剂,通经活络，舒筋止痛。用于风寒湿痹，经络闭塞，筋骨疼痛，四肢麻木。
济生橘核丸,丸剂,行气软坚，散寒止痛。用于疝气偏坠，睾丸胀痛。
浓缩养荣丸,丸剂,补气养血，健脾安神。用于脾肺虚损，气血不足，食欲不振，惊悸盗汗，健忘。
养血当归糖浆 ,糖浆剂,补气血，调经。用于贫血虚弱，产后体虚，萎黄肌瘦，月经不调，行经腹痛，产后血虚。
养血退热丸,丸剂,滋阴养血，退虚热。用于阴血亏虚，骨蒸潮热，盗汗，眩晕，咳嗽痰少。
养阴镇静片,片剂,滋阴养血，镇惊安神。用于心血不足，怔神健忘，心烦不安，心悸失眠。
姜枣祛寒冲剂,颗粒剂,发散祛寒，和胃温中。用于风寒感冒，胃寒疼痛。
祛风湿膏,膏剂,祛风除湿，散寒止痛。用于风湿肢体、筋骨痹痛。
神曲茶,茶剂,解表祛风，健胃消食。用于风寒感冒、头痛、咳嗽、伤食腹痛、呕吐泄泻。
冠心丸,丸剂,活血化瘀，理气止痛。主治冠状动脉供血不足引起的胸闷气短，心绞痛。
除痰止嗽丸,丸剂,清肺降火，除痰止嗽。用于肺热痰盛引起的咳嗽气逆，痰黄粘稠，咽喉疼痛，大便干燥。
娃娃宁,口服液,解热镇惊，祛风止搐。用于感冒发热，惊风痉挛，呕吐，绿便，脾胃虚弱等。
珠珀惊风散,散剂,息风化痰，镇惊安神。用于小儿夜啼，惊跳痰多，高烧惊厥。
桂灵丸,丸剂,收敛肺气，止咳定喘。用于肾虚作喘，肺虚久咳。
桔贝合剂,口服液,润肺止咳。用于肺热咳嗽，痰稠色黄，咯痰不爽。
柴胡舒肝丸,丸剂,舒肝理气，消胀止痛。用于肝气不舒，胸胁痞闷；食滞不清，呕吐酸水。
晕可平冲剂,颗粒剂,潜阳镇肝。用于内耳晕症，头晕，目眩症。
晕可平糖浆,糖浆剂,潜阳镇肝。用于内耳眩晕症，头晕，目眩症。
健心片,片剂,活血，止痛。用于心肌劳损、心绞痛、动脉硬化等症。
健身宁片,片剂,滋补肝肾，养血健身。用于肝肾不足引起的腰酸腿软，神疲体倦，头晕耳鸣，心悸气短，须发早白。
健身药酒,酒剂,提神补气，壮腰固肾。用于身体虚弱，头晕目眩，健忘疲倦，夜多小便，贫血萎黄，食欲不振。
健肝片,片剂,清热利湿。用于急性肝炎。
健肾生发丸,丸剂,补肾益肝，健肾生发。用于肾虚脱发，肾虚腰痛，慢性肾炎，神经衰弱。
健胃止痛片,片剂,温胃散寒，顺气止痛。用于胃寒，脘腹胀痛。
健胃消食片,片剂,健胃消食。用于脾胃虚弱，消化不良。
健神片,片剂,固肾涩精。用于带下遗精，四肢酸软。
健脾冲剂,颗粒剂,健脾开胃。用于脾胃虚弱，脘腹胀满，食少便溏。
健脾糕片,片剂,开胃健脾。用于脾胃虚弱，身体赢瘦，食欲不振，大便稀溏。
豹骨追风膏,膏剂,散风活血，活络止痛。用于风寒湿痹，筋骨疼痛，手足麻木，关节酸痛。
脑得生片,片剂,活血化瘀，疏通经络，醒脑开窍。用于脑动脉硬化，缺血性脑中风及脑出血后遗症。
凉膈丸,丸剂,消炎解热，消火凉膈。用于上焦热盛，咽喉不利，牙齿疼痛，大便秘结，小便赤黄。
消炎止痢丸,丸剂,清热，解毒，止痢。用于痢疾，肠炎腹泻，消化不良。
消风散,散剂,消肿，止痛，解毒。用于痈疽未溃，红肿疼痛。
消积肥儿丸,丸剂,健脾消积。用于脾胃虚弱，发热肚胀，二便不利。
消瘦五海丸,丸剂,消瘿软坚，破瘀散结。用于淋巴腺结核，地方性甲状腺肿大。
涤痰丸,丸剂,清热化痰，开郁化痞。用于痰火郁结，气急疯痫，湿热咳嗽，胸满作喘，痰涎壅盛，大便燥结。
益肾灵冲剂,颗粒剂,益肾壮阳。用于肾亏阳痿，早泄、遗精、少精、死精等症。
烫伤油,搽剂,消炎，止痛，去腐生肌。用于Ⅰ°、Ⅱ°烧烫伤和酸碱灼伤。
调中四消丸,丸剂,消食化滞，利水止痛。用于停食腹胀脘痛，二便不利
调气丸,丸剂,调气止痛，健胃消食。用于胃脘胀闷，胃口疼痛，呃逆，嗳腐吞酸，腹满滞下，便泻痢疾。
调胃丹,丹剂,健胃宽中，舒肝顺气。用于胃酸胃寒，胸中胀满，倒饱嘈杂，胃口疼痛。
桑菊感冒片,片剂,疏风清热，宣肺止咳。用于风热感冒初起，头痛，咳嗽，口干，咽痛。
桑菊感冒冲剂,颗粒剂,疏风清热，宣肺止咳。用于风热感冒初起，头痛，咳嗽，口干，咽痛。
桑椹冲剂,颗粒剂,滋阴益肾，补血润燥。用于阴亏血燥引起的腰膝酸软，眩晕失眠，目昏耳鸣，肠燥便秘，口干舌燥，须发早白。
菊明降压片,片剂,降压。用于原发性高血压，慢性肾炎性高血压。
黄芪健胃膏,膏剂,补气温中，缓急止痛。用于脾胃虚寒，腹痛拘急，心悸自汗，并用于胃、十二指肠溃疡，胃肠功能紊乱。
黄芩片,片剂,消炎解毒。用于上呼吸道感染，细菌性痢疾等。
接骨片,片剂,散，活血，止痛。用于跌打损伤，筋伤骨折，瘀血肿痛。
蛇伤解毒片,片剂,清解蛇毒，散瘀消肿。用于各种毒蛇咬伤。
婴儿平 ,胶囊剂,消食化积，健脾止泻。用于发热咳嗽，口臭舌干，消化不良，呕吐腹泻，腹胀腹痛，大便秘结。
银杏露,露剂,镇咳，化痰，定喘。用于急慢性支气管炎，排痰不爽，久咳气喘。
银花感冒冲剂,颗粒剂,清热，解表，利咽。用于感冒发热、头痛、咽喉肿痛。
银柴合剂,口服液,清热，解表，止咳。用于风热感冒，发热咳嗽。
银屑灵,颗粒剂,祛风燥湿、清热解毒、活血化瘀。用于银屑病。
银翘散,散剂,辛凉透表，清热解毒。用于外感风寒，发热头痛，口干咳嗽，咽喉疼痛，小便短赤。
脚气散,散剂,祛风燥湿，杀虫止痒。用于脚癣趾间糜烂，或流黄水，刺痒难忍。
麻杏甘石合剂,口服液,辛凉宣肺，平喘止咳。用于外感身热，咳逆气急，鼻煽，口渴，有汗或无汗。
清心丸,丸剂,清心，化痰，祛风。用于心宫内热，痰火壅盛，神志昏乱，语言不清，烦燥不安。
清心滚痰丸,丸剂,清心涤痰，泻火通便。用于顽痰蒙蔽心窍引起：神志错乱，语无伦次，哭笑无常，疯狂打闹，羊痫风症。
清火片,片剂,清热泻火，通便。用于咽喉肿痛，牙痛，头目眩晕，口鼻生疮，风火目赤，大便不通。
清血解毒丸,丸剂,清热解毒，散风消肿。用于疮疗溃烂初期，灼热发烧及咽喉肿痛，目赤，口疮；牙痛。
清金止嗽西瓜膏,膏剂,润肺止嗽，化痰定喘。用于肺经燥热引起：咳嗽痰少，久嗽不止，喘息胸闷，口干舌燥，咽喉痒痛。
清肺止咳丸,丸剂,清肺止咳。用于肺热咳嗽，痰多。
清肺抑火片,片剂,清肺止嗽，降火生津。用于肺热咳嗽，痰延壅盛，咽喉肿痛，口鼻生疮，牙齿疼痛，牙根出血，大便干燥，小便赤黄。
清涎快膈丸,丸剂,宽中解郁，理气化痰。用于噎膈反胃，胸胁胀闷，痰涎多，咽喉不利。
清热导滞散,散剂,清热镇惊，导滞通便。用于小儿食积腹胀，大便秘结，五心烦热，睡眠不宁。
清热养阴丸,丸剂,养阴清热，消肿止痛。用于肺胃积热，火热上攻引起的口舌生疮，牙龈出血，烦躁口渴，咽喉疼痛，肺热咳嗽，失音声哑，头晕耳鸣，大便秘结。
清热银花糖浆,糖浆剂,清热解毒，通利小便。用于温邪头痛，目赤口渴，湿热郁滞，小便不利等。
清热镇咳糖浆,糖浆剂,镇咳祛痰。用于感冒咽炎，肺热咳嗽。
清脑降压片,片剂,清脑降压。用于血压偏高，头昏头晕，失眠健忘，记忆力衰退。
清喉咽冲剂,颗粒剂,养阴，清咽，解毒。用于局限性咽白喉，轻度中毒型白喉，急性扁桃体炎，咽峡炎。
清瘟解毒片,片剂,清瘟解毒。用于时疫感冒，发热，怕冷，无汗头痛，口渴咽干，四肢酸疼，痄腮肿痛。
康尔心胶囊,胶囊剂,益气活血，滋阴补肾，增加冠脉血流量，降血脂。用于治疗冠心病，心绞痛，胸闷气短等症。
寄生追风液,口服液,补肝肾，祛风湿，止痹痛。用于肝肾两亏，风寒湿痹，腰膝冷痛，腿足屈伸不利。用于慢性风湿性关节炎，腰肌劳损，跌打损伤后期具有上述症状者。
维血宁,口服液,补血活血，清热凉血。用于血小板、白血球减少症，并可作一般性贫血的补血健身剂。
绿樱膏,膏剂,消肿止痛，祛风散寒。用于各种疮症，外伤肿痛，腰腿疼痛等。
琥珀利气丸,丸剂,平肝，利气，消食，通便。用于停食，停水，脘腹胀闷作痛，吞酸嘈杂，大便燥结。
喜字阿胶,膏剂,滋阴润燥，补血养血，止血安胎。用于久病虚衰，阴血亏虚，胎动不安，产后血虚，崩漏，咯血，衄血，尿血，便血。
紫金锭眼膏,膏剂,清热消炎，除湿止痒。用于风火烂眼，暴发赤肿，眼涩眼痒，视物不清。
筋骨止痛膏,膏剂,舒筋活血，搜风散寒。用于筋骨麻木，腰腿臂痛，跌打损伤。
舒心宁片,片剂,活血，消瘀，行气止痛。用于改善冠状动脉血循环，兼治疗高血压病，胆固醇过高及冠心病，心绞痛。
舒气丸,丸剂,消气破滞，理气止痛。用于胃肠积滞，胸闷脘痛，脘腹胀痛，呕恶便秘等症。
舒泰丸,丸剂,舒肝理气。用于膨闷胀饱，食滞不消，呕逆吞酸。
痢炎宁片,片剂,清热解毒，燥湿止痛。用于细菌性痢疾，肠炎。
痢泻灵片,片剂,清热解毒，止痢，止泻。用于湿热痢疾、热泻。
阑尾消炎片,片剂,清热解毒，散瘀消肿。用于急、慢性阑尾炎。
滋补参茸丸,丸剂,补气养血，壮阳添精。用于气血衰弱，体倦乏力，肌肉消瘦，怔忡健忘，失眠惊悸，肾虚滑精，阳痿不举。
强力枇杷露,露剂,养阴敛肺，镇咳祛痰。用于久咳劳嗽，支气管炎等。
强肝糖浆,糖浆剂,清热利湿，补脾养血，益气解郁。用于慢性肝炎，早期肝硬化，脂肪肝，中毒性肝炎等。
犀角化毒丸,丸剂,清火化毒，消肿止痛。用于小儿身热烦躁，咽喉肿痛，口舌生疮，皮肤疮疖，口臭便秘，疹后余毒未尽。
感冒丸,丸剂,清热止咳，宣肺平喘。用于感冒，头痛发热、鼻流清涕，咳嗽声重，气逆喘急。
感冒止咳冲剂,颗粒剂,清热解表，止咳化痰。用于感冒发热，头痛鼻塞，伤风咳嗽，咽喉肿痛，四肢怠倦，流行性感冒。
感冒炎咳灵糖浆,糖浆剂,解毒解热，消炎止咳。用于感冒，流感，腮腺炎，咽喉炎，扁桃腺炎，支气管炎。
感冒退烧片,片剂,清热散风，解表。用于内热外感风寒引起的四肢酸懒，发烧怕冷，鼻流清涕，咳嗽咽痒。
感冒解热冲剂,颗粒剂,疏风清热。用于伤风感冒所致的发热，头痛，项强，恶风无汗，周身酸紧等症。
暖宫孕子丸,丸剂,滋阴养血，温经散寒，行气止痛。用于血虚气滞，腰酸疼痛，经水不调，赤白带下，子宫寒冷，久不受孕等症。
锡类含片,片剂,解毒化腐。用于咽喉糜烂肿痛。
锡类散,散剂,解毒化腐。用于咽喉糜烂肿痛。
解热感冒片,片剂,清热解表。用于外感风寒引起的头痛，鼻塞流涕，发烧怕冷，咳嗽音哑，咽喉干痛。
新碧桃仙片,片剂,镇咳，祛痰，平喘，消炎。用于咳嗽，痰多，气喘。
豨签片,片剂,祛风除湿。用于风湿痹痛，腰膝酸软，四肢麻木。
豨莶液,口服液,祛风除湿。用于风湿痹痛，腰膝酸软，四肢麻木。
豨桐丸,丸剂,祛风湿，止痛。用于四肢麻痹，骨节疼痛，风湿性关节炎。
鼻炎灵片,片剂,透窍消肿，祛风退热。用于慢性鼻窦炎、鼻炎及鼻塞头痛，浊涕臭气，嗅觉失灵等。
鼻炎糖浆,糖浆剂,清热解毒，消肿通窍。用于急慢性鼻炎。
熊胆丸,丸剂,清热散风，止痛退翳。用于风热或肝经湿热引起的目赤肿痛，羞明多泪。
蕲蛇风湿酒,酒剂,祛风除湿，通经活络。用于风湿痹痛，骨节疼痛，四肢麻木，屈伸不利，腰膝酸软，风湿性关节炎，腰肌劳损，跌打损伤后期。
橘红化痰丸,丸剂,滋阴清热，敛肺止咳，化痰平喘。用于肺肾阴虚，咳嗽，气促喘急，咽干舌红，胸膈满闷。
橘核疝气丸,丸剂,散寒止痛。用于疝气疼痛，睾丸肿大，阴囊潮湿。
醒脑降压丸,丸剂,通窍醒脑，清心镇静，抗热消炎。用于高血压病，言语不清，痰涎壅盛。
黔曲,茶剂,健脾开胃，理气导滞，清暑化湿。用于食积饱胀，胸闷腹痛，不思饮食，暑湿感冒。
赞化鹿茸丸,丸剂,补气养血，扶肾壮阳，调经祛寒。用于诸虚百损，心肾不交，阳痿不举，疀气腹痛，女子带下，胞寒不育，腰腿酸痛。
臌症丸,丸剂,利水消肿，除湿健脾。用于肢症，胸腹胀满，四肢浮肿，大便秘结，小便短赤。
癣药玉红膏,膏剂,杀虫止痒。用于干癣、顽癣、癞癣、桃花癣、头癣、体癣、牛皮癣。
麝香止痛贴膏,膏剂,祛风除湿，活血舒筋，消肿止痛。用于风湿性关节痛，腰背冷痛，跌打损伤等。
癫痫散,散剂,熄风，豁痰，定痫。用于羊痫风及一切痰迷癫狂之症。
十全大补膏,膏剂,温补气血，用于气血两亏引起：面色苍白，气短心悸，体倦乏力，四肢不温
十香暖脐膏,膏剂,温中，散寒，止痛，用于脾肾虚寒引起：脘腹冷痛，腹胀腹泻、腰痛寒疝，宫寒带下
十滴水,酊剂,健胃，驱风。用于因中暑而引起的头晕、恶心、腹痛、胃肠不适
七制香附丸,丸剂,开郁顺气，调经养血。用于气滞经闭，胸闷气郁，两胁胀痛，饮食减少，四肢无力，腹内作痛、湿寒白带
八宝玉枢丸,丸剂,清瘟解毒，开窍辟秽。用于时疫传染，伤寒郁热、烦乱狂躁，胸膈滞闷，山岚瘴气
八宝镇惊丸,丸剂,退热安神，祛痰镇惊。用于小儿惊风或感冒发烧，痰涎壅盛，咳嗽气喘，烦躁不安
八厘散,散剂,活血消肿，舒筋接骨，用于跌打损伤，骨折筋伤、瘀血作痛，外用止血
人参天麻药酒,酒剂,益气活血、舒筋止痛。用于各种关节痛、腰腿痛、四肢麻木
九制香附丸,丸剂,理血调经、行气止痛。用于月经不调，经闭带下，胸闷胀痛、小腹疼痛
九宝丸,丸剂,解表止嗽，消食化痰。用于小儿肺热宿滞，外感风寒引起：头痛身烧，鼻流清涕，咳嗽痰盛，胸膈不利，呕吐食水，夜卧不安
三七活血丸,丸剂,通络散瘀。用于跌打损伤，骨折初期肿胀严重者
三宝胶囊,胶囊剂,填精益肾，养心安神，化瘀生新，益寿延年。用于腰酸腿软，阳痿遗精，头晕眼花，耳鸣耳聋、心悸失眠，食欲不振
三蛇胆川贝糖浆,糖浆剂,清热润肺，化痰止咳。用于痰热咳嗽
下疳锭,丹剂,解毒，祛湿，止痒。用于肝脾郁结，湿热下注引起：阴门刺痒，溃烂流水，痛痒心烦
大枫子油,搽剂,祛风除湿、润肤止痒，用于血燥风湿，红肿疙瘩，雀斑粉刺，酒渣鼻，风湿癣，热掌风
山楂化滞丸,丸剂,消食导滞，用于饮食停滞，食少纳呆，大便秘结、脘腹胀满
山楂降压丸,丸剂,降血压，降低胆固醇，用于高血压症，头痛眩晕，耳鸣目胀
山楂调中丸,丸剂,消食健脾，和胃，用于内积食滞，不思饮食，伤食作泄
川贝止嗽合剂,口服液,解表宣肺，止咳化痰。用于外感咳嗽
广羚散,散剂,清热解毒，镇惊息风，用于小儿高热惊风，神昏抽搐
小儿四症丸,丸剂,健脾消导，止泻。用于小儿麦秋泄泻，呕吐腹痛，身热尿少
小儿肝炎冲剂,颗粒剂,清肝热，利水，止痛。用于小儿肝炎，肝区痛，腹胀身烧、恶心呕吐，食欲减退，身体倦懒或黄疸型肝炎
小儿抽风散,散剂,清热祛风，镇惊安神。用于小儿惊风，四肢抽搐，口眼歪斜
小儿肺炎散,散剂,清热解毒，清火祛痰，止咳定喘。用于小儿肺热咳嗽，喘息痰盛
小儿健脾散,散剂,益气健脾，和胃运中，用于脾胃虚弱，脘腹胀满，呕吐泄泻，不思饮食
小儿清肺止咳片,片剂,清热解表，止咳化痰，用于内热肺火，外感风热引起的身热咳嗽，气促痰多，烦躁口渴，大便干燥
卫生散,散剂,辟秽、清热解毒，解痉镇静，用于高热神昏、项强抽搐；中风痰壅引起的牙关紧闭，痰涎壅盛；小儿惊风，急性胃肠炎、吐泻、痈疽、疔疮等症
飞龙夺命丸,丸剂,活血败毒，消肿止痛。用于血瘀化腐成毒引起：痈疽疔毒，脑疽对口，搭背恶疮，乳痈乳癌，溃烂不愈
马钱子散,散剂,祛风湿，通经络。用于因风、寒、湿引起的臂痛腰痛，周身疼痛及肢体萎缩
天麻胶囊,胶囊剂,祛风除湿，舒筋通络，活血止痛，用于肢体拘挛、手足麻木，腰腿酸痛
开光复明丸,丸剂,清热散风，退翳明目。用于肝胆热盛引起：暴发火眼，红肿痛痒，眼睑赤烂，云翳气蒙，羞明多眵
开胃山楂丸,丸剂,健脾胃、助消化。用于饮食积滞、脘腹胀满，食后疼痛、消化不良
木香分气丸,丸剂,宽胸消胀止呕。用于肝郁气滞，脾胃不和引起：胸膈痞闷，两胁胀满，胃脘疼痛，倒饱嘈杂，呕吐恶心，嗳气吞酸，气走旁络（岔气疼痛）
长春红药片,片剂,活血化瘀，消肿止痛。用于跌打损伤、瘀血作痛
五子衍宗片,片剂,补肾益精，用于肾虚腰痛，尿后余沥，遗精早泄，阳痿不育
五更太平丸,丸剂,清热养阴，润肺止咳。用于肺热痰喘，痨嗽久咳
五香丸,丸剂,消积化痞，宽胸止痛。用于气郁结滞，宿食停水引起：胸胁胀满，胃寒腹痛，嗳气嘈杂，积聚痞块，大便不畅
止血定痛片,片剂,散瘀，止血，止痛，用于十二指肠溃疡疼痛，出血，胃酸过多
止咳定喘丸,丸剂,清热宣肺，止咳平喘，用于咳嗽气喘，久咳不止
止痫散,散剂,镇惊安神，清热化痰，平肝熄风，用于各种类型癫痫
中满分消丸,丸剂,健脾行气，利湿清热，用于脾虚气滞，湿热郁结引起：宿食蓄水，脘腹胀痛、烦热口苦，倒饱嘈杂，二便不利
牛黄至宝丸,丸剂,清热解毒、泻火通便，用于胃肠积热引起：头痛眩晕，目赤耳鸣，口燥咽干，大便燥结
牛黄消炎丸,丸剂,清热解毒，消肿止痛。用于咽喉肿痛、疔、痈、疮疖
风火眼药,洗剂,清热解毒，退翳明目，用于暴发火眼，翳膜遮睛，沙眼等症
风湿片,片剂,祛风除湿，用于风湿性关节炎，腰腿疼痛
风湿关节炎丸,丸剂,祛风燥湿，活血止痛，用于风痹痛、腰腿疼痛、风湿关节炎等症
风湿关节炎片,片剂,祛风燥湿，活血止痛，用于风湿痹痛，腰腿疼痛，风湿性关节炎等症
风湿灵片,片剂,祛风散寒，舒筋活络。用于风寒湿痹，关节疼痛、手足麻木，腰腿酸痛
风湿药酒料,酒剂,舒筋活血，祛湿散寒。用于四肢麻木，周身疼痛
风湿镇痛丸,丸剂,祛风除湿，散寒止痛。用于风寒邪所致四肢麻木、疼痛
引阳索,颗粒剂,补肾壮阳，生津。用于阳痿早泄，腰膝酸软，津亏自汗，头目眩晕等症
可利肝冲剂,颗粒剂,理气化瘀，柔肝通络，用于慢性肝炎
龙脑安神丸,丸剂,清热解毒，镇惊开窍，用于高热惊风，中风昏迷，狂症
四红丹,丹剂,清热止血。用于吐血、衄血、便血、妇女崩漏下血
仙灵脾酒,酒剂,补肾阳，强筋骨，祛风湿。用于阳痿，腰膝痿弱，四肢麻痹，神疲健忘
冬凌草片,片剂,清热消肿，用于急慢性扁桃体炎、咽炎、喉炎、口腔炎，试用于抗癌
生乳汁,口服液,补气养血，滋阴通乳。用于产后阴血亏虚，乳汁稀薄，短少
白花蛇膏,膏剂,祛风寒，活血止痛。用于筋骨麻木，腰腿臂痛，跌打损伤，闪腰岔气，腹内积聚，受寒腹痛
宁神定志丸,丸剂,益气安神，交通心肾，明目，用于神志不宁，惊悸健忘，失眠、倦怠、视力减退
加味左金丸,丸剂,平肝降逆，疏郁止痛，用于肝胃不和引起：胸脘痞闷，急躁易怒，嗳气吞酸，胃痛少食
耳炎药膏,膏剂,消炎、止痛，用于外耳道炎，耳部湿疹
百咳宁片,片剂,清热化痰，止咳定喘。用于小儿百日咳
百梅止咳冲剂,颗粒剂,祛痰止咳。用于伤风咳嗽，急、慢性支气管炎
当归丸,丸剂,活血补血，调经止痛。用于月经不调，经来腹痛
当归苦参丸,丸剂,凉血，祛湿，用于血燥湿热引起：头面生疮、粉刺疙瘩，湿疹刺痒，酒精鼻赤
壮腰健肾丸,丸剂,壮腰健肾，祛风活络。用于肾亏腰痛，风湿骨痛、膝软无力，神经衰弱，小便频数、遗精梦泄
伤疖膏,膏剂,清热、解毒、消肿、镇痛，用于各种疖痈脓肿，乳腺炎、静脉炎及其他皮肤创伤
伤科跌打丸,丸剂,活血散瘀，消肿止痛，用于跌打损伤，伤筋动骨，瘀血肿痛，闪腰岔气
舟车丸,丸剂,行气利水。用于蓄水腹胀，四肢浮肿，胸腹胀满，停饮喘急、大便秘结，小便短少
安阳虎骨药酒,酒剂,祛风除湿，活血止痛、强筋壮骨，用于半身不遂，左瘫右痪，周身麻木，腰腿疼痛，肢体拘挛，跌打损伤、风湿诸疼
安阳精制膏,膏剂,消积化块，逐瘀止痛，舒筋活血，追风散寒。用于男子气块，妇女血块，腹内积聚、风寒湿痹、腰腿、筋骨、胳背、关节、胃寒诸痛及手足麻木等症
安神补脑液,口服液,生精补髓，增强脑力。用于神经衰弱，失眠，健忘，头痛
关节止痛膏,膏剂,活血，消炎，镇痛，对局部血管有扩张作用。用于风湿性关节痛，关节扭伤及寒湿引起的其他疼痛
羊痫疯丸,丸剂,熄风止惊，清心安神。用于癫痫
妇科乌金丸,丸剂,活血祛瘀，行气止痛，用于血瘀经闭、腹痛烦躁
苁蓉补肾丸,丸剂,补肾壮阳，用于肾虚腰痛，阳痿遗精
芩连片,片剂,清热解毒，消肿止痛。用于脏腑蕴热引起：头痛目赤，口鼻生疮，热痢腹痛，湿热带下，疮疖肿痛
抑亢丸,丸剂,育阴潜阳，豁痰散结，降逆和中。用于瘿病（甲状腺机能亢进）引起的突眼，多汗心烦，心悸怔忡，口渴，多食，肌体消瘦，四肢震颤等
抗栓再造丸,栓剂,活血化瘀，舒筋通络，熄风镇痉。用于中风后遗症恢复期的手足麻木，步履艰难，瘫痪，口眼歪斜，言语不清
抗痨胶囊,胶囊剂,散瘀止血，祛痰止咳。用于肺虚久咳，痰中带血
肝舒片,片剂,有改善肝功能和增加食欲作用，主要用于慢性和迁延性肝炎
龟鹿滋肾丸,丸剂,温肾固精。用于心肾衰弱，目眩耳鸣，腰膝酸痛，四肢无力，遗精滑精，阳痿少寐，夜尿过频
补血催生丸,丸剂,补气养血，用于血亏气虚，临产无力
补肾斑龙片,片剂,补肾壮阳，填精益髓。用于肾虚，阳痿，早泄，遗精，性欲减退等症
阿胶益寿晶,膏剂,补气养血，用于气血双亏，未老先衰，四肢无力，腰膝酸软，面黄肌瘦，健忘失眠，妇女产后诸虚
鸡骨草肝炎冲剂,颗粒剂,舒肝、清热，利湿，祛黄。用于黄疸型和无黄疸型急性传染性肝炎
武红灵散,散剂,开窍解毒、祛暑避瘟，用于暑邪蒙蔽心窍引起：神志昏迷，关窍不通，牙关紧闭，四肢厥逆
青果止嗽丸,丸剂,清肺化痰，止咳平喘，用于肺经有热，咳嗽痰喘
板蓝根片,片剂,清热解毒，凉血，利咽，消肿。用于扁桃腺炎，腮腺炎，咽喉肿痛，防治传染性肝炎，小儿麻疹等
拔毒膏,膏剂,清热解毒，活血消肿，多用于治疗疖疗痈发，有头疽之初期或化脓期等病
罗黄降压片,片剂,清肝降火，活血化瘀，用于肝火上炎引起：头晕目眩，心烦少眠，大便秘结
固本延龄丸,丸剂,固本培元，滋阴壮阳，补填精髓，强壮筋骨，开心益智，延年益寿，用于虚劳损伤，腰痛体倦，阳痿遗精，心悸失眠，肌肤憔悴，须发早白，经血不调，食欲不振
和中理脾丸,丸剂,理脾和胃，用于脾胃不和引起：胸膈痞闷，脘腹胀满，恶心呕吐，不思饮食，大便不调
乳疮丸,丸剂,解毒消肿，消炎止痛。用于乳疮，痈肿初起，灼热作痛、坚硬不消
河车补丸,丸剂,滋肾阴，补元气，用于肾阴不足，元气亏损引起：身体消瘦，精神疲倦，腰酸腿软，自汗盗汗
泻痢固肠片,片剂,调胃化湿，益气固肠。用于脾胃虚弱，久病脱肛，腹胀腹痛，肢体疲乏
宝咳宁冲剂,颗粒剂,清热解表，止嗽化痰。用于小儿感冒风寒内热停食引起：头痛身烧，咳嗽痰盛，气促作喘，咽喉肿痛，烦躁不安
定喘膏,膏剂,止咳定喘，用于气促喘息，冬季加重、胸膈满闷，咳嗽痰盛等症
参苓健脾丸,丸剂,健脾，开胃，消食。用于脾胃虚弱、消化不良，面色萎黄，脘腹胀满，肠鸣腹泻
参茸天麻酒,酒剂,补气益肾。用于气虚肾亏，神经衰弱，眩晕头痛
参茸蛤蚧保肾丸,丸剂,温肾补虚。用于肾虚腰痛，夜尿多、病后虚弱，头晕眼花，疲倦乏力
参桂鹿茸丸,丸剂,补气益肾，养血调经。用于气虚血亏，肝肾不足引起：体质虚弱，腰膝酸软、头晕耳鸣，自汗盗汗，失眠多梦、肾寒精冷，宫寒带下，月经不调
贴积膏,膏剂,消积化痞。用于脾胃虚弱，宿食停滞引起：食积、乳积，腹大青筋、面黄肌瘦、嗜食异物，二便不调
复方五仁醇胶囊,胶囊剂,清热利胆，平肝养血，降低血清谷丙转氨酶。用于治疗迁延性、慢性肝炎
复方贝母散,散剂,清热化痰，止咳平喘。用于肺热咳嗽，喘息
复方半夏片,片剂,止咳化痰。用于咳嗽痰多
复方百部止咳冲剂,颗粒剂,清肺止咳。用于肺热咳嗽，痰黄粘稠，百日咳
复方罗汉果止咳冲剂,颗粒剂,清热泻肺，镇咳祛痰，用于肺热、肺燥咳嗽
复方虎杖片,片剂,清热，祛痰、止咳，平喘。用于慢性支气管炎
香苏调胃片,片剂,解表和中、健胃化滞。用于胃肠积滞，外感时邪引起：身热体倦，饮食少进，呕吐乳食，腹胀便泻，小便不利
种子三达丸,丸剂,调经止痛。用于月经不调，行经腹痛、头晕目眩、赤白带下，四肢浮肿
保幼化风丹,丹剂,清热散风，止嗽化痰。用于惊风里热，痰涎壅盛、咳嗽发烧、头疼身痛、四肢抽动，睡卧不安
保婴夺命散,散剂,化痰，镇惊熄风，清热豁痰。用于小儿急热惊风、肢体抽搐，痰涎壅盛、发热咳嗽
追风活络酒,酒剂,追风散寒，舒筋活络。用于受风受寒，四肢麻木，关节疼痛，风湿麻痹，伤筋动骨
洋参保肺丸,丸剂,滋阴补肺、止嗽定喘。用于阴虚肺热引起：咳嗽痰喘、胸闷气短、口干咽干、睡卧不安
养血祛风丸,丸剂,养血活络、祛风止痛。用于肩背疼痛，手足麻木，筋骨无力，行步艰难
宫糜膏,膏剂,清热燥湿，化腐生肌，消炎解毒，用于宫颈糜烂
祛暑片,片剂,祛暑散寒，止吐止泻。用于中暑感寒引起：憎寒发热，头痛身倦，胸腹胀满，呕吐泄泻
屏风生脉胶囊,胶囊剂,益气，扶阳，固表。用于气短心悸，表虚自汗，乏力眩晕，易感风邪
降压平片,片剂,降压，清头目。用于高血压及高血压引起的头晕、目眩
珠珀保婴散,散剂,镇惊，祛风、化痰。用于小儿惊风气促，手足抽搐，痰涎壅盛
蚕茧眼药,洗剂,清热散风，消肿止痛。用于暴发火眼，睑烂痛痒，羞明热泪
唇齿清胃丸,丸剂,清胃火。用于由胃火引起的牙龈肿痛、口干唇裂，咽喉痛
柴黄片,片剂,清热解表。用于感冒引起的发热，周身不适，头痛目眩，咽喉痛
哮喘丸,丸剂,定喘，镇咳。用于年久咳嗽，年久痰喘
透表回春丸,丸剂,清热透表。用于小儿内热伤风，头痛发烧、乍寒乍热、鼻流清涕，咽痛红肿，烦躁身倦，隐疹不出
健儿疳积散,散剂,驱蛔虫，消积健脾。用于小儿疳积、消化不良，脾胃虚弱
健身全鹿丸,丸剂,补精，养血、益气、温阳固肾。用于肾精亏损，气血不足引起：精神衰惫，腰膝无力，阳痿遗精，目暗耳鸣，失眠健忘、妇女血虚宫寒，崩带不孕，滑胎小产
健胃片,片剂,健胃止痛。用于胃病食滞引起：胃脘胀痛、倒饱嘈杂、嗳气食臭，大便不调
健康补脾丸,丸剂,健脾利湿。用于症瘕后期脾胃虚弱，食欲不振、湿热黄疸，小便不利
健脾康儿片,片剂,健脾养胃，消食止泻。用于脾虚胃肠不和，饮食不节引起：腹胀便泻，面黄肌瘦、食少倦怠、小便短少
消瘿气瘰丸,丸剂,消瘿化痰。用于肝郁痰结引起：瘿瘤肿胀，瘰疬结核
润肺化痰丸,丸剂,润肺止咳，化痰定喘。用于肺经燥热引起：咳嗽痰粘，痰中带血，气喘胸满，口干咽干
海龙胶,膏剂,温肾壮阳，活血止痛、培元固本、强壮腰膝。用于腰酸腿软、精神萎靡，面色㿠白、男子阳痿遗精，女子宫冷不孕
海马万应膏,膏剂,追风，活血，止痛。用于一切风寒湿痹，腰腿疼痛，四肢麻木，跌打损伤等症
益肝冲剂,颗粒剂,活血化瘀，行气健脾、解毒利胆。用于无黄疸型慢性、迁延性肝炎
拳参片,片剂,清热解毒。用于湿热痢疾，肠炎，热泻
宽胸舒气化滞丸,丸剂,舒气宽中，消积化滞。用于肝胃不和，气郁结滞引起：两胁胀满，呃逆积滞，胃脘刺痛，积聚痞块，大便秘结
调经活血片,片剂,调经活血，行气止痛。用于月经不调，行经腹痛
通脉灵片,片剂,活血化瘀，通脉止痛。用于心绞痛及心肌梗塞
通幽润燥丸,丸剂,清热导滞，润肠通便。用于胃肠积热，幽门失润引起：脘腹胀满，大便不通
梅苏丸,丸剂,清热解暑，生津止渴。用于中暑风热，头昏目眩，口干舌燥，津液不足
菊明降压丸,丸剂,降低血压。用于高血压及其引起的头痛，目眩
乾元丸,丸剂,清热化痰，熄风止痉。用于小儿内蓄痰热，外感风邪引起：身热恶风，咳嗽多痰，烦躁口渴，大便秘结
接骨七厘片,片剂,活血化瘀，接骨止痛。用于跌打损伤，续筋接骨，血瘀疼痛
眼药锭,丹剂,清热、消肿，退翳。用于云翳气蒙，暴发火眼，眼睑红烂
婴儿安片,片剂,祛风镇惊，消食，化痰，退热。用于小儿发热，咳嗽，食水不化，热惊风
得生片,片剂,调经养血，理气化瘀。用于月经不调、经期腹痛，血瘀气滞，症瘕痞块
麻杏止咳糖丸,丸剂,清肺平喘。用于风热咳嗽，气管喘息
痔疮外洗药,洗剂,祛毒止痒，消肿止痛。用于痔疮漏疮，肛门痛痒，坚硬肿胀，流脓血
清肝片,片剂,清热解毒，疏肝退黄。用于急、慢性肝炎
清胃和中丸,丸剂,清胃，导滞。用于胃热气滞引起：脘腹胀满，烦热口苦、恶心呕吐，饮食少进，大便秘结
清暑益气丸,丸剂,祛暑利湿，补气生津。用于体弱受暑引起：头晕身热，四肢倦怠、自汗心烦，咽干口渴
琥珀还睛丸,丸剂,补益肝肾，清热明目。用于肝肾两亏，虚火上炎引起：内外翳障，瞳仁散大，视力减退、夜盲昏花、目涩羞明，迎风流泪
搜风顺气丸,丸剂,搜风顺气，润肠通便。用于肠胃积热，胸膈痞闷，大便燥结，肠红痔漏
搜风理肺丸,丸剂,清热解表，宣肺止咳。用于外感风寒，肺失宣降引起：发热恶寒，头痛无汗，四肢酸软，鼻塞流涕，咳嗽痰多，胸闷喘急
蛤蚧养肺丸,丸剂,补虚润肺，止咳化痰。用于痨伤咳嗽，精神不振，四肢疲倦、肺痨肺炎
跌打止痛片,片剂,活血祛瘀，消肿止痛。用于跌打损伤，闪腰岔气
跌打风湿酒,酒剂,祛风除湿。用于风湿骨痛，跌打撞伤，风寒湿痹，积瘀肿痛
遗尿散,散剂,温肾，涩尿。用于睡中遗尿
喘舒片,片剂,温肾纳气，化痰定喘。用于慢性支气管炎、支气管哮喘，肺气肿，尤适于喘息型气管炎
舒郁九宝丸,丸剂,解郁宽胸、理气止痛。用于胸膈满闷，胃脘疼痛，干哕气逆、纳差、腹胀
舒络养肝丸,丸剂,柔肝养血，通络止痛。用于筋脉拘挛、肢体麻木，关节酸楚、疼痛，胁胀胸闷
痢必灵片,片剂,清热利湿。用于热病痢疾，热泻、腹痛等症
温脾止泻丸,丸剂,温中散寒，健脾止泻。用于脾寒阳虚、中宫失运，泄泻无度，样如米泔
温脾固肠散,散剂,健脾止泻。用于脾虚久泻，便溏腹胀，腹痛肠鸣
溃平宁冲剂,颗粒剂,止血，止痛，收敛。用于胃溃疡，十二指肠溃疡、合并上消化道出血症
溃疡宁片,片剂,制酸、解痉、止痛、止血，调整胃肠功能，促进溃疡面的愈合。用于胃及十二指肠溃疡
寒喘丸,丸剂,止嗽定喘，发散风寒。用于咳嗽痰盛，哮喘不止，咽喉不利，夜卧不宁
寒湿痹丸,丸剂,祛风散寒、除湿止痛。用于风寒湿痹，骨节肿痛、四肢麻木、偏瘫
强肾镇痛丸,丸剂,温肾散寒。用于肾虚受寒引起的腰腿酸痛，足膝无力
蓝花药,丸剂,清热解毒，消疳。用于急慢性扁桃腺炎、齿龈红肿，咽喉疼痛，小儿疳症
蒲地蓝消炎片,片剂,清热解毒，抗炎消肿。用于疖肿、腮腺炎、咽炎，淋巴腺炎，扁桃体炎等
感冒止咳糖浆,糖浆剂,解表清热，止咳化痰。用于感冒或流感发热，头痛鼻塞、伤风咳嗽，咽痛、肢痛
感冒药片,片剂,解表，退热、止痛。用于感冒发烧、头痛、周身酸痛
感冒咳嗽冲剂,颗粒剂,清热解毒，止咳化痰。用于感冒发热，头痛、咳嗽。
照山白浸膏片,片剂,祛风、散寒、活血、通络、祛痰、止咳。用于妇女产后风寒身痛、月经不调、痛经、老年慢性气管炎。
愈风丹,丹剂,祛风散寒，活血止痛。用于半身不遂、腰腿疼痛、手足麻木，偏正头痛、风寒湿痹。
腮腺炎片,片剂,清热解毒，消肿散结。用于腮腺炎。
缠喉散,散剂,定惊安神，清咽解毒。用于小儿惊风，痰涎壅盛，咽喉肿痛。
嗣育保胎丸,丸剂,补气养血，安胎保产。用于孕妇气血不足引起：恶心呕吐，腹酸腹痛，足膝浮肿，胎动不安，屡经流产。
慢惊丸,丸剂,补气养血，温脾止泻。用于小儿吐泻日久，脾胃虚弱引起：面色青白，身体瘦弱，四肢厥冷，睡卧露睛。
膏药咀,膏剂,活血止痛，粘合皮肤。用于手足皲裂症。
精制银翘解毒片,片剂,清热散风，解表退烧。用于流行性感冒、发冷发烧、四肢酸懒、头痛咳嗽、咽喉肿痛、温毒发颐、两腮赤肿。
赛金化毒散,散剂,清热解毒。用于小儿毒火内热，口疮、咽炎、咳嗽、便秘。
增力再生丸,丸剂,补气养血，舒筋活络。用于气血虚弱，筋骨疼痛，四肢麻木、中风，半身不遂，遗精失血，再障贫血。
醋制香附丸,丸剂,调气和血，逐瘀生新。用于气滞血瘀、症瘕积聚，行经腹痛，月经不调。
鹤草芽栓,栓剂,杀滴虫，消炎、止痒。用于阴道滴虫感染，滴虫性阴道炎，因阴道滴虫所致白带增多，外阴瘙痒等症。对子宫宫颈糜烂有一定疗效。
镇咳宁糖浆,糖浆剂,镇咳祛痰。用于伤风咳嗽，支气管炎、哮喘等。
橘红梨膏,膏剂,养阴清肺，止咳化痰。用于肺胃阴虚、口干咽燥；久咳痰少。
磨积散,散剂,消疳，磨积。用于小儿宿食积滞引起：停食停乳，不思饮食，面黄肌瘦，腹胀坚硬，虫积腹痛。
藏青果冲剂,颗粒剂,清热、利咽、生津。用于急、慢性咽炎、慢性喉炎、慢性扁桃体炎。
癫狂马宝散,散剂,清热化痰、镇静安神。用于痰热蒙蔽心窍引起：精神错乱，疯狂打闹，躁动不安，羊痫疯症。
囊虫丸,丸剂,杀虫驱虫、活血化瘀，软坚消炎、镇静止痛。用于人的猪囊虫病、脑囊虫及脑囊虫引起的偏瘫。
十全大补酒,酒剂,温补气血，用于气血两虚，面色苍白，气短心悸，头晕自汗，体倦乏力，四肢不温，月经量多
十灰丸,丸剂,凉血止血，用于吐血、衄血、血崩及一切出血不止诸症
丁香风油精,口服液,清凉散热，止痛止痒，用于感冒头痛，蚊虫叮咬，晕船晕车，亦可用于龋齿止痛
人参北芪片,片剂,扶正固本，补气升阳，强心固脱，补虚生津，用于体虚欲脱，肢体倦怠，神疲乏力，多梦健忘等症
人参五味子冲剂,颗粒剂,益气敛阴，安神镇静，用于病后体虚，神经衰弱
人参归脾丸,丸剂,益气补血，健脾养心，用于心脾两虚，气血不足所致的心悸、怔忡，失眠健忘，食少体倦，面色萎黄以及脾不统血所致的便血、崩漏，带下诸症
三层茴香丸,丸剂,温经散寒，行气止痛，用于寒疝及寒湿所致的少腹疼痛
万年春酒,酒剂,补气健脾，益精滋肾，祛风活血，强壮筋骨，用于气虚脾弱，腰膝酸软，风湿关节痛等
山花晶（冲剂）,颗粒剂,滋补肝肾，清肝明目，用于阴虚阳亢、头痛眩晕，亦用于高血压，高血脂症
千金茶,茶剂,疏风解表，利湿和中，用于四季伤风感冒，中暑发热，腹痛身酸，呕吐泄泻
卫生宝丸 (卫生宝丹),丹剂,疏风解表，润肺化痰，用于外感风寒，内有蕴热而致的怕冷发烧，四肢酸懒，头疼目眩，咳嗽痰多，口渴咽干
卫生培元丸,丸剂,大补元气，用于气血虚弱，四肢无力
小儿止嗽丸,丸剂,润肺清热，止嗽化痰，用于小儿内热发烧，咳嗽痰盛，腹胀便秘
小儿百部止咳糖浆,糖浆剂,清肺、止咳、化痰，用于小儿肺热咳嗽，百日咳，痰多黄稠
小儿吐泻宁 (散),散剂,理气和中，健脾化湿，用于小儿脾胃不和引起的吐泻、腹胀、不思饮食等
小儿奇应丸,丸剂,解热定惊，化痰止咳，消食杀虫，用于小儿惊风发热，咳嗽多痰，食积，虫积
小儿珍贝散,散剂,清热、消炎、止咳、化痰，用于小儿气管炎，支气管炎，哮喘性支气管炎
小儿咳喘灵冲剂,颗粒剂,宣肺、清热、止咳、祛痰、平喘，用于上呼吸道感染，气管炎，肺炎，咳嗽等
小儿咳喘灵口服液,口服液,宣肺清热，止咳、祛痰、平喘，用于上呼吸道感染，气管炎、肺炎，咳嗽等
小儿消炎栓,栓剂,清热解毒，抗菌消炎，用于上呼吸道感染、急性扁桃体炎，喉炎等症
小儿清热镇惊散,散剂,清热镇惊，开窍定搐，用于小儿脏腑积热引起的急热惊风，手足抽搐，咳嗽身热，痰涎壅盛，烦躁口渴，睡卧不安
飞扬肠胃炎片,片剂,泻火解毒，除湿止痢，用于细菌性痢疾，急、慢性肠胃炎
云芝菌胶囊,胶囊剂,调整免疫功能，用于慢性病毒性肝炎，也可用于早期肝硬化
天麻片,片剂,祛风除湿，舒筋通络，活血止痛，用于肢体拘挛，手足麻木，腰腿酸痛
五积散酒,散剂,散寒解表，祛风燥湿，消积止痛，用于风寒湿痹，头痛身痛，腰膝冷痛
五淋丸,丸剂,清热利湿，分清止淋，用于下焦湿热引起的尿频尿急，小便涩痛，浑浊不清
太阳膏,膏剂,醒脑散热，祛风止痛，用于感冒头痛，头昏目眩
太和妙灵丸 (太和妙灵丹),丹剂,散寒解表，清热镇惊，化痰止咳，用于小儿肺胃痰热，外感风寒引起的发烧恶寒，头痛鼻塞，咳嗽气促，烦躁不安，内热惊风，四肢抽搐
止血片,片剂,清热凉血，止血，用于因血热引起的月经过多，鼻衄，咳血，吐血，咯血
止咳片,片剂,润肺定喘，祛痰止咳，用于咳嗽，痰多，气喘，小儿百日咳，急慢性气管炎
止咳平喘糖浆,糖浆剂,清热宣肺，止咳平喘，用于风热感冒，急性支气管炎等引起的咳喘，气粗痰多，周身不适，咽痛等
止咳喘冲剂,颗粒剂,止咳，平喘，祛痰，用于支气管炎，支气管喘息，痰多、痰稠，感冒咳嗽，肺痈吐脓，胸满胁痛等症
止痢宁片,片剂,清热祛湿，行气止痛，用于肠炎，痢疾，表现为腹痛泄泻，下痢脓血，肛门灼热，里急后重者
止嗽扫痰丸,丸剂,宣肺定喘，止咳祛痰，用于咳嗽气喘，痰多胸闷
化痰平喘片,片剂,清热化痰，止咳平喘，用于急、慢性气管炎，肺气肿，咳嗽痰多，胸满气喘
气管炎丸,丸剂,散寒镇咳，祛痰定喘，用于外感风寒引起的气管发炎，肺热咳嗽，气促哮喘，喉中发痒，痰涎壅盛，胸膈满闷，老年痰喘
牛黄郁金丸,丸剂,芳香开窍，清心豁痰，通腑降浊，用于癫痫惊狂，痰迷心窍，烦躁不安，大便秘结
牛黄清脑丸,丸剂,清热解毒，通窍镇惊，用于高热不退，窍闭神昏，惊厥抽搐，咽喉肿痛
牛黄清热散,散剂,清热镇惊，用于温邪入里引起的高烧痉厥、四肢抽动，烦躁不安，痰浊壅塞
牛黄醒消丸,丸剂,清热解毒，消肿止痛，用于痈疽发背，瘰疬流注，乳痈乳岩，无名肿毒
丹参膏,膏剂,祛瘀止痛，活血通经，清心除烦，用于月经不调，经闭痛经，癥瘕积聚，腹痛刺痛，热痹疼痛，疮疡肿痛，心烦不眠，肝脾肿大，心绞痛
风痛安胶囊,胶囊剂,清热利湿，活血通络，用于急、慢性风湿性关节炎，慢性风湿性关节炎活动期
风湿止痛药酒,酒剂,祛风散寒，除湿通络，用于风寒湿痹，关节疼痛
风湿伤痛膏,膏剂,祛风湿，活血止痛，用于风湿关节、肌肉痛，扭伤
风湿灵仙液,颗粒剂,祛风除湿，通经活络，止痛，用于类风湿性关节炎，风湿性关节炎，坐骨神经痛，骨质增生
风湿药丸,丸剂,祛风除湿，理气活血，用于筋骨酸痛，四肢麻木，关节不利
风湿福音丸,丸剂,祛风散寒，消肿止痛，强筋健骨，用于风湿性关节炎及风湿痛
心安宁片,片剂,养阴宁心、化瘀通络，降血脂，用于血脂过高，心绞痛以及高血压引起的头痛，头晕，耳鸣，心悸
双虎肿痛宁,口服液,化瘀行气，消肿止痛，舒筋活络，驱风除湿，用于跌打损伤，扭伤，摔伤，风湿关节痛等，并可作骨折及脱臼复位等手术局部麻醉止痛用
玉竹高龄酒,酒剂,补脾肾，益气血，用于精神困倦，食欲不振
龙蛾酒,酒剂,壮阳补肾，益精髓，用于肾虚阳痿，梦遗滑泄，小便频数，腰酸背痛，足膝无力等症
打虎壮元丸,丸剂,强肾，健脾，益胃，安神，用于腰膝酸痛，倦怠无力，食少便溏，健忘失眠，阳痿早泄
四苓散,散剂,利水渗湿，用于水湿泄泻，小便不利
冬白梅片,片剂,敛肺定喘，止咳化痰，用于气管炎咳痰黄白相兼，肺寒化热，寒热错杂者
冬青补汁,口服液,温补肝肾，滋阴益精，用于肝肾不足，头昏目眩，小便频繁，腰膝酸软，高血压病，神经衰弱
白金丸,丸剂,豁痰通窍，清心安神，用于痰气壅塞，癫痫发狂，猝然昏倒，口吐涎沫
白敬宇眼药,膏剂,明目止痛，消肿止痒，用于暴发火眼，眼边刺痒，溃烂肿痛，胬肉攀睛，云翳多蒙，视物昏花，迎风流泪
宁神丸,丸剂,安神，用于心神不宁，烦躁梦多，神经衰弱，惊悸失眠
半夏露冲剂,颗粒剂,止咳化痰，用于咳嗽多痰，支气管炎
地骨皮露,露剂,凉营血，解肌热，用于体虚骨蒸，虚热口渴
达肺草,散剂,止血，化痰，顺气，定喘，止汗，退热，用于吐血，咯血，痰中带血，咳嗽，痰喘，气急，劳伤肺痿等症
曲麦枳术丸,丸剂,健脾消食。用于脾虚停滞，脘腹痞满，倒饱嘈杂，不思饮食
回天再造丸,丸剂,祛风散寒，理气豁痰，通经活络。用于中风，类中风，半身不遂，口眼歪斜，言语不清以及中寒、中气、中痰等症
回生第一散（回生第一丹）,丹剂,活血散瘀，消肿止痛。用于跌打损伤，闪腰岔气，伤筋动骨，皮肤青紫，血瘀疼痛
伤科七味片,片剂,祛瘀消肿，活血止痛。用于跌打损伤，骨断血瘀
伤痛宁片,片剂,散瘀止痛。用于跌打损伤，闪腰挫气
血见宁（散）,散剂,止血。用于消化道出血，肺咯血
壮腰消痛液,口服液,壮腰益肾，疏风祛湿，活络止痛。用于肾虚腰痛，风湿骨质增生引起的疼痛
安神温胆丸,丸剂,和胃化痰，安神定志。用于心胆虚怯，触事易惊，心悸不安，虚烦不寐
妇科宁坤丸,丸剂,调经养血，理气止痛。用于月经不调，崩漏带下，胸脘胀满，腰腹疼痛
杞菊地黄胶囊,胶囊剂,滋肾养肝。用于肝肾阴亏，眩晕耳鸣，羞明畏光，迎风流泪，视物昏花
更衣胶囊,胶囊剂,润肠通便。用于病后津液不足，肝火内炽，便秘腹胀
抗热镇痉丸,丸剂,清热解毒。用于湿温疫毒，高热不退，痉厥昏迷，谵语发斑
利鼻片,片剂,清热解毒，祛风开窍。用于鼻渊，鼻塞流涕
返魂草冲剂,颗粒剂,清热祛痰，镇咳平喘。用于肺内感染，慢性支气管炎，喘息性支气管炎，急性呼吸道感染等
沉香利气丸（沉香四宝丸）,丸剂,行气舒郁，健胃导滞。用于气郁不舒，消化不良引起的胸胁痞满，嗳气吞酸，胃脘胀痛，大便秘结
补心片,片剂,滋阴养血，补心安神。用于阴虚血少之心悸神疲、失眠健忘，大便干结，口舌生疮，舌红少苔，脉细数
补肾益脑胶囊,胶囊剂,滋肾益气，补血生精。用于气血两亏，阳虚气弱，心跳气短，失眠健忘，遗精盗汗，腰腿酸软，耳聋耳鸣
补肾强身胶囊,胶囊剂,补肾强身。用于腰酸足软，头晕耳鸣，眼花心悸，阳痿遗精
灵芝北芪片,片剂,养心安神，补气益血。用于神经衰弱，失眠健忘，食少体倦，气短多汗等症。亦可用于慢性肝炎、肾炎等的辅助治疗
灵芝胶囊,胶囊剂,宁心安神，健脾和胃。用于失眠健忘，身体虚弱，神经衰弱等症
泻肝安神丸,丸剂,清肝泻火，重镇安神。用于失眠，心烦，惊悸及神经衰弱
泻痢固肠丸,丸剂,健脾化湿，益气固肠。用于久痢久泻脱肛，腹胀腹痛
治痢片,片剂,理气和血，燥湿止痢。用于大肠湿滞、寒热凝结引起的红白痢疾，脓血相杂，里急后重，腹中作痛
宝宝牛黄散（牛黄小儿散）,散剂,清热镇惊，祛风，化痰。用于小儿风痰壅盛，腹痛
降压片,片剂,降压。用于高血压
参三七伤药片,片剂,活血祛瘀，通经活络。用于跌打损伤，肋背拘紧作痛，肢体酸软
参芪首乌补汁,口服液,补气养血，益肝肾。用于气血不足，肝肾亏损所致贫血，神经衰弱，产后血亏
参芪蛤蚧补浆,糖浆剂,补肺益肾，益精助阳，益气定喘。用于体弱气虚，精神倦怠，阴虚喘咳，虚痨消渴，阳痿等症
参苓白术丸,丸剂,补脾胃，益肺气。用于脾胃虚弱，食少便溏，气短咳嗽，肢倦乏力
参茸木瓜药酒,酒剂,祛风散寒，舒筋活血。用于腰腿疼痛，肢体麻木，风湿性关节炎
参茸鹿胎膏,膏剂,调经活血，温宫止带，逐瘀生新。用于月经不调，行经腹痛，四肢无力，子宫寒冷，赤白带下，久不受孕，骨蒸劳热，产后腹痛
建参片,片剂,温通心肾，益气和血，能改善窦房结功能。用于心肾阳虚，脉络痹阻，脉迟，窦性心动过缓及病态窦房结综合征
珍珠生肌散,散剂,生肌收口。用于疮毒溃疡，腐肉已净，久不收口
柳条膏,膏剂,拔毒生肌。用于痈疽，疔毒，疮肿，冻疮
茸血补心丸,丸剂,益气养血，养心安神。用于心悸气虚，神志不安，失眠不寐及神经衰弱
茵陈五苓丸,丸剂,清湿热，利小便。用于肝胆湿热，脾肺郁结引起的湿热黄疸，胆腹胀满，小便不利
茯菟丸,丸剂,固肾，涩精，止带。用于遗精尿浊，妇女白带
砂锅丸,丸剂,补血活血，调经消瘀。用于贫血黄肿，月经不调，精神萎靡，消化不良，带下腹痛
胃炎宁冲剂,颗粒剂,温中醒脾，和胃降逆，芳香化浊，消导化食。用于萎缩性胃炎，浅表性胃炎及其他类型胃炎，胃窦炎及伤食湿重引起的消化不良等症
骨仙片,片剂,填精益髓，壮腰健肾，强壮筋骨，舒筋活络，养血止痛。用于因骨质增生引起的疾患
复方川贝母片,片剂,止咳，化痰，平喘。用于咳嗽，痰喘
复方四季青片,片剂,清热解毒。用于风热感冒，咳嗽痰多，咽喉肿痛
复方地锦糖浆,糖浆剂,清热，利湿。用于细菌性痢疾，肠炎
复方补骨脂冲剂,颗粒剂,温补肝肾，强壮筋骨，活血止痛。用于肾阳虚亏，腰膝酸痛，腰肌劳损及腰椎退行性病变等病
复方刺五加片,片剂,补气养血，益智安神，补肾健脾，扶正固本。用于气血两亏所致全身无力，心悸失眠，食欲不振等
复方消食冲剂,颗粒剂,健脾利湿，开胃导滞。用于食积不化，食欲不振，便溏消瘦
复方桔梗止咳片,片剂,镇咳、祛痰。用于咳嗽痰多
复方野马追糖浆,糖浆剂,清热解毒，化痰止咳，平喘。用于慢性气管炎，痰多咳喘
复方猴头冲剂,颗粒剂,治疗消化道溃疡。用于胃溃疡，十二指肠溃疡，慢性胃炎
复方鲜竹沥液,口服液,清热，化痰，止咳。用于痰热咳嗽
复肝宁片,片剂,舒肝健脾，清热利湿。用于乙型肝炎奥抗阳性属于肝旺脾虚，热毒较盛者
香桂活血膏,膏剂,祛风散寒，活血止痛。用于跌扑损伤，风湿性关节痛等
保元丸（保元丹）,丹剂,祛风化痰，解热镇惊。用于痰热内闭，外感风寒引起的身热面赤，咳嗽痰盛，气促作喘，急热惊风
保赤一粒金散,散剂,解热镇惊，止咳化痰，通便、助消化。用于内热感冒，咳嗽发烧，消化不良，夜啼不眠
保妇康栓,栓剂,行气破瘀，消炎，生肌，止痛。用于霉菌性阴道炎，宫颈糜烂等妇科疾病
保和片,片剂,消食积，和脾胃。用于宿食不消，胸膈痞满，噫气吞酸，不思饮食
保胎灵,颗粒剂,补肾，固冲，安胎。用于先兆流产，习惯性流产及因流产引起的不孕症
追风药酒,酒剂,活血疏风，散寒和脾。用于风寒湿痹引起的筋骨疼痛，四肢麻木，腰膝疼痛，风湿性关节炎
追风舒经活血片,片剂,舒筋活血，散风祛寒。用于风寒串入经络引起的腰腿疼痛，四肢麻木
胆香鼻炎片,片剂,消炎清热，祛风散寒，通窍止痛。用于慢性单纯性鼻炎、过敏性鼻炎、急慢性副鼻窦炎
烂积丸,丸剂,消积行滞。用于食积，肉积，水积，气积
活血通脉片,片剂,活血通脉，强心镇痛。用于冠状动脉硬化引起的心绞痛，胸闷气短，心气不足，瘀血作痛
养心安神丸,丸剂,补肾益智，养心安神。用于心肾不交引起的少眠多梦，头晕心悸，耳鸣健忘，倦怠无力
冠心丹参片,片剂,活血化瘀，理气止痛。用于冠心病所致的胸闷，胸痹，心悸气短
桃花散,散剂,清肺宁嗽。用于肺热咳嗽，气喘痰鸣，烦渴等症
珠黄散,散剂,清热解毒，祛腐生肌。用于咽喉肿痛糜烂，口腔溃疡久不收敛
桂圆琼玉冲剂,颗粒剂,补益心脾，养血安神，补养肝肾，养阴黑发。用于气阴不足，津枯赢瘦，劳伤失血，心悸，头昏眼花，健忘，失眠，须发早白等症
哮喘宁片,片剂,镇咳定喘，消炎化痰。用于支气管哮喘，慢性咳嗽，气急
健身长春膏,膏剂,补气血，养肝肾。用于气血不足，肝肾阴虚，神疲乏力，头晕眼花，耳鸣心悸，失眠，记忆力减退
健身消导冲剂,颗粒剂,健脾理气，和胃化滞。用于小儿消化不良，食欲不振
健脾资生丸,丸剂,补益脾胃，消食止泻。用于脾胃虚弱，消化不良，脘腹闷胀，慢性腹泻
消炎片,片剂,抗菌消炎。用于呼吸道感染，发热，肺炎，支气管炎，咳嗽有痰，疖肿等
消核膏,膏剂,解毒，消肿，散结。用于无名肿毒，痈疽发背，痰核瘰疬
消咳喘（糖浆）,糖浆剂,止咳，祛痰，平喘。用于慢性支气管炎及感冒咳嗽等
消咳喘片,片剂,止咳，祛痰，平喘。用于慢性支气管炎及感冒咳嗽等
消积丸,丸剂,消积行滞。用于食积，肉积，水积，气积
消痔栓,栓剂,收敛，消肿，止痛，止血。用于内外痔疮
消喘膏,膏剂,止咳祛痰，降气除湿，解痉平喘。用于哮喘，喘息型气管炎，支气管哮喘，肺气肿
消瘰夏枯草膏,膏剂,清火化痰，调气散结。用于瘰疬，痰核
润肌皮肤膏,膏剂,消斑，燥湿，活血。用于皮肤疮癣，粉刺疙瘩，酒糟赤鼻，雀斑，汗斑，白癜风，湿毒脚气
润肺止嗽丸,丸剂,润肺定喘，止嗽化痰。用于肺气虚弱引起的咳嗽喘促，痰涎壅盛，久嗽声哑
海蛤散,散剂,化痰清肝。用于肝火毒盛所致的咳嗽痰多等症
益气聪明丸,丸剂,益气升阳，聪耳明目。用于视物昏花，耳聋耳鸣
益肝乐冲剂,颗粒剂,清热利湿，舒肝解郁，扶正固本。用于湿热蕴蒸，身目俱黄，或两胁胀满疼痛，体倦懒食，溲赤便溏，舌苔黄腻等，西医诊断为急性黄疸型和非黄疸型肝炎、慢性迁延型肝炎等症
益坤丸,丸剂,补气养血，调经散寒。用于气虚血衰引起的月经不调，行经腹痛，宫寒带下，腰酸体倦
益髓冲剂,颗粒剂,益精填髓，补肾壮阳。用于脊髓空洞症及其它脊髓疾患等症引起的腰酸腿软，肌肉萎缩疼痛，冷热感迟钝，目眩耳鸣等症
通脉冲剂,颗粒剂,活血通脉。用于缺血性心脑血管疾病，动脉硬化，脑血栓，脑缺血，冠心病，心绞痛
通窍散,散剂,芳香开窍，避秽醒脑。用于中暑中恶引起的关窍不通，气闭昏厥，神志不清，四肢厥冷
培坤丸,丸剂,补气血，滋肝肾。用于妇女血亏，消化不良，月经不调，赤白带下，小腹冷痛，气血衰弱，久不受孕
理气舒心片,片剂,解肝郁，行气滞，祛胸痹。用于气滞血瘀症冠心病，心绞痛，心律不齐，气短腹胀，胸闷心悸
黄疸茵陈冲剂,颗粒剂,清热利湿，退黄疸。用于治疗急、慢性黄疸型传染性肝炎
偏瘫复原丸,丸剂,补气活血，祛风化痰。用于气虚血瘀、风痰阻络引起的中风瘫痪，半身不遂，口眼歪斜，痰盛气亏，言语不清，足膝浮肿，行步艰难，筋骨疼痛，手足拘挛
康复灵药膏,膏剂,清热解毒，燥湿杀虫，收敛止痒。用于外阴瘙痒，外阴溃疡
鹿尾补肾丸,丸剂,补肾填精，强筋壮骨，益气补血。用于肾虚精亏，气血虚弱，头晕眼花，健忘遗泄，腰酸腿痛等症
鹿筋壮骨酒,酒剂,祛风除湿，舒筋活血。用于四肢麻木，风湿性关节炎
痔疮栓,栓剂,清热通便，止血，消肿止痛，收敛固脱。用于各期内痔、混合痔之内痔部分，轻度脱垂等
惊风丸,丸剂,清热，镇惊，祛风，化痰。用于小儿惊风，四肢抽搐，牙关紧闭，痰盛气促
清血内消丸,丸剂,清热祛湿，消肿败毒。用于脏腑积热，风湿毒热引起的疮疡初起，红肿坚硬，痈疡不休，憎寒发热，大便秘结
清眩片,片剂,散风解热。用于风热头晕目眩，偏正头痛，鼻塞牙痛
清眩治瘫丸,丸剂,活血降压，化痰熄风。用于肝阳上亢，肝炎内炽引起的头目眩晕、项强脑胀，胸中闷热，惊恐虚烦，半身不遂，口眼歪斜，痰涎壅盛，言语不清，血压升高
清胰利胆冲剂,颗粒剂,行气解郁，活血止痛，舒肝利胆，解毒通便。用于急性胰腺炎，急性胃炎等症
清热利胆冲剂,颗粒剂,清热利湿，消炎利胆。用于胆囊炎，胆结石伴胆囊炎
清热神芎丸,丸剂,通便泻火，消肿止痛。用于牙痛，便秘，目赤鼻肿
清热治痢丸,丸剂,清热止痢。用于湿热痢（菌痢），热泻
羚竺散,散剂,清热解毒，宣肺化痰，镇惊。用于热毒壅肺引起的肺炎，支气管炎等
绿雪,散剂,清热解毒，镇惊安神。用于外感时邪引起的高烧神昏，头痛脑胀，咽痛口渴，面赤眼肿，大便燥结，小儿急热惊风
紫归治裂膏,膏剂,活血、生肌、止痛。用于手足皲裂
紫河车胶囊,胶囊剂,温肾补精，益气养血。用于虚劳赢瘦，骨蒸盗汗，咳嗽气喘，食少气短，阳痿遗精，不孕少乳
紫蔻丸,丸剂,温中行气，健胃消食。用于寒郁气滞或饮食所致的消化不良，恶心呕吐，嗳气吞酸，胀满，胃脘疼痛
喘咳宁片,片剂,止咳平喘。用于内素有里热，外又感受风寒所致的咳喘病
喉症丸,丸剂,清热解毒，消肿止痛。用于咽炎、喉炎、扁桃腺炎及一般疮疖
喉痛灵片,片剂,清热，解毒，消炎，清咽喉。用于咽喉炎，急性化脓性扁桃体炎，感冒发热，上呼吸道炎，疮疖
蛤蚧治痨丸,丸剂,滋肾补肺，止咳抗痨。用于肺痨，潮热，盗汗，咳嗽，咯血
黑归脾丸,丸剂,补益心脾，养血安神。用于气血两亏，体力衰弱，惊悸不寐，崩漏便血
舒痔丸,丸剂,凉血止血，清热导滞。用于痔疮出血，肛门肿痛，大便干燥，脱肛下坠
温六散,散剂,祛暑散寒，除呕止泻。用于暑月受寒，呕吐泄泻
强力天麻杜仲胶囊,胶囊剂,散风活血，舒筋止痛。用于中风引起的筋脉掣痛，肢体麻木，行走不便，腰腿酸痛，头痛头昏等
强筋英雄丸,丸剂,祛风除痰，强筋壮骨。用于左瘫右痪，筋骨疼痛，风湿麻木，腰膝痿软
稚儿灵冲剂,颗粒剂,益气健脾，补脑强身。用于小儿厌食，面黄体弱，夜寝不宁，睡后盗汗等症
脾胃舒丸,丸剂,舒肝理气，健脾和胃，消积化食。用于消化不良，不思饮食，胃脘嘈杂，腹胀肠鸣，恶心呕吐，大便溏泻，胁肋胀痛，急躁易怒，头晕乏力，失眠多梦等症。对慢性胃炎，慢性肝炎，早期肝硬化出现上述症候者有效
解肌清肺丸,丸剂,解肌退热，清肺化痰。用于风热感冒，烦热口渴，咳嗽气喘，咳痰黄稠，咽喉肿痛，大便燥结
解郁安神冲剂,颗粒剂,舒肝解郁，安神定志。用于情志不舒，肝郁气滞等精神刺激所致的心烦，焦虑、失眠、健忘、更年期症候群，神经官能症等
痹痛酊,酊剂,祛风通络，消肿止痛。用于急、慢性风湿性关节炎
截疟七宝丸,丸剂,行气化滞，除湿截疟。用于宿食停水，脾失和引起的疟疾、胸胁满闷，不思饮食，肢体酸痛，寒热交作
镇痫片,片剂,镇心安神，豁痰通窍。用于癫狂心乱，痰迷心窍，神志昏迷，四肢抽搐，口角流涎
震灵丸,丸剂,固涩冲任，止血定痛。用于崩漏，吐血，咳血，便血，尿血
橘红片,片剂,清肺，化痰，止咳。用于咳嗽痰多，痰不易出，胸闷口干
橘红冲剂,颗粒剂,清肺，化痰，止咳。用于咳嗽痰多，痰不易出，胸闷口干
橘红枇杷片,片剂,止咳祛痰。用于咳嗽痰多
醒脑再造丸,丸剂,化痰醒脑，祛风活络。用于神志不清，语言謇涩，肾虚痿痹，筋骨酸痛，手足拘挛，半身不遂
醒脑再造胶囊,胶囊剂,化痰醒脑，祛风活络。用于神志不清，语言謇涩，口角流涎、肾虚痿痹，筋骨酸痛，手足拘挛，半身不遂及脑血栓形成的恢复期和后遗症
癣药膏,膏剂,活血祛毒，杀虫止痒。用于皮肤湿毒，身面刺痒，牛皮恶癣，干湿疥癣，金钱癣，搔痒成疮，溃流脓水，浸淫作痛。
十五制清宁丸,丸剂,清理胃肠，泻热通便。用于胃肠积热，饮食停滞，腹胁胀满，头晕口干，大便秘结
丁桂温胃散,散剂,温胃散寒，行气止痛。用于寒性脘痛及寒性腹痛
八宝散,散剂,生肌敛疮。用于溃疡久不收口
八珍袋泡茶,茶剂,补气益血。用于气血两虚，面色萎黄，食欲不振，四肢乏力，月经过多
九气心痛丸,丸剂,理气，散寒，止痛。用于胃脘疼痛，两胁胀痛，症瘕积聚
九味羌活片,片剂,解表除湿。用于恶寒发热，无汗，头痛口干，肢体酸痛
九味羌活冲剂,颗粒剂,解表除湿。用于恶寒发热，无汗，头痛口干，肢体酸痛
九制豨签草药酒,酒剂,活血补肾、祛风除湿。用于肝肾不足，骨痛膝弱，四肢麻痹，腰酸腿痛，手足无力，口眼歪斜，语言謇涩
三仁合剂,口服液,宣化畅中，清热利湿。用于湿温初起，邪留气分，尚未化燥，暑温夹湿，头痛身重，胸闷不饥，午后身热，舌白不渴
三肾丸,丸剂,补肾益精，温壮元阳。用于肾精亏损，元阳不足所致的阳痿滑精，腰膝酸冷，气短神疲
大山楂冲剂,颗粒剂,开胃消食。用于食欲不振，消化不良，脘腹胀闷
万灵五香膏,膏剂,活血通络，消肿止痛。用于风湿痹症，关节肿痛，筋骨酸楚，跌打损伤，骨折瘀阻，陈伤隐痛
口疳吹药,散剂,清火消肿。用于咽喉红肿，口舌肿痛，风火牙疳
川贝末胶囊,胶囊剂,清热润肺，化痰止咳。用于肺热燥咳，干咳少痰，阴虚劳嗽，咯痰带血
川芎茶调片,片剂,疏风止痛。用于风邪头痛，或有恶寒、发热、鼻塞
川芎茶调冲剂,颗粒剂,疏风止痛。用于风邪头痛，或有恶寒、发热、鼻塞
女宝胶囊,胶囊剂,调经止血，温宫止带，逐瘀生新。用于月经不调，行经腰腹疼痛，四肢无力，带下，产后腹痛
小儿止咳糖浆,糖浆剂,祛痰，镇咳。用于小儿感冒引起的咳嗽
小儿牛黄清肺片,片剂,清热，化痰，止咳。用于内热咳嗽，支气管炎，百日咳，肺炎
小儿积散,散剂,驱虫止痛，健脾益气。用于小儿蛔虫、绕虫等症之腹痛、面黄、体弱、偏食、食滞疳积、肛门瘙痒等
小儿参术健脾丸,丸剂,开胃，健脾，止泻。用于小儿脾胃虚弱，消化不良，面黄肌瘦，精神不振
小儿脐风散,散剂,清热驱风，镇惊祛痰。用于初生小儿胎火内热引起的睡卧易惊，啼哭不安，身热面赤，咳嗽痰多，大便不通，惊风抽搐
小儿消食片,片剂,消食化滞，健脾和胃。用于脾胃不和，消化不良，食欲不振，便秘，食滞，疳积
小儿清热灵,颗粒剂,清热解毒，利咽止咳。用于感冒发热，咽喉肿痛，咳嗽气喘，神烦惊搐
小儿鼻炎片,片剂,散风，清热。用于小儿慢性鼻炎
小儿腹泻宁,口服液,补气健脾，和胃生津。用于小儿腹泻呕吐，肌热口渴，消化不良，消瘦倦怠，舌淡苔白
小儿镇惊散,散剂,镇惊解热。用于小儿急热惊风，痰涎壅盛
小半夏合剂,口服液,止呕，降逆。用于水停中脘，胃气上逆，呕吐不渴
小青龙冲剂,颗粒剂,解表化饮，止咳平喘。用于风寒水饮，恶寒发热，无汗，喘咳痰稀
马齿苋片,片剂,抗菌消炎。用于肠道感染，肠炎、菌痢
开胃健脾丸,丸剂,开胃健脾。用于脾胃不和，消化不良，食欲不振，嗳气吞酸
天麻头风灵胶囊,胶囊剂,滋阴潜阳，祛风，强筋骨。用于顽固性头痛，长期手足麻木，慢性腰腿酸痛
止痢冲剂,颗粒剂,清热解毒，理气止痢。用于急性痢疾
中华肝灵胶囊,胶囊剂,舒肝健脾，理气止痛，活血化瘀，软坚散结。用于肝郁气滞血阻，积聚不消，两胁胀痛，食少便溏，舌有瘀斑，脉沉涩无力者
升血膏,膏剂,益气养血。用于小儿贫血，面色萎黄，头晕乏力等症
仁丹,丹剂,清暑开窍，辟秽排浊。用于中暑呕吐，烦躁恶心，胸中满闷，头目眩晕，晕车晕船，水土不服
水陆二味片,片剂,涩精，止带。用于肾虚，精关不固，男子滑精，妇女白带
玉液消渴冲剂,颗粒剂,益气滋阴。用于糖尿病消渴乏力，口渴多饮，多尿症
归麻止痛膏,膏剂,活血止痛，祛风除湿，抗炎消肿。用于风湿痹痛，关节痛，跌打损伤
四方胃片,片剂,制酸止痛。用于胃痛，胃酸过多，消化不良，胃及十二指肠溃疡
四妙丸,丸剂,清热利湿。用于湿热下注，足膝红肿，筋骨疼痛
生肌八宝散,散剂,生肌收敛。用于疮疡溃烂，腐肉将尽，疮口不收
白灵片,片剂,活血化瘀，增加光敏作用。用于白癜风
白虎合剂,口服液,清热生津。用于高热大汗，口干舌燥，烦渴引饮
瓜子锭,丹剂,平肝，镇惊，化痰。用于小儿痰喘，手足搐搦
外搽白灵酊,酊剂,活血化瘀，增加光敏作用。用于白癜风
幼泻宁冲剂,颗粒剂,健脾利湿，温中止泻。用于小儿脾失健运消化不良引起的腹泻
芒果止咳片,片剂,宣肺化痰，止咳平喘。用于咳嗽，气喘，多痰
壮血片,片剂,补气血，通经络，壮筋骨，健脾胃。用于贫血，病后体质虚弱，腰膝酸痛，妇女带下，月经不调
壮血药酒,酒剂,补气血，通经络，壮筋骨，健脾胃。用于贫血，病后体质虚弱，腰膝酸痛，妇女带下，月经不调
吊筋药,散剂,舒筋活血，消肿止痛。用于内气扭筋，局部肿痛
伐木丸,丸剂,健脾燥湿，杀虫，补血。用于面色萎黄，浮肿，心悸气短，疲倦乏力，大便溏薄，舌淡苔薄，脉象濡细的黄胖病
伤科跌打片,片剂,活血散瘀，消肿止痛。用于跌打损伤，伤筋动骨，瘀血肿痛，闪腰岔气
伤湿解痛膏,膏剂,祛风除湿，化瘀止痛。用于风寒湿邪所致之筋骨痛，肩酸腰痛，关节痛，跌打损伤等
血府逐瘀胶囊,胶囊剂,活血祛瘀，行气止痛。用于瘀血内阻，头痛或胸痛，内热烦闷，失眠多梦，心悸怔忡，急躁善怒
安中片,片剂,温中散寒，理气止痛，和胃止呕。用于胃脘疼痛，慢性胃炎，胃酸过多，胃及十二指肠溃疡
安胃胶囊,胶囊剂,制酸，止痛。用于胃及十二指肠溃疡，慢性胃炎
安络痛片,片剂,通经活络，活血止痛。用于坐骨神经痛，三叉神经痛，风湿性关节痛等
安络痛药酒,酒剂,通经活络，活血止痛。用于坐骨神经痛，三叉神经痛，风湿性关节痛等
防芷鼻炎片,片剂,清热消炎，祛风通窍。用于治疗慢性鼻炎引起的喷嚏、鼻塞、头痛，过敏性鼻炎，慢性鼻窦炎
如意定喘丸,丸剂,宣肺定喘，止咳化痰，益气养阴。用于肺气阴两虚所致的支气管哮喘，虚劳久咳，肺气肿，肺心病
如意定喘片,片剂,宣肺定喘，止咳化痰，益气养阴。用于肺气阴两虚所致的支气管哮喘，虚劳久咳，肺气肿，肺心病
妇科止血灵,颗粒剂,补肾敛阴，固冲止血。用于妇女功能性子宫出血
妇科调经片,片剂,养血，调经，止痛。用于月经不调，经期腹痛
麦味地黄片,片剂,滋肾养肺。用于肺肾阴亏，潮热盗汗，咽干咳血，眩晕耳鸣，腰膝酸软，消渴
芪枣冲剂,颗粒剂,益气补血，健脾和胃。用于白细胞减少症及病后体虚，肝脏亏损所致的免疫力下降等症
苏南山肚痛丸,丸剂,行气止痛。用于肚痛，食滞腹痛，胃气痛，月经痛，小肠疝气痛，胁痛
杏苏二陈丸,丸剂,疏风解表，化痰止咳，理气舒郁。用于风寒感冒，鼻塞头痛及外感风寒引起的咳嗽
杏苏感冒冲剂,颗粒剂,疏风散寒，化痰止咳。用于风寒外感，鼻塞头痛，咳嗽多痰，胸闷
杞菊地黄片,片剂,滋肾养肝。用于肝肾阴亏，眩晕耳鸣，羞明畏光，迎风流泪，视物昏花
扶正养阴丸,丸剂,扶正养阴。用于虚损劳伤，潮热咳嗽
肖金丹,丹剂,散结消肿，化瘀止痛。用于阴疽初起，皮色不变，肿硬作痛，多发性脓肿，甲状腺瘤，淋巴结炎，淋巴结结核，慢性囊性乳腺病
肠痢宁片,片剂,清热止痢。用于湿热痢疾，热泻
龟鹿宁神丸,丸剂,健脾益气，补血养心。用于惊悸失眠，精神恍惚，目眩耳鸣
补肾养血丸,丸剂,补肝肾，益精血。用于身体虚弱，血气不足，遗精，须发早白
尿感宁冲剂,颗粒剂,清热解毒，通淋利尿，抗菌消炎。用于急慢性尿路感染
陈夏六君子丸,丸剂,补脾健胃，理气化痰。用于脾胃虚弱，食少不化，腹胀胸闷，气虚痰多
附桂风湿膏,膏剂,祛风除湿，散寒止痛。用于四肢麻木，腰腿疼痛，跌打损伤等症
板蓝根糖浆,糖浆剂,清热解毒，凉血利咽，消肿。用于扁桃体炎，腮腺炎，咽喉肿痛，防治传染性肝炎、小儿麻疹等
知柏地黄片,片剂,滋阴降火。用于阴虚火旺，潮热盗汗，口干咽痛，耳鸣遗精，小便短赤
金刚丸,丸剂,生精补肾。用于肾虚精亏引起的筋骨痰软，腰膝酸痛，四肢乏力
金果饮,口服液,养阴生津，清热利咽，润肺开音。用于急慢性咽喉炎（喉痹），也可用于放疗引起的咽干不适
炎宁冲剂,颗粒剂,清热解毒，消炎止痢。用于上呼吸道感染，扁桃体炎，尿路感染，急性菌痢，肠炎
宝珍膏,膏剂,除湿祛风，温经行滞。用于风寒湿痹，腰膝酸软，跌打损伤及筋脉拘挛疼痛等
参茸保胎丸,丸剂,补血安胎。用于身体虚弱，腰膝酸痛
珍合灵片,片剂,养心安神。用于心悸、失眠等
珍珠胃安丸,丸剂,和中宽胃，行气止痛。用于治疗胃、十二指肠溃疡
枳实消痞丸,丸剂,化湿热，消痞满。用于湿热交蒸，胸腹痞痛
柏子仁丸,丸剂,养心安神，和胃固卫。用于阴虚火旺，夜寐不安，盗汗
厚朴温中丸,丸剂,温中行气，燥湿除满。用于脾胃寒湿，脘腹胀满，时作疼痛，泛吐清水，食少便溏
胃宁散,散剂,和胃止痛。用于胃胀，腹痛，消化不良
骨炎灵片,片剂,补益气血，清热解毒，消肿止痛。用于骨髓炎，开放骨折感染及虚人痈疡
骨痛药酒,酒剂,祛风定痛，舒筋活络。用于筋骨酸痛，关节不利，四肢酸麻
香云肝泰片,片剂,滋补强壮，扶正固本，益胃增食。用于黄疸胁痛，积聚，体质虚弱，倦怠乏力，面色不华，大便不实，舌质淡，脉细弱者，慢性迁延性肝炎，慢性活动性肝炎及肿瘤的综合治疗
香云肝泰冲剂,颗粒剂,滋补强壮，扶正固本，益胃增食。用于黄疸胁痛，积聚，体质虚弱，倦怠乏力，面色不华，大便不实，舌质淡，脉细弱者，慢性迁延性肝炎，慢性活动性肝炎及肿瘤的综合治疗
香砂六君片,片剂,益气健脾，和胃。用于脾虚气滞，消化不良，嗳气食少，脘腹胀满，大便溏泄
香砂胃苓丸,丸剂,祛湿运脾，行气和胃。用于水湿内停之呕吐，泄泻，浮肿，眩晕，小便不利等症
复方南板蓝根片,片剂,消炎解毒。用于腮腺炎、咽炎、乳腺炎，疮疖肿痛
复方南板蓝根冲剂,颗粒剂,消炎解毒。用于腮腺炎、咽炎、乳腺炎，疮疖肿痛
复方胆通片,片剂,清热利胆，解痉止痛。用于急、慢性胆囊炎，胆管炎，胆囊、胆道结石合并感染，胆囊术后综合症，胆道功能性疾患等
复方胆通胶囊,胶囊剂,清热利胆，解痉止痛。用于急、慢性胆囊炎，胆管炎，胆囊、胆道结石合并感染，胆囊术后综合症，胆道功能性疾患等
复方首乌地黄丸,丸剂,滋阴补肾，乌须黑发，壮筋骨。用于腰膝酸软，头痛眩晕，须发早白
复方首乌补液,口服液,补肝肾，益气血，健脾胃。用于肝肾亏损，脾胃虚弱，气血不足，头晕目眩，健忘失眠，贫血萎黄，肢酸乏力，食少或便溏
复方海蛇酊,酊剂,驱风除湿散寒，活血通络止痛。用于风湿性关节炎，慢性腰腿痛，腰肌劳损等
复方桑菊感冒片,片剂,散风清热，利咽止咳。用于风热感冒引起的发热，头晕，咳嗽，咽干，喉痛
复方桑菊感冒冲剂,颗粒剂,散风清热，利咽止咳。用于风热感冒引起的发热、头晕、咳嗽、咽干、喉痛
保胎无忧片,片剂,安胎，养血。用于闪挫伤胎，习惯性小产，难产
疮炎灵软膏,膏剂,排脓活血，消肿解毒。用于疮疖，乳痈，丹毒，红丝疔等
活血解毒丸,丸剂,解毒消肿，活血止痛。用于肺腑毒热，气血凝结引起的痈毒初起，乳痈乳炎，红肿高大，坚硬疼痛，结核，疔毒恶疮，无名肿毒
活络止痛丸,丸剂,活血舒筋，驱风除湿。用于风湿关节痹痛，肢体游走痛，手足麻木酸软
养阴降糖片,片剂,养阴益气，清热活血。用于糖尿病
养荣丸,丸剂,温补气血。用于气血两亏，神倦乏力，食减便溏
前列通片,片剂,清热解毒，清利湿浊，理气活血，消炎止痛，祛瘀通淋。用于急性前列腺炎、前列腺增生
神犀丹 ,丹剂,凉血解毒，清心开窍。用于湿温暑疫，高热不退，痉厥昏狂，谵语发斑
冠通片,片剂,增加冠状动脉血流量，降低冠状动脉阻力，减少心肌耗氧量，并有降低血压的作用。用于冠状动脉粥样硬化，心肌梗塞，心绞痛及高血压等
珠黄消疳散,散剂,清热解毒。用于咽喉肿痛，口臭牙疳，齿龈溃烂，牙缝出血
珠黄八宝散,散剂,清热解毒，生肌收口。用于痈疽，疔毒及疮疡，溃后久不收口
桂枝合剂,口服液,解肌发表，调和营卫。用于外感风邪，头痛发热，鼻塞干呕，汗出恶风
损伤止痛膏,膏剂,祛风活络，消肿止痛。用于风湿痹痛及跌打损伤、扭伤、瘀血肿痛
损伤接骨药膏,膏剂,散瘀、消肿，活血止痛，舒筋续骨。用于陈旧性跌打损伤，筋骨折伤
健康补肾酒,酒剂,补肾益脾，强健腰膝。用于脾肾虚弱，腰膝酸软，年老体虚，精神疲倦
健脾八珍糕,茶剂,健脾益胃。用于老年、小儿及病后脾胃虚弱，消化不良，面色萎黄，腹胀便溏
健脾糖浆,糖浆剂,健脾开胃。用于脾胃虚弱，脘腹胀满，食少便溏
健儿消食口服液,口服液,健脾益胃，理气消食。用于小儿饮食不节损伤脾胃引起的纳呆食少，脘胀腹满，手足心热，自汗乏力，大便不调，以至厌食、恶食等症
息咳糖浆,糖浆剂,镇咳，祛痰。用于感冒及其他呼吸道感染引起的咳嗽，多痰气急等症
豹骨活络丸,丸剂,舒筋活络，散风祛湿，止痛。用于腰膝疼痛，筋骨无力，步行艰难，手足麻木
脑灵片,片剂,补气血，养心肾，健脑安神。用于神经衰弱，健忘失眠，头晕心悸，身体无力，体虚自汗，阳痿遗精
益气止血冲剂,颗粒剂,益气，止血，固表，健脾。用于咯血、吐血，久服可预防感冒
益母调经丸,丸剂,理气和血，调经止血。用于气郁血滞，月经不调，经来腹痛，崩漏白带
益胃膏,膏剂,和胃缓急，理气止痛。用于胃及十二指肠溃疡病及慢性胃炎
益脑胶囊,胶囊剂,补气养阴，滋肾健脑，益智安神。用于神经衰弱，脑动脉硬化引起的体倦头晕，失眠多梦，记忆力减退等属于心肝肾不足，气、阴两虚患者
益虚宁片,片剂,养阴益气，补血安神。用于失眠少寝、头发脱落，耳鸣头晕、腰痛腿软
资生丸,丸剂,健脾开胃，消食止泻。用于脾虚不适，胃虚不纳，神倦力乏，腹满泄泻
消炎止咳片,片剂,消炎，镇咳，化痰，定喘。用于咳嗽痰多，胸满气逆，气管炎
消炎退热冲剂,颗粒剂,清热解毒，凉血消肿。用于感冒发热，上呼吸道感染，咽喉肿痛及各种疮疖肿痛
润肠丸,丸剂,润肠通便。用于实热便秘
海呋龙散,散剂,杀菌，消炎，收敛止痛。用于耳廓湿疹，外耳道炎及创伤出血
海蛇药酒,酒剂,祛风除湿，舒筋活络，强身壮骨。用于肢体麻木，腰膝酸痛，风寒湿痹
桑枝膏,膏剂,祛风活络。用于四肢关节酸痛
桑菊感冒丸,丸剂,疏风清热，宣肺止咳。用于风热感冒初起，头痛，咳嗽，口干，咽痛
桑菊感冒合剂,口服液,疏风清热，宣肺止咳。用于风热感冒初起，头痛，咳嗽，口干，咽痛
桑麻丸,丸剂,滋养肝肾，祛风明目。用于肝肾不足，头晕眼花，视物不清，迎风流泪
绛矾丸,丸剂,运脾化湿。用于黄胖病，心悸气促，肢体懈懒，或能食而无力，或嗜食香物及生米
理中丸 ,丸剂,温中散寒，健胃。用于脾胃虚寒，呕吐泄泻，胸满腹痛，消化不良
黄柏胶囊,胶囊剂,清热燥湿，泻火除蒸，解毒疗疮。用于湿热泻痢，黄疸，带下，热淋，脚气，痿躄，骨蒸劳热，盗汗，遗精，疮疡肿毒，湿疹瘙痒
萸连片,片剂,泻火止痛。用于脘胁疼痛，嗳气吐酸，大便热泻
梅苏冲剂,颗粒剂,清解暑热，生津止渴。用于感冒暑热引起的口渴、咽干、胸中满闷，头目眩晕
野马追糖浆,糖浆剂,止血。用于各种出血病症
蛇胆陈皮片,片剂,顺气除痰，祛风健胃。用于风痰咳嗽，气逆反胃
蛇胆追风丸,丸剂,舒筋活络，散风化痰。用于筋骨软弱，风湿骨痛，手足麻木
银菊清解片,片剂,辛凉透表，清热解毒。用于外感风热，发热恶寒，头痛咳嗽，咽喉肿痛
痔速宁片,片剂,解毒消炎，止血止痛，退肿通便，收缩痔核。用于内痔，外痔，混合痔，肛裂等
清胃保安丸,丸剂,消食化滞，和胃止呕。用于小儿停食停乳，肚腹胀满，呕吐，心烦口渴，不思饮食
清肺宁嗽丸,丸剂,清肺、止咳、化痰。用于肺热咳嗽，痰多粘稠
清热明目茶,茶剂,清热祛风，平肝明目。用于高血压、头眩、头痛、目赤目糊等症
羚珠散,散剂,退热、镇静、定惊。用于小儿外感发热、神态不安，咳嗽有痰；对风热感冒、乳蛾（扁桃体炎）、风痧、水痘、痄腮等病毒性感染疗效更佳
维血宁冲剂,颗粒剂,滋补肝肾，凉血清热。用于血小板减少症及血热所致的出血
绿袍散,散剂,清热消肿，化腐解毒。用于唇舌腐烂，咽喉红肿
琼玉膏,膏剂,补虚健脾。用于气阴不足，肺虚干咳，津枯形瘦，劳损失血
斑秃丸,丸剂,滋补肝肾，益精养血，祛风生发。用于斑秃、全秃、普秃
葛蒡合剂,口服液,辛凉透表。用于风热感冒，头痛发热，咳嗽咽痛及麻疹初期或出疹不透
景天三七糖浆,糖浆剂,止血。用于各种出血病症
跌打风湿药酒,酒剂,活血祛风，化瘀止痛。用于跌打撞伤，积瘀肿痛，手脚麻痹
跌打损伤丸,丸剂,行气活血，舒筋止痛。用于跌打损伤，筋骨疼痛
喉疾灵胶囊,胶囊剂,清热，解毒，散肿止痛。用于腮腺炎，扁桃体炎，急性咽炎，慢性咽炎急性发作及一般喉痛
喉康散,散剂,清热解毒，消炎止痛。用于各种咽喉疾患，如急性、慢性咽炎，喉炎，扁桃体炎，口腔溃疡等
喉痛灵冲剂,颗粒剂,清热，解毒，消炎，利咽喉。用于咽喉炎，急性化脓性扁桃体炎，感冒发热，上呼吸道炎，疔疮等
鹅毛管眼药,散剂,散风热，止痛痒。用于风火眼疾，红肿痛痒，干涩羞明，迎风流泪
焦楂化滞丸,丸剂,消食宽中，理气消胀。用于饮食停滞，肠胃不和，气滞不舒，膨闷胀饱
舒肝健胃丸,丸剂,疏肝开郁，导滞和中。用于肝胃不和引起的胃脘胀痛，胸胁满闷，呕吐吞酸，腹胀便秘
筋骨疼痛酒,酒剂,祛风除湿，舒筋活血。用于筋骨酸痛，四肢麻木，风湿性关节炎
猴菇饮 ,口服液,养胃和中。用于胃、十二指肠溃疡及慢性胃炎
湿疹散,散剂,清热解毒，祛风止痒，收湿敛疮。用于急、慢性湿疹，脓疱疮等，对下肢溃疡等皮肤病亦具有一定疗效
溃疡灵胶囊,胶囊剂,益气、化瘀、止痛。用于胃及十二指肠溃疡
寒喘膏药,膏剂,温经逐寒，定喘止咳。用于慢性气管炎，哮喘因受寒而发作，气喘咳嗽
强肝丸,丸剂,补脾养血，益气解郁，利湿清热。用于气血不足的肝郁，脾虚肾虚型慢性肝炎
疏风活络丸,丸剂,疏风活络，散寒祛湿。用于风寒湿痹，四肢麻木，关节、腰背酸痛
愈裂贴膏,膏剂,软化角质层，止痛，促进手、足裂口愈合。用于手、足皲裂
腰痛片,片剂,强腰补肾，活血止痛。用于肾虚腰痛，腰肌劳损
解表追风丸,丸剂,祛风解表，健胃和中。用于体虚有风，头晕头痛，不思饮食，胸腹满闷，产妇风气
痰咳清片,片剂,清肺化痰，止咳平喘。用于痰热咳嗽，急慢性气管炎、哮喘
新生化冲剂,颗粒剂,活血、祛瘀、止痛。用于产后恶露不行，少腹疼痛，也可试用于上节育环后引起的阴道流血，月经过多
新复方大青叶片,片剂,清瘟，消炎，解热。用于伤风感冒，发热头痛，鼻流清涕，骨节酸痛
辟瘟片,片剂,辟秽解毒。用于感寒触秽，腹痛吐泻，头晕胸闷
酸枣仁糖浆,糖浆剂,清热泻火，养血安神。用于虚烦不眠，心悸不宁，头目眩晕
精制猴枣散,散剂,清热，化痰，镇惊。用于小儿惊风，痰涎壅盛，气喘痰鸣，烦躁不宁
滴通鼻炎水,酊剂,祛风清热，宣肺通窍。用于伤风鼻塞，鼻窒（慢性鼻炎），鼻鼽（过敏性鼻炎），鼻渊（鼻窦炎）等病
翠莲解毒片,片剂,清热解毒，表散风热。用于风热感冒，高热，头痛，咽喉肿痛及咳嗽等症
蕲蛇药酒,酒剂,活血通络，祛风除湿。用于关节疼痛，四肢麻木
镇心降压片,片剂,降压。用于高血压
鹤蟾片,片剂,解毒除痰，凉血祛瘀，消症散结。用于原发性支气管肺癌，肺部转移癌，能够改善患者的主观症状体征，提高患者体质
鹭鸶咯丸,丸剂,宣肺，化痰，止咳。用于痰浊阻肺引起的阵阵咳嗽，痰鸣气促，咽干声哑，百日咳症
蟾酥镇痛膏,膏剂,消肿散结，消肿止痛。适用于各种肿块的止痛消散，也用于肌肉劳损、骨刺、关节炎等引起的疼痛
麝香关节止痛膏,膏剂,祛风胜湿，活血止痛。用于风湿性关节炎及风寒湿引起的其它疼痛
麝香风湿胶囊,胶囊剂,祛风除湿，活络镇痛。用于风寒湿痹，关节疼痛，手足拘挛
麝香接骨胶囊,胶囊剂,散瘀止痛，续筋接骨。用于跌打损伤，筋伤骨折，瘀血凝结，闪腰岔气
十全大补片,片剂,温补气血。用于气血两虚，面色苍白，气短心悸，头晕自汗，体倦乏力，四肢不温，月经量多。
十灵油,颗粒剂,驱风、局部刺激药。用于伤风，鼻塞，局部冻伤。
七味新消丸,丸剂,清热解毒，消肿止痛。用于急性乳腺炎，丹毒，急性淋巴结炎及各部位的痈等症。
八宝拨云散,散剂,清热散瘀，消云退翳。用于胬肉攀睛，云翳湿痒。
八宝眼药,洗剂,消肿止痛，明目退翳。用于目赤肿痛，眼缘溃烂，畏光怕风，眼角涩痒。
八珍益母片,片剂,补虚益气，养血调经。用于妇女气血两亏，体虚乏力，月经不调。
人参养荣膏,膏剂,温补气血。用于心脾不足，气血两亏，形瘦神疲，食少便溏，病后虚弱。
人参首乌胶囊,胶囊剂,补肝肾，益气血。用于气血虚弱，须发早白，神经衰弱，健忘失眠，食欲不振，疲劳过度等。
三甲散,散剂,软坚化积。用于食积，乳积，痞块。
大风丸,丸剂,舒筋活血，补虚祛风。用于腰腿疼痛，四肢麻木，半身不遂，筋骨酸困。
大补药酒,酒剂,益气补血。用于气血两亏，倦怠，乏力。
大活络丸,丸剂,祛风止痛，除湿豁痰，舒筋活络。用于中风痰厥引起的瘫痪，足萎痹痛，筋脉拘急，腰腿疼痛及跌打损伤，行走不便，胸痹等症。
万灵片,片剂,温散寒凝，活血通络，解毒消肿。用于痈疽初起，发背流注以及风湿疼痛。
川贝银耳糖浆,糖浆剂,养阴清肺，生津止咳。用于肺虚久咳，痰中带血，津伤烦渴。
小儿止泻片,片剂,健脾利水，涩肠止泻。用于脾胃虚弱，腹泻，腹痛。
小儿止泻安冲剂,颗粒剂,健脾和胃，利湿止泻。用于小儿消化不良腹泻，脾虚腹泻。
小儿化食丸,丸剂,消食化滞，泻火通便。用于小儿胃热停食引起的肚腹胀满，恶心呕吐，烦躁口渴，大便干燥。
小儿百乐片,片剂,清热散风，健胃消食。用于感冒伤风，发烧头痛，咽喉红肿，呕吐咳嗽，急热惊风，停食停乳，消化不良。
小儿退热口服液,口服液,疏风解表，解毒利咽。用于小儿风热感冒，发热恶风，头痛目赤，咽喉肿痛，痄腮，喉痹。
小儿健脾止泻丸,丸剂,温中，健脾，止泻。用于小儿脾胃受寒，水泻不止。
小儿康冲剂,颗粒剂,健脾开胃，消食导滞，驱虫止痛，安神定惊。用于食滞虫痢，烦躁不安，精神疲倦，脘腹胀满，面色萎黄。
小儿清咽冲剂,颗粒剂,清热解表，解毒利咽。用于小儿外感风热引起的发热头痛，咳嗽音哑，咽喉肿痛。
小儿清热止咳丸,丸剂,清热，化痰，定喘。用于肺热咳嗽，痰多气喘。
小儿清热片,片剂,清热解毒，祛风镇惊。用于小儿风热，烦躁抽搐，发热口疮，小便短赤，大便不利。
小儿腹泻散,散剂,温中固肠，健脾止泻。用于小儿久泻不止，面色晄白，食欲不振，神倦乏力。
小活络丸,丸剂,祛风除湿，活络通痹。用于风寒湿痹，肢体疼痛，麻木拘挛。
马应龙八宝眼膏,膏剂,退赤，去翳。用于眼睛红肿痛痒，流泪，砂眼，眼睑红烂等。
开胸理气丸,丸剂,理气宽胸，消积导滞。用于气郁不舒，停食停水引起的胸膈痞满，脘腹胀痛，饮食少进，痢疾初起。
天一止咳糖浆,糖浆剂,适用于感冒、咳嗽、多痰、支气管性气喘等症。
五加参精,口服液,补气健脾，安神益智。用于脾肺气虚症，以及病后体虚，精力不足等。
五味香连丸,丸剂,清热燥湿，行气止痛。用于肠胃湿热引起的腹痛腹泻，红白痢疾，脓血相杂，里急后重。
止泻保童冲剂,颗粒剂,健脾止泻，温中化痢。用于小儿脾胃虚弱，寒热凝结引起的水泻痢疾，肚腹疼痛，口干舌燥，四肢倦怠，恶心呕吐，小便不利。
贝母花片,片剂,止咳，化痰。用于咳嗽多痰，支气管炎。
贝母花流浸膏,膏剂,止咳，化痰。用于咳嗽多痰，支气管炎。
牛黄清宫丸,丸剂,清热解毒，镇惊安神，止渴除烦。用于身热烦躁，昏迷不醒，舌赤唇干，谵语狂躁，头痛眩晕，惊悸不安，小儿急热惊风。
风痛丸,丸剂,散风除湿，益气活络。用于经络不和中风引起的半身不遂，牙关紧闭，口眼歪斜，风寒湿痹，筋骨痿弱，四肢麻木，骨节酸痛，气血亏损，腰酸腿软，头目眩晕，手足抽搐。
丹参冲剂,颗粒剂,活血化瘀。用于冠心病引起的心绞痛症。
少林正骨精,口服液,活血祛瘀，消肿止痛，祛风散寒。用于跌打损伤，积瘀肿痛，腰肢麻木，风湿骨病。
心脉通片,片剂,活血化瘀，通脉养心，降压降脂。用于高血压、高脂血症等。
玉泉散,散剂,清火泻热。用于阳明内热，烦渴头痛，二便秘结。
北芪五加片,片剂,益气，健脾，安神。用于体虚乏力，腰膝酸软，失眠多梦，食欲不振等。
归脾膏,膏剂,益气健脾，养血安神。用于心脾两虚，气短心悸，失眠多梦，头昏头晕，肢倦乏力，食欲不振，崩漏便血。
田七跌打风湿软膏,膏剂,活血去瘀，舒筋通络，消肿止痛，祛风除湿。用于软组织挫伤，风湿腰痛，肌腱劳损，以及骨折、脱位引起的软组织损伤。
四制香附丸,丸剂,理气和血，补血调经。用于血虚气滞，月经不调，胸腹胀症。
生肌散,散剂,解毒，生肌。用于疮疔久溃，肌肉不生，久不收口。
生乳灵,颗粒剂,滋补气血，通络下乳。用于气血不足，乳络阻滞引起的乳汁短少，稀薄灰黄。
加味归芪片,片剂,补气，养血。用于气血两亏，气虚体弱，肢体劳倦。
辽源七厘散,散剂,舒筋活血，散瘀止痛。用于跌打损伤，瘀血内停，扭腰岔气，红肿作痛。
发汗解热丸,丸剂,疏散风寒，解表祛湿。用于风寒湿邪引起的感冒，鼻塞流涕，身重恶寒等。
西黄清醒丸,丸剂,清利咽喉，解热除烦。用于肺胃蕴热引起的口苦舌燥，咽喉肿痛，烦躁不安，气滞胸满，头晕耳鸣。
朱氏阿魏消痞膏,膏剂,化痞消积。用于痞块，积聚，胀满疼痛。
竹沥膏,膏剂,清热化痰，止咳平喘。用于咳嗽，咽痛，痰黄粘稠，口舌干燥，气促胸闷，舌边尖红。
伤科八厘散,散剂,祛瘀，活血，止痛。用于跌打损伤，瘀血疼痛，大便秘结。
伤科敷药,散剂,活血祛瘀，消肿止痛。用于跌打损伤，瘀血肿痛。
创灼膏,膏剂,排脓，拔毒，去腐，生皮、长肉。用于烧伤，烫伤，挫裂创口，老烂脚，褥疮，手术后创口感染，冻疮溃烂，慢性湿疹及常见疮疖。
血压平片,片剂,平肝潜阳，通血活络。用于头晕目眩等症。
安阳固本膏,膏剂,温肾暖宫，活血通络。用于女子宫寒不孕，经前腹痛，月经不调；男子精液稀薄，精子少；腰膝冷痛。
安神糖浆,糖浆剂,养血安神。用于贫血体虚，头昏，失眠，腰酸，四肢疲乏。
安嗽化痰丸,丸剂,清肺化痰，润肺止嗽。用于阴虚肺热引起的咳嗽痰盛，气短喘促，咽干口渴，劳伤久嗽，痰中带血。
关节风痛丸,丸剂,祛风，除湿，止痛。用于风湿性筋骨酸痛，关节痛，四肢麻木。
阳春玉液,口服液,滋肾壮阳，添精补髓，益气健脾。用于肾虚阳衰所引起的性功能减退，阳痿早泄，腰背酸痛，畏寒肢冷，神疲乏力，夜尿多频。
如意油,搽剂,驱风，兴奋。适用于伤风鼻塞，局部冻伤。
麦味地黄口服液,口服液,滋肾养肺。用于肺肾阴亏，潮热盗汗，咽干咳血，眩晕耳鸣，腰膝酸软，消渴。
克银丸,丸剂,清热解毒，祛风止痒。用于皮损基底红，舌基底红，便秘，尿黄属血热风燥型的银屑病。
更年宁,口服液,疏肝解郁，益气养血，健脾安神。用于更年期引起的心悸气短，烦躁易怒，眩晕失眠，阵热汗出，胸乳胀痛，月经紊乱等症。
抗扁桃腺炎合剂,口服液,泻热解毒，清利咽喉。用于急性扁桃腺炎，咽喉炎。
状元丸,丸剂,养心滋肾，健脑安神。用于心肾不足，用脑过度引起的失眠健忘，虚烦多梦，心悸不安，目暗耳鸣，精神疲倦。
肚痛丸,丸剂,温中散寒，理气止痛。用于停寒气滞，腹中冷痛，胸胁胀闷，呕逆吐酸。
补肾宁片,片剂,温肾助阳，益气固本。用于肾阳虚衰所致阳痿，对妇女更年期综合症也有一定疗效。
阿胶益寿口服液,口服液,补气养血。用于气血双亏，未老先衰，四肢无力，腰膝酸软，面黄肌瘦，健忘失眠，妇女产后诸虚。
坤宝丸,丸剂,滋补肝肾，镇静安神，养血通络。用于妇女更年期综合症，肝肾阴虚引起的月经紊乱，潮热多汗，失眠健忘，心烦易怒，头晕耳鸣，咽干口渴，四肢酸楚，关节疼痛等症。
枇杷止咳冲剂,颗粒剂,止嗽化痰。用于咳嗽，支气管炎。
刺五加胶囊,胶囊剂,益气健脾，补肾安神。用于脾肾阳虚，体虚乏力，食欲不振，腰膝酸痛，失眠多梦。
拔脓净,搽剂,拔脓去腐，生肌止痛。用于疮疡溃后腐肉不脱，痔疮及慢性瘘道。
鸢都寒痹液,口服液,祛风散寒，舒筋活络。用于风寒湿痹，腰腿肩背疼痛，手足麻木等症。
鸢都感冒冲剂,颗粒剂,清热解表，宣肺止咳。用于风热感冒，头身疼痛，发热恶寒，咽痛咳嗽。
虎骨木瓜丸,丸剂,活血散风，舒筋止痛。用于风寒湿邪引起的四肢疼痛，手足麻木，筋脉拘挛，腰膝无力，步履艰难。
肾宁散胶囊,胶囊剂,消炎，利尿，消除浮肿及尿蛋白。用于急慢性肾盂肾炎，肾小球肾炎。
肾炎片,片剂,清热解毒，利水消肿。用于急慢性肾炎和泌尿道感染。
肾康宁片,片剂,温肾，益气，和血，渗湿。用于慢性肾炎，肾气亏损，肾功能不全所引起的腰酸、疲乏、畏寒及夜尿增多。
明目羊肝丸,丸剂,滋阴明目。用于肝肾衰弱，精血不足，发为青盲，视物昏花，瞳孔散大，两目干涩，迎风流泪，目生内障。
明目蒺藜丸,丸剂,清热散风，明目退翳。用于上焦火盛引起的暴发火眼，云蒙障翳，羞明多眵，眼边赤烂，红肿痛痒，迎风流泪。
和胃平肝丸,丸剂,舒气平肝，和胃止痛。用于肝胃不和，气郁结滞引起的两胁胀满，倒饱嘈杂，气逆作呕，胃脘刺痛，饮食无味。
金佛酒,酒剂,理气解郁，宽胸活血，养血健胃。用于脘闷肋胀，食欲减退，睡眠不佳。
金粟丹,丹剂,疏风化痰，镇惊熄风。用于小儿风痰抽搐。
乳核内消液,口服液,疏肝活血，软坚散结。用于经期乳胀痛有块，月经不调或量少色紫成块及乳腺增生。
肤痒冲剂,颗粒剂,祛风活血，除湿止痒。用于皮肤瘙痒症，湿疹，荨麻疹等瘙痒性皮肤病。
夜宁冲剂,颗粒剂,安神，养心。用于神经衰弱，头昏失眠，血虚多梦等症。
夜宁糖浆,糖浆剂,安神养心。用于神经衰弱，头昏失眠，血虚多梦等症。
疝气丸,丸剂,散寒止痛。用于寒疝、气疝。
定心丸,丸剂,益气养血，宁心安神。用于心血不足，烦躁失眠，健忘怔忡，惊悸多梦。
定喘止嗽丸,丸剂,润肺，定喘，止嗽。用于阴虚肺热，久嗽痰喘，胸满呕逆，咳痰稠粘，夜卧不安，烦躁口渴。
驱虫片,片剂,杀虫、消积、通便。用于虫积腹痛，不思饮食，面黄肌瘦。
参贝北瓜膏,膏剂,平喘化痰，润肺止咳，补中益气。用于哮喘气急，肺虚咳嗽，痰多津少。
参芪丸,丸剂,补益元气。用于气虚体弱，四肢无力。
参桂理中丸,丸剂,温中散寒，祛湿定痛。用于脾胃虚寒，阳气不足引起的腹痛泄泻，手足厥冷，胃寒呕吐，寒湿疝气，妇女血寒，行经腹痛。
绍兴大补酒,酒剂,益气补血。用于气血两亏，倦怠乏力。
珍珠八宝眼药,洗剂,消障明目，止痛退肿。用于红筋，白障，赤肿烂眼，畏日羞明，迎风流泪。
茯苓白术丸,丸剂,健脾益气，和胃化湿。用于脾虚湿困，食欲不振，脘腹胀闷，大便溏烂，形体虚弱，神疲乏力，面色萎黄，舌淡嫩、苔白腻，脉虚缓。
胃肠复元膏,膏剂,益气保元，化瘀去毒，理气通下。用于胃肠手术后腹胀，胃肠活动减弱，老年性慢性便秘，气虚腹胀等症。
胃灵合剂,口服液,健胃和中，制酸，止痛。用于胃炎，胃及十二指肠溃疡。
胃灵冲剂,颗粒剂,健胃和中，制酸，止痛。用于胃炎，胃及十二指肠溃疡。
胃药胶囊,胶囊剂,制酸止痛。用于胃酸过多，胃痛，胃及十二指肠溃疡。
胃病丸,丸剂,健脾化滞，理气止呕。用于脾胃虚弱，消化不良引起的胃脘疼痛，气逆胸满，倒饱嘈杂，嗳气吞酸，呕吐恶心，宿食停水，食欲不振，大便不调。
胃痛丸,丸剂,舒肝和胃，理气止痛。用于胃部疼痛，肝郁气滞，胸胁胀满，恶心呕吐。
骨龙胶囊,胶囊剂,散寒镇痛，活血祛风，强筋壮骨。用于慢性风湿及类风湿性关节炎。
复方白带丸,丸剂,健脾益气，固肾止带。用于脾肾两虚、带下。
复方百部止咳糖浆,糖浆剂,清肺止咳。用于肺热咳嗽，痰黄粘稠，百日咳。
复方杜仲片,片剂,补肾，平肝，清热。用于肾虚肝旺之高血压症。
复方苦木消炎片,片剂,清热解毒，燥湿止痢。用于细菌性痢疾，急性肠炎及各种急性感染性疾患。
复方枇杷叶膏,膏剂,清肺，止咳，化痰。用于风热咳嗽，咽喉干燥，咯痰不爽。
复方制金柑冲剂,颗粒剂,舒肝理气，健胃镇痛。用于胃气痛，腹胀，嗳气及胸闷不舒。
复方罗布麻冲剂,颗粒剂,清热，平肝，安神。用于高血压、神经衰弱引起的头晕，心悸，失眠等症。
复胃散胶囊,胶囊剂,补气健脾，制酸止痛，止血生肌。用于胃酸过多、吐血便血、食减形瘦，胃及十二指肠溃疡等症。
保婴散,散剂,除痰，定惊，清热解毒。用于小儿惊风，痰涎壅盛。
胆乐片,片剂,舒肝利胆，清热解毒，消炎止痛。用于急慢性胆囊炎，胆道结石等胆道疾患。
胎宝胶囊,胶囊剂,补气，养血，填精。用于身体虚弱，先天不足，气虚血亏，自汗、盗汗，产后体虚。
独角莲膏,膏剂,消肿拔毒。用于疔毒疮疖，手足皲裂。
疮疡膏,膏剂,消肿散结，活血化瘀，拔脓生肌。用于慢性下肢溃疡，乳腺炎及疖、痈。
疤痕止痒软化膏,膏剂,活血柔皮，除湿止痒。用于灼伤或手术后的增殖性疤痕等。
洞天长春膏,膏剂,滋补肝肾，补益气血，健脾开胃，养肺生津。用于体质虚弱，病后亏损，头晕目眩，神疲乏力，腰膝酸软等症。
活血消炎丸,丸剂,活血解毒，消肿止痛。用于毒热结于脏腑经络引起的痈疽初起，乳痈结核，红肿作痛。
养血安神片,片剂,滋阴养血，宁心安神。用于阴虚血少，头眩心悸，失眠健忘。
养血愈风酒,酒剂,养血祛风。用于感受风湿，血脉不利，四肢酸麻，筋骨疼痛。
姜冲剂,颗粒剂,暖脾胃，散风寒。用于胃寒，心腹冷痛，胀满或外感风寒。
冠心生脉丸,丸剂,益气生津，活血通脉。用于心气不足，心阴虚弱引起的心血瘀阻，心悸气短，胸闷作痛，自汗乏力，脉微结代；冠心病，心绞痛，心律不齐。
祛风化痰丸,丸剂,顺气化痰。用于痰壅气闭，狂癫痫症，语言错乱，神昏不语，胸膈不利，头眩耳鸣，哮喘咳嗽。
热炎宁冲剂,颗粒剂,清热解毒。用于风热感冒，发热，咽喉肿痛，口苦咽干，咳嗽痰黄，尿黄便结，化脓性扁桃体炎，急性咽炎，急性支气管炎，单纯性肺炎。
柴黄清热冲剂,颗粒剂,疏风透表，清热解毒。用于外感风热或时疫瘟邪引起的恶寒高热，头痛眩晕，肢体酸痛，咽喉肿痛，烦躁口渴，口苦喜呕。
鸬鹚涎丸,丸剂,清肺，化痰，止咳。用于小儿百日咳。
铁娃散,散剂,清热化滞。用于小儿内热，停食停乳引起的腹胀身热，呕吐痰涎，四肢抽搐，大便秘结。
秘制舒肝丸,丸剂,舒肝，解郁，止痛。用于气郁不舒引起的两胁胀满，胃脘刺痛，嗳气吞酸，呕吐酸水，四肢抽痛，倒饱嘈杂，不思饮食。
透骨镇风丸,丸剂,疏风散寒，温通经络。用于风寒湿邪、痹阻经络引起的腰背疼痛，肢体麻木，筋骨软弱，半身不遂，跌打损伤，瘀血肿痛。
健儿片,片剂,扶正祛邪，固表止汗，健脾和胃。用于脾胃弱引起的少食，多汗，睡眠不宁。
健脾壮腰药酒,酒剂,补气养血，健脾补肾，通经活络。用于气血不足，纳食不佳，腰腿酸楚，神疲乏力，失眠健忘。
胰胆炎合剂,口服液,清泻肝胆湿热。用于急性胰腺炎，急性胆囊炎，也可用于慢性胰腺炎，慢性胆囊炎的急性发作。
消肿痛醋膏,膏剂,清热解毒，活血祛瘀，消肿止痛。用于闭合性软组织损伤，带状疱疹，流行性腮腺炎，血栓静脉炎等。
消炎癣湿药膏,膏剂,杀菌，收湿，止痒。用于头癣，体癣，足癣，慢性湿疹，滋水搔痒，疥疮。
烫火散,散剂,清解火毒。用于烫伤火灼。
益气养元冲剂,颗粒剂,益气补血，养心安神。用于气血两亏引起的头晕目眩，精神恍惚，肢体倦怠，气短自汗，心悸失眠，病后及产后体虚，月经过多。
益心酮片,片剂,活血化瘀，宣通心脉，理气舒络。用于胸闷憋气，心悸健忘，眩晕耳鸣及冠心病心绞痛，高血脂症，脑动脉供血不足。
益血膏,膏剂,益精血，补肝肾。用于气虚血亏引起的面色萎黄，精神倦怠，头晕目眩，妇女血虚，月经不调，血小板减少，血色素降低。
益龄精,口服液,补肝肾，益精髓。用于头昏目眩，耳鸣心悸，乏力，咽干失眠，高血压见有上述症状者亦可使用。
烧伤喷雾剂,气雾剂,泻火解毒，消肿止痛，祛瘀生新。用于Ⅰ、Ⅱ度烧伤。
桑姜感冒片,片剂,散风清热，祛寒止咳。用于感冒，咳嗽，头痛，咽喉肿痛。
黄水疮散,散剂,除湿拔干，解毒止痒。用于各种湿疮，黄水疮，破流黄水，浸淫不已，痛痒不休。
黄芪精,口服液,补血养气，固本止汗。用于气虚血亏，表虚自汗，四肢乏力，精神不足或久病衰弱，脾胃不壮。
黄连上清片,片剂,清热通便，散风止痛。用于头晕目眩，暴发火眼，牙齿疼痛，口舌生疮，咽喉肿痛，耳痛耳鸣，大便秘结，小便短赤。
黄金波药酒,酒剂,祛风活血，温中和胃。用于肢体麻木，筋骨疼痛，胃寒胀满。
菊花茶调散,散剂,清头明目，解表退热。用于伤风感冒，偏正头痛，鼻塞声哑。
救急散,散剂,解表清热，镇惊化痰。用于内热食滞，外感风寒引起的身烧口渴，咳嗽痰盛，咽喉肿痛，惊风抽搐，夜卧不安，隐疹不出。
蛇胆川贝胶囊,胶囊剂,清肺，止咳，除痰。用于肺热咳嗽，痰多。
婴儿素,散剂,健脾，消食，止泻。用于消化不良，乳食不进，腹痛腹泻。
婴儿散胶囊,胶囊剂,健脾，消食，止泻。用于消化不良，乳食不进，腹痛腹泻。
婴宁散,散剂,驱风，除痰，定惊，开窍。用于小儿惊风，痰涎壅盛，夜啼惊跳。
银黄片,片剂,清热，解毒，消炎。用于急慢性扁桃体炎，急慢性咽喉炎，上呼吸道感染。
银黄冲剂,颗粒剂,清热，解毒，消炎。用于急慢性扁桃体炎，急慢性咽喉炎，上呼吸道感染。
清热暗疮丸,丸剂,清热解毒，凉血散瘀，泻火通腑。用于治疗痤疮、疖痛等。
清热暗疮片,片剂,清热解毒，凉血散瘀，泻火通腑。用于治疗痤疮、疖痈等。
清淋冲剂,颗粒剂,清热泻火，利水通淋。用于膀胱湿热，尿频涩痛，淋沥不畅，癃闭不通，小腹胀满，口干咽燥等症。
混元丸,丸剂,健脾，益肾。用于小儿先天不足，后天失调，脾胃虚弱引起的体质软弱，发育不良，面黄肌瘦，饮食少进，遗尿便溏。
羚羊感冒胶囊,胶囊剂,清热解表。用于流行性感冒，伤风咳嗽，头晕发热，咽喉肿痛。
强心丸,丸剂,滋阴补气，强心安神。用于气血虚弱，虚火上升引起的健忘失眠，心跳气短，惊悸不安，遗精盗汗，目暗耳鸣，腰酸腿软，午后发热，肢体倦怠。
强身健脑片,片剂,镇静，安神。用于神经衰弱，失眠健忘，头昏目眩，易感疲劳，营养不良，身体虚弱。
越鞠二陈丸,丸剂,理气解郁，化痰和中。用于胸腹闷胀，嗳气不断，吞酸呕吐，消化不良，咳嗽痰多。
散结灵胶囊,胶囊剂,散结消肿，活血止痛。用于阴疽初起，皮色不变，肿硬作痛，瘰疬鼠疮。
喉痛解毒丸,丸剂,清热解毒，消炎止痛。用于喉痹乳蛾，疔疖肿毒以及口舌生疮。
舒乐热熨剂,散剂,祛风散寒，活血止疼。用于风寒凝滞引起的筋骨肌肉疼痛，腰肌劳损，肩关节周围炎，风湿性关节炎。
舒肝平胃丸,丸剂,舒肝，消滞。用于胸胁胀满，倒饱嘈杂，呕吐酸水，胃脘疼痛，食滞不消。
舒胸片,片剂,活血，祛瘀，止痛。用于血瘀型冠心病、心绞痛、心律失常，瘀血疼痛，跌打损伤。
猴耳环消炎片,片剂,清热解毒，凉血消肿，止泻。用于上呼吸道感染，急性咽喉炎，急性扁桃体炎，急性胃肠炎，亦可试用于细菌性痢疾。
猴耳环消炎胶囊,胶囊剂,清热解毒，凉血消肿，止泻。用于上呼吸道感染，急性咽喉炎，急性扁桃体炎，急性胃肠炎，亦可试用于细菌性痢疾。
痧药蟾酥丸,丸剂,驱暑辟秽，开窍解毒。用于痧胀吐泻，腹中绞痛，中暑昏迷，四肢厥冷。
溃疡散胶囊,胶囊剂,理气和胃，制酸止痛。用于脾胃湿热，胃脘胀痞，胃酸过多，溃疡病，慢性胃炎。
滋补健身丸,丸剂,补肾，理脾，祛湿，消胀。用于脾胃虚弱，水不运化引起的精神倦怠，腰膝酸软，腹胀浮肿，肢体沉重，胸胀喘嗽。
犀羚解毒丸,丸剂,辛凉发表，祛瘟解毒。用于外感时邪引起的发热恶风，头痛目眩，四肢酸懒，面赤腮肿，咽干口燥，咳嗽咽痛。
榄葱茶,茶剂,解表，平胃。用于伤风感冒所致的发热，头痛，流涕，喷嚏，喉痒咽痛，胸腹胀满。
感冒水,酊剂,散风解热。用于外感风寒引起的头痛身烧，鼻塞流涕，恶寒无汗，骨节酸痛，咽喉肿痛。
感冒软胶囊,胶囊剂,散风解热。用于外感风寒引起的头痛身烧，鼻塞流涕，恶寒无汗，骨节酸痛，咽喉肿痛。
腹痛水,酊剂,温中止痛，解毒辟秽，和胃止泻。用于胃痛，腹痛，恶心腹胀，呕吐泄泻，急性胃肠炎，胃痉挛。
解心痛片,片剂,宽胸理气，通脉止痛。用于治疗冠心病，胸闷，心绞痛。
解热消炎胶囊,胶囊剂,清热解毒，镇惊安神。用于外感风热引起的发烧，咽喉肿痛，扁桃腺炎，咽炎等症。
新型狗皮膏,膏剂,祛风散寒，舒筋活血，止痛。用于急性扭伤，挫伤，风湿痛，神经痛，关节和肌肉酸痛等症。
裸花紫珠片,片剂,消炎，解毒，收敛，止血。用于细菌感染引起的炎症，急性传染性肝炎，呼吸道和消化道出血。
豨签风湿片,片剂,祛风除湿，通络止痛。用于四肢麻痹，腰膝无力，骨节疼痛及风湿性关节炎。
鼻通宁滴剂,洗剂,通窍开塞，消炎散毒。用于慢性鼻窦炎，感冒鼻塞，对鼻息肉有辅助治疗作用。
鼻渊丸,丸剂,祛风宣肺，清热解毒，通窍止痛。用于鼻塞鼻渊，通气不畅，流涕黄浊，嗅觉不灵，头痛，眉棱骨病。
鼻渊片,片剂,清热毒，通鼻窍。用于慢性鼻炎及鼻窦炎。
鼻渊糖浆,糖浆剂,祛风宣肺，清热解毒，通窍止痛。用于鼻塞鼻渊，通气不畅，流涕黄浊，嗅觉不灵，头痛，眉棱骨痛。
赛空青眼药,洗剂,消炎，明目，退障。用于风热上攻，目赤肿痛，翳膜外障，流泪羞明。
精血补片,片剂,补肝肾，益气血，养心神。用于神经衰弱，精神萎靡，头晕目眩，心悸失眠。
精制冠心片,片剂,活血化瘀。用于冠心病，心绞痛。
藿香水,酊剂,解表化湿，理气和中。用于外感风寒，内伤湿滞，寒热头痛，吐泻，胸膈满闷，脘腹疼痛诸症；尤宜于暑月感寒伤湿，脾胃失和引起的上述各症。
二丁冲剂,颗粒剂,清热解毒，利湿退黄。用于热疖痈毒，湿热黄疸，外感风热，咽喉肿痛，风热火眼等症
二陈合剂,口服液,燥湿化痰，理气和胃。用于咳嗽痰多，胸脘胀闷，恶心呕吐
十二太保丸,丸剂,理气开郁，养血安胎。用于孕妇气血不调，胎动不安，预防流产
十全大补丸(浓缩丸),丸剂,温补气血。用于气血两虚，面色苍白，气短心悸，头晕自汗，体倦乏力，四肢不温，月经量多
十枣丸,丸剂,攻逐水饮。用于水饮积滞，腹水肿胀，胁下疼痛，喘逆气急
八正合剂,口服液,清热，通淋，利尿。用于湿热下注，小便短赤，淋沥涩痛，口燥咽干
千金止咳丸,丸剂,宣肺化痰，止咳平喘。用于外感风寒咳嗽，痰热内蕴
川芎茶调袋泡剂,茶剂,疏风止痛。用于风邪头痛，或有恶寒，发热，鼻塞
久芝清心丸,丸剂,清热，泻火，通便。用于内热盛引起的头晕脑胀，口鼻生疮，咽喉肿痛，风火牙疼，耳聋耳肿，大便秘结
小儿金丹,丹剂,祛风化痰，清热镇惊。用于小儿感冒发烧，鼻塞流涕，咳嗽气促，咽喉肿痛，高热惊风
小儿解热栓,栓剂,解热，消炎。用于小儿感冒和上呼吸道感染等小儿发烧
小儿暑感宁糖浆,糖浆剂,清暑解表，退热。用于小儿暑季外感发烧，高热不退，头痛少汗，咽喉肿痛，食欲不振，二便不畅
女胜金丹,丹剂,养血，调经，祛寒。用于经血不调，行经障碍，经血紫黑带下，子宫寒冷，产后血亏，经前腹疼，经后腰疼，头晕心烦，惊悸不眠
开胃理脾丸,丸剂,开胃健脾。用于脾胃不和引起的饮食无味，气逆呃逆，胃脘胀满
无极丸,丸剂,清热祛暑，避秽止呕。用于中暑受热，呕吐恶心，身烧烦倦，头目眩晕，伤酒伤食，消化不良，水土不服，晕车晕船
止嗽立效丸,丸剂,止嗽，定喘，祛痰。用于风寒咳嗽，喘急气促
止喘灵气雾剂,气雾剂,本品为抗胆碱药和选择性 β- 受体兴奋剂的中西药复方制剂，有舒张支气管作用。用于治疗支气管哮喘，哮喘型支气管炎等病症
止嗽咳喘宁糖浆,糖浆剂,止咳、定喘。用于慢性支气管炎，老年性支气管炎
内补养荣丸,丸剂,补气养血。用于气血不足引起的月经不调，经血量少，经期腹痛，腰酸腿软，面色无华
毛冬青胶囊,胶囊剂,心血管疾病用药，有扩张血管及抗菌消炎作用。用于冠状动脉硬化性心脏病，血栓闭塞性脉管炎，并用于中心性视网膜炎，小儿肺炎
牛黄消炎片,片剂,清热解毒，消肿止痛。用于咽喉肿痛，疔，痈，疮疖
牛黄清火丸,丸剂,清热，散风，解毒。用于肝胃肺蕴热引起的头晕目眩，口鼻生疮，风火牙疼，咽喉肿痛，腮红肿，耳鸣肿痛
升血调元汤,口服液,益气养血，补肾健脾。用于提升外周血白细胞和其他原因引起的白细胞减少症及病后虚弱
丹参舒心胶囊,胶囊剂,活血化瘀，镇静安神。用于冠心病引起的心绞痛，胸闷及心悸等
风热咳嗽丸,丸剂,祛风解热，止咳化痰。用于风热咳嗽，鼻流稠涕，发热头昏，咽干舌燥
风寒咳嗽冲剂,颗粒剂,温肺散寒，祛痰止咳。用于外感风寒，头痛鼻塞，痰多咳嗽，胸闷气喘
六合定中丸,丸剂,祛暑除湿，和中消食。用于夏伤暑湿，宿食停滞，寒热头痛，胸闷恶心，吐泻腹痛
正骨膏,膏剂,舒筋接骨，活血止痛。用于筋骨疼痛，跌打损伤，接骨续筋
石斛明目丸,丸剂,平肝清热，滋肾明目。用于肝肾两亏，虚火上升引起的瞳孔散大，夜盲昏花，视物不清，内障抽痛，头目眩晕，精神疲倦
古楼山跌打丸,丸剂,舒筋活血，散瘀止痛。用于跌打损伤，瘀积肿痛，筋骨扭痛，腰肌劳损
龙苓春药酒,酒剂,滋补强壮，助力固精。用于气血双亏，腰腿痛，手足寒冷，妇女血亏，血寒，带下淋漓
平肝舒络丸,丸剂,平肝疏络，活血祛风。用于肝气郁结，经络不疏引起的胸胁胀痛，肩背串痛，手足麻木，筋脉拘挛
归脾丸（浓缩丸）,丸剂,益气健脾，养血安神。用于心脾两虚，气短心悸，失眠多梦，头昏头晕，肢倦乏力，食欲不振，崩漏便血
归参补血片,片剂,温补脾肾，益气荣血。用于脾肾两虚引起的虚劳贫血 (缺铁性贫血)，面色苍白，体弱肢冷，心悸，发斑 (原发性血小板减少性紫癜)
田七补丸 (三七补血丸),丸剂,补肝益肾，益气养血。用于气血不足引起的面色苍白，心悸气短，精神疲倦，体虚潮热，腰酸腿软，妇女产后失血过多
四君子合剂,口服液,益气健脾。用于脾胃气虚，胃纳不佳，食少便溏
四物合剂,口服液,调经养血。用于营血虚弱，月经不调
四物益母丸,丸剂,补血，活血，调经。用于血虚血滞，月经不调
生发丸,丸剂,填精补血，补肝滋肾，乌须黑发。用于肝肾不足、精血气衰所致须发早白，头发稀疏、干枯，斑秃脱发
生发酊,酊剂,温经通脉。用于斑秃脱发症
生姜泄心片,片剂,和胃散痞。用于胃中不和，心下痞满，干噫食臭，肠鸣下利
生脉胶囊,胶囊剂,益气复脉，养阴生津。用于气阴两亏，心悸气短，脉微自汗
白益镇惊丸,丸剂,养血安神。用于小儿热病体虚，痰鸣气促，抽搐时作，将成慢惊
汉桃叶片,片剂,祛风止痛，舒筋活络。用于三叉神经痛，坐骨神经痛，风湿关节痛
宁心安神胶囊,胶囊剂,镇惊安神，宽胸宁心。用于更年期综合症，神经衰弱症，诸症可用
宁坤丸,丸剂,补气养血，调经止痛。用于妇女血虚气滞，月经不调，经前经后腹痛腰痛
宁嗽露 (糖浆剂),糖浆剂,止咳化痰。用于伤风咳嗽，急、慢性支气管炎
圣济鳖甲丸,丸剂,软坚消痞。用于久疟成痞
加味保和丸,丸剂,健胃理气，利湿和中。用于饮食不消，胸膈闷满，嗳气呕恶
皮肤病血毒丸,丸剂,清血解毒，消肿止痒。用于经络不和，湿热血燥引起的风疹，湿疹，皮肤刺痒，雀斑粉刺，面赤鼻齄，疮疡肿毒，脚气疥癣，头目眩晕，大便燥结
老蔻丸,丸剂,开郁舒气，温胃消食。用于肝郁气滞，饮食不消，膨闷胀饱，胃脘疼痛
耳聋左慈丸 (浓缩丸),丸剂,滋肾平肝。用于肝肾阴虚，耳鸣耳聋，头晕目眩
百合固金丸 (浓缩丸),丸剂,养阴润肺，化痰止咳。用于肺肾阴虚，燥咳少痰，痰中带血，咽干喉痛
当归黄精膏,膏剂,养阴血，益肝脾。用于肝脾阴亏，身体虚弱，饮食减少，口燥咽干，面黄肌瘦
朱砂安神片,片剂,清心养血，镇静安神。用于胸中烦热，心悸不宁，失眠多梦
伤痛酊,酊剂,去瘀活血，消肿止痛。用于扭伤、挫伤、挤压伤、腱鞘炎等急性软组织损伤
行军散,散剂,辟瘟，解毒，开窍。用于夏伤暑热，头目眩晕，腹痛吐泻
关节镇痛膏,膏剂,祛风除湿，活血止痛。用于风寒湿痹，关节、肌肉酸痛及扭伤
安嗽片,片剂,止咳，祛痰。用于咳嗽多痰
冰梅上清丸,丸剂,清热退火。用于上焦积热，喉肿疼痛，鼻干口苦，口舌生疮
阳春口服液,口服液,补肾壮阳，生精益脑。用于肾阳不足，肾精亏损引起的阳痿不举，滑精早泄，失眠健忘，肾虚腰痛
麦芽片,片剂,助消化药。用于缺乏淀粉酶所引起的消化不良
麦味地黄丸(浓缩丸),丸剂,滋肾养肺。用于肺肾阴亏，潮热盗汗，咽干咳血，眩晕耳鸣，腰膝酸软，消渴
扶正养阴片,片剂,扶正养阴。用于虚损劳伤，潮热咳嗽
抗痨丸,丸剂,活血止血，散瘀生新，祛痰止咳。用于浸润型肺结核，痰中带血
抗痨丸(浓缩水蜜丸),丸剂,活血止血，散瘀生新，祛痰止咳。用于浸润型肺结核，痰中带血
抗痨冲剂,颗粒剂,活血止血，散瘀生新，祛痰止咳。用于浸润型肺结核，痰中带血
抗骨增生片,片剂,补肾，活血，止痛。用于肥大性脊椎炎，颈椎病，跟骨刺，增生性关节炎，大骨节病
抗菌消炎片(益金解毒片),片剂,清热、泻火、解毒。用于风热感冒，咽喉肿痛，实火牙痛
时疫清瘟丸,丸剂,清热透表，散瘟解毒。用于外感时疫瘟邪引起的头疼身痛，恶寒发热，四肢倦怠，喉痛咽干，腮红肿
肝复康丸,丸剂,收敛，益气，解毒，降谷丙转氨酶。用于急、慢性肝炎，早期肝硬化和肝功能不良
辛芩冲剂,颗粒剂,益气固表，祛风通窍。用于肺气虚证之鼻鼽 (过敏性鼻炎)、鼻窒等症
冻疮未溃膏,膏剂,活血散瘀。用于未溃冻疮
沉香化气片,片剂,理气疏肝，消积和胃。用于肝胃气滞，脘腹胀痛，胸膈痞满，不思饮食，嗳气泛酸
沉香舒气丸,丸剂,舒气化郁，和胃止痛。用于肝郁气滞、肝胃不和引起的胃脘胀痛，两胁胀满疼痛或刺痛，烦躁易怒，呕吐吞酸，呃逆嗳气，倒饱嘈杂，不思饮食
补天灵片,片剂,补肾壮阳，填精益髓。用于肾阳亏损，阳痿早泄，腰膝酸软，遗精自汗，畏寒肢冷，神疲乏力
补中益气丸(浓缩丸),丸剂,补中益气，升阳举陷。用于脾胃虚弱，中气下陷，体倦乏力，食少腹胀，久泻、脱肛、子宫脱垂
补益资生丸,丸剂,滋阴补气，调养脾胃。用于脾胃虚弱引起的胸闷作呕，食欲不振，精神倦怠，大便溏泄
灵仙跌打片,片剂,散风祛湿，活血止痛。用于手足麻痹，时发疼痛，跌打损伤，痛不可忍或瘫痪等症
附子理中丸(浓缩丸),丸剂,温中健脾。用于脾胃虚寒，脘腹冷痛，呕吐泄泻，手足不温
附子理中片,片剂,温中健脾。用于脾胃虚寒，脘腹冷痛，呕吐泄泻，手足不温
鸡鸣丸,丸剂,润肺止咳，化痰定喘。用于五更咳嗽，肺虚气喘，痰中带血
驱虫消食片,片剂,消积杀虫，健脾开胃。用于小儿疳气，虫积，身体赢瘦，不思饮食
青六散,散剂,化温热，利小便。用于湿热泄泻，小便短赤
青蒿鳖甲片,片剂,养阴清热。用于温病后期，夜热早凉，阴虚低热，热退无汗
罗布麻叶片,片剂,降压。用于高血压头晕、心悸
知柏地黄丸（浓缩丸）,丸剂,滋阴降火。用于阴虚火旺，潮热盗汗，口干咽痛，耳鸣遗精，小便短赤
和肝利胆冲剂,颗粒剂,清热利湿，舒肝理气。用于急性黄疸型肝炎，慢性肝炎活动期，急慢性胆囊炎
和肝利胆糖浆,糖浆剂,清热利湿，舒肝理气。用于急性肝炎，慢性肝炎活动期，急慢性胆囊炎
使君子丸,丸剂,消疳驱虫。用于小儿疳积，虫积腹痛
金钱白花蛇药酒,酒剂,祛风除湿，散寒止疼，活血通络，舒筋强骨。用于由风、寒、湿邪引起的痹症、痿症，筋骨疼痛，腰膝酸软，手足麻木，屈伸不利
乳泉冲剂,颗粒剂,通经，活血，下乳。用于产后乳少，乳汁不畅
炙甘草合剂,口服液,益气滋阴，通阳复脉。用于气虚血少，心动悸，脉结代
泻青丸,丸剂,清肝泻火。用于耳鸣耳聋，口苦头晕，两胁疼痛，小便赤涩
治湿平胃丸,丸剂,祛湿健胃。用于湿滞脾胃，运化不佳，痰饮痞闷，嗳气吞酸
定中丸,丸剂,健胃补脾，止呕。用于暑湿呕泻，停食伤胃，膨闷胀饱，吐泻腹痛
宝宝乐,颗粒剂,温中补虚，和里缓急，开胃消食。用于脾胃虚寒，脘腹隐痛，喜温喜按，胃纳不香，食少便溏
炎可宁片,片剂,清热泻火，消炎止痢。用于急性扁桃腺炎，细菌性肺炎，急性结膜炎，中耳炎，疖痈瘰疬，急性乳腺炎，肠炎，细菌性痢疾及急性尿道感染
降压丸,丸剂,滋肾，清肝，泻火。用于肝阳、肝火上炎所致头痛眩晕，目赤耳鸣，血压升高
参芪糖浆,糖浆剂,补气扶正。用于体弱气虚，四肢无力
参苏片,片剂,疏风散寒，祛痰止咳。用于体弱感冒风寒，恶寒发热，头痛鼻塞，咳嗽痰多，胸闷呕逆
参苏宣肺丸,丸剂,解表散寒，宣肺化痰。用于肺经痰湿，感冒风寒引起的头痛鼻塞，周身不适，咳嗽痰多，胸膈满闷，气逆恶心
参桂再造丸,丸剂,舒筋活络，祛风行血。用于筋骨疼痛，四肢麻木，腰酸背痛，疲劳无力
参杞酒,酒剂,补气、益脾，滋补肝肾。用于气血不足，腰膝酸软，食少，四肢无力
珍珠冰硼散,散剂,去腐，解毒，消炎止痛。用于口舌生疮，齿龈腐烂，肿痛，急慢性咽喉炎
珍黄安宫片,片剂,镇静安神，清热解毒。用于治疗高热，烦躁不安，失眠多梦，神昏谵语，惊风抽搐，癫狂痫症，头痛，眩晕
荆防合剂,口服液,发汗解表，散风祛湿。用于感冒风寒，头痛身痛，恶寒无汗，鼻塞流涕，咳嗽
柏子养心片,片剂,补气，养血，安神。用于心气虚寒，心悸易惊，失眠多梦，健忘
药酒丸,丸剂,祛湿散寒，疏风通络。用于外受风寒湿邪引起的手足麻木，下肢软弱，筋骨疼痛，气滞积聚，痞满腹痛
轻身消胖丸,丸剂,益气、利湿，降脂、消胖。用于单纯性肥胖症
胃可宁 (片),片剂,收敛、制酸、止痛。用于胃痛泛酸，胃及十二指肠溃疡
骨友灵擦剂,颗粒剂,活血化瘀，消肿止痛。用于骨质增生引起的功能性障碍，软组织损伤及大关节病引起的肿胀，疼痛
咳喘膏,膏剂,止咳平喘，利湿祛痰。用于单纯型慢性气管炎，喘息型慢性气管炎，哮喘 (除心脏引起的) 等症
香连化滞丸,丸剂,清热利湿，行血化滞。用于湿热凝滞引起的里急后重，腹痛下痢
香砂六君丸 (浓缩丸),丸剂,益气健脾，和胃。用于脾虚气滞，消化不良，嗳气食少，脘腹胀满，大便溏泄
复方元胡止痛片,片剂,疏气止痛。用于肝胃气痛，胃脘胀痛，胸肋痛，月经痛
复方青果冲剂,颗粒剂,清热利咽。用于口干舌燥，声哑失音，咽喉肿痛
复方鱼腥草片,片剂,清热解毒。用于外感风热引起的咽喉疼痛，扁桃腺炎
复方夏枯草膏,膏剂,清火散结。用于瘰疬，结核作痛
复方蛇胆陈皮末,散剂,祛风除痰，镇惊。用于痰多咳嗽，惊风抽搐
复方垂盆草冲剂,颗粒剂,清热解毒，活血利湿，有降低谷丙转氨酶的作用。用于急性肝炎及迁延性肝炎，慢性肝炎的活动期
复方垂盆草糖浆,糖浆剂,清热解毒，活血利湿，有降低谷丙转氨酶的作用。用于急性肝炎及迁延性肝炎，慢性肝炎的活动期
保安万灵丹 (丸),丹剂,解毒消痈，舒筋活血，祛风止痛。用于痈疽发背，深部脓疡，风寒湿痹，肢体瘫痪，偏正头痛，疝气坠痛
保和丸 (浓缩丸),丸剂,消食导滞和胃。用于食积停滞，脘腹胀满，嗳腐吞酸，不欲饮食
保喉片,片剂,滋阴降火，润燥生津。用于阴虚喉痹，喉干疼痛，声音嘶哑，乳蛾等
胆荚片,片剂,清热化痰，平喘止咳。用于慢性支气管炎
胆酸止咳片,片剂,止咳化痰。用于支气管炎和感冒引起之咳嗽
肥儿糖浆,糖浆剂,小儿滋补剂。用于小儿脾胃虚弱，不思饮食，面黄肌瘦，精神困倦
胎产金丸 (胎产金丹),丹剂,补气，养血，调经。用于产后失血过多引起的恶露不净，腰酸腹痛，足膝浮肿，倦怠无力
首乌强身片,片剂,补肝肾，强筋骨。用于肝肾虚弱，头晕眼花，四肢酸麻，腰膝无力，夜尿频多
济生万应锭,丹剂,清热解毒，解表散风，化痰止咳，消食和中。用于小儿外感，惊风抽搐，发热咳喘，疮疡肿毒，食积胀痛，呕吐泻痢，不思乳食，热结便秘
活血应痛丸,丸剂,壮筋骨，活血脉，祛风利湿。用于血脉凝滞，腰腿疼痛，风湿麻木，关节酸痛，行步艰难
炮天红酒,酒剂,补肾健腰，舒筋活络，健脾养血。用于精神萎靡，头晕耳鸣，腰膝酸痛，食欲不振，须发早白等症
益母草冲剂,颗粒剂,活血调经。用于经闭，痛经及产后瘀血腹痛
益肾兴阳胶囊,胶囊剂,补肾益气，壮阳固精。用于肾阳亏气虚引起的腰酸腿软，精神疲倦，头晕耳鸣，失眠健忘，阳痿，遗精早泄
养荣百草丸,丸剂,调经养血，滋肾止带。用于妇女血亏，阴虚日久，月经不调，过期不止，行经腹痛，白带时下
除湿白带丸,丸剂,除湿健脾。用于脾虚，湿盛白带
桂附地黄片,片剂,温补肾阳。用于肾阳不足，腰膝酸冷，肢体浮肿，小便不利或反多，痰饮喘咳，消渴
桔梗冬花片,片剂,镇咳祛痰。用于咳嗽痰多，支气管炎
健脾丸 (浓缩丸),丸剂,健脾开胃。用于脾胃虚弱，脘腹胀满，食少便溏
健脾消食丸,丸剂,健脾，消食，化积。用于小儿脾胃不健引起的乳食停滞，脘腹胀满，食欲不振，面黄肌瘦，大便不调
脂降宁片 (安络宁片),片剂,行气散瘀，活血通经，益精血，降血脂。用于胸痹心痛，眩晕耳鸣，肢体麻木，高脂血症或合并高血压、冠心病，动脉硬化等的高脂血症
消栓通冲剂,颗粒剂,益气，活血，祛瘀，通络。用于中风瘫痪，半身不遂，口眼歪斜，语言不清及瘀血性头痛，胸痛，胁痛，对中风先兆者 (脑血栓形成先兆) 亦有一定预防作用
消积健儿片,片剂,健胃，消积，杀虫。用于小儿停食停乳，食积虫积，面黄肌瘦，消化不良
消食化痰丸,丸剂,顺气降逆，消食化痰。用于积食不化，胸膈胀闷，咳嗽痰多，饮食减少
消肿片,片剂,消肿拔毒。用于瘰疬痰核，流注，乳房肿块，阴疽肿毒等症
消渴灵片,片剂,滋补肾阴，生津止渴，益气降糖。用于成年非胰岛素依赖性糖尿病，对轻型、中型效果显著
宽胸利膈丸,丸剂,开郁顺气，消食除胀。用于气郁不舒，胸腹胀满，宿食停水，呕逆腹痛
调经促孕丸,丸剂,补肾健脾，养血调经。用于脾肾阳虚 (下丘脑 - 垂体 - 卵巢轴功能失调) 引起的经血不调，经期不准，月经过少，月经稀发，久不孕育 (继发性闭经，黄体功能欠佳，不排卵，不孕症) 等
通便灵胶囊,胶囊剂,泻热导滞、润肠通便。用于热结便秘，长期卧床便秘，一时性腹胀便秘，老年习惯性便秘
通便清火丸,丸剂,清热通便，用于心烦口渴，头痛目眩，口舌糜烂，小便短赤，大便秘结
通宣理肺冲剂（伤风咳嗽冲剂）,颗粒剂,解表散寒，宣肺止嗽。用于风寒感冒咳嗽，咯痰不畅，发热恶寒，鼻塞流涕，头痛无汗，肢体酸痛
通窍鼻炎片,片剂,益气，祛风通窍。用于体虚自汗，反复感冒，鼻塞、流涕，前额痛，鼻炎，过敏性鼻炎及副鼻窦炎等症
理气定喘丸,丸剂,祛痰止咳，补肺定喘。用于肺虚痰盛引起的咳嗽痰喘，胸膈满闷，心悸气短，口渴咽干
黄芩素铝胶囊,胶囊剂,清热解毒，燥湿止泻，用于肠炎、痢疾
蛇胆南星片,片剂,祛风化痰。用于风痰嗽喘，风寒呕吐，痰多惊痫
蛇胆南星散,散剂,祛风化痰，用于风痰嗽喘，风寒呕吐，痰多惊痫
蛇胆陈皮胶囊,胶囊剂,顺气化痰，祛风健胃。用于风寒咳嗽，痰多呕逆
婴儿消食散,散剂,消食健脾。用于小儿停食伤乳，消化不良，腹胀腹痛，停食作泻，食火疳积
清气化痰丸 (浓缩丸),丸剂,清肺化痰。用于肺热咳嗽，痰多黄稠，胸脘满闷
清心明目上清丸,丸剂,清热散风，明目止痛。用于上焦火盛引起的暴发火眼，红肿痛痒，热泪昏花，云翳遮睛，头痛目眩，烦躁口渴，大便燥结
清心莲子饮,口服液,清心火，交心肾，益气阴，止淋浊。用于小便白浊，遗精涩沥，便赤如血，五淋带下，烦热消渴等症
清金止嗽化痰丸,丸剂,清肺，化痰，止嗽，用于肺热痰盛引起的咳嗽黄痰，胸膈不畅，喉痛音哑，大便干燥
清身饮冲剂,颗粒剂,养阴清热，益气敛汗。用于功能性低热及体虚盗汗等症
清咽抑火丸,丸剂,清热散风，解毒消肿，清利咽喉。用于咽喉肿痛，肺炎咳嗽
清热解毒口服液,口服液,清热解毒，用于治疗流感，上呼吸道感染及各种发热疾病
清热镇惊散,散剂,清热解毒，镇惊息风。用于小儿高热急惊，烦躁不安，气促痰壅，手足抽搐
麻仁润肠丸,丸剂,润肠通便。用于肠胃积热，胸腹胀满，大便秘结
散痰宁糖浆,糖浆剂,清肺，止咳，平喘，用于支气管炎，咳嗽痰多
散寒活络丸,散剂,追风散寒，舒筋活络，用于风寒湿邪引起的肩背疼痛，手足麻木，腰腿疼痛，行步困难等
越鞠片,片剂,理气解郁，宽中除满。用于胸脘痞闷，腹中胀满，饮食停滞，嗳气吞酸
提脓散,散剂,拔毒提脓，去腐生肌。用于痈疽疮疡，肿毒溃烂，久不收口
紫金散,散剂,辟瘟解毒，消肿止痛。用于中暑，脘腹胀痛，恶心呕吐，痢疾泄泻，小儿痰厥；外治疗疮疖肿，痄腮，丹毒，喉风
跌打止痛散,散剂,散瘀止痛。用于跌打损伤，瘀滞肿痛
舒心冲剂,颗粒剂,活血祛瘀，养阴益气，定悸除烦。用于心悸、怔忡，心烦失眠
筋骨草片 (白毛夏枯草片),片剂,清热解毒，止咳，祛痰，平喘，用于急、慢性支气管炎，肺脓疡
滋阴补肾丸,丸剂,滋阴壮阳，益精填髓。用于腰膝酸痛，梦遗滑精，阳痿早泄
寒泻片,片剂,温肠止泻。用于寒性腹泻
楂曲平胃合剂,口服液,燥湿健脾，消食散满。用于脾胃不和，不思饮食，脘腹胀满，呕吐恶心，嗳气吞酸，大便溏泄
愈肝片,片剂,利湿退黄，恢复肝功能，用于急性黄疸型肝炎和急性无黄疸型肝炎
解表清金散,散剂,清热解表，镇咳祛痰。用于感冒鼻塞，咳嗽喘促，周身壮热
解毒万灵丸,丸剂,祛风除湿，解毒止痛。用于阴疽发背，湿痰流注，气血阻滞，遍身走痛
鼻舒适片,片剂,清热消炎，通窍。用于治疗慢性鼻炎引起的喷嚏、流涕、鼻塞、头痛，过敏性鼻炎，慢性鼻窦炎
痱子粉,散剂,散风祛湿，清凉止痒。用于汗疹，痱毒，湿疮痛痒
疏风再造丸,丸剂,舒筋活血，化痰通络。用于半身不遂，手足麻木，口眼歪斜，筋骨拘挛，屈伸不便，风寒湿痹
碧玉散,散剂,清暑热，平肝火。用于暑热蕴积，烦渴引饮，肝火旺盛，小便短赤
酸枣仁合剂,口服液,清热泻火，养血安神。用于虚烦不眠，心悸不宁，头目眩晕
豨桐胶囊,胶囊剂,祛风湿，止痛。用于四肢麻痹，骨节疼痛，风湿性关节炎
镇坎散,散剂,利水消胀。用于蓄水膨胀，二便不通，浮肿气喘
熊胆救心丹 (丸),丹剂,强心益气，芳香开窍。用于心气不足所致的胸痹心痛，胸闷气短和心悸等证
醒脾开胃冲剂,颗粒剂,醒脾调中，升发胃气。用于面黄乏力，食欲低下，腹胀腹痛，食少便多
噙化上清片,片剂,清热散风。用于上焦风热，咽喉肿痛，口燥舌干，头目不清，口渴心烦，咽干声哑
礞石滚痰片,片剂,降火逐痰。用于湿热顽痰，发为癫狂惊悸，或咳喘痰稠，大便秘结
藿香正气丸（浓缩丸）,丸剂,解表化湿，理气和中。用于外感风寒、内伤湿滞或夏伤暑湿所致的感冒，症见头痛昏重、胸膈痞闷、脘腹胀痛、呕吐泄泻；也用于胃肠型感冒见上述证候者
藿香正气合剂,口服液,解表化湿，理气和中。用于外感风寒，内伤湿滞，头痛昏重，胸膈痞闷，脘腹胀痛，呕吐泄泻。
蟾麝救心丸,丸剂,扩张冠状动脉，改善心肌供氧，增强心脏功能等作用。用于冠心病引起的心绞痛、胸闷、气短和眩晕等症。
癫狂龙虎丸,丸剂,攻泻祛痰，开窍醒神，镇惊安神。用于痰迷心窍，神识昏乱，叫骂不寐，毁物殴人，或精神抑郁，哭笑无常。
麝香狗皮膏,膏剂,化痞散瘀，舒筋活络，祛风散寒，活血止痛。用于痞块聚积，风寒湿痹，筋骨疼痛，跌打损伤。
麝香解痛膏,膏剂,活血、散寒、止痛。用于扭挫伤，关节酸痛等。
二仙丸,丸剂,除湿祛风，温经散寒，定痛止麻。用于寒湿痹痛，腰腿疼痛，拘挛痿软，行步艰难，手足麻木
二母安嗽丸,丸剂,清肺化痰，止嗽定喘。用于虚劳久嗽，春秋举发，咳嗽痰喘，骨蒸潮热，音哑声重，口燥舌干，痰涎壅盛
二母安嗽片,片剂,清肺化痰，止嗽定喘。用于虚劳久嗽，春秋举发，咳嗽痰喘，骨蒸潮热，音哑声重，口燥舌干，痰涎壅盛
二陈丸 (浓缩丸),丸剂,燥湿化痰，理气和胃。用于咳嗽痰多，胸脘胀闷，恶心呕吐
七叶神安片,片剂,益气安神，活血止痛，止血。用于心气不足，失眠，心悸，胸痹心痛，或肿瘤，痈肿疮毒及出血症
八味肾气丸,丸剂,温补肾阳。用于肾阳不足，腰痛膝软，消渴水肿，肾虚咳喘，小便频数，大便溏泻
八珍丸 (浓缩丸),丸剂,补气益血。用于气血两虚，面色萎黄，食欲不振，四肢乏力，月经过多
人参至宝丸,丸剂,化痰醒神，镇痉开窍。用于温病高热，神昏谵语，中风卒倒，伏热呕吐，烦躁喘急
三七片,片剂,散瘀止血，消肿定痛。用于咯血，吐血，衄血，便血，崩漏，外伤出血，胸腹刺痛，跌扑肿痛
三七蜜精 (口服液),口服液,清热平肝，养心润肺。用于心悸，烦躁，眩晕
三号蛇胆川贝片,片剂,清热，祛痰，止咳。用于邪热蕴肺，或痰热壅肺，肺失宣降所致的咳嗽咯痰，或久咳痰多，咯吐不利等症
三参降脂液,口服液,补气活血，化瘀降脂。用于冠心病引起的胸闷、胸痹、心痛气短及高血脂症
万氏牛黄清心丸 (浓缩丸),丸剂,清热解毒，镇惊安神。用于邪热内闭，烦躁不安，神昏谵语，小儿高热惊厥
万氏牛黄清心片,片剂,清热解毒，镇惊安神。用于邪热内闭，烦躁不安，神昏谵语，小儿高热惊厥
山鸡大补酒,酒剂,大补气血，强壮筋骨。用于劳伤虚损，面色萎黄，足膝无力
川贝罗汉止咳冲剂,颗粒剂,清肺，止咳，祛痰。用于伤风咳嗽，支气管炎
小儿进食片,片剂,健脾消食。用于小儿食积、厌食
小儿消咳片,片剂,清肺润燥，化痰止咳，解毒利咽。用于急慢性气管炎，痰热或燥痰咳嗽
小儿肺热平胶囊,胶囊剂,清热化痰，止咳平喘，镇惊开窍。用于小儿肺热喘咳，吐痰黄稠，高热烦渴，神昏谵妄，抽搐，舌红苔黄腻者
小儿咽扁冲剂,颗粒剂,清热利咽，解毒止痛。用于肺实热引起的咽喉肿痛，口舌糜烂，咳嗽痰盛，咽炎喉炎，扁桃体炎
小儿消食健胃丸,丸剂,消食导积，化湿和胃。用于肉食积滞，胸脘痞满，腹胀时痛，嗳腐吞酸，苔厚恶食，大便泄泻
小儿麻甘冲剂,颗粒剂,平喘止咳，利咽祛痰。用于小儿肺炎喘咳，咽喉炎症
小儿清解冲剂,颗粒剂,除瘟解毒，清热退烧。用于小儿外感风热或时疫感冒引起的高烧不退，汗出热不解，烦躁口渴，咽喉肿痛，肢酸体倦
小儿葫芦散,散剂,化痰消食，镇惊祛风。用于痰喘咳嗽，脘腹胀满，胸膈不利，吐乳不食，小儿惊风
小儿智力糖浆,糖浆剂,调补阴阳，开窍益智。用于小儿轻微脑功能障碍综合症
小柴胡片,片剂,解表散热，疏肝和胃。用于寒热往来，胸胁苦满，心烦喜吐，口苦咽干
小柴胡冲剂,颗粒剂,解表散热，疏肝和胃。用于寒热往来，胸胁苦满，心烦喜吐，口苦咽干
小败毒膏,膏剂,清热解毒，消肿止痛。用于湿热蕴结、热毒壅盛引起的疮疡初起，红肿硬痛，风湿疙瘩，周身刺痒，乳痈胀痛，大便燥结
女贞子膏,膏剂,滋养肝肾，强壮腰膝。用于肝肾两亏，腰膝酸软，耳鸣目眩，须发早白
卫生丸,丸剂,调气补血。用于气血两亏，身体虚弱，病后失调
马鬃蛇药酒,酒剂,祛风湿，通经络，消肿痛，强筋骨。用于腰肌劳损，风湿之腰腿痛、关节痛
天王补心丸 (浓缩丸),丸剂,滋阴，养血，补心安神。用于心阴不足，心悸健忘，失眠多梦，大便干燥
天麻祛风补片,片剂,温肾养肝，除湿止痛。用于肝肾亏损之头昏、头晕，耳鸣，畏寒肢冷，四肢关节疼痛，腰酸膝软，手足麻木等症
元胡止痛胶囊,胶囊剂,理气，活血，止痛。用于气滞血瘀的胃痛，胁痛，头痛及月经痛等
支气管炎片,片剂,清热化痰，定喘止咳。用于哮喘型慢性支气管炎
五海丸,丸剂,软坚，散结，理气。用于瘿瘤初起
气血双补丸,丸剂,补气养血。用于气虚血亏引起的少气懒言，语言低微，面色萎黄，四肢无力，形体消瘦，经血不调
牛黄上清片,片剂,清热泻火，散风止痛。用于头痛眩晕，目赤耳鸣，咽喉肿痛，口舌生疮，牙龈肿痛，大便燥结
化毒丹 (丸),丹剂,清热解毒。用于小儿热毒实火，口舌生疮，牙根出血，颈颊赤肿，周身常生疮疖，疹后余毒不净
乌甘散 (胃溃疡散),散剂,制酸止痛。用于胃及十二指肠溃疡
乌头酊,酊剂,止痛药。用于神经痛，非神经痛
风寒感冒宁冲剂,颗粒剂,解表散寒，宣发清热。用于风寒感冒引起的恶寒发热，头痛、鼻塞、流涕等症
风湿马钱片,片剂,祛风，除湿，镇痛。用于风湿性关节炎，类风湿，坐骨神经痛
风湿关节酒 (万灵筋骨酒),酒剂,驱风散寒，活血止痛。用于风寒湿邪引起：关节疼痛，肩背酸沉，腰痛腿软，四肢麻木，筋脉拘挛
风湿镇痛膏,膏剂,镇痛，除寒湿。用于关节、肌肤因受风、寒、湿引起的疼痛
六味地黄片,片剂,滋阴补肾。用于肾阴亏损，头晕耳鸣，腰膝酸软，骨蒸潮热，盗汗遗精，消渴
六味地黄胶囊,胶囊剂,滋阴补肾。用于肾阴亏损，头晕耳鸣，腰膝酸软，骨蒸潮热，盗汗遗精，消渴
水杨梅片,片剂,清热燥湿、止泻止痢。用于细菌性痢疾，肠炎，泄泻，里急后重
石淋通冲剂,颗粒剂,清利湿热，通淋，消肿。用于尿路结石，肾盂肾炎，胆囊炎
灭澳灵片,片剂,清热解毒，益肝补肾。用于急慢性乙型肝炎及表面抗原健康带毒者
归脾合剂,口服液,益气健脾，养血安神。用于心脾两虚，气短心悸，失眠多梦，头昏头晕，肢倦乏力，食欲不振，崩漏便血
四季油 (同仁油),搽剂,有驱风兴奋作用。用于伤风感冒，舟车晕眩，中暑
四神片,片剂,助肾散寒，止泻消胀。用于肾虚受寒，肠鸣肚胀，五更溏泻，食物不化，久泻不止，面黄体弱
四虎散 (剧),散剂,温散寒痰，消除肿痛。用于跌打损伤，寒湿痰瘀，肿胀痹痛
外感平安茶 (冲剂),颗粒剂,清热解表，化湿消滞。用于四时感冒，恶寒发热，周身骨痛，头重乏力，感冒挟湿，胸闷食滞等症
半夏糖浆,糖浆剂,止咳化痰。用于咳嗽痰多，支气管炎
宁心补肾丸,丸剂,宁心补肾，益精止痿。用于肾虚耳鸣，头晕眼花，惊悸不宁，盗汗体倦，遗精，滑精，阳痿不育，腰膝酸软
宁神灵冲剂,颗粒剂,舒肝开郁，镇惊安神。用于头昏头痛，心烦易怒，心悸不宁，胸闷少气，惊厥抽搐，少寐多梦
加味灵芝菌片,片剂,补气养血，安神通络。用于冠心病，心绞痛，高血脂，也可用于心律紊乱
芎菊上清片,片剂,清热，散风，止痛。用于外感风热，头痛鼻塞
回生再造丸,丸剂,祛风化痰，活血通络。用于中风，口眼歪斜，筋骨疼痛，手足拘挛，麻木，半身不遂
回春如意胶囊,胶囊剂,补血养血，助肾壮阳，益精生髓，强筋健骨。用于头晕健忘，体虚乏力，肾虚耳鸣，腰膝酸痛，阳痿早泄等症
伤湿祛痛膏,膏剂,祛风湿、止痛。用于头痛，风湿痛，神经痛，扭伤及肌肉酸痛
伤痛宁膏,膏剂,活血散瘀，消肿止痛。用于关节扭伤，肌肉拉伤，韧带损伤等急性软组织损伤
血再生片,片剂,活血补血。用于慢性中毒引起的白细胞减少症
血宝胶囊,胶囊剂,补阴培阳，益肾健脾。用于再生障碍性贫血，白细胞缺乏症，原发性血小板减少症，紫癜
安宫降压丸,丸剂,清热镇惊，平肝降压。用于胸中郁热，肝阳上亢引起的头目眩晕，项强脑胀，心悸多梦，烦躁起急，高血压症
决明降脂片,片剂,降血脂，降血清胆固醇。用于冠心病或慢性肝炎所引起的高脂血症、血清胆固醇增高症
防己关节丸,丸剂,祛湿散寒，健脾利水。用于风寒湿痹，关节疼痛
妇乐冲剂,颗粒剂,清热凉血，消肿止痛。用于盆腔炎、附件炎、子宫内膜炎等引起的带下、腹痛
芙蓉散,散剂,解毒，消肿，止痛。用于疮肿，疔疖，热毒
杞菊地黄丸 (浓缩丸),丸剂,滋肾养肝。用于肝肾阴亏，眩晕耳鸣，羞明畏光，迎风流泪，视物昏花
杏苏止咳糖浆 (杏苏止咳露),糖浆剂,宣肺气，散风寒，镇咳祛痰。用于感冒风寒，咳嗽气逆
抗菌痢灵片,片剂,清热、利湿、解毒。用于急、慢性细菌性痢疾
利心丸,丸剂,补心安神。用于风湿性心脏病，心动过速，心律不齐，心力衰竭等
利肺片,片剂,驱痨补肺，镇咳化痰。用于肺痨咳嗽，咯痰，咯血，气虚哮喘，慢性气管炎等
利咽灵片,片剂,活血通络，益阴散结，利咽止痛。主治咽喉干痛，异物感，发痒灼热等症。用于慢性咽喉炎，尤以干燥型疗效最佳
肝肾康糖浆,糖浆剂,滋补肝肾，调气益血，收敛精气。用于贫血，黄瘦，须发早白等
肝肾膏,膏剂,滋补肝肾。用于肝肾阴虚之精神不振，头昏目眩，五心潮热，咽干少津，腰膝酸软
龟蛇酒,酒剂,滋阴补肾，益气活血，舒筋通络，祛风除湿。用于老年体弱，头昏眼花，腰酸膝软，阳痿尿频，四肢麻木，关节酸痛
龟甲养阴片,片剂,养阴软坚，滋补肝肾。用于动脉硬化，阴虚腰痛，胁痛，头晕耳鸣，五心烦热，冠心病等症
陈香露白露片,片剂,健胃和中，理气止痛。用于胃溃疡，糜烂性胃炎，胃酸过多，急性、慢性胃炎，肠胃神经官能症和十二指肠炎等
灵芝片,片剂,宁心安神，健脾和胃。用于失眠健忘，身体虚弱，神经衰弱，慢性支气管炎，亦可用于冠心病的辅助治疗
苦胆草片,片剂,清热燥湿，泻火。用于目赤口燥，咽喉肿痛
鸢都寒痹药酒料,酒剂,祛风散寒，舒筋活络。用于风寒湿痹，腰腿肩背疼痛，手足麻木等症
明目上清片,片剂,清热散风，明目止痛。用于暴发火眼，红肿作痛，头晕目眩，眼边刺痒，大便燥结，小便赤黄
和合丸,丸剂,除湿祛风，温经散寒，定痛止麻。用于寒湿痹痛，腰膝疼痛，拘挛痿软，行步艰难，手足麻木
金毛狗脊丸,丸剂,通经活络，强筋壮骨。用于风湿，手足麻木等症
金钱草片,片剂,清利湿热，通淋，消肿。用于热淋，沙淋，尿涩作痛，黄疸尿赤，痈肿疔疮，毒蛇咬伤，肝胆结石，尿路结石
金酸萍冲剂,颗粒剂,清热解毒，利湿退黄，有恢复肝功能、降低转氨酶的作用。用于急性黄疸型肝炎，慢性肝炎，重症肝炎
金酸萍糖浆,糖浆剂,清热解毒，利湿退黄，有恢复肝功能、降低转氨酶的作用。用于急性黄疸型肝炎，慢性肝炎，重症肝炎
金樱子冲剂,颗粒剂,固肾缩尿。用于梦遗滑精，小便失禁
鱼鳔补肾丸,丸剂,壮阳益精。用于肾阳虚弱，肾精亏损所致的头昏、眼花、耳鸣，腰痛膝软，阳痿，早泄，梦遗滑精，不育，宫冷不孕，面色发黑等症
肥儿宝冲剂 (小儿疳积冲剂),颗粒剂,利湿消积，驱虫助食，健脾益气。用于小儿疳积，暑热腹泻，呆纳自汗，烦躁失眠
乳块消片,片剂,疏肝理气，活血化瘀，消散乳块。用于乳腺增生，乳腺胀痛
炎热清胶囊,胶囊剂,解表清里，清热解毒。用于呼吸道炎、支气管炎、肺炎、急性扁桃体炎。也可用于泌尿系感染、胆道感染
治咳片,片剂,祛痰止咳。用于咳嗽痰多，伤风感冒
降舒灵片,片剂,清热利水，平肝潜阳。用于头晕、心烦、高血压
降糖甲片,片剂,补中益气，养阴生津。用于气阴两虚型消渴症（非胰岛素依赖型糖尿病）
降糖舒胶囊,胶囊剂,滋阴补肾，生津止渴。用于糖尿病及糖尿病引起的全身综合症
参芪五味子糖浆,糖浆剂,益气安神。用于疲劳过度，神经衰弱，健忘，失眠等症
参苓健体粉,散剂,补气健脾，和胃渗湿。用于消化不良、食欲不振、面黄肌瘦，精神疲乏，慢性腹泻
参茸安神片,片剂,补气养血，益精补肾，宁心安神。用于精血不足，神志不安，健忘症，心跳失眠
珍黄丸,丸剂,清热解毒，消肿止痛。用于咽喉肿痛，疮疡热疖
药墨 (八宝药墨),丹剂,清热解毒，凉血止血。用于咯血、衄血、吐血、便血，外敷疮疖
胃安胶囊,胶囊剂,养阴益胃，补脾消炎，行气止痛。用于萎缩性胃炎，出现胃脘嘈杂、上腹隐痛、咽干口燥、舌红少津、脉细数等胃阴虚证候者
胃益胶囊,胶囊剂,疏肝理气，和胃止痛，健脾消食。用于肝胃气滞，脘胁胀痛，食欲不振，嗳气呃逆，及萎缩性胃炎见上述表现者
胃舒宁冲剂,颗粒剂,镇痛，健胃，制酸。用于胃脘疼痛，胃酸过多，胃及十二指肠溃疡，慢性胃炎
胃痛定,片剂,舒气，化郁，逐寒止痛。用于胃寒痛，胃气痛，食积疼
咳宁冲剂,颗粒剂,镇咳祛痰，平喘，扶正固本。用于反复咳嗽，咯痰历年不愈，遇寒即发，咳喘胸满，慢性支气管炎，受凉引起感冒咳嗽
咳宁糖浆,糖浆剂,镇咳祛痰，平喘，扶正固本。用于反复咳嗽，咯痰历年不愈，遇寒即发，咳喘胸满，慢性支气管炎，受凉引起感冒咳嗽
垂阴茶糖浆,糖浆剂,清热解毒，除湿退黄。用于急性黄疸型肝炎、中毒性肝炎等
香连丸 (浓缩丸),丸剂,清化湿热，行气止痛。用于痢疾，里急后重，腹痛泄泻
香果健消片,片剂,健胃消食。用于消化不良，气胀饱闷，食积腹痛，胸满腹胀
香砂六君合剂,口服液,益气健脾，和胃。用于脾虚气滞，消化不良，嗳气食少，脘腹胀满，大便溏泻
复方大黄酊,酊剂,健胃药
复方羊角片,片剂,平肝，镇痛。用于偏头痛，血管性头痛，紧张性头痛及神经性头痛
复方胃宁片,片剂,理气止痛，制酸。用于肝胃不和，胃脘疼痛，吞酸嗳气
复方蛤青片,片剂,补气敛肺，止咳平喘，温化痰饮。用于肺虚咳嗽，气喘痰多，老年慢性气管炎，肺气肿。喘息性支气管炎更宜。对反复感者有预防作用
复心片,片剂,具有减少左心室作功，降低心肌耗氧量，维持氧代谢平衡，促进微动脉血流及恢复血管径的作用。用于胸闷心痛，心悸气短，冠心病，心绞痛，心律失常
保和冲剂,颗粒剂,消食，导滞，和胃。 用于食积停滞，脘腹胀满，嗳腐吞酸，不欲饮食。
保济油,搽剂,驱风，止痛，提神。用于伤风感冒，中暑头晕，舟车晕浪，头痛腹痛，皮肤瘙痒
保童化痰丸,丸剂,清热化痰，止嗽定喘。用于小儿肺胃痰热，感受风寒引起的头痛身热，咳嗽痰盛，气促喘急，烦躁不安
保婴镇惊丸,丸剂,清热，镇惊，导滞。用于急热惊风或伴有实热痰盛，目赤口疮，大便燥结，小便赤黄
胎盘片,片剂,补气，养血，益精。用于虚损赢瘦，劳热骨蒸，咳嗽咯血，盗汗遗精，神经衰弱，
独活寄生合剂,口服液,养血舒筋，祛风除湿。用于风寒湿痹，腰膝冷痛，屈伸不利
桂龙药膏,膏剂,祛风除湿，舒筋活络，温肾补血。用于风湿骨痛，慢性腰腿痛，肾阳不足及气血亏虚引起的贫血，失眠多梦，气短，心悸，多汗，厌食，腹胀，尿频等症
桂附地黄丸 (浓缩丸),丸剂,温补肾阳。用于肾阳不足，腰膝酸冷，肢体浮肿，小便不利或反多，痰饮喘咳，消渴
盐蛇散,散剂,定惊解痉，清热除痰。用于小儿惊风，痰涎壅盛
速止水泻冲剂,颗粒剂,温中，健胃，消食，止泻。用于胃肠受寒，消化不良，水泻不止
息伤乐酊,酊剂,活血化瘀，消肿止痛。用于急慢性扭挫，跌扑筋伤引起的皮肤青紫，瘀血不散，红肿疼痛，活动不利，亦可用于风湿痹痛
健阳片,片剂,补肾益精，助阳兴萎。用于肾虚阳衰引起的阳痿、早泄等性功能低下症
健脾片,片剂,健脾开胃。用于脾胃虚弱，脘腹胀满，食少便溏
健脾益肾冲剂,颗粒剂,健脾益肾。用于减轻肿瘤病人术后放、化疗副反应，提高机体免疫功能以及脾肾虚弱所引起的疾病
脑乐静 (糖浆),糖浆剂,养心、健脑、安神。用于精神忧郁，易惊失眠，烦躁及小儿夜不安寐
脑灵素胶囊,胶囊剂,补气血，健脑安神。用于神经衰弱，健忘失眠，头晕心悸，身倦无力，体虚自汗，阳痿遗精
脑得生丸,丸剂,活血化瘀，疏通经络，醒脑开窍。用于脑动脉硬化，缺血性脑中风及脑出血后遗症等
高丽清心丸,丸剂,清热，镇静，泻火，解毒，通便。用于高热烦渴，头晕目眩，心悸失眠，齿痛便秘
消水导滞丸,丸剂,通腑利水，消食化滞。用于肠胃积滞，宿食难消，蓄水腹胀
消炎止痢灵片,片剂,清热燥湿，抗菌消炎。用于菌痢，胃肠炎等
消炎灵片,片剂,清热解毒，消肿止痛。用于上呼吸道炎，支气管炎，鼻炎，咽喉炎，扁桃体炎，细菌性痢疾及慢性胆囊炎
消炎镇痛膏,膏剂,消炎镇痛。用于神经痛，风湿痛，肩痛，扭伤，关节痛，肌肉疼痛等
消炎解毒丸,丸剂,清热解毒，凉血消炎。用于疮疡热毒，红肿疼痛，妇女乳疮，小儿疮疖
消渴平片,片剂,益气养阴，清热泻火，益肾缩尿。用于糖尿病
海马巴戟胶囊,胶囊剂,温肾壮阳，填精益髓。用于气血两亏，体质虚弱，精力不足，阳痿、早泄等症
益肝膏,膏剂,滋补肝肾，健脾开胃，活血化瘀。用于慢性肝炎引起的面色萎黄或晦暗，肝脾增大，胁肋疼痛，脘腹胀满，纳食不佳，倦怠乏力，腰酸腿软，大便糟杂
调胃舒肝丸,丸剂,舒肝和胃，解郁止痛。用于脾胃不和，肝郁不舒引起的胃脘刺痛，两胁胀满，嗳气吞酸，饮食无味
调经止痛片,片剂,补气活血，调经止痛。用于月经不调，经期腹痛，产后瘀血不尽等
祛风湿药酒 (风湿药酒),酒剂,祛风化湿，活络止痛。用于痹证，风湿性关节炎，类风湿性关节炎，肩周炎
祛暑丸,丸剂,消暑去湿，和胃止泻。用于中暑外感，憎寒发热，头疼身倦，腹胀吐泻
黄疸肝炎丸,丸剂,舒肝利胆，除湿理气。用于湿热熏蒸，皮肤黄染，胸胁胀痛，小便短赤，急性肝炎，胆囊炎
菌痢平片,片剂,清热解毒，化滞止痢。用于肠胃食滞，寒热凝结引起的赤白痢疾，脓血相杂，里急后重，腹痛下坠，不思饮食，身体倦怠，恶心呕吐
雪莲药酒,酒剂,祛风散寒，补肾活血。用于风寒湿痹，筋骨疼痛，四肢麻木
爽口托疮膜,膜剂,清湿解热，泻火毒，收敛生肌。用于口疮
救尔心胶囊,胶囊剂,活血通脉，化瘀生新。用于冠心病，心绞痛
婴儿平 (散),散剂,消食化积、健脾止泻。用于发热咳嗽，口臭舌干，消化不良，呕吐腹泻，腹胀腹痛，大便秘结
婴儿保肺宁 (散),散剂,清肺化痰，止咳降逆。用于肺热咳嗽，喘满痰盛，呕吐身热
婴儿保肺宁胶囊,胶囊剂,清肺化痰，止咳降逆。用于肺热咳嗽，喘满痰盛，呕吐身热
野菊花栓,栓剂,抗菌消炎。用于前列腺炎及慢性盆腔炎等疾病
银翘解毒冲剂,颗粒剂,辛凉解表，清热解毒。用于风热感冒，发热头痛，咳嗽口干，咽喉疼痛
清金宁肺丸,丸剂,祛痰、止嗽、定喘。用于肺失清肃引起的咳嗽白痰，胸满气喘，睡眠不安，精神疲倦
清凉眼药膏,膏剂,消炎，抑菌，收敛。用于结膜炎，睑缘炎，砂眼，麦粒肿
清膈丸,丸剂,清热利咽，消肿止痛。用于内蕴毒热引起的口渴咽干，咽喉肿痛，水浆难下，声哑失音，面赤肥肿，大便燥结
清热醒脑灵丸,丸剂,清热解毒，开窍醒脑，息风安神。用于脑炎、高血压及各种高烧
清热醒脑灵片,片剂,清热解毒，开窍醒脑，息风安神。用于脑炎、高血压及各种高烧
清瘟解毒膏,膏剂,清瘟解毒。用于时疫外感，发热怕冷，头痛无汗，口渴咽干，四肢酸痛，痄腮肿痛
清暑解毒冲剂,颗粒剂,清暑解毒，生津止渴，并能防治痱热疖。用于夏季暑热，高温作业
清燥润肺合剂,口服液,清燥润肺。用于燥气伤肺，干咳无痰，气逆而喘，咽干鼻燥，心烦口渴
痔特佳片,片剂,清热消肿，凉血止血，收敛。用于一、二期内痔，血栓性外痔，肛窦炎、直肠炎，对其它痔疮有缓解作用
康复灵栓,栓剂,清热解毒，燥湿杀虫，收敛止痒。用于各种病因所致的阴道炎症
鹿胎胶囊,胶囊剂,补气养血，通经散寒。用于气血不足，虚弱赢瘦，月经不调，行经腹痛，寒湿带下
蛤蚧大补丸 (胶囊),胶囊剂,补血益气，健脾暖胃，祛风湿，壮筋骨。用于男女体弱，头晕目眩，食欲不振，腰酸骨痛
蛤蚧补肾丸 (胶囊),胶囊剂,壮阳益肾，填精补血。用于身体虚弱，真元不足，小便频数
舒心糖浆,糖浆剂,补益心气，活血化瘀，改善心功能。用于冠心病，心绞痛，胸痛，胸闷，气短，乏力
舒肝丸 (浓缩丸),丸剂,舒肝和胃，理气止痛。用于肝郁气滞，胸胁胀满，胃脘疼痛，嘈杂呕吐，嗳气泛酸
舒肝调气丸,丸剂,舒气开郁，健胃消食。用于两胁胀满，胸中烦闷，呕吐恶心，气逆不顺，倒饱嘈杂，消化不良，大便燥结
舒胆胶囊,胶囊剂,疏肝利胆止痛，清热解毒排石。用于胆囊炎，胆管炎、胆道术后感染及胆道结石
舒筋活血定痛散,散剂,舒筋活血，散瘀止痛。用于跌打损伤，闪腰岔气，伤筋动骨，血瘀肿痛
舒冠片,片剂,养阴活血，益气温阳。用于防治冠心病、心绞痛，动脉粥样硬化，高脂血症及抗血栓形成等
脾肾两助丸,丸剂,健脾益气，滋补肝肾。用于脾肾虚弱而致的肢体倦怠，气虚无力，不思饮食，胃脘痞闷，腰痛腰困，腰膝疲软，梦遗滑精，头晕耳鸣
锁精丸 (锁精丹),丹剂,补养心脾，益肾固精。用于早泄遗精，自汗盗汗，失眠多梦，腰膝酸软，肢体瘦弱等
痛经片,片剂,活血，理气，散寒止痛。用于寒凝气滞，经来腹痛
痛肿灵 (酊剂),酊剂,祛风除湿，消肿止痛。用于风湿骨痛，跌打损伤
滋阴虎潜丸,丸剂,养阴潜阳，强筋壮骨。用于肾阴不足，筋骨痿软，精血亏损，骨蒸劳热
蒲公英冲剂,颗粒剂,清热消炎。用于上呼吸道感染，急性扁桃体炎，疖肿，乳腺炎
感冒灵冲剂,颗粒剂,解热镇痛。用于感冒引起的头痛，发热，鼻塞，流涕，咽痛等
暖胃舒乐片,片剂,温中补虚，调和肝脾，行气活血，止痛生肌。用于脾胃虚寒及肝脾不和型胃溃疡，十二指肠溃疡，慢性胃炎，症见脘腹疼痛，腹胀喜温，反酸嗳气
愈伤灵胶囊,胶囊剂,活血散瘀，消肿止痛。用于跌打挫伤，筋骨瘀血肿痛，亦可用于骨折的辅助治疗
腮腺宁糊剂,口服液,散瘀解毒，消肿止痛。用于腮腺炎，红肿热痛
解郁和肝丸,丸剂,舒肝开郁，顺气消胀。用于肝郁气滞引起的胸胁串痛，脘腹胀满，吞酸嘈杂，不思饮食
精制狗皮膏,膏剂,舒筋、活血、散寒、止痛。用于筋骨痛，急性挫伤，扭伤，风湿痛，关节痛，胁痛，肌肉酸痛等症
麝香丸,丸剂,清热解毒，镇痉止痛。用于小儿急惊，发热抽搐，咽喉肿痛，痈疽疮疡，乳痈，痄腮
麝香虎骨膏,膏剂,镇痛，消炎。用于风湿痛，关节痛，腰痛，神经痛，肌肉酸痛，扭伤，挫伤
麝香活血化瘀膏,膏剂,活血化瘀，消炎止痛。用于关节扭伤，软组织挫伤，急性腰扭伤，腰肌劳损，肩周炎，未溃冻疮，结节性红斑
麝香镇痛膏,膏剂,散寒，活血，镇痛。用于风湿性关节痛，关节扭伤
一扫光药膏,膏剂,消肿，解痒，止痛。用于小儿胎毒，湿疹，黄水疮及疥癣类疾病
十灰散,散剂,凉血止血。用于男妇吐血，衄血，血崩及一切血出不止诸症
十香丸,丸剂,疏肝行气，散寒止痛。用于气滞寒凝引起的疝气、腹痛等症
七叶莲酊,酊剂,祛风除湿，活血止痛。用于风湿痹痛，胃痛，跌打骨折，外伤疼痛
七宝美髯冲剂,颗粒剂,滋补肝肾。用于肝肾不足，发早白，遗精早泄，头眩耳鸣，腰酸背痛
人参珍珠口服液,口服液,补气健脾，安神益智。用于心悸失眠，头昏目糊，健忘，乏力等
人参保肺丸,丸剂,益气补肺，止嗽定喘。用于肺气虚弱，津液亏损引起的虚劳久嗽，气短喘促等症
儿科七厘散,散剂,清热镇惊，祛风化痰。用于小儿急热惊风，感冒发热，痰涎壅盛
三才封髓丸,丸剂,益肾固精。用于肾气虚弱，梦遗失精
三白草肝炎糖浆,糖浆剂,清热利湿，舒肝解郁，祛瘀退黄，利胆降酶。用于急性黄疸和无黄疸型肝炎，迁延性、慢性肝炎等
下消丸,丸剂,固肾，涩精，化浊。用于遗精，精浊，遗尿，尿频
万应茶,茶剂,疏风解表，健脾和胃，祛痰利湿。用于外感风寒，食积腹痛，呕吐泄泻，胸腹胀满，痢疾
万应甘和茶,茶剂,芳香解表，燥湿和中，升清降浊。用于感冒发热，腹痛吐泻，暑湿泄泻
万宝油,搽剂,清凉，镇痛，驱风，消炎，抗菌。用于伤风感冒，中暑目眩，胀风肚痛，头痛牙痛，筋骨疼痛，舟车晕浪，水火烫伤，蚊虫叮咬等所引起的不适
大七厘散,散剂,化瘀消肿，止痛止血。用于跌打损伤，瘀血疼痛，外伤止血
山楂丸,丸剂,消积化滞。用于食积，肉积，停滞不化，痞满腹胀，饮食减少
山楂精降脂片,片剂,降血脂。用于治疗高血脂症，亦可作为冠心病和高血压的辅助治疗
千金散,散剂,清热解毒，镇痉定惊。用于小儿惊风高热，手足抽搐，痰涎壅盛，神昏谵语
小儿七星茶冲剂,颗粒剂,定惊消滞。用于小儿消化不良，不思饮食，二便不畅，夜寐不安
小儿七星茶糖浆,糖浆剂,定惊消滞。用于小儿消化不良，不思饮食，二便不畅，夜寐不安
小儿化痰止咳冲剂,颗粒剂,祛痰镇咳。用于小儿咳嗽，支气管炎
小儿化痰止咳糖浆,糖浆剂,祛痰止咳。用于小儿咳嗽，支气管炎
小儿百日咳散,散剂,止咳，化痰，平喘。用于小儿百日咳及各种咳嗽
小儿咳喘宁糖浆,糖浆剂,宣肺泄热，平喘祛痰，止咳消食。用于表邪入里，肺热壅遏，兼有食积引起的哮喘咳嗽，痰多色黄，纳呆便秘等
小儿感冒宁糖浆,糖浆剂,疏散风热，清热止咳。用于春、秋、冬季小儿感冒发烧，汗出不爽，鼻塞流涕，咳嗽咽痛
女科十珍丸,丸剂,补益气血，理气调经。用于气血虚弱而气滞的月经不调，痛经等症
天王补心液,口服液,滋阴养血，补心安神。用于心阴不足，心悸健忘，失眠多梦，大便干燥
无比山药丸,丸剂,健脾补肾。用于脾肾两虚，食少肌瘦，腰膝酸软，目眩耳鸣
止泻冲剂,颗粒剂,清热解毒，燥湿导滞，理气止痛。用于急性肠胃炎，止呕止泻，退热止痛
止咳宁嗽胶囊,胶囊剂,疏风散寒，宣肺解表，镇咳祛痰。用于风寒咳嗽，呕吐，咽喉肿痛等症
止咳枇杷合剂,口服液,清肺，止咳，化痰。用于咳嗽多痰，支气管炎
止咳枇杷糖浆,糖浆剂,清肺，止咳，化痰。用于咳嗽多痰，支气管炎
止痒消炎水,酊剂,消炎、止痒。用于夏季皮炎，痱子，皮肤瘙痒等
牛黄清热胶囊,胶囊剂,清热镇惊。用于温邪入里引起的高烧痉厥，四肢抽动，烦躁不安，痰浊壅塞
升气养元糖浆,糖浆剂,补益元气，健脾养血。用于气血不足，脾胃虚弱，血虚萎黄，四肢乏力
化虫丸,丸剂,杀虫消积。用于虫积腹痛，蛔虫、绦虫、蛲虫等寄生虫病
乌鸡桂圆补酒,酒剂,养阴益心脾，和血通络。用于心悸怔忡，健忘失眠，月经不调，筋骨痹痛
风油精,口服液,消炎、镇痛，清凉、止痒，驱风。用于伤风感冒引起的头痛、头晕以及由关节痛、牙痛、腹部胀痛和蚊虫叮咬、晕车等引起的不适
风痛灵,颗粒剂,活血散瘀，消肿止痛。用于扭挫伤痛，风湿痹痛，冻疮红肿
风寒咳嗽丸,丸剂,温肺散寒，祛痰止咳。用于外感风寒，头痛鼻塞，痰多咳嗽，胸闷气喘
风湿止痛药酒,酒剂,祛风除湿。用于腰腿疼痛，肢体麻木，手足拘挛，关节疼痛
六君子丸,丸剂,补脾益气，燥湿化痰。用于脾胃虚弱，食量不多，气虚痰多，腹胀便溏
六郁丸,丸剂,疏郁化结，顺气导滞。用于气、血、痰、湿、食、火郁结
心可宁胶囊,胶囊剂,活血散瘀，开窍止痛。用于冠心病，心绞痛，胸闷，心悸，眩晕
双龙风湿跌打膏,膏剂,镇痛，消肿，去瘀。用于跌打挫伤红肿，积瘀疼痛，关节痛，风湿骨痛
甘和茶,茶剂,清暑散热，生津止渴。用于感冒发热，中暑口渴，预防感冒
甘露消毒丸,丸剂,芳香化浊，清热解毒。用于暑湿蕴结，身热肢酸，胸闷腹胀，尿赤黄疸
甘露解热口服液,口服液,清热解毒，解肌退热。用于内蕴伏热，外感时邪引起的高热不退，烦躁不安，咽喉肿痛，大便秘结等症
归肾丸,丸剂,滋阴养血，填精益髓。用于肾水不足，腰酸脚软，精亏血少，头晕耳鸣
归脾液,口服液,益气健脾，养血安神。用于心脾两虚，气短心悸，失眠多梦，头昏头晕，肢倦乏力，食欲不振，崩漏便血
叶绿油,搽剂,芳香开窍，消疲提神，祛风除湿，理气止痛。用于关节痛，神经痛，扭挫伤痛，伤风感冒引起的头痛及蚊虫叮咬痒痛，晕车、中暑和疖疮初起，小伤出血，轻度烫伤；内服驱除肠胃积气，止痛，止泻
四时甘和茶,茶剂,祛暑解表，消积，醒酒。用于感冒中暑，食积腹胀，呕吐泄泻，醉酒
四逆散,散剂,透解郁热，疏肝理脾。用于热厥手足不温，脘腹胁痛，泄痢下重
史国公药酒,酒剂,祛风除湿，活血通络。用于风寒湿痹，骨节疼痛，四肢麻木
玄麦甘桔冲剂,颗粒剂,滋阴清热，祛痰利咽。用于虚火上炎，口鼻干燥，咽喉肿痛
宁嗽化痰丸,丸剂,止嗽化痰，清热定喘。用于多年咳嗽，老病痰喘，咽干口渴，胸闷气短，痰中带血
头风痛丸,丸剂,祛风止痛。用于偏头痛，眉棱骨痛，额窦炎
头痛定糖浆,糖浆剂,养阴，清热，止痛。用于神经性头痛，脑震荡后遗症等
加味银翘片,片剂,辛凉透表，清热解毒。用于外感风热，发热头痛，咳嗽，口干，咽喉疼痛
加减地黄丸,丸剂,滋补肝肾。用于肝肾不足，头晕耳鸣，潮热，盗汗遗精
老年咳喘片,片剂,滋阴壮阳，扶正固本。提高免疫能力，促进病体康复。用于老年慢性支气管炎及各种体虚症
西黄丸,丸剂,清热解毒，和营消肿。用于痈疽疔毒，瘰疬，流注，癌肿等
百部丸,丸剂,润肺止咳，补虚杀虫。用于骨蒸劳嗽，肺结核病
回生第一丹胶囊,胶囊剂,活血散瘀，消肿止痛。用于跌打损伤，闪腰岔气，伤筋动骨，皮肤青肿，血瘀疼痛
伤风咳茶,茶剂,解表发散，清肺止咳。用于伤风发热，咳嗽鼻塞
伤湿丸,丸剂,舒筋活络，清热除湿，消肿止痛。用于跌打损伤，扭伤，腰肌劳损，风湿筋骨痛，神经痛
杀虫丸,丸剂,杀虫导滞。用于肠道虫积引起的虫积腹痛，停食停乳，饮食少进，大便燥结
安尔眠糖浆,糖浆剂,安神。用于神经衰弱和失眠
羊痫疯癫丸,丸剂,平肝舒气，降痰疗痫。用于痰热内闭，忽然昏倒，口角流涎，手足抽动
冲和散,散剂,活血散瘀，消肿止痛。用于痈疽初起，湿痰流注、瘀血流注
妇科得生丸,丸剂,解郁和肝，化瘀调经。用于肝郁不舒，气凝血滞引起的经期不准，行经腹痛，胸满肋痛，午后身烧，倦怠食少
妇科通经丸 (保坤丹),丹剂,破瘀通经，解郁止痛。用于痛经，闭经，胸隔痞闷，腰腹胀痛
护肝片,片剂,疏肝理气，健脾消食。具有降低转氨酶作用。用于慢性肝炎，迁延性肝炎及早期肝硬化等
肝舒乐冲剂,颗粒剂,疏肝开郁，和解少阳，清热解毒，利黄疸，健脾胃。用于黄疸型及非黄疸型肝炎；对慢性肝炎，迁延性肝炎亦有一定疗效
肝福冲剂,颗粒剂,清热，利湿，舒肝，理气。用于急性黄疸性肝炎，慢性肝炎活动期，急慢性胆囊炎
沉香化滞丸,丸剂,理气化滞。用于饮食停滞，胸腹胀满
灵源万应茶,茶剂,疏风解表，调胃健脾，祛痰利湿。用于感冒发热、中暑、痢疾、腹痛吐泻
青蛤散,散剂,清热解毒，燥湿杀虫。用于皮肤湿疮，黄水疮
武力拔寒散,散剂,祛风散寒，活血通络。用于感受风寒，筋骨麻木，肩背酸痛，腰痛寒腿，饮食失调，胃寒作痛，肾寒精冷，子宫寒冷，行经腹痛，寒湿带下
肾舒冲剂,颗粒剂,清热解毒，利水通淋。用于尿道炎，膀胱炎，急、慢性肾盂肾炎
抱龙丸,丸剂,祛风健胃。用于小儿风痰吐乳、腹泻
固精补肾丸,丸剂,温补脾肾。用于脾肾虚寒，食减神疲，腰酸体倦，早泄梦遗
明目地黄丸 (浓缩丸),丸剂,滋肾，养肝，明目。用于肝肾阴虚，目涩畏光，视物模糊，迎风流泪
罗布麻叶冲剂,颗粒剂,清热降火，平肝熄风。用于肝火气盛，头痛，脑胀，多梦，失眠及高血压病
败毒散,散剂,发汗解表，散风祛湿。用于伤寒温病，憎寒壮热，项强头痛，四肢酸痛，噤口痢疾，无汗鼻塞，咳嗽有痰
金刚藤糖浆,糖浆剂,清热解毒，消肿散结。用于附件炎和附件炎性包块及妇科多种炎症
金菌灵胶囊,胶囊剂,调补气血，扶正固本。用于胃炎，慢性肝炎，神经性皮炎及癌症病人的辅助治疗
炎立消片,片剂,清热解毒，消炎止痢。用于急性菌痢、肠炎及上呼吸道感染、咽喉肿痛，急慢性扁桃体炎等细菌感染性疾病
治疝茴香丸,丸剂,温经散寒，消疝止痛。用于寒疝腹痛，睾丸偏坠，阴囊肿胀
治咳川贝枇杷露,露剂,镇咳祛痰。用于感冒及支气管炎引起的咳嗽
降压袋泡茶,茶剂,清热泻火，平肝明目。用于高血压病属肝火盛的头痛、眩晕、目胀牙痛等症
参贝陈皮,茶剂,止咳化痰，生津消渴，用于肺虚咳嗽，津少口渴
参术健脾丸,丸剂,健脾消食。用于脾胃虚弱，食少便溏，消化不良，脘腹胀满
参耳五味晶,颗粒剂,益气养阴，润肺生津。用于头晕眼花，心悸失眠，久咳伤肺，虚热烦渴，自汗盗汗，神疲乏力
参芪片,片剂,补益元气。用于气虚体弱，四肢无力
参茸三肾胶囊,胶囊剂,益气壮阳。用于肾气不足引起：精神衰弱，阳痿遗精，腰酸腿软，耳鸣自汗，肾囊湿冷
参桂养荣丸,丸剂,益气补血，养心安神。用于气血两亏，惊悸健忘，身倦乏力
参梅养胃冲剂 (胃炎康冲剂),颗粒剂,养阴和胃。用于胃痛灼热，嘈杂似饥，口咽干燥，大便干结；浅表性胃炎，胃阴不足型慢性胃炎及各种胃部不适症
封髓丸,丸剂,滋阴降火。用于阴虚火旺，梦泄遗精
珍珠牛黄散,散剂,清热解毒，消肿止痛。用于热毒壅盛引起的白喉，咽喉肿痛，喉痹口疳
珍黛散,散剂,清热解毒，消炎止痛，生肌收敛。用于口舌生疮，复发性口腔溃疡及疱疹性口腔炎
南板蓝根冲剂,颗粒剂,清热解毒，凉血。用于温病发热，热毒发斑，风热感冒，咽喉肿烂，流行性乙型脑炎，肝炎，腮腺炎
胡氏六神丸,丸剂,消肿解毒，止痛退热，镇惊安神。用于喉风喉痹、喉痛、双单乳蛾等咽喉诸症，疗毒、痈疮、小儿急热惊风及一般红肿热痛等症
茵白肝炎冲剂,颗粒剂,清热解毒，利湿退黄，理气活血。用于急性黄疸型肝炎，对湿热型慢性肝炎也有效
茵胆平肝胶囊,胶囊剂,清热利湿，消黄。用于急性黄疸型肝炎，亦可用于慢性肝炎
砂仁驱风油,搽剂,祛风，行气，降逆，消炎，镇痛，用于食滞不化，腹胀，胃痛，呕吐，伤风鼻塞，头晕头痛，中暑晕厥，风湿骨痛，神经痛，蚊虫咬伤等
胃苓丸,丸剂,消胀利水。用于呕吐泄泻，胸腹胀满，小便短少
胃康灵胶囊,胶囊剂,柔肝和胃，散瘀止血，缓急止痛，去腐生新。用于急慢性胃炎，胃溃疡，糜烂性胃炎，十二指肠溃疡及胃出血等症
咽喉消炎丸,丸剂,清热解毒，消肿，止痛。用于咽喉肿痛 (食道炎、咽喉炎、急慢性扁桃腺炎)
咳嗽枇杷糖浆,糖浆剂,宣肺化痰，止咳平喘。用于感冒咳嗽，急、慢性支气管炎
冠脉乐片,片剂,增加冠状动脉血流量，降低冠脉阻力，改善心肌缺血，止咳化痰，镇静安眠，提高机体免疫力。用于冠心病，慢性支气管炎，神经衰弱等症
香连止泻片,片剂,清热祛湿，化滞止痢。用于肠中蕴热引起的红白痢疾，腹痛下坠，饮食无味，四肢倦怠
香砂理中丸,丸剂,健脾和胃，温中行气。用于脾胃虚寒，气滞腹痛，反胃泄泻
秋水健脾散,散剂,益气健脾，开胃消食。用于脾胃虚弱，胸腹胀满，食少便溏
复方北五味子片,片剂,敛肺补肾，养心安神。用于失眠，心悸，自汗，盗汗等症
复方岩连片,片剂,清热解毒，化痰止咳。用于上呼吸道感染引起的感冒咳嗽，急慢性支气管炎，咽喉炎，扁桃体炎等
复方珍珠暗疮片,片剂,清热解毒，凉血通脉。用于消除青年脸部痤疮（俗称暗疮）及皮肤湿疹、皮炎等
复方益母草流浸膏,膏剂,调经活血，祛瘀生新。用于月经不调，产后子宫复归不全，恶露不行或过多
复方硫黄乳膏 (维肤康乳膏),膏剂,解毒，杀虫，疗疮，止痒。主用于疥癣、湿疹等皮肤病及脂溢性皮炎
复方矮地茶片,片剂,清热解毒，化痰止咳。用于肺热咳嗽及慢性气管炎等症
保胎丸,丸剂,补气养血，保产安胎。用于妊娠气虚，腰酸腿痛，胎动不安，屡经流产
保肝合剂,口服液,清热除蒸，舒肝活血，健脾利湿。用于血吸虫病引起的肝脾肿大，慢性肝炎，肝硬化，食欲不振，肝郁脾虚
顺气消食化痰丸,丸剂,顺气，消食，化痰。用于积食不化，胸胀闷，气逆不顺，咳嗽痰多，酒食生痰
泉州茶饼,茶剂,散寒理气，健脾开胃，利湿消积。用于伤风感冒，脾胃失调，食积腹痛
泉州百草曲,茶剂,解表祛暑，醒脾健胃，祛痰利湿，清热消积，理气止痛。用于中暑发热，头昏气喘，山岚瘴气，疟疾，食积不化，脘腹胀满，咽干口渴
肺结核丸,丸剂,敛阴补肺。用于肺空洞，肺出血
养阴清肺丸,丸剂,养阴清肺，清热利咽。用于咽喉干燥疼痛，干咳少痰，痰中带血
敖东壮肾丸,丸剂,补肾壮阳，益气养血。用于肾阳不足，气血虚弱
莱阳梨膏,膏剂,止咳化痰，生津止渴。用于咳嗽痰喘，痰中带血，咽干口渴，声重音哑等症
莲花峰茶,茶剂,疏风散寒，清热解暑，祛痰利湿，健脾开胃，理气和中。用于四时感冒，伤暑挟湿，脘腹胀满，呕吐泄泻
艳友茶,茶剂,清热解毒，活血化瘀，抑制血小板聚集，预防血栓形成。用于高血压，动脉硬化，肥胖症等的辅助治疗
柴芍六君丸,丸剂,舒肝解郁，健脾和胃，益气养血。用于脾胃虚弱，肝胃不和，脾虚溏泄，呕吐吞酸，腹胀腹痛
健儿素冲剂,颗粒剂,益气健脾，和胃运中。用于小儿脾胃虚弱，消化不良，腹满胀痛，面黄肌瘦
健身糖浆,糖浆剂,益气活血，舒筋活络。用于劳倦乏力，关节及腰背酸痛，月经失调，贫血失眠
健胃宽胸丸,丸剂,健胃宽胸，除湿化痰。用于胸腹胀满，气滞不舒，脾胃不和，痰饮湿盛
健脾增力丸,丸剂,健脾消食。用于脾胃不健，腹胀久泻，面黄肌瘦，消化不良，食欲不振
豹潜丸,丸剂,滋阴降火，强筋壮骨。用于肝肾不足，筋骨痿软，步履不便，骨蒸劳热
益母丸,丸剂,调经养血，化瘀生新。用于气逆血滞、血亏血寒引起：经期不准，腹痛白带，腰酸倦怠，血虚头晕，耳鸣，产后败血不净
益母冲剂,颗粒剂,活血调经，行气止痛。用于气滞血瘀，月经不调，痛经，产后瘀血腹痛
消风止痛宁,口服液,祛风通络，消肿止痛。用于急慢性风湿性关节炎，肩周炎
消炎生肌膏 (玉红膏),膏剂,清热凉血，去腐生新。用于各种慢性溃疡，久不收口
消积化虫散,散剂,消积化虫，开胃增食。用于小儿厌食纳呆，消化不良，食积虫积，脘腹胀痛
消渴降糖片,片剂,清热生津，益气养阴。用于糖尿病
消痰益康 (糖浆),糖浆剂,祛痰，止咳平喘，补阳益气。用于久咳及慢性气管炎，肺心病
海珠喘息定片,片剂,平喘，祛痰，镇静，止咳。用于支气管哮喘，慢性支气管炎
海蛇天麻酒,酒剂,滋补健身，舒筋活络，祛风除湿。用于体质虚弱，风湿痹痛，肢体麻木等
调经丸,丸剂,理气和血，调经止痛。用于气郁血滞，月经不调，经来腹痛，崩漏白带
调经白带丸,丸剂,调经补血，滋肾养阴。用于月经不调，白带多，腰膝酸痛等
调经至宝丸,丸剂,破瘀，调经。用于妇女血瘀积聚，月经闭止，经期紊乱，行经腹痛
调经补血丸,丸剂,理气，养血，通经。用于血虚气滞，月经不调，腰酸腹痛
调经种子丸,丸剂,活血调经。用于月经不调，经期腹痛，月经过多，久不受孕
调经养血丸,丸剂,补血，理气，调经。用于血虚气滞，月经不调，腰酸腹胀，赤白带下
调经健胃丸,丸剂,活血调经，消积化滞。用于月经失调，瘀血积聚，行经腹痛，赤白带下，经血闭止，癥瘕痞块，鼓胀膨闭，气滞食积，红白痢疾，胃气疼痛
通脉降脂片,片剂,降脂化浊，活血通脉。用于治疗高血脂症，防治动脉粥样硬化
桑椹膏,膏剂,补肝肾，益精血。用于肝肾精血亏损引起的身体消瘦，腰膝酸软，遗精盗汗，头晕眼花，口渴咽干
黄升丹 (三仙丹),丹剂,杀菌，拔毒，排脓，去腐生肌。用于梅毒，下疳，横痃，溃疡漏管，疥疮秃疮，顽痒湿疹
黄连清胃丸,丸剂,清胃泻火。用于口舌生疮，牙龈肿痛，胃热牙痛，暴发火眼
梅核气丸,丸剂,舒肝顺气，利膈解郁。用于梅核气，舌咽神经官能症，以及胸隔不舒，两胁胀满
蛇胆川贝液,口服液,祛风止咳，除痰散结。用于风热咳嗽，痰多气喘，胸闷，咳痰不爽或久咳不止
蛇胆陈皮化痰散,散剂,祛风化痰，清热安神。用于痰热发狂，神志不宁，咳痰喘促
银密片,片剂,增加冠脉血流量，降低冠脉阻力，改善心肌缺血，止咳化痰，镇静安眠，提高机体免疫力。用于冠心病，慢性支气管炎，神经衰弱等症
情安喘定片,片剂,平喘，止咳，祛痰，消炎。用于慢性支气管炎，支气管哮喘等
清风油,搽剂,驱风，止痛。用于伤风感冒，头晕，头痛，舟车晕浪，风湿骨痛，牙痛，蚊叮虫咬，皮肤瘙痒等
清火栀麦胶囊,胶囊剂,清热解毒，凉血消肿。用于咽喉肿痛，发热，牙痛，目赤
清脑复神液,口服液,清心安神，化痰醒脑，活血通络。用于神经衰弱，失眠，顽固性头痛，脑震荡后遗症所致头痛、眩晕、健忘、失眠等症
清凉丹,丹剂,祛风，舒气，健胃。用于晕船，晕车，胃闷不舒及因气候闷热而引起的不适
清凉防暑冲剂,颗粒剂,清热祛暑，利尿生津。用于暑热，身热，口干，尿赤和预防中暑
清热祛湿冲剂,颗粒剂,清热祛湿，益气生津。用于暑湿病邪引起的四肢疲倦，食欲不振，身热口干等
清热消炎宁（胶囊）,胶囊剂,清热解毒，消炎止痛，舒筋活络。用于流行性感冒，咽喉炎，肺炎，菌痢，急性胃肠炎，阑尾炎，烧伤，疮疡脓肿，蜂窝织炎
清热凉血丸,丸剂,滋阴，清热，凉血。用于孕妇上焦火盛，头晕目眩，口舌生疮，耳鸣牙痛，孕妇血热子烦
清热凉血膏,膏剂,滋阴，清热，凉血。用于孕妇上焦火盛，头晕目眩，口舌生疮，耳鸣牙痛，孕妇血热子烦
清热感冒冲剂,颗粒剂,清热解表，宣肺止咳。用于伤风感冒引起的头痛、发热、咳嗽
添精补肾膏,膏剂,壮元阳，补精血。用于肾阳亏虚，精血不足，腰膝酸软，形寒肢冷，阳痿泄精，神经衰弱
维甜美降糖茶,茶剂,滋阴清火，生津止渴，降糖降脂。用于糖尿病患者消除口渴、多饮等症
琥珀化痰镇惊丸,丸剂,清热化痰，镇惊安神。用于内热痰盛，惊风抽搐，咳嗽气短，烦躁不安
琥珀多寐丸,丸剂,平肝安神。用于肝阳上亢，心神不安，惊悸怔忡，失眠
散风活血膏,膏剂,散风活血，强筋壮骨。用于受风受寒，四肢麻木，腰腿酸痛，跌打损伤，伤筋动骨，筋骨疼痛
蛤蚧定喘丸,丸剂,滋阴清肺，止咳定喘。用于虚劳久咳，年老哮喘，气短发热，胸满郁闷，自汗盗汗，不思饮食
黑锡丹,丹剂,升降阴阳，坠痰定喘。用于真元亏惫，上盛下虚，痰气喘急，胸腹冷痛
跌打药酒,酒剂,活血散瘀，消肿止痛。用于跌打损伤，瘀血肿痛，筋骨酸痛
喉药散,散剂,清咽利喉，消肿定痛。用于咽喉肿痛，口舌生疮，牙龈溃烂，乳蛾，小儿热盛惊风
阑尾消炎丸,丸剂,清热解毒，散瘀消肿。用于急慢性阑尾炎
舒肝止痛丸,丸剂,舒肝理气，和胃止痛。用于肝胃不和，肝气郁结，胸胁胀满，呕吐酸水，脘腹疼痛
舒肝健胃冲剂,颗粒剂,舒肝理气，健胃消食。用于胸胁满闷，食后胀饱，胃脘疼痛，反胃吞酸，大便秘结
温经白带丸,丸剂,温经散寒，祛湿，固涩止带。用于湿注带下，月经不调，头晕眼花，腰酸胸闷
疏风活络片,片剂,疏风活络，散寒祛湿。用于风寒湿痹，四肢麻木，关节、腰背酸痛等症
腹安冲剂,颗粒剂,清热解毒，燥湿止痢。用于痢疾，急性胃肠炎，腹泻、腹痛
满山白片,片剂,祛痰止咳。用于急、慢性支气管炎
满山白冲剂,颗粒剂,祛痰止咳。用于急、慢性支气管炎
满山白糖浆,糖浆剂,祛痰止咳，用于急、慢性气管炎
槟榔四消片,片剂,清理肠胃，化滞消食，利水消胀。用于停食停水，气滞痰凝，消化不良，倒饱嘈杂，呕恶吞酸，大便秘结
慢肝养阴胶囊,胶囊剂,养阴清热，滋补肝肾。用于迁延性肝炎，慢性肝炎，肝炎后综合症
漳州神曲,茶剂,疏风解表，调和脾胃，消食导滞，止呕止泻。用于感冒，食积，腹胀，呕吐，泄泻等症
辣椒风湿膏,膏剂,祛风散寒，舒筋活络，消肿止痛。用于关节疼痛，腰背酸痛，扭伤瘀肿及慢性关节炎和未溃破的冻疮等
橄榄晶冲剂,颗粒剂,开胃下气，消食导滞，祛暑止泻，增进食欲，醒酒止呕。用于食积停滞，食欲不振，胸腔痞满，暑湿腹泻，醉酒呕吐
橘核丸,丸剂,理疝软坚。用于疝气
藿香正气冲剂,颗粒剂,解表，化湿，理气，和中。用于外感风寒，内伤湿滞，头痛昏重，胸膈痞闷、脘腹胀痛，呕吐泄泻
一柱天酒,酒剂,温补肾阳，填精补血。用于久病气虚神疲，畏寒肢冷，阳痿遗精，阳衰无子，小便自遗，腰膝酸软，下肢浮肿，饮食少进，大便不实
丁香烂饭丸,丸剂,温中化积，理气止痛。用于冷饮食伤，腰腹疼痛
八珍液,口服液,补气益血。用于气血两虚，面色萎黄，食欲不振，四肢乏力，月经过多
人参健脾片,片剂,补气健脾，开胃消食。用于脾虚湿困所致的食少便溏，或吐或泻，脘腹胀满，四肢乏力，面色萎黄等症
三黄宝蜡丸,丸剂,活血，祛瘀，解毒。用于跌打损伤，瘀血积聚，遍身肿痛，外敷蛇虫咬伤
大卫冲剂,颗粒剂,清热解毒，疏风透表。用于感冒发热，头痛，咳嗽，鼻塞流涕，咽喉肿痛等症，对病毒性感冒、高热者尤适用
大补元煎丸,丸剂,益气养血，滋补肝肾。用于肝肾不足，气血两亏，精神疲惫，心悸健忘，头晕目眩，四肢酸软
上清丸,丸剂,清热散风，解毒，通便。用于头晕耳鸣，目赤，鼻窦炎，口舌生疮，牙龈肿痛，大便秘结
小儿肺闭宁片,片剂,清热解毒，化痰定喘。用于哮喘性支气管炎，支气管肺炎
小儿咳喘冲剂,颗粒剂,清热宣肺，化痰止咳，降逆平喘。用于小儿发热，咳嗽，气喘
小儿健胃糖浆,糖浆剂,健脾消食，清热养阴。用于脾胃阴虚所致的食欲减退，消化不良
小儿消积化虫散,散剂,消积化虫。用于食积、乳积、虫积，面黄肌瘦，毛发不泽，食欲不振，腹胀腹痛等症
小儿惊安丸,丸剂,镇惊安神，豁痰清热。用于小儿惊风，痰涎蕴盛，气促不安
小儿健脾贴膏,膏剂,疏通经络，温中健脾。用于小儿消化不良
小儿清肺化痰口服液,口服液,清热化痰，止咳平喘。用于小儿肺热感冒引起的呼吸气促，咳嗽痰喘，喉中作响
小儿喜食糖浆,糖浆剂,健脾，消食，化积。用于治疗小儿单纯性消化不良，食欲不振及消化不良引起的腹泻
小儿磨积片,片剂,消食积，和胃，止呕，舒气宽胸。用于小儿消化不良，停乳，呕吐
开胸消食片,片剂,开胸顺气，健胃消食。用于胸腹胀满，消化不良，呕吐恶心，停食蓄水，红白痢疾
天黄猴枣散,散剂,除痰定惊，祛风清热。用于小儿痰多咳喘，发热不退，惊悸不眠等症
木瓜片,片剂,散风祛湿，活络止痛。用于风寒湿痹，四肢麻木，周身疼痛，腰膝无力，步履艰难
木香理气片,片剂,行气宽中，化滞通便。用于气郁不舒，停食停水，胸胁痞闷，脘腹胀满，恶心呕吐，倒饱嘈杂，大便秘结
五苓片,片剂,温阳化气，利湿行水。用于小便不利，水肿腹胀，呕逆泄泻，渴不思饮
止泻灵片,片剂,清热利湿，健脾，涩肠止泻。用于急性肠炎，小儿消化不良，单纯性腹泻
止泻灵糖浆,糖浆剂,清热利湿，健脾，涩肠止泻。用于急性肠炎，小儿消化不良，单纯性腹泻
止嗽化痰丸,丸剂,清肺止嗽，化痰定喘。用于久嗽，咳血，痰喘气逆，喘息不眠
止嗽片,片剂,疏风解表，止咳化痰。用于感冒引起的咳嗽，咯痰不爽等
止嗽青果丸,丸剂,宣肺化痰，止咳定喘。用于风寒束肺引起的咳嗽痰盛，胸膈满闷，气促作喘，口燥咽干
牛黄消炎灵丸,丸剂,消炎退热，通窍，镇静，降压安神。适用于病毒性感冒，上呼吸道感染，肺炎、气管炎及其它细菌病毒感染引起的高热不退等症
牛黄消炎灵胶囊,胶囊剂,消炎退热，通窍，镇静，降压安神。适用于病毒性感冒，上呼吸道感染，肺炎、气管炎及其它细菌病毒感染引起的高热不退等症
丹皮酚软膏（丹皮酚霜）,膏剂,抗过敏药，有消炎止痒作用。用于各种湿疹，皮炎，皮肤瘙痒，蚊臭虫叮咬红肿等各种皮肤疾患，对过敏性鼻炎和防治感冒也有一定效果
丹参片,片剂,活血化瘀，清心除烦。用于冠心病引起的心绞痛及心神不宁
巴戟补肾丸,丸剂,补肾填精，益气养血。用于肾亏阳痿，头晕目眩，耳鸣，四肢酸软，腰膝酸痛
龙荟丸,丸剂,泻火通便。用于肝胆火旺，大便秘结，小便赤涩
石吊兰片,片剂,清热解毒，软坚散结。用于淋巴结结核
平胃丸,丸剂,燥湿健脾，宽胸消胀。用于脾胃湿盛，不思饮食，脘腹胀满，恶心呕吐，吞酸嗳气
甲亢灵片,片剂,平肝潜阳，软坚散结。用于具有心悸、汗多、烦躁易怒、咽干、脉数等症状的甲状腺机能亢进症
田七痛经散,散剂,通调气血，止痛调经。用于经期腹痛及因寒所致的月经失调
田七痛经胶囊,胶囊剂,通调气血，止痛调经。用于经期腹痛及因寒所致的月经失调
四藤片,片剂,祛风利湿，消炎镇痛。用于风湿性关节炎
生茂午时茶,茶剂,解表和中。用于感受风寒，内伤食积，寒热吐泻
生脉饮（党参方）,口服液,益气复脉，养阴生津。用于气阴两亏，心悸气短，脉微自汗
失笑散,散剂,祛瘀止痛。用于瘀血阻滞，胸脘疼痛，产后腹痛，痛经
白带净丸,丸剂,健脾利湿，清热止带。用于湿热下注，赤白带下
仙灵脾冲剂,颗粒剂,补肾强心，壮阳通痹。用于阳痿遗精，筋骨痿软，胸闷头晕，气短乏力，风湿痹痛等（也用于性机能减退的阳痿遗精，也可用于冠心病，更年期高血压，胸闷气短及风湿症）
冬凌草糖浆,糖浆剂,清热解毒，消肿散结，利咽止痛。用于热毒壅盛所致咽喉肿痛、声音嘶哑；扁桃体炎、咽炎、口腔炎见上述证候者及癌症的辅助治疗
外伤止痛膏,膏剂,消肿化瘀，活血止痛。用于跌打损伤，瘀血肿痛
乐儿康糖浆,糖浆剂,益气健脾，和中开胃。用于小儿食欲不振，营养不良等症
半枫荷药酒,酒剂,祛痰去湿。用于手脚浮肿，四肢麻痹，干湿脚气
半夏曲,茶剂,降逆止呕，止咳化痰。用于恶心呕吐，食欲不振，咳嗽痰多
孕妇金花片,片剂,清热，安胎。用于孕妇头痛，眩晕，口鼻生疮，咽喉肿痛，双目赤肿，牙龈疼痛，或胎动下坠，小腹作痛，心烦不安，口干咽燥，喜冷饮，小便短黄等症
地锦草片（血见愁片）,片剂,清热解毒，凉血止血。用于痢疾，肠炎，咳血，尿血，便血，崩漏，痈肿疮疔
朴沉化郁丸,丸剂,舒肝化郁，开胃消食。用于胸腹胀满，消化不良，呕吐恶心，停食停水，气滞闷郁，胃脘刺痛
壮阳健威丸（参茸大补丸）,丸剂,补肾壮阳，生精益髓。用于阳虚畏寒，腰膝酸痛，阳痿
当归龙荟片,片剂,清肝明目，泻火通便。用于肝胆实热，耳聋，耳鸣，耳内生疮、胃肠湿热，头晕牙痛，眼目赤肿，大便不通
当归调经冲剂（当归补血冲剂）,颗粒剂,补血助气，调经。用于贫血衰弱，病后、产后血虚以及月经不调，痛经
朱砂安神丸,丸剂,清心养血，镇惊安神。用于胸中烦热，心悸不宁，失眠多梦
华佗膏（癣湿药膏）,膏剂,杀菌止痒。用于癣症湿气，脚趾癣，鹅掌风
产后益母丸,丸剂,活血化瘀，理气止痛。用于产后恶露不尽，瘀血腹痛，亦可用于瘀血痛经
产灵丸（产灵丹）,丹剂,益气养血，散风止痛。用于产后气血虚弱，感受风寒引起的周身疼痛，头目眩晕，恶心呕吐，四肢浮肿
关节解痛膏,膏剂,祛风除湿，活血止痛。用于风寒湿痹，关节痛，神经痛，腰痛，肌肉酸痛，扭伤
安神养心丸,丸剂,补气养血，安神定志。用于气血两亏，机体衰弱，精神恍惚，惊悸失眠
安神益脑丸,丸剂,补肝益肾，养血安神。用于肝肾不足所致的头痛眩晕，心悸不宁，失眠多梦，健忘
安眠补脑糖浆,糖浆剂,益气滋肾，养心安神。用于神经官能症或其他慢性疾病所引起的失眠、头昏、头痛、心慌等症
妇女养血丸,丸剂,补气，养血，调经。用于气虚血亏、受寒引起的经期不准、行经腹痛、身体虚弱、气短烦倦、午后身烧
妇炎康片,片剂,活血化瘀，软坚散结，清热解毒，消炎止痛。适用于慢性附件炎、盆腔炎、阴道炎、膀胱炎、慢性阑尾炎、尿路感染
妇科白凤片,片剂,补气养血。用于妇女体弱血虚，月经不调，经期腹痛
红色正金软膏,膏剂,有驱风、兴奋、局部止痒、止痛等作用。用于中暑、头晕、伤风鼻塞、虫咬、蚊叮等
杜仲冲剂,颗粒剂,补肝肾，强筋骨，安胎，降血压。用于肾虚腰痛，腰膝无力，胎动不安，先兆流产，高血压症
牡荆片,片剂,平喘，镇咳，祛痰。用于慢性气管炎，支气管哮喘
伸筋活络丸 [剧],丸剂,舒筋活络，祛风除湿，温经止痛。用于风寒湿痹，半身不遂，手足麻木等症
肝郁调经膏,膏剂,疏肝解郁，清肝泻火，养血调经。用于肝郁所致的月经失调、痛经、乳房胀痛、不孕等症
疗肺宁片,片剂,润肺，清热，止血。用于肺结核。可与其他抗结核药物合并使用
辛夷鼻炎丸,丸剂,祛风清热，消炎解毒。用于治疗鼻炎（包括过敏性鼻炎，慢性鼻炎等），神经性头痛，感冒流涕，鼻塞不通
沉香散,散剂,疏表化滞。用于风寒外侵，气滞不运，脘腹痞胀
沉香舒郁丸,丸剂,舒气开胃，化郁止痛。用于胸腹胀满，胃部疼痛，呕吐酸水，消化不良，食欲不振，郁闷不舒
补血当归精,口服液,滋补气血。用于头晕，身体衰弱，妇女月经不调，产后血虚体弱，贫血
补肝丸,丸剂,补血祛风。用于肝血虚损兼感风邪所引起的头目眩晕，胁痛、头痛、肢体疼痛
补肾益脑片,片剂,滋肾益气，补血生精。用于气血两亏，阳虚气弱，心跳气短，失眠健忘，遗精盗汗，腰腿酸软，耳聋耳鸣
补脑丸,丸剂,滋补精血，健脑益智，安神镇惊，化痰熄风。用于迷惑健忘，记忆减退，头晕耳鸣，心烦失眠，心悸不宁，癫痫头痛，神烦胸闷
鸡血藤片,片剂,补血，活血，舒筋通络。用于血虚，腰膝酸痛，月经不调
阿胶补血口服液,口服液,滋阴补血，补中益气，健脾润肺。用于久病体弱，血亏目昏，虚痨咳嗽
苦甘冲剂,颗粒剂,疏风清热，宣肺化痰，止咳平喘。用于风热感冒及风温肺热引起的恶风、发热、头痛、咽痛、咳嗽、咳痰、气喘等症
苦参片,片剂,清热燥湿，杀虫。用于湿热蕴蓄下焦所致之痢疾，肠炎，热淋及阴肿阴痒，湿疹，湿疮等
坤灵丸,丸剂,调经养血，逐瘀生新。用于月经不调，或多或少，行经腹痛，子宫寒冷，久不受孕，习惯性流产，赤白带下，崩漏不止，病久气虚，肾亏腰痛
齿痛消炎灵冲剂,颗粒剂,疏风清热，凉血止痛。用于脾胃积热，风热上攻所致的急性齿根尖周炎，智齿冠周炎，牙周炎，牙髓炎等症
虎力散,散剂,驱风除湿，舒筋活络，行瘀，消肿定痛。用于风湿麻木，筋骨疼痛，跌打损伤，创伤流血
虎力散胶囊,胶囊剂,驱风除湿，舒筋活络，行瘀，消肿定痛。用于风湿麻木，筋骨疼痛，跌打损伤，创伤流血
肾炎平颗粒,颗粒剂,疏风活血，补气健脾，补肾益精。适用于脾虚湿困及脾肾两虚之轻度浮肿，倦怠乏力，头晕耳鸣，纳呆食少，腰膝疲软，夜尿增多等症
周公百岁酒（养血健身酒）,酒剂,补血生精，调气壮神。用于气血两亏，真阴不足，四肢酸软，诸风瘫痪等症
固肾生发丸,丸剂,固肾养血，益气祛风。用于斑秃、全秃、普秃及肝肾之症状性脱发
金牡感冒片,片剂,疏风解表，清热解毒。用于外感风热，憎寒壮热，头痛咳嗽，咽喉肿痛
金菊五花茶冲剂,颗粒剂,清热利湿，凉血解毒，清肝明目。用于大肠湿热所致的泄泻、痢疾、便血、痔血以及肝热目赤，风热咽痛，口舌溃烂
金嗓利咽丸,丸剂,燥湿化痰，疏肝理气。用于咽部不适，咽部异物感，声带肥厚等属于痰湿内阻，肝郁气滞型者
金嗓散结丸,散剂,清热解毒，活血化瘀，利湿化痰。用于热毒蓄结、气滞血瘀而形成的慢喉瘖（声小结、声带息肉、声带粘膜增厚）及由此而引起的声音嘶哑等症
金樱首乌汁,口服液,养血益肝，固肾益精，强筋健骨，乌须黑发。用于肝肾亏损、阴虚血少所致的腰酸、耳鸣、头晕眼花、筋骨痿软、脱发、白发、阳痿、遗精、月经失调、崩漏带下
宝儿康散,散剂,补气健脾，开胃消食，渗湿，止泻。用于小儿脾胃虚弱，消化不良，食欲不振，大便异常，精神困倦，睡眠不安，夜惊、夜啼等症
宝儿康糖浆,糖浆剂,补气健脾，开胃消食，渗湿，止泻。用于小儿脾胃虚弱，消化不良，食欲不振，大便异常，精神困倦，睡眠不安，夜惊、夜啼等症
治伤消瘀丸,丸剂,消瘀退肿。用于骨骼与关节损伤和瘀肿疼痛
降脂胶丸,丸剂,活血化瘀，祛痰。用于因血瘀痰阻而致的胸闷，胸痛，头晕乏力
降酶灵胶囊,胶囊剂,抗肝炎药，具有降低谷丙转氨酶的作用。用于急性、迁延性、慢性肝炎
降糖宁胶囊,胶囊剂,益气，养阴，生津。用于糖尿病属气阴两虚者
参三七伤药（散）,散剂,活血祛瘀，通经活络。用于跌打损伤，肋背拘紧作痛，肢体酸软
参芪健胃冲剂（胃炎灵冲剂）,颗粒剂,温中健脾，理气和胃。主治脾胃虚寒型的慢性萎缩性胃炎，适用于胃脘胀痛，痞闷不适，喜热喜按，嗳气呃逆等症
参茸安神丸,丸剂,养心安神。用于身体虚弱，神志不宁，心烦不安，心悸失眠，健忘
珍珠灵芝片（复方灵芝片）,片剂,养心安神，滋补肝肾。用于慢性肝炎，神经衰弱，头晕失眠，胃肠溃疡，慢性支气管炎，冠心病等症
荨麻疹丸,丸剂,清热祛风，除湿止痒。用于风、湿、热而致的荨麻疹、湿疹，皮肤瘙痒等症
荡石片,片剂,清热利水，通淋石。用于肾结石，输尿管、膀胱等泌尿系统结石
指迷茯苓丸,丸剂,燥湿和中，化痰通络。用于痰饮留伏，筋络挛急，臂痛难举
胃立康片,片剂,健胃消食，助气止痛。用于胃肠衰弱，消化不良，胸膈满闷，腹痛呕吐，肠鸣泄泻
肠胃适胶囊,胶囊剂,清热利湿，调中止泻，解毒治痢。用于湿热腹泻、腹痛、急性肠胃炎等
胃疼宁片,片剂,温中，行气，制酸，止痛。用于胃脘胀满，嗳气吞酸，消化性溃疡
复方公英片,片剂,清热解毒。用于上呼吸道感染，疮疖，肿毒，肠炎等症
复方西羚解毒片,片剂,疏风解表，清热解毒。用于外感风热，发热、头痛，咳嗽音哑，咽喉肿痛
复方枇杷止咳冲剂,颗粒剂,止咳祛痰。用于伤风咳嗽，支气管炎
复方金银花冲剂,颗粒剂,清热解毒，凉血消肿。用于风热感冒，喉痹，乳蛾，目痛，牙痛及痈肿疮疖等症
复方救必应胶囊,胶囊剂,清热解毒，利湿止痛。用于腹泻、胃肠炎等
复方草豆蔻酊,酊剂,驱风健胃，芳香矫味药
复方胎盘片,片剂,益气，补精血。用于虚损，赢瘦，劳热骨蒸，咳喘，咯血，盗汗遗精及神经衰弱，贫血，病后体虚
复方拳参片,片剂,收敛止血，制酸止痛。用于胃热所致的胃脘疼痛，嘈杂泛酸，便血
复芪止汗冲剂,颗粒剂,益气，固表，敛汗。用于多汗症，对气虚型者尤佳
保和液（消食保和液）,口服液,消食，导滞、和胃。用于食积停滞，脘腹胀满，嗳腐吞酸，不欲饮食
冠脉宁片,片剂,活血化瘀，行气止痛。用于以胸部刺痛、固定不移、入夜更甚，心悸不宁，舌质紫暗，脉沉弦为主症的冠心病，心绞痛，冠状动脉供血不足
养血安神糖浆,糖浆剂,滋阴养血，宁心安神。用于精神倦怠，失眠健忘，卧寝多梦，肾虚腰酸，头晕乏力
养胃片,片剂,健胃消食，助气止痛。用于胃肠衰弱，消化不良，胸膈满闷，腹痛呕吐，肠鸣泄泻
活血解痛膏,膏剂,祛风散寒，活血止痛。用于扭伤，挫伤，风湿骨痛，腰背酸痛
活血镇痛膏,膏剂,舒筋，活血，散寒，止痛。用于筋骨痛，急性挫伤，风湿痛，关节痛，肝区痛及肌肉酸痛
活络健身液,口服液,祛风除湿，活血通络，止痹痛，强腰膝。用于筋络不舒，四肢麻痹，风湿关节痛，腰肌劳损
浓缩水牛角片,片剂,清热解毒，凉血，定惊。用于温病高热，神昏谵语，发斑发疹，吐血，衄血，惊风，癫狂
神农镇痛膏,膏剂,活血散瘀，消肿止痛。用于跌打损伤，风湿关节痛，腰背酸痛
祛风胜湿酒,酒剂,祛风胜湿，通络止痛，舒筋活血。用于四肢、腰脊风湿痹痛，手足麻木
祛痰止咳冲剂,颗粒剂,健脾燥湿，祛痰止咳。主要用于慢性支气管炎及支气管炎合并肺气肿、肺心病所引起的痰多，咳嗽，喘息等症
祛痰灵口服液,口服液,清热，化痰，解毒。用于肺热痰喘，咳嗽痰多
除脂生发片,片剂,滋阴，养血，祛风，活络，止痒，除油脂。用于脂溢性脱发，头皮瘙痒，落屑，油脂分泌过多症
结石通茶（玉石茶）,茶剂,利尿消炎，通淋镇痛，止血化石。用于泌尿系感染，膀胱炎，肾炎水肿，尿路结石，血尿，淋沥浑浊，尿管灼痛
结核丸（龟龙丸）,丸剂,滋阴降火，补肺止嗽。用于阴虚火旺引起的潮热盗汗、咳痰咯血、胸胁闷痛、骨蒸痨嗽，肺结核，骨结核
桂皮酊,酊剂,驱风健胃药
莲胆消炎片,片剂,清热解毒，制菌消炎。用于细菌性痢疾，急性胃肠炎及各种急性感染性疾患
莓叶委陵菜片（雉子筵片）,片剂,止血。用于月经过多，功能性子宫出血，子宫肌瘤出血
柴黄冲剂,颗粒剂,清热消炎。用于上呼吸道感染，感冒发烧
党参养荣丸,丸剂,益气，补血，养心。用于心脾不足，气血两亏，形瘦神疲，食少便溏，病后虚弱
钻山风糖浆,糖浆剂,祛风除湿，散瘀镇痛，舒筋活络。用于风寒湿痹引起的腰膝冷痛，肢体麻木，伸屈不利等症
健儿乐冲剂,颗粒剂,清热平肝，清心除烦，健脾消食。用于儿童烦躁不安，夜惊夜啼，夜眠不宁，消化不良
健儿药片（郑州肥儿丸）,片剂,破积驱虫，开胃进食。用于小儿食积，乳积，发热腹胀，呕吐滞下及腹痛等症
健儿膏,膏剂,健脾益气，和胃调中。用于小儿脾胃虚弱、运化乏力所致的面黄肌瘦，厌食纳呆，大便不调，身体虚弱，发育迟缓，自汗盗汗，贫血脉弱等营养不良诸症
健儿清解液,口服液,清热解毒，祛痰止咳，消滞和中。用于口腔糜烂，咳嗽咽痛，食欲不振，脘腹胀满等症
健胃固肠散,散剂,健胃固肠，止泻利湿。用于小儿脾虚，腹泻，消化不良
健脑胶囊,胶囊剂,健脑益智，安眠补身。用于用脑过度，记忆衰退，神经衰弱，头晕目眩，惊悸失眠，心烦易倦，畏寒体虚，身亏腰痛及老年痴呆等症
健脾补血片,片剂,补血，益气，健脾和胃，消积。用于脾虚血少所致的面黄肌瘦，食少体倦等症以及营养性、缺铁性贫血及继发性、失血性贫血
健脾补血冲剂,颗粒剂,补血，益气，健脾和胃，消积。用于脾虚血少所致的面黄肌瘦，食少体倦等症以及营养性、缺铁性贫血及继发性、失血性贫血
益肾补骨液,口服液,滋补肝肾，强壮筋骨。用于肝肾不足，劳伤腰痛，筋骨折伤
海马三肾丸,丸剂,补肾壮阳。用于阳痿，滑精，腰痛腿酸
润喉丸,丸剂,润喉生津，开音止痛，疏风清热。用于急、慢性咽炎及喉炎所致的疼痛，亦用于喉痒咳嗽，声音嘶哑等症的辅助治疗
消炎利胆片,片剂,清热，祛湿，利胆。用于急性胆囊炎，胆道炎
消食健儿冲剂,颗粒剂,健脾消食。用于小儿慢性腹泻，食欲不振及营养不良等症
消食健儿糖浆,糖浆剂,健脾消食。用于小儿慢性腹泻，食欲不振及营养不良等症
消糖灵胶囊（消渴平胶囊）,胶囊剂,益气养阴，清热泻火，益肾缩尿。用于糖尿病
通脉养心丸,丸剂,养心补血，通脉止痛。用于胸痹心痛，心悸怔忡，心绞痛，心率不齐等
菠白散（保肺散）,散剂,润肺，祛痰。用于痰中带血，午后发烧，咳嗽
雪梨膏,膏剂,清肺热，润燥止渴。用于干咳，久咳
救惊散,散剂,泄热通便，化痰镇惊。用于实火咳嗽，内热便秘，积食发热
常通舒冲剂,颗粒剂,滋阴养血，润肠通便。用于习惯性便秘，老年性便秘及产后便秘等症
蛇胆半夏片,片剂,祛风化痰，和胃下气。用于呕吐咳嗽，痰多气喘
银屑冲剂,颗粒剂,祛风解毒。用于银屑病
银翘解毒液,口服液,辛凉解表，清热解毒。用于风热感冒，发热头痛，咳嗽口干，咽喉疼痛
猫爪草胶囊,胶囊剂,散结，消肿。用于瘰疬，淋巴结核未溃者，亦可用于肺结核
痔血丸,丸剂,消肿解毒，通便止血。用于内痔出血，外痔肿痛
痔疮止血丸,丸剂,清解肠风湿热，凉血止血。用于痔疮出血，肠风下血，血色鲜红者
清金理嗽丸,丸剂,清肺止嗽，化痰定喘。用于肺经热盛，咳嗽痰盛，胸膈满闷，气促作喘，口干咽燥
清泻丸,丸剂,清热，通便，消滞。用于肠热、积滞、便秘
清胃丸,丸剂,清胃肠实热，通利二便。用于头痛目昏，牙痛龈肿，鼻中衄血，牙宣齿衄，暴发火眼，便秘溺赤，喉干咽痛，口唇焦裂
紫云膏,膏剂,清热解毒，去腐生肌。用于水火烫伤，溃烂化脓
蛲虫药膏,膏剂,驱杀蛲虫，用于蛲虫（线头虫、寸白虫）的治疗
喉痛丸,丸剂,清音化痰，退热止嗽。用于咽喉肿痛，肺热咳嗽，口干舌燥，大便不通
筋骨宁搽剂,搽剂,活血化瘀，消肿止痛，散风祛湿。用于跌打损伤，瘀血肿痛，风寒湿痹，腰膝疼痛，肢体麻木
舒神灵胶囊,胶囊剂,舒肝理气，解郁安神。用于神经衰弱，神经官能症，更年期综合症等
舒肝片,片剂,助消化，舒气开胃，消积滞，止痛除烦。用于肝郁气滞，两肋刺痛，饮食无味，消化不良，呕吐酸水，倒饱嘈杂，周身串痛
舒筋跌打膏,膏剂,舒筋活血，驱风散寒。用于跌打损伤，闪腰岔气，受风受寒，手足麻木，腰疼腿疼，积聚痞块
脾肾双补丸,丸剂,健脾开胃，补益肝肾。用于脾肾双亏，气阴两虚，面黄肌瘦，食欲不振
猴枣牛黄散,散剂,除痰镇惊，通窍。用于小儿惊风，痰涎壅盛
溃疡冲剂,颗粒剂,健胃，消炎，止痛。用于胃溃疡，十二指肠溃疡，急慢性胃炎
强力宁片,片剂,强身益智，健脑补骨。用于体乏无力，失眠健忘，精神倦怠，过度疲劳，腰膝酸软，脾肾阳虚，食欲不振
滋补生发片,片剂,滋补肝肾，益气养荣，活络生发。用于脱发症
寒痹停片（痹苦乃停片）,片剂,温经通络，散寒止痛。用于寒痹症
蒲黄片,片剂,降血脂药。用于血脂、胆固醇过高症
槐角地榆丸,丸剂,清热止血，消肿止痛。用于大便下血，大肠积热，痔疮肿痛
感冒舒冲剂,颗粒剂,疏风清热，发表宣肺。用于感冒所致的头痛体困，发热恶寒，鼻塞流涕，咳嗽咽痛等症
感冒解表丸,丸剂,清热解表。用于四时感冒，恶寒发热，头痛眩晕，咳嗽吐泻
愈带丸,丸剂,益气调经，散寒止带。用于气虚血亏、子宫湿寒引起的经血不调、赤白带下、凝滞腹痛、腰腿酸软、骨蒸潮热、头晕耳鸣
腰腿痛丸,丸剂,强筋壮骨，舒筋活血。用于气血双亏，风寒湿痹，外邪侵袭所致的腰腿酸软，肢体麻木等症
磁朱丸,丸剂,镇心，安神，明目。用于心肾阴虚，心阳偏亢，心悸失眠，耳鸣耳聋，视物昏花
鼻炎灵丸,丸剂,祛风清热，消肿通窍。用于鼻渊、鼻塞、鼻流浊涕等急、慢性鼻炎
增抗宁片,片剂,益气健脾，养阴生津，清热，并能提高机体免疫功能。用于化疗、放疗以及不明原因引起的白细胞减少症，青春型痤疮，亦可用于慢性迁延性肝炎的治疗
噎膈丸,丸剂,补益肺肾，润燥生津，通咽利膈。用于噎膈，咽炎，吞咽不利，咽哽干燥；亦可用于食管粘膜上皮不典型增生及食管癌的辅助治疗
镇心安神丸,丸剂,镇心安神，养血除烦。用于心血不足，精神恍惚，惊悸怔忡，烦躁不眠
薄荷锭,丹剂,解郁，通窍，散风，泄热。用于感冒头痛，血管神经性头痛等
醒消丸,丸剂,活血消肿，止痛。用于痈疽肿毒，坚硬疼痛
麝香抗栓丸,栓剂,通络活血，醒脑散瘀。用于中风，半身不遂，言语不清，头昏目眩等
麝香跌打软膏,膏剂,行血去瘀，舒筋活络，止痛消炎，祛风消肿。用于软组织扭挫伤及闭合性骨折复位后引起的肿痛
二母清肺丸 (二母丸),丸剂,清热化痰，润肺止咳。用于肺热咳嗽，痰涎壅盛，口鼻生疮，咽喉肿痛，大便秘结，小便赤黄
十全大补颗粒 (冲剂),颗粒剂,温补气血。用于气血两虚，面色苍白，气短心悸，体倦乏力，四肢不温
七叶莲片,片剂,祛风除湿，活血止痛。用于各种疼痛，风湿痹痛，神经痛，胃疼，跌打骨折，外伤出血
八仙油,搽剂,清暑祛湿，驱风通窍。用于感冒，呕吐腹痛，舟车晕眩，中暑头晕，皮肤瘙痒，山岚瘴气
九龙化风丸,丸剂,镇痉熄风，开窍豁痰。用于小儿急惊风，癫痫，热病抽搐，时气瘴疟
八珍鹿胎膏 (复方鹿胎膏),膏剂,养血益气，调经温寒。用于肾虚，气血两亏，经血不调，经期腹痛
儿童化毒散,散剂,清热化毒，活血消肿。用于小儿蕴积火毒引起的头痛身烧，痈疖疗疮，丹毒疱疹，疹后余毒
三七止血片,片剂,行瘀止血，消肿，定痛。用于吐血，衄血，血痢血崩，产后流血不止，月经过多及外伤出血
三七药酒,酒剂,舒筋活络，散瘀镇痛，祛风除湿，强筋壮骨。用于跌打损伤，风湿骨痛，四肢麻木
三鞭参茸固本丸,丸剂,补气养血，助阳添精，强筋壮骨。用于身体虚弱，气血双亏，腰腿酸软，阳痿，遗精早泄
三鞭酒,酒剂,补益肝肾，养血兴阳。用于腰膝酸疼，足踝无力，阳痿早泄等症
大黄酊,酊剂,健胃药
大温中丸,丸剂,健脾祛湿，理气消胀。用于脾虚湿阻，气滞腹胀
口腔炎喷雾剂,气雾剂,清热解毒，消炎止痛。用于治疗口腔炎，口腔溃疡，咽喉炎等；对小儿口腔炎症有特效
山香圆片 (喉特灵片),片剂,清热解毒，利咽消肿。用于喉痹，乳蛾，咽喉肿痛等症
千紫红颗粒 (冲剂),颗粒剂,清热凉血，收敛止泻。用于赤白痢疾，暑湿伤及胃肠而发生的泄泻以及小儿脾弱肝旺之消化不良性腹泻
小儿止嗽金丸,丸剂,解热润肺，化痰止嗽。用于外感风热引起的咳嗽痰盛，口干舌燥，腹满便秘
小儿回春丸 (大蜜丸),丸剂,熄风镇惊，化痰开窍。用于小儿急惊抽搐，痰涎壅盛，神昏气喘，烦躁发热等症
小儿珠黄散,散剂,泻火导滞，镇惊安神。用于小儿宿食挟热引起的面赤唇红，身热不安，咳嗽痰鸣，小便短赤，大便秘结，惊风抽搐
小儿惊风七厘散,散剂,祛风化痰，解热镇惊。用于小儿外感风邪，惊风抽搐，咳吐痰涎，食滞呕吐，腹痛泄泻
五花茶颗粒 (冲剂),颗粒剂,清热，凉血，解毒。用于湿热，下血下痢，湿疹
五灵止痛胶囊,胶囊剂,行气止痛，通经活络，祛瘀散结，开窍辟秽。用于因气滞血瘀、邪闭所致的胸胁痛，胃脘痛，痛经，腹痛，亦可用于扭挫伤，骨折等痛症
五酯胶囊,胶囊剂,能降低血清谷丙转氨酶。可用于慢性、迁延性肝炎谷丙转氨酶升高者
止泻利颗粒 (冲剂),颗粒剂,收敛止泻，解毒消食。用于湿热泄泻，痢疾，久泻，久病，伤食泄泻等
止咳丸,丸剂,降气化痰，止咳定喘。用于风寒入肺，肺气不宣引起的咳嗽痰多，喘促胸闷，周身酸痛或久咳不止，以及老年急慢性支气管炎
长春宝口服液,口服液,补益气血，调和阴阳，滋肝肾，健脾胃，强筋骨。用于中老年人身体虚弱，肝肾亏损所致的精神疲乏，头晕目眩，腰腿酸软，眼花耳鸣，健忘失眠，心悸，气短，浮肿，夜多小便等症；也可作为高脂血症的高血压病人的辅助治疗
长春药酒,酒剂,暖肾益精，祛风湿，壮筋骨，调和气血。用于肾虚腰痛，遗精，风湿骨痛，气虚血弱
心益好片,片剂,活血化瘀，行气止痛，益心宁神。用于冠心病，心绞痛，胸闷，心悸，气短等
乌鸡丸,丸剂,补气养血，调经止带。用于妇女气血两亏，赢瘦内热，月经不调，崩漏带下，骨蒸劳热
风痛药酒,酒剂,疏风通络，散寒止痛。用于风寒湿痹，四肢麻木，筋骨疼痛，腰背酸痛
六味地黄丸 (浓缩丸),丸剂,滋阴补肾。用于肾阴亏损，头晕耳鸣，腰膝酸软，骨蒸潮热，盗汗遗精，消渴
双梅喉片,片剂,清热解毒，生津止渴。用于风热咽喉肿痛
双黄连注射液,注射剂,清热解毒，清宣风热。用于外感风热引起的发热、咳嗽、咽痛。适用于病毒及细菌感染的上呼吸道感染、肺炎、扁桃体炎、咽炎等
玉屏风袋泡茶,茶剂,益气，固表，止汗。用于表虚不固，自汗恶风，面色㿠白，或体虚易感风邪者
玉真散胶囊,胶囊剂,祛风，解痉，止痛。用于破伤风；外治跌扑损伤
龙胆泻肝丸 (浓缩丸),丸剂,清肝胆，利湿热。用于肝胆湿热，头晕目赤，耳鸣耳聋，耳肿疼痛，胁痛口苦，尿赤涩痛，湿热带下
龙胆泻肝颗粒 (冲剂),颗粒剂,清肝胆，利湿热。用于肝胆湿热，头晕目赤，耳鸣耳聋，耳肿疼痛，胁痛口苦，尿赤湿痛，湿热带下
四圣散,散剂,祛湿止痒，收敛生肌。用于皮肤湿痒，黄水疮，秃疮，薄皮疮
生脉袋泡茶,茶剂,益气复脉，养阴生津。用于气阴两亏，心悸气短，脉微自汗
生脉颗粒 (党参方),颗粒剂,益气复脉，养阴生津。用于气阴两伤，心悸气短，脉微虚汗
生脉糖浆 (党参方),糖浆剂,益气复脉，养阴生津。用于气阴两亏，心悸气短，脉微自汗
白及膏,膏剂,收敛，止血，补肺。用于久年咳嗽，肺痿咯血，肺结核，慢性气管炎，百日咳，肺气肿，久咳伤肺，咯血吐血
白及糖浆,糖浆剂,收敛，止血，补肺。用于久年咳嗽，肺痿咯血，肺结核，慢性气管炎，百日咳，肺气肿，久咳伤肺，咯血吐血
白蚀丸,丸剂,补益肝肾，活血祛瘀，养血驱风。用于治疗白癜风
外用万应膏,膏剂,活血镇痛。用于跌打损伤，负重闪腰，筋骨疼痛，足膝拘挛
外用紫金锭,丹剂,解毒，消炎。用于痈疽疮毒，虫咬损伤，无名肿毒
外感风痧片,片剂,祛风，清热。用于风热感冒，咽喉肿痛
外感风痧颗粒 (冲剂),颗粒剂,祛风，清热。用于风热感冒，咽喉肿痛
宁心宝胶囊,胶囊剂,本品有提高窦性心律，改善窦房结、房室传导功能，改善心脏功能的作用。用于多种心律失常，房室传导阻滞，难治性缓慢型心律失常，传导阻滞
加味八珍益母膏,膏剂,补气养血，祛瘀调经。用于妇女气血不足，月经不调 (经期后移或经行不畅，量少，经闭)，产后恶露不净，腹痛等
加味七厘散,散剂,化瘀消肿，止痛止血。用于跌打损伤，血瘀疼痛，外伤出血
加味青娥丸,丸剂,补肾，散寒，止痛。用于肾经虚寒引起的腰腿酸痛，阳痿遗精，小便频数，小腹冷痛
加味逍遥丸 (大蜜丸),丸剂,舒肝清热，健脾养血。用于肝郁血虚、肝脾不和引起的两胁胀痛，头晕目眩，倦怠食少，月经不调，脐腹胀痛
西瓜膏,膏剂,清热化痰，润肺止咳，生津止渴。用于肺热燥咳，咳嗽痰稠，甚则痰中带血；口燥咽干，胃热口渴
西羚丹 (丸),丹剂,退热消炎，清胃利便。用于头疼牙痛，口舌生疮，暴发火眼，咽喉肿痛，大便不通，烦躁口渴
西羚片,片剂,退热消炎，清胃利便。用于头疼，牙痛，口舌生疮，暴发火眼，咽喉肿痛，大便不通，烦躁口渴
芎菊上清丸 (大蜜丸),丸剂,清热，散风，止痛。用于外感风热，头痛鼻塞
芎菊上清颗粒 (冲剂),颗粒剂,清热，散风，止痛。用于外感风热，头痛鼻塞
同仁安神丸 (朱砂安神丸),丸剂,养血益气，镇惊安神。用于心血不足引起的心烦体倦，怔忡健忘，少眠多梦，心神不安
朱珀安神丹 (丸),丹剂,宁心安神，益气养血。用于气血双亏、不思饮食引起的夜不安睡，精神不振，心跳气短等症
华蟾素口服液,口服液,解毒，消肿，止痛。用于中、晚期肿瘤，慢性乙型肝炎等症
安阳膏药,膏剂,消积化块，逐瘀止痛，舒筋活血，追风散寒。用于癥瘕积聚，风寒湿痹，腰、腿、膀、背、筋骨、关节、骨寒诸痛及手足麻木等症
防风通圣丸 (大蜜丸),丸剂,解表通里，清热解毒。用于外寒内热，表里俱实，恶寒壮热，头痛咽干，小便短赤，大便秘结，痄腮初起，风疹湿疮
妇良片,片剂,补血健脾，固经止带。用于血虚脾弱，带下质清，崩漏色淡，经后少腹隐痛，头昏目眩，面色无华
妇科毛鸡酒,酒剂,祛风活血，补气养血。用于产后体弱，手脚麻痹，腰膝疼痛，风寒湿痹
妇科白带片,片剂,健脾舒肝，除湿止带。用于脾虚湿盛，白带连绵，腰腿酸痛
妇康丸,丸剂,益气养血，行气化瘀。用于产后气血不足，虚中夹瘀，寒热错杂的胁腹胀痛，腹痛，头身疼痛，恶露不绝，血晕昏迷，大便秘结，无乳等症
妇康宝口服液,口服液,补血调经，止血安胎。用于失血过多，面色萎黄，月经不调，小腹冷痛，胎漏胎动，痔漏下血
还少丹 (丸),丹剂,温肾补脾，养血益精。用于脾肾虚损，腰膝酸痛，阳痿遗精，耳鸣目眩，精血亏耗，肌体瘦弱，食欲减退，牙根酸痛
还原固精丸,丸剂,滋阴，补肾，涩精。用于肾阴虚损，梦遗滑精，妇女带下等症
杜仲平压片,片剂,降血压，强筋健骨。适用于高血压，头晕目眩，腰膝酸痛，筋骨痿软等症
芙蓉抗流感片,片剂,清肺凉血，散热解毒。用于流行性感冒
芩暴红止咳片,片剂,清热化痰，止咳平喘。用于急性支气管炎及慢性支气管炎急性发作
杞菊地黄口服液,口服液,滋肾养肝。用于肝肾阴虚，眩晕耳鸣，羞明畏光，视物昏花
苏合丸,丸剂,祛风镇痛，通窍除痰。用于中风痰厥，昏迷不省，小儿受惊吐乳，风痰腹痛吐泻
苏肝合剂,口服液,清热解毒，利湿退黄。用于湿热黄疸，肝经热毒等
抗宫炎片,片剂,清湿热，止带下。用于因慢性宫颈炎引起的湿热下注，赤白带下，宫颈糜烂，出血等症
抗病毒栓,栓剂,清热解毒，滋阴除烦。用于时疫感冒，痄腮，温病初起的诸症
利胆止痛片,片剂,清热利胆，理气止痛。用于肝胆湿热所致的胁痛，黄疸 (如急、慢性肝炎，胆囊炎)
利肺片,片剂,驱痨补肺，镇咳祛痰。用于肺痨咳嗽，咯痰咯血，气虚哮喘，慢性气管炎
肝友胶囊,胶囊剂,清热利湿，疏肝解郁，活血化瘀，健脾导滞。用于急性、迁延性及慢性病毒性肝炎
沙棘颗粒 (冲剂),颗粒剂,止咳祛痰，消食化滞，活血散瘀。用于咳嗽痰多，消化不良，食积腹痛，跌扑瘀肿，瘀血经闭
局方至宝丸,丸剂,清热解毒，开窍镇惊。用于温邪入里，逆传心包引起的高烧痉厥，烦躁不安，神昏谵语，小儿急热惊风
驱风苏合丸,丸剂,驱风通窍，解痉除痰。用于产后风晕，中风昏倒，痰涩惊痫，风寒腹痛吐泻
驱风液,口服液,驱风祛湿，舒筋活络。用于四肢酸痛，久积风痛及风湿性关节炎等症
驳骨水,酊剂,活血祛瘀，通筋活络，消肿止痛。用于跌打扭伤，肌肉劳损，骨折，脱臼
驴胶补血颗粒 (冲剂),颗粒剂,滋阴补血，健脾益气，调经养血。用于久病体虚，血亏气虚，妇女血虚、经闭、经少等症
陆氏润字丸,丸剂,开胸涤痰，润肠去积。用于湿热食积胸满痰滞，腹痛便秘
青果颗粒 (冲剂),颗粒剂,清热，利咽，生津。用于咽喉肿痛，口渴
青麟丸,丸剂,清热利湿，通利二便。用于湿热郁结，脏腑积滞，目赤牙痛，小便赤热
苦胆草片,片剂,清热燥湿，泻肝胆火。用于湿热黄疸，阴肿阴痒，带下，强中，湿疹瘙痒，目赤，耳聋，胁痛，口苦，惊风抽搐
枣仁安神颗粒 (冲剂),颗粒剂,补心养肝，安神益智。用于心肝血虚，神经衰弱引起的失眠健忘，头晕，头痛
固本咳喘片,片剂,益气固表，健脾补肾。用于慢性支气管炎，肺气肿，支气管哮喘，支气管扩张等
固肾定喘丸,丸剂,温肾纳气，健脾利水。用于脾肾虚型及肺肾气虚型的慢性支气管炎，肺气肿，先天性哮喘，老人虚喘
制金柑丸,丸剂,疏肝理气，和胃止痛。用于肝胃气痛，胸胁胀满，不思饮食
和胃片,片剂,疏肝清热，凉血活血，祛瘀生新，和胃止痛。用于消化性溃疡及胃痛腹胀，嗳气泛酸，恶心呕吐等症
金花消痤丸,丸剂,清热泻火，解毒消肿。用于肺胃热盛所致的痤疮 (粉刺)，口舌生疮，胃火牙痛，咽喉肿痛，目赤，便秘，尿黄赤等症
金泽冠心片,片剂,降血脂，增加心肌营养性血流量，降低心肌耗氧量。用于冠心病、心绞痛和高血脂症
金泽冠心胶囊,胶囊剂,降血脂，增加心肌营养性血流量，降低心肌耗氧量。用于冠心病、心绞痛和高血脂症
金羚感冒片,片剂,辛凉解表，清热解毒。用于伤风感冒及上呼吸道感染
金锁固精丸 (大蜜丸),丸剂,固肾涩精。用于肾虚不固，遗精滑泄，神疲乏力，四肢酸软，腰痛耳鸣
金锁固精丸 (浓缩丸),丸剂,固肾涩精。用于肾虚不固，遗精滑泄，神疲乏力，四肢酸软，腰痛耳鸣
法制半夏曲,茶剂,温肺止咳，降逆止呕。用于痰多气喘，因寒清、热稠引起的恶心呕吐
治糜灵栓,栓剂,清热燥湿，解毒消炎，祛腐生肌。用于子宫糜烂，感染性阴道炎，滴虫性阴道炎等
参茸三七补血片,片剂,滋阴补肾，添精补血，强身健脾。用于身体虚弱，心脏衰弱，头晕耳鸣，心悸失眠，阴虚盗汗，月经不调
参茸安神丸,丸剂,养心安神。用于身体虚弱，神志不宁，心烦不安，心悸失眠，健忘
参茸固本还少丸,丸剂,补肾助阳，益气固体，填精止遗，强筋健骨。用于肾阴不足、命门火衰所致的畏寒肢冷，面色㿠白，腰膝酸软，精神不振，阳痿早泄，遗精滑精，性欲减退，女子宫寒不孕，带下清稀，或尿增多，以及耳鸣耳聋，虚喘，浮肿，五更泄泻等
柏子滋心丸 (浓缩丸),丸剂,滋阴养心，安神益智。用于心血亏损，神志不宁，精神恍惚，夜多怪梦，怔忡惊悸，健忘遗泄
荆菊感冒片,片剂,疏风清热，发表解肌。用于伤风感冒，身热恶寒，头痛鼻塞
胃乐新颗粒 (冲剂),颗粒剂,用于慢性萎缩性胃炎，消化性胃及十二指肠球部溃疡，结肠炎以及消化不良、便潜血
胃得安片,片剂,和胃止痛，健脾消食。用于慢性胃炎、胃溃疡、十二指肠溃疡等
咳喘顺丸,丸剂,健脾燥湿，宣肺平喘，化痰止咳。用于慢性支气管炎、支气管哮喘、肺气肿所致的气喘胸闷、咳嗽痰多等症
骨刺丸,丸剂,祛风止痛。用于骨质增生，风湿性关节炎，风湿痛
骨刺平片,片剂,补精壮髓，壮筋健骨，通络止痛。用于骨质增生（包括肥大性腰椎炎，胸椎炎，颈椎综合症，四肢骨节增生）
复方川贝止咳糖浆,糖浆剂,镇咳祛痰，润肺定喘。用于伤风咳嗽，痰多，气喘
复方五味子酊,酊剂,养阴，补血，安神。用于过度疲劳，神经衰弱，健忘，失眠等症
复方龙胆酊,酊剂,苦味健胃药
复方岗稔片,片剂,清利湿热，活血通络。用于急性黄疸型肝炎及慢性肝炎有湿热症者
复方肝炎颗粒 (冲剂),颗粒剂,清肝利湿。用于急性黄疸型、无黄疸型、迁延型肝炎及胆囊炎等
复方春砂颗粒 (冲剂),颗粒剂,行气温中，健脾开胃，止痛消胀。用于脾胃虚寒引起的胃痛和消化不良
复方蛇胆川贝散,散剂,镇咳祛痰。用于风热咳嗽，久咳痰多
复方羚角降压片,片剂,降低血压，预防中风。用于高血压，充血性头晕胀痛
香砂和胃丸,丸剂,健脾开胃，行气化滞。用于脾胃虚弱，消化不良引起的食欲不振、脘腹胀痛，吞酸嘈杂，大便不调
香砂养胃丸 (浓缩丸),丸剂,温中和胃。用于不思饮食，呕吐酸水，胃脘满闷，四肢倦怠
香砂养胃颗粒 (冲剂),颗粒剂,温中和胃。用于不思饮食，呕吐酸水，胃脘满闷，四肢倦怠
保心宁胶囊,胶囊剂,活血化瘀，行气止痛。用于心绞痛，心律失常，改善冠心病症状等
保和口服液,口服液,消食导滞，和胃。用于食积停滞，脘腹胀满，嗳腐吐酸，不欲饮食
追风透骨片,片剂,通经络，祛风湿，镇痛祛寒。用于风寒湿痹，四肢痹痛，神经麻痹，手足麻木
首乌补肾酒,酒剂,补气养血，补肾益精，补心安神。用于气血不足，肝肾亏损所致的神疲乏力，健忘失眠，脱发白发，眩晕耳鸣，心悸怔忡，多梦易惊，面色萎黄，以及梦遗滑精，夜尿频繁者
养心宁神丸,丸剂,养心益脾，镇静安神。用于神经衰弱，心悸失眠，耳鸣目眩
神农茶颗粒 (冲剂),颗粒剂,消暑清热，生津止渴。用于伤风感冒
桔梗流浸膏,膏剂,镇咳祛痰药
速效心痛气雾剂,气雾剂,清热凉血，活血止痛。用于偏热型轻、中度胸痹心痛，痛兼烦热，舌苔色黄
柴胡镇咳片,片剂,镇咳。用于感冒引起的咳嗽，支气管炎
健身安胎丸,丸剂,健脾补肾，理气安胎。用于妇女妊娠胎动不安，亦可用于虚寒性胃痛，腰腿痛
健脑补肾口服液,口服液,健脑补肾，益气健脾，安神定志。用于健忘失眠，头晕目眩，耳鸣心悸，腰膝酸软，肾亏遗精，神经衰弱和性功能障碍等病症
脑立清胶囊,胶囊剂,平肝潜阳，醒脑安神。用于肝阳上亢引起的头晕目眩，耳鸣口苦，心烦难寐及高血压等症
益寿大补酒,酒剂,益气养血，滋补肝肾，健脾开胃，益智宁心，强筋健骨，益寿强身。适用于体虚气弱，食欲不振，腰膝酸软，筋骨疼痛，神疲乏力，头晕目眩，失眠健忘，年老体弱，病后失调等症
益肾乌发口服液,口服液,补肝肾，乌须发。用于肝肾两虚引起的须发脱落、早白
润肠丸（浓缩丸）,丸剂,润肠通便。用于实热便秘
消栓口服液,口服液,补气，活血，通络。用于中风引起的半身不遂，口眼歪斜，语言謇涩，口角流涎，下肢痿废，小便频数
消食顺气片,片剂,消食健胃。用于消化不良，气胀饱闷，食积引起的腹胀腹痛
消食健胃片,片剂,开胃消食，消积。用于食欲不振，消化不良，脘腹胀满
资生丸（浓缩丸）,丸剂,健脾开胃，消食止泻。用于脾虚不适，胃虚不纳，神倦力乏，腹满泄泻
调胃消滞丸,丸剂,健胃消食，解表化湿。用于感冒风寒，发热头痛，消化不良，腹痛泄泻
桑菊银翘散,散剂,辛凉透表，宣肺止咳，清热解毒。用于外感风热，憎寒壮热，头痛咳嗽，咽喉肿痛
逍遥丸（浓缩丸）,丸剂,疏肝健脾，养血调经。用于肝气不舒，胸胁胀痛，头晕目眩，食欲减退，月经不调
逍遥合剂,口服液,疏肝健脾，养血调经。用于肝气不舒，胸胁胀痛，头晕目眩，食欲减退，月经不调
通宣理肺丸（浓缩丸）,丸剂,解表散寒，宣肺止嗽。用于感冒咳嗽，发热恶寒，鼻塞流涕，头痛无汗，肢体酸痛
理中丸（党参理中丸浓缩丸）,丸剂,温中散寒，健胃。用于脾胃虚寒，呕吐泄泻，胸满腹痛，消化不良
黄芪颗粒（冲剂）,颗粒剂,补气固表，利尿，托毒排脓，生肌。用于气短心悸，虚脱，自汗，体虚浮肿，慢性肾炎，久泻，脱肛，子宫脱垂，痈疽难溃，疮口久不愈合
雪上一枝蒿片,片剂,祛风，抗炎，镇痛。用于风湿疼痛，关节炎，跌打损伤等
接骨续筋片,片剂,活血化瘀，消肿止痛。用于软组织损伤、骨折等
蛇犬化毒散,散剂,清血解毒，镇惊，开窍。用于疯狗毒蛇咬伤，疮疡惊风，危急痧症
银黄含化片,片剂,清热解毒，消炎。用于急慢性扁桃体炎、咽炎、上呼吸道感染等症
银翘伤风胶囊,胶囊剂,辛凉解表，清热解毒。用于外感风热，温病初起，发热恶寒，高热口渴，头痛目赤，咽喉肿痛
甜梦胶囊,胶囊剂,益气补肾，健脾和胃，养心安神。用于头晕耳鸣，视减听衰，失眠健忘，食欲不振，腰膝酸软，心慌气短，中风后遗症；对脑功能减退，冠状血管疾患，脑血管栓塞及脱发也有一定作用
康寿丸,丸剂,补气养血，润肺滋肾。用于气血两虚，精血不足可致的身体虚弱，神疲乏力，眩晕健忘，失眠多梦，多汗，干咳少痰，心悸气促，腰膝酸软
鹿茸口服液,口服液,温肾壮阳，生精养血，补髓健骨。用于阳痿滑精，畏寒无力，血虚眩晕，腰膝痿软，虚寒血崩
鹿茸参鞭酒,酒剂,补肾精、生气血。用于畏寒肢冷，腰痛耳鸣，四肢酸软，精神疲乏，失眠多梦，心悸怔忡，纳呆食少，阳痿早泄，宫冷不孕，肢体麻木
鹿茸精注射液,注射剂,能增强肌体活力及促进细胞新陈代谢。用于神经衰弱，食欲不振，营养不良，性机能减退及健忘症等
麻仁合剂,口服液,润肠通便。用于肠燥便秘
羚羊感冒片,片剂,清热解表。用于流行性感冒，伤风咳嗽，头晕发热，咽喉肿痛
羚翘解毒丸（水丸）,丸剂,疏风清热，解毒。用于风热感冒，恶寒发热，头晕目眩，咳嗽，咽痛，两腮赤肿等
羚翘解毒丸（浓缩丸）,丸剂,疏风清热，解毒。用于风热感冒，恶寒发热，头晕目眩，咳嗽，咽痛
清热去湿茶,茶剂,清热去湿，利水通淋。用于湿热下注引起的小便不利，淋沥涩痛，以及急性尿道炎见上述证候者
葶苈草颗粒（肠炎干糖浆）,糖浆剂,清热止泻。用于肠炎，腹泻，红白痢疾
紫芝多糖片,片剂,滋补强壮，养心安神。用于神经衰弱，白细胞和血小板减少症，电离辐射及职业性造血损伤及其他原因引起的白细胞减少症，亦可用于慢性肝炎，慢性支气管炎，冠心病，肿瘤患者的辅助治疗
黑虎散,散剂,清热解毒，消肿止痛。用于痈疽肿毒，坚硬疼痛
舒肝理气丸,丸剂,舒肝理气，解郁。用于胸胁胀闷，气郁不舒
痛经宁糖浆,糖浆剂,调经止痛。用于月经不调，经前、行经期腹痛
湛江蛇药,散剂,解毒，消肿，止痛。用于毒蛇、毒虫咬伤
疡科心得集・家用膏丹丸散方（疡胶囊）,胶囊剂,清热解毒，消肿止痛。用于热毒壅盛所致的疮疡，症见局部红肿热痛、未溃破者
感冒康胶囊,胶囊剂,疏风清热，解表止痛。用于风热感冒，发热，头痛，鼻塞，流涕，咳嗽，咽痛
感冒解痛散,散剂,祛风除湿，散寒止痛。用于风寒感冒，头痛身痛，恶寒发热
感冒解毒片,片剂,祛风，清热，解毒。用于伤风感冒，头痛发烧，鼻塞流涕，咳嗽咽痛
感冒解毒颗粒（冲剂）,颗粒剂,祛风，清热，解毒。用于伤风感冒，头痛发烧，鼻塞流涕，咳嗽咽痛
感冒疏风片,片剂,辛温解表，宣肺和中。用于风寒感冒，发热咳嗽，头痛怕冷，鼻流清涕，骨节酸痛，四肢疲倦
解表清肺丸,丸剂,解表清热，止嗽化痰。用于小儿内热外感引起的头痛身热，咳嗽痰盛，气促作喘，咽喉肿痛
解毒生肌膏,膏剂,活血散瘀，消肿止痛，解毒拔脓，生肌收口。用于各类创面感染，二度烧伤
解暑片,片剂,辟秽开窍，止吐止泻。用于时行痧疫，头胀眼花，胸闷作恶，腹痛吐泻，手足厥冷，或受山岚瘴气，水土不服
腹可安片,片剂,清热利湿，收敛止痛。用于急性胃肠炎、消化不良引起的腹痛、腹泻、呕吐
腰息痛胶囊,胶囊剂,舒筋活络，祛瘀止痛，活血驱风。用于风湿性关节炎，肥大性腰椎炎，肥大性胸椎炎，颈椎炎，坐骨神经痛，腰肌劳损
痰喘半夏颗粒（冲剂）,颗粒剂,止咳，化痰，平喘。用于新老咳嗽，痰多气喘
福寿草片,片剂,强心，利尿，镇静，减慢心率。用于室上性心动过速，心房颤动，心力衰竭，心脏性水肿
鼻咽灵片,片剂,清热解毒，软坚散结，益气养阴。用于胸膈风热，痰火郁结，热毒上攻，耗气伤阴所致的口干，咽痛，咽喉干燥灼热，声嘶，头痛，鼻塞，流脓涕或涕中带血；也用于慢性咽炎，慢性扁桃体炎，鼻咽癌放疗、化疗辅助治疗
腐植酸钠颗粒（冲剂）,颗粒剂,收敛，止血，止泻。用于吐血，便血，泄泻，呕吐，脘腹疼痛，小儿腹泻，脾虚久泻，久痢
增光片,片剂,补益气血，滋养肝肾，明目安神，增加视力。用于假性近视眼，轻度青光眼及视力疲劳
噙化上清丸,丸剂,清热，散风，利咽。用于风热上攻，头晕目眩，鼻塞流涕，咳嗽，咽痛
糊药,丸剂,开胃消食，理气，化滞。用于消化不良，停食反胃，嗳腐吞酸，脘腹胀痛，食积腹泻
橘红片,片剂,化痰，止咳。用于咳嗽痰多，痰不易出，胸闷口干
橙皮,茶剂,理气健脾，燥湿化痰。用于脘腹胀满，食少吐泻，咳嗽痰多
藿香正气胶囊,胶囊剂,解表化湿，理气和中。用于外感风寒、内伤湿滞或夏伤暑湿所致的感冒，症见头痛昏重、胸膈痞闷、脘腹胀痛、呕吐泄泻；也用于胃肠型感冒见上述证候者
藿香清胃片,片剂,清热化湿，醒脾消滞。用于脾胃伏火引起的消化不良，脘腹胀满，不思饮食、口苦口臭等症
麝香壮骨膏,膏剂,镇痛，消炎。用于风湿痛，关节痛，腰痛，神经痛，肌肉酸痛，扭伤，挫伤
麝香伤湿解痛膏,膏剂,祛风除湿，活血止痛。用于风湿性关节炎，肌肉痛，扭伤
麝香跌打风湿膏,膏剂,祛风除湿，化瘀止痛。用于风湿痛，跌打损伤，肿痛
十香定痛丸,丸剂,舒肝解郁，和胃止痛。用于肝胃不和，气滞血瘀引起的胸胁胀满，胃脘疼痛，食积腹胀，经期腹痛。
八味锡类散,散剂,清热解毒，消肿止痛。用于内有蕴热，外感时邪引起的瘟疫白喉，咽喉肿痛，喉闭乳蛾，兼治结肠溃疡。
儿童七珍丸,丸剂,祛风镇惊，消食导滞。用于停食停乳引起：肚胀腹硬，呕吐乳食，大便秘结，痰热惊风。
儿童回春丸,丸剂,清热解毒，透表豁痰。用于急性惊风，伤寒发热，临夜发烧，小便带血，麻疹隐现不出而引起身热咳嗽，赤痢，水泻，食积，腹痛。
儿童回春颗粒,颗粒剂,清热解毒，透表豁痰。用于急性惊风，伤寒发热，临夜发烧，小便带血，麻疹隐现不出而引起身热咳嗽；赤痢，水泻，食积，腹痛。
儿童咳液,口服液,清热润肺，宣降肺气，祛痰止咳。用于咳嗽气喘，吐痰黄稠或咳痰不爽，咽干喉痛，急慢性气管炎。
三黄片,片剂,清热解毒，泻火通便。用于三焦热盛，目赤肿痛，口鼻生疮，咽喉肿痛，牙龈出血，心烦口渴，尿黄便秘，急性胃肠炎，痢疾。
大力药酒,酒剂,舒筋活血，祛风除湿，止痛。用于跌打损伤，风寒湿痹。
大败毒胶囊,胶囊剂,清血败毒，消肿止痛。用于脏腑毒热，血液不清引起的梅毒，血淋，白浊，尿道刺痛，大便秘结，疥疮，痈疽疮疡，红肿疼痛。
小儿牛黄颗粒,颗粒剂,"清热镇惊,散风化痰。用于小儿食滞内热引起咳嗽身热,呕吐痰涎,烦躁起急,睡卧不安,惊风抽搐,神志昏迷,大便燥结。"
小儿胃宝丸,丸剂,消食化积，健脾养胃，增进食欲，肥儿壮体。用于伤食伤乳，呕吐泄泻，脾虚胃弱，消化不良。
小儿胃宝片,片剂,消食化积，健脾养胃，增进食欲，肥儿壮体。用于伤食伤乳，呕吐泄泻，脾虚胃弱，消化不良。
小儿清热宁颗粒,颗粒剂,清热解毒。用于外感温邪，脏腑实热引起的内热高烧，咽喉肿痛，咳嗽痰盛，大便干燥。
小儿感冒散（宝宝感冒散）,散剂,发挥解肌，清热透表。用于脏腑积热、外感风寒引起的发热怕冷，肌表无汗，头痛口渴，咽痛鼻塞，咳嗽痰多，体倦。
小柴胡汤丸,丸剂,解表散热，疏肝和胃。用于寒热往来，胸胁苦满，心烦喜吐，口苦咽干。
干紫红胶囊,胶囊剂,清热凉血，收敛止泻。用于肠炎、菌痢、小儿腹泻。
川贝止咳露,露剂,止咳祛痰。用于风热咳嗽，痰多上气或燥咳。
五子衍宗口服液,口服液,补肾益精。用于肾虚腰痛，尿后余沥，遗精早泄，阳痿不育。
止带片,片剂,健脾祛湿，理气舒肝。用于湿阻脾痹，肝郁气滞，白带不止。
止咳桃花散,散剂,清肺、化痰、止咳、通窍散热，镇惊。用于百日咳及久咳不愈症，麻疹合并肺炎之镇咳剂。
牛黄蛇胆川贝散,散剂,清热，化痰，止咳。用于外感咳嗽中的热痰咳嗽，燥痰咳嗽。
长春宝丸,丸剂,"补益气血, 调和阴阳, 滋肝肾, 健脾胃, 强筋骨. 用于中老年人身体虚弱, 肝肾亏损所致的精神疲乏, 头晕目眩, 腰腿酸软, 眼花耳鸣, 健忘失眠, 心悸, 气短, 浮肿, 夜多小便等症, 也可作为高脂血症及高血压病人的辅助治疗药。"
化痔灵片,片剂,凉血、收敛、消炎。用于内外痔疮。
化痰消咳片,片剂,肃肺化痰，消炎止咳。用于感冒咳嗽，痰多气喘；上呼吸道感染，急性支气管炎。
风痛片,片剂,祛风除湿，舒筋活血。用于风湿痹痛，四肢麻木，筋骨疼痛。
风湿定片,片剂,活血通络，除痹止痛。用于风湿性关节炎，类风湿关节炎，颈肋神经痛，坐骨神经痛。
风湿定胶囊,胶囊剂,活血通络，除痹止痛。用于风湿性关节炎，类风湿性关节炎，颈肋神经痛，坐骨神经痛。
心肝宝胶囊,胶囊剂,补虚损、益精气、保肺益肾，扶正固本。用于乙型慢性活动性肝炎、肝硬化、房性、室性早搏、心动过速、心动过缓；顽固性失眠症及肾病综合症，癌症辅助治疗。
玉龙油,搽剂,驱风祛寒，止痛消瘀。用于风湿痹痛，关节扭伤，肩周炎，腰腿痛，跌打疼痛，神经痛等。
去感热注射液,注射剂,"清热解毒,发汗解表。用于上呼吸道感染引起的高热症。"
龙胆泻肝片,片剂,清肝胆，利湿热。用于肝胆湿热，头晕目赤，耳鸣耳聋，耳肿疼痛，胁痛，口苦，尿赤涩痛，湿热带下。
灭滴栓,栓剂,杀虫、消炎。用于阴道滴虫、滴虫性阴道炎、滴虫性尿道炎等。
甲鱼软坚膏,膏剂,化瘀通络，软坚散结。用于瘀血阻络引起的瘢痕痞块，经闭不通，脘腹疼痛，小儿疳积，消瘦腹大，青筋暴露。
白及颗粒,颗粒剂,收敛、止血、补肺。用于肺结核、慢性气管炎、百日咳、肺气肿、久咳伤肺、咯血吐血。
出血热预防片,片剂,凉血化瘀，清热解毒。用于预防流行性出血热。
乐脉颗粒,颗粒剂,行气活血，解郁化瘀，养血通脉。用于冠心病、动脉硬化、肺心病、多发性梗塞性痴呆等心脑血管疾病属气滞血瘀所致的头痛、眩晕、胸痛、心悸等症。
加味四消丸,丸剂,消导食、水、气、积。用于气郁积滞，停食停水引起的胸膈满闷，腹胀积聚，胃脘作痛，二便不利。
清火解毒丸,丸剂,清热，凉血，解毒。用于小儿热毒，疮疖痛肿，烦热口渴。
至宝灵芝酒,酒剂,补气养血，安神止喘。用于气血两亏，面色苍白或萎黄，气短咳喘有痰，四肢倦怠，食欲不振，心悸怔忡，头晕目眩，病后虚弱。
至灵胶囊,胶囊剂,补肺益肾。用于肺肾两虚所致咳喘、浮肿等症，亦可用于各类肾病、慢性支气管哮喘、慢性肝炎及肿瘤的辅助治疗。
当归枯痛合剂,口服液,清热利湿，祛风止痛。用于风湿阻络，骨节疼痛，胸膈不利，或湿热下注，足胫红肿热痛，或溃破流脓水者，疮疡。
当归南枣颗粒,颗粒剂,补血活血，调经止痛。用于血虚，月经不调，痛经，月经期症候群所引起的头痛，呕吐，失眠，胁痛及习惯性便秘等症。
吐泻肚痛胶囊,胶囊剂,化气消滞，去湿止泻。用于湿热积滞引起的肚痛泄泻，晕眩呕吐。
全杜仲胶囊,胶囊剂,"降血压,补肝肾,强筋骨。用于高血压症,肾虚腰痛,腰膝无力。"
安胎益母丸,丸剂,调经，活血，安胎。用于气血两亏，月经不调，胎动不安。
妇康片,片剂,补气，养血，调经。用于气血两亏，体虚无力，月经不调，经期腹痛。
妇舒丸,丸剂,补气养血，调经止带。用于气血凝滞，子宫寒冷，月经不调，痛经，红崩白带，经期缠绵，小腹下坠，不思饮食。
抗风湿液,口服液,驱风去湿，活血通络，壮腰健膝。用于慢性风湿性关节炎，类风湿性关节炎，腰腿痛，坐骨神经痛，四肢酸痹及腰肌劳损等症。
抗衰灵膏,膏剂,滋补肝肾，健脾养血，宁心安神，润肠通便。用于头晕眼花，精力衰竭，失眠健忘，各种原因引起的身体虚弱。
杜仲双降袋泡剂,散剂,降压，降脂。用于高血压症及高血脂症等。
杜仲壮骨胶囊,胶囊剂,益气健脾，养肝壮腰，活血通络，强健筋骨，祛风除湿。用于风湿痹痛，筋骨无力，屈伸不利，步履艰难，腰膝疼痛，畏寒喜温。
杜仲补天素丸,丸剂,温肾养心，壮腰安神。用于腰脊酸软，夜多小便，神经衰弱等症。
杜仲补天素片,片剂,温肾养心，壮腰安神。用于腰脊酸软，夜多小便，神经衰弱等症。
利咽解毒颗粒,颗粒剂,清肺利咽，解毒退热。用于急慢性扁桃腺炎，咽喉肿痛，口疮痄腮症。
利胆石颗粒,颗粒剂,疏肝利胆，和胃健脾。用于胆囊结石，胆道感染，胆道术后综合症。
肝得治胶囊,胶囊剂,清热解毒，活血化瘀，护肝理脾，降转氨酶。用于迁延性、慢性肝炎。
沙苑子颗粒,颗粒剂,温补肝肾，固精，缩尿，明目。用于肾虚腰痛，遗精早泄，白浊带下，小便余沥，眩晕目昏。
补肾防喘片,片剂,温阳补肾。用于预防和治疗支气管哮喘的季节性发作，慢性支气管炎哮喘等。
补肾康乐胶囊,胶囊剂,壮阳益肾，大补气血，添精生髓，强身健脑。用于未老先衰，性机能减退，腰腿酸痛，疲乏无力，失眠健忘，精神恍惚等症。
补脑安神片,片剂,补肝益肾，养血安神。用于肝肾不足所致头痛眩晕，心悸不宁，失眠多梦，健忘。
灵龙感冒胶囊,胶囊剂,解表清热，祛湿止痛。用于重感，恶寒发热，头痛身痛，四肢酸软，小便发黄等症。
灵芝颗粒(冲剂),颗粒剂,宁心安神，健脾和胃。用于失眠健忘，身体虚弱，神经衰弱，慢性支气管炎，亦可用于冠心病的辅助治疗。
阿归养血颗粒,颗粒剂,补养气血。用于气血亏虚，面色萎黄，眩晕乏力，肌肉消瘦，经闭，赤白带下。
阿归养血糖浆(当归养血膏),糖浆剂,补气养血。用于气血亏虚，面色萎黄，眩晕乏力，肌肉消瘦，经闭，赤白带下。
鸡血藤颗粒,颗粒剂,补血，活血，通络。用于月经不调，血虚萎黄，麻木瘫痪，风湿痹痛。
鸡血藤糖浆,糖浆剂,补血，活血，通络。用于月经不调，血虚萎黄，麻木瘫痪，风湿痹痛。
驱风油,搽剂,促进局部血液循环，消炎，镇痛。用于风湿性关节炎痛。
青阳参片,片剂,平肝补肾，豁痰镇痉，定痛。用于癫痫、头昏头痛、眩晕、耳鸣、腰膝酸软等症。
坤顺丸,丸剂,补气养血，理气调经。用于气血不足，肝郁阴虚引起，经期不准，行经腹痛，月经量少，手足心热。
肾炎四味片,片剂,活血化瘀，清热解毒，补肾益气。用于慢性肾炎。
肾骨胶囊,胶囊剂,促进骨质形成，维持神经传导，肌肉收缩，毛细血管正常渗透压，保持血液酸碱平衡。用于儿童、成人或老年人缺钙引起的骨质疏松，骨质增生，骨痛，肌肉痉挛，小儿佝偻症。
明目拨云散,散剂,清热除湿。用于暴发火眼，眼边赤烂，黑睛云翳。
明睛地黄丸,丸剂,滋肾养肝，明目。用于肝肾阴虚，目涩怕光，迎风流泪。
金龙伤湿止痛膏,膏剂,祛风除湿，消肿止痛。用于风湿痛，筋骨痛，关节痛，肩酸腰痛以及跌打肿痛。
金刚片,片剂,温阳补肾，益精填髓，强筋壮骨。用于腰膝酸软，阳痿不举，遗精早泄，小便频数。
金衣至宝锭,丹剂,清热祛风，消食导滞。用于乳食停滞，感受风寒引起，发热流涕，咳嗽痰多，恶心呕吐，大便干燥。
金黄抱龙丸,丸剂,清热镇惊，化痰熄风。用于痰热内蕴引起的急热惊风，咳嗽痰盛，烦躁不安，昏睡神迷。
金梅感冒片,片剂,解表祛暑，清热解毒，利咽生津。用于外感风热引起的发热、头痛、咽喉肿痛、咳嗽或夏季中暑发热等。
金嗓利咽胶囊,胶囊剂,燥湿化痰，疏肝理气。用于咽部不适，咽部异物感，声带肥厚等属于痰湿内阻，肝郁气滞型者。
金嗓散结胶囊,胶囊剂,清热解毒，活血化瘀，利湿化痰。用于热毒蓄结，气滞血瘀而形成的慢喉咙（声带小结，声带息肉，声带粘膜增厚）及由此而引起的声音嘶哑等症。
乳康片,片剂,疏肝解郁，理气止痛，活血散瘀，消积化痰，软坚散结，补气健脾。用于乳腺增生病。
乳鹿膏,膏剂,补气养血，益肾填精，用于体弱面黄，腰腹冷痛，月经不调，遗精阳痿
肥儿疳积颗粒,颗粒剂,健脾和胃，平肝杀虫。用于脾弱肝滞，面黄肌瘦，消化不良。
泻毒散,散剂,泻火解毒。用于疮疡肿毒。
治感佳片,片剂,清热、解毒、解表。用于温病初起，感冒发热头痛。
治感佳胶囊,胶囊剂,清热，解毒，解表。用于温病初起，感冒发热头痛。
降气定喘丸,丸剂,降气定喘，除痰止咳。用于慢性支气管炎，支气管哮喘，咳嗽气促等症
参苓白术胶囊,胶囊剂,补脾胃，益肺气。用于脾胃虚弱，食少便溏，气短咳嗽，肢倦乏力
参茸鞭丸,丸剂,补肾壮阳，强精增髓。用于性欲衰退，肾虚，气弱，阳痿，早泄，遗精及男女一切肾病
参鹿强身丸,丸剂,滋补强身，益肾壮阳。用于身体虚弱，精神不振，肾虚阳痿，腰背酸痛
茵莲清肝合剂,口服液,清热解毒，芳香化湿，舒肝利胆，健脾和胃，养血活血。用于病毒性肝炎，肝炎病毒携带者及肝功能异常患者
胃安宁片,片剂,制酸敛溃，解痉止痛，用于十二指肠溃疡，慢性胃炎，胃粘膜脱垂，胃幽门痉挛
秋梨润肺膏,膏剂,润肺止咳，生津利咽。用于阴虚肺热引起的咳嗽气短，痰少质粘，口燥咽干，喉痛声哑
香砂平胃颗粒,颗粒剂,健脾，温中，燥湿。用于饮食不节，食湿互滞，胃脘胀痛，消化不良
复方天麻颗粒,颗粒剂,健脑安神。用于失眠健忘，神经衰弱，以及高血压引起的头昏头痛
复方五指柑片,片剂,用于中毒性消化不良，急、慢性胃肠炎，痢疾，风热感冒
复方牛黄清胃丸,丸剂,清热通便。用于胃肠实热引起：口舌生疮，牙龈肿痛，咽膈不利，大便秘结，小便短赤
复方石淋通片,片剂,清热利湿，通淋排石。用于膀胱湿热，石淋涩痛，尿路结石，泌尿系感染属肝胆膀胱湿热者
复方青黛丸,丸剂,清热解毒，消斑化瘀，祛风止痒。用于进行期银屑病、玫瑰糠疹、药疹等
复方枇杷糖浆,糖浆剂,镇咳祛痰。用于伤风咳嗽
复方板蓝根颗粒,颗粒剂,清热解毒，凉血。用于温病发热，出斑，风热感冒，咽喉肿烂，流行性乙型脑炎，肝炎，腮腺炎
复方荆芥熏洗剂,洗剂,祛风燥湿，消肿止痛。用于外痔，混合痔，内痔脱垂嵌顿，肛裂，肛周脓肿，肛瘘急性发作
复方热敷散,散剂,祛风散寒，温筋通脉，活血化瘀，活络消肿；消炎，止痛。用于软组织损伤、关节炎、颈椎病等
复方益肝灵片,片剂,益肝滋肾，解毒祛湿。用于肝肾阴虚，湿毒未清引起胁痛、纳差、腹胀、腰酸乏力等
复方梨膏,膏剂,养阴润肺，增液生津，化痰止咳。用于阴虚久咳，肺燥咳嗽，病后虚咳，痰阻哮喘等
复方鹿胎丸,丸剂,理血温经。用于经血不调，小腹冷痛，肢体酸软
复方感冒灵片,片剂,辛凉解表，清热解毒。用于风热感冒及温病之发热，微恶风寒，头身痛，口干而渴，鼻塞涕浊，咽喉红肿疼痛，咳嗽，痰黄粘稠
复方感冒灵颗粒,颗粒剂,辛凉解表，清热解毒。用于风热感冒及温病之发热，微恶风寒，头身痛，口干而渴，鼻塞涕浊，咽喉红肿疼痛，咳嗽，痰黄粘稠
复明片,片剂,滋补肝肾，养阴生津，清肝明目。用于青光眼，初、中期白内障及肝肾阴虚引起的羞明畏光、视物模糊等病
追风壮骨膏,膏剂,通风散寒，活血止痛，用于风寒湿痹，肩背疼痛，腰酸腿软，筋脉拘挛，四肢麻木，关节酸痛，筋骨无力，行步艰难。
盆炎净颗粒,颗粒剂,清热利湿，和血通络，调经止带。用于湿热下注，白带过多，盆腔炎见以上的证候者。
胆宁片,片剂,清热化湿，疏肝利胆。用于急慢性胆囊炎，胆道感染，胆结石等。
脉君安片,片剂,平肝熄风，解肌止痛。用于高血压症、头痛眩晕、颈项强痛、失眠心悸、冠心病。
养血调经膏,膏剂,养血调经，暖宫止痛。用于经血不足，子宫虚寒引起的经期不准，行经腹痛，宫寒带下，腰酸腿软
养阴降压胶囊,胶囊剂,滋阴潜阳，平肝安神，活血通络。用于肝肾阴虚，肝阳上亢引起的高血压病：头晕头痛，颈不适，目眩耳鸣，行走不稳，心悸心疼，烦躁易怒，失眠多梦
养阴清肺颗粒,颗粒剂,养阴清热，润肺止嗽。用于阴虚肺热，津液不升引起：咳嗽少痰，久嗽音哑，口干舌燥，咽喉肿痛，乳蛾喉痹
前列舒乐颗粒,颗粒剂,补肾益气，化瘀通淋。用于肾脾双虚，气滞血瘀，前列腺增生，慢性前列腺炎；面色晃白，神疲乏力，腰膝疲软无力，小腹坠胀，小便不爽，点滴不出，或尿频、尿急、尿道涩痛
烂耳散,散剂,杀菌，消炎，防腐。用于耳肿，流脓，烂耳边，耳底溃疡及烂头、烂肉
活血止痛胶囊,胶囊剂,活血散瘀，消肿止痛。用于跌打损伤，瘀血肿痛
冠心苏合滴丸,丸剂,理气宽胸，止痛。用于心绞痛，胸闷憋气
退障眼膏,膏剂,明目退翳。用于初发白内障及角膜斑翳
蚕蛾公补片,片剂,补肾壮阳，养血，填精。用于肾阳虚损，阳痿早泄，宫冷不孕，性机能衰退等症
莲芝消炎胶囊,胶囊剂,清热解毒，凉血消肿。用于肠胃炎，支气管炎，扁桃体炎，咽喉炎，肺炎等
柴枳四逆散,散剂,疏肝理脾。用于热厥手足不温，胸胁痞满，下痢腰痛
眠安宁口服液,口服液,养血安神。用于神经衰弱，失眠多梦，心神不安等症
健宝灵片,片剂,健脾益胃，促进生长，增强抵抗力。用于食欲不振，发育不良，病后体弱
健脑安神片,片剂,滋补强壮，镇静安神。用于神经衰弱，头痛，头晕，健忘失眠，耳鸣等
健脑灵片,片剂,滋肾，镇静，安神。用于肾阳不足引起的神经衰弱、头晕、失眠、尿频、多梦等症
益肺胶囊,胶囊剂,补肾益肺，清热化痰，止咳平喘。用于久病咳喘，胸满多痰
消肿止痛酊,酊剂,舒筋活络，消肿止痛。用于跌打扭伤，风湿骨痛，无名肿毒，腮腺炎肿痛
消咳宁片,片剂,止咳祛痰。用于感冒，咳嗽，气管炎，支气管哮喘等症
消络痛胶囊,胶囊剂,散风，祛湿。用于风湿性关节炎及其他风湿性疾病
消瘀定痛膏,膏剂,行滞散瘀，消肿定痛。用于跌打损伤，挫闪扭伤，风寒湿痹及气滞血瘀所致的疼痛
宽中顺气丸,丸剂,顺气宽胸，消积化滞。用于气血郁滞，停食停水引起：胸膈痞满，膨闷胀饱，不欲饮食，脘腹胀痛，大便秘结
宽胸气雾剂,气雾剂,理气止痛。用于缓解心绞痛
展筋活血散,散剂,活血化淤，展筋活络，消肿止痛。用于跌打损伤所致的关节肌肉肿痛、急性软组织及其他慢性组织损伤，腰肌劳损，肩周炎，落枕、颈椎病、腰椎盘突出等
银花抗感片,片剂,清热解毒。用于伤风感冒，恶寒发热，头痛咳嗽，咽喉肿痛
银菊感冒片,片剂,辛凉解表，清热解毒。用于伤风感冒引起的发热、恶寒、头痛、咳嗽、咽喉疼痛及扁桃体炎
银翘袋泡剂,颗粒剂,辛凉透表，清热解毒。用于风热感冒，发热头痛，咳嗽，口干，咽喉疼痛
痔炎消颗粒,颗粒剂,清热解毒，润肠通便，止血，止痛，消肿。用于痔疮发炎肿痛、肛裂疼痛及痔疮手术后大便困难、便血等及老年人便秘
康乐鼻炎片,片剂,疏风清热，活血驱瘀，祛湿通窍。用于外感风邪、胆经郁热、脾胃湿热而致的伤风鼻塞、鼻窒、鼻鼽、鼻渊（急、慢性鼻炎，过敏性鼻炎，鼻窦炎）
清肺化痰丸,丸剂,降气化痰，止咳平喘。用于肺热咳嗽，痰多作喘，痰涎壅盛，肺气不畅
清脑安神丸,丸剂,清热安神。用于惊悸怔仲，失眠健忘，头晕耳鸣，倦怠无力，心烦舌燥
清凉含片,片剂,清热解暑，生津止渴。用于受暑受热，口渴恶心，烦闷眩晕，咽喉肿痛
清凉喉片,片剂,疏散风热，清利咽喉。用于风热感冒，咽喉肿痛
惊风七厘散,散剂,定惊清热，祛风除痰。用于小儿惊风，痰涎壅盛，咳嗽气喘，食滞呕吐，腹痛泄泻
惊风散,散剂,镇惊，化痞，消食。用于小儿急惊风，手足抽搐，宿食积痞，腹胀
屠苏液,口服液,温经，疏风，散寒，解毒。用于预防感冒，风寒。冬春交替之季饮用更有益处
维尔康胶囊,胶囊剂,健脾固本，益气扶正。用于年老体虚，健忘，妇人病后虚弱
绿萼点舌丸,丸剂,清热解毒，消肿止痛。用于疔疮痈肿初起，咽喉、龈、舌肿痛
紫珠止血液,口服液,清热解毒，收敛止血。用于胃肠道出血、便血、咯血以及外伤出血等
喉痛消炎丸,丸剂,清热解毒，消炎止痛。用于咽喉肿痛，疗疮蛾喉，痈疖肿毒，口舌生疮
黑豆馏油软膏,膏剂,消炎，收敛，止痒，使角质再生。用于神经性皮炎，亚急性、慢性皮炎及慢性湿疹等
锁阳补肾胶囊,胶囊剂,补肾壮阳，填精固真。用于肾阳虚或肾阴虚引起的阳痿、遗精、早泄等症
舒肺糖浆,糖浆剂,镇咳祛痰。用于急、慢性支气管炎
舒筋止痛酊,酊剂,舒筋，活血，止痛。用于风湿痹阻引起的四肢关节及周身疼痛
舒筋健腰丸,丸剂,补益肝肾，强健筋骨，驱风除湿，活络止痛。用于腰膝酸痛，坐骨神经痛
温肾全鹿丸,丸剂,温肾固精，益气养血。用于肾阳虚弱，气血亏损引起：头晕健忘，目暗耳鸣，腰膝酸软，倦怠嗜卧，阳萎精滑，宫寒带下，滑胎小产
疏风散热胶囊,胶囊剂,清热解毒，疏风散热。用于风热感冒，发热头痛，咳嗽口干，咽喉疼痛
疏痛安涂膜剂,膜剂,舒筋活血，消肿止痛。用于头面部神经痛，面神经麻痹，急、慢性软组织损伤及其他部位神经痛
痰饮丸,丸剂,温补脾肾，助阳化饮。用于痰饮咳嗽，气促发喘，咯吐白痰，畏寒肢冷，腰酸背冷，腹胀食少
痰净片,片剂,祛痰止咳。用于治疗急慢性气管炎，尤其是老年性气管炎
豨莶风湿丸,丸剂,祛风除湿，通络止痛。用于四肢麻痹，腰膝无力，骨节疼痛及风湿性关节炎
熊胆痔疮膏,膏剂,清热解毒，收湿敛疮。用于痔疮痛痒、肛门破裂、红肿流水
熟三七片,片剂,补血和血。用于贫血，失血虚弱，月经不调，产后恶血不尽
麝香三妙膏,膏剂,消肿，解毒，止痛。用于乳痈、疖肿、疗毒、疮疡、黄水疮等
麝香回阳膏,膏剂,消肿，通窍，散瘀，排脓，生肌及杀菌防腐。用于腰痛，搭背，偏口，对口，伤手，痈疮，冻疮，黄水疮，一切疗毒，恶疮等症
麝香奇应丸,丸剂,清热，解毒，镇惊。用于小儿痰热惊风，烦热神昏，咽喉肿痛，无名肿毒
一清颗粒,颗粒剂,清热燥湿，泻火解毒，化瘀止血。用于热毒所致的身热烦躁，目赤口疮，咽喉、牙龈肿痛，大便秘结等症及咽炎、扁桃体炎、牙龈炎见上述症候者。亦可用于热盛迫血妄行所致吐血、咯血、鼻血、内痔出血等症
二仙口服液,口服液,滋阴助阳，补肾养血。用于气血两虚，周身酸软，神经衰弱等症
二母安嗽糖浆,糖浆剂,清肺化痰，止嗽定喘。用于虚劳久嗽，春秋举发，咳嗽痰喘，骨蒸潮热，音哑声重，口燥舌干，痰涎壅盛
二至丸 (浓缩丸),丸剂,补益肝肾，滋阴止血。用于肝肾阴虚，眩晕耳鸣，咽干鼻燥，腰膝酸痛，月经量多
丁沉透膈丸,丸剂,健脾和胃，行气消胀。用于胃脘疼痛，气郁结滞，胸膈痞闷，嗳气吐酸，消化不良
七鞭回春乐胶囊,胶囊剂,补肾壮阳。用于肾虚阳萎，滑精早泄，性功能减退
人参女金丸,丸剂,调经养血，逐瘀生新。用于月经不调，赤白带下，子宫寒冷，行经腹痛
人参药酒,酒剂,补气养血，暖胃散寒。用于气血两亏，神疲乏力，胃寒作痛，食欲不振
人参鳖甲煎丸,丸剂,活血化瘀，消痞块。用于久病不愈，癥块攻痛，风湿痰气，癥瘕疟母
三七丹参颗粒,颗粒剂,活血化瘀，理气止痛。长期服用有预防和治疗冠心病、心绞痛的作用
三分三浸膏片,片剂,解痉止痛。用于胃与十二指肠溃疡及胆、肾、肠绞痛，亦用于震颤麻痹
下乳涌泉散,散剂,养血催乳。用于产后少乳
大蓟止血片,片剂,凉血，止血。用于妇女功能性子宫出血，子宫复旧不全等
小儿抗惊片,片剂,平肝熄风，镇惊解抽。用于急慢惊风，撮口天吊，痰壅中满，夜啼不宁，便青
小柴胡汤丸 (浓缩丸),丸剂,和解表里。用于寒热往来，胸胁苦满，心烦喜呕，食欲不振，口苦咽干，头晕目眩
山莨菪麝香膏,膏剂,活血镇痛，祛风除湿。用于风湿痹痛，关节炎、类风湿关节炎，跌打损伤等症的疼痛
云芝肝泰颗粒,颗粒剂,免疫调节剂。主要用于治疗慢性活动性肝炎
五仁润肠丸,丸剂,润肠通便。用于老年体弱，津亏便秘；腹胀食少
五积丸,丸剂,发表、温中、消积。用于外感风寒或内伤生冷，头痛、身痛、腹痛、胸满、厌食、呕吐以及月经不调等症
止痛化癥胶囊,胶囊剂,活血调经，化癥止痛，软坚散结。用于癥瘕积聚、痛经闭经，赤白带下及慢性盆腔炎等
止痛风湿丸,丸剂,祛风除湿，活血止痛。用于四肢麻木，腰腿沉重，风湿疼痛
止痛消炎软膏,膏剂,消肿止痛
中风再造丸,丸剂,舒筋活血，祛风化痰。用于口眼歪斜，言语不清，半身不遂，四肢麻木，风湿、类风湿性关节炎等
牛黄抱龙片,片剂,清热镇惊，祛风化痰。用于小儿风痰壅盛，高热神昏，惊风抽搐
牛黄净脑片,片剂,清热解毒，镇惊安神。用于热盛所致的神昏狂躁，头目眩晕，咽喉肿痛等症，亦用于小儿内热，惊风抽搐等
牛黄解毒丸 (水丸),丸剂,清热解毒。用于火热内盛，咽喉肿痛，牙龈肿痛，口舌生疮，目赤肿痛
午时茶,茶剂,解表和中。用于感受风寒，内伤食积，寒热吐泻
气痛丸,丸剂,行气止痛，健胃消滞。用于胃气痛，肠胃积滞痛
片仔癀胶囊,胶囊剂,清热解毒，消炎止痛，活血化瘀。用于急、慢性病毒性肝炎，痈疽疔疮，无名肿毒，跌打损伤及各种炎症
风湿膏药,膏剂,除湿散寒，祛风止痛。用于筋骨酸疼，四肢麻木，风寒湿痹，以及诸疼
丹羚心舒胶囊,胶囊剂,益气活血，芳香开窍，化瘀止痛。用于气血瘀滞，心窍闭阻之胸中憋闷、心悸、心痛、抽搐、惊厥等症
六味地黄丸 (水丸),丸剂,滋阴补肾。用于肾阴亏损，头晕耳鸣，腰膝酸软，骨蒸潮热，盗汗遗精，消渴
六味地黄膏,膏剂,滋补肾阴。用于肾阴亏损，头晕耳鸣，腰膝酸软，盗汗遗精，消渴等症
六神祛暑水,酊剂,用于因中暑而引起的头晕、恶心、腹痛等
心无忧片,片剂,理气活血，宽胸止痛。用于胸痹气滞血瘀症，证见胸痛、胸闷、心悸、气短、头昏、乏力等，也可用于冠心病，心绞痛
心脑康胶囊,胶囊剂,活血化瘀，通窍止痛，扩张血管，增加冠状动脉血流量。用于冠心病，心绞痛及脑动脉硬化症
心舒丸,丸剂,行气活血，通窍，解郁。用于冠心病引起的胸闷气短，心绞痛
甘露消渴胶囊,胶囊剂,滋阴补肾，健脾生津。用于非胰岛素依赖型糖尿病
田七跌打丸,丸剂,活血祛瘀，消肿止痛。用于跌打损伤，肿胀青紫，疼痛不止
田七颗粒 (冲剂),颗粒剂,活血定痛，祛瘀生新。用于各种痛证，血证，高血压，高血脂，冠心病等
四季感冒片,片剂,清热解表。用于四季风寒感冒，特别适用于体弱者，妊娠妇女因感冒引起的发热头痛，鼻流清涕，咳嗽口干，咽喉疼痛，恶心厌食等
生血宝颗粒,颗粒剂,养肝肾，益气血。用于恶性肿瘤放化疗所致的白细胞减少及神疲乏力，腰膝疲软，头晕耳鸣，心悸，气短，失眠，咽干，纳差食少等症
白及片,片剂,收敛止血，生肌定痛。用于久咳伤肺，咯血吐血；外用治创伤止血、皮肤皲裂
白花油,搽剂,疏风止痒，理气止痛，消疲提神。用于关节酸痛，伤风感冒，头痛鼻塞，扭伤等；内服驱肠胃积气，止痛
半贝丸,丸剂,止咳化痰，开郁散结。用于咳嗽痰多及瘰疬痰核病
耳聋丸,丸剂,清肝泻火，利湿通窍。用于上焦湿热，头晕头痛，耳聋耳鸣，耳内流脓
耳聋通窍丸,丸剂,清热泻火，利湿通便。用于肝胆火盛，头眩目胀，耳聋耳鸣，耳内流脓，大便干燥，小便赤黄
百花定喘片,片剂,疏风解热、止嗽定喘。用于咳嗽痰喘，日夜不息，不能安眠，呼吸困难、胸满不畅，咽干口渴
百草油,搽剂,清暑去湿，辟秽止呕，提神醒脑。用于伤风感冒，呕吐腹痛，舟车晕浪，皮肤瘙痒
回春胶囊,胶囊剂,补肾，益精，助阳，润燥。用于肾虚腰痛，神疲健忘，阳痿不举等症
伤风停胶囊,胶囊剂,发散风寒。用于外感风寒，恶寒发热，头痛，鼻塞，鼻流清涕，肢体酸重，喉痒咳嗽，咳嗽痰清稀，舌质淡红，苔薄白，脉浮紧；及上呼吸道感染，感冒鼻炎等见上述症候者
血宁糖浆,糖浆剂,止血药。用于血友病、血小板减少症、紫癜、鼻衄、齿龈出血等症
壮腰健肾片,片剂,壮腰健肾，养血，祛风湿。用于肾亏腰痛，膝软无力，神经衰弱，小便频数，遗精早泄，风湿骨痛
冰霜梅苏丸,丸剂,生津，止渴，祛暑。用于受暑受热，头晕心烦，口渴思饮，口燥咽干
冰霜痱子粉,散剂,除湿止痒。用于夏令痱子，刺痒难忍
灯盏花素片,片剂,活血化瘀，通络止痛。用于中风后遗症，冠心病，心绞痛
寿星补汁,口服液,益气养血，调理脾胃。用于年老衰弱，病后体虚，疲乏无力，食欲减退，肢痛麻木，失眠多梦
抗感灵片,片剂,解热镇痛、消炎。用于感冒引起的鼻塞、流涕、咽部痒痛、咳嗽头痛、周身酸痛、高热不退以及由感冒引起的扁桃体炎、淋巴腺炎等合并症
护肝宁片,片剂,清热利湿，益肝化瘀，舒肝止痛；退黄，降低谷丙转氨酶。用于急性肝炎及慢性肝炎
苏菲咳糖浆,糖浆剂,祛痰镇咳。用于咳嗽，哮喘，多痰，支气管炎
杜仲药酒,酒剂,温补肝肾，补益气血，强壮筋骨，祛风除湿。用于肝肾不足，筋骨痿弱，风寒湿痹，阳痿早泄
杞蓉片,片剂,补肾固精，益智安神。用于肾亏遗精，阳痿早泄，失眠健忘
连蒲双清片,片剂,清热解毒，燥湿止痢。用于肠炎痢疾，疖肿外伤发炎，乳腺炎，胆囊炎等症
肝宁片,片剂,清热解毒，利湿，化瘀散结。用于治疗各种急慢性肝炎，尤其对乙型肝炎患者的肝功能异常和表面抗原阳性者有显著疗效，并可预防乙肝癌变
肝苏颗粒,颗粒剂,降酶，保肝，退黄，健脾。用于慢性活动性肝炎、乙型肝炎，也可用于急性病毒性肝炎
肝速康胶囊,胶囊剂,本品具有降酶，降浊，调整机体免疫功能，改善代谢障碍、肝病症状及加速肝功能恢复等作用。用于急、慢性、迁延性肝炎
肝喜乐胶囊,胶囊剂,有降低谷丙转氨酶，保护及促进肝细胞再生功能，主要用于治疗急性肝炎，迁延型慢性肝炎和肝硬化等症
肝精补血素口服液,口服液,益气补血，滋补肝肾。用于气血亏虚，肝肾不足（贫血、神经衰弱）
肠胃宁片,片剂,健脾益肾，温中止痛，涩肠止泻。用于脾肾阳虚泄泻日久，大便不调，五更泄泻，时带粘液，伴有腹胀腹痛，胃脘疼痛，小腹坠胀，食不佳，属上述证候者；慢性结肠炎，溃疡性结肠炎，肠功能紊乱属上述证候者
良园枇杷叶膏,膏剂,清宣肺气，化痰镇咳。用于风热感冒、咳嗽、气喘
补肾益精酒,酒剂,补肾壮阳，生精益髓。用于阳痿早泄，肾虚精少，头晕眼花，怔忡健忘，腰膝酸软，年老体虚等症
补益地黄丸,丸剂,滋阴补气，益肾填精。用于脾肾两虚，腰痛脚重，四肢浮肿，行步艰难，疲乏无力
苦胆丸,丸剂,解热消炎，舒肝利胆。用于黄疸型肝炎，无黄疸型及急、慢性肝炎
苦胆片,片剂,清热解毒，舒肝利胆。用于黄疸型肝炎，无黄疸型及急、慢性肝炎
肾炎灵胶囊,胶囊剂,清热凉血，滋阴养肾。用于慢性肾小球肾炎
肾复康胶囊,胶囊剂,清热利尿，益肾化浊。用于热淋湿痛，急性肾炎水肿，慢性肾炎急性发作
肾衰宁胶囊,胶囊剂,益气健脾，活血化瘀，通腑泄浊。用于脾失运化，瘀浊阻滞，升降失调所引起的腰痛疲倦，面色萎黄，恶心呕吐，食欲不振，小便不利，大便粘滞及多种原因引起的慢性肾功能不全见上述症候者
国产血竭胶囊,胶囊剂,活血散瘀，定痛止血，敛疮生肌。用于跌打损伤，瘀血作痛，妇女气血凝滞，外伤出血，瘰疬久不收口
固本强身胶囊,胶囊剂,补虚益气，润肺保肝。延缓衰老，益脑提神，改善性功能
金衣万应丸,丸剂,清热祛暑，解毒止血。用于内热引起，中暑头晕，上吐下泻，咽喉肿痛，口舌生疮，牙齿疼痛，吐血衄血，肠风便血，无名肿毒，小儿急热惊风，斑疹等症
金喉散,散剂,清热解毒，生津化痰，活血消肿止痛。适用于声音嘶哑，急慢性咽喉炎及喉炎引起的声带充血、声带水肿、喉痛等喉症
肿节风片,片剂,消肿散结、清热解毒。用于肺炎，阑尾炎，蜂窝组织炎，大剂量用于肿瘤
肿节风浸膏,膏剂,消肿散结，清热解毒。用于肺炎、阑尾炎、蜂窝组织炎，大剂量用于肿瘤
泻痢消胶囊,胶囊剂,清热燥湿，行气止痛，化浊止痢。用于湿热泻痢，泄泻急迫，泻而不爽，大便黄褐色或便脓血，肛门灼热，腹痛，里急后重，心烦，口渴，小便黄赤，舌质红，苔薄黄或黄腻，脉濡数；急性肠炎，结肠炎，痢疾等见上述症候者
定喘止咳糖浆,糖浆剂,宣肺平喘，理气止咳。用于风寒喘咳，胸腹胀满，亦可用于支气管哮喘，支气管炎
降脂宁颗粒,颗粒剂,降血脂，软化血管。用于增强冠状动脉血液循环，抗心律不齐及高血脂症
降脂灵胶囊,胶囊剂,消食，降血脂，通血脉，益气血。用于动脉硬化症，高血脂症等
降糖胶囊,胶囊剂,清热生津，滋阴润燥。用于消渴症，多饮，多尿，多食，消瘦，体倦无力及全身综合症
参麦颗粒,颗粒剂,养阴生津。用于面黄肌瘦，津少口渴，腰膝酸软，食欲不振，头晕眼花，心悸气短，神经衰弱
参茸延龄片,片剂,滋阴壮阳，调补气血。用于身体虚瘦，耗神过度，肾亏阳痿，腰疼背痛，四肢倦怠
参茸黑锡丸,丸剂,回阳固脱，坠痰定喘。用于痰壅气喘，四肢厥冷，大汗不止，猝然昏倒，腹中冷痛等症
带症丸,丸剂,止痢、止带、止血。用于赤白痢疾，崩漏带下
茵陈五苓糖浆,糖浆剂,通阳健脾，利湿除黄。用于湿热黄疸，湿重于热，脘闷腹胀，纳呆呕恶，小便不利，舌苔黄腻
枸杞益元酒,酒剂,补益肝肾，养血明目。用于肝肾两虚，头昏目花，腰膝酸痛
栀芩清热液,口服液,疏风散热，清热解毒。用于三焦热毒炽盛，发热头痛，口渴，尿赤等
威喜丸,丸剂,利湿，补肾固下。用于肾虚遗精，妇女白带
临江风药,颗粒剂,疏风清热，开窍豁痰，平肝熄风，镇惊止抽。用于小儿急慢惊风，痰热壅盛，四肢抽搐等表里实热症
胃气痛片,片剂,理气，和胃，止痛。用于胃脘疼痛，胸腹胀满，呕吐酸水，消化不良
胃乐舒口服液,口服液,滋补强壮，健脾和中，化瘀止痛。用于脾虚胃痛、胃脘痛（胃炎、慢性萎缩性胃炎，胃及十二指肠溃疡）
胃疡灵颗粒,颗粒剂,温中益气，缓急止痛。用于脘腹胀痛，喜温，喜按，食少，乏力，舌淡脉弱，适用于慢性胃炎，十二指肠溃疡有上述症状者
胃炎康胶囊,胶囊剂,舒肝和胃，缓急止痛。主治胃脘疼痛，呕恶泛酸、烧灼不适。用于十二指肠溃疡、胆汁返流性胃炎、慢性胃炎等具有以上症状者
胃祥宁颗粒,颗粒剂,舒肝止痛，养阴润肠。用于消化性溃疡，慢性胃炎所致的胃脘痛、腹胀、嗳气、口渴、便秘等症
咳灵胶囊,胶囊剂,益气补肺、止咳定喘。用于肺气虚弱，津液亏损，虚劳久嗽，咳嗽喘促，气短胸满，口渴咽干
骨友灵贴膏,膏剂,活血化瘀，消肿止痛。用于骨质增生引起的功能性障碍，软组织损伤及大骨节病所引起的肿胀疼痛
骨筋丸 (大蜜丸),丸剂,活血化瘀，舒筋通络，祛风止痛。用于肥大性脊椎炎，颈椎病、跟骨刺，增生性关节炎，大骨节病等
骨筋丸片,片剂,活血化瘀，舒筋通络，祛风止痛。用于肥大性脊椎炎，颈椎病、跟骨刺，增生性关节炎，大骨节病等
骨筋丸胶囊,胶囊剂,活血化瘀，舒筋通络，祛风止痛。用于肥大性脊椎炎，颈椎病、跟骨刺，增生性关节炎，大骨节病等
香连素片,片剂,清热燥湿，行气止痛。用于湿热型痢疾，里急后重，腹痛泄泻
复方三七口服液,口服液,抗衰，扶正培本，益气强心，健脾固本，滋阴润燥，生津止咳；并有提高机体免疫力，升高白细胞和血色素的作用。用于神倦乏力，气短心悸，阴虚津少，口干舌燥；也用于肿瘤病人虚衰及放疗、化疗手术后出现的一切虚症
复方土荆皮酊,酊剂,抑制表皮霉菌及止痒。用于手癣，脚癣，体癣等
复方羊角颗粒,颗粒剂,平肝、镇痛。用于偏头痛，血管性头痛，紧张性头痛，也可用于神经痛
复方党参片 (冠参片),片剂,活血化瘀，益气宁心。用于心肌缺血引起的心绞痛及胸闷等
复方鹿参膏,膏剂,养血益气，调经温寒。用于肾虚，气血两亏，经血不调，经期腹痛
复方蒲芩片,片剂,清热消炎。用于急、慢性支气管炎、肺炎、扁桃腺炎，牙龈炎等
复方鼻炎膏,膏剂,消炎，通窍。用于过敏性鼻炎，急、慢性鼻炎及鼻窦炎
复肾宁片,片剂,清热解毒，渗湿利尿。用于肾盂肾炎和急慢性尿路感染
追风强肾酒,酒剂,补肝肾，强筋骨，祛湿活血。用于风湿性关节炎，腰膝酸软，头晕耳鸣，劳伤乏力
养胃宁胶囊,胶囊剂,调中养胃，理气止痛。用于急慢性胃炎、溃疡病，胃神经官能症
养胃舒胶囊,胶囊剂,扶正固体，滋阴养胃，调理中焦，行气消导。用于慢性萎缩性胃炎、慢性胃炎所引起的胃脘热胀痛，手足心热，口干、口苦，纳差，消瘦等症
活血壮筋丸 (丹),丹剂,祛风活血，壮筋强腰。用于筋骨疼痛，周身麻木，半身不遂，口歪眼斜
冠脉康片,片剂,活血化瘀，理气止痛，有扩张冠状血管，增加血流量的作用。用于冠心病的胸闷和心绞痛，对高胆固醇血症和高甘油三酯血症亦有一定疗效
祛风除湿药酒,酒剂,祛风活血，舒筋健骨。用于风湿性筋骨疼痛，四肢麻木
结核灵片,片剂,抗结核。主治淋巴结核，对肺结核及其它淋巴结核亦有疗效
桂芍镇痫片,片剂,和营卫，清肝胆。用于治疗各种发作类型的癫痫
速效止泻胶囊,胶囊剂,清热利湿，收敛止泻。用于赤痢、热泻、肠炎等
速感宁胶囊,胶囊剂,清热解毒，消炎止痛。用于治疗感冒、流行感冒、咽喉肿痛以及小儿腮腺炎等
党参固本丸,丸剂,益气养阴，补肺滋肾。用于肺痨咳嗽，虚热盗汗
眠安宁合剂,口服液,养血安神。用于神经衰弱性失眠、多梦，心神不宁，贫血头眩
积雪甙片,片剂,有促进创伤愈合作用。用于治疗外伤，手术创伤，烧伤，疤痕疙瘩及硬皮病
积雪甙脂软膏,膏剂,同积雪草总甙（有促进创伤愈合作用。用于治疗外伤，手术创伤，烧伤，疤痕疙瘩及硬皮病）
积雪甙霜软膏,膏剂,同积雪草总甙（有促进创伤愈合作用。用于治疗外伤，手术创伤，烧伤，疤痕疙瘩及硬皮病）
狼疮丸,丸剂,清热解毒，凉血，活血化瘀，增加细胞免疫功能，提高机体抗病能力，降低循环免疫复合物。用于系统性红斑狼疮，系统性硬皮病，皮肌炎、脂膜炎，白塞氏病，结缔组织病
高力清心丸,丸剂,清热解毒，泻火通便。用于头昏目赤，大便秘结等症
益心宁神片,片剂,补气生津，养心安神。用于心悸气短，多梦失眠，记忆力减退，神经衰弱等症
益心舒胶囊,胶囊剂,益气复脉，活血化瘀，养阴生津。用于气阴两虚，心悸脉结代，胸闷不舒、胸痛及冠心病心绞痛见有上述症状者
益坤宁酊,酊剂,补气养血，调经止痛。用于妇女血虚气滞，月经不调，经前、经后腹痛腰痛，妇女更年期综合症等
益康胶囊,胶囊剂,调节全身代谢，恢复细胞活力，改善心血管功能，健脑健身，延缓衰老；扶正固本。用于冠心病，高血脂症，脑动脉硬化，老年性视力减退。对甲状腺机能减退和慢性老年性支气管炎有辅助治疗作用
消痛提毒膏,膏剂,拔毒排脓。用于痈疽肿毒，诸疮瘰疬
海马多鞭丸,丸剂,补肾壮阳，添精增髓。用于气血两亏，面黄肌瘦，梦遗滑精，早泄，阳痿不举，腰腿酸痛
海龙蛤蚧口服液,口服液,温肾壮阳，补益精血。用于腰足酸软，面色㿠白，阳痿遗精，宫冷不孕，头目眩晕
接骨灵贴膏,膏剂,活血化瘀，舒筋通络，消肿止痛。用于各种闭合性新骨折及跌打损伤，扭挫伤等软组织损伤
菊蓝抗流感片,片剂,清热解毒。用于风热感冒，痄腮喉痹
雪哈灵芝酒,酒剂,温肾壮阳，滋补宁神。用于阳痿遗精，腰膝酸软，精气不足，头晕失眠
银柴颗粒,颗粒剂,清热，解表，止咳。用于风热感冒，发热咳嗽
康儿灵颗粒,颗粒剂,益气健脾，开胃消食。用于脾胃虚弱，食欲不振，消化不良，形体瘦弱
鹿尾鞭酒,酒剂,补肾壮阳。用于肾虚体弱，腰膝无力等症
鹿胎膏,膏剂,补气养血，调经散寒。用于气血不足，虚弱赢瘦，月经不调，行经腹痛，寒湿带下
鹿鞭补酒,酒剂,补肾壮阳，益气补虚，填精益髓，健步轻身。用于肾阳虚衰，腰膝冷痛，阳痿早泄，梦遗滑精，神疲气怯，四肢无力
清火栀麦片,片剂,清热解毒，凉血消肿。用于咽喉肿痛，发热，牙痛，目赤
清热解毒颗粒,颗粒剂,清热解毒，养阴生津，泻火。用于风热型感冒、流行性腮腺炎及轻、中型乙型脑炎
清眩降压片,片剂,降压。用于高血压症
惊风七厘散,散剂,定惊清热，祛风除痰。用于小儿惊风，痰涎壅盛，咳嗽气喘，食滞呕吐，腹痛泄泻
琥珀安神丸,丸剂,育阴养血、补心安神。用于心血不足、怔忡健忘，心悸失眠，虚烦不安
跌打损伤散,散剂,活血化瘀，消肿止痛。用于跌打损伤，扭伤、挫伤、瘀血疼痛
舒肝益脾液,口服液,清化湿热，舒肝利胆，解毒退黄，健脾和胃。用于各种类型的急、慢性肝炎、迁延性肝炎。对脾胃虚弱、体倦乏力、胁腹胀痛、胆囊炎和胃纳欠佳等有一定疗效
舒筋活血片,片剂,舒筋活络，活血散瘀。用于筋骨疼痛，肢体拘挛，腰背酸痛，跌打损伤
蛮龙液,口服液,补肾壮阳，填精益髓。用于肾虚精亏，阳痿早泄，梦遗滑精，腰膝酸痛，小便频数
痧气散,散剂,芳香辟秽，开窍醒神。用于中暑受秽，转筋抽搐，绞肠腹痛，吐泻不得，胸闷气闭，头晕眼花，神志昏迷，山岚瘴气
温中止泻丸,丸剂,健脾暖胃，消积舒气，止痛止泻。用于脾胃虚弱，食滞胀气，腹痛呕吐，寒湿肠鸣泄泻
温经养血合剂,口服液,温经散寒，养血祛瘀。用于冲任虚寒、瘀血阻滞引起的少腹冷痛、月经不调、痛经、崩漏、不孕等
温胃舒胶囊,胶囊剂,扶正固本，温胃养胃，行气止痛，助阳暖中。用于慢性萎缩性胃炎、慢性胃炎所引起的胃脘冷痛，腹胀，嗳气，纳差，畏寒，无力等症
强身口服液,口服液,补气提神，固表止汗，生津止渴。用于体质虚弱，心悸气短，虚汗口渴，神疲乏力，食欲不振
感冒灵胶囊,胶囊剂,解热镇痛。用于感冒引起的头痛、发热、鼻塞流涕、咽痛等
感冒疏风丸,丸剂,辛温解表，宣肺和中。用于风寒感冒，发热咳嗽，头痛怕冷，鼻流清涕，骨节酸痛，四肢疲倦
感冒解毒灵茶,茶剂,宣肺解毒，清热止咳。用于风热感冒，头痛发烧，鼻塞流涕，咳嗽咽痛，肢体酸痛等症。流行性感冒见以上证候者亦可服用
感特灵胶囊,胶囊剂,清热解毒，清肺止咳。用于感冒初期引起的咳嗽，流清涕，头痛目眩等
稚儿灵膏滋,膏剂,益气健脾，补脑强身。用于小儿厌食，面黄体弱，夜寝不宁，睡后盗汗等症
鼻窦炎口服液,口服液,通利鼻窍。用于鼻塞不通，流黄稠涕，急慢性鼻炎，副鼻窦炎等
腐植酸钠片,片剂,收敛，止血，止泻。用于吐血，便血，泄泻，呕吐，脘腹疼痛，小儿腹泻，脾虚久泻，久病
精制五加皮酒,酒剂,强筋壮骨，活血祛风，健脾除湿。用于肝肾不足，筋骨萎软，风湿痹痛，筋骨拘挛，四肢麻木，腰腿酸痛，胸膈痞闷
慢肝解郁胶囊,胶囊剂,疏肝解郁，健脾养血。用于迁延性肝炎或慢性肝炎，症见肝区胀痛，胸闷不舒，食欲不振，腹胀便溏者
熊胆胶囊,胶囊剂,清热，平肝，明目。用于惊风抽搐，咽喉肿痛
镇惊散,散剂,驱风，清热，除痰，镇惊。用于小儿惊风发热，痰涎壅盛
潮安胶囊,胶囊剂,活血化瘀，消炎止痛。用于痛经，月经不调，盆腔炎等
糖尿乐胶囊,胶囊剂,滋阴补肾，益气润肺，和胃生津、调节代谢机能。用于消渴症引起的多食、多饮、多尿，四肢无力等症，降低血糖、尿糖
糖尿灵片,片剂,养阴滋肾，生津止渴，清热除烦，降低尿糖。用于轻中型糖尿病
麝香牛黄丸,丸剂,清热解毒。用于头晕目赤，咽干咳嗽，风火牙疼，大便秘结
麝香心脑乐片,片剂,活血化瘀，开窍止痛。用于冠心病，心绞痛，心肌梗塞，脑血栓等
七星茶,茶剂,驱风，消食，定惊。用于小儿伤风咳嗽，积食，夜睡不宁
八宝五胆药墨,丹剂,消炎解毒，活血止痛，凉血止血，消肿软坚，防腐收敛。用于吐血，咳血，鼻衄，便血，赤白痢下，痈疽疮疡，无名肿毒，顽癣，皮炎，湿疹等
八珍膏,膏剂,调补气血。用于气血两虚，面色痿黄，食欲不振，四肢乏力
儿泻止颗粒,颗粒剂,清热解毒，健脾和胃，燥湿止泻。用于小儿急、慢性腹泻，肠炎，及痢疾恢复期
三七伤科片,片剂,活血祛瘀，止痛止血。用于跌打刀伤，远年瘀患，劳积内伤，咳血，吐血，筋骨肿痛，风湿麻木
三七伤科散,散剂,活血祛瘀，止痛止血。用于跌打刀伤，远年瘀患，劳积内伤，咳血，吐血，筋骨肿痛，风湿麻木
小儿生血糖浆,糖浆剂,健脾养胃，补血生津。用于小儿缺铁性贫血及营养不良性贫血
小儿咳嗽宁糖浆,糖浆剂,宣肺，止咳，化痰。用于风热袭肺所致咳嗽，气管炎，支气管炎及肺炎恢复期
小儿复方鸡内金散,散剂,健脾开胃，消食化积。用于小儿因脾胃不和引起的食积胀满，饮食停滞，呕吐泄痢
山楂麦曲颗粒,颗粒剂,开胃消食。用于食欲不振，消化不良，脘腹胀满
千柏鼻炎胶囊,胶囊剂,清热解毒，活血祛风。用于急慢性鼻炎，过敏性鼻炎，鼻窦炎及咽炎等症
川贝梨糖浆,糖浆剂,养阴润肺。用于肺热燥咳，阴虚久咳
天风胃痛散,散剂,制酸，止痛。用于胃痛、胃溃疡、十二指肠溃疡、胃酸过多
天麻眩晕宁合剂,口服液,祛痰定眩，和胃止呕。用于眩晕，恶心、呕吐、舌淡，苔白滑。尤适用于美尼尔氏症
贝母二冬膏,膏剂,润肺化痰止咳。用于阴虚肺燥，咳嗽咽干，痰少而粘之症
牛黄西羚丸,丸剂,解热祛风，清心降火，宁志安神，舒气止嗽。用于心火上炎，头眩目赤，烦热口渴，痘疹火毒，牙龈肿痛
治感灵冲剂,颗粒剂,解毒清热，清咽利喉。用于感冒发热，头痛，咽喉肿痛，咳嗽
六和茶,茶剂,清热祛湿，解暑消食。用于感冒发热头痛身倦，四肢不适，食滞饱胀
心达康片,片剂,补益心气，化瘀通脉，消痰运脾。用于心气虚弱，心脉瘀阻，痰湿困脾所致心慌、心悸、心痛，气短胸闷，血脉不畅，咳喘等症
心舒宝片,片剂,活血化瘀，益气止痛。用于冠心病，气虚血瘀引起的胸闷，心绞痛，以及高血压、高血脂，动脉硬化等
巴戟口服液,口服液,补肾壮腰，固精止遗，调经。用于肾阳不足，命门火衰而致的神疲不振，阳痿不举或早泄、腰膝软弱，亦用于遗精滑泄、精冷而稀，夜尿频繁，月经不调，痛经等
双丹膏,膏剂,养心活血，化瘀止痛。用于血瘀胸痹，冠心病，高血压见以上证候者
双灵油,颗粒剂,有驱风止痒作用。用于伤风鼻塞，冻疮，虫咬，皮肤瘙痒等
正金油,搽剂,驱风兴奋，局部止痛、止痒。用于中暑头晕，伤风鼻塞，蚊叮虫咬
石歧外感茶颗粒,颗粒剂,疏风清热，解暑消食。用于外感引起的发热头痛，食滞饱胀，喉干舌燥，预防流行性感冒
龙虱补肾酒,酒剂,益肾固精。用于肾脏亏损，身体虚弱，夜多小便，午夜梦精
归芪养血糖浆,糖浆剂,调经补血。用于月经不调，贫血头晕，产后血亏体弱
归脾片,片剂,益气健脾，养血安神。用于心脾两虚，气短心悸，失眠多梦，头昏头晕，肢倦乏力，食欲不振，崩漏，便血
四方胃胶囊,胶囊剂,疏肝和胃，制酸止痛。用于肝胃不和所致胃痛，胃酸过多，消化不良、胃及十二指肠溃疡见上述症候者
生尔发糖浆,糖浆剂,滋补肝肾，补气养血。用于肝肾不足，气血亏虚所引起的各种脱发
白绒止咳糖浆,糖浆剂,清肺祛痰，疏风止咳。用于风热犯肺或痰热阻肺之咳嗽，急、慢性支气管炎见以上证候者
外感风寒颗粒,颗粒剂,解表散寒，退热止咳。用于风寒感冒，恶寒发热，头痛项强，全身酸疼，鼻塞流清涕，咳嗽，苔薄白，脉浮
半夏止咳糖浆,糖浆剂,止咳祛痰。用于风寒咳嗽，痰多气逆
百花活血跌打膏,膏剂,祛风驱湿，化瘀止痛。用于风湿骨痛，轻度跌打碰伤、肿痛
当归益血膏,膏剂,滋补气血。用于贫血，头晕，心悸健忘，妇女月经不调，产后血虚、体弱
吐泻肚痛散,散剂,化气消滞，祛湿止泻。用于湿热积滞引起的肚痛泄泻，晕眩呕吐
朱砂莲胶囊,胶囊剂,清热解毒，消肿止痛。用于热毒蕴结所致的牙痛、咽喉肿痛、泻痢腹痛、痈疖肿痛
华蟾素片,片剂,解毒，消肿，止痛。用于中、晚期肿瘤、慢性乙型肝炎等症
血复生片,片剂,益气养血，滋阴凉血，化瘀解毒。用于气血两虚、阴虚津亏、自汗盗汗、烦躁失眠、出血紫斑等恶性贫血，癌症放、化疗后的血象异常；尤其是对白细胞减少症有明显的升高或调整血象作用
壮腰健身丸,丸剂,壮腰健肾。用于腰酸腿软，头晕耳鸣，眼花心悸，阳痿遗精
产后补丸,丸剂,活血祛瘀，散寒止痛。用于产后腰腹疼痛，头痛身酸
产妇安口服液,口服液,祛瘀生新。用于产后血瘀腹痛，恶露不尽
产妇安颗粒,颗粒剂,祛瘀生新。用于产后血瘀腹痛，恶露不尽
灯台叶颗粒,颗粒剂,止咳，祛痰，消炎。用于慢性支气管炎，百日咳
安宫牛黄片,片剂,清热解毒，镇惊开窍。用于热病，邪入心包，高热惊厥，神昏谵语
妇科万应膏,膏剂,温经散寒，活血化瘀，理气止痛。用于宫寒血滞引起的月经不调，经期腹痛，腹冷经闭，腰痛带下等
妇科白凤口服液,口服液,补气养血。用于妇女体弱血虚，月经不调，经期腹痛
红卫蛇药片,片剂,清热解毒，消肿止痛，凉血散瘀。用于蝮蛇、五步蛇、竹叶青蛇、眼镜蛇、银环蛇等毒蛇及毒虫咬伤
红花油,搽剂,驱风药。用于风湿骨痛，跌打扭伤，外感头痛，皮肤瘙痒
红花跌打丸,丸剂,活血散瘀，消肿止痛。用于跌打扭伤，积瘀肿痛
苍耳子鼻炎胶囊,胶囊剂,疏风，清肺热，通鼻窍，止头痛。用于风热型鼻疾，包括急、慢性鼻炎，鼻窦炎，过敏性鼻炎
苍夷滴鼻油,搽剂,通鼻窍，散风邪。用于鼻渊，鼻塞流涕
杏香兔耳风片,片剂,清热解毒，祛瘀生新。用于湿热下注之带下病，表现为白带过多，色黄稠粘；慢性宫颈炎见以上证候者
更年安胶囊,胶囊剂,滋阴潜阳，除烦安神。用于更年期潮热汗出，眩晕耳鸣，烦躁失眠，血压增高
更年灵胶囊,胶囊剂,温肾益阴，调补阴阳。用于妇女更年期综合症属阴阳两虚者
更年舒片,片剂,滋补肝肾，养阴补血，化瘀调经，调气温肾，营养神经，调节代谢功能。适用于更年期障碍引起的月经不调，头昏，心悸，失眠等
两仪膏,膏剂,补益气血。用于面色不华，头昏目眩，心悸失眠，体瘦气短
牡荆油滴丸,丸剂,祛痰，止咳，平喘。用于慢性支气管炎
龟苓膏,膏剂,滋阴润燥，降火除烦，清利湿热，凉血解毒。用于虚火烦躁，口舌生疮，津亏便秘，热淋白浊，赤白带下，皮肤瘙痒，疖肿疮疡
冻疮消酊,酊剂,活血祛瘀，止痒止痛，消肿。用于冻疮，褥疮
沙溪凉茶颗粒,颗粒剂,清热，除湿，导滞。用于四时感冒，身倦骨痛，寒热交作，胸膈饱滞，痰凝气喘
补血调经片,片剂,补血理气，调经。用于妇女贫血，面色痿黄，赤白带下，经痛、经漏、闭经等症
补肾益寿胶囊,胶囊剂,补肾益气，能调节老年人免疫功能趋于正常，延缓机体衰老。用于失眠，耳鸣，腰酸，健忘，倦怠，胸闷气短，夜尿频数，性功能减退等
补脾消食片,片剂,补脾健胃，消食化滞。用于脾胃虚弱，消化不良，腹胀腹泻，食欲不振
灵芝益寿胶囊,胶囊剂,补气固本，滋补肝肾，活血化瘀。用于神疲倦怠，自汗气短，失眠多梦，胸痛胸闷，头晕目眩，腰膝酸软，脉细无力和结代等症的辅助治疗
灵猫香散,散剂,辛温走窜，芳香透络，活血，消肿，行气止痛。用于跌打损伤，血肿、陈伤新发，风湿劳损，关节劳损，关节疼痛，各种肿块
枇杷叶糖浆,糖浆剂,清肺润燥，止咳化痰。用于肺热燥咳，痰少咽干
罗浮山凉茶颗粒,颗粒剂,清热解暑，生津止渴，消食化滞，利尿除湿。用于感冒中暑，烦热口渴，小便短赤，消化不良
制首乌颗粒,颗粒剂,补肝肾，益精血，乌须发，强筋骨。用于血虚萎黄，眩晕耳鸣，须发早白，腰膝酸软，肢体麻木，崩漏带下，久疟体虚，高血脂症
金青感冒颗粒,颗粒剂,辛凉解表，清热解毒。用于感冒发热，头痛咳嗽，咽喉疼痛
金青解毒丸,丸剂,辛凉解表，清热解毒。用于感冒发热，头痛，咳嗽，咽喉疼痛
金蚧片,片剂,补肾壮阳，固精。用于肾阳虚引起的性欲减退、阳痿、遗精、早泄、夜尿、小便余沥、白带过多、腰膝酸软
金梅清暑颗粒,颗粒剂,清热解毒，生津止渴。用于夏季暑热，口渴多汗，头昏心烦，小便短赤，并防治痧痱、暑症
金银花糖浆,糖浆剂,清热解毒。用于发热口渴，咽喉肿痛，热疖疮疡，小儿胎毒
金樱子糖浆,糖浆剂,固精缩尿，涩肠止泻。用于遗精滑精，崩漏带下，久泻久痢
乳疾灵颗粒,颗粒剂,舒肝解郁，散结消肿。用于乳腺增生症，属肝郁气滞、痰瘀阻滞证候者，症见乳腺肿块，胀满疼痛
肿节风注射液,注射剂,清热解毒，消肿散结。用于热毒壅盛所致肺炎、阑尾炎、蜂窝组织炎、菌痢、脓肿，与肿节风片联合用于消化道癌、胰腺癌、肝癌等肿瘤
法落海片,片剂,行气定痛，疏风止咳。用于胃腹胀痛，风寒头痛，咳嗽
泻热合剂,口服液,清热，解毒，通便。用于胸膈烦热，头昏目赤，口舌生疮，咽喉疼痛，小便赤黄，大便秘结
治痔灵栓,栓剂,清热止痛，止血消肿，萎缩痔核。用于炎性外痔，混合痔，初、二期内痔，肛裂及各期内痔出血，各类痔症术前后炎症的治疗
参杞片,片剂,补气健脾，滋补肝肾。用于气血不足，倦怠无力，虚劳精亏，肝肾不足，腰膝酸软
参苓健儿膏,膏剂,健脾和胃。用于小儿脾胃虚弱，食少便溏，自汗、盗汗
参桂调经丸,丸剂,温经活血。用于月经不调，经前后虚冷腹痛，月经过多
茵栀黄注射液,注射剂,清热，解毒，利湿，退黄。用于肝胆湿热，面目悉黄，胸胁胀痛，恶心呕吐，小便黄赤；急性、迁延性、慢性肝炎属上述证候者
茶色素胶囊,胶囊剂,清利头目，化痰消脂。用于痰瘀互结引起的头目眩晕、胸闷胸痛、高脂血症、冠心病、心绞痛、脑梗塞等具有上述证候者
荔花鼻窦炎片,片剂,祛风利湿，消炎解毒。用于急、慢性鼻窦炎
鸦胆子油乳注射液,注射剂,抗癌药。用于肺癌、肺癌脑转移及消化道肿瘤
胃活灵片,片剂,温里散寒，行气止痛。用于脘腹胀满疼痛，呕吐嘈杂，不思饮食
胃痛舒片（溃疡灵片）,片剂,健脾和胃，理气止痛。用于脾胃虚弱引起的胃脘胀痛，嘈杂吞酸，消化性溃疡和慢性胃炎等症
咳特灵片,片剂,镇咳，祛痰，平喘，消炎。用于咳喘及慢性支气管炎
咳特灵胶囊,胶囊剂,镇咳，祛痰，平喘，消炎。用于咳喘及慢性支气管炎
骨刺消痛片,片剂,祛风止痛。用于骨质增生，风湿性关节炎，风湿痛
骨增生镇痛膏,膏剂,温经通络，祛风除湿，消瘀止痛。用于各种骨增生性关节炎，亦可用于风湿性关节炎
复方大青叶栓,栓剂,清瘟解毒，解表散风。用于小儿风热感冒及流感、流行性腮腺炎见以上证候者
复方大青叶颗粒,颗粒剂,清热解毒，解表散风。用于风热感冒及流感、腮腺炎见上述证候者
复方小儿退热栓,栓剂,解热镇痛，利咽解毒，祛痰定惊。用于小儿发热，上呼吸道感染，支气管炎，惊悸不安，咽喉肿痛及肺热痰多咳嗽等症
复方瓜子金颗粒,颗粒剂,利咽清热，散结止痛，祛痰止咳。用于风热症的急性咽炎、痰热症的慢性咽炎急性发作及其他上呼吸道感染
复方西羚解毒丸,丸剂,解表清热。用于感冒发热，头痛咳嗽，咽喉肿痛
复方杏香兔耳风颗粒,颗粒剂,清热解毒，祛瘀生新。用于湿热下注所致慢性宫颈炎、子宫内膜炎、阴道炎、白带等症
复方苦参注射液,注射剂,清热利湿，凉血解毒，散结止痛。用于癌性疼痛及出血
复方黄连素片,片剂,清热燥湿，行气，止痛，止痢止泻。用于大肠湿热，赤白下利，里急后重或暴注下泻，肛门灼热
复方滋补力膏,膏剂,益气，滋阴，补肾。用于气血不足、肾虚，体力衰弱，腰肢酸软，耳鸣眼花
保儿安颗粒,颗粒剂,健脾消滞，利湿止泻，清热除烦，驱虫治积。用于食滞及虫积所致的厌食消瘦，胸腹胀闷，泄泻腹痛，夜睡不宁，磨牙咬指等
保心片,片剂,滋补肝肾，活血化瘀。用于肝肾不足、瘀血阻络引起的冠心病、心绞痛
活血舒筋酊,酊剂,舒筋活络，祛寒散瘀。用于腰腿疼痛，手足麻木，风湿性关节炎
穿龙骨刺片,片剂,补肾，健骨，活血，止痛。用于骨质增生，骨刺疼痛
神州跌打丸,丸剂,消肿止痛，舒筋活络，止血生肌，活血驱风。用于挫伤筋骨，新旧瘀患，创伤出血，风湿疼痛
莱阳梨止咳口服液,口服液,镇咳祛痰。用于伤风感冒引起的咳嗽多痰，急、慢性气管炎
莱阳梨止咳颗粒,颗粒剂,镇咳祛痰。用于伤风感冒引起的咳嗽多痰，急、慢性气管炎
莱阳梨止咳糖浆,糖浆剂,镇咳祛痰。用于伤风感冒引起的咳嗽多痰，急、慢性气管炎
桂龙药酒,酒剂,祛风除湿，舒筋活络，温肾补血。用于风寒湿痹，筋骨疼痛，脾胃虚寒，肾亏腰酸及妇女气虚血亏等症
振源胶囊,胶囊剂,滋补强壮，安神益智，增强免疫功能，调节内分泌和植物神经功能紊乱，增强心肌收缩力，提高心脏功能，保肝和抗肿瘤。用于冠心病、更年期综合症、久病体虚、神经衰弱、隐性糖尿病，亦可用于慢性肝炎和肿瘤辅助治疗
特灵眼药,颗粒剂,明目消炎。用于目赤肿痛，暴发火眼，眼赤烂，轻砂眼，云翳
健儿散,散剂,调理脾胃，促进食欲。用于厌食，消瘦，消化不良
健骨注射液,注射剂,活血散瘀，强筋健骨，驱风止痛。用于脊椎骨质增生症，对风湿性关节痛亦有疗效
脑力宝丸,丸剂,滋补肝肾，养心安神。用于肝肾不足、心神失养所致健忘失眠、烦躁梦多、潮热盗汗、神疲体倦，神经衰弱属上述证候者
益身灵丸,丸剂,补气养血，益精安神。用于气虚血亏所致的头晕目眩、健忘失眠、遗精阳痿等症
益脾消食片,片剂,补气健脾，开胃消食。用于脾虚湿困所致的食少便溏、或吐或泻、脘腹胀满、四肢乏力、面色萎黄等症
流感茶,茶剂,祛暑清热，解表化湿。用于暑热感冒，发热恶寒，头痛体倦，食欲不振，胸闷呕恶，舌苔白腻
调经益母片,片剂,调经活血，祛瘀生新。用于月经不调，经期腹痛，产后瘀血不清，子宫收缩不良
通络活血丸,丸剂,豁痰搜风，通络活血。用于风痰阻络，半身不遂，口眼㖞斜，脑血管意外后遗症属上述证候者
勒马回注射液,注射剂,清热解毒，止咳化痰，利尿。用于痈肿疮毒，肺痈，咳嗽气喘，久咳不止，热淋涩痛，小便不利
虚汗停颗粒,颗粒剂,益气养阴，固表敛汗。用于气阴不足之自汗、盗汗及小儿盗汗
野木瓜片,片剂,祛风止痛，舒筋活络。用于风邪阻络型三叉神经痛、坐骨神经痛、风湿关节痛
野木瓜颗粒,颗粒剂,祛风止痛，舒筋活络。用于风邪阻络型三叉神经痛、坐骨神经痛、神经性头痛、风湿关节痛
野牡丹颗粒,颗粒剂,止咳，祛痰，平喘。用于慢性气管炎急性发作期和迁延期
蛇胆姜粒,茶剂,温肺止咳，降逆止呕。用于肺寒咳嗽，吐痰清稀，胃寒作呕，脘腹冷痛
银花糖浆,糖浆剂,清热解毒。用于发热口渴，咽喉肿痛，热疖疮疡，小儿热毒
银翘解毒丸（浓缩丸）,丸剂,辛凉解表，清热解毒。用于风热感冒，发热头痛，咳嗽口干，咽喉疼痛
银翘解毒合剂,口服液,辛凉解表，清热解毒。用于风热感冒，发热头痛，咳嗽口干，咽喉疼痛
麻黄止嗽丸,丸剂,解表散寒，宣肺化痰，止咳平喘。用于感冒风寒，无汗鼻塞，咳嗽痰喘
康肤酊,酊剂,润肤止痒，杀虫去臭。用于各种皮肤瘙痒、湿疹、神经性皮炎等皮肤瘙痒症
鹿骨雪莲酒,酒剂,温肾益精，强筋壮骨，养血活血，祛风渗湿。用于肾阳不足，筋骨挛痛，四肢麻木，腰膝酸软，小便余沥，月经不调，少腹冷痛
羚黄宝儿丸,丸剂,清热熄风，除痰定惊，开窍醒神。用于小儿发热，惊哭夜啼，痰热咳嗽，泄泻，脾胃虚弱及消化不良等症
清热除湿止泻合剂,口服液,清热解毒，除湿止泻。用于湿热腹泻、痢疾、外感发热
清热凉茶,茶剂,清热解毒，祛湿消滞。用于感冒发热，口舌臭苦，大便秘结
清喉散,散剂,清热解毒，消炎止痛。用于急慢性咽喉炎、扁桃体炎、口腔溃疡、冠周炎等
清感丸,丸剂,祛风清热，解毒，止咳化痰，利咽喉。用于感冒引起的发热、头痛、咽痛、咳嗽痰多等呼吸道感染
鸿茅药酒,酒剂,祛风除湿，补气通络，舒筋活血，健脾温肾。用于风寒湿痹，筋骨疼痛，脾胃虚寒，肾亏腰酸及妇女气虚血亏等症
维血康糖浆,糖浆剂,补肾健脾，补血养阴。用于脾肾不足、精血亏虚所致面色萎黄、眩晕耳鸣、腰膝酸软、倦怠体瘦，营养性贫血、缺铁性贫血属上述证候者
琥珀止痛膏,膏剂,活血化痰，消肿散结，通络止痛。用于痰瘀互结引起的肿瘤疼痛、神经性疼痛、风湿痹痛、跌打瘀痛等
散结止痛膏,膏剂,软坚散结，消肿止痛。用于乳腺囊性增生、乳痛症、男性乳腺增生症
跌打榜药酒,酒剂,消肿止痛。用于跌打损伤，瘀肿疼痛
喉疾灵片,片剂,清热，解毒，散肿止痛。用于腮腺炎、扁桃体炎、急性咽炎、慢性咽炎急性发作及一般喉痛
喉痛片,片剂,解毒消炎，凉喉生津。用于咽喉、口腔、鼻腔红痛
舒心降脂片,片剂,活血化瘀，通阳降浊，行气止痛。用于气血痰浊痹阻，胸痹心痛，心悸失眠，脘痞乏力，冠心病、高脂血症见上述表现者
舒腹贴膏,膏剂,温中散寒，行气止痛。用于胃脘痛，腹痛腹胀，恶心、呕吐，食欲不振，肠鸣腹泻，小儿泄泻
童康片,片剂,补肺固表，健脾益胃，提高机体免疫功能。用于体虚多汗、易患感冒、倦怠乏力、食欲不振
普乐安片,片剂,补肾固本。用于肾气不固，腰膝酸软，尿后余沥或失禁，及慢性前列腺炎、前列腺增生具有上述证候者
普乐安胶囊,胶囊剂,补肾固本。用于肾气不固，腰膝酸软，尿后余沥或失禁，及慢性前列腺炎、前列腺增生具有上述证候者
温中镇痛丸,丸剂,行气解郁，散寒止痛。用于气滞胃寒，胸胃刺痛，腹胀疼痛
强力健身胶囊,胶囊剂,益肾，养血，熄风。用于肝肾亏损，阴血不足，头晕目眩、面色萎黄，健忘失眠，肾虚腰痛
强龙益肾胶囊,胶囊剂,补肾壮阳，安神定志。用于肾阳不足，阳痿早泄，腰腿酸痛，记忆衰退
媚灵丸（甲丸 + 乙丸）,丸剂,补肾益肾，壮阳固精，温脾助胃，强筋壮骨。用于阳痿不举，性机能减退，白浊遗精，腰膝酸痛，精神不振，失眠等
瑞花油,搽剂,驱风止痛，止痒。用于感冒头痛，舟车眩晕
感冒伤风咳茶,茶剂,祛风，解表，止咳。用于伤风咳嗽，发热头痛，流涕鼻塞，喷嚏喉痒
感冒安片,片剂,解热镇痛。用于感冒引起的头痛发热、鼻塞、咳嗽、咽喉痛
腰疼丸,丸剂,行气活血，散瘀止痛。用于闪跌扭伤与急性劳损等腰痛
解毒降脂片,片剂,清热解毒，利湿，并有升高白血球和降血脂作用。用于急慢性肝炎、慢性支气管炎、风湿性关节炎；可用于高脂血症、化疗放疗引起的白血球降低
新雪片,片剂,消炎解热。用于各种热性病之发热，如扁桃体炎、上呼吸道炎、咽炎、气管炎、感冒所引起的高热，及温热病之烦热不解
竭红跌打酊,酊剂,散瘀消肿，活络止痛。用于跌伤、筋骨扭伤，积瘀肿痛
慢支紫红丸,丸剂,健脾祛湿，顺气化痰，消炎镇咳。用于咳嗽痰多，气促，慢性支气管炎，肺气肿
慢肾宝合剂,口服液,益气滋肾，利水通络。用于气阴两虚，面肢浮肿、腰膝酸痛、倦怠乏力，慢性肾小球肾炎属上述证候者
熊胆痔灵栓,栓剂,清热解毒，消肿止痛，敛疮生肌，止痒，止血。用于内外痔，痔漏，肠风下血，肛窦及内痔手术止血等
蕲蛇追风酒,酒剂,祛风除湿，通经活血。用于风寒湿痹，瘫痪，手足麻木，腰膝酸软
橘红痰咳颗粒,颗粒剂,理气祛痰，润肺止咳。用于感冒、支气管炎、咽喉炎引起的痰多咳嗽，气喘
麝香拔湿膏,膏剂,消炎，祛湿，镇痛。用于风湿痛，神经痛，肩痛，扭伤，关节痛，肌肉酸痛，牙痛等
藿香祛暑水,酊剂,祛暑化湿，解表和中。用于内蕴湿滞，受暑感寒引起的恶寒发热，头痛无汗，四肢酸懒，恶心呕吐，腹痛腹泻
藿胆鼻炎胶囊,胶囊剂,清风热，通鼻窍。用于慢性鼻炎，慢性副鼻窦炎及过敏性鼻炎
癫痫宁片,片剂,豁痰开窍，息风安神。用于风痰上扰所致癫痫，发作时突然昏倒、不省人事、四肢抽搐、喉中痰鸣、口吐涎沫，或用于癔病、失眠
人参再造丸 (浓缩丸),丸剂,祛风化痰，活血通络。用于中风口眼歪斜，半身不遂，手足麻木，疼痛，拘挛，言语不清
人参补膏,膏剂,补益气血，健脾滋肾。用于脾肾虚弱，气血两亏，神疲乏力，头昏耳鸣
人参鹿茸丸,丸剂,滋肾生精，益气，补血。用于肾精不足，气血两亏，目暗耳聋，遗精盗汗，腰腿酸软，子宫寒冷
九华膏,膏剂,消肿、止痛、生肌、收口。适用于发炎肿痛的外痔、内痔嵌顿，直肠炎、肛窦炎及内痔术后（压缩法、结扎法、痔法等）
三余神曲,茶剂,疏风解表，调胃理气。用于感受风寒，伤食吐泻，胸腹饱闷，舟车晕吐
三鞭胶囊,胶囊剂,壮腰健肾，养血滋阴。用于阳痿遗精，腰肾酸痛，养血补血
大黄化瘀丸 (五香聚宝丸),丸剂,活血祛瘀，消积化滞，舒郁理气。用于症瘕积聚，饮食停滞，气积腹胀，血瘀经闭
小儿止嗽糖浆,糖浆剂,润肺清热，止嗽化痰。用于内热发烧，咳嗽黄痰，口干舌燥，腹满便秘，久嗽痰盛
小儿化痰丸,丸剂,散风化痰。用于小儿感冒风邪，咳嗽气急，身热痰壅
小儿百效片,片剂,清热散风，健胃消食。用于感冒伤风，发烧头痛，咽喉红肿，呕吐咳嗽，急热惊风，停食停乳，消化不良
小儿泄泻停颗粒,颗粒剂,健脾化湿，消积止泻。用于婴幼儿腹泻
小儿惊风片,片剂,镇惊息风，解热化痰。用于小儿急热惊风，身热面赤，烦躁不宁，四肢抽搐，目窜口噤，痰涎壅盛，昏迷不醒
小活络片,片剂,祛风活络，除湿止痛。用于风寒湿痹，肢体疼痛，麻木拘挛
山绿茶降压片,片剂,清热解毒，平肝潜阳。用于眩晕耳鸣，头痛头胀，心烦易怒，少寐多梦及高血压、高血脂见有上述证候者
山楂内消丸,丸剂,开胃化滞，破气消食。用于倒饱吞酸，胸满气胀，肚腹疼痛，痞块症瘕，大便燥结
女金糖浆,糖浆剂,调经养血，理气止痛。用于月经不调，痛经，小腹胀痛、腰腿酸痛
天水散,散剂,清热解渴。用于身热烦闷，口渴引饮
天紫红女金胶囊,胶囊剂,补气养血，调经安胎。用于气血两亏，肾虚宫冷，月经不调，崩漏带下，腰膝冷痛，宫冷不孕
云南红药胶囊 (云南七龙散胶囊),胶囊剂,止血镇痛，活血散瘀，祛风除湿。用于胃溃疡出血，支气管扩张咯血，功能性子宫出血，月经过多，眼底出血，眼结膜出血，鼻衄，痔疮出血，软组织挫伤，风湿性关节炎，风湿性腰腿痛等
木瓜丸 (大蜜丸),丸剂,祛风散寒，活络止痛。用于风寒湿痹，四肢麻木，周身疼痛，腰膝无力，步履艰难
五加片,片剂,益气健脾，补肾安神。用于脾肾阳虚，体虚乏力，食欲不振，腰膝酸痛，失眠多梦
五香伤膏,膏剂,祛风散寒，散瘀消肿。用于气血凝滞，肢节酸疼，腰酸麻木，跌打损伤
五粒回春丸,丸剂,解肌透表，清热化痰。用于感冒发烧，鼻流清涕，隐疹不出，发热咳嗽
内消瘰疬丸,丸剂,软坚散结。用于瘰疬痰核或肿或痛
水蜈蚣颗粒,颗粒剂,清利湿热。用于乳糜尿，乳糜血尿
牛黄宁宫片,片剂,清热解毒，镇静安神，息风止痛。用于外感热病，高热神昏，惊风抽搐，肝阳眩晕，耳鸣头痛，心烦不寐及癫痫狂燥，对精神分裂症有一定的抗复发作用
牛黄噙化丸,丸剂,清热解毒，止痛。用于咽喉肿痛，口燥咽干，痰不出，咳嗽声哑
化痔片,片剂,清热，凉血，止血，行气散瘀。用于内痔，外痔，混合痔，内外痔血栓
乌金丸,丸剂,调经化瘀。用于气郁结滞，胸胁刺痛，产后血瘀，小腹疼痛，五心烦热，面黄肌瘦
心可舒胶囊,胶囊剂,活血化瘀、行气止痛。用于气滞血瘀型冠心病引起的胸闷、心绞痛、高血压、头晕、头痛、颈项疼痛及心律失常、高血脂等症
心舒静吸入剂,气雾剂,芳香通窍，理气止痛。对心绞痛、心肌梗塞有缓解作用
心痛宁滴丸,丸剂,温经活血，理气止痛。用于寒凝气滞，血瘀阻络，胸痹心痛，遇寒发作，舌苔色白，有瘀斑者
双香排石颗粒,颗粒剂,利水，通淋，排石，解毒。用于石淋及排除泌尿结石
正气片,片剂,发散风寒，化湿和中，用于伤风感冒，头痛胸闷，吐泻腹胀
甘露膏,膏剂,温经止带，暖子宫，调经血，用于妇女经期不准，行经腹痛，血寒白带，产后经血诸病
四君子袋泡剂,散剂,益气健脾。用于脾胃气虚，胃纳不佳，食少便溏
生力胶囊,胶囊剂,益气壮阳，填精养阴，安神益智。主治阳痿、早泄、性欲减退、遗精、神疲乏力、头昏眩晕、耳鸣、失眠多梦、腰酸膝软等，提高免疫功能
生脉注射液,注射剂,益气养阴，复脉固脱。用于气阴两亏，脉虚欲脱的心悸、气短、四肢厥冷、汗出、脉欲绝及心肌梗塞、心源性休克、感染性休克等具有上述证候者
仙鹤胶囊,胶囊剂,健脾，益肠止泻，清热燥湿，化湿和中，祛风排脓。用于急、慢性泄泻病
白凤饮,口服液,补肝肾，益气血。用于肝肾不足，气血亏虚，妇女月经不调，崩漏带下，腰膝酸软等症
白癜风丸,丸剂,益气行滞，活血解毒，利湿消斑，驱风止痒。用于白癜风
头风膏,膏剂,散风止痛。用于感受风邪，防治产妇头痛
加味生化颗粒,颗粒剂,活血化瘀，温经止痛。用于产后恶露不净，小腹疼痛，胎盘残留及功能性子宫出血
加味蛇胆陈皮片,片剂,祛风除痰，镇惊定喘。用于痰迷心窍引起的风热狂躁，精神不安，咳痰喘促
母乳多颗粒,颗粒剂,益气，下乳。用于产后乳汁不下或稀少
当归丸 (浓缩丸),丸剂,补血活血，调经止痛。用于血虚萎黄，月经不调，经行腹痛
伤风感冒冲剂,颗粒剂,散风寒，发微汗。用于伤风流涕，咳嗽头痛
伤科壮骨膏,膏剂,舒筋活血，消肿止痛。用于跌打损伤，闪腰岔气，腰腿、筋骨疼痛，瘀血青肿
血安胶囊,胶囊剂,止血、收敛、调经。用于月事不准，经血过量，崩漏，淋漓不止，产后恶露不尽等妇科出血症
众生丸,丸剂,清热解毒，活血凉血，消炎止痛。用于上呼吸道感染，急、慢性咽喉炎，急性扁桃体炎，化脓性扁桃体炎，疮毒等症
冰硼咽喉散,散剂,清热解毒，消肿止痛。用于咽喉、齿龈肿痛，口舌生疮
产后逐瘀片 (益母片),片剂,活血调经，去瘀止痛。用于产后瘀血不净，少妇腹痛
产后康膏,膏剂,益气养血、滋肾柔肝、安神敛汗、健脾和胃。用于产后、流产后贫血，恶露不净，头晕目眩，心悸汗多，失眠神疲、食欲不振
羊羔补酒,酒剂,补气，温胃益肾。用于脾气虚弱，胃纳不振，腰膝酸软
灯心止血糖浆,糖浆剂,清热解毒，淡渗利湿，收敛止血。用于痔疮出血、鼻出血、消化道出血、产后恶露不净、计划生育术后阴道出血以及血小板减少等症
灯盏花颗粒,颗粒剂,活血化瘀，通经活络。用于脑路瘀阻，中风偏瘫，心脉痹阻，胸痹心痛。缺血性脑病、冠心病、心绞痛见以上症候者
安神补气丸 (浓缩丸),丸剂,补气养神，宁心健脑。用于气血两亏，虚损发热，心跳气短，夜不安眠，神经衰弱等症
安康颗粒,颗粒剂,安和五脏，健脑安神。用于头目眩晕，耳鸣，四肢乏力疲软，食欲不振，睡眠不深，多梦
防风通圣丸 (浓缩丸),丸剂,解表通里，清热解毒。用于外寒内热，表里具实，恶寒壮热，头痛咽干，小便短赤，大便秘结，瘰疬初起，风疹湿疮
妇月康胶囊,胶囊剂,活血、祛瘀，止痛。用于产后恶露不行，少腹疼痛，也可试用于上节育环后引起的阴道流血，月经过多
妇科十味片,片剂,舒肝理气，养血调经。用于肝郁血虚，月经不调，行经腹痛，闭经等证
妇科养荣丸 (浓缩丸),丸剂,补养气血，疏肝解郁，祛瘀调经。用于气血不足，肝郁不舒，月经不调，头晕目眩，血漏血崩，贫血身弱及不孕症
抗感冒颗粒,颗粒剂,疏风解表，清热解毒。用于风热感冒，发热恶风，鼻塞头痛，咽喉肿痛
抗感解毒颗粒,颗粒剂,清热解毒，凉血消肿。用于风热感冒、痄腮及病毒引起的流感
芙朴感冒胶囊,胶囊剂,清热解毒，宣肺利咽，理气宽中。用于风热或风热湿感冒出现的高热头痛、咽痛、肢体酸痛、鼻塞、胃纳减退等症
克痢痧微丸,丸剂,解毒辟秽，理气止泻。用于泄泻、痢疾和痧气（中暑）
克痛酊,酊剂,祛风去湿，活血止痛。用于肚痛，跌打肿痛，风湿骨痛
杜仲补腰合剂,口服液,补肝肾，益气血，强腰膝。用于腰腿疼痛，疲劳无力，精神不振，小便频数
更年乐片,片剂,养心养肾、调补冲任。用于更年期出现的夜寐不安，心悸、耳鸣，多疑善感，烘热汗出，烦躁易怒，腰背酸痛等症
肝肾安糖浆,糖浆剂,补肝肾，强筋骨，乌须发，抗衰老。用于头晕目花，耳鸣，腰酸肢麻，头发早白
龟甲散,散剂,祛湿敛疮，生肌止痒。用于疮疡溃烂，臁疮、褥疮，浸淫流水，疮面久不收敛
冻可消搽剂,搽剂,辛温驱寒，温通血脉，活血化瘀，消肿止痛。用于未溃烂的冻疮
辛芳鼻炎胶囊,胶囊剂,发表散风，清热解毒，宣肺通窍。用于慢性鼻炎，鼻窦炎
沉香舒郁片,片剂,舒气开胃，化郁止痛。用于胸腹胀满，胃部疼痛，呕吐酸水，消化不良，食欲不振，郁闷不舒
补肾强身片,片剂,补肾强身。用于腰酸足软，头晕耳鸣，眼花心悸，阳痿遗精
灵丹草颗粒,颗粒剂,清热疏风，解毒利咽，止咳祛痰。用于风热邪毒，咽喉肿痛，肺热咳嗽；急性咽炎，扁桃体炎，上呼吸道感染见上述证候者
灵宝如意丸,丸剂,清暑解毒，化痰开窍。用于痰盛神昏，牙关紧闭，中暑眩晕，绞肠腹痛。外敷用于疔毒恶疮
陇马陆胃药片,片剂,健胃消食，制酸止痛。主要用于治疗胃炎、胃十二指肠溃疡见胃脘疼痛，嘈杂泛酸，食欲不振，消化不良
刺五加颗粒,颗粒剂,益气健脾，补肾安神。用于脾肾阳虚，体虚乏力，食欲不振，腰膝酸痛，失眠多梦
肾宝合剂 (肾宝),口服液,调和阴阳，温阳补肾，安神固精，扶正固本。用于阳痿，遗精，腰腿酸痛，精神不振，夜尿频多，畏寒怕冷；妇女月经过多，白带清稀诸症
金鸡虎补片,片剂,补气补血，舒筋活络，健肾固精。用于水气凝滞，四肢麻痹，腰膝酸痛，夜尿频数，梦遗滑精
金果饮咽喉片,片剂,养阴生津，清热利咽，润肺开音。用于慢性咽喉炎，也可用于放疗引起的咽干不适
肺安片,片剂,润肺定喘，止嗽化痰。用于阴虚久嗽，喘息不宁，痰气闷，夜卧不安
肤疾洗剂,洗剂,解毒杀虫，止痒收敛，活血祛瘀。用于疥疮，湿疹，脂溢性皮炎，瘙痒性皮肤病，花斑癣
泻白糖浆,糖浆剂,宣肺解热，化痰止咳。用于伤风咳嗽，痰多胸满，口渴舌干，鼻塞不通
参三七伤药散,散剂,活血祛瘀，通经活络。用于跌打损伤，肋背拘紧作痛，肢体痿软
参苓健脾胃颗粒,颗粒剂,补脾健胃，利湿止泻。用于脾胃虚弱，饮食不消，或泻或吐，形瘦色萎，神疲乏力
参茸珍宝片,片剂,补肾壮阳，益气益血，安神明目，乌发养颜，强身健体，延年益寿。用于延缓衰老
参茸酒,酒剂,滋补强壮，助气固精。用于气血亏损、腰酸腿痛、手足寒冷、梦遗滑精、妇女血亏、血寒、带下淋漓、四肢无力、行步艰难
参鹿补片,片剂,益气养血、补肾壮阳。用于肾阳虚衰，气血不足，畏寒肢冷，精神疲乏，腰膝酸软，头晕耳鸣
参麝活络丸,丸剂,舒筋活络，祛风豁痰。用于中风瘫痪，半身不遂，风湿痹痛，经络拘挛
春梅颗粒 (乌梅冲剂),颗粒剂,敛肺，涩肠，生津，安蛔。用于肺虚久咳，口干烦渴，胆道蛔虫症，慢性腹泻等症
茵陈五疸丸,丸剂,清热利湿，通利小便。用于湿热黄疸，周身浮肿，遍身发黄，小便赤黄、小水不利
茵栀黄口服液,口服液,清热解毒，利湿退黄。有退黄疸和降低谷丙转氨酶的作用。用于湿热毒邪内蕴所致急性、迁延性、慢性肝炎和重症肝炎（I 型）。也可用于其他型重症肝炎的综合治疗
胃疡安胶囊,胶囊剂,活血止痛，收敛止血。用于胃热痰痞，血瘀气滞，胃脘胀痛、溃疡及十二指肠溃疡，萎缩性胃炎
胃康胶囊,胶囊剂,健胃止痛，行瘀止血，制酸。用于胃脘痛的气滞证和血瘀证，胃、十二指肠溃疡、慢性胃炎、上消化道出血
胃舒片,片剂,清热和胃，制酸止疼。用于肝胃郁热引起的泛酸嘈杂，胃脘疼痛，口苦口干，腹胀
咽炎含片,片剂,清热解毒，消炎止痛。用于急、慢性咽炎
香连化滞片,片剂,调中化滞，止痛止痢。用于红白痢疾，里急后重，肚腹绞痛，停滞不消
香砂平胃丸,丸剂,健胃，舒气，止痛。用于胃肠衰弱，消化不良，胸隔满闷，胃痛呕吐
香菊感冒颗粒,颗粒剂,疏风解表，芳香化湿，清暑解热。用于四时感冒，尤其对夏季感冒发热，头痛，胸闷无汗等，更为适宜
复方石韦片,片剂,清热燥湿，利尿通淋。用于小便不利，尿频，尿急，尿痛，下肢浮肿等症；也可用于急慢性肾小球肾炎，肾盂肾炎，膀胱炎，尿道炎，见有上述证状者
复方石斛片,片剂,滋养肝肾，益气明目，用于昏眇内障，视力减退，瞳神散大及圆翳内障，云雾移睛之视物昏朦，迎风流泪等症
复方仙灵脾酒,酒剂,补肝肾，强筋骨，祛风湿。用于腰膝酸软，四肢麻痹，神疲健忘
复方陇马陆胃药片,片剂,活血化瘀，解痉止痛，健脾消食，行气宽中。用于胃及十二指肠溃疡，慢性胃炎，胃脘胀痛或刺痛，嘈杂泛酸，食欲不振等
复方茵陈糖浆,糖浆剂,清热解毒，祛瘀凉血，利湿退黄。用于肝胆湿热证，胁肋胀痛，恶心呕吐，纳呆腹胀，大便泄泻，小便短赤，或见黄疸，舌质红，苔黄腻，脉弦数或滑数；急性传染性肝炎见上述证候者
复方柳菊片,片剂,清热解毒。用于肺结核病
复方消痔栓,栓剂,收敛止血。用于治疗各期内痔出血，可作为治疗痔疮的辅助药物
复方鲜石斛颗粒,颗粒剂,滋阴养胃，清热解酒，生津止渴。用于胃阴不足，口干咽燥，饥不欲食，舌红少津，酒后津枯虚热，酒醉烦渴等症
复方蟾酥丸,丸剂,消解疮毒。用于痈疽、疔疮
保儿宁颗粒 (冲剂),颗粒剂,益气固表，健中醒脾。用于脾肺气虚所致的神倦纳呆，面黄肌瘦，烦躁不宁，表虚自汗，易感风邪等症
保儿宁糖浆,糖浆剂,益气固表，健中醒脾。用于脾肺气虚所致的神倦纳呆，面黄肌瘦，烦躁不宁，表虚自汗，易感风邪等症
保赤一粒金丸,丸剂,解热镇惊，止咳化痰，通便，助消化。用于内热感冒，咳嗽发烧，消化不良，夜啼不眠
追风片,片剂,舒筋活血，散风化痰。用于筋骨软弱，手足麻木，腰背疼痛，行步艰难
食消饮,口服液,消食导滞，除积消胀，调理肠胃。用于脘腹胀满，积食不化，嗳腐纳差
胚宝胶囊,胶囊剂,补肾温阳，养血填精。用于肾阳不足，精血亏虚，面色萎黄，食欲不振，畏寒肢冷，腰膝冷痛，气短自汗
独活止痛搽剂,搽剂,止痛、消肿、散瘀。用于小关节挫伤，韧带、肌肉拉伤及风湿痛等
养阴清肺糖浆,糖浆剂,养阴清肺，清热利咽。用于咽喉干燥疼痛，干咳少痰，痰中带血
活络镇痛片,片剂,舒筋活血，消瘀止痛。用于闪腰岔气，瘀血作痛，筋骨疼痛，腰痛、腿痛
济众酊,酊剂,辛温解表，散寒止痛，化湿开胃。用于因中暑而引起的头晕、恶心、腹痛等
冠心苏合胶囊,胶囊剂,理气宽胸，止痛。用于心绞痛，胸闷憋气
祛风湿止痛散,散剂,祛风除湿，活血止痛。用于风寒湿痹，筋骨劳损等症
祛风湿骨痛酒,酒剂,祛风湿，通经络。用于风湿性关节炎
神农药酒,酒剂,祛风散寒，活血化瘀，舒筋活络。用于风寒湿痹，关节肿痛，肌肉劳损
神香苏合丸 (庆余救心丸),丸剂,温通宣痹，行气化浊。用于胸闷、气憋、心绞痛以及气厥、心腹疼痛等及冠心病具有上述证候者
顽癣敌软膏,膏剂,消炎解毒、止痒。用于干癣、风癣、牛皮癣、多年蔓延不愈
夏桑菊颗粒,颗粒剂,清肝明目，疏风散热，除湿痹，解疮毒。用于风热感冒，目赤头痛，高血压，头晕耳鸣，咽喉肿痛，疔疮肿毒等症，并可作清凉饮料
逍遥颗粒,颗粒剂,疏肝健脾，养血调经。用于肝气不舒，胸胁胀痛，头晕目眩，食欲减退，月经不调
哮喘宁颗粒 (冲剂),颗粒剂,宣肺止咳，清热平喘。用于肺热哮喘
健肾地黄丸,丸剂,滋补肾水，添精益髓。用于精髓亏损，阴虚气亏，性神经衰弱，阳痿倦怠，腰痿腿软，气短头晕，须发早白
健肾壮腰丸,丸剂,健肾壮腰。用于腰酸腿软，头昏耳鸣，眼花心悸，阳痿遗精
益气六君丸,丸剂,补气健脾。用于脾胃虚弱，食少便溏，胸脘胀闷
益心丸,丸剂,益气强心，芳香开窍，活血化瘀。用于心绞痛、胸闷、心悸、气促及冠心病、心功能不全见有上述证候者
消风止痒颗粒,颗粒剂,消风清热，除湿止痒。主治丘疹样荨麻疹，也用于湿疹、皮肤瘙痒症
消积化滞片,片剂,清理肠胃，消积化滞。用于消化不良，胸闷胀满，肚腹疼痛，恶心倒饱，大便不通
消疲灵颗粒,颗粒剂,益气活血，养血安神，消除疲劳，恢复体力。用于过度疲劳引起的心悸气短，四肢酸痛，全身无力，精神疲惫，烦躁失眠，食欲不振和病后体质虚弱
消痔丸,丸剂,消肿生肌，清热润便，补气固脱，止血，止痛。用于痔疾肿痛，便秘出血，脱肛不收以及肠风下血，积滞不化等症
消痔灵注射液,注射剂,收敛、止血。用于内痔出血，各期内痔，静脉曲张性混合痔
消痞阿魏丸,丸剂,消痞积。用于症积聚，痞块疟母
消渴降糖胶囊,胶囊剂,生津止渴，甘平养胃，涩敛固阴。用于多饮，多尿，多食，消瘦，体倦无力，尿糖及血糖升高之消渴症；轻度及中度成年型糖尿病
诸葛行军散,散剂,消暑解毒，辟秽利窍。用于中暑昏晕，腹痛吐泻，热症烦闷，小儿惊闭等症
桑菊感冒散,散剂,疏风清热，宣肺止咳。用于风热感冒初起，头痛，咳嗽，口干，咽痛
排石膏,膏剂,利水、通淋、排石。用于肾脏结石，输尿管结石，膀胱结石等泌尿系统结石症
黄连羊肝片,片剂,消炎明目，止痛。用于肝火旺盛，眼目昏暗，羞明怕光，胬肉攀晴，迎风流泪
硇砂膏,膏剂,解毒活血，消肿止痛。用于疮疖坚硬、红肿痛痒、溃烂
雪梨止咳糖浆,糖浆剂,润肺，止咳，化痰。适用于支气管炎，咳嗽，咳痰
蛇连川贝散,散剂,消炎降气，祛痰止咳。用于支气管炎，风热咳嗽
麻仁滋脾丸,丸剂,润肠通便，健胃消食。用于胸腹胀满，大便不通，饮食无味，烦躁不宁
羚羊感冒颗粒,颗粒剂,清热解毒，散风解表；预防流感，用于感冒初起，畏寒发热，四肢酸软，头痛咳嗽，咽喉肿痛，流涕目赤
清热灵颗粒,颗粒剂,清热解毒。用于感冒发热，咽喉肿痛等症
清凉膏药,膏剂,清凉解毒。用于疮毒、肿痛
液状琼玉膏,膏剂,补虚健脾。用于气阴不足，肺虚干咳，津枯形瘦，劳损失血
越鞠保和丸,丸剂,舒肝解郁，开胃消食。用于气郁停滞，倒饱嘈杂，胸腹胀痛，消化不良
散风宁嗽糖浆,糖浆剂,散风解热，止嗽化痰。用于四时感冒，风寒咳嗽，头痛无汗，鼻塞声重，畏风恶寒，鼻流清涕，四肢无力
跌打片,片剂,活血化瘀，消肿止痛。用于跌打损伤，筋断骨折，瘀血肿痛，闪腰岔气
跌打按摩药膏,膏剂,活血散瘀，止痛解痉。用于急、慢性扭挫伤，软组织劳损，风湿性关节痛
舒咳枇杷糖浆,糖浆剂,止咳祛痰。用于伤风引起的支气管炎
舒筋定痛片,片剂,活血散瘀，消肿止痛。用于跌打损伤，慢性腰腿疼，风湿痹疼
猴菇片,片剂,养胃和中。用于胃、十二指肠溃疡及慢性胃炎
痧气丸,丸剂,祛暑辟秽，开窍解毒。用于水土不服，痧胀腹痛，吐泻，头痛恶心，牙关紧闭，四肢逆冷，头昏目眩
痛经灵颗粒,颗粒剂,活血化瘀，理气止痛。用于气滞血瘀所致痛经
强身酒,酒剂,强身活血，健胃。用于身体衰弱，神倦力乏，脾胃不和，食欲不振
暖脐膏 (橡胶膏),膏剂,温里散寒，行气止痛。用于寒凝气滞，小腹冷痛，脘腹痞满，大便溏泻
精乌胶囊,胶囊剂,补肝肾，益精血，壮筋骨。用于失眠多梦，耳鸣健忘，头发脱落及须发早白
精乌颗粒 (冲剂),颗粒剂,补肝肾，益精血，壮筋骨。用于失眠多梦，耳鸣健忘，头发脱落及须发早白
增液颗粒,颗粒剂,养阴生津，清热润燥。用于热邪伤阴、津液不足所引起的阴虚内热，口干咽燥，大便燥结；亦可用于感染性疾患高热所致体液耗损的辅助用药
橘贝半夏冲剂,颗粒剂,化痰止咳，宽中下气。用于咳嗽痰多，胸闷气急
醒脑安神胶囊,胶囊剂,清热解毒，清脑安神。用于头身高热、头昏脑晕，言语狂燥，舌干眼花，咽喉肿痛，小儿内热惊风抽搐；对高血压、神经官能症、神经性头痛、失眠等皆有清脑镇静作用
螺旋藻片,片剂,益气养血，化痰降浊。用于气血亏虚，痰浊内蕴，面色萎黄，头晕头昏，四肢倦怠，食欲不振；病后体虚，贫血，营养不良属上述证候者
螺旋藻胶囊,胶囊剂,益气养血，化痰降浊。用于气血亏虚，痰浊内蕴，面色萎黄，头晕头昏，四肢倦怠，食欲不振；病后体虚，贫血，营养不良属上述证候者
藿香正气片,片剂,解表化湿，理气和中。用于外感风寒，内伤湿滞，头痛昏重，脘腹胀痛，呕吐泄泻；胃肠型感冒
麝香祛风湿膏,膏剂,祛风湿，活血，镇痛，消肿。用于风湿痛，筋骨痛，关节痛，腰腿酸痛，坐骨神经痛以及跌打肿痛
麝香祛痛搽剂,搽剂,活血散瘀，消肿止痛。用于运动损伤，急、慢性软组织损伤，骨折肿痛及脱位愈合后的关节肿痛，风湿痛
麝香舒活精,口服液,活血散瘀，消肿止痛。用于运动损伤，急、慢性软组织损伤，骨折肿痛及脱位愈合后的关节肿痛，风湿痛
一枝蒿伤湿祛痛膏,膏剂,祛风除湿，活血止痛。用于风湿关节疼痛、肌肉痛，扭伤
人参当归颗粒,颗粒剂,补益气血。用于气血两亏，面色黄、心悸气短、食少倦怠
儿宝膏,膏剂,健脾益气，生津开胃。用于小儿面黄体弱，纳呆厌食，脾虚久泻，精神不振，口干燥渴，盗汗等症
八珍颗粒,颗粒剂,补气益血。用于气血两亏，面色黄，食欲不振，四肢乏力，月经过多
十二乌鸡白凤丸,丸剂,清虚热，补气血。用于妇女体瘦，月经不调，手足心热，赤白带下，血崩不止等症
三金感冒片,片剂,清热解毒。用于风热感冒，症见发热、咽痛、口干等
三黄丸,丸剂,泻火解毒。用于治疗痢疾、吐血、衄血、咯血、便秘、疮痈等症
小儿清肺化痰颗粒,颗粒剂,清热化痰，止咳平喘。用于小儿肺热感冒引起的呼吸气促，咳嗽痰喘，喉中作响
山茄子清凉颗粒,颗粒剂,清热解暑，开胃生津。用于暑热口渴，可作为高温、刺激性气体作业清凉剂
山香圆颗粒,颗粒剂,清热解毒，利咽消肿。用于肺胃热盛，喉痹，乳蛾，咽喉肿痛等病症
乌头注射液,注射剂,镇静，止痛。用于胃癌、肝癌等晚期癌症的疼痛
乌金片,片剂,调经化瘀。用于气郁结滞，胸胁刺痛，产后瘀血，小腹疼痛，五心烦热，面黄肌瘦
云南红药散,散剂,止血镇痛，活血散瘀，祛风除湿。用于胃溃疡出血，支气管扩张咯血，功能性子宫出血，月经过多，眼底出血，眼结膜出血，痔疮出血，软组织挫伤，风湿性关节炎，风湿性腰腿痛等
五妙水仙膏,膏剂,具有去腐生新，清热解毒的作用。主治毛囊炎、结节性痒疹、寻常疣、神经性皮炎等
巴戟补酒,酒剂,补肾壮腰，固精止遗。用于肾阳不足、命门火衰而致的神疲不振、阳痿不举或早泄、腰膝软弱，亦可用于遗精滑泄、精冷而稀、夜尿频繁
心脑健片,片剂,清利头目，醒神健脑，化浊降脂。用于头晕目眩，胸闷气短，倦怠乏力，精神不振，记忆力减退等症。即具有抗凝，促进纤维蛋白原溶解，防止血小板粘附，降低血浆纤维蛋白原的作用，对心血管病伴高纤维蛋白原症及动脉粥样硬化，肿瘤放疗、化疗所致的白细胞减少症有防治作用
心脑舒口服液,口服液,补气养阴。用于气阴两虚而致的头晕目眩，失眠健忘，心悸怔忡，短气肢倦，自汗盗汗，不耐烦劳等症
心舒宁片,片剂,活血化瘀。用于心脉瘀阻所致的胸痹心痛、冠心病、心绞痛、冠状动脉供血不足，动脉硬化见上述证候者
止泻灵颗粒,颗粒剂,补脾益气，渗湿止泻。用于脾胃虚弱所致的大便溏泄，饮食减少，食后腹胀，倦怠懒言，以及慢性肠炎见上述证候者
毛鸡补血酒,酒剂,补血去瘀。用于产后血虚，腰痛，四肢酸软，月经前后腹痛
水蓬膏,膏剂,消胀利水，活血化瘀。用于胸腹积水，胀满疼痛，积聚痞块，四肢浮肿，小便不利
风痛宁片,片剂,祛风燥湿，散寒活血，舒筋止痛。用于风湿性关节炎和类风湿性关节炎
仙方活命片,片剂,清热解毒，散瘀消肿，化脓生肌。用于火毒壅盛，痈疽疮疡，红肿热痛，脓成不溃
仙乐雄胶囊,胶囊剂,温肾补气，益精助阳。用于肾阳不足，精气亏损所致的头昏耳鸣，腰膝酸软，惊悸健忘，阳痿不举等症
加味龟龄集酒,酒剂,补脑固肾，强壮机能，延年益寿。用于气虚血亏，健忘失眠，食欲不振，腰酸背痛，阴虚阳弱，阳痿早泄，宫冷腹痛，产后诸虚
古楼山跌打酒,酒剂,舒筋活血，散瘀止痛。用于跌打损伤，瘀积肿痛，筋骨扭痛，腰劳损
外用无敌膏,膏剂,驱风祛湿，祛瘀活血，消肿止痛，去腐生肌，清热拔毒，通痹止痛。用于跌打损伤，风湿麻木，腰肩腿痛，疮疖红肿疼痛
正胃片,片剂,清热凉血，健脾和胃，制酸止痛。用于胃热烧灼，脘腹刺痛，呕恶吞酸，食少倦怠，慢性胃炎、胃及十二指肠溃疡属上述证候者
正清风痛宁注射液,注射剂,祛风除湿，活血通络，消肿止痛。用于风寒湿痹证，症见肌肉酸痛、关节肿胀、疼痛、屈伸不利、麻木僵硬及风湿与类风湿性关节炎具有上述证候者
甘草甜素片,片剂,治疗肝炎药。用于慢性乙型肝炎
白花蛇舌草注射液,注射剂,清热解毒，利湿消肿。用于呼吸道感染，扁桃体炎，肺炎，胆囊炎，阑尾炎，痈疖脓肿及手术后感染，亦可用于癌症辅助治疗
龙燕补肾酒,酒剂,补肝益肾，除湿助阳，温脾助胃，益髓填精。用于肾虚阳痿，性机能减退等症
伊痛舒注射液,注射剂,祛风散寒胜湿，活血祛瘀镇痛。用于多种原因引起的头痛，牙痛，神经痛，风湿痛及肌纤维炎，骨关节、胃肠、胆、肾疾患、癌症等引起的疼痛。按中医辨证用药，尤其对寒邪和瘀血所致的痛证有较好的效果
全龟胶囊,胶囊剂,滋阴补肾。用于肺肾不足，骨蒸劳热，腰膝酸软，流注，流痰
壮骨丸,丸剂,祛风除湿，养阴潜阳，强筋壮骨。用于风湿痹痛，筋骨痿软，肾阳不足，精血亏损，骨蒸潮热
妇炎平散,散剂,清热解毒，燥湿止带，杀虫止痒。用于湿热蕴结而致的阴道炎，子宫颈炎，外阴炎，皮肤霉菌、细菌感染，体癣、脚癣、湿疹等
妇康栓,栓剂,清热解毒，收敛固涩。用于赤白带下，少腹坠痛，子宫颈糜烂等
妇痛宁滴丸,丸剂,解痉止痛。用于妇女痛经，产后宫缩痛，感染性腹泻引起的急性腹痛等
安宁保婴散,散剂,解热祛风，除痰止咳。用于感冒发热，咳嗽痰多，急性支气管炎
安脑片,片剂,清热解毒，豁痰开窍，镇惊熄风。用于高热神昏、烦躁谵语、抽搐痉厥、中风窍闭，头痛眩晕。亦用于高血压及一切急性炎症伴有的高热不退，神志昏迷等
安喘片,片剂,止咳祛痰，宣肺平喘。用于痰浊犯肺，肺失宣降，胸闷，咳嗽，喘息，痰多，急慢性支气管炎见上述证候者
导便栓,栓剂,润肠通便。用于肠燥便秘
延龄长春胶囊,胶囊剂,补肾壮阳，填精补髓，纳气平喘。用于肾阳不足，精血亏虚，腰膝酸痛，四肢寒冷，体倦乏力，阳痿早泄，须发早白，神疲羸瘦等症
当飞利肝宁胶囊,胶囊剂,清利湿热，益肝退黄。用于湿热郁蒸而致的黄疸，急性黄疸型肝炎，传染性肝炎，慢性肝炎而见湿热证候者
竹沥水,酊剂,清热镇惊，润燥涤痰。用于咳嗽痰多，中风舌强，气喘胸闷，以及小儿痰热惊风等症
老范志万应神曲,茶剂,疏风解表，消积化湿，醒脾开胃。用于伤风感冒，夏令中暑，食积腹痛，呕吐泄泻等症
血尿胶囊,胶囊剂,清热利湿，凉血止血。用于急、慢性肾盂肾炎血尿，肾小球肾炎血尿，泌尿结石及肾挫伤引起的血尿及不明原因引起的血尿，亦可作为治疗泌尿系统肿瘤的辅助药物
血脂灵片,片剂,活血降浊，润肠通便。用于瘀浊内盛而致的高脂血症
血塞通颗粒,颗粒剂,活血祛瘀，通脉活络，抑制血小板聚集和增加脑血流量。用于脑路瘀阻，中风偏瘫，心脉瘀阻，胸痹心痛；脑血管后遗症、冠心病心绞痛属上述证候者
西黄胶囊,胶囊剂,解毒散结，消肿止痛。用于毒瘀互结，痈疽疮疡，阴疽肿痛，多发生脓肿，淋巴结炎，寒性脓疡属上述证候者
两面针镇痛片,片剂,清热解毒，理气活血，通络止痛。用于瘀热郁结而致的溃疡病、肠痉挛、胆囊炎、肝癌等引起的腹部疼痛
克泻敏颗粒,颗粒剂,收敛止泻。用于腹泻，消化不良，急性胃肠炎等
克咳胶囊,胶囊剂,止嗽，定喘，祛痰。用于咳嗽，喘急气短
利心丸 (浓缩水丸),丸剂,养心安神。用于风湿性心脏病，心动过速，心律不齐，心力衰竭等而见心血不足之证者
抗栓胶囊,胶囊剂,活血化瘀，抗栓通脉。用于血栓闭塞性脉管炎瘀血阻络证。对脑血栓、心肌梗塞，血栓性静脉炎等亦有较好的辅助治疗作用
沉香曲,茶剂,疏表化滞，舒肝和胃。用于表邪未尽，肝胃气滞，胸闷脘胀，胁肋作痛，吞酸呕吐
灵芝糖浆,糖浆剂,养心安神，健脾和胃。用于心悸，失眠，食欲不振以及神经衰弱、高血脂症、冠心病，慢性支气管炎的辅助治疗
状元红药酒,酒剂,补气养血，健脾和胃，舒筋止痛。用于气血两亏，脾胃虚寒，倦怠乏力，消化不良，筋骨疼痛
肠康片,片剂,清热燥湿，理气止痛。用于湿热泄泻，痢疾腹痛，里急后重
补肾益精丸,丸剂,滋肾填精，补髓养血。用于肾精不足，头晕目眩，腰膝酸软，精梦泄
补骨脂注射液,注射剂,温肾扶正。用于治疗白癜风、银屑病（牛皮癣）
还少胶囊,胶囊剂,温肾补脾，养血益精。用于脾肾虚损，腰膝酸痛，阳痿遗精，耳鸣目眩，精血耗损，肌体瘦弱，食欲减退，牙根酸痛
阿胶当归合剂,口服液,补养气血。用于气血亏虚所致贫血，产后血虚、体弱、月经不调、闭经等
龟芪参口服液,口服液,滋补阴阳。用于发育不良，久病体重，乏力、失眠等证
龟鹿补肾胶囊,胶囊剂,壮筋骨，益气血，补肾壮阳。用于身体虚弱，精神疲乏，腰腿酸软，头晕目眩，肾亏精冷，性欲减退，夜多小便，健忘失眠
乳宁片,片剂,温肺祛痰，活血化瘀。用于痰瘀互结，乳腺结块，肿胀疼痛及乳腺小叶增生属上述证候者
参芪消渴颗粒,颗粒剂,益气养阴。用于消渴症的口渴、多饮、多尿，精神不振，头昏（1 型糖尿病）
参芪膏,膏剂,补脾益肺。用于脾肺气虚，动辄喘乏，四肢无力，食少纳呆，大便溏泄
参茸卫生丸,丸剂,补血益气，兴奋精神。用于身体衰弱、气血两亏、思虑过度、精神不足、筋骨无力、心脏衰弱、腰膝酸痛、梦遗滑精，自汗盗汗，头昏眼花，妇女血寒，赤白带下，崩漏不止，腰疼腹痛
周氏回生丸,丸剂,祛暑散寒，解毒辟秽，化湿止痛。用于寒霍乱，干霍乱，痧胀
建曲,茶剂,解表和中。用于寒热头痛，食滞阻中，呕吐胀满
明目上清丸,丸剂,清热散风，明目止痛。用于暴发火眼，红肿作痛，头晕目眩，眼边刺痒，大便燥结，小便赤黄
板蓝大青颗粒,颗粒剂,清热解毒，凉血消肿。用于流行性乙型脑炎、流感、流行性腮腺炎、传染性肝炎及麻疹等病毒性疾病见热毒内盛证候者
枇杷止咳胶囊,胶囊剂,止嗽化痰。用于咳嗽，支气管炎
枫蓼肠胃康片,片剂,理气健胃，除湿化滞。用于中运不健、气滞湿困而致的急性胃肠炎及其所引起的腹胀、腹痛和腹泻等消化不良症
泌尿宁颗粒,颗粒剂,清热通淋，利尿止痛，补肾固本。用于热淋，小便赤涩热痛及泌尿系感染
泻痢宁片,片剂,清热燥湿，凉血解毒，止泻止痢。用于大肠湿热，血热毒盛，泻痢腹痛，里急后重，肠炎菌痢见上述证候者
畅鼻通颗粒（宁金冲剂）,颗粒剂,调和营卫，解表散风。用于风寒感冒、营卫不和，恶风有汗，头痛，喷嚏、鼻塞及过敏性鼻炎，荨麻疹等过敏性疾患见上述证候者
罗布麻降压片,片剂,平肝潜阳，息风活血，通络止痛。用于肝阳上亢、瘀血阻络，头晕，目眩，头痛，烦躁及高血压、高血脂，动脉硬化见上述证候者
肥儿片,片剂,健胃消积，驱虫。用于小儿消化不良，虫积腹痛，面黄肌瘦，食少腹胀泄泻
肺气肿片,片剂,补肾益气，活血化瘀，止咳祛痰。用于肺肾不足，痰浊阻肺，胸闷憋气，动辄喘乏，咳嗽痰多，腰膝酸痛，慢性气管炎阻塞性肺气肿属上述证候者
肾肝宁胶囊,胶囊剂,补益肝肾、扶正固本，具有同化蛋白、促进新陈代谢和增强免疫等功能。用于肾小球肾炎、肾病综合症、甲型肝炎、肝硬化等
肾宝糖浆,糖浆剂,调和阴阳，温阳补肾，安神固精，扶正固本。用于阳痿，遗精，腰腿酸痛，精神不振，夜尿多，畏寒怕冷，妇女月经过多，白带清稀诸症
肾炎安胶囊,胶囊剂,清热解毒，利湿消肿。用于湿热蕴结之水肿，淋证，及符合本证候之急性肾炎，急性肾盂肾炎，尿路感染，慢性肾炎，肾病综合征等
肾炎安颗粒,颗粒剂,清热解毒，利湿消肿。用于湿热蕴结之水肿，淋证，及符合本证候之急性肾炎，急性肾盂肾炎，尿路感染，慢性肾炎，肾病综合征等
贯黄感冒颗粒,颗粒剂,辛凉解毒，宣肺止咳。用于风热感冒，发热恶风，头痛鼻塞，咳嗽痰多
郁金银屑片,片剂,疏通气血，软坚消积，清热解毒，燥湿杀虫。用于银屑病（牛皮癣）
采云曲,茶剂,祛风散寒，健胃消食，用于感受风寒，饮食停滞，胸闷腹胀，呕吐反酸，消化不良
金莲花口服液,口服液,清热解毒。用于风热邪毒袭肺，热毒内盛引起的上呼吸道感染、咽炎、扁桃体炎
金莲花片,片剂,清热解毒。用于风热邪毒袭肺，热毒内盛引起的上呼吸道感染、咽炎、扁桃体炎
金菊感冒片,片剂,清热解毒。用于风热感冒，发热咽痛，口干或渴，咳嗽痰黄等症
降脂灵片,片剂,补肝益肾，养血，明目，降脂。用于肝肾阴虚，头晕，目昏，须发早白，高血脂症
降脂减肥片,片剂,滋补肝肾，养益精血，扶正固本，通络定痛，健脾豁痰，明目生津，润肠通便。用于各型高血脂症，心脑血管硬化，单纯性肥胖，习惯性便秘，痔疮出血
鱼金注射液,注射剂,清热解毒，用于热毒内盛而致的上呼吸道感染、支气管肺炎、病毒性肺炎、化脓性疾病、妇科炎症与术后发热
鱼腥草注射液,注射剂,清热，解毒，利湿。用于肺脓疡，痰热咳嗽，白带，尿路感染，疖
养脾散,散剂,养脾健胃，开郁消食。用于脾胃虚弱、水土不服引起的消化不良，饮食积滞，脘腹胀满，气吞酸，腹泻下痢，食欲不振，面黄肌瘦等症
冠心宁注射液,注射剂,活血化瘀，通脉养心。用于冠心病心绞痛
前列回春胶囊,胶囊剂,益肾回春、活血通淋、清热解毒。用于慢性前列腺炎以及由前列腺炎引起的尿频、尿急、尿道涩痛、淋浊、性欲减退、阳痿早泄等症
复方土槿皮酊,酊剂,杀菌，止痒。适用于趾痒、皮肤滋痒、一般癣疾
复方勒马回颗粒,颗粒剂,镇咳，祛痰，消炎。用于咳嗽多痰，气管炎及支气管炎
复方野菊感冒颗粒,颗粒剂,清热疏风，润燥止咳。用于风热、温燥之邪犯肺而致的发热、头晕咳嗽、咽干喉痛
复方斑蝥胶囊,胶囊剂,破血消瘀，攻毒蚀疮。用于原发性肝癌、肺癌、直肠癌、恶性淋巴瘤、妇科恶性肿瘤等
宫血停颗粒,颗粒剂,补益脾肾，活瘀止血。用于脾肾两虚，气虚血瘀而致的月经过多及崩漏
宫炎平片,片剂,清热利湿，祛瘀止痛，收敛止带。用于急、慢性盆腔炎见下腹胀痛、腰痛、带下增多、月经不调等症属于湿热下注、瘀阻胞宫所致者
活力源口服液,口服液,益气养阴，强心益肾。适用于气阴两虚，心肾两亏的健忘失眠，记忆力减退、冠心病，慢性肝炎，糖尿病及更年期综合症而见上述证候者
活力源片,片剂,益气养阴，强心益肾。适用于气阴两虚心肾两亏的，健忘失眠，记忆力减退。冠心病，慢性肝炎，糖尿病及更年期综合症而见上述证候者
浓缩当归丸,丸剂,养血活血，调经止痛。用于血虚所致的月经不调，经来腹痛
珍珠明目滴眼液,口服液,清热泻火，养肝明目，用于肝虚火旺引起视力疲劳症和慢性结膜炎。长期使用可以保护视力
穿山龙注射液,注射剂,舒筋活络，祛风止痛。用于风湿阻络所致的关节疼痛
胃力片,片剂,行气止痛，和胃利胆，消积导滞，通腑降浊。用于饮食不节，痰浊中阻，痞满呕吐，胃脘胁肋疼痛，食欲不振，大便秘结；急性胃炎、胆囊炎属上述证候者
胃肠灵胶囊,胶囊剂,温中祛寒，健脾止泻。用于中焦虚寒，寒湿内盛，腹冷痛，大便稀溏或泄泻
胃痛宁片,片剂,清热燥湿，理气和胃，制酸止痛。用于湿热互结所致胃、十二指肠溃疡，胃炎，症见胃脘痉痛，胃酸过多，脘闷嗳气，泛酸嘈杂，食欲不振，大便秘结，小便短赤
茵山莲颗粒 (无糖型),颗粒剂,清热解毒利湿。用于慢性迁延性肝炎，慢性活动性肝炎，胆囊炎，胰腺炎，而见湿热蕴毒之症者
香丹注射液,注射剂,扩张血管，增进冠状动脉血流量。用于心绞痛，亦可用于心肌梗塞等
骨刺片,片剂,散风邪，祛寒湿，舒筋活血，通络止痛。用于颈椎、胸椎、腰椎、跟骨等骨关节增生性疾病，对风湿、类风湿性关节炎有一定疗效
骨刺宁酒,酒剂,活血通络，消瘀定痛。用于骨刺，风寒湿痹所引起的疼痛及四肢麻木等症
骨松宝颗粒,颗粒剂,补肾活血，强筋壮骨。用于骨痿 (骨质疏松) 引起的骨折、骨痛、骨关节炎，以及预防更年期骨质疏松
健步壮骨丸,丸剂,补益肝肾，祛风散寒，除湿通络。用于肝肾不足，寒湿阻络之久痹，腰膝酸痛，肢软乏力，关节疼痛，阴冷加重
柴胡注射液,注射剂,清热解表。用于治疗感冒、流行性感冒及疟疾等的发热
消痰咳片,片剂,清热祛痰，止咳平喘。用于急、慢性支气管炎的痰热证，症见咳嗽，痰黄难咯，或兼喘息之候
烧伤肤康液,口服液,清热解毒，收敛止痛，保护创面。用于 1 度以下烧伤、烫伤及热疖、痱子、湿疹等
热淋清颗粒,颗粒剂,清热解毒，利尿通淋。用于湿热蕴结，小便黄赤、淋漓涩痛之症，尿路感染，肾盂肾炎见上述证候者
热淋清糖浆,糖浆剂,清热解毒，利尿通淋。用于湿热蕴结，小便黄赤、淋漓涩痛之症，尿路感染、肾盂肾炎见上述证候者
益血生胶囊,胶囊剂,健脾生血，补肾填精。用于脾肾两亏所致的血虚诸症，各种类型贫血及血小板减少症
益寿强身膏,膏剂,补气养血，滋补肝肾，养心安神，强筋健骨，健脾开胃。用于体虚气弱，食欲不振，腰膝酸软，神疲乏力，头晕目眩，失眠健忘，年老体弱
益视颗粒,颗粒剂,滋肾养肝，健脾益气，调节视力。用于肝肾不足、气血亏虚引起的青少年近视及视力疲劳者
益脑宁片,片剂,益气补肾，活血通脉。用于脑动脉硬化症、中风后遗症，及冠心病、心绞痛、高血压等属脾肾不足、血脉瘀阻证者
真菌竹黄胶囊,胶囊剂,祛风通络，散寒理湿。用于风寒湿痹
脑塞通丸,丸剂,活血化瘀、通经活络、益气养阴，用于脑血栓，脑瘀血后遗症，肢体偏瘫，手足麻木，语言障碍等
脑震宁颗粒,颗粒剂,凉血活血，化瘀通络，益血安神，宁心定智，除烦止呕。用于脑外伤引起的头痛、头晕，烦躁失眠，健忘惊悸，恶心呕吐
豹骨酒,酒剂,祛风活血，壮骨强筋。用于风寒湿痹，筋骨疼痛，四肢麻木，腰膝无力
通宣理肺膏,膏剂,解表散寒，宣肺止嗽。用于感冒咳嗽，发热恶寒，鼻塞流涕，头痛无汗，肢体酸痛
速效牙痛宁酊,酊剂,活血化瘀，理血止痛。用于风虫牙痛，龋齿性急、慢性牙髓炎，牙本质过敏，楔状缺损
梅翁退热片,片剂,疏风清热，解毒利咽，消痈散结。用于风热感冒，发热咳嗽，咽喉肿痛，胸脘胀痛，喉痹，乳蛾
梅翁退热颗粒,颗粒剂,疏风清热，解毒利咽，消痈散结。用于风热感冒，发热咳嗽，咽喉肿痛，胸脘胀痛，喉痹，乳蛾
清艾条,膏剂,理气血，逐寒湿，温经止痛。用于心腹冷痛，泄泻转筋，骨节酸痛，四肢麻木，腰酸疼痛等症
清咽片 (清音片),片剂,清凉解热，生津止渴。用于咽喉肿痛，声嘶音哑，口干舌燥，咽下不利
清宫长春胶囊,胶囊剂,补肾益精，强筋壮骨，延缓衰老。主治神衰体弱，精力不足，健忘易倦，头晕耳鸣，腰痛膝酸，性欲减退，畏寒肢冷
清热解毒注射液,注射剂,清热解毒。用于流感，轻型脑膜炎，外感发热等症
猕猴桃颗粒,颗粒剂,调中理气，增进食欲，促进消化。用于消化不良，食欲不振，改善儿童营养不良的辅助治疗
痔疮片,片剂,清热解毒，凉血止痛，祛风消肿。用于各种痔疮，肛裂，大便秘结
粘膜溃疡散,散剂,清热解毒，收敛止痛，用于热毒内盛而致的咽喉肿痛，口舌生疮，以及其他粘膜溃疡
脱苦膏（原文名：Tuoku Gao，存疑）,膏剂,驱风散寒，通络止痛。用于风湿性关节炎，外伤瘀痛，头痛，神经痛等症
萃仙丸,丸剂,补肾固精，益气健脾，用于肾虚精亏，阳痿早泄，体弱乏力，腰膝酸软
蛇胆半夏散,散剂,祛风化痰，和胃下气。用于呕吐咳嗽，痰多气喘
雪莲注射液,注射剂,消炎镇痛，消肿，活血化瘀。用于急、慢性风湿性关节炎，类风湿性关节炎及骨关节炎引起的关节疼痛等症
黄芪注射液,注射剂,益气养元，扶正祛邪，养心通脉，健脾利湿。用于心气虚损、血脉瘀阻之病毒性心肌炎、心功能不全及脾虚湿困之肝炎
黄花油,搽剂,消炎，止痒，杀菌。用于虫咬皮炎，丘疹性荨麻疹，毛囊炎
黄根片,片剂,活络散结，祛瘀生新，强壮筋骨，有抗二氧化硅细胞毒作用。用于治疗矽肺
强力止咳宁胶囊,胶囊剂,清热解毒，止咳，化痰，平喘。用于急、慢性支气管炎，感冒咳嗽属肺热实证者
强力脑清素片,片剂,补肾健脾，养心安神。用于脾肾两虚，心神失养引起的心悸失眠，食欲不振，神疲乏力，尿频阳痿，神经衰弱，非器质性性功能衰退及妇女更年期综合症见上述证候者
猴头菌片,片剂,益气养血，扶正培本。用于气血病症引起的胃溃疡、十二指肠溃疡、慢性胃炎、萎缩性胃炎等
遐龄颗粒（原文名：Xialing Keli）,颗粒剂,滋补肝肾，生精益髓。用于肝肾亏损，精血不足引起的神疲体倦、失眠健忘、阳痿早泄、腰膝酸软等症
愈伤膏,膏剂,散瘀、消肿、止血止痛。用于浅表创伤，防止感染和促进伤口愈合
新雪颗粒,颗粒剂,清热解毒。用于各种热性病之发热，如扁桃腺炎、上呼吸道炎、气管炎、感冒所引起的高热以及温热病之烦热不解
解肌镇痛酊,酊剂,活血通经、止痛。用于治疗软组织损伤而引起的颈、肩、腰、腿痛。对冻疮也有一定的疗效
跳骨片,片剂,消肿定痛，活血舒筋，促进骨痂生长。用于骨折，脱臼，新久伤痛
障翳散,散剂,行滞祛瘀，退障消翳。用于老年性白内障及角膜翳
醒脑静注射液,注射剂,清热泻火，凉血解毒，开窍醒脑。用于流行性乙型脑炎、肝昏迷，热入营血，内陷心包，高热烦躁，神昏谵语，舌绛脉数
蟾酥注射液,注射剂,清热解毒。用于急性、慢性化脓性感染；亦可作为抗肿瘤辅助用药
二母宁嗽颗粒,颗粒剂,清肺润燥，化痰止咳。用于燥热蕴肺、痰黄而粘不易咳出，胸闷气促，久咳不止，声哑喉痛
丁公藤注射液,注射剂,驱风，消肿，止痛。用于风湿性关节炎
丁芎癣药水,酊剂,杀菌消炎，止痒。用于真菌感染引起的各种皮癣，湿疹，脚气等
人丹,丹剂,驱风健胃。用于消化不良，恶心呕吐，晕船，轻度中暑，酒醉饱滞
三七化痔丸,丸剂,清热解毒，止血止痛。用于外痔清肠解毒；内痔出血脱肛，消肿止痛，收缩脱肛
大黄泻火散,散剂,清热泻火。用于胸膈烦热，口渴便秘
女金片,片剂,调经养血，顺气化瘀。用于经血不调，赶前错后，腰腿酸痛，腹痛胀满
小儿七珍丸 (小儿七珍丹),丹剂,消积导滞，通便泻火，镇惊退热，化痰息风。用于小儿感冒发热，夹食夹惊，乳食停滞，大便不通，惊风抽搐，痰涎壅盛
小儿久嗽丸,丸剂,疏风解热，止嗽化痰。用于肺热咳嗽，痰多而稠，久嗽不已及百日咳
小儿导赤片,片剂,清热利便，用于胃肠积热，口舌生疮，咽喉肿痛，牙根出血，腮颊肿痛，暴发火眼，大便不利，小便赤黄
小儿肠胃康颗粒,颗粒剂,清热平肝，调理脾胃。用于小儿营养紊乱所引起的食欲不振，面色无华，精神烦忧，夜寝哭啼，腹泻腹胀，发育迟缓
小儿泻痢片,片剂,清热化湿，止泻止痢。用于湿热腹泻，红、白痢疾等
山庄降脂片,片剂,清热活血，降浊通便。用于痰浊瘀滞所致的高血压、高血脂症，也可用于预防动脉粥样硬化
川贝半夏液,口服液,润肺止咳。用于阴虚、燥咳等症
川芎茶调丸 (浓缩丸),丸剂,疏风止痛。用于风邪头痛，或有恶寒，发热，鼻塞
广东神曲,茶剂,祛风消滞，健胃和中。用于感冒发热，食滞，呕吐，泄泻。或供配方用
广东凉茶颗粒,颗粒剂,清热解暑，去湿生津。用于四时感冒，发热喉痛，湿热积滞，口干尿赤
丹栀逍遥片,片剂,疏肝健脾，解郁清热，养血调经。用于肝郁脾弱，血虚发热，两胁作痛，头晕目眩，月经不调等症
云南蛇药,口服液,解毒镇痛，利尿消肿，止血、散瘀。用于毒蛇咬伤，毒蜂、蝎子、蜈蚣等伤
五仁醇胶囊,胶囊剂,补肝肾，用于急慢性、迁延性肝炎 (GPT 偏高) 而具肝肾阴虚之症者
六神曲,茶剂,健脾和胃，消食调中。用于脾胃虚弱，饮食停滞，胸痞腹胀，呕吐泻痢，小儿食积
天麻蜜环菌片,片剂,定惊，熄风。用于眩晕头痛，惊风癫痫，肢体麻木，腰膝酸痛
太极丸,丸剂,清热祛风，化痰通便。用于乳食停滞，食火内热，痰盛抽搐，大便秘结
止血胶,膏剂,收敛止血、滋阴养血。用于吐血、便血等消化道出血
止咳化痰丸,丸剂,止咳化痰，平喘。用于哮喘，痰盛，气急喉鸣等
止咳祛痰颗粒,颗粒剂,润肺祛痰，止咳定喘。用于伤风咳嗽，慢性支气管炎及支气管哮喘
止痒酊,酊剂,燥湿杀虫，祛风止痒。用于蚊虫咬瘙痒，足癣趾间瘙痒，局限性神经性皮炎等
长春益寿膏,膏剂,补五脏，调阴阳，益气血，壮筋骨。适用于体虚易倦，早衰健忘，心悸失眠，头晕目眩，腰膝酸软等症
风湿宁药酒,酒剂,祛风活血，利湿通络。用于风湿性四肢麻木酸痛
风湿痹痛药酒,酒剂,祛风除湿，通痹止痛。用于风寒湿痹，四肢麻木，腰膝酸软，骨节疼痛
加味感冒丸 (感冒丹),丹剂,清热散风，解表止嗽。用于内热外感引起的头痛，怕冷发热，咳嗽流涕，咽喉疼痛，四肢酸懒
四君子颗粒,颗粒剂,益气健脾。用于脾胃气虚，胃纳不佳，食少便溏
四季菜颗粒,颗粒剂,清热解毒，养血柔肝，理气化瘀。用于气滞血瘀，血不养肝之慢性活动性肝炎，迁延性肝炎，对肝硬化、急性重症肝炎亦有较好效果
四季菜糖浆,糖浆剂,清热利湿，理气活血。用于治疗湿热阻滞，气滞血虚所致的慢性病毒性肝炎
玉枢散,散剂,辟秽解毒。适用于内治湿温时邪，头昏胸闷，腹痛吐泻及小儿痰壅惊闭等症；外敷痈疽疔疮，肿核结毒等症
生乳片,片剂,补气生血，通经下乳，具有促进乳汁分泌，改善乳汁质量作用。用于产后气血亏损，乳少，乳汁不通
壮骨酒,酒剂,祛风湿，活血止痛，强筋骨，助气散寒。用于筋骨疼痛，周身麻木，腰膝酸软，风湿性关节炎
妇得康泡沫剂,口服液,清热燥湿，杀虫。用于慢性宫颈炎、宫颈糜烂、阴道炎之湿热下注证
安坤颗粒,颗粒剂,滋阴清热，健脾养血。用于放环后引起的出血，月经提前、量多或月经紊乱，腰骶酸痛，下腹坠痛，心烦易怒，手足心热
安嗽糖浆,糖浆剂,润肺化痰，止咳平喘。用于痰热阻肺，喘息气短，咳嗽痰粘，口干咽干，支气管炎属上述证候者
克泻敏丸,丸剂,收敛止泻。用于腹泻，消化不良，急性胃肠炎等
利肝片,片剂,清肝、利胆。用于急慢性传染性肝炎、胆囊炎以及肝脏分泌机能障碍等
快应茶,茶剂,解暑清热，生津止渴。用于伤风感冒等病症
护心胶囊,胶囊剂,活血化瘀，温中理气。用于心血瘀阻或心阳不足引起的胸部刺痛、绞痛及胸闷气短，心悸汗出，畏寒肢冷、腰膝酸软等症；或冠心病见上述证候者
沙溪凉茶,茶剂,清热，除湿，导滞。用于四时感冒，身倦骨痛，寒热交作，胸膈饱滞，痰凝气喘
肠炎宁糖浆,糖浆剂,清热利湿，行气。用于急、慢性胃肠炎，腹泻，细菌性痢疾，小儿消化不良
连翘败毒丸,丸剂,清热解毒，消肿止痛。用于疮疖溃烂，灼热发烧，流脓流水，丹毒疱疹，疥癣瘙痒
连翘败毒片,片剂,清热解毒，消肿止痛。用于疮疖溃烂，灼热发烧，流脓流水，丹毒疱疹，疥癣瘙痒
连翘败毒膏,膏剂,清热解毒，消肿止痛。用于疮疖溃烂，灼热发烧，流脓流水，丹毒疱疹，疥癣瘙痒
阿胶生化膏,膏剂,滋阴养血，祛瘀生新，通乳。用于妇女产后血虚体弱，瘀血不清，下腹疼痛，乳汁不通
阿胶颗粒,颗粒剂,滋阴养血，补肺润燥，止血安胎。用于虚劳，血虚心烦，崩漏带下，经血不调，胎动不安，咯血，吐血，衄血，便血及各型贫血
参芪力得康片,片剂,补气养血，升阳益胃。用于气血不足，中气虚陷，体倦乏力，食欲不振，睡眠不良，大便溏泄
参芪博力康片,片剂,益气养血，滋阴补阳。用于气血不足，阴阳虚损，体倦乏力，食欲不振，心悸失眠，腰膝酸软，盗汗遗精
参茸补酒,酒剂,补益气血。用于身体虚弱，气血两亏，脑力不足，精神疲倦等
参茸强肾口服液,口服液,补肾壮阳，填精益髓。用于肾阳不足，精血亏损而致的肢倦神疲，眩晕健忘，阳痿早泄，不育不孕，腰膝冷痛等症
参鹿膏,膏剂,补气养血、调经。用于气血虚弱引起的腰腿疼痛，精神疲倦，经血不调，产后血晕，胞衣不下，血瘀作烧
岩果止咳液,口服液,清热化痰，止咳润肺。用于急、慢性支气管炎，咳嗽痰多，证属痰热阻肺者
郑氏女金丹,丹剂,补气养血，调经安胎。用于气血两亏，月经不调，腰膝疼痛，红崩白带，子宫寒冷
金银花合剂,口服液,清热解毒。用于暑热口渴，热疖疮毒
养阴镇静丸,丸剂,滋阴养血、镇静安神。用于心血不足、健忘、心惊不安、心悸失眠
养肺丸,丸剂,润肺止嗽，化痰定喘。用于肺经虚弱引起的咳嗽痰盛，气促作喘，胸膈不畅，口苦咽干，喉痛音哑，久嗽失眠
冠心康颗粒,颗粒剂,活血行气，化瘀止痛。用于血瘀气滞、心脉痹阻所致冠心病、心绞痛
冠心膏,膏剂,活血化瘀、行气止痛。用于冠心病、心绞痛的预防和治疗
咳喘舒片,片剂,宣肺平喘，化痰止咳，养阴敛肺。用于咳嗽气喘，阴虚痰阻证，表现为久病咳喘，干咳痰少。慢性支气管炎及哮喘见以上证候者
复方三七散,散剂,化瘀止血，消肿止痛。用于跌打损伤，瘀血肿痛，外伤出血，挫伤、扭伤、骨外伤等
复方川贝精片,片剂,化痰止咳，宣肺平喘。用于痰涎阻肺，肺失宣降所致急慢性支气管炎，支气管扩张，咳嗽，痰喘
复方鸡内金片,片剂,健脾开胃，消食化积。用于脾胃不和引起的食积胀满，饮食停滞；呕吐泄痢
复方穿心莲片,片剂,清热解毒，凉血，利湿。用于风热感冒，喉痹，痄腮，湿热泄泻等
复方益母草膏,膏剂,调经活血，散瘀止痛。用于经血不调，经闭经少，腰酸腹痛，产后血晕，胞衣不下，血瘀作烧
复方雪莲胶囊,胶囊剂,温经散寒，祛风逐湿，化瘀消肿，舒筋活络。用于风寒湿邪，痹阻经络所致类风湿性关节炎，风湿性关节炎，强直性脊柱炎和各类退行性骨关节病
复方紫草油,搽剂,清热凉血，解毒止痛。用于水火烫伤
活络酊,酊剂,舒筋祛寒，活血止痛。用于筋骨痛，急性扭伤，肌肉疼痛及风湿痛，肝区疼痛等症
珍珠消积丸,丸剂,化痰热，消积滞。用于小儿咳喘热痰，腹胀疳积
祛暑露,露剂,祛暑散寒，止吐止泻。用于中暑感寒引起憎寒发热，头痛身倦，胸腹胀满，呕吐泄泻
穿心莲内酯片,片剂,清热解毒，抗菌消炎。用于上呼吸道感染，细菌性痢疾
胃得安胶囊,胶囊剂,和胃止痛，健脾消食。用于慢性胃炎，胃溃疡，十二指肠溃疡等
胃痛散 [剧],散剂,散寒止痛，舒气导滞。用于胸膈胀满，胃寒作痛，倒饱嘈杂，呕吐酸水，不思饮食
胆益宁片,片剂,疏肝止痛，清热利胆。用于急、慢性胆囊炎、胆道感染、胆囊和胆道结石
草豆蔻酊,酊剂,温中化湿，行气止痛，健胃消食。用于食欲不振，胃脘胀痛，恶心呕逆，吞酸嘈杂
轻身减肥片,片剂,轻身减肥，益气健脾，活血化瘀，宽胸去积。用于单纯性肥胖
重感灵片,片剂,解表清热，疏风止痛。用于表邪未解、郁里化热引起的重症感冒，症见恶寒、高热、头痛、四肢酸痛、咽痛、鼻塞、咳嗽等
闽东建曲,茶剂,芳香化湿，疏风解表，消食开胃。用于伤风感冒，夏令中暑，怕冷发热，头痛身痛，呕吐腹泻，消化不良，胸闷腹胀
首乌地黄丸,丸剂,补血滋阴。用于肝肾不足，须发早白
首乌延寿片,片剂,补肝肾，养精血。用于肝肾两亏、精血不足而致的头晕目眩，耳鸣健忘，鬓发早白，腰膝酸软
骨痛灵酊,酊剂,温经散寒，祛风活血，通络止痛。用于骨质增生、风湿性关节炎，类风湿性关节炎之疼痛，关节不利，活动受限，麻木等
鸦胆子油口服乳液,搽剂,抗癌药。用于肺癌，肺癌脑转移，消化道肿瘤及肝癌的辅助治疗剂
健脾养胃颗粒,颗粒剂,健脾消食，止泻利尿。用于胃肠衰弱，消化不良，呕吐便泻，腹胀腹痛，小便不利，面黄肌瘦
振源片,片剂,滋补强壮，延年益寿，抗疲劳，抗应激，抗乏氧。用于头晕，疲劳，早衰与神经衰弱，内分泌失调等
损伤速效止痛气雾剂,气雾剂,消肿止痛，活血化瘀，消炎生肌，舒筋活络。用于跌打损伤，扭拉伤，挫撞伤，擦伤，骨折脱臼疼痛等急性运动创伤
桑菊感冒糖浆,糖浆剂,疏风清热，宣肺止咳。用于风热感冒初起，头痛，咳嗽，口干，咽痛
状元深海龙酒,酒剂,补肾益精。用于肾精亏损，腰膝酸软，倦怠无力，健忘失眠，阳痿早泄
消积化虫糖浆,糖浆剂,消积杀虫。用于小儿脾虚胃弱，消化不良，食积停滞，腹胀肚疼及蛔虫
消痤丸,丸剂,清热解毒。用于痤疮
益心复脉颗粒,颗粒剂,益气养阴，活血复脉。用于气阴两虚，心血内阻，胸痹心痛，胸闷不舒，心悸脉结代
益胃口服液,口服液,理气活血，和胃止痛。用于气滞血瘀，胃失和降，胃痛吞酸，呕恶食少，胃及十二指肠溃疡病及慢性胃炎见上述证候者
脑力静糖浆,糖浆剂,养心安神，和中缓急，补脾益气。用于心气不足引起的神经衰弱，头晕目眩，身体虚弱，失眠健忘，精神忧郁，烦躁及小儿夜不安寐
脑立清片,片剂,平肝潜阳，醒脑安神。用于肝阳上亢引起的头晕目眩，耳鸣口苦，心烦难寐及高血压等症
脑血栓片,片剂,活血化瘀，醒脑通络，潜阳熄风。用于因瘀血、肝阳上亢出现之中风先兆，如肢体麻木、头晕目眩等和脑血栓形成出现的中风不语、口眼歪斜、半身不遂等症。具有预防和治疗作用
脑络通胶囊,胶囊剂,补气活血，通经活络。具有扩张血管，增加脑血流量作用。用于脑血栓、脑动脉硬化、中风后遗症等各种脑血管疾病气虚血瘀证引起的头痛、眩晕、半身不遂、肢体发麻、神疲乏力等症
莲必治注射液,注射剂,清热解毒，抗菌消炎。用于细菌性痢疾，肺炎，急性扁桃体炎
调经益灵片,片剂,调经养血，开郁舒气。用于妇人血虚气滞，腰酸腹痛，月经不调，赤白带下等各种妇科病
顽癣净,搽剂,祛风止痒，保湿杀虫。用于手癣，脚癣，股癣，体癣等各种皮肤癣症
减肥通圣片,片剂,清热燥湿，化痰减肥。用于湿热痰浊内阻之肥胖症
救心丸,丸剂,益气活血，化痰通络。用于痰浊瘀血阻心脉而致的胸痹心痛，胸闷、短气、心悸、怔忡等
救心金丸,丸剂,益气活血，化痰通脉。用于气血痰浊痹阻心脉的胸痹心痛，胸闷，短气，心悸，怔忡等
清心牛黄片,片剂,清心化痰，镇惊祛风。用于神志昏乱，言语不清，痰涎壅盛，头晕目眩，中风不语，半身不遂
清宁丸 (浓缩丸),丸剂,清热泻火，通便。用于咽喉肿痛，口舌生疮，头晕耳鸣，目赤牙痛，腹中胀满，大便秘结
清咳散,散剂,清热解毒，化痰镇咳。用于痰热阻肺而致的急、慢性咽喉炎，上呼吸道炎症引起的痰多咳嗽
清胃黄连片,片剂,清胃泻火，解毒消肿。用于口舌生疮，齿龈、咽喉肿痛
清热丸,丸剂,清热解毒，散瘀凉血，消肿。用于急热惊风，中暑头昏，吐血，衄血，咽喉肿痛，口舌生疮，牙齿疼痛，大便不通，小便赤黄
清热安宫丸,丸剂,清热解毒、镇静。用于内热烦躁不安，头目眩晕，失眠，神昏谵语，癫狂痫症，大便秘结
清感穿心莲片,片剂,清热利咽，止咳化痰。用于风热感冒，咽喉肿痛，支气管炎，扁桃腺炎
绿雪胶囊,胶囊剂,清热解毒，镇惊安神。用于外感时邪引起的高烧神昏，头痛脑胀，咽痛口渴，面赤腮肿，大便燥结，小儿急热惊风
羚羊清肺颗粒,颗粒剂,清肺利咽，除瘟止嗽。用于肺胃热盛，感受时邪，身热头晕，四肢酸懒，咳嗽痰盛，咽喉肿痛，鼻衄咳血，口干舌燥
羚翘解毒颗粒,颗粒剂,疏风清热，解毒。用于风热感冒，恶寒发热，头晕目眩，咳嗽，咽痛，两腮赤肿等症
蛇胆贝母片,片剂,除痰降气。用于风热咳嗽
蛇胆贝母散,散剂,清热化痰，降气止咳。用于痰热咳嗽
银黄胶囊,胶囊剂,清热，解毒。用于急、慢性扁桃体炎，急慢性咽喉炎，上呼吸道感染
银翘解毒丸 (蜜丸),丸剂,辛凉解表，清热解毒。用于风热感冒，发热头痛，咳嗽，口干，咽喉疼痛
喘嗽宁片,片剂,清热平喘，止咳化痰。用于支气管哮喘，喘息型支气管炎，肺气肿，肺心病早期
寒热痹胶囊,胶囊剂,散寒清热，和营定痛。用于肌肉关节疼痛，局部触之发热，但自觉怕冷畏寒，或触之不热，但自觉发热，全身热象不显。风湿和类风湿性关节炎，见上述症状者可应用
溃疡片,片剂,解痉止痛，止血收敛。用于脾胃不和，胃脘胀痛，吞酸嘈杂等症，胃、十二指肠溃疡，胃痉挛而见上症者
滋补水鸭合剂,口服液,益气补血、滋阴壮阳。用于全身无力，失眠多梦，食欲不振和产后病后身体虚弱等症
痢速宁片,片剂,抑菌止泻。用于急慢性痢疾及肠炎
筋骨宁膏,膏剂,活血化瘀，消肿止痛，舒筋活络。用于闭合性骨折及跌打损伤
筋骨草胶囊 (白毛夏枯草胶囊),胶囊剂,清热解毒，止咳，祛痰，平喘。用于急、慢性支气管炎、肺脓肿
紫茶颗粒,颗粒剂,祛痰，止咳。用于寒性咳喘
舒肝益脾颗粒,颗粒剂,清化湿热，舒肝利胆，解毒退黄，健脾和胃。用于湿热阻滞而致的急、慢性肝炎、迁延性肝炎、胆囊炎等病症见脾胃虚弱，体倦乏力，胁腹胀痛，胃纳欠佳者
舒冠通糖浆,糖浆剂,活血化瘀，行血止痛。用于冠心病，心绞痛，胸闷，憋气等症
蛤蚧党参膏,膏剂,健脾胃，补肺肾，补中益气，益精助阳，止咳定喘。用于脾胃虚弱，肺气不足，体倦乏力及虚劳喘咳等症的辅助治疗
跌打伤科酒,酒剂,活血散瘀，消肿止痛。用于跌打损伤，积瘀肿痛，筋骨扭伤
跌打扭伤散,散剂,舒筋活络，消肿止痛。用于各种扭伤、外伤肿痛
感冒清片,片剂,疏风解表，清热解毒。用于风热感冒，发烧，头痛，鼻塞流涕，喷嚏，咽喉肿痛，全身酸痛等症
感冒清胶囊,胶囊剂,疏风解表，清热解毒。用于风热感冒，发烧，头痛，鼻塞流涕，喷嚏，咽喉肿痛，全身酸痛等症
感冒解毒颗粒,颗粒剂,解表散寒，宣肺止咳，清热解毒。用于感冒、头痛发烧，鼻塞流涕，咳嗽咽痛，肢体酸痛等症，亦可作防治流感常备药
源吉林甘和茶,茶剂,疏风清热，解暑消食，生津止渴。用于感冒发热，头痛，骨节疼痛，食滞饱胀，腹痛吐泻
瑞草油,搽剂,祛风辟秽，止痛止痒。用于感冒头痛及其他痛症，舟车颠簸所致的眩晕
痹通药酒,酒剂,温经止痛，活血祛风。用于风湿麻木，腰背冷痛，风湿、类风湿关节炎，坐骨神经痛，骨质增生等
蜂皇胎片,片剂,养血宁神，益肝健脾。用于体虚乏力，神经衰弱，失眠多梦，食少纳呆；亦可用子因放射性引起的白细胞减少
解肌宁嗽片,片剂,解表宣肺，止嗽化痰。用于小儿急性气管炎初期，痰多、咳嗽伴有发烧
颐和春胶囊,胶囊剂,补肾壮阳，健脑强心。用于肾阳虚引起的阳痿、遗精、精冷不孕，腰膝酸软等症
熊胆痔灵膏,膏剂,清热解毒，消肿止痛，敛疮生肌，止痒，止血。用于内外痔，痔漏，肠风下血，直肠炎，肛窦炎及内痔手术止血等
橘半枳术丸,丸剂,健胃消食，利湿化痰。用于脾虚食滞，不思饮食，消化不良，呕吐痰饮
薄荷六一散,散剂,祛暑热，利小便。用于暑热烦渴，小便不利
擦癣药水,酊剂,祛风，解毒，止痒。用于风癣，湿癣，金钱癣，牛皮癣等
二天油,搽剂,驱风兴奋药。用于伤风感冒，舟车晕眩，中暑肚痛
十全大补糖浆,糖浆剂,温补气血。用于气血两虚，面色苍白，气短心悸，头晕自汗，体倦乏力，四肢不温，月经量多
人参再造丸 (蜜丸),丸剂,祛风化痰，活血通络。用于中风口眼歪斜，半身不遂，手足麻木，疼痛，拘挛，言语不清
人参补气胶囊,胶囊剂,大补元气，复脉固脱，补脾益肺，生津，安神。用于体虚欲脱，肢冷脉微，脾虚食少，肺虚喘咳，津伤口渴，内热消渴，久病虚赢，惊悸失眠，阳痿宫冷；心力衰竭，心原性休克
八宝惊风散,散剂,祛风化痰，退热镇惊。用于小儿惊风，发烧咳嗽，呕吐痰涎
八珍益母膏,膏剂,补气血，调月经。用于妇女气血两虚，体弱无力，月经不调
三乌胶,膏剂,祛寒除湿，祛风通络，活血止痛，强筋健骨。用于风寒湿邪、风痰、淤血引起的风湿麻木、骨节肿痛、腰腿疼痛、四肢瘫痪、陈伤劳损、中风偏瘫、口眼歪斜、失语及风湿性关节炎，类风湿性关节炎，风湿性肌炎，骨质增生，坐骨神经痛，肩周炎，创伤性关节炎等
三乌胶丸,丸剂,祛寒除湿，祛风通络，活血止痛，强筋健骨。用于风寒湿邪、风痰、淤血引起的风湿麻木、骨节肿痛、腰腿疼痛、四肢瘫痪、陈伤劳损、中风偏瘫、口眼歪斜、失语及风湿性关节炎，类风湿性关节炎，风湿性肌炎，骨质增生，坐骨神经痛，肩周炎，创伤性关节炎等
久强脑立清 (北京脑立清),丸剂,清热平肝，降逆止痛。用于肝热上升引起：头痛脑胀，眩晕耳鸣，烦躁易怒，失眠多梦，高血压症
小儿七珍片,片剂,平肝熄风，镇惊解抽。用于急慢性惊风，撮口天吊，痰壅中满，夜啼不宁，便青
小儿止泻灵胶囊,胶囊剂,健脾利湿，涩肠止泻。用于脾虚湿盛、肠滑久泻
小儿白贝止咳糖浆,糖浆剂,清热解毒，化痰止咳。用于痰火壅肺，咳痰黄稠或痰中带血，胸胁胀痛，以及火热灼肺，痰阻气道所致咳嗽
小儿启脾丸,丸剂,和胃、健脾、止泻。用于脾胃虚弱，食欲不振，消化不良，腹胀便溏
小儿治哮灵片,片剂,止哮、平喘、镇咳、化痰、强肺、脱敏。用于小儿哮、咳、喘等症，支气管哮喘，哮喘性支气管炎
小儿健脾丸,丸剂,健脾、和胃、化滞。用于小儿脾胃虚弱引起的消化不良，不思饮食，大便溏泻，体弱无力
小儿清热化痰栓,栓剂,清热解毒，化痰止咳。用于痰热内盛，肺气下降引起的咳嗽喘息，痰黄稠粘，便干溲赤，高热惊抽等
小儿脾健灵糖浆,糖浆剂,开胃健脾。用于小儿脾虚胃弱，食欲不振，营养不良，发育迟缓，面色黄等症
小儿解热丸,丸剂,清热化痰，镇惊，息风。用于小儿感冒发烧、痰涎壅盛，高热惊风，项背强直，手足抽动，神昏不醒，呕吐咳嗽
小儿解感片,片剂,清热解表，消炎止咳。用于感冒发烧，头痛鼻塞，咳嗽喷嚏，咽喉肿痛
小儿增食片,片剂,消食导滞，增进食欲。用于小儿厌食、偏食，面黄肌瘦，便干，食积等症
小青龙口服液,口服液,解表化饮，止咳平喘。用于风寒水饮，恶寒发热，无汗，咳痰稀
小青龙糖浆,糖浆剂,解表化痰、止咳平喘。用于外感风寒，内停水饮，发热无汗，喘咳痰稀
川贝止咳糖浆,糖浆剂,宣肺气，散风寒，镇咳祛痰。用于风寒感冒，咳嗽气逆
川贝枇杷露,露剂,止嗽祛痰。用于风热咳嗽，痰多上气或燥咳
川芎茶调口服液,口服液,疏风止痛。用于风邪头痛，或有恶寒、发热、鼻塞
丹参注射液,注射剂,活血化瘀，通脉养心。用于冠心病胸闷，心绞痛
丹溪玉屏风颗粒,颗粒剂,益气，固表，止汗。用于表虚不固，自汗恶风，面色㿠白，或体虚易感风邪者
乌金止痛丸,丸剂,活血化瘀，行气止痛。用于产后瘀血不清，腹痛腰痛，胸胁刺痛
川芎茶调口服液（重录）,口服液,疏风止痛。用于风邪头痛，或有恶寒、发热、鼻塞
云南花粉片,片剂,具有提高免疫机能、增强体力、促进生长发育、提高骨髓造血功能，降低血脂及减轻放射损伤等作用。适用于体弱多病，作滋补药；用于血液病，高脂血症，职业性苯、铅中毒及尘肺等的辅助治疗
五粒回春丸 (五粒回春丹),丹剂,宣肺透表，清热解毒。用于小儿瘟毒引起的头痛高烧，流涕多泪，咳嗽气促，烦躁口渴，麻疹初期，疹出不透
六灵丸,丸剂,清热解毒，消肿利咽。用于咽喉肿痛，单双乳蛾，丹痧疗疮，痈疖肿毒
六味地黄软胶囊,胶囊剂,滋阴补肾。用于肾阴亏损，头晕耳鸣，腰膝酸软，骨蒸潮热，盗汗遗精，消渴
化毒散,散剂,清热化毒，活血消肿。用于小儿蕴积火毒引起：头痛身烧，痈疖疗疮，丹毒疱疹，疹后余毒
升华红黑丸,丸剂,消食导滞，清热解毒。用于食积腹胀，腹痛便秘及湿热泄泻，下痢脓血
天蚕片,片剂,祛风定惊，化痰散结。用于惊风抽搐，咽喉肿痛，淋巴结炎，面神经麻痹，皮肤瘙痒
止血宁片,片剂,止血，消肿，化瘀。用于功能性子宫出血，崩中下血，衄血，咳血，吐血等出血症
止嗽定喘丸 (浓缩丸),丸剂,辛凉宣泄，清肺平喘。用于表寒里热，身热口渴，咳嗽痰盛，喘促气逆，胸膈满闷，急性支气管炎
止嗽定喘丸,丸剂,辛凉宣泄，清肺平喘。用于表寒里热，身热口渴，咳嗽痰盛，喘促气逆，胸膈满闷，急性支气管炎见以上表现者
止嗽定喘片,片剂,辛凉宣泄，清肺平喘。用于表寒里热，身热口渴，咳嗽痰盛，喘促气逆，胸膈满闷，急性支气管炎
止嗽青果片,片剂,清热宣肺，止嗽平喘。用于内伤外感，咳嗽痰喘
牛黄清肺片,片剂,清肺化痰，泻热通便。用于肺热咳嗽，喘促胸满，大便燥结
长白复尔春胶囊,胶囊剂,补肾壮阳。用于肾虚体弱、失眠、健忘
长春烫伤膏,膏剂,消炎，止痛。用于烫伤，烧伤，化学灼伤
风湿安泰片,片剂,舒筋活血，祛风镇痛。用于筋骨麻木，手足拘挛，腰腿疼痛，风湿性关节炎
加味藿香正气丸,丸剂,解表化湿，理气和中。用于外感风寒，内伤湿滞，头痛昏重，胸膈痞闷，脘腹胀痛，呕吐泄泻
四季三黄片,片剂,消炎退热，通便利水。用于口鼻生疮，咽痛齿痛，口干舌燥，目眩头晕，大便秘结，小便赤黄
宁神补心片,片剂,养血安神，滋补肝肾。用于肝肾阴血不足所致的头昏、耳鸣、心悸、健忘、失眠等症
平消片,片剂,活血化瘀，止痛散结，清热解毒，扶正祛邪。对肿瘤具有一定的缓解症状、缩小瘤体、抑制肿瘤生长、提高人体免疫力、延长患者生命的作用
平消胶囊,胶囊剂,活血化瘀，止痛散结，清热解毒，扶正祛邪。对肿瘤具有一定的缓解症状、缩小瘤体、抑制肿瘤生长、提高人体免疫力、延长患者生命的作用
扑感片,片剂,辛温解表，疏散风寒。用于风寒型感冒、流感所引起的头痛身酸、畏寒发热、喷嚏、流涕、咳痰稀白等症
正心降脂片,片剂,益气活血，解毒降浊。用于气虚血瘀，痰火蕴结而致的胸痹心痛、头痛眩晕等症
田七花叶颗粒 (田七花精),颗粒剂,清热，凉血，平肝，潜阳。用于由血热引起的疮疖，由肝热引起的心悸、烦躁、眩晕、头痛、失眠等
白癜风胶囊,胶囊剂,益气行滞，活血解毒，利湿消斑，驱风止痒。用于白癜风
艾迪注射液,注射剂,清热解毒，消瘀散结。用于原发性肝癌，肺癌，直肠癌，恶性淋巴瘤，妇科恶性肿瘤等
关节克痹丸,丸剂,祛风散寒、活络止痛。用于关节炎、四肢酸痛、伸展不利
华佗延寿酒,酒剂,益肺，补肝肾，强筋骨，补虚损。用于身体虚弱，筋骨不健，头昏目暗，腰膝酸软等症
壮阳春口服液,口服液,补肾壮阳，生精益髓。用于中老年男子衰老体弱
壮阳春胶囊,胶囊剂,补肾壮阳，生髓益精。用于中老年男子衰老体弱
壮骨木瓜酒,酒剂,驱风祛湿，通经活络。用于筋脉拘急，骨节疼痛，四肢麻木
妇宁栓,栓剂,清热解毒、燥湿杀虫，去腐生肌，化瘀止痛。用于细菌、病毒、霉菌、滴虫等引起的阴道炎、阴道溃疡、宫颈炎、宫颈糜烂、阴痒、阴蚀、黄白带下、味臭、小腹痛、腰骶痛等
妇宝金丸 (妇宝金丹),丹剂,养血调经，舒郁化滞。用于气虚血寒、肝郁不舒引起的经期不准，行经腹痛，赤白带下，两胁胀痛，倦怠食少
安神胶囊,胶囊剂,补血滋阴，养心安神。用于阴血不足，失眠多梦，心悸不宁，五心烦热，盗汗耳鸣
当归片,片剂,补血活血，调经止痛。用于血虚引起的面色萎黄，眩晕心悸，月经不调，经闭痛经，虚寒腹痛，肠燥便秘
当归寄生注射液,注射剂,舒筋活络，祛风湿，镇痛。用于风湿性关节炎，肥大性脊椎炎，腰膝劳损，腰腿痛，痛经，坐骨神经痛，神经性头痛
全鸡拔毒膏,膏剂,消肿止痛，祛腐生肌。用于痈疽，疔毒恶疮，无名肿痛等症
灯盏花素注射液,注射剂,活血化瘀，通络止痛。用于中风后遗症，冠心病，心绞痛
竹红菌素软膏,膏剂,调节肌体局部组织代谢机能，促进病灶肤色和细胞组织及特性的恢复。用于外阴白色病变，疤痕疙瘩，外阴瘙痒及外阴炎
红花注射液,注射剂,活血化瘀。用于治疗闭塞性脑血管疾病，冠心病，脉管炎
红茴香注射液,注射剂,消肿散瘀，活血止痛。用于腰肌劳损，关节或肌肉韧带伤痛及风湿痛等
红药片,片剂,活血止痛，去瘀生新。用于跌打损伤，瘀血肿痛，风湿麻木
血栓通注射液,注射剂,活血祛瘀，扩张血管，改善血液循环。用于视网膜中央静脉阻塞，脑血管病后遗症，内眼病，眼前房出血等
西瓜霜,散剂,清热泻火，消肿止痛。用于肺胃火热上蒸引起：咽喉红肿，喉痹疼痛，喉结红肿，咽痛乳蛾，口舌生疮，牙龈红肿，水浆不下
阮氏上清丸,丸剂,清热降火，生津止渴。用于咽喉肿痛，牙口疮，津液不足，口干舌燥
阳春胶囊,胶囊剂,补肾壮阳，益精补虚。主治阳痿，早泄及由此引起的头昏耳鸣，腰膝酸软，神疲健忘等症
克痒敏醑,散剂,收敛止痒，消炎解毒。用于急慢性湿疹、荨麻疹，虫咬性皮炎、接触性皮炎等引起的皮肤瘙痒症
克痤隐酮乳膏,膏剂,抑制皮脂腺分泌及痤疮杆菌生长。用于黑头、白头粉刺及脓疮型痤疮
妙灵丸,丸剂,清热化痰，散风镇惊。用于感冒发烧，头痛眩晕，内热咳嗽，呕吐痰涎，鼻干口燥，咽喉肿痛，小便不利
尿毒灵灌肠液,颗粒剂,通腑泄浊，利尿消肿。用于全身浮肿，恶心呕吐，大便不通，无尿少尿，头痛烦躁，舌黄，苔腻，脉实有力，以及各种原因引起的肾功能衰竭，氮质血症及肾性高血压
尿塞通片,片剂,理气活血，通经散结。用于前列腺增生症，尿闭等
抗炎退热片,片剂,清热解毒，消肿散结。用于肺胃热盛所致的咽喉肿痛，疮痈疔痔，红肿热痛诸症
抗衰复春片,片剂,补肾壮阳，滋阴养血。用于肾虚劳损，阳痿早泄，腰膝酸软，四肢无力，神情倦怠，血虚眩晕等症
抗腮腺炎注射液,注射剂,清热解毒，通络。用于流行性腮腺炎，内热外感引起的小儿感冒、发热及伴有风疹、疱疹的小儿感冒
抗癌平丸,丸剂,清热解毒，散瘀止痛。用于热毒瘀血壅滞肠胃而致的胃癌、食道癌、贲门癌、直肠癌等消化道肿瘤
沉香理气丸,丸剂,化滞利气。用于脾胃失和，气郁不舒，食滞腹胀，嗳气吞酸
灵猫香解毒丸,丸剂,清热解毒，消肿止痛。用于喉蛾，咽喉疼痛，烂喉、丹痧，痈肿，疔疮，乳痈，无名肿痛
男春宝胶囊,胶囊剂,疏肝通络，养血荣筋。用于肝气不疏，血不荣筋而致的阳痿
肝炎康复丸,丸剂,清热解毒，利湿化郁。用于急性黄疸型肝炎，迁延性和慢性肝炎等
肝康颗粒,颗粒剂,清肝利湿。用于肝胆湿热所致的黄疸，症见周身、小便俱黄，体疲乏力，纳呆，恶心厌油，苔黄腻，脉弦滑数；及急慢性肝炎，迁延性肝炎及胆囊炎
补金片,片剂,补肾益肺，健脾化痰，止咳平喘。用于肺结核，慢性支气管炎，肺气肿，肺心病缓解期
近视乐眼药水,酊剂,调节视力。用于治疗青少年近视，假性近视和连续近距离使用视力所引起的眼疲劳
连翘败毒丸,丸剂,清热解毒，散风消肿。用于脏腑积热，风热湿毒引起的疮疡初起，红肿疼痛，憎寒发热，风湿疙瘩，遍身刺痒，大便秘结
附子理中液,口服液,温中健脾。用于脾胃虚寒，脘腹冷痛，呕吐泄泻，手足不温
附片液,片剂,回阳救逆，补火助阳，逐风寒湿邪。用于亡阳虚脱，肢冷脉微，阳痿，宫冷，心腹冷痛，虚寒吐泻，阴寒水肿，阳虚外感，寒湿痹痛
京制牛黄解毒片,片剂,清热解毒，散风止痛。用于肺胃蕴热引起：头目眩晕，口鼻生疮，风火牙痛，暴发火眼，咽喉疼痛，腮红肿，耳鸣肿痛，大便秘结，皮肤刺痒
净石灵胶囊,胶囊剂,补肾、利尿、排石。用于治疗肾结石、输尿管结石、膀胱结石以及由结石引起的肾盂积水、尿路感染等
刺五加糖浆,糖浆剂,益气健脾，补肾安神。用于脾肾阳虚，体虚乏力，食欲不振，腰膝酸软，失眠多梦
参术止带糖浆,糖浆剂,补中健脾，疏肝解郁，化湿止带。用于脾虚湿盛，肝气郁结之带下症
参芪二仙片,片剂,补肾填精，调补冲任，益气养血。用于肾虚腰膝酸软，阳痿早泄，遗精，妇女更年期经血不调等症
参芪乌鸡养血膏,膏剂,补气养血。用于病后体虚，气血两亏，身倦乏力
参苓白术片,片剂,健脾，止泻。用于脾胃虚弱，不思饮食，或吐或泻，形瘦疲乏，面色萎黄
参苓白术颗粒,颗粒剂,补脾胃，益肺气。用于脾胃虚弱，食少便溏，气短咳嗽，肢倦乏力
参茸三七酒,酒剂,益气补血，养心安神。用于气血不足，病后虚弱，阳痿遗精，失眠健忘
参茸片,片剂,补气血，益心肾。用于体虚神怯，心悸气短，腰膝酸软，阳痿遗精
参茸壮骨丸 [剧],丸剂,强筋壮骨，祛风散寒，除湿止痛。用于肝肾不足，风寒痹阻，筋骨萎软，腰膝冷痛，手足麻木，骨节肿痛
参茸固本片,片剂,滋阴补肾，生精壮阳。用于肾虚腰痛，失眠健忘，生殖功能减退，阳痿遗精，老年痴呆等症
固元片,片剂,免疫调节剂。用于癌症的化疗或放疗所引起的免疫功能和造血功能障碍
坤净栓,栓剂,清热燥湿，去腐生肌。用于湿热下注之阴道炎、宫颈糜烂、宫颈炎等
定风止痛胶囊,胶囊剂,祛风化痰，行瘀散结，消肿定痛。用于风痰瘀血阻络引起的关节肿胀疼痛、筋脉拘挛、屈伸不利，及破伤风的辅助治疗
定风止痛胶囊,胶囊剂,祛风化痰，行瘀散结，消肿定痛。用于风痰瘀血阻络引起的关节肿胀疼痛、筋脉拘挛、屈伸不利，及破伤风的辅助治疗
拨云复光散,散剂,明目退翳，解毒散结，消肿止痛。用于暴发火眼，目赤肿痛，眼刺痛，目痒流泪，翼状胬肉；牙龈肿痛，喉舌红肿
拨云眼膏,膏剂,明目退翳，解毒散结，消肿止痛。用于暴发火眼，目赤肿痛，眼刺痛，目痒流泪，翼状胬肉；无名肿痛，红肿疮痒
拨云锭,丹剂,明目退翳，解毒散结，消肿止痛。用于暴发火眼，目赤肿痛，痧眼刺痛，目痒流泪，翼状胬肉；牙龈肿痛，喉舌红肿，无名肿痛
板蓝根注射液,注射剂,清热解毒，凉血利咽，消肿。用于扁桃腺炎、腮腺炎、咽喉肿痛、防治传染性肝炎、小儿麻疹等
治咳枇杷露,露剂,清肺热、止咳、祛痰。用于风热侵肺引起的口干作渴，咳逆痰多及支气管炎咳嗽，兼治儿童伤风呃逆，咳嗽痰盛
治偏痛颗粒,颗粒剂,行气、活血、止痛。用于血管性头痛和偏头痛
泻痢保童丸,丸剂,健脾化湿，温中止泻。用于小儿脾胃虚弱引起的久泻久病，腹中作痛，饮食少进，精神疲倦
炎立消胶囊,胶囊剂,清热解毒，消炎。用于属于热证的细菌性痢疾、急性扁桃体炎、急慢性支气管炎、急性肠胃炎、急性乳腺炎等感染性疾病
罗汉果止咳糖浆,糖浆剂,祛痰止咳。用于感冒咳嗽及支气管炎
罗浮山风湿膏药,膏剂,驱风除湿，消肿止痛。用于风湿性关节炎，类风湿性关节炎，坐骨神经痛，外伤肿痛
罗浮山百草油,搽剂,祛风解毒，消肿止痛。用于感冒头痛，虫蚊咬伤，无名肿毒，舟车眩晕
肥儿散,散剂,健脾，消食，化积。用于脾胃不和引起的脾虚泄泻，消化不良，面黄饥瘦，疳积腹胀
贯防感冒片,片剂,祛风，解毒，止痛。用于感冒初起，发热恶寒，鼻塞流涕
金不换膏,膏剂,祛风散寒，活血止痛。用于风寒湿邪，闭阻经络引起的肢体麻木，腰腿疼痛，寒疝偏坠，跌打损伤，闪腰岔气
金牛眼药 (散),散剂,清热，退翳，明目。用于暴发火眼，眼眩赤烂，砂眼，迎风流泪及宿翳等外障眼病
金匮肾气丸,丸剂,温补肾阳，化气行水。用于肾虚水肿，腰膝酸软，小便不利，畏寒肢冷
降压避风片,片剂,清热平肝，用于肝胆火盛而致的头痛眩晕诸症，原发性高血压而见此症者
降浊健美茶,茶剂,消积导滞，利湿降浊，活血祛瘀。用于湿浊瘀阻，消化不良，身体肥胖，疲劳神倦
养阴清肺合剂,口服液,养阴润燥，清肺利咽。用于阴虚肺燥，咽喉干痛，干咳少痰，或痰中带血
养荣祛斑膏,膏剂,消斑润肤。用于面部黄褐斑、轻度雀斑、过敏性刺痒的辅助治疗
咳喘宁颗粒,颗粒剂,止咳化痰。用于伤风咳嗽，急、慢性支气管炎
咳喘停膏,膏剂,止咳理气、平喘。用于伤风感冒，咳嗽，气喘
咳嗽糖浆,糖浆剂,止咳祛痰。用于咳嗽多痰，支气管炎等症
复方大青叶注射液,注射剂,清瘟解毒。用于乙型脑炎，急、慢性肝炎，流行性感冒，腮腺炎
复方小活络丸,丸剂,舒筋活络，散风止痛。用于风寒湿邪引起的风寒湿痹，肢节疼痛，麻木拘挛，半身不遂，行步艰难
复方乌鸡酒,酒剂,补脾益肾，和血调经。用于脾肾两虚，月经不调，产后血虚诸症
复方当归注射液,注射剂,活血通经，祛瘀止痛。用于痛经，经闭，跌扑损伤，风湿痹痛等
复方枣仁胶囊,胶囊剂,养心安神。用于心神不安，失眠，多梦，惊悸
复方香薷水,酊剂,解表化湿，醒脾和胃。用于外感风寒，内伤暑湿，寒热头痛，脘腹痞满胀痛，恶心欲吐，肠鸣腹泻
复方益母草膏 (安坤益母草膏),膏剂,调经养血，化瘀生新。用于血瘀气滞引起的月经不调，行经腹痛，量少色暗，午后作烧，产后瘀血不净
复方莪术油软胶囊,胶囊剂,行气破瘀，消积止痛。用于气滞血瘀，饮食积滞所致之胃脘疼痛，食欲不振，嘈杂饱胀
复方铁苋止血粉 (杭州止血粉),散剂,凉血，收涩，止血。用于血热妄行引起的多种出血及外伤或术后出血
复方曼陀罗药水,酊剂,温中散寒止痛。用于脘腹冷痛，寒痹刺痛，跌打伤痛
复方鹿茸酒,酒剂,补肾壮阳，益气润肺。用于腰膝痿软，心悸气短，肺虚咳嗽，脾虚腹泻
复方蛤青注射液,注射剂,补气敛肺，止咳平喘，温化痰饮。用于肺虚咳嗽，气喘痰多，老年慢性气管炎、肺气肿、喘息性支气管炎更宜。对反复感冒者有预防作用
复方满山红胶囊,胶囊剂,止咳，祛痰。用于急慢性气管炎、咳嗽
复方蒲公英注射液,注射剂,清热解毒，疏风止咳。用于风热感冒，肺热咳嗽
复方藿香片,片剂,解表和中，燥湿化浊。用于感冒畏风寒，头痛胀重，体倦肢酸，脘腹不舒
复肾宁片,片剂,清利湿热，益肾化瘀。用于湿热下注引起的急慢性尿路感染，急、慢性膀胱炎以及急、慢性肾盂肾炎等症见尿频、尿急、尿痛、腰痛等
宫炎康颗粒,颗粒剂,活血化瘀，解毒消肿。用于慢性盆腔炎
柔肝顺气丸,丸剂,疏肝理气，化瘀止疼，清热利胆。用于气滞血瘀引起的急慢性肝炎和迁延性肝炎
活血壮筋丸,丸剂,祛风活血，强腰壮筋。用于筋骨疼痛，周身麻木，半身不遂，口歪眼斜
活血理伤丸,丸剂,活血，化瘀。用于跌打损伤，肿胀疼痛
珍菊降压片,片剂,降压。用于高血压症
盆炎清栓,栓剂,清热解毒，活血通经，消肿止痛。用于毒瘀蕴结胞宫，少腹胀痛，月经不调，痛经，白带过多；盆腔炎、附件炎见上述证候者
祛风膏,膏剂,破瘀止痛，化积消胀，追风散寒，舒筋活血。用于筋骨酸痛，四肢麻木，腰背疼痛，筋骨拘挛，肚腹寒痛，胃脘胀痛，积瘀寒块，水泻寒痢
神曲胃痛胶囊,胶囊剂,止痛生肌，理气，健脾消食。用于胃酸过多，胃痛，食欲不振，消化不良
神康宁丸,丸剂,滋阴养血，平肝安神。用于血虚肝旺，失眠心悸，夜寐多梦，烦躁易怒，眩晕耳鸣，神经衰弱属上述证候者
秋泻灵合剂,口服液,理气化湿，健脾止泻。用于治疗小儿脾虚湿困及消化不良引起的腹泻
穿心莲胶囊,胶囊剂,清热解毒，凉血，消肿。用于感冒发热，咽喉肿痛，口舌生疮，顿咳劳嗽，泄泻痢疾，热淋涩痛，痈肿疮疡，毒蛇咬伤
胃太平胶囊,胶囊剂,健脾制酸，理气化瘀，止血止痛。用于脾胃虚弱，气血瘀滞所致胃脘疼痛，嘈杂泛酸，大便潜血，倦怠乏力。胃及十二指肠溃疡见以上证候者
胃疡宁丸,丸剂,温中散寒，理气止痛，制酸止血。用于胃脘胀痛或刺痛，呕吐泛酸，胃及十二指肠溃疡属于寒凝气滞血瘀者
胃痛平胶囊,胶囊剂,缓急止痛。用于慢性胃炎，胃溃疡，十二指肠溃疡及胃肠痉挛引起的疼痛
茸血补脑液,口服液,健脑安神，生精补髓，强筋壮骨，大补元气。用于神经衰弱，失眠健忘，心跳气短，阳痿早泄
追风膏,膏剂,追风散寒，舒筋活血。用于受风受寒，筋骨疼痛，四肢麻木，腰酸腿软，手足拘挛，肩背疼痛，行步艰难
退热解毒注射液,注射剂,清热解毒。用于病毒性感染，原因不明的高烧，急慢性炎症，尤其适用对抗生素有耐药性或过敏的患者
香砂养胃口服液,口服液,温中行气，健脾和胃。用于脾胃虚弱，消化不良，胃脘胀痛，呕吐酸水，不思饮食
香砂养胃软胶囊,胶囊剂,温中，和胃。用于不思饮食，呕吐酸水，胃脘满闷，四肢倦怠
骨刺消痛胶囊,胶囊剂,祛风止痛。用于骨质增生，风湿性关节炎，风湿痛
骨质宁搽剂,搽剂,活血化瘀、消肿止痛。用于骨质增生引起的功能性障碍、软组织损伤及各种肿胀、酸胀、麻木疼痛等
骨健灵膏,膏剂,活血化瘀，消肿止痛。用于骨质增生引起的功能性障碍，软组织损伤及大骨节病引起的肿胀疼痛
骨痨敌注射液,注射剂,益气养血，补肾壮骨，活血化瘀。用于骨关节结核，淋巴结核，肺结核等各种结核病以及瘤型麻风病等症
健儿止泻颗粒,颗粒剂,固脾止泻，调整肠功能紊乱，促进小肠吸收，并具有营养作用。用于婴幼儿迁延性腹泻，适用于小儿伤于乳食，寒温失调，肠炎后不愈，肠道正常菌群失调及营养不良的患儿
健肝灵胶囊,胶囊剂,益气健脾，活血化瘀；具有降低谷丙转氨酶的作用。用于急性、迁延性、慢性肝炎
凉血祛风糖浆,糖浆剂,清热解毒，凉血祛风。用于荨麻疹、湿疹、药物性皮炎、牛皮癣等病见血热风盛证候者
哮喘片,片剂,止咳定喘。用于咳嗽，哮喘
射干抗病毒注射液,注射剂,抗病毒及抗菌消炎药，也可与其他药物配合使用治疗流行性出血热早期病症
息喘丸,丸剂,益气养阴，清肺平喘，止咳化痰。用于气阴不足，痰热阻肺，喘息气短，吐痰黄粘，咽干口渴；慢性支气管炎，早期肺气肿见上述证候者
桑姜感冒注射液,注射剂,散风清热，祛痰止咳。用于感冒，咳嗽，头痛，咽喉肿痛
消食健脾丸,丸剂,健脾消食，除湿止泻。用于脾胃虚弱，消化不良，气虚湿滞，食积腹泻
消积化虫胶囊,胶囊剂,消积杀虫。用于小儿脾虚胃弱，消化不良，食积停滞，腹胀肚疼及蛔虫
消积顺气丸,丸剂,开胸顺气，消积导滞。用于饮食不节，积滞内停，气郁不舒所致的胸腹痞满胀痛，胃脘疼痛，呕吐恶心，以及赤白痢疾
消痔灵片,片剂,收敛止血，解毒敛疮。用于内外痔疮
消癌平片,片剂,抗癌，消炎，平喘。用于食道癌、胃癌、肺癌，对大肠癌、宫颈癌、白血病等多种恶性肿瘤，亦有一定疗效，亦可配合放疗、化疗及手术后治疗，并用于治疗慢性气管炎和支气管哮喘
消癌平糖浆,糖浆剂,抗癌，消炎，平喘。用于食道癌、胃癌、肺癌、肝癌。对恶性淋巴癌、大肠癌、宫颈癌、白血病等恶性肿瘤亦有疗效。并可配合放疗、化疗和手术后治疗。并用于慢性气管炎、支气管哮喘
消糜栓,栓剂,清热解毒，燥湿杀虫，祛腐生肌。适用于子宫颈糜烂，滴虫性阴道炎，霉菌性阴道炎，非特异性阴道炎及支原体感染，淋病双球菌感染等病症
润喉药茶,茶剂,宣肺降气、润喉，通便、生津利咽、清音亮嗓、健脾益肾、提精神。用于咽干、咽痛、异物症、声音不利等
热可平注射液,注射剂,解热。用于一般高烧和流感及其他病毒性疾患引起的高热，亦可用于痢疾引起的发热
热毒平颗粒,颗粒剂,清热解毒。用于治疗流感，上呼吸道感染及各种发热疾病
珠贝定喘丸,丸剂,理气化痰，镇咳平喘，补气温肾。用于治疗支气管哮喘、慢性支气管炎等久病喘咳，痰涎壅盛等症
益气养血口服液,口服液,益气养血。用于身体虚弱，气短心悸，面色不华
益肾养元合剂,口服液,补益肝肾，健脾益气，涩精止遗。用于肝肾不足，脾气虚弱，面色萎黄，倦怠纳差，腰膝酸痛，遗精梦泄
脑心舒口服液,口服液,滋补强壮，镇静安神。用于身体虚弱，心神不安，失眠多梦，神经衰弱，头痛眩晕，属上述证候者
莫家清宁丸,丸剂,清理胃肠，泻热润便。用于饮食停滞，腹肋膨胀，头昏耳鸣，口燥舌干，咽喉不利，两目红赤，牙齿疼痛，大便秘结，小便赤黄
莲芝消炎片,片剂,清热解毒，凉血消肿。用于肺胃有热、火毒内盛引起的咳嗽气喘、痄腮、乳蛾、喉痹咽痛
通便消痤胶囊,胶囊剂,益气活血，通便排毒。用于气虚血瘀，热毒内盛，便秘、痤疮、颜面色斑，高脂血症
通络生乳糖浆,糖浆剂,通经活络下乳。用于气血不足，经络不通，奶汁灰白稀薄
通脉口服液,口服液,活血通脉。用于缺血性心脑血管疾病，动脉硬化，脑血栓，脑缺血，冠心病，心绞痛
速克感冒片,片剂,清热解毒，疏风止痛。用于外感风热、风温时毒所致流行性感冒、上呼吸道感染等症
速克感冒胶囊,胶囊剂,清热解毒。用于流行性感冒、上呼吸道感染等症
速感宁胶囊,胶囊剂,清热解毒，消炎止痛。适用于风热感冒，流行性感冒及上呼吸道感染引起的头痛身痛，鼻塞流涕，咳嗽痰黄，咽喉肿痛，齿龈肿痛等病症
速感宁胶囊,胶囊剂,清热解毒，消炎止痛。适用于风热感冒，流行性感冒及上呼吸道感染引起的头痛身痛，鼻塞流涕，咳嗽痰黄，咽喉肿痛，齿龈肿痛等病症
康妇软膏,膏剂,祛风燥湿，止痒杀虫，防腐生肌。用于外阴炎、外阴溃疡、阴道炎等引起的外阴或阴道充血，肿胀，灼热，疼痛，分泌物增多或局部溃疡、糜烂、瘙痒等
康复春口服液,口服液,益气固表，养心安神，健脾和胃。用于心脾俱虚，饮食少思，腹胀腹满，少气乏力，心慌心悸，精神倦怠，失眠。本品对冠心病引起的胸闷心痛，气短多汗，左心室收缩功能减退，以及对高脂血症，急性和慢性活动性肝炎引起的谷 - 丙转氨酶升高均有辅助治疗作用
康媛颗粒,颗粒剂,疏肝解郁，理气止痛，养血调经。用于经前期紧张综合症及原发性痛经，经前乳房胀痛，经来小腹疼痛
排石利胆颗粒,颗粒剂,舒肝理气，利胆排石。用于胆囊炎，胆石症
梁财信跌打丸,丸剂,活血散瘀，消肿止痛。用于轻微跌打损伤，积瘀肿痛，筋骨扭伤
清肺止咳散,散剂,清肺止咳。用于感冒咳嗽，小儿百日咳，支气管炎等
清肺抑火膏,膏剂,清肺止咳，降火生津。用于肺热咳嗽，痰涎壅盛，咽喉肿痛，口鼻生疮，牙齿疼痛，牙根出血，大便干燥，小便赤黄
清咽解毒散,散剂,清热解毒，消炎利咽。用于喉痹乳蛾，口舌生疮，牙龈肿痛
清热定惊散,散剂,定惊清热，祛风除痰。用于小儿惊风，痰涎壅盛，咳嗽气喘，食滞呕吐，腹痛泄泻
清热散结片,片剂,消炎解毒，散结止痛。用于急性结膜炎，急性咽喉炎，急性扁桃腺炎，急性肠炎，急性菌痢，上呼吸道炎，急性支气管炎，淋巴结炎，疮疖疼痛，中耳炎，皮炎湿疹
清热解毒片,片剂,清热解毒。用于治疗流感，上呼吸道感染及各种发热性疾病
痔舒适洗液,口服液,清热燥湿，化瘀解毒，止血消肿，止痛止痒。用于痔疮急性发作
盘龙七片,片剂,活血化瘀，祛风除湿，消肿止痛。用于风湿性关节炎，腰肌劳损，骨折及软组织损伤
盘龙七药酒,酒剂,活血化瘀，祛风除湿，消肿止痛。用于风湿性关节炎，跌打损伤，腰肌劳损，软组织损伤
维 C 银翘片,片剂,辛凉解表，清热解毒。用于流行性感冒引起的发热头痛、咳嗽、口干、咽喉疼痛
羚羊清肺散,散剂,清热泻火，凉血解毒，化痰息风。用于温热病，高热神昏，烦躁口渴，痉厥抽搐及小儿肺热咳嗽
羚翘解毒片,片剂,辛凉解表，清热解毒。用于外感温邪或风热引起的畏风发热、四肢酸懒、头痛鼻塞、咳嗽咽痛
野木瓜注射液,注射剂,祛风止痛，舒筋活络。用于风邪阻络型三叉神经痛、坐骨神经痛
银翘合剂,口服液,辛凉解表，清热解毒。用于风热感冒，发热头痛，咳嗽口干，咽喉疼痛
雪上一枝蒿总碱注射液,注射剂,祛风，抗炎，镇痛。用于风湿疼痛，关节炎，跌打损伤
雪梨蜜膏,膏剂,润肺止咳，利咽润肠。用于肺燥干咳，咽干声嘶，肠燥便秘等症
雪哈大补素片,片剂,益气敛阳，安神镇静。用于神经衰弱，肾虚咳嗽，身体虚弱
鹿茸胶,膏剂,益肾填精。用于肾阳虚衰，精血不足引起：腰膝酸软，阳痿早泄，妇女宫寒带下，不孕
麻杏止咳糖浆,糖浆剂,镇咳，祛痰，平喘。用于急、慢性支气管炎及喘息等
黄石感冒片,片剂,清热解毒，止咳化痰。用于感冒，咽喉炎，扁桃体炎，支气管炎
喉舒口含片,片剂,清热解毒，润肺利咽。用于咽喉肿痛，咽痒，咽干咳等症
喉舒宁片,片剂,清热解毒，散结止痛。用于急、慢性咽喉炎，急性扁桃体炎，声带息肉，声带小结，并可用于头颈部癌肿在放射治疗期间所引起的各种炎症及癌肿的辅助治疗
强力定眩片,片剂,未明确
强力脑心康口服液,口服液,改善循环，活血化瘀，安神宁心，用于冠心病，心绞痛，头疼眩晕，神经衰弱
强力康颗粒,颗粒剂,扶正固本，滋补强壮。用于各种肿瘤放、化疗期、急慢性肝炎，白细胞低下及慢性病患者
强肝丸 (浓缩水蜜丸),丸剂,补脾养血，益气解郁，利湿清热。用于气血不足的肝郁，脾虚肾虚性慢性肝炎
强身壮骨酒,酒剂,滋补健身，强壮筋骨，舒筋活络，追风祛湿。用于风寒湿痹，手足麻木，筋骨疼痛，腰膝无力
御制平安丸,丸剂,温中和胃，行气止痛，降逆止呕，消食导滞。用于晕车晕船，恶心呕吐，肠胃不和，胸膈痞满，腐厌食，脘腹胀痛，大便溏泻等症
散风活络丸 (浓缩丸),散剂,舒筋活络，祛风除湿。用于风寒湿痹引起的中风瘫痪，口眼歪斜，半身不遂，腰腿疼痛，手足麻木，筋脉拘挛，行步艰难
散痛舒片,片剂,祛风除湿，活血止痛。用于风湿瘀阻，关节肌肉痹痛及跌打损伤，瘀血肿痛
滋肾健脑颗粒,颗粒剂,补气养血，填精益髓。用于健忘症，神经衰弱，腰膝酸软，神疲乏力
葛洪脚气水,酊剂,除湿杀虫。用于湿毒蕴结而致的足癣、手癣及霉菌引起的其他皮肤病
跌打红药片,片剂,活血止痛，去瘀生新。用于跌打损伤，筋骨瘀血肿痛，风湿麻木
跌伤灵贴膏,膏剂,活血止痛，去瘀生新。用于各类闭合性运动创伤，如肌肉、韧带、关节损伤
阑尾灵颗粒,颗粒剂,清热解毒，泻下通便，破瘀散结，理气止痛。用于急性单纯性阑尾炎 (瘀滞型)、急性化脓性阑尾炎早期 (蕴热型)
微达康口服液,口服液,扶正固本，补肾安神。用于微波及肿瘤放疗、化疗及射线损伤引起的白细胞、血小板减少，免疫功能降低、体虚乏力、失眠多梦，食欲不振等症
微达康膏,膏剂,扶正固本，补肾安神。用于微波及肿瘤放疗、化疗及射线损伤引起的白细胞、血小板减少，免疫功能降低、体虚乏力、失眠多梦，食欲不振等症
微达康颗粒,颗粒剂,扶正固本，补肾安神。用于微波及肿瘤放疗、化疗及射线损伤引起的白细胞、血小板减少，免疫功能降低、体虚乏力、失眠多梦，食欲不振等
愈肝龙糖浆,糖浆剂,清肝利湿。用于急慢性肝炎、初期肝硬化、水肿
愈渊丸,丸剂,清肺泻火，消肿止痛。用于肺热鼻塞，不闻香臭，鼻孔红肿，咽喉肿痛
痰咳净片,片剂,通窍顺气，消炎镇咳，促进排痰。用于急慢性支气管炎、胸闷、咽喉炎、肺气肿等引起的咳嗽多痰、气促、气喘等症
痰咳净散,散剂,通窍顺气，消炎镇咳，促进排痰。用于急慢性支气管炎、咽喉炎、肺气肿等引起的咳嗽多痰、气促、气喘等症
腰痛丸,丸剂,强腰补肾，活血止痛。用于肾虚腰痛，腰肌劳损
蜈蚣追风膏,膏剂,拔毒生肌，消肿止痛。用于毒疮恶疮，疽发背，鼠疮瘰疬，乳痈乳炎
解毒消炎红药膏,膏剂,清热解毒，活血排脓，敛疮止痛。用于火毒壅盛，热疖疮毒，红肿热痛，脓成未溃及溃后不敛者
醒脑牛黄清心片,片剂,镇惊安神，化痰熄风。用于心血不足，虚火上升引起的头目眩晕，胸中郁热、惊恐虚烦、痰涎壅盛、高血压症
藤黄健骨丸,丸剂,补肾，活血，止痛。用于肥大性脊椎炎，颈椎病，跟骨刺，增生性关节炎，大骨节病
藿胆片,片剂,芳香化浊，通鼻窍，去肝胆之火；有消除或减轻脓涕、鼻塞和头痛的功效。用于鼻窦炎、鼻炎
藿香祛暑水,酊剂,祛暑化湿，解表和中。用于内蕴湿滞、受暑感寒引起的恶寒发热、头痛无汗、四肢酸懒、恶心呕吐、腹痛腹泻
藿香祛暑软胶囊,胶囊剂,祛暑化湿，解表和中。用于内蕴湿滞、受暑感寒引起的恶寒发热、头痛无汗、四肢酸懒、恶心呕吐、腹痛腹泻
麝香海马追风膏,膏剂,驱风散寒，活血止痛。用于风寒麻木，腰腿疼痛，四肢不仁，积聚疝气
蠲痹抗生丸,丸剂,补骨、活血、止痛。用于肥大性脊椎炎、颈椎病、跟骨刺，增生性关节炎，大骨节病
